,datetime,instrument,score,exp_name,rid,weight,real_label,error,abs_error
0,2026-05-27,SH600000,-0.0009588903026050907,EXP_CatBoostModel_Alpha158_csi300_custom_step0_s_20260527_18,a5557997913f4b759fa3a5f5af7c2c33,0.044,,,
1,2026-05-27,SZ300803,0.09158638040322771,EXP_DEnsembleModel_Alpha158_csi300_custom_step0_s_20260527_16,ccc5bea9848148a2a6bdc428a2e5c38f,0.028,,,
2,2026-05-27,SZ300832,0.05064881228353413,EXP_DEnsembleModel_Alpha158_csi300_custom_step0_s_20260527_16,ccc5bea9848148a2a6bdc428a2e5c38f,0.028,,,
3,2026-05-27,SZ300866,0.16739469919747202,EXP_DEnsembleModel_Alpha158_csi300_custom_step0_s_20260527_16,ccc5bea9848148a2a6bdc428a2e5c38f,0.028,,,
4,2026-05-27,SZ300896,0.08749401223142506,EXP_DEnsembleModel_Alpha158_csi300_custom_step0_s_20260527_16,ccc5bea9848148a2a6bdc428a2e5c38f,0.028,,,
5,2026-05-27,SZ300979,0.09806205915402298,EXP_DEnsembleModel_Alpha158_csi300_custom_step0_s_20260527_16,ccc5bea9848148a2a6bdc428a2e5c38f,0.028,,,
6,2026-05-27,SZ300999,-0.011537760411726139,EXP_DEnsembleModel_Alpha158_csi300_custom_step0_s_20260527_16,ccc5bea9848148a2a6bdc428a2e5c38f,0.028,,,
7,2026-05-27,SZ301236,0.15678240717030656,EXP_DEnsembleModel_Alpha158_csi300_custom_step0_s_20260527_16,ccc5bea9848148a2a6bdc428a2e5c38f,0.028,,,
8,2026-05-27,SZ301269,-0.22319164962019947,EXP_DEnsembleModel_Alpha158_csi300_custom_step0_s_20260527_16,ccc5bea9848148a2a6bdc428a2e5c38f,0.028,,,
9,2026-05-27,SZ302132,0.022369390018957918,EXP_DEnsembleModel_Alpha158_csi300_custom_step0_s_20260527_16,ccc5bea9848148a2a6bdc428a2e5c38f,0.028,,,
10,2026-05-27,SH600000,-0.008547467179596424,EXP_LinearModel_Alpha158_csi300_custom_step0_s_20260527_16,70357decab974f77b3a18272159e814f,0.091,,,
11,2026-05-27,SH600009,-0.037470296025276184,EXP_LinearModel_Alpha158_csi300_custom_step0_s_20260527_16,70357decab974f77b3a18272159e814f,0.091,,,
12,2026-05-27,SH600010,-0.019275376573204994,EXP_LinearModel_Alpha158_csi300_custom_step0_s_20260527_16,70357decab974f77b3a18272159e814f,0.091,,,
13,2026-05-27,SH600011,0.06457876414060593,EXP_LinearModel_Alpha158_csi300_custom_step0_s_20260527_16,70357decab974f77b3a18272159e814f,0.091,,,
14,2026-05-27,SH600015,-0.0037445048801600933,EXP_LinearModel_Alpha158_csi300_custom_step0_s_20260527_16,70357decab974f77b3a18272159e814f,0.091,,,
15,2026-05-27,SH600016,0.040057312697172165,EXP_LinearModel_Alpha158_csi300_custom_step0_s_20260527_16,70357decab974f77b3a18272159e814f,0.091,,,
16,2026-05-27,SH600018,0.09130042046308517,EXP_LinearModel_Alpha158_csi300_custom_step0_s_20260527_16,70357decab974f77b3a18272159e814f,0.091,,,
17,2026-05-27,SH600019,0.014057079330086708,EXP_LinearModel_Alpha158_csi300_custom_step0_s_20260527_16,70357decab974f77b3a18272159e814f,0.091,,,
18,2026-05-27,SH600066,0.037932705134153366,EXP_LinearModel_Alpha158_csi300_custom_step0_s_20260527_16,70357decab974f77b3a18272159e814f,0.091,,,
19,2026-05-27,SH600061,-0.02398841641843319,EXP_LinearModel_Alpha158_csi300_custom_step0_s_20260527_16,70357decab974f77b3a18272159e814f,0.091,,,
20,2026-05-27,SH600050,0.024243416264653206,EXP_LinearModel_Alpha158_csi300_custom_step0_s_20260527_16,70357decab974f77b3a18272159e814f,0.091,,,
21,2026-05-27,SH600048,-0.007082443684339523,EXP_LinearModel_Alpha158_csi300_custom_step0_s_20260527_16,70357decab974f77b3a18272159e814f,0.091,,,
22,2026-05-27,SH600039,0.012916382402181625,EXP_LinearModel_Alpha158_csi300_custom_step0_s_20260527_16,70357decab974f77b3a18272159e814f,0.091,,,
23,2026-05-27,SH600036,-0.04417712241411209,EXP_LinearModel_Alpha158_csi300_custom_step0_s_20260527_16,70357decab974f77b3a18272159e814f,0.091,,,
24,2026-05-27,SZ300782,0.27480423756449984,EXP_DEnsembleModel_Alpha158_csi300_custom_step0_s_20260527_16,ccc5bea9848148a2a6bdc428a2e5c38f,0.028,,,
25,2026-05-27,SH600031,-0.011153598316013813,EXP_LinearModel_Alpha158_csi300_custom_step0_s_20260527_16,70357decab974f77b3a18272159e814f,0.091,,,
26,2026-05-27,SH600029,-0.06754037737846375,EXP_LinearModel_Alpha158_csi300_custom_step0_s_20260527_16,70357decab974f77b3a18272159e814f,0.091,,,
27,2026-05-27,SH600028,-0.05084290727972984,EXP_LinearModel_Alpha158_csi300_custom_step0_s_20260527_16,70357decab974f77b3a18272159e814f,0.091,,,
28,2026-05-27,SH600027,0.02932416833937168,EXP_LinearModel_Alpha158_csi300_custom_step0_s_20260527_16,70357decab974f77b3a18272159e814f,0.091,,,
29,2026-05-27,SH600026,0.06007850915193558,EXP_LinearModel_Alpha158_csi300_custom_step0_s_20260527_16,70357decab974f77b3a18272159e814f,0.091,,,
30,2026-05-27,SH600025,-0.0006307577714323997,EXP_LinearModel_Alpha158_csi300_custom_step0_s_20260527_16,70357decab974f77b3a18272159e814f,0.091,,,
31,2026-05-27,SH600023,-0.044009286910295486,EXP_LinearModel_Alpha158_csi300_custom_step0_s_20260527_16,70357decab974f77b3a18272159e814f,0.091,,,
32,2026-05-27,SH600030,-0.07186218351125717,EXP_LinearModel_Alpha158_csi300_custom_step0_s_20260527_16,70357decab974f77b3a18272159e814f,0.091,,,
33,2026-05-27,SH600085,-0.005149545148015022,EXP_LinearModel_Alpha158_csi300_custom_step0_s_20260527_16,70357decab974f77b3a18272159e814f,0.091,,,
34,2026-05-27,SZ300760,-0.02726247441699662,EXP_DEnsembleModel_Alpha158_csi300_custom_step0_s_20260527_16,ccc5bea9848148a2a6bdc428a2e5c38f,0.028,,,
35,2026-05-27,SZ300750,0.11071909962003805,EXP_DEnsembleModel_Alpha158_csi300_custom_step0_s_20260527_16,ccc5bea9848148a2a6bdc428a2e5c38f,0.028,,,
36,2026-05-27,SZ002625,0.045881723510466564,EXP_DEnsembleModel_Alpha158_csi300_custom_step0_s_20260527_16,ccc5bea9848148a2a6bdc428a2e5c38f,0.028,,,
37,2026-05-27,SZ002648,0.20867519413818175,EXP_DEnsembleModel_Alpha158_csi300_custom_step0_s_20260527_16,ccc5bea9848148a2a6bdc428a2e5c38f,0.028,,,
38,2026-05-27,SZ002709,0.4709688506867396,EXP_DEnsembleModel_Alpha158_csi300_custom_step0_s_20260527_16,ccc5bea9848148a2a6bdc428a2e5c38f,0.028,,,
39,2026-05-27,SZ002714,0.008774989586609813,EXP_DEnsembleModel_Alpha158_csi300_custom_step0_s_20260527_16,ccc5bea9848148a2a6bdc428a2e5c38f,0.028,,,
40,2026-05-27,SZ002736,-0.07120302355567966,EXP_DEnsembleModel_Alpha158_csi300_custom_step0_s_20260527_16,ccc5bea9848148a2a6bdc428a2e5c38f,0.028,,,
41,2026-05-27,SZ002916,-0.14361790733005572,EXP_DEnsembleModel_Alpha158_csi300_custom_step0_s_20260527_16,ccc5bea9848148a2a6bdc428a2e5c38f,0.028,,,
42,2026-05-27,SZ002920,0.051999242696497,EXP_DEnsembleModel_Alpha158_csi300_custom_step0_s_20260527_16,ccc5bea9848148a2a6bdc428a2e5c38f,0.028,,,
43,2026-05-27,SZ002938,-0.14432241410408242,EXP_DEnsembleModel_Alpha158_csi300_custom_step0_s_20260527_16,ccc5bea9848148a2a6bdc428a2e5c38f,0.028,,,
44,2026-05-27,SZ003816,0.05681498199994921,EXP_DEnsembleModel_Alpha158_csi300_custom_step0_s_20260527_16,ccc5bea9848148a2a6bdc428a2e5c38f,0.028,,,
45,2026-05-27,SZ300014,0.09848926623488351,EXP_DEnsembleModel_Alpha158_csi300_custom_step0_s_20260527_16,ccc5bea9848148a2a6bdc428a2e5c38f,0.028,,,
46,2026-05-27,SZ300015,-0.020523195269977864,EXP_DEnsembleModel_Alpha158_csi300_custom_step0_s_20260527_16,ccc5bea9848148a2a6bdc428a2e5c38f,0.028,,,
47,2026-05-27,SZ300033,0.1642383634676116,EXP_DEnsembleModel_Alpha158_csi300_custom_step0_s_20260527_16,ccc5bea9848148a2a6bdc428a2e5c38f,0.028,,,
48,2026-05-27,SZ300059,0.09477466653790369,EXP_DEnsembleModel_Alpha158_csi300_custom_step0_s_20260527_16,ccc5bea9848148a2a6bdc428a2e5c38f,0.028,,,
49,2026-05-27,SZ300122,-0.04826324719432615,EXP_DEnsembleModel_Alpha158_csi300_custom_step0_s_20260527_16,ccc5bea9848148a2a6bdc428a2e5c38f,0.028,,,
50,2026-05-27,SZ300124,0.2394872312564743,EXP_DEnsembleModel_Alpha158_csi300_custom_step0_s_20260527_16,ccc5bea9848148a2a6bdc428a2e5c38f,0.028,,,
51,2026-05-27,SZ300251,0.15899556949798643,EXP_DEnsembleModel_Alpha158_csi300_custom_step0_s_20260527_16,ccc5bea9848148a2a6bdc428a2e5c38f,0.028,,,
52,2026-05-27,SZ300274,0.23285062696704967,EXP_DEnsembleModel_Alpha158_csi300_custom_step0_s_20260527_16,ccc5bea9848148a2a6bdc428a2e5c38f,0.028,,,
53,2026-05-27,SZ300661,0.13018697834555096,EXP_DEnsembleModel_Alpha158_csi300_custom_step0_s_20260527_16,ccc5bea9848148a2a6bdc428a2e5c38f,0.028,,,
54,2026-05-27,SZ300628,0.1779681296071276,EXP_DEnsembleModel_Alpha158_csi300_custom_step0_s_20260527_16,ccc5bea9848148a2a6bdc428a2e5c38f,0.028,,,
55,2026-05-27,SZ300502,0.21793908389864347,EXP_DEnsembleModel_Alpha158_csi300_custom_step0_s_20260527_16,ccc5bea9848148a2a6bdc428a2e5c38f,0.028,,,
56,2026-05-27,SZ300498,0.09789273467519029,EXP_DEnsembleModel_Alpha158_csi300_custom_step0_s_20260527_16,ccc5bea9848148a2a6bdc428a2e5c38f,0.028,,,
57,2026-05-27,SZ300476,0.11654831163170096,EXP_DEnsembleModel_Alpha158_csi300_custom_step0_s_20260527_16,ccc5bea9848148a2a6bdc428a2e5c38f,0.028,,,
58,2026-05-27,SZ300442,0.12086819945267853,EXP_DEnsembleModel_Alpha158_csi300_custom_step0_s_20260527_16,ccc5bea9848148a2a6bdc428a2e5c38f,0.028,,,
59,2026-05-27,SZ300759,0.11628583995119258,EXP_DEnsembleModel_Alpha158_csi300_custom_step0_s_20260527_16,ccc5bea9848148a2a6bdc428a2e5c38f,0.028,,,
60,2026-05-27,SZ300433,-0.049259724175012246,EXP_DEnsembleModel_Alpha158_csi300_custom_step0_s_20260527_16,ccc5bea9848148a2a6bdc428a2e5c38f,0.028,,,
61,2026-05-27,SZ300413,0.09653121374575821,EXP_DEnsembleModel_Alpha158_csi300_custom_step0_s_20260527_16,ccc5bea9848148a2a6bdc428a2e5c38f,0.028,,,
62,2026-05-27,SZ300408,0.0932821827316009,EXP_DEnsembleModel_Alpha158_csi300_custom_step0_s_20260527_16,ccc5bea9848148a2a6bdc428a2e5c38f,0.028,,,
63,2026-05-27,SZ300394,0.22495079441004712,EXP_DEnsembleModel_Alpha158_csi300_custom_step0_s_20260527_16,ccc5bea9848148a2a6bdc428a2e5c38f,0.028,,,
64,2026-05-27,SZ300347,0.19491939764250749,EXP_DEnsembleModel_Alpha158_csi300_custom_step0_s_20260527_16,ccc5bea9848148a2a6bdc428a2e5c38f,0.028,,,
65,2026-05-27,SZ300316,0.17977835839841755,EXP_DEnsembleModel_Alpha158_csi300_custom_step0_s_20260527_16,ccc5bea9848148a2a6bdc428a2e5c38f,0.028,,,
66,2026-05-27,SZ300308,0.4200753842815316,EXP_DEnsembleModel_Alpha158_csi300_custom_step0_s_20260527_16,ccc5bea9848148a2a6bdc428a2e5c38f,0.028,,,
67,2026-05-27,SZ300418,-0.009471621504847991,EXP_DEnsembleModel_Alpha158_csi300_custom_step0_s_20260527_16,ccc5bea9848148a2a6bdc428a2e5c38f,0.028,,,
68,2026-05-27,SZ002601,0.11951304027005204,EXP_DEnsembleModel_Alpha158_csi300_custom_step0_s_20260527_16,ccc5bea9848148a2a6bdc428a2e5c38f,0.028,,,
69,2026-05-27,SH600089,-0.05110893398523331,EXP_LinearModel_Alpha158_csi300_custom_step0_s_20260527_16,70357decab974f77b3a18272159e814f,0.091,,,
70,2026-05-27,SH600111,-0.019441304728388786,EXP_LinearModel_Alpha158_csi300_custom_step0_s_20260527_16,70357decab974f77b3a18272159e814f,0.091,,,
71,2026-05-27,SH600690,-0.029800305142998695,EXP_LinearModel_Alpha158_csi300_custom_step0_s_20260527_16,70357decab974f77b3a18272159e814f,0.091,,,
72,2026-05-27,SH600741,-0.054236117750406265,EXP_LinearModel_Alpha158_csi300_custom_step0_s_20260527_16,70357decab974f77b3a18272159e814f,0.091,,,
73,2026-05-27,SH600760,-0.045373789966106415,EXP_LinearModel_Alpha158_csi300_custom_step0_s_20260527_16,70357decab974f77b3a18272159e814f,0.091,,,
74,2026-05-27,SH600795,-0.0006640491192229092,EXP_LinearModel_Alpha158_csi300_custom_step0_s_20260527_16,70357decab974f77b3a18272159e814f,0.091,,,
75,2026-05-27,SH600803,0.09094763547182083,EXP_LinearModel_Alpha158_csi300_custom_step0_s_20260527_16,70357decab974f77b3a18272159e814f,0.091,,,
76,2026-05-27,SH600809,-0.039663057774305344,EXP_LinearModel_Alpha158_csi300_custom_step0_s_20260527_16,70357decab974f77b3a18272159e814f,0.091,,,
77,2026-05-27,SH600845,0.01220785640180111,EXP_LinearModel_Alpha158_csi300_custom_step0_s_20260527_16,70357decab974f77b3a18272159e814f,0.091,,,
78,2026-05-27,SH600875,-0.06280522048473358,EXP_LinearModel_Alpha158_csi300_custom_step0_s_20260527_16,70357decab974f77b3a18272159e814f,0.091,,,
79,2026-05-27,SH600886,0.011896707117557526,EXP_LinearModel_Alpha158_csi300_custom_step0_s_20260527_16,70357decab974f77b3a18272159e814f,0.091,,,
80,2026-05-27,SH600887,-0.0008660283638164401,EXP_LinearModel_Alpha158_csi300_custom_step0_s_20260527_16,70357decab974f77b3a18272159e814f,0.091,,,
81,2026-05-27,SH600893,0.008829787373542786,EXP_LinearModel_Alpha158_csi300_custom_step0_s_20260527_16,70357decab974f77b3a18272159e814f,0.091,,,
82,2026-05-27,SH600900,0.06200450286269188,EXP_LinearModel_Alpha158_csi300_custom_step0_s_20260527_16,70357decab974f77b3a18272159e814f,0.091,,,
83,2026-05-27,SH600905,0.01577751338481903,EXP_LinearModel_Alpha158_csi300_custom_step0_s_20260527_16,70357decab974f77b3a18272159e814f,0.091,,,
84,2026-05-27,SH600918,-0.04100079461932182,EXP_LinearModel_Alpha158_csi300_custom_step0_s_20260527_16,70357decab974f77b3a18272159e814f,0.091,,,
85,2026-05-27,SH600919,0.049341775476932526,EXP_LinearModel_Alpha158_csi300_custom_step0_s_20260527_16,70357decab974f77b3a18272159e814f,0.091,,,
86,2026-05-27,SH600926,-0.047142207622528076,EXP_LinearModel_Alpha158_csi300_custom_step0_s_20260527_16,70357decab974f77b3a18272159e814f,0.091,,,
87,2026-05-27,SH600930,-0.0324157290160656,EXP_LinearModel_Alpha158_csi300_custom_step0_s_20260527_16,70357decab974f77b3a18272159e814f,0.091,,,
88,2026-05-27,SH601077,-0.037573859095573425,EXP_LinearModel_Alpha158_csi300_custom_step0_s_20260527_16,70357decab974f77b3a18272159e814f,0.091,,,
89,2026-05-27,SH601066,-0.008128637447953224,EXP_LinearModel_Alpha158_csi300_custom_step0_s_20260527_16,70357decab974f77b3a18272159e814f,0.091,,,
90,2026-05-27,SH601059,0.027609631419181824,EXP_LinearModel_Alpha158_csi300_custom_step0_s_20260527_16,70357decab974f77b3a18272159e814f,0.091,,,
91,2026-05-27,SH601058,-0.07256847620010376,EXP_LinearModel_Alpha158_csi300_custom_step0_s_20260527_16,70357decab974f77b3a18272159e814f,0.091,,,
92,2026-05-27,SH601021,-0.04591281712055206,EXP_LinearModel_Alpha158_csi300_custom_step0_s_20260527_16,70357decab974f77b3a18272159e814f,0.091,,,
93,2026-05-27,SH601018,0.049808695912361145,EXP_LinearModel_Alpha158_csi300_custom_step0_s_20260527_16,70357decab974f77b3a18272159e814f,0.091,,,
94,2026-05-27,SH600674,0.017523961141705513,EXP_LinearModel_Alpha158_csi300_custom_step0_s_20260527_16,70357decab974f77b3a18272159e814f,0.091,,,
95,2026-05-27,SH601012,0.02150583826005459,EXP_LinearModel_Alpha158_csi300_custom_step0_s_20260527_16,70357decab974f77b3a18272159e814f,0.091,,,
96,2026-05-27,SH601006,0.015302919782698154,EXP_LinearModel_Alpha158_csi300_custom_step0_s_20260527_16,70357decab974f77b3a18272159e814f,0.091,,,
97,2026-05-27,SH600999,0.03938467428088188,EXP_LinearModel_Alpha158_csi300_custom_step0_s_20260527_16,70357decab974f77b3a18272159e814f,0.091,,,
98,2026-05-27,SH600989,0.05124469846487045,EXP_LinearModel_Alpha158_csi300_custom_step0_s_20260527_16,70357decab974f77b3a18272159e814f,0.091,,,
99,2026-05-27,SH600958,,EXP_LinearModel_Alpha158_csi300_custom_step0_s_20260527_16,70357decab974f77b3a18272159e814f,0.091,,,
100,2026-05-27,SH600941,-0.06412577629089355,EXP_LinearModel_Alpha158_csi300_custom_step0_s_20260527_16,70357decab974f77b3a18272159e814f,0.091,,,
101,2026-05-27,SH600938,0.09565599262714386,EXP_LinearModel_Alpha158_csi300_custom_step0_s_20260527_16,70357decab974f77b3a18272159e814f,0.091,,,
102,2026-05-27,SH601009,-0.05704773589968681,EXP_LinearModel_Alpha158_csi300_custom_step0_s_20260527_16,70357decab974f77b3a18272159e814f,0.091,,,
103,2026-05-27,SH600104,0.012946069240570068,EXP_LinearModel_Alpha158_csi300_custom_step0_s_20260527_16,70357decab974f77b3a18272159e814f,0.091,,,
104,2026-05-27,SH600660,-0.08768747001886368,EXP_LinearModel_Alpha158_csi300_custom_step0_s_20260527_16,70357decab974f77b3a18272159e814f,0.091,,,
105,2026-05-27,SH600588,0.00468477513641119,EXP_LinearModel_Alpha158_csi300_custom_step0_s_20260527_16,70357decab974f77b3a18272159e814f,0.091,,,
106,2026-05-27,SH600115,-0.048497118055820465,EXP_LinearModel_Alpha158_csi300_custom_step0_s_20260527_16,70357decab974f77b3a18272159e814f,0.091,,,
107,2026-05-27,SH600150,-0.009974688291549683,EXP_LinearModel_Alpha158_csi300_custom_step0_s_20260527_16,70357decab974f77b3a18272159e814f,0.091,,,
108,2026-05-27,SH600160,-0.05625426396727562,EXP_LinearModel_Alpha158_csi300_custom_step0_s_20260527_16,70357decab974f77b3a18272159e814f,0.091,,,
109,2026-05-27,SH600161,-0.023130400106310844,EXP_LinearModel_Alpha158_csi300_custom_step0_s_20260527_16,70357decab974f77b3a18272159e814f,0.091,,,
110,2026-05-27,SH600176,-0.06767722219228745,EXP_LinearModel_Alpha158_csi300_custom_step0_s_20260527_16,70357decab974f77b3a18272159e814f,0.091,,,
111,2026-05-27,SH600183,-0.2589372396469116,EXP_LinearModel_Alpha158_csi300_custom_step0_s_20260527_16,70357decab974f77b3a18272159e814f,0.091,,,
112,2026-05-27,SH600188,-0.0031480134930461645,EXP_LinearModel_Alpha158_csi300_custom_step0_s_20260527_16,70357decab974f77b3a18272159e814f,0.091,,,
113,2026-05-27,SH600196,-0.048473913222551346,EXP_LinearModel_Alpha158_csi300_custom_step0_s_20260527_16,70357decab974f77b3a18272159e814f,0.091,,,
114,2026-05-27,SH600219,0.026353953406214714,EXP_LinearModel_Alpha158_csi300_custom_step0_s_20260527_16,70357decab974f77b3a18272159e814f,0.091,,,
115,2026-05-27,SH600233,-0.05351538956165314,EXP_LinearModel_Alpha158_csi300_custom_step0_s_20260527_16,70357decab974f77b3a18272159e814f,0.091,,,
116,2026-05-27,SH600276,-0.08524665236473083,EXP_LinearModel_Alpha158_csi300_custom_step0_s_20260527_16,70357decab974f77b3a18272159e814f,0.091,,,
117,2026-05-27,SH600309,0.02674277126789093,EXP_LinearModel_Alpha158_csi300_custom_step0_s_20260527_16,70357decab974f77b3a18272159e814f,0.091,,,
118,2026-05-27,SH600346,0.04069953039288521,EXP_LinearModel_Alpha158_csi300_custom_step0_s_20260527_16,70357decab974f77b3a18272159e814f,0.091,,,
119,2026-05-27,SH600362,-0.016058403998613358,EXP_LinearModel_Alpha158_csi300_custom_step0_s_20260527_16,70357decab974f77b3a18272159e814f,0.091,,,
120,2026-05-27,SH600372,-0.02458553947508335,EXP_LinearModel_Alpha158_csi300_custom_step0_s_20260527_16,70357decab974f77b3a18272159e814f,0.091,,,
121,2026-05-27,SH600377,0.03937317430973053,EXP_LinearModel_Alpha158_csi300_custom_step0_s_20260527_16,70357decab974f77b3a18272159e814f,0.091,,,
122,2026-05-27,SH600406,-0.056305550038814545,EXP_LinearModel_Alpha158_csi300_custom_step0_s_20260527_16,70357decab974f77b3a18272159e814f,0.091,,,
123,2026-05-27,SH600585,-0.04868052527308464,EXP_LinearModel_Alpha158_csi300_custom_step0_s_20260527_16,70357decab974f77b3a18272159e814f,0.091,,,
124,2026-05-27,SH600584,-0.2678520381450653,EXP_LinearModel_Alpha158_csi300_custom_step0_s_20260527_16,70357decab974f77b3a18272159e814f,0.091,,,
125,2026-05-27,SH600570,-0.02978999726474285,EXP_LinearModel_Alpha158_csi300_custom_step0_s_20260527_16,70357decab974f77b3a18272159e814f,0.091,,,
126,2026-05-27,SH600547,0.012555040419101715,EXP_LinearModel_Alpha158_csi300_custom_step0_s_20260527_16,70357decab974f77b3a18272159e814f,0.091,,,
127,2026-05-27,SH600522,-0.011663543060421944,EXP_LinearModel_Alpha158_csi300_custom_step0_s_20260527_16,70357decab974f77b3a18272159e814f,0.091,,,
128,2026-05-27,SH600519,-0.03791772201657295,EXP_LinearModel_Alpha158_csi300_custom_step0_s_20260527_16,70357decab974f77b3a18272159e814f,0.091,,,
129,2026-05-27,SH600600,-0.024866363033652306,EXP_LinearModel_Alpha158_csi300_custom_step0_s_20260527_16,70357decab974f77b3a18272159e814f,0.091,,,
130,2026-05-27,SH600515,-0.004994860850274563,EXP_LinearModel_Alpha158_csi300_custom_step0_s_20260527_16,70357decab974f77b3a18272159e814f,0.091,,,
131,2026-05-27,SH600482,-0.0018476765835657716,EXP_LinearModel_Alpha158_csi300_custom_step0_s_20260527_16,70357decab974f77b3a18272159e814f,0.091,,,
132,2026-05-27,SH600460,-0.05215054005384445,EXP_LinearModel_Alpha158_csi300_custom_step0_s_20260527_16,70357decab974f77b3a18272159e814f,0.091,,,
133,2026-05-27,SH600438,,EXP_LinearModel_Alpha158_csi300_custom_step0_s_20260527_16,70357decab974f77b3a18272159e814f,0.091,,,
134,2026-05-27,SH600436,-0.05104539170861244,EXP_LinearModel_Alpha158_csi300_custom_step0_s_20260527_16,70357decab974f77b3a18272159e814f,0.091,,,
135,2026-05-27,SH600426,0.06582368910312653,EXP_LinearModel_Alpha158_csi300_custom_step0_s_20260527_16,70357decab974f77b3a18272159e814f,0.091,,,
136,2026-05-27,SH600415,-0.04393990710377693,EXP_LinearModel_Alpha158_csi300_custom_step0_s_20260527_16,70357decab974f77b3a18272159e814f,0.091,,,
137,2026-05-27,SH600489,-0.007207703776657581,EXP_LinearModel_Alpha158_csi300_custom_step0_s_20260527_16,70357decab974f77b3a18272159e814f,0.091,,,
138,2026-05-27,SZ002600,0.036553445097893766,EXP_DEnsembleModel_Alpha158_csi300_custom_step0_s_20260527_16,ccc5bea9848148a2a6bdc428a2e5c38f,0.028,,,
139,2026-05-27,SZ002594,-0.007193451265672887,EXP_DEnsembleModel_Alpha158_csi300_custom_step0_s_20260527_16,ccc5bea9848148a2a6bdc428a2e5c38f,0.028,,,
140,2026-05-27,SZ002493,0.15505448515639841,EXP_DEnsembleModel_Alpha158_csi300_custom_step0_s_20260527_16,ccc5bea9848148a2a6bdc428a2e5c38f,0.028,,,
141,2026-05-27,SH601919,-0.053550800356889514,EXP_DEnsembleModel_Alpha158_csi300_custom_step0_s_20260527_16,ccc5bea9848148a2a6bdc428a2e5c38f,0.028,,,
142,2026-05-27,SH601939,0.017666334490328676,EXP_DEnsembleModel_Alpha158_csi300_custom_step0_s_20260527_16,ccc5bea9848148a2a6bdc428a2e5c38f,0.028,,,
143,2026-05-27,SH601985,-0.09857437027835302,EXP_DEnsembleModel_Alpha158_csi300_custom_step0_s_20260527_16,ccc5bea9848148a2a6bdc428a2e5c38f,0.028,,,
144,2026-05-27,SH601988,-0.019243112961636555,EXP_DEnsembleModel_Alpha158_csi300_custom_step0_s_20260527_16,ccc5bea9848148a2a6bdc428a2e5c38f,0.028,,,
145,2026-05-27,SH601995,0.03559352636118539,EXP_DEnsembleModel_Alpha158_csi300_custom_step0_s_20260527_16,ccc5bea9848148a2a6bdc428a2e5c38f,0.028,,,
146,2026-05-27,SH601998,0.047758262269431,EXP_DEnsembleModel_Alpha158_csi300_custom_step0_s_20260527_16,ccc5bea9848148a2a6bdc428a2e5c38f,0.028,,,
147,2026-05-27,SH603019,0.11478257541939911,EXP_DEnsembleModel_Alpha158_csi300_custom_step0_s_20260527_16,ccc5bea9848148a2a6bdc428a2e5c38f,0.028,,,
148,2026-05-27,SH603195,0.0880075810315888,EXP_DEnsembleModel_Alpha158_csi300_custom_step0_s_20260527_16,ccc5bea9848148a2a6bdc428a2e5c38f,0.028,,,
149,2026-05-27,SH603259,0.07938346284065907,EXP_DEnsembleModel_Alpha158_csi300_custom_step0_s_20260527_16,ccc5bea9848148a2a6bdc428a2e5c38f,0.028,,,
150,2026-05-27,SH603260,0.15197925476873797,EXP_DEnsembleModel_Alpha158_csi300_custom_step0_s_20260527_16,ccc5bea9848148a2a6bdc428a2e5c38f,0.028,,,
151,2026-05-27,SH603288,-0.012728774918032667,EXP_DEnsembleModel_Alpha158_csi300_custom_step0_s_20260527_16,ccc5bea9848148a2a6bdc428a2e5c38f,0.028,,,
152,2026-05-27,SH603296,0.314726928766842,EXP_DEnsembleModel_Alpha158_csi300_custom_step0_s_20260527_16,ccc5bea9848148a2a6bdc428a2e5c38f,0.028,,,
153,2026-05-27,SH603369,0.02615077884284891,EXP_DEnsembleModel_Alpha158_csi300_custom_step0_s_20260527_16,ccc5bea9848148a2a6bdc428a2e5c38f,0.028,,,
154,2026-05-27,SH603392,0.0017029408403611565,EXP_DEnsembleModel_Alpha158_csi300_custom_step0_s_20260527_16,ccc5bea9848148a2a6bdc428a2e5c38f,0.028,,,
155,2026-05-27,SH603501,0.1835756090552078,EXP_DEnsembleModel_Alpha158_csi300_custom_step0_s_20260527_16,ccc5bea9848148a2a6bdc428a2e5c38f,0.028,,,
156,2026-05-27,SH603799,0.19370060973894276,EXP_DEnsembleModel_Alpha158_csi300_custom_step0_s_20260527_16,ccc5bea9848148a2a6bdc428a2e5c38f,0.028,,,
157,2026-05-27,SH603893,-0.013403452364637594,EXP_DEnsembleModel_Alpha158_csi300_custom_step0_s_20260527_16,ccc5bea9848148a2a6bdc428a2e5c38f,0.028,,,
158,2026-05-27,SH688169,0.04354850707371707,EXP_DEnsembleModel_Alpha158_csi300_custom_step0_s_20260527_16,ccc5bea9848148a2a6bdc428a2e5c38f,0.028,,,
159,2026-05-27,SH688126,-0.012759596141389206,EXP_DEnsembleModel_Alpha158_csi300_custom_step0_s_20260527_16,ccc5bea9848148a2a6bdc428a2e5c38f,0.028,,,
160,2026-05-27,SH688111,0.12341570902363606,EXP_DEnsembleModel_Alpha158_csi300_custom_step0_s_20260527_16,ccc5bea9848148a2a6bdc428a2e5c38f,0.028,,,
161,2026-05-27,SH688082,-0.5346867984624469,EXP_DEnsembleModel_Alpha158_csi300_custom_step0_s_20260527_16,ccc5bea9848148a2a6bdc428a2e5c38f,0.028,,,
162,2026-05-27,SH688047,0.015583881448425412,EXP_DEnsembleModel_Alpha158_csi300_custom_step0_s_20260527_16,ccc5bea9848148a2a6bdc428a2e5c38f,0.028,,,
163,2026-05-27,SH688041,0.16054375243886615,EXP_DEnsembleModel_Alpha158_csi300_custom_step0_s_20260527_16,ccc5bea9848148a2a6bdc428a2e5c38f,0.028,,,
164,2026-05-27,SH601916,-0.10767103587026057,EXP_DEnsembleModel_Alpha158_csi300_custom_step0_s_20260527_16,ccc5bea9848148a2a6bdc428a2e5c38f,0.028,,,
165,2026-05-27,SH688036,0.16625883771471112,EXP_DEnsembleModel_Alpha158_csi300_custom_step0_s_20260527_16,ccc5bea9848148a2a6bdc428a2e5c38f,0.028,,,
166,2026-05-27,SH688009,-0.046138623447070336,EXP_DEnsembleModel_Alpha158_csi300_custom_step0_s_20260527_16,ccc5bea9848148a2a6bdc428a2e5c38f,0.028,,,
167,2026-05-27,SH688008,0.01878995650477229,EXP_DEnsembleModel_Alpha158_csi300_custom_step0_s_20260527_16,ccc5bea9848148a2a6bdc428a2e5c38f,0.028,,,
168,2026-05-27,SH605499,0.03332041011929804,EXP_DEnsembleModel_Alpha158_csi300_custom_step0_s_20260527_16,ccc5bea9848148a2a6bdc428a2e5c38f,0.028,,,
169,2026-05-27,SH605117,0.23988694180675388,EXP_DEnsembleModel_Alpha158_csi300_custom_step0_s_20260527_16,ccc5bea9848148a2a6bdc428a2e5c38f,0.028,,,
170,2026-05-27,SH603993,0.002451537415004443,EXP_DEnsembleModel_Alpha158_csi300_custom_step0_s_20260527_16,ccc5bea9848148a2a6bdc428a2e5c38f,0.028,,,
171,2026-05-27,SH603986,-0.4114441813922168,EXP_DEnsembleModel_Alpha158_csi300_custom_step0_s_20260527_16,ccc5bea9848148a2a6bdc428a2e5c38f,0.028,,,
172,2026-05-27,SH688012,-0.13557393651358635,EXP_DEnsembleModel_Alpha158_csi300_custom_step0_s_20260527_16,ccc5bea9848148a2a6bdc428a2e5c38f,0.028,,,
173,2026-05-27,SH688187,0.04690876639095825,EXP_DEnsembleModel_Alpha158_csi300_custom_step0_s_20260527_16,ccc5bea9848148a2a6bdc428a2e5c38f,0.028,,,
174,2026-05-27,SH601901,0.021754683979497928,EXP_DEnsembleModel_Alpha158_csi300_custom_step0_s_20260527_16,ccc5bea9848148a2a6bdc428a2e5c38f,0.028,,,
175,2026-05-27,SH601898,0.06892776937223219,EXP_DEnsembleModel_Alpha158_csi300_custom_step0_s_20260527_16,ccc5bea9848148a2a6bdc428a2e5c38f,0.028,,,
176,2026-05-27,SH601390,-0.004723223936003604,EXP_DEnsembleModel_Alpha158_csi300_custom_step0_s_20260527_16,ccc5bea9848148a2a6bdc428a2e5c38f,0.028,,,
177,2026-05-27,SH601398,-0.12130123932912375,EXP_DEnsembleModel_Alpha158_csi300_custom_step0_s_20260527_16,ccc5bea9848148a2a6bdc428a2e5c38f,0.028,,,
178,2026-05-27,SH601456,-0.04136276343845117,EXP_DEnsembleModel_Alpha158_csi300_custom_step0_s_20260527_16,ccc5bea9848148a2a6bdc428a2e5c38f,0.028,,,
179,2026-05-27,SH601600,-0.07913619053099977,EXP_DEnsembleModel_Alpha158_csi300_custom_step0_s_20260527_16,ccc5bea9848148a2a6bdc428a2e5c38f,0.028,,,
180,2026-05-27,SH601601,-0.024179924768696168,EXP_DEnsembleModel_Alpha158_csi300_custom_step0_s_20260527_16,ccc5bea9848148a2a6bdc428a2e5c38f,0.028,,,
181,2026-05-27,SH601607,0.004090056264819202,EXP_DEnsembleModel_Alpha158_csi300_custom_step0_s_20260527_16,ccc5bea9848148a2a6bdc428a2e5c38f,0.028,,,
182,2026-05-27,SH601618,-0.03760432987694239,EXP_DEnsembleModel_Alpha158_csi300_custom_step0_s_20260527_16,ccc5bea9848148a2a6bdc428a2e5c38f,0.028,,,
183,2026-05-27,SH601628,-0.040069668267424724,EXP_DEnsembleModel_Alpha158_csi300_custom_step0_s_20260527_16,ccc5bea9848148a2a6bdc428a2e5c38f,0.028,,,
184,2026-05-27,SH601633,0.009783586059377809,EXP_DEnsembleModel_Alpha158_csi300_custom_step0_s_20260527_16,ccc5bea9848148a2a6bdc428a2e5c38f,0.028,,,
185,2026-05-27,SH601658,-0.11332429375279209,EXP_DEnsembleModel_Alpha158_csi300_custom_step0_s_20260527_16,ccc5bea9848148a2a6bdc428a2e5c38f,0.028,,,
186,2026-05-27,SH601668,-0.12068928520197865,EXP_DEnsembleModel_Alpha158_csi300_custom_step0_s_20260527_16,ccc5bea9848148a2a6bdc428a2e5c38f,0.028,,,
187,2026-05-27,SH601669,-0.01464177498108971,EXP_DEnsembleModel_Alpha158_csi300_custom_step0_s_20260527_16,ccc5bea9848148a2a6bdc428a2e5c38f,0.028,,,
188,2026-05-27,SH601688,0.08047966424847566,EXP_DEnsembleModel_Alpha158_csi300_custom_step0_s_20260527_16,ccc5bea9848148a2a6bdc428a2e5c38f,0.028,,,
189,2026-05-27,SH601689,0.16337767665073874,EXP_DEnsembleModel_Alpha158_csi300_custom_step0_s_20260527_16,ccc5bea9848148a2a6bdc428a2e5c38f,0.028,,,
190,2026-05-27,SH601698,0.109447791217256,EXP_DEnsembleModel_Alpha158_csi300_custom_step0_s_20260527_16,ccc5bea9848148a2a6bdc428a2e5c38f,0.028,,,
191,2026-05-27,SH601728,-0.048111819118097705,EXP_DEnsembleModel_Alpha158_csi300_custom_step0_s_20260527_16,ccc5bea9848148a2a6bdc428a2e5c38f,0.028,,,
192,2026-05-27,SH601766,-0.08936866057696335,EXP_DEnsembleModel_Alpha158_csi300_custom_step0_s_20260527_16,ccc5bea9848148a2a6bdc428a2e5c38f,0.028,,,
193,2026-05-27,SH601888,0.15062346270664426,EXP_DEnsembleModel_Alpha158_csi300_custom_step0_s_20260527_16,ccc5bea9848148a2a6bdc428a2e5c38f,0.028,,,
194,2026-05-27,SH601881,0.058258938032406206,EXP_DEnsembleModel_Alpha158_csi300_custom_step0_s_20260527_16,ccc5bea9848148a2a6bdc428a2e5c38f,0.028,,,
195,2026-05-27,SH601878,0.04042595464184813,EXP_DEnsembleModel_Alpha158_csi300_custom_step0_s_20260527_16,ccc5bea9848148a2a6bdc428a2e5c38f,0.028,,,
196,2026-05-27,SH601877,0.07266959302731742,EXP_DEnsembleModel_Alpha158_csi300_custom_step0_s_20260527_16,ccc5bea9848148a2a6bdc428a2e5c38f,0.028,,,
197,2026-05-27,SH601872,0.13074349963047574,EXP_DEnsembleModel_Alpha158_csi300_custom_step0_s_20260527_16,ccc5bea9848148a2a6bdc428a2e5c38f,0.028,,,
198,2026-05-27,SH601868,0.0033918020106035907,EXP_DEnsembleModel_Alpha158_csi300_custom_step0_s_20260527_16,ccc5bea9848148a2a6bdc428a2e5c38f,0.028,,,
199,2026-05-27,SH601899,0.0196045613532795,EXP_DEnsembleModel_Alpha158_csi300_custom_step0_s_20260527_16,ccc5bea9848148a2a6bdc428a2e5c38f,0.028,,,
200,2026-05-27,SH601857,0.07354543060761483,EXP_DEnsembleModel_Alpha158_csi300_custom_step0_s_20260527_16,ccc5bea9848148a2a6bdc428a2e5c38f,0.028,,,
201,2026-05-27,SH601825,-0.09828437395025237,EXP_DEnsembleModel_Alpha158_csi300_custom_step0_s_20260527_16,ccc5bea9848148a2a6bdc428a2e5c38f,0.028,,,
202,2026-05-27,SH601818,-0.09960336066085305,EXP_DEnsembleModel_Alpha158_csi300_custom_step0_s_20260527_16,ccc5bea9848148a2a6bdc428a2e5c38f,0.028,,,
203,2026-05-27,SH601816,-0.0727241480236012,EXP_DEnsembleModel_Alpha158_csi300_custom_step0_s_20260527_16,ccc5bea9848148a2a6bdc428a2e5c38f,0.028,,,
204,2026-05-27,SH601808,0.07537563588904406,EXP_DEnsembleModel_Alpha158_csi300_custom_step0_s_20260527_16,ccc5bea9848148a2a6bdc428a2e5c38f,0.028,,,
205,2026-05-27,SH601800,0.054827090776661314,EXP_DEnsembleModel_Alpha158_csi300_custom_step0_s_20260527_16,ccc5bea9848148a2a6bdc428a2e5c38f,0.028,,,
206,2026-05-27,SH601788,0.01194843918193343,EXP_DEnsembleModel_Alpha158_csi300_custom_step0_s_20260527_16,ccc5bea9848148a2a6bdc428a2e5c38f,0.028,,,
207,2026-05-27,SH601838,0.005067269079061447,EXP_DEnsembleModel_Alpha158_csi300_custom_step0_s_20260527_16,ccc5bea9848148a2a6bdc428a2e5c38f,0.028,,,
208,2026-05-27,SH688223,0.10817508446332565,EXP_DEnsembleModel_Alpha158_csi300_custom_step0_s_20260527_16,ccc5bea9848148a2a6bdc428a2e5c38f,0.028,,,
209,2026-05-27,SH688256,0.25759665717982155,EXP_DEnsembleModel_Alpha158_csi300_custom_step0_s_20260527_16,ccc5bea9848148a2a6bdc428a2e5c38f,0.028,,,
210,2026-05-27,SH688271,-0.023863813923650615,EXP_DEnsembleModel_Alpha158_csi300_custom_step0_s_20260527_16,ccc5bea9848148a2a6bdc428a2e5c38f,0.028,,,
211,2026-05-27,SZ000975,0.20881089791530857,EXP_DEnsembleModel_Alpha158_csi300_custom_step0_s_20260527_16,ccc5bea9848148a2a6bdc428a2e5c38f,0.028,,,
212,2026-05-27,SZ000977,0.18490847669887853,EXP_DEnsembleModel_Alpha158_csi300_custom_step0_s_20260527_16,ccc5bea9848148a2a6bdc428a2e5c38f,0.028,,,
213,2026-05-27,SZ000983,0.09626492063032953,EXP_DEnsembleModel_Alpha158_csi300_custom_step0_s_20260527_16,ccc5bea9848148a2a6bdc428a2e5c38f,0.028,,,
214,2026-05-27,SZ000999,-0.0516016670824783,EXP_DEnsembleModel_Alpha158_csi300_custom_step0_s_20260527_16,ccc5bea9848148a2a6bdc428a2e5c38f,0.028,,,
215,2026-05-27,SZ001391,-0.050520764515072175,EXP_DEnsembleModel_Alpha158_csi300_custom_step0_s_20260527_16,ccc5bea9848148a2a6bdc428a2e5c38f,0.028,,,
216,2026-05-27,SZ001965,0.05830546916046022,EXP_DEnsembleModel_Alpha158_csi300_custom_step0_s_20260527_16,ccc5bea9848148a2a6bdc428a2e5c38f,0.028,,,
217,2026-05-27,SZ001979,0.09794155241900399,EXP_DEnsembleModel_Alpha158_csi300_custom_step0_s_20260527_16,ccc5bea9848148a2a6bdc428a2e5c38f,0.028,,,
218,2026-05-27,SZ002001,0.08197095303925978,EXP_DEnsembleModel_Alpha158_csi300_custom_step0_s_20260527_16,ccc5bea9848148a2a6bdc428a2e5c38f,0.028,,,
219,2026-05-27,SZ002027,0.0005475833915757649,EXP_DEnsembleModel_Alpha158_csi300_custom_step0_s_20260527_16,ccc5bea9848148a2a6bdc428a2e5c38f,0.028,,,
220,2026-05-27,SZ002028,0.10389135722156094,EXP_DEnsembleModel_Alpha158_csi300_custom_step0_s_20260527_16,ccc5bea9848148a2a6bdc428a2e5c38f,0.028,,,
221,2026-05-27,SZ002049,0.015100593013463995,EXP_DEnsembleModel_Alpha158_csi300_custom_step0_s_20260527_16,ccc5bea9848148a2a6bdc428a2e5c38f,0.028,,,
222,2026-05-27,SZ002050,-0.05878103494179628,EXP_DEnsembleModel_Alpha158_csi300_custom_step0_s_20260527_16,ccc5bea9848148a2a6bdc428a2e5c38f,0.028,,,
223,2026-05-27,SZ002074,0.072697643339677,EXP_DEnsembleModel_Alpha158_csi300_custom_step0_s_20260527_16,ccc5bea9848148a2a6bdc428a2e5c38f,0.028,,,
224,2026-05-27,SZ002142,-0.09529803199566536,EXP_DEnsembleModel_Alpha158_csi300_custom_step0_s_20260527_16,ccc5bea9848148a2a6bdc428a2e5c38f,0.028,,,
225,2026-05-27,SZ002179,0.030107865844703142,EXP_DEnsembleModel_Alpha158_csi300_custom_step0_s_20260527_16,ccc5bea9848148a2a6bdc428a2e5c38f,0.028,,,
226,2026-05-27,SZ002230,-0.0066054282288452795,EXP_DEnsembleModel_Alpha158_csi300_custom_step0_s_20260527_16,ccc5bea9848148a2a6bdc428a2e5c38f,0.028,,,
227,2026-05-27,SZ002236,0.13789016848773605,EXP_DEnsembleModel_Alpha158_csi300_custom_step0_s_20260527_16,ccc5bea9848148a2a6bdc428a2e5c38f,0.028,,,
228,2026-05-27,SZ002475,0.49958489858339583,EXP_DEnsembleModel_Alpha158_csi300_custom_step0_s_20260527_16,ccc5bea9848148a2a6bdc428a2e5c38f,0.028,,,
229,2026-05-27,SZ002466,0.14204610215688546,EXP_DEnsembleModel_Alpha158_csi300_custom_step0_s_20260527_16,ccc5bea9848148a2a6bdc428a2e5c38f,0.028,,,
230,2026-05-27,SZ002463,-0.05413694971943354,EXP_DEnsembleModel_Alpha158_csi300_custom_step0_s_20260527_16,ccc5bea9848148a2a6bdc428a2e5c38f,0.028,,,
231,2026-05-27,SZ002460,0.19680732584150024,EXP_DEnsembleModel_Alpha158_csi300_custom_step0_s_20260527_16,ccc5bea9848148a2a6bdc428a2e5c38f,0.028,,,
232,2026-05-27,SZ002459,0.17490830880276745,EXP_DEnsembleModel_Alpha158_csi300_custom_step0_s_20260527_16,ccc5bea9848148a2a6bdc428a2e5c38f,0.028,,,
233,2026-05-27,SZ002422,0.07693945443031494,EXP_DEnsembleModel_Alpha158_csi300_custom_step0_s_20260527_16,ccc5bea9848148a2a6bdc428a2e5c38f,0.028,,,
234,2026-05-27,SZ000963,0.004137650908929779,EXP_DEnsembleModel_Alpha158_csi300_custom_step0_s_20260527_16,ccc5bea9848148a2a6bdc428a2e5c38f,0.028,,,
235,2026-05-27,SZ002415,0.06398160421485406,EXP_DEnsembleModel_Alpha158_csi300_custom_step0_s_20260527_16,ccc5bea9848148a2a6bdc428a2e5c38f,0.028,,,
236,2026-05-27,SZ002371,0.2430539109901533,EXP_DEnsembleModel_Alpha158_csi300_custom_step0_s_20260527_16,ccc5bea9848148a2a6bdc428a2e5c38f,0.028,,,
237,2026-05-27,SZ002352,-0.07634941956344139,EXP_DEnsembleModel_Alpha158_csi300_custom_step0_s_20260527_16,ccc5bea9848148a2a6bdc428a2e5c38f,0.028,,,
238,2026-05-27,SZ002311,-0.052497400896041164,EXP_DEnsembleModel_Alpha158_csi300_custom_step0_s_20260527_16,ccc5bea9848148a2a6bdc428a2e5c38f,0.028,,,
239,2026-05-27,SZ002304,-0.003745458807251019,EXP_DEnsembleModel_Alpha158_csi300_custom_step0_s_20260527_16,ccc5bea9848148a2a6bdc428a2e5c38f,0.028,,,
240,2026-05-27,SZ002252,-0.014663821403731701,EXP_DEnsembleModel_Alpha158_csi300_custom_step0_s_20260527_16,ccc5bea9848148a2a6bdc428a2e5c38f,0.028,,,
241,2026-05-27,SZ002241,0.06188916054209675,EXP_DEnsembleModel_Alpha158_csi300_custom_step0_s_20260527_16,ccc5bea9848148a2a6bdc428a2e5c38f,0.028,,,
242,2026-05-27,SZ002384,0.4178659664452148,EXP_DEnsembleModel_Alpha158_csi300_custom_step0_s_20260527_16,ccc5bea9848148a2a6bdc428a2e5c38f,0.028,,,
243,2026-05-27,SZ000938,0.2023348099797104,EXP_DEnsembleModel_Alpha158_csi300_custom_step0_s_20260527_16,ccc5bea9848148a2a6bdc428a2e5c38f,0.028,,,
244,2026-05-27,SZ000895,0.002175677705749366,EXP_DEnsembleModel_Alpha158_csi300_custom_step0_s_20260527_16,ccc5bea9848148a2a6bdc428a2e5c38f,0.028,,,
245,2026-05-27,SZ000876,0.004470382098225876,EXP_DEnsembleModel_Alpha158_csi300_custom_step0_s_20260527_16,ccc5bea9848148a2a6bdc428a2e5c38f,0.028,,,
246,2026-05-27,SZ000338,0.3522152811571281,EXP_DEnsembleModel_Alpha158_csi300_custom_step0_s_20260527_16,ccc5bea9848148a2a6bdc428a2e5c38f,0.028,,,
247,2026-05-27,SZ000333,0.0455362980213871,EXP_DEnsembleModel_Alpha158_csi300_custom_step0_s_20260527_16,ccc5bea9848148a2a6bdc428a2e5c38f,0.028,,,
248,2026-05-27,SZ000301,0.1358728774230084,EXP_DEnsembleModel_Alpha158_csi300_custom_step0_s_20260527_16,ccc5bea9848148a2a6bdc428a2e5c38f,0.028,,,
249,2026-05-27,SZ000166,-0.034774848682273464,EXP_DEnsembleModel_Alpha158_csi300_custom_step0_s_20260527_16,ccc5bea9848148a2a6bdc428a2e5c38f,0.028,,,
250,2026-05-27,SZ000157,-0.0005781874873611229,EXP_DEnsembleModel_Alpha158_csi300_custom_step0_s_20260527_16,ccc5bea9848148a2a6bdc428a2e5c38f,0.028,,,
251,2026-05-27,SZ000100,0.05086746558219565,EXP_DEnsembleModel_Alpha158_csi300_custom_step0_s_20260527_16,ccc5bea9848148a2a6bdc428a2e5c38f,0.028,,,
252,2026-05-27,SZ000408,0.033953803563486255,EXP_DEnsembleModel_Alpha158_csi300_custom_step0_s_20260527_16,ccc5bea9848148a2a6bdc428a2e5c38f,0.028,,,
253,2026-05-27,SZ000063,0.10019967581458816,EXP_DEnsembleModel_Alpha158_csi300_custom_step0_s_20260527_16,ccc5bea9848148a2a6bdc428a2e5c38f,0.028,,,
254,2026-05-27,SZ000001,-0.11124648998304267,EXP_DEnsembleModel_Alpha158_csi300_custom_step0_s_20260527_16,ccc5bea9848148a2a6bdc428a2e5c38f,0.028,,,
255,2026-05-27,SH688981,-0.1373117412123073,EXP_DEnsembleModel_Alpha158_csi300_custom_step0_s_20260527_16,ccc5bea9848148a2a6bdc428a2e5c38f,0.028,,,
256,2026-05-27,SH688506,0.2541675870696649,EXP_DEnsembleModel_Alpha158_csi300_custom_step0_s_20260527_16,ccc5bea9848148a2a6bdc428a2e5c38f,0.028,,,
257,2026-05-27,SH688472,0.25582188890788593,EXP_DEnsembleModel_Alpha158_csi300_custom_step0_s_20260527_16,ccc5bea9848148a2a6bdc428a2e5c38f,0.028,,,
258,2026-05-27,SH688396,0.35064508198221683,EXP_DEnsembleModel_Alpha158_csi300_custom_step0_s_20260527_16,ccc5bea9848148a2a6bdc428a2e5c38f,0.028,,,
259,2026-05-27,SH688303,0.1992639404105108,EXP_DEnsembleModel_Alpha158_csi300_custom_step0_s_20260527_16,ccc5bea9848148a2a6bdc428a2e5c38f,0.028,,,
260,2026-05-27,SZ000002,0.24251213985702638,EXP_DEnsembleModel_Alpha158_csi300_custom_step0_s_20260527_16,ccc5bea9848148a2a6bdc428a2e5c38f,0.028,,,
261,2026-05-27,SH601088,0.0224535521119833,EXP_LinearModel_Alpha158_csi300_custom_step0_s_20260527_16,70357decab974f77b3a18272159e814f,0.091,,,
262,2026-05-27,SZ000425,0.1053316492862318,EXP_DEnsembleModel_Alpha158_csi300_custom_step0_s_20260527_16,ccc5bea9848148a2a6bdc428a2e5c38f,0.028,,,
263,2026-05-27,SZ000568,-0.022954417857345786,EXP_DEnsembleModel_Alpha158_csi300_custom_step0_s_20260527_16,ccc5bea9848148a2a6bdc428a2e5c38f,0.028,,,
264,2026-05-27,SZ000858,0.023125746433648373,EXP_DEnsembleModel_Alpha158_csi300_custom_step0_s_20260527_16,ccc5bea9848148a2a6bdc428a2e5c38f,0.028,,,
265,2026-05-27,SZ000807,-0.008678980249568381,EXP_DEnsembleModel_Alpha158_csi300_custom_step0_s_20260527_16,ccc5bea9848148a2a6bdc428a2e5c38f,0.028,,,
266,2026-05-27,SZ000792,0.18707646747171705,EXP_DEnsembleModel_Alpha158_csi300_custom_step0_s_20260527_16,ccc5bea9848148a2a6bdc428a2e5c38f,0.028,,,
267,2026-05-27,SZ000786,0.03404282540959892,EXP_DEnsembleModel_Alpha158_csi300_custom_step0_s_20260527_16,ccc5bea9848148a2a6bdc428a2e5c38f,0.028,,,
268,2026-05-27,SZ000776,0.003996989164050588,EXP_DEnsembleModel_Alpha158_csi300_custom_step0_s_20260527_16,ccc5bea9848148a2a6bdc428a2e5c38f,0.028,,,
269,2026-05-27,SZ000768,0.15249440230580594,EXP_DEnsembleModel_Alpha158_csi300_custom_step0_s_20260527_16,ccc5bea9848148a2a6bdc428a2e5c38f,0.028,,,
270,2026-05-27,SZ000538,-0.0008019641302922795,EXP_DEnsembleModel_Alpha158_csi300_custom_step0_s_20260527_16,ccc5bea9848148a2a6bdc428a2e5c38f,0.028,,,
271,2026-05-27,SZ000725,-0.24740070100327963,EXP_DEnsembleModel_Alpha158_csi300_custom_step0_s_20260527_16,ccc5bea9848148a2a6bdc428a2e5c38f,0.028,,,
272,2026-05-27,SZ000661,0.050053916184940254,EXP_DEnsembleModel_Alpha158_csi300_custom_step0_s_20260527_16,ccc5bea9848148a2a6bdc428a2e5c38f,0.028,,,
273,2026-05-27,SZ000651,-0.04949515013532713,EXP_DEnsembleModel_Alpha158_csi300_custom_step0_s_20260527_16,ccc5bea9848148a2a6bdc428a2e5c38f,0.028,,,
274,2026-05-27,SZ000630,0.03274496618173644,EXP_DEnsembleModel_Alpha158_csi300_custom_step0_s_20260527_16,ccc5bea9848148a2a6bdc428a2e5c38f,0.028,,,
275,2026-05-27,SZ000625,0.07613041527581393,EXP_DEnsembleModel_Alpha158_csi300_custom_step0_s_20260527_16,ccc5bea9848148a2a6bdc428a2e5c38f,0.028,,,
276,2026-05-27,SZ000617,0.127632356737475,EXP_DEnsembleModel_Alpha158_csi300_custom_step0_s_20260527_16,ccc5bea9848148a2a6bdc428a2e5c38f,0.028,,,
277,2026-05-27,SZ000596,0.016730786086050158,EXP_DEnsembleModel_Alpha158_csi300_custom_step0_s_20260527_16,ccc5bea9848148a2a6bdc428a2e5c38f,0.028,,,
278,2026-05-27,SZ000708,-0.07063015724743453,EXP_DEnsembleModel_Alpha158_csi300_custom_step0_s_20260527_16,ccc5bea9848148a2a6bdc428a2e5c38f,0.028,,,
279,2026-05-27,SH601377,0.0330352208932138,EXP_DEnsembleModel_Alpha158_csi300_custom_step0_s_20260527_16,ccc5bea9848148a2a6bdc428a2e5c38f,0.028,,,
280,2026-05-27,SH601100,-0.04964970052242279,EXP_LinearModel_Alpha158_csi300_custom_step0_s_20260527_16,70357decab974f77b3a18272159e814f,0.091,,,
281,2026-05-27,SH601117,0.00733772711828351,EXP_LinearModel_Alpha158_csi300_custom_step0_s_20260527_16,70357decab974f77b3a18272159e814f,0.091,,,
282,2026-05-27,SZ300274,-0.013376223854720592,EXP_LinearModel_Alpha158_csi300_custom_step0_s_20260527_16,70357decab974f77b3a18272159e814f,0.091,,,
283,2026-05-27,SZ300308,-0.13296084105968475,EXP_LinearModel_Alpha158_csi300_custom_step0_s_20260527_16,70357decab974f77b3a18272159e814f,0.091,,,
284,2026-05-27,SZ300316,-0.04292776435613632,EXP_LinearModel_Alpha158_csi300_custom_step0_s_20260527_16,70357decab974f77b3a18272159e814f,0.091,,,
285,2026-05-27,SZ300347,0.04374069720506668,EXP_LinearModel_Alpha158_csi300_custom_step0_s_20260527_16,70357decab974f77b3a18272159e814f,0.091,,,
286,2026-05-27,SZ300394,-0.08218110352754593,EXP_LinearModel_Alpha158_csi300_custom_step0_s_20260527_16,70357decab974f77b3a18272159e814f,0.091,,,
287,2026-05-27,SZ300408,-0.2573152184486389,EXP_LinearModel_Alpha158_csi300_custom_step0_s_20260527_16,70357decab974f77b3a18272159e814f,0.091,,,
288,2026-05-27,SZ300413,-0.026969965547323227,EXP_LinearModel_Alpha158_csi300_custom_step0_s_20260527_16,70357decab974f77b3a18272159e814f,0.091,,,
289,2026-05-27,SZ300418,-0.028997618705034256,EXP_LinearModel_Alpha158_csi300_custom_step0_s_20260527_16,70357decab974f77b3a18272159e814f,0.091,,,
290,2026-05-27,SZ300433,-0.024008026346564293,EXP_LinearModel_Alpha158_csi300_custom_step0_s_20260527_16,70357decab974f77b3a18272159e814f,0.091,,,
291,2026-05-27,SZ300442,-0.03433606028556824,EXP_LinearModel_Alpha158_csi300_custom_step0_s_20260527_16,70357decab974f77b3a18272159e814f,0.091,,,
292,2026-05-27,SZ300476,-0.16928772628307343,EXP_LinearModel_Alpha158_csi300_custom_step0_s_20260527_16,70357decab974f77b3a18272159e814f,0.091,,,
293,2026-05-27,SZ300498,0.022871997207403183,EXP_LinearModel_Alpha158_csi300_custom_step0_s_20260527_16,70357decab974f77b3a18272159e814f,0.091,,,
294,2026-05-27,SZ300502,-0.1797151267528534,EXP_LinearModel_Alpha158_csi300_custom_step0_s_20260527_16,70357decab974f77b3a18272159e814f,0.091,,,
295,2026-05-27,SZ300628,0.037487439811229706,EXP_LinearModel_Alpha158_csi300_custom_step0_s_20260527_16,70357decab974f77b3a18272159e814f,0.091,,,
296,2026-05-27,SZ300661,-0.11044695973396301,EXP_LinearModel_Alpha158_csi300_custom_step0_s_20260527_16,70357decab974f77b3a18272159e814f,0.091,,,
297,2026-05-27,SZ300750,-0.031791917979717255,EXP_LinearModel_Alpha158_csi300_custom_step0_s_20260527_16,70357decab974f77b3a18272159e814f,0.091,,,
298,2026-05-27,SZ300759,0.002012579934671521,EXP_LinearModel_Alpha158_csi300_custom_step0_s_20260527_16,70357decab974f77b3a18272159e814f,0.091,,,
299,2026-05-27,SH600010,-0.05806490406394005,EXP_LinearModel_Alpha158_csi300_custom_step0_s_20260527_16,74815d00235a494c823c27bceff974f9,0.102,,,
300,2026-05-27,SH600009,0.01241883635520935,EXP_LinearModel_Alpha158_csi300_custom_step0_s_20260527_16,74815d00235a494c823c27bceff974f9,0.102,,,
301,2026-05-27,SH600000,-0.0005381028167903423,EXP_LinearModel_Alpha158_csi300_custom_step0_s_20260527_16,74815d00235a494c823c27bceff974f9,0.102,,,
302,2026-05-27,SZ302132,-0.04487369582056999,EXP_LinearModel_Alpha158_csi300_custom_step0_s_20260527_16,70357decab974f77b3a18272159e814f,0.091,,,
303,2026-05-27,SZ301269,-0.1690567582845688,EXP_LinearModel_Alpha158_csi300_custom_step0_s_20260527_16,70357decab974f77b3a18272159e814f,0.091,,,
304,2026-05-27,SZ301236,0.021540524438023567,EXP_LinearModel_Alpha158_csi300_custom_step0_s_20260527_16,70357decab974f77b3a18272159e814f,0.091,,,
305,2026-05-27,SZ300251,-0.05086503177881241,EXP_LinearModel_Alpha158_csi300_custom_step0_s_20260527_16,70357decab974f77b3a18272159e814f,0.091,,,
306,2026-05-27,SZ300999,-0.025208458304405212,EXP_LinearModel_Alpha158_csi300_custom_step0_s_20260527_16,70357decab974f77b3a18272159e814f,0.091,,,
307,2026-05-27,SZ300896,-0.04237610846757889,EXP_LinearModel_Alpha158_csi300_custom_step0_s_20260527_16,70357decab974f77b3a18272159e814f,0.091,,,
308,2026-05-27,SZ300866,0.008906031027436256,EXP_LinearModel_Alpha158_csi300_custom_step0_s_20260527_16,70357decab974f77b3a18272159e814f,0.091,,,
309,2026-05-27,SZ300832,-0.049789104610681534,EXP_LinearModel_Alpha158_csi300_custom_step0_s_20260527_16,70357decab974f77b3a18272159e814f,0.091,,,
310,2026-05-27,SZ300803,-0.03368481621146202,EXP_LinearModel_Alpha158_csi300_custom_step0_s_20260527_16,70357decab974f77b3a18272159e814f,0.091,,,
311,2026-05-27,SZ300782,-0.03377785161137581,EXP_LinearModel_Alpha158_csi300_custom_step0_s_20260527_16,70357decab974f77b3a18272159e814f,0.091,,,
312,2026-05-27,SZ300760,-0.058379873633384705,EXP_LinearModel_Alpha158_csi300_custom_step0_s_20260527_16,70357decab974f77b3a18272159e814f,0.091,,,
313,2026-05-27,SZ300979,0.008916379883885384,EXP_LinearModel_Alpha158_csi300_custom_step0_s_20260527_16,70357decab974f77b3a18272159e814f,0.091,,,
314,2026-05-27,SH600011,0.07830461859703064,EXP_LinearModel_Alpha158_csi300_custom_step0_s_20260527_16,74815d00235a494c823c27bceff974f9,0.102,,,
315,2026-05-27,SZ300124,-0.0416063517332077,EXP_LinearModel_Alpha158_csi300_custom_step0_s_20260527_16,70357decab974f77b3a18272159e814f,0.091,,,
316,2026-05-27,SZ300059,-0.02655821666121483,EXP_LinearModel_Alpha158_csi300_custom_step0_s_20260527_16,70357decab974f77b3a18272159e814f,0.091,,,
317,2026-05-27,SZ002236,0.002331317402422428,EXP_LinearModel_Alpha158_csi300_custom_step0_s_20260527_16,70357decab974f77b3a18272159e814f,0.091,,,
318,2026-05-27,SZ002241,-0.018476087599992752,EXP_LinearModel_Alpha158_csi300_custom_step0_s_20260527_16,70357decab974f77b3a18272159e814f,0.091,,,
319,2026-05-27,SZ002252,-0.0055978139862418175,EXP_LinearModel_Alpha158_csi300_custom_step0_s_20260527_16,70357decab974f77b3a18272159e814f,0.091,,,
320,2026-05-27,SZ002304,-0.04116608947515488,EXP_LinearModel_Alpha158_csi300_custom_step0_s_20260527_16,70357decab974f77b3a18272159e814f,0.091,,,
321,2026-05-27,SZ002311,-0.052480313926935196,EXP_LinearModel_Alpha158_csi300_custom_step0_s_20260527_16,70357decab974f77b3a18272159e814f,0.091,,,
322,2026-05-27,SZ002352,-0.011529535055160522,EXP_LinearModel_Alpha158_csi300_custom_step0_s_20260527_16,70357decab974f77b3a18272159e814f,0.091,,,
323,2026-05-27,SZ002371,-0.04332656040787697,EXP_LinearModel_Alpha158_csi300_custom_step0_s_20260527_16,70357decab974f77b3a18272159e814f,0.091,,,
324,2026-05-27,SZ002384,-0.12116558849811554,EXP_LinearModel_Alpha158_csi300_custom_step0_s_20260527_16,70357decab974f77b3a18272159e814f,0.091,,,
325,2026-05-27,SZ002415,0.00022668996825814247,EXP_LinearModel_Alpha158_csi300_custom_step0_s_20260527_16,70357decab974f77b3a18272159e814f,0.091,,,
326,2026-05-27,SZ002422,-0.03685152903199196,EXP_LinearModel_Alpha158_csi300_custom_step0_s_20260527_16,70357decab974f77b3a18272159e814f,0.091,,,
327,2026-05-27,SZ002459,0.01324806921184063,EXP_LinearModel_Alpha158_csi300_custom_step0_s_20260527_16,70357decab974f77b3a18272159e814f,0.091,,,
328,2026-05-27,SZ002460,0.01563209295272827,EXP_LinearModel_Alpha158_csi300_custom_step0_s_20260527_16,70357decab974f77b3a18272159e814f,0.091,,,
329,2026-05-27,SZ002463,-0.20164452493190765,EXP_LinearModel_Alpha158_csi300_custom_step0_s_20260527_16,70357decab974f77b3a18272159e814f,0.091,,,
330,2026-05-27,SZ002466,0.005514343269169331,EXP_LinearModel_Alpha158_csi300_custom_step0_s_20260527_16,70357decab974f77b3a18272159e814f,0.091,,,
331,2026-05-27,SZ002475,-0.08635763823986053,EXP_LinearModel_Alpha158_csi300_custom_step0_s_20260527_16,70357decab974f77b3a18272159e814f,0.091,,,
332,2026-05-27,SZ002493,-0.004119486548006535,EXP_LinearModel_Alpha158_csi300_custom_step0_s_20260527_16,70357decab974f77b3a18272159e814f,0.091,,,
333,2026-05-27,SZ002594,-0.01983047090470791,EXP_LinearModel_Alpha158_csi300_custom_step0_s_20260527_16,70357decab974f77b3a18272159e814f,0.091,,,
334,2026-05-27,SZ300033,0.006712033879011869,EXP_LinearModel_Alpha158_csi300_custom_step0_s_20260527_16,70357decab974f77b3a18272159e814f,0.091,,,
335,2026-05-27,SZ300015,-0.050268903374671936,EXP_LinearModel_Alpha158_csi300_custom_step0_s_20260527_16,70357decab974f77b3a18272159e814f,0.091,,,
336,2026-05-27,SZ300014,0.010344230569899082,EXP_LinearModel_Alpha158_csi300_custom_step0_s_20260527_16,70357decab974f77b3a18272159e814f,0.091,,,
337,2026-05-27,SZ003816,0.007883932441473007,EXP_LinearModel_Alpha158_csi300_custom_step0_s_20260527_16,70357decab974f77b3a18272159e814f,0.091,,,
338,2026-05-27,SZ002938,-0.20699012279510498,EXP_LinearModel_Alpha158_csi300_custom_step0_s_20260527_16,70357decab974f77b3a18272159e814f,0.091,,,
339,2026-05-27,SZ002920,-0.04629670828580856,EXP_LinearModel_Alpha158_csi300_custom_step0_s_20260527_16,70357decab974f77b3a18272159e814f,0.091,,,
340,2026-05-27,SZ300122,-0.043024107813835144,EXP_LinearModel_Alpha158_csi300_custom_step0_s_20260527_16,70357decab974f77b3a18272159e814f,0.091,,,
341,2026-05-27,SZ002916,-0.1722029447555542,EXP_LinearModel_Alpha158_csi300_custom_step0_s_20260527_16,70357decab974f77b3a18272159e814f,0.091,,,
342,2026-05-27,SZ002714,0.0022490378469228745,EXP_LinearModel_Alpha158_csi300_custom_step0_s_20260527_16,70357decab974f77b3a18272159e814f,0.091,,,
343,2026-05-27,SZ002709,-0.02869657799601555,EXP_LinearModel_Alpha158_csi300_custom_step0_s_20260527_16,70357decab974f77b3a18272159e814f,0.091,,,
344,2026-05-27,SZ002648,0.0352102629840374,EXP_LinearModel_Alpha158_csi300_custom_step0_s_20260527_16,70357decab974f77b3a18272159e814f,0.091,,,
345,2026-05-27,SZ002625,0.036168262362480164,EXP_LinearModel_Alpha158_csi300_custom_step0_s_20260527_16,70357decab974f77b3a18272159e814f,0.091,,,
346,2026-05-27,SZ002601,0.03553210571408272,EXP_LinearModel_Alpha158_csi300_custom_step0_s_20260527_16,70357decab974f77b3a18272159e814f,0.091,,,
347,2026-05-27,SZ002600,-0.052870769053697586,EXP_LinearModel_Alpha158_csi300_custom_step0_s_20260527_16,70357decab974f77b3a18272159e814f,0.091,,,
348,2026-05-27,SZ002736,-0.005297475028783083,EXP_LinearModel_Alpha158_csi300_custom_step0_s_20260527_16,70357decab974f77b3a18272159e814f,0.091,,,
349,2026-05-27,SZ002230,0.004998110234737396,EXP_LinearModel_Alpha158_csi300_custom_step0_s_20260527_16,70357decab974f77b3a18272159e814f,0.091,,,
350,2026-05-27,SH600015,0.002729064552113414,EXP_LinearModel_Alpha158_csi300_custom_step0_s_20260527_16,74815d00235a494c823c27bceff974f9,0.102,,,
351,2026-05-27,SH600018,0.046947181224823,EXP_LinearModel_Alpha158_csi300_custom_step0_s_20260527_16,74815d00235a494c823c27bceff974f9,0.102,,,
352,2026-05-27,SH600406,-0.03991540148854256,EXP_LinearModel_Alpha158_csi300_custom_step0_s_20260527_16,74815d00235a494c823c27bceff974f9,0.102,,,
353,2026-05-27,SH600415,-0.029904134571552277,EXP_LinearModel_Alpha158_csi300_custom_step0_s_20260527_16,74815d00235a494c823c27bceff974f9,0.102,,,
354,2026-05-27,SH600426,0.04633903503417969,EXP_LinearModel_Alpha158_csi300_custom_step0_s_20260527_16,74815d00235a494c823c27bceff974f9,0.102,,,
355,2026-05-27,SH600436,-0.03286075219511986,EXP_LinearModel_Alpha158_csi300_custom_step0_s_20260527_16,74815d00235a494c823c27bceff974f9,0.102,,,
356,2026-05-27,SH600438,,EXP_LinearModel_Alpha158_csi300_custom_step0_s_20260527_16,74815d00235a494c823c27bceff974f9,0.102,,,
357,2026-05-27,SH600460,0.0029747290536761284,EXP_LinearModel_Alpha158_csi300_custom_step0_s_20260527_16,74815d00235a494c823c27bceff974f9,0.102,,,
358,2026-05-27,SH600482,0.08043136447668076,EXP_LinearModel_Alpha158_csi300_custom_step0_s_20260527_16,74815d00235a494c823c27bceff974f9,0.102,,,
359,2026-05-27,SH600489,-0.038601309061050415,EXP_LinearModel_Alpha158_csi300_custom_step0_s_20260527_16,74815d00235a494c823c27bceff974f9,0.102,,,
360,2026-05-27,SH600515,0.014901738613843918,EXP_LinearModel_Alpha158_csi300_custom_step0_s_20260527_16,74815d00235a494c823c27bceff974f9,0.102,,,
361,2026-05-27,SH600519,-0.04208165407180786,EXP_LinearModel_Alpha158_csi300_custom_step0_s_20260527_16,74815d00235a494c823c27bceff974f9,0.102,,,
362,2026-05-27,SH600522,0.06291122734546661,EXP_LinearModel_Alpha158_csi300_custom_step0_s_20260527_16,74815d00235a494c823c27bceff974f9,0.102,,,
363,2026-05-27,SH600547,-0.01309630274772644,EXP_LinearModel_Alpha158_csi300_custom_step0_s_20260527_16,74815d00235a494c823c27bceff974f9,0.102,,,
364,2026-05-27,SH600570,-0.012878509238362312,EXP_LinearModel_Alpha158_csi300_custom_step0_s_20260527_16,74815d00235a494c823c27bceff974f9,0.102,,,
365,2026-05-27,SH600584,-0.20022988319396973,EXP_LinearModel_Alpha158_csi300_custom_step0_s_20260527_16,74815d00235a494c823c27bceff974f9,0.102,,,
366,2026-05-27,SH600585,-0.04673013836145401,EXP_LinearModel_Alpha158_csi300_custom_step0_s_20260527_16,74815d00235a494c823c27bceff974f9,0.102,,,
367,2026-05-27,SH600588,-0.045030392706394196,EXP_LinearModel_Alpha158_csi300_custom_step0_s_20260527_16,74815d00235a494c823c27bceff974f9,0.102,,,
368,2026-05-27,SH600600,-0.02723257802426815,EXP_LinearModel_Alpha158_csi300_custom_step0_s_20260527_16,74815d00235a494c823c27bceff974f9,0.102,,,
369,2026-05-27,SH600900,0.0011673349654302,EXP_LinearModel_Alpha158_csi300_custom_step0_s_20260527_16,74815d00235a494c823c27bceff974f9,0.102,,,
370,2026-05-27,SH600893,-0.026469217613339424,EXP_LinearModel_Alpha158_csi300_custom_step0_s_20260527_16,74815d00235a494c823c27bceff974f9,0.102,,,
371,2026-05-27,SH600887,0.031143149361014366,EXP_LinearModel_Alpha158_csi300_custom_step0_s_20260527_16,74815d00235a494c823c27bceff974f9,0.102,,,
372,2026-05-27,SH600886,0.019025223329663277,EXP_LinearModel_Alpha158_csi300_custom_step0_s_20260527_16,74815d00235a494c823c27bceff974f9,0.102,,,
373,2026-05-27,SH600875,-0.005077796522527933,EXP_LinearModel_Alpha158_csi300_custom_step0_s_20260527_16,74815d00235a494c823c27bceff974f9,0.102,,,
374,2026-05-27,SH600845,-0.010698874481022358,EXP_LinearModel_Alpha158_csi300_custom_step0_s_20260527_16,74815d00235a494c823c27bceff974f9,0.102,,,
375,2026-05-27,SH600377,0.04170578718185425,EXP_LinearModel_Alpha158_csi300_custom_step0_s_20260527_16,74815d00235a494c823c27bceff974f9,0.102,,,
376,2026-05-27,SH600809,-0.028434131294488907,EXP_LinearModel_Alpha158_csi300_custom_step0_s_20260527_16,74815d00235a494c823c27bceff974f9,0.102,,,
377,2026-05-27,SH600795,0.023163601756095886,EXP_LinearModel_Alpha158_csi300_custom_step0_s_20260527_16,74815d00235a494c823c27bceff974f9,0.102,,,
378,2026-05-27,SH600760,-0.04489997401833534,EXP_LinearModel_Alpha158_csi300_custom_step0_s_20260527_16,74815d00235a494c823c27bceff974f9,0.102,,,
379,2026-05-27,SH600741,-0.04976261407136917,EXP_LinearModel_Alpha158_csi300_custom_step0_s_20260527_16,74815d00235a494c823c27bceff974f9,0.102,,,
380,2026-05-27,SH600690,-0.04513218253850937,EXP_LinearModel_Alpha158_csi300_custom_step0_s_20260527_16,74815d00235a494c823c27bceff974f9,0.102,,,
381,2026-05-27,SH600674,0.021416587755084038,EXP_LinearModel_Alpha158_csi300_custom_step0_s_20260527_16,74815d00235a494c823c27bceff974f9,0.102,,,
382,2026-05-27,SH600660,-0.055961865931749344,EXP_LinearModel_Alpha158_csi300_custom_step0_s_20260527_16,74815d00235a494c823c27bceff974f9,0.102,,,
383,2026-05-27,SH600803,0.034368038177490234,EXP_LinearModel_Alpha158_csi300_custom_step0_s_20260527_16,74815d00235a494c823c27bceff974f9,0.102,,,
384,2026-05-27,SH600016,0.03131946548819542,EXP_LinearModel_Alpha158_csi300_custom_step0_s_20260527_16,74815d00235a494c823c27bceff974f9,0.102,,,
385,2026-05-27,SH600372,-0.03613952174782753,EXP_LinearModel_Alpha158_csi300_custom_step0_s_20260527_16,74815d00235a494c823c27bceff974f9,0.102,,,
386,2026-05-27,SH600346,0.005935124587267637,EXP_LinearModel_Alpha158_csi300_custom_step0_s_20260527_16,74815d00235a494c823c27bceff974f9,0.102,,,
387,2026-05-27,SH600019,0.04522956162691116,EXP_LinearModel_Alpha158_csi300_custom_step0_s_20260527_16,74815d00235a494c823c27bceff974f9,0.102,,,
388,2026-05-27,SH600023,-0.008189549669623375,EXP_LinearModel_Alpha158_csi300_custom_step0_s_20260527_16,74815d00235a494c823c27bceff974f9,0.102,,,
389,2026-05-27,SH600025,0.017615938559174538,EXP_LinearModel_Alpha158_csi300_custom_step0_s_20260527_16,74815d00235a494c823c27bceff974f9,0.102,,,
390,2026-05-27,SH600026,-0.003601024392992258,EXP_LinearModel_Alpha158_csi300_custom_step0_s_20260527_16,74815d00235a494c823c27bceff974f9,0.102,,,
391,2026-05-27,SH600027,0.05370420962572098,EXP_LinearModel_Alpha158_csi300_custom_step0_s_20260527_16,74815d00235a494c823c27bceff974f9,0.102,,,
392,2026-05-27,SH600028,-0.18844681978225708,EXP_LinearModel_Alpha158_csi300_custom_step0_s_20260527_16,74815d00235a494c823c27bceff974f9,0.102,,,
393,2026-05-27,SH600029,-0.07870206236839294,EXP_LinearModel_Alpha158_csi300_custom_step0_s_20260527_16,74815d00235a494c823c27bceff974f9,0.102,,,
394,2026-05-27,SH600030,-0.061475154012441635,EXP_LinearModel_Alpha158_csi300_custom_step0_s_20260527_16,74815d00235a494c823c27bceff974f9,0.102,,,
395,2026-05-27,SH600031,-0.042443182319402695,EXP_LinearModel_Alpha158_csi300_custom_step0_s_20260527_16,74815d00235a494c823c27bceff974f9,0.102,,,
396,2026-05-27,SH600036,-0.018763553351163864,EXP_LinearModel_Alpha158_csi300_custom_step0_s_20260527_16,74815d00235a494c823c27bceff974f9,0.102,,,
397,2026-05-27,SH600039,0.06977531313896179,EXP_LinearModel_Alpha158_csi300_custom_step0_s_20260527_16,74815d00235a494c823c27bceff974f9,0.102,,,
398,2026-05-27,SH600048,-0.021028215065598488,EXP_LinearModel_Alpha158_csi300_custom_step0_s_20260527_16,74815d00235a494c823c27bceff974f9,0.102,,,
399,2026-05-27,SH600050,-0.016134003177285194,EXP_LinearModel_Alpha158_csi300_custom_step0_s_20260527_16,74815d00235a494c823c27bceff974f9,0.102,,,
400,2026-05-27,SH600061,0.03782608360052109,EXP_LinearModel_Alpha158_csi300_custom_step0_s_20260527_16,74815d00235a494c823c27bceff974f9,0.102,,,
401,2026-05-27,SH600066,0.026077788323163986,EXP_LinearModel_Alpha158_csi300_custom_step0_s_20260527_16,74815d00235a494c823c27bceff974f9,0.102,,,
402,2026-05-27,SH600085,0.00999278575181961,EXP_LinearModel_Alpha158_csi300_custom_step0_s_20260527_16,74815d00235a494c823c27bceff974f9,0.102,,,
403,2026-05-27,SH600089,-0.016596313565969467,EXP_LinearModel_Alpha158_csi300_custom_step0_s_20260527_16,74815d00235a494c823c27bceff974f9,0.102,,,
404,2026-05-27,SH600309,0.030404044315218925,EXP_LinearModel_Alpha158_csi300_custom_step0_s_20260527_16,74815d00235a494c823c27bceff974f9,0.102,,,
405,2026-05-27,SH600276,-0.05597710236907005,EXP_LinearModel_Alpha158_csi300_custom_step0_s_20260527_16,74815d00235a494c823c27bceff974f9,0.102,,,
406,2026-05-27,SH600233,-0.028287449851632118,EXP_LinearModel_Alpha158_csi300_custom_step0_s_20260527_16,74815d00235a494c823c27bceff974f9,0.102,,,
407,2026-05-27,SH600219,0.0058629876002669334,EXP_LinearModel_Alpha158_csi300_custom_step0_s_20260527_16,74815d00235a494c823c27bceff974f9,0.102,,,
408,2026-05-27,SH600196,-0.0826759785413742,EXP_LinearModel_Alpha158_csi300_custom_step0_s_20260527_16,74815d00235a494c823c27bceff974f9,0.102,,,
409,2026-05-27,SH600188,0.04699903726577759,EXP_LinearModel_Alpha158_csi300_custom_step0_s_20260527_16,74815d00235a494c823c27bceff974f9,0.102,,,
410,2026-05-27,SH600362,-0.02244984731078148,EXP_LinearModel_Alpha158_csi300_custom_step0_s_20260527_16,74815d00235a494c823c27bceff974f9,0.102,,,
411,2026-05-27,SH600183,-0.2175888866186142,EXP_LinearModel_Alpha158_csi300_custom_step0_s_20260527_16,74815d00235a494c823c27bceff974f9,0.102,,,
412,2026-05-27,SH600161,0.016463538631796837,EXP_LinearModel_Alpha158_csi300_custom_step0_s_20260527_16,74815d00235a494c823c27bceff974f9,0.102,,,
413,2026-05-27,SH600160,-0.01753232255578041,EXP_LinearModel_Alpha158_csi300_custom_step0_s_20260527_16,74815d00235a494c823c27bceff974f9,0.102,,,
414,2026-05-27,SH600150,0.028660021722316742,EXP_LinearModel_Alpha158_csi300_custom_step0_s_20260527_16,74815d00235a494c823c27bceff974f9,0.102,,,
415,2026-05-27,SH600115,-0.07121027261018753,EXP_LinearModel_Alpha158_csi300_custom_step0_s_20260527_16,74815d00235a494c823c27bceff974f9,0.102,,,
416,2026-05-27,SH600111,-0.06471603363752365,EXP_LinearModel_Alpha158_csi300_custom_step0_s_20260527_16,74815d00235a494c823c27bceff974f9,0.102,,,
417,2026-05-27,SH600104,0.01885463297367096,EXP_LinearModel_Alpha158_csi300_custom_step0_s_20260527_16,74815d00235a494c823c27bceff974f9,0.102,,,
418,2026-05-27,SH600176,-0.05746064707636833,EXP_LinearModel_Alpha158_csi300_custom_step0_s_20260527_16,74815d00235a494c823c27bceff974f9,0.102,,,
419,2026-05-27,SZ002179,-0.005362913012504578,EXP_LinearModel_Alpha158_csi300_custom_step0_s_20260527_16,70357decab974f77b3a18272159e814f,0.091,,,
420,2026-05-27,SZ002142,-0.01167806051671505,EXP_LinearModel_Alpha158_csi300_custom_step0_s_20260527_16,70357decab974f77b3a18272159e814f,0.091,,,
421,2026-05-27,SZ002074,-0.04992692172527313,EXP_LinearModel_Alpha158_csi300_custom_step0_s_20260527_16,70357decab974f77b3a18272159e814f,0.091,,,
422,2026-05-27,SH601766,-0.06278117746114731,EXP_LinearModel_Alpha158_csi300_custom_step0_s_20260527_16,70357decab974f77b3a18272159e814f,0.091,,,
423,2026-05-27,SH601788,-0.023200003430247307,EXP_LinearModel_Alpha158_csi300_custom_step0_s_20260527_16,70357decab974f77b3a18272159e814f,0.091,,,
424,2026-05-27,SH601800,-0.03838774189352989,EXP_LinearModel_Alpha158_csi300_custom_step0_s_20260527_16,70357decab974f77b3a18272159e814f,0.091,,,
425,2026-05-27,SH601808,0.07012074440717697,EXP_LinearModel_Alpha158_csi300_custom_step0_s_20260527_16,70357decab974f77b3a18272159e814f,0.091,,,
426,2026-05-27,SH601816,-0.06837039440870285,EXP_LinearModel_Alpha158_csi300_custom_step0_s_20260527_16,70357decab974f77b3a18272159e814f,0.091,,,
427,2026-05-27,SH601818,0.12361206859350204,EXP_LinearModel_Alpha158_csi300_custom_step0_s_20260527_16,70357decab974f77b3a18272159e814f,0.091,,,
428,2026-05-27,SH601825,-0.016713153570890427,EXP_LinearModel_Alpha158_csi300_custom_step0_s_20260527_16,70357decab974f77b3a18272159e814f,0.091,,,
429,2026-05-27,SH601838,0.023636428639292717,EXP_LinearModel_Alpha158_csi300_custom_step0_s_20260527_16,70357decab974f77b3a18272159e814f,0.091,,,
430,2026-05-27,SH601857,0.0519808866083622,EXP_LinearModel_Alpha158_csi300_custom_step0_s_20260527_16,70357decab974f77b3a18272159e814f,0.091,,,
431,2026-05-27,SH601868,0.024781931191682816,EXP_LinearModel_Alpha158_csi300_custom_step0_s_20260527_16,70357decab974f77b3a18272159e814f,0.091,,,
432,2026-05-27,SH601872,0.001224225154146552,EXP_LinearModel_Alpha158_csi300_custom_step0_s_20260527_16,70357decab974f77b3a18272159e814f,0.091,,,
433,2026-05-27,SH601877,0.023434573784470558,EXP_LinearModel_Alpha158_csi300_custom_step0_s_20260527_16,70357decab974f77b3a18272159e814f,0.091,,,
434,2026-05-27,SH601878,-0.03187822923064232,EXP_LinearModel_Alpha158_csi300_custom_step0_s_20260527_16,70357decab974f77b3a18272159e814f,0.091,,,
435,2026-05-27,SH601881,-4.811142571270466e-05,EXP_LinearModel_Alpha158_csi300_custom_step0_s_20260527_16,70357decab974f77b3a18272159e814f,0.091,,,
436,2026-05-27,SH601888,-0.008577723056077957,EXP_LinearModel_Alpha158_csi300_custom_step0_s_20260527_16,70357decab974f77b3a18272159e814f,0.091,,,
437,2026-05-27,SH601898,0.05729252099990845,EXP_LinearModel_Alpha158_csi300_custom_step0_s_20260527_16,70357decab974f77b3a18272159e814f,0.091,,,
438,2026-05-27,SH601899,-0.02968236431479454,EXP_LinearModel_Alpha158_csi300_custom_step0_s_20260527_16,70357decab974f77b3a18272159e814f,0.091,,,
439,2026-05-27,SH603296,-0.053995996713638306,EXP_LinearModel_Alpha158_csi300_custom_step0_s_20260527_16,70357decab974f77b3a18272159e814f,0.091,,,
440,2026-05-27,SH603288,-0.07609570771455765,EXP_LinearModel_Alpha158_csi300_custom_step0_s_20260527_16,70357decab974f77b3a18272159e814f,0.091,,,
441,2026-05-27,SH603260,-0.03095032274723053,EXP_LinearModel_Alpha158_csi300_custom_step0_s_20260527_16,70357decab974f77b3a18272159e814f,0.091,,,
442,2026-05-27,SH603259,0.06957018375396729,EXP_LinearModel_Alpha158_csi300_custom_step0_s_20260527_16,70357decab974f77b3a18272159e814f,0.091,,,
443,2026-05-27,SH603195,0.039565932005643845,EXP_LinearModel_Alpha158_csi300_custom_step0_s_20260527_16,70357decab974f77b3a18272159e814f,0.091,,,
444,2026-05-27,SH603019,0.032548680901527405,EXP_LinearModel_Alpha158_csi300_custom_step0_s_20260527_16,70357decab974f77b3a18272159e814f,0.091,,,
445,2026-05-27,SH601728,-0.02191510796546936,EXP_LinearModel_Alpha158_csi300_custom_step0_s_20260527_16,70357decab974f77b3a18272159e814f,0.091,,,
446,2026-05-27,SH601998,-0.04250079393386841,EXP_LinearModel_Alpha158_csi300_custom_step0_s_20260527_16,70357decab974f77b3a18272159e814f,0.091,,,
447,2026-05-27,SH601988,0.0395742692053318,EXP_LinearModel_Alpha158_csi300_custom_step0_s_20260527_16,70357decab974f77b3a18272159e814f,0.091,,,
448,2026-05-27,SH601985,-0.02623296156525612,EXP_LinearModel_Alpha158_csi300_custom_step0_s_20260527_16,70357decab974f77b3a18272159e814f,0.091,,,
449,2026-05-27,SH601939,0.016601495444774628,EXP_LinearModel_Alpha158_csi300_custom_step0_s_20260527_16,70357decab974f77b3a18272159e814f,0.091,,,
450,2026-05-27,SH601919,0.0033377374056726694,EXP_LinearModel_Alpha158_csi300_custom_step0_s_20260527_16,70357decab974f77b3a18272159e814f,0.091,,,
451,2026-05-27,SH601916,0.10004725307226181,EXP_LinearModel_Alpha158_csi300_custom_step0_s_20260527_16,70357decab974f77b3a18272159e814f,0.091,,,
452,2026-05-27,SH601901,-0.00652413722127676,EXP_LinearModel_Alpha158_csi300_custom_step0_s_20260527_16,70357decab974f77b3a18272159e814f,0.091,,,
453,2026-05-27,SH601995,0.02248014323413372,EXP_LinearModel_Alpha158_csi300_custom_step0_s_20260527_16,70357decab974f77b3a18272159e814f,0.091,,,
454,2026-05-27,SH603369,0.0077659632079303265,EXP_LinearModel_Alpha158_csi300_custom_step0_s_20260527_16,70357decab974f77b3a18272159e814f,0.091,,,
455,2026-05-27,SH601698,0.007403222844004631,EXP_LinearModel_Alpha158_csi300_custom_step0_s_20260527_16,70357decab974f77b3a18272159e814f,0.091,,,
456,2026-05-27,SH601688,-0.04399317130446434,EXP_LinearModel_Alpha158_csi300_custom_step0_s_20260527_16,70357decab974f77b3a18272159e814f,0.091,,,
457,2026-05-27,SH601127,-0.03342796117067337,EXP_LinearModel_Alpha158_csi300_custom_step0_s_20260527_16,70357decab974f77b3a18272159e814f,0.091,,,
458,2026-05-27,SH601136,-0.06125502288341522,EXP_LinearModel_Alpha158_csi300_custom_step0_s_20260527_16,70357decab974f77b3a18272159e814f,0.091,,,
459,2026-05-27,SH601138,-0.040685832500457764,EXP_LinearModel_Alpha158_csi300_custom_step0_s_20260527_16,70357decab974f77b3a18272159e814f,0.091,,,
460,2026-05-27,SH601166,0.04039595648646355,EXP_LinearModel_Alpha158_csi300_custom_step0_s_20260527_16,70357decab974f77b3a18272159e814f,0.091,,,
461,2026-05-27,SH601169,0.03555735945701599,EXP_LinearModel_Alpha158_csi300_custom_step0_s_20260527_16,70357decab974f77b3a18272159e814f,0.091,,,
462,2026-05-27,SH601186,0.01166575402021408,EXP_LinearModel_Alpha158_csi300_custom_step0_s_20260527_16,70357decab974f77b3a18272159e814f,0.091,,,
463,2026-05-27,SH601211,-0.06244521960616112,EXP_LinearModel_Alpha158_csi300_custom_step0_s_20260527_16,70357decab974f77b3a18272159e814f,0.091,,,
464,2026-05-27,SH601225,0.033127978444099426,EXP_LinearModel_Alpha158_csi300_custom_step0_s_20260527_16,70357decab974f77b3a18272159e814f,0.091,,,
465,2026-05-27,SH601229,-0.04375071823596954,EXP_LinearModel_Alpha158_csi300_custom_step0_s_20260527_16,70357decab974f77b3a18272159e814f,0.091,,,
466,2026-05-27,SH601236,-0.037945784628391266,EXP_LinearModel_Alpha158_csi300_custom_step0_s_20260527_16,70357decab974f77b3a18272159e814f,0.091,,,
467,2026-05-27,SH601238,0.014739098958671093,EXP_LinearModel_Alpha158_csi300_custom_step0_s_20260527_16,70357decab974f77b3a18272159e814f,0.091,,,
468,2026-05-27,SH601288,-0.06681850552558899,EXP_LinearModel_Alpha158_csi300_custom_step0_s_20260527_16,70357decab974f77b3a18272159e814f,0.091,,,
469,2026-05-27,SH601298,0.020736241713166237,EXP_LinearModel_Alpha158_csi300_custom_step0_s_20260527_16,70357decab974f77b3a18272159e814f,0.091,,,
470,2026-05-27,SH601318,-0.03911415860056877,EXP_LinearModel_Alpha158_csi300_custom_step0_s_20260527_16,70357decab974f77b3a18272159e814f,0.091,,,
471,2026-05-27,SH601319,0.0020850677974522114,EXP_LinearModel_Alpha158_csi300_custom_step0_s_20260527_16,70357decab974f77b3a18272159e814f,0.091,,,
472,2026-05-27,SH601328,-0.00748070003464818,EXP_LinearModel_Alpha158_csi300_custom_step0_s_20260527_16,70357decab974f77b3a18272159e814f,0.091,,,
473,2026-05-27,SH601336,-0.07207070291042328,EXP_LinearModel_Alpha158_csi300_custom_step0_s_20260527_16,70357decab974f77b3a18272159e814f,0.091,,,
474,2026-05-27,SH601669,0.009152684360742569,EXP_LinearModel_Alpha158_csi300_custom_step0_s_20260527_16,70357decab974f77b3a18272159e814f,0.091,,,
475,2026-05-27,SH601668,0.0008100200211629272,EXP_LinearModel_Alpha158_csi300_custom_step0_s_20260527_16,70357decab974f77b3a18272159e814f,0.091,,,
476,2026-05-27,SH601658,0.02451961487531662,EXP_LinearModel_Alpha158_csi300_custom_step0_s_20260527_16,70357decab974f77b3a18272159e814f,0.091,,,
477,2026-05-27,SH601633,-0.014163943007588387,EXP_LinearModel_Alpha158_csi300_custom_step0_s_20260527_16,70357decab974f77b3a18272159e814f,0.091,,,
478,2026-05-27,SH601628,-0.06100228428840637,EXP_LinearModel_Alpha158_csi300_custom_step0_s_20260527_16,70357decab974f77b3a18272159e814f,0.091,,,
479,2026-05-27,SH601618,0.0523105263710022,EXP_LinearModel_Alpha158_csi300_custom_step0_s_20260527_16,70357decab974f77b3a18272159e814f,0.091,,,
480,2026-05-27,SH601689,-0.0336860790848732,EXP_LinearModel_Alpha158_csi300_custom_step0_s_20260527_16,70357decab974f77b3a18272159e814f,0.091,,,
481,2026-05-27,SH601607,-0.012679862789809704,EXP_LinearModel_Alpha158_csi300_custom_step0_s_20260527_16,70357decab974f77b3a18272159e814f,0.091,,,
482,2026-05-27,SH601600,0.011953586712479591,EXP_LinearModel_Alpha158_csi300_custom_step0_s_20260527_16,70357decab974f77b3a18272159e814f,0.091,,,
483,2026-05-27,SH601456,-0.03260398656129837,EXP_LinearModel_Alpha158_csi300_custom_step0_s_20260527_16,70357decab974f77b3a18272159e814f,0.091,,,
484,2026-05-27,SH601398,-0.0014700617175549269,EXP_LinearModel_Alpha158_csi300_custom_step0_s_20260527_16,70357decab974f77b3a18272159e814f,0.091,,,
485,2026-05-27,SH601390,0.054687172174453735,EXP_LinearModel_Alpha158_csi300_custom_step0_s_20260527_16,70357decab974f77b3a18272159e814f,0.091,,,
486,2026-05-27,SH601377,-0.01600642502307892,EXP_LinearModel_Alpha158_csi300_custom_step0_s_20260527_16,70357decab974f77b3a18272159e814f,0.091,,,
487,2026-05-27,SH601360,-0.003070707432925701,EXP_LinearModel_Alpha158_csi300_custom_step0_s_20260527_16,70357decab974f77b3a18272159e814f,0.091,,,
488,2026-05-27,SH601601,-0.0158671997487545,EXP_LinearModel_Alpha158_csi300_custom_step0_s_20260527_16,70357decab974f77b3a18272159e814f,0.091,,,
489,2026-05-27,SH603392,-0.04835323244333267,EXP_LinearModel_Alpha158_csi300_custom_step0_s_20260527_16,70357decab974f77b3a18272159e814f,0.091,,,
490,2026-05-27,SH603501,-0.08855590969324112,EXP_LinearModel_Alpha158_csi300_custom_step0_s_20260527_16,70357decab974f77b3a18272159e814f,0.091,,,
491,2026-05-27,SH603799,-0.05455704778432846,EXP_LinearModel_Alpha158_csi300_custom_step0_s_20260527_16,70357decab974f77b3a18272159e814f,0.091,,,
492,2026-05-27,SZ000568,-0.01149385329335928,EXP_LinearModel_Alpha158_csi300_custom_step0_s_20260527_16,70357decab974f77b3a18272159e814f,0.091,,,
493,2026-05-27,SZ000596,-0.04598768800497055,EXP_LinearModel_Alpha158_csi300_custom_step0_s_20260527_16,70357decab974f77b3a18272159e814f,0.091,,,
494,2026-05-27,SZ000617,0.06670539081096649,EXP_LinearModel_Alpha158_csi300_custom_step0_s_20260527_16,70357decab974f77b3a18272159e814f,0.091,,,
495,2026-05-27,SZ000625,-0.041015639901161194,EXP_LinearModel_Alpha158_csi300_custom_step0_s_20260527_16,70357decab974f77b3a18272159e814f,0.091,,,
496,2026-05-27,SZ000630,-0.061916857957839966,EXP_LinearModel_Alpha158_csi300_custom_step0_s_20260527_16,70357decab974f77b3a18272159e814f,0.091,,,
497,2026-05-27,SZ000651,0.021273575723171234,EXP_LinearModel_Alpha158_csi300_custom_step0_s_20260527_16,70357decab974f77b3a18272159e814f,0.091,,,
498,2026-05-27,SZ000661,-0.08604645729064941,EXP_LinearModel_Alpha158_csi300_custom_step0_s_20260527_16,70357decab974f77b3a18272159e814f,0.091,,,
499,2026-05-27,SZ000708,0.0015941392630338669,EXP_LinearModel_Alpha158_csi300_custom_step0_s_20260527_16,70357decab974f77b3a18272159e814f,0.091,,,
500,2026-05-27,SZ000725,-0.11260298639535904,EXP_LinearModel_Alpha158_csi300_custom_step0_s_20260527_16,70357decab974f77b3a18272159e814f,0.091,,,
501,2026-05-27,SZ000768,-0.023505181074142456,EXP_LinearModel_Alpha158_csi300_custom_step0_s_20260527_16,70357decab974f77b3a18272159e814f,0.091,,,
502,2026-05-27,SZ000776,-0.007950585335493088,EXP_LinearModel_Alpha158_csi300_custom_step0_s_20260527_16,70357decab974f77b3a18272159e814f,0.091,,,
503,2026-05-27,SZ000786,-0.001382369315251708,EXP_LinearModel_Alpha158_csi300_custom_step0_s_20260527_16,70357decab974f77b3a18272159e814f,0.091,,,
504,2026-05-27,SZ000792,-0.01169619057327509,EXP_LinearModel_Alpha158_csi300_custom_step0_s_20260527_16,70357decab974f77b3a18272159e814f,0.091,,,
505,2026-05-27,SZ000807,0.004415462724864483,EXP_LinearModel_Alpha158_csi300_custom_step0_s_20260527_16,70357decab974f77b3a18272159e814f,0.091,,,
506,2026-05-27,SZ000858,0.0034079882316291332,EXP_LinearModel_Alpha158_csi300_custom_step0_s_20260527_16,70357decab974f77b3a18272159e814f,0.091,,,
507,2026-05-27,SZ000876,-0.009087909944355488,EXP_LinearModel_Alpha158_csi300_custom_step0_s_20260527_16,70357decab974f77b3a18272159e814f,0.091,,,
508,2026-05-27,SZ000895,0.009535815566778183,EXP_LinearModel_Alpha158_csi300_custom_step0_s_20260527_16,70357decab974f77b3a18272159e814f,0.091,,,
509,2026-05-27,SZ002050,-0.024075264111161232,EXP_LinearModel_Alpha158_csi300_custom_step0_s_20260527_16,70357decab974f77b3a18272159e814f,0.091,,,
510,2026-05-27,SZ002049,-0.06626378744840622,EXP_LinearModel_Alpha158_csi300_custom_step0_s_20260527_16,70357decab974f77b3a18272159e814f,0.091,,,
511,2026-05-27,SZ002028,-0.02331969141960144,EXP_LinearModel_Alpha158_csi300_custom_step0_s_20260527_16,70357decab974f77b3a18272159e814f,0.091,,,
512,2026-05-27,SZ002027,0.011145777069032192,EXP_LinearModel_Alpha158_csi300_custom_step0_s_20260527_16,70357decab974f77b3a18272159e814f,0.091,,,
513,2026-05-27,SZ002001,-0.0012387179303914309,EXP_LinearModel_Alpha158_csi300_custom_step0_s_20260527_16,70357decab974f77b3a18272159e814f,0.091,,,
514,2026-05-27,SZ001979,0.00034004379995167255,EXP_LinearModel_Alpha158_csi300_custom_step0_s_20260527_16,70357decab974f77b3a18272159e814f,0.091,,,
515,2026-05-27,SZ000538,-0.015508614480495453,EXP_LinearModel_Alpha158_csi300_custom_step0_s_20260527_16,70357decab974f77b3a18272159e814f,0.091,,,
516,2026-05-27,SZ001965,0.0112596545368433,EXP_LinearModel_Alpha158_csi300_custom_step0_s_20260527_16,70357decab974f77b3a18272159e814f,0.091,,,
517,2026-05-27,SZ000999,-0.010612602345645428,EXP_LinearModel_Alpha158_csi300_custom_step0_s_20260527_16,70357decab974f77b3a18272159e814f,0.091,,,
518,2026-05-27,SZ000983,0.006057753227651119,EXP_LinearModel_Alpha158_csi300_custom_step0_s_20260527_16,70357decab974f77b3a18272159e814f,0.091,,,
519,2026-05-27,SZ000977,0.051361341029405594,EXP_LinearModel_Alpha158_csi300_custom_step0_s_20260527_16,70357decab974f77b3a18272159e814f,0.091,,,
520,2026-05-27,SZ000975,0.01267192605882883,EXP_LinearModel_Alpha158_csi300_custom_step0_s_20260527_16,70357decab974f77b3a18272159e814f,0.091,,,
521,2026-05-27,SZ000963,-0.02664206363260746,EXP_LinearModel_Alpha158_csi300_custom_step0_s_20260527_16,70357decab974f77b3a18272159e814f,0.091,,,
522,2026-05-27,SZ000938,0.029995545744895935,EXP_LinearModel_Alpha158_csi300_custom_step0_s_20260527_16,70357decab974f77b3a18272159e814f,0.091,,,
523,2026-05-27,SZ001391,-0.03809000924229622,EXP_LinearModel_Alpha158_csi300_custom_step0_s_20260527_16,70357decab974f77b3a18272159e814f,0.091,,,
524,2026-05-27,SZ000425,-0.002791372826322913,EXP_LinearModel_Alpha158_csi300_custom_step0_s_20260527_16,70357decab974f77b3a18272159e814f,0.091,,,
525,2026-05-27,SZ000408,-0.037710923701524734,EXP_LinearModel_Alpha158_csi300_custom_step0_s_20260527_16,70357decab974f77b3a18272159e814f,0.091,,,
526,2026-05-27,SZ000338,-0.044662583619356155,EXP_LinearModel_Alpha158_csi300_custom_step0_s_20260527_16,70357decab974f77b3a18272159e814f,0.091,,,
527,2026-05-27,SH688126,-0.055968351662158966,EXP_LinearModel_Alpha158_csi300_custom_step0_s_20260527_16,70357decab974f77b3a18272159e814f,0.091,,,
528,2026-05-27,SH688111,-0.05043517053127289,EXP_LinearModel_Alpha158_csi300_custom_step0_s_20260527_16,70357decab974f77b3a18272159e814f,0.091,,,
529,2026-05-27,SH688082,-0.0642639696598053,EXP_LinearModel_Alpha158_csi300_custom_step0_s_20260527_16,70357decab974f77b3a18272159e814f,0.091,,,
530,2026-05-27,SH688047,0.06278979778289795,EXP_LinearModel_Alpha158_csi300_custom_step0_s_20260527_16,70357decab974f77b3a18272159e814f,0.091,,,
531,2026-05-27,SH688041,0.06540334224700928,EXP_LinearModel_Alpha158_csi300_custom_step0_s_20260527_16,70357decab974f77b3a18272159e814f,0.091,,,
532,2026-05-27,SH688036,-0.014318438246846199,EXP_LinearModel_Alpha158_csi300_custom_step0_s_20260527_16,70357decab974f77b3a18272159e814f,0.091,,,
533,2026-05-27,SH688169,-0.060866497457027435,EXP_LinearModel_Alpha158_csi300_custom_step0_s_20260527_16,70357decab974f77b3a18272159e814f,0.091,,,
534,2026-05-27,SH688012,0.04685325548052788,EXP_LinearModel_Alpha158_csi300_custom_step0_s_20260527_16,70357decab974f77b3a18272159e814f,0.091,,,
535,2026-05-27,SH688008,-0.029174290597438812,EXP_LinearModel_Alpha158_csi300_custom_step0_s_20260527_16,70357decab974f77b3a18272159e814f,0.091,,,
536,2026-05-27,SH605499,-0.013046900741755962,EXP_LinearModel_Alpha158_csi300_custom_step0_s_20260527_16,70357decab974f77b3a18272159e814f,0.091,,,
537,2026-05-27,SH605117,-0.07313962280750275,EXP_LinearModel_Alpha158_csi300_custom_step0_s_20260527_16,70357decab974f77b3a18272159e814f,0.091,,,
538,2026-05-27,SH603993,-0.0621853768825531,EXP_LinearModel_Alpha158_csi300_custom_step0_s_20260527_16,70357decab974f77b3a18272159e814f,0.091,,,
539,2026-05-27,SH603986,-0.0708552747964859,EXP_LinearModel_Alpha158_csi300_custom_step0_s_20260527_16,70357decab974f77b3a18272159e814f,0.091,,,
540,2026-05-27,SH603893,-0.07776277512311935,EXP_LinearModel_Alpha158_csi300_custom_step0_s_20260527_16,70357decab974f77b3a18272159e814f,0.091,,,
541,2026-05-27,SH688009,0.021423233672976494,EXP_LinearModel_Alpha158_csi300_custom_step0_s_20260527_16,70357decab974f77b3a18272159e814f,0.091,,,
542,2026-05-27,SH601111,-0.0390201136469841,EXP_LinearModel_Alpha158_csi300_custom_step0_s_20260527_16,70357decab974f77b3a18272159e814f,0.091,,,
543,2026-05-27,SH688187,-0.06786741316318512,EXP_LinearModel_Alpha158_csi300_custom_step0_s_20260527_16,70357decab974f77b3a18272159e814f,0.091,,,
544,2026-05-27,SH688256,-0.075928695499897,EXP_LinearModel_Alpha158_csi300_custom_step0_s_20260527_16,70357decab974f77b3a18272159e814f,0.091,,,
545,2026-05-27,SZ000333,0.0003247641143389046,EXP_LinearModel_Alpha158_csi300_custom_step0_s_20260527_16,70357decab974f77b3a18272159e814f,0.091,,,
546,2026-05-27,SZ000301,-0.013281145133078098,EXP_LinearModel_Alpha158_csi300_custom_step0_s_20260527_16,70357decab974f77b3a18272159e814f,0.091,,,
547,2026-05-27,SZ000166,-0.035372402518987656,EXP_LinearModel_Alpha158_csi300_custom_step0_s_20260527_16,70357decab974f77b3a18272159e814f,0.091,,,
548,2026-05-27,SZ000157,0.019181014969944954,EXP_LinearModel_Alpha158_csi300_custom_step0_s_20260527_16,70357decab974f77b3a18272159e814f,0.091,,,
549,2026-05-27,SZ000100,-0.07385066896677017,EXP_LinearModel_Alpha158_csi300_custom_step0_s_20260527_16,70357decab974f77b3a18272159e814f,0.091,,,
550,2026-05-27,SZ000063,0.044630520045757294,EXP_LinearModel_Alpha158_csi300_custom_step0_s_20260527_16,70357decab974f77b3a18272159e814f,0.091,,,
551,2026-05-27,SH688223,-0.023505404591560364,EXP_LinearModel_Alpha158_csi300_custom_step0_s_20260527_16,70357decab974f77b3a18272159e814f,0.091,,,
552,2026-05-27,SZ000002,-0.006436417810618877,EXP_LinearModel_Alpha158_csi300_custom_step0_s_20260527_16,70357decab974f77b3a18272159e814f,0.091,,,
553,2026-05-27,SH688981,-0.10220828652381897,EXP_LinearModel_Alpha158_csi300_custom_step0_s_20260527_16,70357decab974f77b3a18272159e814f,0.091,,,
554,2026-05-27,SH688506,-0.061744943261146545,EXP_LinearModel_Alpha158_csi300_custom_step0_s_20260527_16,70357decab974f77b3a18272159e814f,0.091,,,
555,2026-05-27,SH688472,-0.0156889408826828,EXP_LinearModel_Alpha158_csi300_custom_step0_s_20260527_16,70357decab974f77b3a18272159e814f,0.091,,,
556,2026-05-27,SH688396,-0.023091301321983337,EXP_LinearModel_Alpha158_csi300_custom_step0_s_20260527_16,70357decab974f77b3a18272159e814f,0.091,,,
557,2026-05-27,SH688303,-0.04075918719172478,EXP_LinearModel_Alpha158_csi300_custom_step0_s_20260527_16,70357decab974f77b3a18272159e814f,0.091,,,
558,2026-05-27,SH688271,-0.061147190630435944,EXP_LinearModel_Alpha158_csi300_custom_step0_s_20260527_16,70357decab974f77b3a18272159e814f,0.091,,,
559,2026-05-27,SZ000001,-0.02089063636958599,EXP_LinearModel_Alpha158_csi300_custom_step0_s_20260527_16,70357decab974f77b3a18272159e814f,0.091,,,
560,2026-05-27,SH601360,-0.006093624940250694,EXP_DEnsembleModel_Alpha158_csi300_custom_step0_s_20260527_16,ccc5bea9848148a2a6bdc428a2e5c38f,0.028,,,
561,2026-05-27,SH601336,0.07897449010109353,EXP_DEnsembleModel_Alpha158_csi300_custom_step0_s_20260527_16,ccc5bea9848148a2a6bdc428a2e5c38f,0.028,,,
562,2026-05-27,SH601328,-0.11290546678690491,EXP_DEnsembleModel_Alpha158_csi300_custom_step0_s_20260527_16,ccc5bea9848148a2a6bdc428a2e5c38f,0.028,,,
563,2026-05-27,SH600160,-0.1315616779180446,EXP_DEnsembleModel_Alpha158_csi300_custom_step0_s_20260527_16,9e4bc7df98f44ace9b9d7fddd33d5670,0.084,,,
564,2026-05-27,SH600161,-0.026255658794141077,EXP_DEnsembleModel_Alpha158_csi300_custom_step0_s_20260527_16,9e4bc7df98f44ace9b9d7fddd33d5670,0.084,,,
565,2026-05-27,SH600176,-0.18089225365887485,EXP_DEnsembleModel_Alpha158_csi300_custom_step0_s_20260527_16,9e4bc7df98f44ace9b9d7fddd33d5670,0.084,,,
566,2026-05-27,SH600183,-0.19329524337361295,EXP_DEnsembleModel_Alpha158_csi300_custom_step0_s_20260527_16,9e4bc7df98f44ace9b9d7fddd33d5670,0.084,,,
567,2026-05-27,SH600188,-0.0895035077621975,EXP_DEnsembleModel_Alpha158_csi300_custom_step0_s_20260527_16,9e4bc7df98f44ace9b9d7fddd33d5670,0.084,,,
568,2026-05-27,SH600196,-0.10792738450437349,EXP_DEnsembleModel_Alpha158_csi300_custom_step0_s_20260527_16,9e4bc7df98f44ace9b9d7fddd33d5670,0.084,,,
569,2026-05-27,SH600219,-0.1484221279471781,EXP_DEnsembleModel_Alpha158_csi300_custom_step0_s_20260527_16,9e4bc7df98f44ace9b9d7fddd33d5670,0.084,,,
570,2026-05-27,SH600233,0.04875918636835552,EXP_DEnsembleModel_Alpha158_csi300_custom_step0_s_20260527_16,9e4bc7df98f44ace9b9d7fddd33d5670,0.084,,,
571,2026-05-27,SH600276,-0.13015606231904173,EXP_DEnsembleModel_Alpha158_csi300_custom_step0_s_20260527_16,9e4bc7df98f44ace9b9d7fddd33d5670,0.084,,,
572,2026-05-27,SH600309,0.0011331311057136471,EXP_DEnsembleModel_Alpha158_csi300_custom_step0_s_20260527_16,9e4bc7df98f44ace9b9d7fddd33d5670,0.084,,,
573,2026-05-27,SH600346,0.21853151759361017,EXP_DEnsembleModel_Alpha158_csi300_custom_step0_s_20260527_16,9e4bc7df98f44ace9b9d7fddd33d5670,0.084,,,
574,2026-05-27,SH600362,-0.12208018169798492,EXP_DEnsembleModel_Alpha158_csi300_custom_step0_s_20260527_16,9e4bc7df98f44ace9b9d7fddd33d5670,0.084,,,
575,2026-05-27,SH600372,-0.1068915476118519,EXP_DEnsembleModel_Alpha158_csi300_custom_step0_s_20260527_16,9e4bc7df98f44ace9b9d7fddd33d5670,0.084,,,
576,2026-05-27,SH600377,0.11924418025071294,EXP_DEnsembleModel_Alpha158_csi300_custom_step0_s_20260527_16,9e4bc7df98f44ace9b9d7fddd33d5670,0.084,,,
577,2026-05-27,SH600406,-0.028140755494663192,EXP_DEnsembleModel_Alpha158_csi300_custom_step0_s_20260527_16,9e4bc7df98f44ace9b9d7fddd33d5670,0.084,,,
578,2026-05-27,SH600415,-0.1255467640333681,EXP_DEnsembleModel_Alpha158_csi300_custom_step0_s_20260527_16,9e4bc7df98f44ace9b9d7fddd33d5670,0.084,,,
579,2026-05-27,SH600426,0.04509974265893526,EXP_DEnsembleModel_Alpha158_csi300_custom_step0_s_20260527_16,9e4bc7df98f44ace9b9d7fddd33d5670,0.084,,,
580,2026-05-27,SH600600,0.02884642217356178,EXP_DEnsembleModel_Alpha158_csi300_custom_step0_s_20260527_16,9e4bc7df98f44ace9b9d7fddd33d5670,0.084,,,
581,2026-05-27,SH600588,-0.05527586182270718,EXP_DEnsembleModel_Alpha158_csi300_custom_step0_s_20260527_16,9e4bc7df98f44ace9b9d7fddd33d5670,0.084,,,
582,2026-05-27,SH600585,-0.0027867107922796798,EXP_DEnsembleModel_Alpha158_csi300_custom_step0_s_20260527_16,9e4bc7df98f44ace9b9d7fddd33d5670,0.084,,,
583,2026-05-27,SH600584,-0.191042931806227,EXP_DEnsembleModel_Alpha158_csi300_custom_step0_s_20260527_16,9e4bc7df98f44ace9b9d7fddd33d5670,0.084,,,
584,2026-05-27,SH600570,-0.035760380110773864,EXP_DEnsembleModel_Alpha158_csi300_custom_step0_s_20260527_16,9e4bc7df98f44ace9b9d7fddd33d5670,0.084,,,
585,2026-05-27,SH600547,0.04443109909028429,EXP_DEnsembleModel_Alpha158_csi300_custom_step0_s_20260527_16,9e4bc7df98f44ace9b9d7fddd33d5670,0.084,,,
586,2026-05-27,SH600150,-0.005857502221849013,EXP_DEnsembleModel_Alpha158_csi300_custom_step0_s_20260527_16,9e4bc7df98f44ace9b9d7fddd33d5670,0.084,,,
587,2026-05-27,SH600522,0.21976996361787723,EXP_DEnsembleModel_Alpha158_csi300_custom_step0_s_20260527_16,9e4bc7df98f44ace9b9d7fddd33d5670,0.084,,,
588,2026-05-27,SH600515,0.007638488270155496,EXP_DEnsembleModel_Alpha158_csi300_custom_step0_s_20260527_16,9e4bc7df98f44ace9b9d7fddd33d5670,0.084,,,
589,2026-05-27,SH600489,-0.08350894104635011,EXP_DEnsembleModel_Alpha158_csi300_custom_step0_s_20260527_16,9e4bc7df98f44ace9b9d7fddd33d5670,0.084,,,
590,2026-05-27,SH600482,0.04303132090708972,EXP_DEnsembleModel_Alpha158_csi300_custom_step0_s_20260527_16,9e4bc7df98f44ace9b9d7fddd33d5670,0.084,,,
591,2026-05-27,SH600460,-0.04218840183478426,EXP_DEnsembleModel_Alpha158_csi300_custom_step0_s_20260527_16,9e4bc7df98f44ace9b9d7fddd33d5670,0.084,,,
592,2026-05-27,SH600438,-0.08263826708027064,EXP_DEnsembleModel_Alpha158_csi300_custom_step0_s_20260527_16,9e4bc7df98f44ace9b9d7fddd33d5670,0.084,,,
593,2026-05-27,SH600436,-0.02929703811087578,EXP_DEnsembleModel_Alpha158_csi300_custom_step0_s_20260527_16,9e4bc7df98f44ace9b9d7fddd33d5670,0.084,,,
594,2026-05-27,SH600519,-0.06425336105946793,EXP_DEnsembleModel_Alpha158_csi300_custom_step0_s_20260527_16,9e4bc7df98f44ace9b9d7fddd33d5670,0.084,,,
595,2026-05-27,SH600660,0.01731708843785798,EXP_DEnsembleModel_Alpha158_csi300_custom_step0_s_20260527_16,9e4bc7df98f44ace9b9d7fddd33d5670,0.084,,,
596,2026-05-27,SH600115,-0.20169271381212356,EXP_DEnsembleModel_Alpha158_csi300_custom_step0_s_20260527_16,9e4bc7df98f44ace9b9d7fddd33d5670,0.084,,,
597,2026-05-27,SH600104,0.06290770474554451,EXP_DEnsembleModel_Alpha158_csi300_custom_step0_s_20260527_16,9e4bc7df98f44ace9b9d7fddd33d5670,0.084,,,
598,2026-05-27,SZ300866,-0.1676358578003285,EXP_DEnsembleModel_Alpha158_csi300_custom_step0_s_20260527_16,b5abd7d069124cb681efc264568fa70d,0.07,,,
599,2026-05-27,SZ300896,-0.05008540923673674,EXP_DEnsembleModel_Alpha158_csi300_custom_step0_s_20260527_16,b5abd7d069124cb681efc264568fa70d,0.07,,,
600,2026-05-27,SZ300979,0.06347560394997075,EXP_DEnsembleModel_Alpha158_csi300_custom_step0_s_20260527_16,b5abd7d069124cb681efc264568fa70d,0.07,,,
601,2026-05-27,SZ300999,-0.04203450268594265,EXP_DEnsembleModel_Alpha158_csi300_custom_step0_s_20260527_16,b5abd7d069124cb681efc264568fa70d,0.07,,,
602,2026-05-27,SZ301236,-0.19176541552660473,EXP_DEnsembleModel_Alpha158_csi300_custom_step0_s_20260527_16,b5abd7d069124cb681efc264568fa70d,0.07,,,
603,2026-05-27,SZ301269,-0.11718022006010011,EXP_DEnsembleModel_Alpha158_csi300_custom_step0_s_20260527_16,b5abd7d069124cb681efc264568fa70d,0.07,,,
604,2026-05-27,SZ302132,-0.1722005667634289,EXP_DEnsembleModel_Alpha158_csi300_custom_step0_s_20260527_16,b5abd7d069124cb681efc264568fa70d,0.07,,,
605,2026-05-27,SH600000,-0.06529025982818899,EXP_DEnsembleModel_Alpha158_csi300_custom_step0_s_20260527_16,9e4bc7df98f44ace9b9d7fddd33d5670,0.084,,,
606,2026-05-27,SH600009,0.05267155426277024,EXP_DEnsembleModel_Alpha158_csi300_custom_step0_s_20260527_16,9e4bc7df98f44ace9b9d7fddd33d5670,0.084,,,
607,2026-05-27,SH600010,-0.1857452922224448,EXP_DEnsembleModel_Alpha158_csi300_custom_step0_s_20260527_16,9e4bc7df98f44ace9b9d7fddd33d5670,0.084,,,
608,2026-05-27,SH600011,-0.00941880490851695,EXP_DEnsembleModel_Alpha158_csi300_custom_step0_s_20260527_16,9e4bc7df98f44ace9b9d7fddd33d5670,0.084,,,
609,2026-05-27,SH600015,-0.02489192911692406,EXP_DEnsembleModel_Alpha158_csi300_custom_step0_s_20260527_16,9e4bc7df98f44ace9b9d7fddd33d5670,0.084,,,
610,2026-05-27,SH600016,0.027695084342198174,EXP_DEnsembleModel_Alpha158_csi300_custom_step0_s_20260527_16,9e4bc7df98f44ace9b9d7fddd33d5670,0.084,,,
611,2026-05-27,SH600018,0.11511221047914164,EXP_DEnsembleModel_Alpha158_csi300_custom_step0_s_20260527_16,9e4bc7df98f44ace9b9d7fddd33d5670,0.084,,,
612,2026-05-27,SH600019,0.006328798749360509,EXP_DEnsembleModel_Alpha158_csi300_custom_step0_s_20260527_16,9e4bc7df98f44ace9b9d7fddd33d5670,0.084,,,
613,2026-05-27,SH600023,-0.09796955316773691,EXP_DEnsembleModel_Alpha158_csi300_custom_step0_s_20260527_16,9e4bc7df98f44ace9b9d7fddd33d5670,0.084,,,
614,2026-05-27,SH600025,0.008785108968885834,EXP_DEnsembleModel_Alpha158_csi300_custom_step0_s_20260527_16,9e4bc7df98f44ace9b9d7fddd33d5670,0.084,,,
615,2026-05-27,SH600089,-0.08262009834948235,EXP_DEnsembleModel_Alpha158_csi300_custom_step0_s_20260527_16,9e4bc7df98f44ace9b9d7fddd33d5670,0.084,,,
616,2026-05-27,SH600085,-0.02707709129839867,EXP_DEnsembleModel_Alpha158_csi300_custom_step0_s_20260527_16,9e4bc7df98f44ace9b9d7fddd33d5670,0.084,,,
617,2026-05-27,SH600066,0.07376914912693962,EXP_DEnsembleModel_Alpha158_csi300_custom_step0_s_20260527_16,9e4bc7df98f44ace9b9d7fddd33d5670,0.084,,,
618,2026-05-27,SH600061,0.1352839987487893,EXP_DEnsembleModel_Alpha158_csi300_custom_step0_s_20260527_16,9e4bc7df98f44ace9b9d7fddd33d5670,0.084,,,
619,2026-05-27,SH600050,-0.02666016345993778,EXP_DEnsembleModel_Alpha158_csi300_custom_step0_s_20260527_16,9e4bc7df98f44ace9b9d7fddd33d5670,0.084,,,
620,2026-05-27,SH600048,-0.07387081204313799,EXP_DEnsembleModel_Alpha158_csi300_custom_step0_s_20260527_16,9e4bc7df98f44ace9b9d7fddd33d5670,0.084,,,
621,2026-05-27,SH600111,-0.15215765078355842,EXP_DEnsembleModel_Alpha158_csi300_custom_step0_s_20260527_16,9e4bc7df98f44ace9b9d7fddd33d5670,0.084,,,
622,2026-05-27,SH600039,0.007334477808572665,EXP_DEnsembleModel_Alpha158_csi300_custom_step0_s_20260527_16,9e4bc7df98f44ace9b9d7fddd33d5670,0.084,,,
623,2026-05-27,SH600031,-0.0765012451414238,EXP_DEnsembleModel_Alpha158_csi300_custom_step0_s_20260527_16,9e4bc7df98f44ace9b9d7fddd33d5670,0.084,,,
624,2026-05-27,SH600030,0.10472230762726192,EXP_DEnsembleModel_Alpha158_csi300_custom_step0_s_20260527_16,9e4bc7df98f44ace9b9d7fddd33d5670,0.084,,,
625,2026-05-27,SH600029,-0.03897059420574434,EXP_DEnsembleModel_Alpha158_csi300_custom_step0_s_20260527_16,9e4bc7df98f44ace9b9d7fddd33d5670,0.084,,,
626,2026-05-27,SH600028,-0.047537983027385274,EXP_DEnsembleModel_Alpha158_csi300_custom_step0_s_20260527_16,9e4bc7df98f44ace9b9d7fddd33d5670,0.084,,,
627,2026-05-27,SH600027,-0.13905956447652468,EXP_DEnsembleModel_Alpha158_csi300_custom_step0_s_20260527_16,9e4bc7df98f44ace9b9d7fddd33d5670,0.084,,,
628,2026-05-27,SH600026,-0.07183844933887952,EXP_DEnsembleModel_Alpha158_csi300_custom_step0_s_20260527_16,9e4bc7df98f44ace9b9d7fddd33d5670,0.084,,,
629,2026-05-27,SH600036,-0.01984516073608689,EXP_DEnsembleModel_Alpha158_csi300_custom_step0_s_20260527_16,9e4bc7df98f44ace9b9d7fddd33d5670,0.084,,,
630,2026-05-27,SZ300832,-0.12443783524063745,EXP_DEnsembleModel_Alpha158_csi300_custom_step0_s_20260527_16,b5abd7d069124cb681efc264568fa70d,0.07,,,
631,2026-05-27,SH600674,0.10262830616593743,EXP_DEnsembleModel_Alpha158_csi300_custom_step0_s_20260527_16,9e4bc7df98f44ace9b9d7fddd33d5670,0.084,,,
632,2026-05-27,SH600741,0.013875692250871688,EXP_DEnsembleModel_Alpha158_csi300_custom_step0_s_20260527_16,9e4bc7df98f44ace9b9d7fddd33d5670,0.084,,,
633,2026-05-27,SH601138,-0.041920690731636435,EXP_DEnsembleModel_Alpha158_csi300_custom_step0_s_20260527_16,9e4bc7df98f44ace9b9d7fddd33d5670,0.084,,,
634,2026-05-27,SH601166,0.01645096965333492,EXP_DEnsembleModel_Alpha158_csi300_custom_step0_s_20260527_16,9e4bc7df98f44ace9b9d7fddd33d5670,0.084,,,
635,2026-05-27,SH601169,-0.002009354843351642,EXP_DEnsembleModel_Alpha158_csi300_custom_step0_s_20260527_16,9e4bc7df98f44ace9b9d7fddd33d5670,0.084,,,
636,2026-05-27,SH601186,-0.0012923696147206837,EXP_DEnsembleModel_Alpha158_csi300_custom_step0_s_20260527_16,9e4bc7df98f44ace9b9d7fddd33d5670,0.084,,,
637,2026-05-27,SH601211,0.027293033265089712,EXP_DEnsembleModel_Alpha158_csi300_custom_step0_s_20260527_16,9e4bc7df98f44ace9b9d7fddd33d5670,0.084,,,
638,2026-05-27,SH601225,-0.11501722886722268,EXP_DEnsembleModel_Alpha158_csi300_custom_step0_s_20260527_16,9e4bc7df98f44ace9b9d7fddd33d5670,0.084,,,
639,2026-05-27,SH601229,-0.034619681958522976,EXP_DEnsembleModel_Alpha158_csi300_custom_step0_s_20260527_16,9e4bc7df98f44ace9b9d7fddd33d5670,0.084,,,
640,2026-05-27,SH601236,-0.05691074647347501,EXP_DEnsembleModel_Alpha158_csi300_custom_step0_s_20260527_16,9e4bc7df98f44ace9b9d7fddd33d5670,0.084,,,
641,2026-05-27,SH601238,0.05184347864135024,EXP_DEnsembleModel_Alpha158_csi300_custom_step0_s_20260527_16,9e4bc7df98f44ace9b9d7fddd33d5670,0.084,,,
642,2026-05-27,SH601288,0.02205595471973861,EXP_DEnsembleModel_Alpha158_csi300_custom_step0_s_20260527_16,9e4bc7df98f44ace9b9d7fddd33d5670,0.084,,,
643,2026-05-27,SH601298,0.10719423214592085,EXP_DEnsembleModel_Alpha158_csi300_custom_step0_s_20260527_16,9e4bc7df98f44ace9b9d7fddd33d5670,0.084,,,
644,2026-05-27,SH601318,-0.029641569715897775,EXP_DEnsembleModel_Alpha158_csi300_custom_step0_s_20260527_16,9e4bc7df98f44ace9b9d7fddd33d5670,0.084,,,
645,2026-05-27,SH601319,0.016065562518236425,EXP_DEnsembleModel_Alpha158_csi300_custom_step0_s_20260527_16,9e4bc7df98f44ace9b9d7fddd33d5670,0.084,,,
646,2026-05-27,SH601328,0.03249933032712106,EXP_DEnsembleModel_Alpha158_csi300_custom_step0_s_20260527_16,9e4bc7df98f44ace9b9d7fddd33d5670,0.084,,,
647,2026-05-27,SH601336,-0.05266478842200133,EXP_DEnsembleModel_Alpha158_csi300_custom_step0_s_20260527_16,9e4bc7df98f44ace9b9d7fddd33d5670,0.084,,,
648,2026-05-27,SH601360,-0.01098624865235658,EXP_DEnsembleModel_Alpha158_csi300_custom_step0_s_20260527_16,9e4bc7df98f44ace9b9d7fddd33d5670,0.084,,,
649,2026-05-27,SH601377,0.05468917988186719,EXP_DEnsembleModel_Alpha158_csi300_custom_step0_s_20260527_16,9e4bc7df98f44ace9b9d7fddd33d5670,0.084,,,
650,2026-05-27,SH601689,-0.06589461892857612,EXP_DEnsembleModel_Alpha158_csi300_custom_step0_s_20260527_16,9e4bc7df98f44ace9b9d7fddd33d5670,0.084,,,
651,2026-05-27,SH601688,0.08462226638829823,EXP_DEnsembleModel_Alpha158_csi300_custom_step0_s_20260527_16,9e4bc7df98f44ace9b9d7fddd33d5670,0.084,,,
652,2026-05-27,SH601669,-0.079554452983761,EXP_DEnsembleModel_Alpha158_csi300_custom_step0_s_20260527_16,9e4bc7df98f44ace9b9d7fddd33d5670,0.084,,,
653,2026-05-27,SH601668,0.02314134603774311,EXP_DEnsembleModel_Alpha158_csi300_custom_step0_s_20260527_16,9e4bc7df98f44ace9b9d7fddd33d5670,0.084,,,
654,2026-05-27,SH601658,0.08221525587206839,EXP_DEnsembleModel_Alpha158_csi300_custom_step0_s_20260527_16,9e4bc7df98f44ace9b9d7fddd33d5670,0.084,,,
655,2026-05-27,SH601633,0.07973364563945547,EXP_DEnsembleModel_Alpha158_csi300_custom_step0_s_20260527_16,9e4bc7df98f44ace9b9d7fddd33d5670,0.084,,,
656,2026-05-27,SH601136,-0.11661967510628156,EXP_DEnsembleModel_Alpha158_csi300_custom_step0_s_20260527_16,9e4bc7df98f44ace9b9d7fddd33d5670,0.084,,,
657,2026-05-27,SH601628,0.014974614366254208,EXP_DEnsembleModel_Alpha158_csi300_custom_step0_s_20260527_16,9e4bc7df98f44ace9b9d7fddd33d5670,0.084,,,
658,2026-05-27,SH601607,0.04665835182109359,EXP_DEnsembleModel_Alpha158_csi300_custom_step0_s_20260527_16,9e4bc7df98f44ace9b9d7fddd33d5670,0.084,,,
659,2026-05-27,SH601601,0.010722604083762842,EXP_DEnsembleModel_Alpha158_csi300_custom_step0_s_20260527_16,9e4bc7df98f44ace9b9d7fddd33d5670,0.084,,,
660,2026-05-27,SH601600,-0.17943680331593487,EXP_DEnsembleModel_Alpha158_csi300_custom_step0_s_20260527_16,9e4bc7df98f44ace9b9d7fddd33d5670,0.084,,,
661,2026-05-27,SH601456,0.035443743312468225,EXP_DEnsembleModel_Alpha158_csi300_custom_step0_s_20260527_16,9e4bc7df98f44ace9b9d7fddd33d5670,0.084,,,
662,2026-05-27,SH601398,0.11328480327948699,EXP_DEnsembleModel_Alpha158_csi300_custom_step0_s_20260527_16,9e4bc7df98f44ace9b9d7fddd33d5670,0.084,,,
663,2026-05-27,SH601390,0.044090247203898245,EXP_DEnsembleModel_Alpha158_csi300_custom_step0_s_20260527_16,9e4bc7df98f44ace9b9d7fddd33d5670,0.084,,,
664,2026-05-27,SH601618,0.07440467202423034,EXP_DEnsembleModel_Alpha158_csi300_custom_step0_s_20260527_16,9e4bc7df98f44ace9b9d7fddd33d5670,0.084,,,
665,2026-05-27,SH600690,-0.09136334433869019,EXP_DEnsembleModel_Alpha158_csi300_custom_step0_s_20260527_16,9e4bc7df98f44ace9b9d7fddd33d5670,0.084,,,
666,2026-05-27,SH601127,0.010243985444607863,EXP_DEnsembleModel_Alpha158_csi300_custom_step0_s_20260527_16,9e4bc7df98f44ace9b9d7fddd33d5670,0.084,,,
667,2026-05-27,SH601111,0.02457869744858211,EXP_DEnsembleModel_Alpha158_csi300_custom_step0_s_20260527_16,9e4bc7df98f44ace9b9d7fddd33d5670,0.084,,,
668,2026-05-27,SH600760,-0.21281239354667947,EXP_DEnsembleModel_Alpha158_csi300_custom_step0_s_20260527_16,9e4bc7df98f44ace9b9d7fddd33d5670,0.084,,,
669,2026-05-27,SH600795,0.08409355797662284,EXP_DEnsembleModel_Alpha158_csi300_custom_step0_s_20260527_16,9e4bc7df98f44ace9b9d7fddd33d5670,0.084,,,
670,2026-05-27,SH600803,-0.02498786666393216,EXP_DEnsembleModel_Alpha158_csi300_custom_step0_s_20260527_16,9e4bc7df98f44ace9b9d7fddd33d5670,0.084,,,
671,2026-05-27,SH600809,0.006805699423557624,EXP_DEnsembleModel_Alpha158_csi300_custom_step0_s_20260527_16,9e4bc7df98f44ace9b9d7fddd33d5670,0.084,,,
672,2026-05-27,SH600845,-0.10035938449564241,EXP_DEnsembleModel_Alpha158_csi300_custom_step0_s_20260527_16,9e4bc7df98f44ace9b9d7fddd33d5670,0.084,,,
673,2026-05-27,SH600875,-0.0794183347372741,EXP_DEnsembleModel_Alpha158_csi300_custom_step0_s_20260527_16,9e4bc7df98f44ace9b9d7fddd33d5670,0.084,,,
674,2026-05-27,SH600886,0.09709768677923476,EXP_DEnsembleModel_Alpha158_csi300_custom_step0_s_20260527_16,9e4bc7df98f44ace9b9d7fddd33d5670,0.084,,,
675,2026-05-27,SH600887,-0.041860830454502444,EXP_DEnsembleModel_Alpha158_csi300_custom_step0_s_20260527_16,9e4bc7df98f44ace9b9d7fddd33d5670,0.084,,,
676,2026-05-27,SH600893,-0.09155119403574141,EXP_DEnsembleModel_Alpha158_csi300_custom_step0_s_20260527_16,9e4bc7df98f44ace9b9d7fddd33d5670,0.084,,,
677,2026-05-27,SH600900,0.1214367545267642,EXP_DEnsembleModel_Alpha158_csi300_custom_step0_s_20260527_16,9e4bc7df98f44ace9b9d7fddd33d5670,0.084,,,
678,2026-05-27,SH600905,0.03494703249516169,EXP_DEnsembleModel_Alpha158_csi300_custom_step0_s_20260527_16,9e4bc7df98f44ace9b9d7fddd33d5670,0.084,,,
679,2026-05-27,SH600918,0.01692801663070451,EXP_DEnsembleModel_Alpha158_csi300_custom_step0_s_20260527_16,9e4bc7df98f44ace9b9d7fddd33d5670,0.084,,,
680,2026-05-27,SH600919,0.11728883554573193,EXP_DEnsembleModel_Alpha158_csi300_custom_step0_s_20260527_16,9e4bc7df98f44ace9b9d7fddd33d5670,0.084,,,
681,2026-05-27,SH600926,0.04834236483157012,EXP_DEnsembleModel_Alpha158_csi300_custom_step0_s_20260527_16,9e4bc7df98f44ace9b9d7fddd33d5670,0.084,,,
682,2026-05-27,SH600930,-0.03637865868851928,EXP_DEnsembleModel_Alpha158_csi300_custom_step0_s_20260527_16,9e4bc7df98f44ace9b9d7fddd33d5670,0.084,,,
683,2026-05-27,SH600938,-0.09455575363901453,EXP_DEnsembleModel_Alpha158_csi300_custom_step0_s_20260527_16,9e4bc7df98f44ace9b9d7fddd33d5670,0.084,,,
684,2026-05-27,SH600941,-0.020609181650216617,EXP_DEnsembleModel_Alpha158_csi300_custom_step0_s_20260527_16,9e4bc7df98f44ace9b9d7fddd33d5670,0.084,,,
685,2026-05-27,SH601100,0.0003743912478303665,EXP_DEnsembleModel_Alpha158_csi300_custom_step0_s_20260527_16,9e4bc7df98f44ace9b9d7fddd33d5670,0.084,,,
686,2026-05-27,SH601088,-0.058537854933372845,EXP_DEnsembleModel_Alpha158_csi300_custom_step0_s_20260527_16,9e4bc7df98f44ace9b9d7fddd33d5670,0.084,,,
687,2026-05-27,SH601077,0.06017270414911212,EXP_DEnsembleModel_Alpha158_csi300_custom_step0_s_20260527_16,9e4bc7df98f44ace9b9d7fddd33d5670,0.084,,,
688,2026-05-27,SH601066,0.020799096505109624,EXP_DEnsembleModel_Alpha158_csi300_custom_step0_s_20260527_16,9e4bc7df98f44ace9b9d7fddd33d5670,0.084,,,
689,2026-05-27,SH601059,0.08155390350957964,EXP_DEnsembleModel_Alpha158_csi300_custom_step0_s_20260527_16,9e4bc7df98f44ace9b9d7fddd33d5670,0.084,,,
690,2026-05-27,SH601058,-0.06309836193950168,EXP_DEnsembleModel_Alpha158_csi300_custom_step0_s_20260527_16,9e4bc7df98f44ace9b9d7fddd33d5670,0.084,,,
691,2026-05-27,SH601117,-6.65109902858042e-05,EXP_DEnsembleModel_Alpha158_csi300_custom_step0_s_20260527_16,9e4bc7df98f44ace9b9d7fddd33d5670,0.084,,,
692,2026-05-27,SH601021,-0.07608685333101013,EXP_DEnsembleModel_Alpha158_csi300_custom_step0_s_20260527_16,9e4bc7df98f44ace9b9d7fddd33d5670,0.084,,,
693,2026-05-27,SH601012,-0.030343140444536863,EXP_DEnsembleModel_Alpha158_csi300_custom_step0_s_20260527_16,9e4bc7df98f44ace9b9d7fddd33d5670,0.084,,,
694,2026-05-27,SH601009,-0.004559646147743136,EXP_DEnsembleModel_Alpha158_csi300_custom_step0_s_20260527_16,9e4bc7df98f44ace9b9d7fddd33d5670,0.084,,,
695,2026-05-27,SH601006,0.031650317338789195,EXP_DEnsembleModel_Alpha158_csi300_custom_step0_s_20260527_16,9e4bc7df98f44ace9b9d7fddd33d5670,0.084,,,
696,2026-05-27,SH600999,0.06684052916415215,EXP_DEnsembleModel_Alpha158_csi300_custom_step0_s_20260527_16,9e4bc7df98f44ace9b9d7fddd33d5670,0.084,,,
697,2026-05-27,SH600989,0.07185040097311335,EXP_DEnsembleModel_Alpha158_csi300_custom_step0_s_20260527_16,9e4bc7df98f44ace9b9d7fddd33d5670,0.084,,,
698,2026-05-27,SH600958,0.006439955236499559,EXP_DEnsembleModel_Alpha158_csi300_custom_step0_s_20260527_16,9e4bc7df98f44ace9b9d7fddd33d5670,0.084,,,
699,2026-05-27,SH601018,0.017057761726825656,EXP_DEnsembleModel_Alpha158_csi300_custom_step0_s_20260527_16,9e4bc7df98f44ace9b9d7fddd33d5670,0.084,,,
700,2026-05-27,SZ300803,-0.19056511598155343,EXP_DEnsembleModel_Alpha158_csi300_custom_step0_s_20260527_16,b5abd7d069124cb681efc264568fa70d,0.07,,,
701,2026-05-27,SZ300782,0.07365071523654126,EXP_DEnsembleModel_Alpha158_csi300_custom_step0_s_20260527_16,b5abd7d069124cb681efc264568fa70d,0.07,,,
702,2026-05-27,SZ300760,-0.08035733467012941,EXP_DEnsembleModel_Alpha158_csi300_custom_step0_s_20260527_16,b5abd7d069124cb681efc264568fa70d,0.07,,,
703,2026-05-27,SH688472,-0.1260055672108269,EXP_DEnsembleModel_Alpha158_csi300_custom_step0_s_20260527_16,b5abd7d069124cb681efc264568fa70d,0.07,,,
704,2026-05-27,SH688506,-0.10151786741692874,EXP_DEnsembleModel_Alpha158_csi300_custom_step0_s_20260527_16,b5abd7d069124cb681efc264568fa70d,0.07,,,
705,2026-05-27,SH688981,-0.05753602804649074,EXP_DEnsembleModel_Alpha158_csi300_custom_step0_s_20260527_16,b5abd7d069124cb681efc264568fa70d,0.07,,,
706,2026-05-27,SZ000001,0.06218855336489859,EXP_DEnsembleModel_Alpha158_csi300_custom_step0_s_20260527_16,b5abd7d069124cb681efc264568fa70d,0.07,,,
707,2026-05-27,SZ000002,0.061992666361840996,EXP_DEnsembleModel_Alpha158_csi300_custom_step0_s_20260527_16,b5abd7d069124cb681efc264568fa70d,0.07,,,
708,2026-05-27,SZ000063,0.008231366633225795,EXP_DEnsembleModel_Alpha158_csi300_custom_step0_s_20260527_16,b5abd7d069124cb681efc264568fa70d,0.07,,,
709,2026-05-27,SZ000100,-0.12392487802174727,EXP_DEnsembleModel_Alpha158_csi300_custom_step0_s_20260527_16,b5abd7d069124cb681efc264568fa70d,0.07,,,
710,2026-05-27,SZ000157,0.07267061884791644,EXP_DEnsembleModel_Alpha158_csi300_custom_step0_s_20260527_16,b5abd7d069124cb681efc264568fa70d,0.07,,,
711,2026-05-27,SZ000166,0.08108637750033824,EXP_DEnsembleModel_Alpha158_csi300_custom_step0_s_20260527_16,b5abd7d069124cb681efc264568fa70d,0.07,,,
712,2026-05-27,SZ000301,-0.01601112609064445,EXP_DEnsembleModel_Alpha158_csi300_custom_step0_s_20260527_16,b5abd7d069124cb681efc264568fa70d,0.07,,,
713,2026-05-27,SZ000333,0.04374159559572055,EXP_DEnsembleModel_Alpha158_csi300_custom_step0_s_20260527_16,b5abd7d069124cb681efc264568fa70d,0.07,,,
714,2026-05-27,SZ000338,-0.06174649016875169,EXP_DEnsembleModel_Alpha158_csi300_custom_step0_s_20260527_16,b5abd7d069124cb681efc264568fa70d,0.07,,,
715,2026-05-27,SZ000408,-0.1162008383642489,EXP_DEnsembleModel_Alpha158_csi300_custom_step0_s_20260527_16,b5abd7d069124cb681efc264568fa70d,0.07,,,
716,2026-05-27,SZ000425,0.025659145276903345,EXP_DEnsembleModel_Alpha158_csi300_custom_step0_s_20260527_16,b5abd7d069124cb681efc264568fa70d,0.07,,,
717,2026-05-27,SZ000538,-0.03788175584772157,EXP_DEnsembleModel_Alpha158_csi300_custom_step0_s_20260527_16,b5abd7d069124cb681efc264568fa70d,0.07,,,
718,2026-05-27,SZ000568,-0.0046948056453844965,EXP_DEnsembleModel_Alpha158_csi300_custom_step0_s_20260527_16,b5abd7d069124cb681efc264568fa70d,0.07,,,
719,2026-05-27,SZ000596,-0.07169549482572372,EXP_DEnsembleModel_Alpha158_csi300_custom_step0_s_20260527_16,b5abd7d069124cb681efc264568fa70d,0.07,,,
720,2026-05-27,SZ000876,-0.02119925965890071,EXP_DEnsembleModel_Alpha158_csi300_custom_step0_s_20260527_16,b5abd7d069124cb681efc264568fa70d,0.07,,,
721,2026-05-27,SZ000858,-0.016569842808883583,EXP_DEnsembleModel_Alpha158_csi300_custom_step0_s_20260527_16,b5abd7d069124cb681efc264568fa70d,0.07,,,
722,2026-05-27,SZ000807,-0.05739102840551018,EXP_DEnsembleModel_Alpha158_csi300_custom_step0_s_20260527_16,b5abd7d069124cb681efc264568fa70d,0.07,,,
723,2026-05-27,SZ000792,-0.0027696793145652976,EXP_DEnsembleModel_Alpha158_csi300_custom_step0_s_20260527_16,b5abd7d069124cb681efc264568fa70d,0.07,,,
724,2026-05-27,SZ000786,-0.09913507573347297,EXP_DEnsembleModel_Alpha158_csi300_custom_step0_s_20260527_16,b5abd7d069124cb681efc264568fa70d,0.07,,,
725,2026-05-27,SZ000776,0.002246005642393753,EXP_DEnsembleModel_Alpha158_csi300_custom_step0_s_20260527_16,b5abd7d069124cb681efc264568fa70d,0.07,,,
726,2026-05-27,SH688396,-0.02766025398573314,EXP_DEnsembleModel_Alpha158_csi300_custom_step0_s_20260527_16,b5abd7d069124cb681efc264568fa70d,0.07,,,
727,2026-05-27,SZ000768,-0.039505796130157526,EXP_DEnsembleModel_Alpha158_csi300_custom_step0_s_20260527_16,b5abd7d069124cb681efc264568fa70d,0.07,,,
728,2026-05-27,SZ000708,0.0013484813444074805,EXP_DEnsembleModel_Alpha158_csi300_custom_step0_s_20260527_16,b5abd7d069124cb681efc264568fa70d,0.07,,,
729,2026-05-27,SZ000661,-0.027479952397031278,EXP_DEnsembleModel_Alpha158_csi300_custom_step0_s_20260527_16,b5abd7d069124cb681efc264568fa70d,0.07,,,
730,2026-05-27,SZ000651,-0.015871398019064443,EXP_DEnsembleModel_Alpha158_csi300_custom_step0_s_20260527_16,b5abd7d069124cb681efc264568fa70d,0.07,,,
731,2026-05-27,SZ000630,-0.19815617244698688,EXP_DEnsembleModel_Alpha158_csi300_custom_step0_s_20260527_16,b5abd7d069124cb681efc264568fa70d,0.07,,,
732,2026-05-27,SZ000625,-0.057241034174444254,EXP_DEnsembleModel_Alpha158_csi300_custom_step0_s_20260527_16,b5abd7d069124cb681efc264568fa70d,0.07,,,
733,2026-05-27,SZ000617,-0.036917431945670785,EXP_DEnsembleModel_Alpha158_csi300_custom_step0_s_20260527_16,b5abd7d069124cb681efc264568fa70d,0.07,,,
734,2026-05-27,SZ000725,0.008023206551411975,EXP_DEnsembleModel_Alpha158_csi300_custom_step0_s_20260527_16,b5abd7d069124cb681efc264568fa70d,0.07,,,
735,2026-05-27,SZ000895,-0.05066381075578282,EXP_DEnsembleModel_Alpha158_csi300_custom_step0_s_20260527_16,b5abd7d069124cb681efc264568fa70d,0.07,,,
736,2026-05-27,SH688303,-0.08715533984130706,EXP_DEnsembleModel_Alpha158_csi300_custom_step0_s_20260527_16,b5abd7d069124cb681efc264568fa70d,0.07,,,
737,2026-05-27,SH688256,-0.09250073877202857,EXP_DEnsembleModel_Alpha158_csi300_custom_step0_s_20260527_16,b5abd7d069124cb681efc264568fa70d,0.07,,,
738,2026-05-27,SH601985,0.04143978626131528,EXP_DEnsembleModel_Alpha158_csi300_custom_step0_s_20260527_16,b5abd7d069124cb681efc264568fa70d,0.07,,,
739,2026-05-27,SH601988,0.1286030233842576,EXP_DEnsembleModel_Alpha158_csi300_custom_step0_s_20260527_16,b5abd7d069124cb681efc264568fa70d,0.07,,,
740,2026-05-27,SH601995,0.059345794014947224,EXP_DEnsembleModel_Alpha158_csi300_custom_step0_s_20260527_16,b5abd7d069124cb681efc264568fa70d,0.07,,,
741,2026-05-27,SH601998,0.056072364615205705,EXP_DEnsembleModel_Alpha158_csi300_custom_step0_s_20260527_16,b5abd7d069124cb681efc264568fa70d,0.07,,,
742,2026-05-27,SH603019,-0.08023588244391074,EXP_DEnsembleModel_Alpha158_csi300_custom_step0_s_20260527_16,b5abd7d069124cb681efc264568fa70d,0.07,,,
743,2026-05-27,SH603195,-0.014589944067852747,EXP_DEnsembleModel_Alpha158_csi300_custom_step0_s_20260527_16,b5abd7d069124cb681efc264568fa70d,0.07,,,
744,2026-05-27,SH603259,0.03941800197585993,EXP_DEnsembleModel_Alpha158_csi300_custom_step0_s_20260527_16,b5abd7d069124cb681efc264568fa70d,0.07,,,
745,2026-05-27,SH603260,-0.10135597697555225,EXP_DEnsembleModel_Alpha158_csi300_custom_step0_s_20260527_16,b5abd7d069124cb681efc264568fa70d,0.07,,,
746,2026-05-27,SH603288,-0.033979858628401256,EXP_DEnsembleModel_Alpha158_csi300_custom_step0_s_20260527_16,b5abd7d069124cb681efc264568fa70d,0.07,,,
747,2026-05-27,SH603296,-0.16113151056792405,EXP_DEnsembleModel_Alpha158_csi300_custom_step0_s_20260527_16,b5abd7d069124cb681efc264568fa70d,0.07,,,
748,2026-05-27,SH603369,0.005232249690125965,EXP_DEnsembleModel_Alpha158_csi300_custom_step0_s_20260527_16,b5abd7d069124cb681efc264568fa70d,0.07,,,
749,2026-05-27,SH603392,-0.0159867343496718,EXP_DEnsembleModel_Alpha158_csi300_custom_step0_s_20260527_16,b5abd7d069124cb681efc264568fa70d,0.07,,,
750,2026-05-27,SH603501,-0.15871107311965796,EXP_DEnsembleModel_Alpha158_csi300_custom_step0_s_20260527_16,b5abd7d069124cb681efc264568fa70d,0.07,,,
751,2026-05-27,SH603799,-0.08679078552243663,EXP_DEnsembleModel_Alpha158_csi300_custom_step0_s_20260527_16,b5abd7d069124cb681efc264568fa70d,0.07,,,
752,2026-05-27,SH603893,-0.13945451077553178,EXP_DEnsembleModel_Alpha158_csi300_custom_step0_s_20260527_16,b5abd7d069124cb681efc264568fa70d,0.07,,,
753,2026-05-27,SH603986,-0.1342407605551584,EXP_DEnsembleModel_Alpha158_csi300_custom_step0_s_20260527_16,b5abd7d069124cb681efc264568fa70d,0.07,,,
754,2026-05-27,SH603993,-0.17579829123856094,EXP_DEnsembleModel_Alpha158_csi300_custom_step0_s_20260527_16,b5abd7d069124cb681efc264568fa70d,0.07,,,
755,2026-05-27,SH688223,-0.16647182754140763,EXP_DEnsembleModel_Alpha158_csi300_custom_step0_s_20260527_16,b5abd7d069124cb681efc264568fa70d,0.07,,,
756,2026-05-27,SH688187,-0.09338583238233157,EXP_DEnsembleModel_Alpha158_csi300_custom_step0_s_20260527_16,b5abd7d069124cb681efc264568fa70d,0.07,,,
757,2026-05-27,SH688169,-0.15869058887352636,EXP_DEnsembleModel_Alpha158_csi300_custom_step0_s_20260527_16,b5abd7d069124cb681efc264568fa70d,0.07,,,
758,2026-05-27,SH688126,0.05665555390425654,EXP_DEnsembleModel_Alpha158_csi300_custom_step0_s_20260527_16,b5abd7d069124cb681efc264568fa70d,0.07,,,
759,2026-05-27,SH688111,-0.2097417047613446,EXP_DEnsembleModel_Alpha158_csi300_custom_step0_s_20260527_16,b5abd7d069124cb681efc264568fa70d,0.07,,,
760,2026-05-27,SH688082,-0.09100777408859793,EXP_DEnsembleModel_Alpha158_csi300_custom_step0_s_20260527_16,b5abd7d069124cb681efc264568fa70d,0.07,,,
761,2026-05-27,SH688271,-0.0766610611379374,EXP_DEnsembleModel_Alpha158_csi300_custom_step0_s_20260527_16,b5abd7d069124cb681efc264568fa70d,0.07,,,
762,2026-05-27,SH688047,-0.008512273527066481,EXP_DEnsembleModel_Alpha158_csi300_custom_step0_s_20260527_16,b5abd7d069124cb681efc264568fa70d,0.07,,,
763,2026-05-27,SH688036,0.013275721779894367,EXP_DEnsembleModel_Alpha158_csi300_custom_step0_s_20260527_16,b5abd7d069124cb681efc264568fa70d,0.07,,,
764,2026-05-27,SH688012,0.2207352857028668,EXP_DEnsembleModel_Alpha158_csi300_custom_step0_s_20260527_16,b5abd7d069124cb681efc264568fa70d,0.07,,,
765,2026-05-27,SH688009,0.053648473058209134,EXP_DEnsembleModel_Alpha158_csi300_custom_step0_s_20260527_16,b5abd7d069124cb681efc264568fa70d,0.07,,,
766,2026-05-27,SH688008,-0.06734913847979365,EXP_DEnsembleModel_Alpha158_csi300_custom_step0_s_20260527_16,b5abd7d069124cb681efc264568fa70d,0.07,,,
767,2026-05-27,SH605499,-0.00551184908504876,EXP_DEnsembleModel_Alpha158_csi300_custom_step0_s_20260527_16,b5abd7d069124cb681efc264568fa70d,0.07,,,
768,2026-05-27,SH605117,-0.26225688062699726,EXP_DEnsembleModel_Alpha158_csi300_custom_step0_s_20260527_16,b5abd7d069124cb681efc264568fa70d,0.07,,,
769,2026-05-27,SH688041,0.03646688334608355,EXP_DEnsembleModel_Alpha158_csi300_custom_step0_s_20260527_16,b5abd7d069124cb681efc264568fa70d,0.07,,,
770,2026-05-27,SZ000938,-0.05207026493640401,EXP_DEnsembleModel_Alpha158_csi300_custom_step0_s_20260527_16,b5abd7d069124cb681efc264568fa70d,0.07,,,
771,2026-05-27,SZ000963,-0.06008827069662657,EXP_DEnsembleModel_Alpha158_csi300_custom_step0_s_20260527_16,b5abd7d069124cb681efc264568fa70d,0.07,,,
772,2026-05-27,SZ000975,0.22776060629241243,EXP_DEnsembleModel_Alpha158_csi300_custom_step0_s_20260527_16,b5abd7d069124cb681efc264568fa70d,0.07,,,
773,2026-05-27,SZ002709,-0.09458783746833364,EXP_DEnsembleModel_Alpha158_csi300_custom_step0_s_20260527_16,b5abd7d069124cb681efc264568fa70d,0.07,,,
774,2026-05-27,SZ002714,0.015280434806328175,EXP_DEnsembleModel_Alpha158_csi300_custom_step0_s_20260527_16,b5abd7d069124cb681efc264568fa70d,0.07,,,
775,2026-05-27,SZ002736,0.05853322047476828,EXP_DEnsembleModel_Alpha158_csi300_custom_step0_s_20260527_16,b5abd7d069124cb681efc264568fa70d,0.07,,,
776,2026-05-27,SZ002916,-0.18568259709653356,EXP_DEnsembleModel_Alpha158_csi300_custom_step0_s_20260527_16,b5abd7d069124cb681efc264568fa70d,0.07,,,
777,2026-05-27,SZ002920,-0.1503187436907014,EXP_DEnsembleModel_Alpha158_csi300_custom_step0_s_20260527_16,b5abd7d069124cb681efc264568fa70d,0.07,,,
778,2026-05-27,SZ002938,-0.1298657974121752,EXP_DEnsembleModel_Alpha158_csi300_custom_step0_s_20260527_16,b5abd7d069124cb681efc264568fa70d,0.07,,,
779,2026-05-27,SZ003816,0.010974668625872902,EXP_DEnsembleModel_Alpha158_csi300_custom_step0_s_20260527_16,b5abd7d069124cb681efc264568fa70d,0.07,,,
780,2026-05-27,SZ300014,-0.08521110836723961,EXP_DEnsembleModel_Alpha158_csi300_custom_step0_s_20260527_16,b5abd7d069124cb681efc264568fa70d,0.07,,,
781,2026-05-27,SZ300015,-0.13543039805155305,EXP_DEnsembleModel_Alpha158_csi300_custom_step0_s_20260527_16,b5abd7d069124cb681efc264568fa70d,0.07,,,
782,2026-05-27,SZ300033,-0.017055865014622213,EXP_DEnsembleModel_Alpha158_csi300_custom_step0_s_20260527_16,b5abd7d069124cb681efc264568fa70d,0.07,,,
783,2026-05-27,SZ300059,-0.0034201228774678807,EXP_DEnsembleModel_Alpha158_csi300_custom_step0_s_20260527_16,b5abd7d069124cb681efc264568fa70d,0.07,,,
784,2026-05-27,SZ300122,-0.1232739307166956,EXP_DEnsembleModel_Alpha158_csi300_custom_step0_s_20260527_16,b5abd7d069124cb681efc264568fa70d,0.07,,,
785,2026-05-27,SZ300124,0.03768651275328248,EXP_DEnsembleModel_Alpha158_csi300_custom_step0_s_20260527_16,b5abd7d069124cb681efc264568fa70d,0.07,,,
786,2026-05-27,SZ300251,-0.04545791177480213,EXP_DEnsembleModel_Alpha158_csi300_custom_step0_s_20260527_16,b5abd7d069124cb681efc264568fa70d,0.07,,,
787,2026-05-27,SZ300274,-0.27435951521680196,EXP_DEnsembleModel_Alpha158_csi300_custom_step0_s_20260527_16,b5abd7d069124cb681efc264568fa70d,0.07,,,
788,2026-05-27,SZ300308,-0.13995238146131334,EXP_DEnsembleModel_Alpha158_csi300_custom_step0_s_20260527_16,b5abd7d069124cb681efc264568fa70d,0.07,,,
789,2026-05-27,SZ300316,-0.036626121639232734,EXP_DEnsembleModel_Alpha158_csi300_custom_step0_s_20260527_16,b5abd7d069124cb681efc264568fa70d,0.07,,,
790,2026-05-27,SZ300759,-0.012215423617235715,EXP_DEnsembleModel_Alpha158_csi300_custom_step0_s_20260527_16,b5abd7d069124cb681efc264568fa70d,0.07,,,
791,2026-05-27,SZ300750,-0.03545062383090577,EXP_DEnsembleModel_Alpha158_csi300_custom_step0_s_20260527_16,b5abd7d069124cb681efc264568fa70d,0.07,,,
792,2026-05-27,SZ300661,-0.1623507369690398,EXP_DEnsembleModel_Alpha158_csi300_custom_step0_s_20260527_16,b5abd7d069124cb681efc264568fa70d,0.07,,,
793,2026-05-27,SZ300628,-0.023960276176267177,EXP_DEnsembleModel_Alpha158_csi300_custom_step0_s_20260527_16,b5abd7d069124cb681efc264568fa70d,0.07,,,
794,2026-05-27,SZ300502,-0.27391399805423605,EXP_DEnsembleModel_Alpha158_csi300_custom_step0_s_20260527_16,b5abd7d069124cb681efc264568fa70d,0.07,,,
795,2026-05-27,SZ300498,0.046771929157962945,EXP_DEnsembleModel_Alpha158_csi300_custom_step0_s_20260527_16,b5abd7d069124cb681efc264568fa70d,0.07,,,
796,2026-05-27,SZ002648,0.08165142562489441,EXP_DEnsembleModel_Alpha158_csi300_custom_step0_s_20260527_16,b5abd7d069124cb681efc264568fa70d,0.07,,,
797,2026-05-27,SZ300476,-0.22654615884794493,EXP_DEnsembleModel_Alpha158_csi300_custom_step0_s_20260527_16,b5abd7d069124cb681efc264568fa70d,0.07,,,
798,2026-05-27,SZ300433,-0.12693231726462456,EXP_DEnsembleModel_Alpha158_csi300_custom_step0_s_20260527_16,b5abd7d069124cb681efc264568fa70d,0.07,,,
799,2026-05-27,SZ300418,-0.15160305598387858,EXP_DEnsembleModel_Alpha158_csi300_custom_step0_s_20260527_16,b5abd7d069124cb681efc264568fa70d,0.07,,,
800,2026-05-27,SZ300413,0.0007999869859682272,EXP_DEnsembleModel_Alpha158_csi300_custom_step0_s_20260527_16,b5abd7d069124cb681efc264568fa70d,0.07,,,
801,2026-05-27,SZ300408,-0.23503818000683738,EXP_DEnsembleModel_Alpha158_csi300_custom_step0_s_20260527_16,b5abd7d069124cb681efc264568fa70d,0.07,,,
802,2026-05-27,SZ300394,-0.05409482866605899,EXP_DEnsembleModel_Alpha158_csi300_custom_step0_s_20260527_16,b5abd7d069124cb681efc264568fa70d,0.07,,,
803,2026-05-27,SZ300347,0.050120770165452556,EXP_DEnsembleModel_Alpha158_csi300_custom_step0_s_20260527_16,b5abd7d069124cb681efc264568fa70d,0.07,,,
804,2026-05-27,SZ300442,-0.14549661920578563,EXP_DEnsembleModel_Alpha158_csi300_custom_step0_s_20260527_16,b5abd7d069124cb681efc264568fa70d,0.07,,,
805,2026-05-27,SZ002625,-0.008859196916980014,EXP_DEnsembleModel_Alpha158_csi300_custom_step0_s_20260527_16,b5abd7d069124cb681efc264568fa70d,0.07,,,
806,2026-05-27,SZ002601,0.05630439994773282,EXP_DEnsembleModel_Alpha158_csi300_custom_step0_s_20260527_16,b5abd7d069124cb681efc264568fa70d,0.07,,,
807,2026-05-27,SZ002600,-0.06101380078369916,EXP_DEnsembleModel_Alpha158_csi300_custom_step0_s_20260527_16,b5abd7d069124cb681efc264568fa70d,0.07,,,
808,2026-05-27,SZ002179,-0.05301246377275159,EXP_DEnsembleModel_Alpha158_csi300_custom_step0_s_20260527_16,b5abd7d069124cb681efc264568fa70d,0.07,,,
809,2026-05-27,SZ002142,0.047903013681760774,EXP_DEnsembleModel_Alpha158_csi300_custom_step0_s_20260527_16,b5abd7d069124cb681efc264568fa70d,0.07,,,
810,2026-05-27,SZ002074,-0.17059325543417128,EXP_DEnsembleModel_Alpha158_csi300_custom_step0_s_20260527_16,b5abd7d069124cb681efc264568fa70d,0.07,,,
811,2026-05-27,SZ002050,-0.04180087355151954,EXP_DEnsembleModel_Alpha158_csi300_custom_step0_s_20260527_16,b5abd7d069124cb681efc264568fa70d,0.07,,,
812,2026-05-27,SZ002049,-0.08872635714070091,EXP_DEnsembleModel_Alpha158_csi300_custom_step0_s_20260527_16,b5abd7d069124cb681efc264568fa70d,0.07,,,
813,2026-05-27,SZ002028,-0.014095945962689036,EXP_DEnsembleModel_Alpha158_csi300_custom_step0_s_20260527_16,b5abd7d069124cb681efc264568fa70d,0.07,,,
814,2026-05-27,SZ002230,-0.029205847426615212,EXP_DEnsembleModel_Alpha158_csi300_custom_step0_s_20260527_16,b5abd7d069124cb681efc264568fa70d,0.07,,,
815,2026-05-27,SZ002027,0.022765557957383067,EXP_DEnsembleModel_Alpha158_csi300_custom_step0_s_20260527_16,b5abd7d069124cb681efc264568fa70d,0.07,,,
816,2026-05-27,SZ001979,-0.09548539875875425,EXP_DEnsembleModel_Alpha158_csi300_custom_step0_s_20260527_16,b5abd7d069124cb681efc264568fa70d,0.07,,,
817,2026-05-27,SZ001965,0.06590538216834892,EXP_DEnsembleModel_Alpha158_csi300_custom_step0_s_20260527_16,b5abd7d069124cb681efc264568fa70d,0.07,,,
818,2026-05-27,SZ001391,-0.0007571209502745545,EXP_DEnsembleModel_Alpha158_csi300_custom_step0_s_20260527_16,b5abd7d069124cb681efc264568fa70d,0.07,,,
819,2026-05-27,SZ000999,-0.05990802960477641,EXP_DEnsembleModel_Alpha158_csi300_custom_step0_s_20260527_16,b5abd7d069124cb681efc264568fa70d,0.07,,,
820,2026-05-27,SZ000983,-0.07019182671013871,EXP_DEnsembleModel_Alpha158_csi300_custom_step0_s_20260527_16,b5abd7d069124cb681efc264568fa70d,0.07,,,
821,2026-05-27,SZ000977,-0.09143536273735649,EXP_DEnsembleModel_Alpha158_csi300_custom_step0_s_20260527_16,b5abd7d069124cb681efc264568fa70d,0.07,,,
822,2026-05-27,SZ002001,0.008275958794109924,EXP_DEnsembleModel_Alpha158_csi300_custom_step0_s_20260527_16,b5abd7d069124cb681efc264568fa70d,0.07,,,
823,2026-05-27,SH601698,-0.061342163087291825,EXP_DEnsembleModel_Alpha158_csi300_custom_step0_s_20260527_16,9e4bc7df98f44ace9b9d7fddd33d5670,0.084,,,
824,2026-05-27,SZ002236,-0.003944929665457001,EXP_DEnsembleModel_Alpha158_csi300_custom_step0_s_20260527_16,b5abd7d069124cb681efc264568fa70d,0.07,,,
825,2026-05-27,SZ002252,0.008049206962037784,EXP_DEnsembleModel_Alpha158_csi300_custom_step0_s_20260527_16,b5abd7d069124cb681efc264568fa70d,0.07,,,
826,2026-05-27,SZ002594,0.00944766475150366,EXP_DEnsembleModel_Alpha158_csi300_custom_step0_s_20260527_16,b5abd7d069124cb681efc264568fa70d,0.07,,,
827,2026-05-27,SZ002493,-0.054876966179481505,EXP_DEnsembleModel_Alpha158_csi300_custom_step0_s_20260527_16,b5abd7d069124cb681efc264568fa70d,0.07,,,
828,2026-05-27,SZ002475,-0.25110227339693036,EXP_DEnsembleModel_Alpha158_csi300_custom_step0_s_20260527_16,b5abd7d069124cb681efc264568fa70d,0.07,,,
829,2026-05-27,SZ002466,0.029319385073543997,EXP_DEnsembleModel_Alpha158_csi300_custom_step0_s_20260527_16,b5abd7d069124cb681efc264568fa70d,0.07,,,
830,2026-05-27,SZ002463,-0.2541198613401638,EXP_DEnsembleModel_Alpha158_csi300_custom_step0_s_20260527_16,b5abd7d069124cb681efc264568fa70d,0.07,,,
831,2026-05-27,SZ002460,-0.07468291166983783,EXP_DEnsembleModel_Alpha158_csi300_custom_step0_s_20260527_16,b5abd7d069124cb681efc264568fa70d,0.07,,,
832,2026-05-27,SZ002241,0.021405236408327113,EXP_DEnsembleModel_Alpha158_csi300_custom_step0_s_20260527_16,b5abd7d069124cb681efc264568fa70d,0.07,,,
833,2026-05-27,SZ002459,-0.10044442915205139,EXP_DEnsembleModel_Alpha158_csi300_custom_step0_s_20260527_16,b5abd7d069124cb681efc264568fa70d,0.07,,,
834,2026-05-27,SZ002415,0.02573097743428936,EXP_DEnsembleModel_Alpha158_csi300_custom_step0_s_20260527_16,b5abd7d069124cb681efc264568fa70d,0.07,,,
835,2026-05-27,SZ002384,-0.004301010325137138,EXP_DEnsembleModel_Alpha158_csi300_custom_step0_s_20260527_16,b5abd7d069124cb681efc264568fa70d,0.07,,,
836,2026-05-27,SZ002371,0.00101783140887363,EXP_DEnsembleModel_Alpha158_csi300_custom_step0_s_20260527_16,b5abd7d069124cb681efc264568fa70d,0.07,,,
837,2026-05-27,SZ002352,0.08281075676859509,EXP_DEnsembleModel_Alpha158_csi300_custom_step0_s_20260527_16,b5abd7d069124cb681efc264568fa70d,0.07,,,
838,2026-05-27,SZ002311,0.043547097450305494,EXP_DEnsembleModel_Alpha158_csi300_custom_step0_s_20260527_16,b5abd7d069124cb681efc264568fa70d,0.07,,,
839,2026-05-27,SZ002304,-0.05854369610572409,EXP_DEnsembleModel_Alpha158_csi300_custom_step0_s_20260527_16,b5abd7d069124cb681efc264568fa70d,0.07,,,
840,2026-05-27,SZ002422,-0.17169088715701547,EXP_DEnsembleModel_Alpha158_csi300_custom_step0_s_20260527_16,b5abd7d069124cb681efc264568fa70d,0.07,,,
841,2026-05-27,SH601728,-0.09175295837537431,EXP_DEnsembleModel_Alpha158_csi300_custom_step0_s_20260527_16,9e4bc7df98f44ace9b9d7fddd33d5670,0.084,,,
842,2026-05-27,SH601766,0.06017102334443868,EXP_DEnsembleModel_Alpha158_csi300_custom_step0_s_20260527_16,9e4bc7df98f44ace9b9d7fddd33d5670,0.084,,,
843,2026-05-27,SH601788,-0.010330799642809781,EXP_DEnsembleModel_Alpha158_csi300_custom_step0_s_20260527_16,9e4bc7df98f44ace9b9d7fddd33d5670,0.084,,,
844,2026-05-27,SH600025,-0.05733361750636566,EXP_DEnsembleModel_Alpha158_csi300_custom_step0_s_20260527_16,ccc5bea9848148a2a6bdc428a2e5c38f,0.028,,,
845,2026-05-27,SH600026,0.11339231491517984,EXP_DEnsembleModel_Alpha158_csi300_custom_step0_s_20260527_16,ccc5bea9848148a2a6bdc428a2e5c38f,0.028,,,
846,2026-05-27,SH600027,0.07742160975905737,EXP_DEnsembleModel_Alpha158_csi300_custom_step0_s_20260527_16,ccc5bea9848148a2a6bdc428a2e5c38f,0.028,,,
847,2026-05-27,SH600028,0.06856851612928841,EXP_DEnsembleModel_Alpha158_csi300_custom_step0_s_20260527_16,ccc5bea9848148a2a6bdc428a2e5c38f,0.028,,,
848,2026-05-27,SH600029,-0.004915565194304161,EXP_DEnsembleModel_Alpha158_csi300_custom_step0_s_20260527_16,ccc5bea9848148a2a6bdc428a2e5c38f,0.028,,,
849,2026-05-27,SH600030,0.006799567762399274,EXP_DEnsembleModel_Alpha158_csi300_custom_step0_s_20260527_16,ccc5bea9848148a2a6bdc428a2e5c38f,0.028,,,
850,2026-05-27,SH600031,0.07344705295816735,EXP_DEnsembleModel_Alpha158_csi300_custom_step0_s_20260527_16,ccc5bea9848148a2a6bdc428a2e5c38f,0.028,,,
851,2026-05-27,SH600036,-0.1229972060083043,EXP_DEnsembleModel_Alpha158_csi300_custom_step0_s_20260527_16,ccc5bea9848148a2a6bdc428a2e5c38f,0.028,,,
852,2026-05-27,SH600039,0.03677735275872534,EXP_DEnsembleModel_Alpha158_csi300_custom_step0_s_20260527_16,ccc5bea9848148a2a6bdc428a2e5c38f,0.028,,,
853,2026-05-27,SH600048,0.05209197238148661,EXP_DEnsembleModel_Alpha158_csi300_custom_step0_s_20260527_16,ccc5bea9848148a2a6bdc428a2e5c38f,0.028,,,
854,2026-05-27,SH600050,-0.02670283905959035,EXP_DEnsembleModel_Alpha158_csi300_custom_step0_s_20260527_16,ccc5bea9848148a2a6bdc428a2e5c38f,0.028,,,
855,2026-05-27,SH600061,0.03421174655956094,EXP_DEnsembleModel_Alpha158_csi300_custom_step0_s_20260527_16,ccc5bea9848148a2a6bdc428a2e5c38f,0.028,,,
856,2026-05-27,SH600066,-0.018612648864947807,EXP_DEnsembleModel_Alpha158_csi300_custom_step0_s_20260527_16,ccc5bea9848148a2a6bdc428a2e5c38f,0.028,,,
857,2026-05-27,SH600085,-0.010214408050316164,EXP_DEnsembleModel_Alpha158_csi300_custom_step0_s_20260527_16,ccc5bea9848148a2a6bdc428a2e5c38f,0.028,,,
858,2026-05-27,SH600089,0.0574960811942783,EXP_DEnsembleModel_Alpha158_csi300_custom_step0_s_20260527_16,ccc5bea9848148a2a6bdc428a2e5c38f,0.028,,,
859,2026-05-27,SH600104,-0.038371741798832196,EXP_DEnsembleModel_Alpha158_csi300_custom_step0_s_20260527_16,ccc5bea9848148a2a6bdc428a2e5c38f,0.028,,,
860,2026-05-27,SH600111,0.12659679578489422,EXP_DEnsembleModel_Alpha158_csi300_custom_step0_s_20260527_16,ccc5bea9848148a2a6bdc428a2e5c38f,0.028,,,
861,2026-05-27,SH600362,0.12333388953443254,EXP_DEnsembleModel_Alpha158_csi300_custom_step0_s_20260527_16,ccc5bea9848148a2a6bdc428a2e5c38f,0.028,,,
862,2026-05-27,SH600346,0.2089391853595425,EXP_DEnsembleModel_Alpha158_csi300_custom_step0_s_20260527_16,ccc5bea9848148a2a6bdc428a2e5c38f,0.028,,,
863,2026-05-27,SH600309,0.0625619711164974,EXP_DEnsembleModel_Alpha158_csi300_custom_step0_s_20260527_16,ccc5bea9848148a2a6bdc428a2e5c38f,0.028,,,
864,2026-05-27,SH600276,-0.09079840918882585,EXP_DEnsembleModel_Alpha158_csi300_custom_step0_s_20260527_16,ccc5bea9848148a2a6bdc428a2e5c38f,0.028,,,
865,2026-05-27,SH600233,0.08097710998075985,EXP_DEnsembleModel_Alpha158_csi300_custom_step0_s_20260527_16,ccc5bea9848148a2a6bdc428a2e5c38f,0.028,,,
866,2026-05-27,SH600219,-0.059667368418609305,EXP_DEnsembleModel_Alpha158_csi300_custom_step0_s_20260527_16,ccc5bea9848148a2a6bdc428a2e5c38f,0.028,,,
867,2026-05-27,SH600023,0.052386012739026315,EXP_DEnsembleModel_Alpha158_csi300_custom_step0_s_20260527_16,ccc5bea9848148a2a6bdc428a2e5c38f,0.028,,,
868,2026-05-27,SH600196,-0.02555019754707311,EXP_DEnsembleModel_Alpha158_csi300_custom_step0_s_20260527_16,ccc5bea9848148a2a6bdc428a2e5c38f,0.028,,,
869,2026-05-27,SH600183,-0.15154408854661555,EXP_DEnsembleModel_Alpha158_csi300_custom_step0_s_20260527_16,ccc5bea9848148a2a6bdc428a2e5c38f,0.028,,,
870,2026-05-27,SH600176,0.005442794451005141,EXP_DEnsembleModel_Alpha158_csi300_custom_step0_s_20260527_16,ccc5bea9848148a2a6bdc428a2e5c38f,0.028,,,
871,2026-05-27,SH600161,-0.022490351431979628,EXP_DEnsembleModel_Alpha158_csi300_custom_step0_s_20260527_16,ccc5bea9848148a2a6bdc428a2e5c38f,0.028,,,
872,2026-05-27,SH600160,0.04456568116882382,EXP_DEnsembleModel_Alpha158_csi300_custom_step0_s_20260527_16,ccc5bea9848148a2a6bdc428a2e5c38f,0.028,,,
873,2026-05-27,SH600150,0.4158929402278459,EXP_DEnsembleModel_Alpha158_csi300_custom_step0_s_20260527_16,ccc5bea9848148a2a6bdc428a2e5c38f,0.028,,,
874,2026-05-27,SH600115,0.013409739181701382,EXP_DEnsembleModel_Alpha158_csi300_custom_step0_s_20260527_16,ccc5bea9848148a2a6bdc428a2e5c38f,0.028,,,
875,2026-05-27,SH600188,-0.1112177104068308,EXP_DEnsembleModel_Alpha158_csi300_custom_step0_s_20260527_16,ccc5bea9848148a2a6bdc428a2e5c38f,0.028,,,
876,2026-05-27,SH600372,0.14937196670766129,EXP_DEnsembleModel_Alpha158_csi300_custom_step0_s_20260527_16,ccc5bea9848148a2a6bdc428a2e5c38f,0.028,,,
877,2026-05-27,SH600019,-0.003588731653393707,EXP_DEnsembleModel_Alpha158_csi300_custom_step0_s_20260527_16,ccc5bea9848148a2a6bdc428a2e5c38f,0.028,,,
878,2026-05-27,SH600016,-0.10199210680696454,EXP_DEnsembleModel_Alpha158_csi300_custom_step0_s_20260527_16,ccc5bea9848148a2a6bdc428a2e5c38f,0.028,,,
879,2026-05-27,SZ300316,-0.05352845017690486,EXP_DEnsembleModel_Alpha158_csi300_custom_step0_s_20260527_16,9e4bc7df98f44ace9b9d7fddd33d5670,0.084,,,
880,2026-05-27,SZ300347,0.012913492807968153,EXP_DEnsembleModel_Alpha158_csi300_custom_step0_s_20260527_16,9e4bc7df98f44ace9b9d7fddd33d5670,0.084,,,
881,2026-05-27,SZ300394,0.0632669542800533,EXP_DEnsembleModel_Alpha158_csi300_custom_step0_s_20260527_16,9e4bc7df98f44ace9b9d7fddd33d5670,0.084,,,
882,2026-05-27,SZ300408,-0.09178411118819021,EXP_DEnsembleModel_Alpha158_csi300_custom_step0_s_20260527_16,9e4bc7df98f44ace9b9d7fddd33d5670,0.084,,,
883,2026-05-27,SZ300413,0.037647947380610225,EXP_DEnsembleModel_Alpha158_csi300_custom_step0_s_20260527_16,9e4bc7df98f44ace9b9d7fddd33d5670,0.084,,,
884,2026-05-27,SZ300418,-0.07292717175574608,EXP_DEnsembleModel_Alpha158_csi300_custom_step0_s_20260527_16,9e4bc7df98f44ace9b9d7fddd33d5670,0.084,,,
885,2026-05-27,SZ300433,-0.10945415406173127,EXP_DEnsembleModel_Alpha158_csi300_custom_step0_s_20260527_16,9e4bc7df98f44ace9b9d7fddd33d5670,0.084,,,
886,2026-05-27,SZ300442,-0.16450850744155296,EXP_DEnsembleModel_Alpha158_csi300_custom_step0_s_20260527_16,9e4bc7df98f44ace9b9d7fddd33d5670,0.084,,,
887,2026-05-27,SZ300476,-0.2008391466478529,EXP_DEnsembleModel_Alpha158_csi300_custom_step0_s_20260527_16,9e4bc7df98f44ace9b9d7fddd33d5670,0.084,,,
888,2026-05-27,SZ300498,0.041055456186545145,EXP_DEnsembleModel_Alpha158_csi300_custom_step0_s_20260527_16,9e4bc7df98f44ace9b9d7fddd33d5670,0.084,,,
889,2026-05-27,SZ300502,-0.00576699255975053,EXP_DEnsembleModel_Alpha158_csi300_custom_step0_s_20260527_16,9e4bc7df98f44ace9b9d7fddd33d5670,0.084,,,
890,2026-05-27,SZ300628,0.09900740295667915,EXP_DEnsembleModel_Alpha158_csi300_custom_step0_s_20260527_16,9e4bc7df98f44ace9b9d7fddd33d5670,0.084,,,
891,2026-05-27,SZ300661,0.07604711865835213,EXP_DEnsembleModel_Alpha158_csi300_custom_step0_s_20260527_16,9e4bc7df98f44ace9b9d7fddd33d5670,0.084,,,
892,2026-05-27,SZ300750,-0.003714929080868887,EXP_DEnsembleModel_Alpha158_csi300_custom_step0_s_20260527_16,9e4bc7df98f44ace9b9d7fddd33d5670,0.084,,,
893,2026-05-27,SZ300759,-0.016455965303333417,EXP_DEnsembleModel_Alpha158_csi300_custom_step0_s_20260527_16,9e4bc7df98f44ace9b9d7fddd33d5670,0.084,,,
894,2026-05-27,SZ300760,-0.08138009031133299,EXP_DEnsembleModel_Alpha158_csi300_custom_step0_s_20260527_16,9e4bc7df98f44ace9b9d7fddd33d5670,0.084,,,
895,2026-05-27,SZ300782,0.16295844503013468,EXP_DEnsembleModel_Alpha158_csi300_custom_step0_s_20260527_16,9e4bc7df98f44ace9b9d7fddd33d5670,0.084,,,
896,2026-05-27,SH600015,-0.142926471000008,EXP_DEnsembleModel_Alpha158_csi300_custom_step0_s_20260527_16,ccc5bea9848148a2a6bdc428a2e5c38f,0.028,,,
897,2026-05-27,SH600011,0.14113738937565432,EXP_DEnsembleModel_Alpha158_csi300_custom_step0_s_20260527_16,ccc5bea9848148a2a6bdc428a2e5c38f,0.028,,,
898,2026-05-27,SH600010,0.15586783663482065,EXP_DEnsembleModel_Alpha158_csi300_custom_step0_s_20260527_16,ccc5bea9848148a2a6bdc428a2e5c38f,0.028,,,
899,2026-05-27,SH600009,0.05120052574270502,EXP_DEnsembleModel_Alpha158_csi300_custom_step0_s_20260527_16,ccc5bea9848148a2a6bdc428a2e5c38f,0.028,,,
900,2026-05-27,SH600000,-0.037600745318998624,EXP_DEnsembleModel_Alpha158_csi300_custom_step0_s_20260527_16,ccc5bea9848148a2a6bdc428a2e5c38f,0.028,,,
901,2026-05-27,SZ302132,-0.15564407695227608,EXP_DEnsembleModel_Alpha158_csi300_custom_step0_s_20260527_16,9e4bc7df98f44ace9b9d7fddd33d5670,0.084,,,
902,2026-05-27,SH600018,-0.03878283266304038,EXP_DEnsembleModel_Alpha158_csi300_custom_step0_s_20260527_16,ccc5bea9848148a2a6bdc428a2e5c38f,0.028,,,
903,2026-05-27,SZ301269,-0.1239772246845763,EXP_DEnsembleModel_Alpha158_csi300_custom_step0_s_20260527_16,9e4bc7df98f44ace9b9d7fddd33d5670,0.084,,,
904,2026-05-27,SZ300999,-0.06118389255517809,EXP_DEnsembleModel_Alpha158_csi300_custom_step0_s_20260527_16,9e4bc7df98f44ace9b9d7fddd33d5670,0.084,,,
905,2026-05-27,SZ300979,0.04678052859114153,EXP_DEnsembleModel_Alpha158_csi300_custom_step0_s_20260527_16,9e4bc7df98f44ace9b9d7fddd33d5670,0.084,,,
906,2026-05-27,SZ300896,0.0507518662248722,EXP_DEnsembleModel_Alpha158_csi300_custom_step0_s_20260527_16,9e4bc7df98f44ace9b9d7fddd33d5670,0.084,,,
907,2026-05-27,SZ300866,-0.07513007936354116,EXP_DEnsembleModel_Alpha158_csi300_custom_step0_s_20260527_16,9e4bc7df98f44ace9b9d7fddd33d5670,0.084,,,
908,2026-05-27,SZ300832,-0.1465092370950679,EXP_DEnsembleModel_Alpha158_csi300_custom_step0_s_20260527_16,9e4bc7df98f44ace9b9d7fddd33d5670,0.084,,,
909,2026-05-27,SZ300803,-0.11545012720859851,EXP_DEnsembleModel_Alpha158_csi300_custom_step0_s_20260527_16,9e4bc7df98f44ace9b9d7fddd33d5670,0.084,,,
910,2026-05-27,SZ301236,-0.21196017178347012,EXP_DEnsembleModel_Alpha158_csi300_custom_step0_s_20260527_16,9e4bc7df98f44ace9b9d7fddd33d5670,0.084,,,
911,2026-05-27,SH600377,0.04530950604255792,EXP_DEnsembleModel_Alpha158_csi300_custom_step0_s_20260527_16,ccc5bea9848148a2a6bdc428a2e5c38f,0.028,,,
912,2026-05-27,SH600406,0.041780278542332835,EXP_DEnsembleModel_Alpha158_csi300_custom_step0_s_20260527_16,ccc5bea9848148a2a6bdc428a2e5c38f,0.028,,,
913,2026-05-27,SH600415,0.055616443722802465,EXP_DEnsembleModel_Alpha158_csi300_custom_step0_s_20260527_16,ccc5bea9848148a2a6bdc428a2e5c38f,0.028,,,
914,2026-05-27,SH600958,0.011085197974911318,EXP_DEnsembleModel_Alpha158_csi300_custom_step0_s_20260527_16,ccc5bea9848148a2a6bdc428a2e5c38f,0.028,,,
915,2026-05-27,SH600989,0.2525730167342027,EXP_DEnsembleModel_Alpha158_csi300_custom_step0_s_20260527_16,ccc5bea9848148a2a6bdc428a2e5c38f,0.028,,,
916,2026-05-27,SH600999,0.026027392349797954,EXP_DEnsembleModel_Alpha158_csi300_custom_step0_s_20260527_16,ccc5bea9848148a2a6bdc428a2e5c38f,0.028,,,
917,2026-05-27,SH601006,-0.057452681564940586,EXP_DEnsembleModel_Alpha158_csi300_custom_step0_s_20260527_16,ccc5bea9848148a2a6bdc428a2e5c38f,0.028,,,
918,2026-05-27,SH601009,-0.11827546715462157,EXP_DEnsembleModel_Alpha158_csi300_custom_step0_s_20260527_16,ccc5bea9848148a2a6bdc428a2e5c38f,0.028,,,
919,2026-05-27,SH601012,0.17490094159341177,EXP_DEnsembleModel_Alpha158_csi300_custom_step0_s_20260527_16,ccc5bea9848148a2a6bdc428a2e5c38f,0.028,,,
920,2026-05-27,SH601018,-0.07098558703801765,EXP_DEnsembleModel_Alpha158_csi300_custom_step0_s_20260527_16,ccc5bea9848148a2a6bdc428a2e5c38f,0.028,,,
921,2026-05-27,SH601021,-0.017351806994879475,EXP_DEnsembleModel_Alpha158_csi300_custom_step0_s_20260527_16,ccc5bea9848148a2a6bdc428a2e5c38f,0.028,,,
922,2026-05-27,SH601058,-0.04996292257703614,EXP_DEnsembleModel_Alpha158_csi300_custom_step0_s_20260527_16,ccc5bea9848148a2a6bdc428a2e5c38f,0.028,,,
923,2026-05-27,SH601059,-0.010545290294462594,EXP_DEnsembleModel_Alpha158_csi300_custom_step0_s_20260527_16,ccc5bea9848148a2a6bdc428a2e5c38f,0.028,,,
924,2026-05-27,SH601066,0.006262885623323716,EXP_DEnsembleModel_Alpha158_csi300_custom_step0_s_20260527_16,ccc5bea9848148a2a6bdc428a2e5c38f,0.028,,,
925,2026-05-27,SH601077,-0.11707175754702809,EXP_DEnsembleModel_Alpha158_csi300_custom_step0_s_20260527_16,ccc5bea9848148a2a6bdc428a2e5c38f,0.028,,,
926,2026-05-27,SH601088,-0.09204471860168972,EXP_DEnsembleModel_Alpha158_csi300_custom_step0_s_20260527_16,ccc5bea9848148a2a6bdc428a2e5c38f,0.028,,,
927,2026-05-27,SH601100,0.09732139482930206,EXP_DEnsembleModel_Alpha158_csi300_custom_step0_s_20260527_16,ccc5bea9848148a2a6bdc428a2e5c38f,0.028,,,
928,2026-05-27,SH601111,-0.01279445178904171,EXP_DEnsembleModel_Alpha158_csi300_custom_step0_s_20260527_16,ccc5bea9848148a2a6bdc428a2e5c38f,0.028,,,
929,2026-05-27,SH601117,0.019312023065578315,EXP_DEnsembleModel_Alpha158_csi300_custom_step0_s_20260527_16,ccc5bea9848148a2a6bdc428a2e5c38f,0.028,,,
930,2026-05-27,SH601127,-0.01397334477505951,EXP_DEnsembleModel_Alpha158_csi300_custom_step0_s_20260527_16,ccc5bea9848148a2a6bdc428a2e5c38f,0.028,,,
931,2026-05-27,SH601319,-0.03893876003702527,EXP_DEnsembleModel_Alpha158_csi300_custom_step0_s_20260527_16,ccc5bea9848148a2a6bdc428a2e5c38f,0.028,,,
932,2026-05-27,SH601318,-0.08297315664697438,EXP_DEnsembleModel_Alpha158_csi300_custom_step0_s_20260527_16,ccc5bea9848148a2a6bdc428a2e5c38f,0.028,,,
933,2026-05-27,SH601298,0.025342040488904087,EXP_DEnsembleModel_Alpha158_csi300_custom_step0_s_20260527_16,ccc5bea9848148a2a6bdc428a2e5c38f,0.028,,,
934,2026-05-27,SH601288,-0.1466641651258894,EXP_DEnsembleModel_Alpha158_csi300_custom_step0_s_20260527_16,ccc5bea9848148a2a6bdc428a2e5c38f,0.028,,,
935,2026-05-27,SH601238,-0.04659560176466543,EXP_DEnsembleModel_Alpha158_csi300_custom_step0_s_20260527_16,ccc5bea9848148a2a6bdc428a2e5c38f,0.028,,,
936,2026-05-27,SH601236,-0.07014633951923954,EXP_DEnsembleModel_Alpha158_csi300_custom_step0_s_20260527_16,ccc5bea9848148a2a6bdc428a2e5c38f,0.028,,,
937,2026-05-27,SH600941,0.00955846514462262,EXP_DEnsembleModel_Alpha158_csi300_custom_step0_s_20260527_16,ccc5bea9848148a2a6bdc428a2e5c38f,0.028,,,
938,2026-05-27,SH601229,-0.11717110814426093,EXP_DEnsembleModel_Alpha158_csi300_custom_step0_s_20260527_16,ccc5bea9848148a2a6bdc428a2e5c38f,0.028,,,
939,2026-05-27,SH601211,-0.06732266780334584,EXP_DEnsembleModel_Alpha158_csi300_custom_step0_s_20260527_16,ccc5bea9848148a2a6bdc428a2e5c38f,0.028,,,
940,2026-05-27,SH601186,-0.06644143531343769,EXP_DEnsembleModel_Alpha158_csi300_custom_step0_s_20260527_16,ccc5bea9848148a2a6bdc428a2e5c38f,0.028,,,
941,2026-05-27,SH601169,-0.13690006462450385,EXP_DEnsembleModel_Alpha158_csi300_custom_step0_s_20260527_16,ccc5bea9848148a2a6bdc428a2e5c38f,0.028,,,
942,2026-05-27,SH601166,-0.054223071047246676,EXP_DEnsembleModel_Alpha158_csi300_custom_step0_s_20260527_16,ccc5bea9848148a2a6bdc428a2e5c38f,0.028,,,
943,2026-05-27,SH601138,0.3363096561983689,EXP_DEnsembleModel_Alpha158_csi300_custom_step0_s_20260527_16,ccc5bea9848148a2a6bdc428a2e5c38f,0.028,,,
944,2026-05-27,SH601136,-0.014493092862466158,EXP_DEnsembleModel_Alpha158_csi300_custom_step0_s_20260527_16,ccc5bea9848148a2a6bdc428a2e5c38f,0.028,,,
945,2026-05-27,SH601225,-0.13031909431604408,EXP_DEnsembleModel_Alpha158_csi300_custom_step0_s_20260527_16,ccc5bea9848148a2a6bdc428a2e5c38f,0.028,,,
946,2026-05-27,SH600938,0.019382321031460207,EXP_DEnsembleModel_Alpha158_csi300_custom_step0_s_20260527_16,ccc5bea9848148a2a6bdc428a2e5c38f,0.028,,,
947,2026-05-27,SH600930,0.020105274295787647,EXP_DEnsembleModel_Alpha158_csi300_custom_step0_s_20260527_16,ccc5bea9848148a2a6bdc428a2e5c38f,0.028,,,
948,2026-05-27,SH600926,-0.09055941199923051,EXP_DEnsembleModel_Alpha158_csi300_custom_step0_s_20260527_16,ccc5bea9848148a2a6bdc428a2e5c38f,0.028,,,
949,2026-05-27,SH600588,0.19899478344894417,EXP_DEnsembleModel_Alpha158_csi300_custom_step0_s_20260527_16,ccc5bea9848148a2a6bdc428a2e5c38f,0.028,,,
950,2026-05-27,SH600585,-0.08500105686919315,EXP_DEnsembleModel_Alpha158_csi300_custom_step0_s_20260527_16,ccc5bea9848148a2a6bdc428a2e5c38f,0.028,,,
951,2026-05-27,SH600584,-0.435710654252051,EXP_DEnsembleModel_Alpha158_csi300_custom_step0_s_20260527_16,ccc5bea9848148a2a6bdc428a2e5c38f,0.028,,,
952,2026-05-27,SH600570,0.008393805882389678,EXP_DEnsembleModel_Alpha158_csi300_custom_step0_s_20260527_16,ccc5bea9848148a2a6bdc428a2e5c38f,0.028,,,
953,2026-05-27,SH600547,0.20860090362102515,EXP_DEnsembleModel_Alpha158_csi300_custom_step0_s_20260527_16,ccc5bea9848148a2a6bdc428a2e5c38f,0.028,,,
954,2026-05-27,SH600522,0.30316441746638617,EXP_DEnsembleModel_Alpha158_csi300_custom_step0_s_20260527_16,ccc5bea9848148a2a6bdc428a2e5c38f,0.028,,,
955,2026-05-27,SH600600,-0.046859992054410736,EXP_DEnsembleModel_Alpha158_csi300_custom_step0_s_20260527_16,ccc5bea9848148a2a6bdc428a2e5c38f,0.028,,,
956,2026-05-27,SH600519,-0.01644635581999019,EXP_DEnsembleModel_Alpha158_csi300_custom_step0_s_20260527_16,ccc5bea9848148a2a6bdc428a2e5c38f,0.028,,,
957,2026-05-27,SH600489,0.24207101053672944,EXP_DEnsembleModel_Alpha158_csi300_custom_step0_s_20260527_16,ccc5bea9848148a2a6bdc428a2e5c38f,0.028,,,
958,2026-05-27,SH600482,0.02182550127335303,EXP_DEnsembleModel_Alpha158_csi300_custom_step0_s_20260527_16,ccc5bea9848148a2a6bdc428a2e5c38f,0.028,,,
959,2026-05-27,SH600460,0.002367014896071822,EXP_DEnsembleModel_Alpha158_csi300_custom_step0_s_20260527_16,ccc5bea9848148a2a6bdc428a2e5c38f,0.028,,,
960,2026-05-27,SH600438,0.10260708731943576,EXP_DEnsembleModel_Alpha158_csi300_custom_step0_s_20260527_16,ccc5bea9848148a2a6bdc428a2e5c38f,0.028,,,
961,2026-05-27,SH600436,0.0016408735072541817,EXP_DEnsembleModel_Alpha158_csi300_custom_step0_s_20260527_16,ccc5bea9848148a2a6bdc428a2e5c38f,0.028,,,
962,2026-05-27,SH600426,0.3504366894411495,EXP_DEnsembleModel_Alpha158_csi300_custom_step0_s_20260527_16,ccc5bea9848148a2a6bdc428a2e5c38f,0.028,,,
963,2026-05-27,SH600515,4.5571608566517825e-05,EXP_DEnsembleModel_Alpha158_csi300_custom_step0_s_20260527_16,ccc5bea9848148a2a6bdc428a2e5c38f,0.028,,,
964,2026-05-27,SZ300308,0.17019302802120764,EXP_DEnsembleModel_Alpha158_csi300_custom_step0_s_20260527_16,9e4bc7df98f44ace9b9d7fddd33d5670,0.084,,,
965,2026-05-27,SH600660,-0.02668666172748886,EXP_DEnsembleModel_Alpha158_csi300_custom_step0_s_20260527_16,ccc5bea9848148a2a6bdc428a2e5c38f,0.028,,,
966,2026-05-27,SH600690,-0.0060519250150951635,EXP_DEnsembleModel_Alpha158_csi300_custom_step0_s_20260527_16,ccc5bea9848148a2a6bdc428a2e5c38f,0.028,,,
967,2026-05-27,SH600919,-0.005622582637455281,EXP_DEnsembleModel_Alpha158_csi300_custom_step0_s_20260527_16,ccc5bea9848148a2a6bdc428a2e5c38f,0.028,,,
968,2026-05-27,SH600918,-0.028302784509075612,EXP_DEnsembleModel_Alpha158_csi300_custom_step0_s_20260527_16,ccc5bea9848148a2a6bdc428a2e5c38f,0.028,,,
969,2026-05-27,SH600905,-0.0529170453032276,EXP_DEnsembleModel_Alpha158_csi300_custom_step0_s_20260527_16,ccc5bea9848148a2a6bdc428a2e5c38f,0.028,,,
970,2026-05-27,SH600900,-0.07476735074723763,EXP_DEnsembleModel_Alpha158_csi300_custom_step0_s_20260527_16,ccc5bea9848148a2a6bdc428a2e5c38f,0.028,,,
971,2026-05-27,SH600893,0.13543663394263722,EXP_DEnsembleModel_Alpha158_csi300_custom_step0_s_20260527_16,ccc5bea9848148a2a6bdc428a2e5c38f,0.028,,,
972,2026-05-27,SH600887,0.07162058377589711,EXP_DEnsembleModel_Alpha158_csi300_custom_step0_s_20260527_16,ccc5bea9848148a2a6bdc428a2e5c38f,0.028,,,
973,2026-05-27,SH600674,-0.006479626595069154,EXP_DEnsembleModel_Alpha158_csi300_custom_step0_s_20260527_16,ccc5bea9848148a2a6bdc428a2e5c38f,0.028,,,
974,2026-05-27,SH600886,-0.07699977696540934,EXP_DEnsembleModel_Alpha158_csi300_custom_step0_s_20260527_16,ccc5bea9848148a2a6bdc428a2e5c38f,0.028,,,
975,2026-05-27,SH600845,-0.005979181665513088,EXP_DEnsembleModel_Alpha158_csi300_custom_step0_s_20260527_16,ccc5bea9848148a2a6bdc428a2e5c38f,0.028,,,
976,2026-05-27,SH600809,0.06370376648060846,EXP_DEnsembleModel_Alpha158_csi300_custom_step0_s_20260527_16,ccc5bea9848148a2a6bdc428a2e5c38f,0.028,,,
977,2026-05-27,SH600803,-0.009251753338420314,EXP_DEnsembleModel_Alpha158_csi300_custom_step0_s_20260527_16,ccc5bea9848148a2a6bdc428a2e5c38f,0.028,,,
978,2026-05-27,SH600795,0.019902244150881033,EXP_DEnsembleModel_Alpha158_csi300_custom_step0_s_20260527_16,ccc5bea9848148a2a6bdc428a2e5c38f,0.028,,,
979,2026-05-27,SH600760,0.062290890686360866,EXP_DEnsembleModel_Alpha158_csi300_custom_step0_s_20260527_16,ccc5bea9848148a2a6bdc428a2e5c38f,0.028,,,
980,2026-05-27,SH600741,0.01805172395225178,EXP_DEnsembleModel_Alpha158_csi300_custom_step0_s_20260527_16,ccc5bea9848148a2a6bdc428a2e5c38f,0.028,,,
981,2026-05-27,SH600875,0.10080291790408932,EXP_DEnsembleModel_Alpha158_csi300_custom_step0_s_20260527_16,ccc5bea9848148a2a6bdc428a2e5c38f,0.028,,,
982,2026-05-27,SH600905,0.014510216191411018,EXP_LinearModel_Alpha158_csi300_custom_step0_s_20260527_16,74815d00235a494c823c27bceff974f9,0.102,,,
983,2026-05-27,SZ300274,-0.025161995148706144,EXP_DEnsembleModel_Alpha158_csi300_custom_step0_s_20260527_16,9e4bc7df98f44ace9b9d7fddd33d5670,0.084,,,
984,2026-05-27,SZ300124,0.003631850230689274,EXP_DEnsembleModel_Alpha158_csi300_custom_step0_s_20260527_16,9e4bc7df98f44ace9b9d7fddd33d5670,0.084,,,
985,2026-05-27,SH603993,-0.14673435233587598,EXP_DEnsembleModel_Alpha158_csi300_custom_step0_s_20260527_16,9e4bc7df98f44ace9b9d7fddd33d5670,0.084,,,
986,2026-05-27,SH605117,-0.15927750009849923,EXP_DEnsembleModel_Alpha158_csi300_custom_step0_s_20260527_16,9e4bc7df98f44ace9b9d7fddd33d5670,0.084,,,
987,2026-05-27,SH605499,-0.07930298544556694,EXP_DEnsembleModel_Alpha158_csi300_custom_step0_s_20260527_16,9e4bc7df98f44ace9b9d7fddd33d5670,0.084,,,
988,2026-05-27,SH688008,0.06020696331352978,EXP_DEnsembleModel_Alpha158_csi300_custom_step0_s_20260527_16,9e4bc7df98f44ace9b9d7fddd33d5670,0.084,,,
989,2026-05-27,SH688009,0.04433609860092159,EXP_DEnsembleModel_Alpha158_csi300_custom_step0_s_20260527_16,9e4bc7df98f44ace9b9d7fddd33d5670,0.084,,,
990,2026-05-27,SH688012,0.1597425309166411,EXP_DEnsembleModel_Alpha158_csi300_custom_step0_s_20260527_16,9e4bc7df98f44ace9b9d7fddd33d5670,0.084,,,
991,2026-05-27,SH688036,0.042892997531187894,EXP_DEnsembleModel_Alpha158_csi300_custom_step0_s_20260527_16,9e4bc7df98f44ace9b9d7fddd33d5670,0.084,,,
992,2026-05-27,SH688041,0.03700297929241733,EXP_DEnsembleModel_Alpha158_csi300_custom_step0_s_20260527_16,9e4bc7df98f44ace9b9d7fddd33d5670,0.084,,,
993,2026-05-27,SH688047,0.037036584754764394,EXP_DEnsembleModel_Alpha158_csi300_custom_step0_s_20260527_16,9e4bc7df98f44ace9b9d7fddd33d5670,0.084,,,
994,2026-05-27,SH688082,-0.07000775571446749,EXP_DEnsembleModel_Alpha158_csi300_custom_step0_s_20260527_16,9e4bc7df98f44ace9b9d7fddd33d5670,0.084,,,
995,2026-05-27,SH688111,-0.17899027775454887,EXP_DEnsembleModel_Alpha158_csi300_custom_step0_s_20260527_16,9e4bc7df98f44ace9b9d7fddd33d5670,0.084,,,
996,2026-05-27,SH688126,0.057532484665776845,EXP_DEnsembleModel_Alpha158_csi300_custom_step0_s_20260527_16,9e4bc7df98f44ace9b9d7fddd33d5670,0.084,,,
997,2026-05-27,SH688169,-0.1503540998080142,EXP_DEnsembleModel_Alpha158_csi300_custom_step0_s_20260527_16,9e4bc7df98f44ace9b9d7fddd33d5670,0.084,,,
998,2026-05-27,SH688187,0.04712907732461561,EXP_DEnsembleModel_Alpha158_csi300_custom_step0_s_20260527_16,9e4bc7df98f44ace9b9d7fddd33d5670,0.084,,,
999,2026-05-27,SH688223,-0.1234672525787266,EXP_DEnsembleModel_Alpha158_csi300_custom_step0_s_20260527_16,9e4bc7df98f44ace9b9d7fddd33d5670,0.084,,,
1000,2026-05-27,SH688256,0.15534903026932695,EXP_DEnsembleModel_Alpha158_csi300_custom_step0_s_20260527_16,9e4bc7df98f44ace9b9d7fddd33d5670,0.084,,,
1001,2026-05-27,SH688271,-0.04525320894279643,EXP_DEnsembleModel_Alpha158_csi300_custom_step0_s_20260527_16,9e4bc7df98f44ace9b9d7fddd33d5670,0.084,,,
1002,2026-05-27,SZ000338,0.01088007763922915,EXP_DEnsembleModel_Alpha158_csi300_custom_step0_s_20260527_16,9e4bc7df98f44ace9b9d7fddd33d5670,0.084,,,
1003,2026-05-27,SZ000333,0.015344497082325504,EXP_DEnsembleModel_Alpha158_csi300_custom_step0_s_20260527_16,9e4bc7df98f44ace9b9d7fddd33d5670,0.084,,,
1004,2026-05-27,SZ000301,-0.0019132979600234893,EXP_DEnsembleModel_Alpha158_csi300_custom_step0_s_20260527_16,9e4bc7df98f44ace9b9d7fddd33d5670,0.084,,,
1005,2026-05-27,SZ000166,0.10935655341889518,EXP_DEnsembleModel_Alpha158_csi300_custom_step0_s_20260527_16,9e4bc7df98f44ace9b9d7fddd33d5670,0.084,,,
1006,2026-05-27,SZ000157,0.044851815783774646,EXP_DEnsembleModel_Alpha158_csi300_custom_step0_s_20260527_16,9e4bc7df98f44ace9b9d7fddd33d5670,0.084,,,
1007,2026-05-27,SZ000100,-0.03247320275987459,EXP_DEnsembleModel_Alpha158_csi300_custom_step0_s_20260527_16,9e4bc7df98f44ace9b9d7fddd33d5670,0.084,,,
1008,2026-05-27,SH603986,-0.1423095475967102,EXP_DEnsembleModel_Alpha158_csi300_custom_step0_s_20260527_16,9e4bc7df98f44ace9b9d7fddd33d5670,0.084,,,
1009,2026-05-27,SZ000063,0.02813071707006388,EXP_DEnsembleModel_Alpha158_csi300_custom_step0_s_20260527_16,9e4bc7df98f44ace9b9d7fddd33d5670,0.084,,,
1010,2026-05-27,SZ000001,0.07075024840658359,EXP_DEnsembleModel_Alpha158_csi300_custom_step0_s_20260527_16,9e4bc7df98f44ace9b9d7fddd33d5670,0.084,,,
1011,2026-05-27,SH688981,-0.06458946109519499,EXP_DEnsembleModel_Alpha158_csi300_custom_step0_s_20260527_16,9e4bc7df98f44ace9b9d7fddd33d5670,0.084,,,
1012,2026-05-27,SH688506,-0.08368290858221732,EXP_DEnsembleModel_Alpha158_csi300_custom_step0_s_20260527_16,9e4bc7df98f44ace9b9d7fddd33d5670,0.084,,,
1013,2026-05-27,SH688472,-0.0480150131603793,EXP_DEnsembleModel_Alpha158_csi300_custom_step0_s_20260527_16,9e4bc7df98f44ace9b9d7fddd33d5670,0.084,,,
1014,2026-05-27,SH688396,0.06380484558834512,EXP_DEnsembleModel_Alpha158_csi300_custom_step0_s_20260527_16,9e4bc7df98f44ace9b9d7fddd33d5670,0.084,,,
1015,2026-05-27,SH688303,0.04506107773405253,EXP_DEnsembleModel_Alpha158_csi300_custom_step0_s_20260527_16,9e4bc7df98f44ace9b9d7fddd33d5670,0.084,,,
1016,2026-05-27,SZ000002,0.015736518762375317,EXP_DEnsembleModel_Alpha158_csi300_custom_step0_s_20260527_16,9e4bc7df98f44ace9b9d7fddd33d5670,0.084,,,
1017,2026-05-27,SZ000408,-0.05609627495176007,EXP_DEnsembleModel_Alpha158_csi300_custom_step0_s_20260527_16,9e4bc7df98f44ace9b9d7fddd33d5670,0.084,,,
1018,2026-05-27,SH603893,-0.07366376406956901,EXP_DEnsembleModel_Alpha158_csi300_custom_step0_s_20260527_16,9e4bc7df98f44ace9b9d7fddd33d5670,0.084,,,
1019,2026-05-27,SH603501,-0.19272107528427135,EXP_DEnsembleModel_Alpha158_csi300_custom_step0_s_20260527_16,9e4bc7df98f44ace9b9d7fddd33d5670,0.084,,,
1020,2026-05-27,SH601800,-0.013471676152381562,EXP_DEnsembleModel_Alpha158_csi300_custom_step0_s_20260527_16,9e4bc7df98f44ace9b9d7fddd33d5670,0.084,,,
1021,2026-05-27,SH601808,0.058807739641620685,EXP_DEnsembleModel_Alpha158_csi300_custom_step0_s_20260527_16,9e4bc7df98f44ace9b9d7fddd33d5670,0.084,,,
1022,2026-05-27,SH601816,0.04425608990571123,EXP_DEnsembleModel_Alpha158_csi300_custom_step0_s_20260527_16,9e4bc7df98f44ace9b9d7fddd33d5670,0.084,,,
1023,2026-05-27,SH601818,0.043022491360512,EXP_DEnsembleModel_Alpha158_csi300_custom_step0_s_20260527_16,9e4bc7df98f44ace9b9d7fddd33d5670,0.084,,,
1024,2026-05-27,SH601825,0.03175964126431108,EXP_DEnsembleModel_Alpha158_csi300_custom_step0_s_20260527_16,9e4bc7df98f44ace9b9d7fddd33d5670,0.084,,,
1025,2026-05-27,SH601838,0.12077340548820784,EXP_DEnsembleModel_Alpha158_csi300_custom_step0_s_20260527_16,9e4bc7df98f44ace9b9d7fddd33d5670,0.084,,,
1026,2026-05-27,SH601857,-0.07253840631816799,EXP_DEnsembleModel_Alpha158_csi300_custom_step0_s_20260527_16,9e4bc7df98f44ace9b9d7fddd33d5670,0.084,,,
1027,2026-05-27,SH601868,-0.03142845965664272,EXP_DEnsembleModel_Alpha158_csi300_custom_step0_s_20260527_16,9e4bc7df98f44ace9b9d7fddd33d5670,0.084,,,
1028,2026-05-27,SH601872,-0.07358788242537385,EXP_DEnsembleModel_Alpha158_csi300_custom_step0_s_20260527_16,9e4bc7df98f44ace9b9d7fddd33d5670,0.084,,,
1029,2026-05-27,SH601877,-0.08830208784626475,EXP_DEnsembleModel_Alpha158_csi300_custom_step0_s_20260527_16,9e4bc7df98f44ace9b9d7fddd33d5670,0.084,,,
1030,2026-05-27,SH601878,0.061289781721812785,EXP_DEnsembleModel_Alpha158_csi300_custom_step0_s_20260527_16,9e4bc7df98f44ace9b9d7fddd33d5670,0.084,,,
1031,2026-05-27,SH601881,0.08388700794768603,EXP_DEnsembleModel_Alpha158_csi300_custom_step0_s_20260527_16,9e4bc7df98f44ace9b9d7fddd33d5670,0.084,,,
1032,2026-05-27,SH601888,0.05238237357155263,EXP_DEnsembleModel_Alpha158_csi300_custom_step0_s_20260527_16,9e4bc7df98f44ace9b9d7fddd33d5670,0.084,,,
1033,2026-05-27,SH601898,-0.013103345862369175,EXP_DEnsembleModel_Alpha158_csi300_custom_step0_s_20260527_16,9e4bc7df98f44ace9b9d7fddd33d5670,0.084,,,
1034,2026-05-27,SH601899,-0.08272244213950063,EXP_DEnsembleModel_Alpha158_csi300_custom_step0_s_20260527_16,9e4bc7df98f44ace9b9d7fddd33d5670,0.084,,,
1035,2026-05-27,SH601901,0.1207496648174561,EXP_DEnsembleModel_Alpha158_csi300_custom_step0_s_20260527_16,9e4bc7df98f44ace9b9d7fddd33d5670,0.084,,,
1036,2026-05-27,SH601916,0.04290575202272073,EXP_DEnsembleModel_Alpha158_csi300_custom_step0_s_20260527_16,9e4bc7df98f44ace9b9d7fddd33d5670,0.084,,,
1037,2026-05-27,SH603392,-0.03570374413377135,EXP_DEnsembleModel_Alpha158_csi300_custom_step0_s_20260527_16,9e4bc7df98f44ace9b9d7fddd33d5670,0.084,,,
1038,2026-05-27,SH603369,0.05890269110526225,EXP_DEnsembleModel_Alpha158_csi300_custom_step0_s_20260527_16,9e4bc7df98f44ace9b9d7fddd33d5670,0.084,,,
1039,2026-05-27,SH603296,-0.07997255266764758,EXP_DEnsembleModel_Alpha158_csi300_custom_step0_s_20260527_16,9e4bc7df98f44ace9b9d7fddd33d5670,0.084,,,
1040,2026-05-27,SH603288,-0.04081202983825704,EXP_DEnsembleModel_Alpha158_csi300_custom_step0_s_20260527_16,9e4bc7df98f44ace9b9d7fddd33d5670,0.084,,,
1041,2026-05-27,SH603260,-0.01440506583973283,EXP_DEnsembleModel_Alpha158_csi300_custom_step0_s_20260527_16,9e4bc7df98f44ace9b9d7fddd33d5670,0.084,,,
1042,2026-05-27,SH603259,0.11701510549527157,EXP_DEnsembleModel_Alpha158_csi300_custom_step0_s_20260527_16,9e4bc7df98f44ace9b9d7fddd33d5670,0.084,,,
1043,2026-05-27,SH603799,-0.11930000691446539,EXP_DEnsembleModel_Alpha158_csi300_custom_step0_s_20260527_16,9e4bc7df98f44ace9b9d7fddd33d5670,0.084,,,
1044,2026-05-27,SH603195,-0.012256718230550698,EXP_DEnsembleModel_Alpha158_csi300_custom_step0_s_20260527_16,9e4bc7df98f44ace9b9d7fddd33d5670,0.084,,,
1045,2026-05-27,SH601998,0.04251500465482658,EXP_DEnsembleModel_Alpha158_csi300_custom_step0_s_20260527_16,9e4bc7df98f44ace9b9d7fddd33d5670,0.084,,,
1046,2026-05-27,SH601995,0.13929024096513823,EXP_DEnsembleModel_Alpha158_csi300_custom_step0_s_20260527_16,9e4bc7df98f44ace9b9d7fddd33d5670,0.084,,,
1047,2026-05-27,SH601988,0.1368847371405892,EXP_DEnsembleModel_Alpha158_csi300_custom_step0_s_20260527_16,9e4bc7df98f44ace9b9d7fddd33d5670,0.084,,,
1048,2026-05-27,SH601985,0.03520726435498127,EXP_DEnsembleModel_Alpha158_csi300_custom_step0_s_20260527_16,9e4bc7df98f44ace9b9d7fddd33d5670,0.084,,,
1049,2026-05-27,SH601939,0.1054974496375583,EXP_DEnsembleModel_Alpha158_csi300_custom_step0_s_20260527_16,9e4bc7df98f44ace9b9d7fddd33d5670,0.084,,,
1050,2026-05-27,SH601919,-0.08230720804579647,EXP_DEnsembleModel_Alpha158_csi300_custom_step0_s_20260527_16,9e4bc7df98f44ace9b9d7fddd33d5670,0.084,,,
1051,2026-05-27,SH603019,-0.023208907835884002,EXP_DEnsembleModel_Alpha158_csi300_custom_step0_s_20260527_16,9e4bc7df98f44ace9b9d7fddd33d5670,0.084,,,
1052,2026-05-27,SZ000425,-0.04255329638716539,EXP_DEnsembleModel_Alpha158_csi300_custom_step0_s_20260527_16,9e4bc7df98f44ace9b9d7fddd33d5670,0.084,,,
1053,2026-05-27,SZ000538,-0.0618204056692774,EXP_DEnsembleModel_Alpha158_csi300_custom_step0_s_20260527_16,9e4bc7df98f44ace9b9d7fddd33d5670,0.084,,,
1054,2026-05-27,SZ000568,-0.014475232158490621,EXP_DEnsembleModel_Alpha158_csi300_custom_step0_s_20260527_16,9e4bc7df98f44ace9b9d7fddd33d5670,0.084,,,
1055,2026-05-27,SZ002252,-0.04227783514108185,EXP_DEnsembleModel_Alpha158_csi300_custom_step0_s_20260527_16,9e4bc7df98f44ace9b9d7fddd33d5670,0.084,,,
1056,2026-05-27,SZ002304,-0.05344010667839198,EXP_DEnsembleModel_Alpha158_csi300_custom_step0_s_20260527_16,9e4bc7df98f44ace9b9d7fddd33d5670,0.084,,,
1057,2026-05-27,SZ002311,0.002738120665522574,EXP_DEnsembleModel_Alpha158_csi300_custom_step0_s_20260527_16,9e4bc7df98f44ace9b9d7fddd33d5670,0.084,,,
1058,2026-05-27,SZ002352,0.08755067144032126,EXP_DEnsembleModel_Alpha158_csi300_custom_step0_s_20260527_16,9e4bc7df98f44ace9b9d7fddd33d5670,0.084,,,
1059,2026-05-27,SZ002371,0.12256115976475314,EXP_DEnsembleModel_Alpha158_csi300_custom_step0_s_20260527_16,9e4bc7df98f44ace9b9d7fddd33d5670,0.084,,,
1060,2026-05-27,SZ002384,0.15331457294623987,EXP_DEnsembleModel_Alpha158_csi300_custom_step0_s_20260527_16,9e4bc7df98f44ace9b9d7fddd33d5670,0.084,,,
1061,2026-05-27,SZ002415,0.05048362276647076,EXP_DEnsembleModel_Alpha158_csi300_custom_step0_s_20260527_16,9e4bc7df98f44ace9b9d7fddd33d5670,0.084,,,
1062,2026-05-27,SZ002422,-0.15873565903441506,EXP_DEnsembleModel_Alpha158_csi300_custom_step0_s_20260527_16,9e4bc7df98f44ace9b9d7fddd33d5670,0.084,,,
1063,2026-05-27,SZ002459,-0.04073451886571362,EXP_DEnsembleModel_Alpha158_csi300_custom_step0_s_20260527_16,9e4bc7df98f44ace9b9d7fddd33d5670,0.084,,,
1064,2026-05-27,SZ002460,-0.027388261426352468,EXP_DEnsembleModel_Alpha158_csi300_custom_step0_s_20260527_16,9e4bc7df98f44ace9b9d7fddd33d5670,0.084,,,
1065,2026-05-27,SZ002463,-0.20159072530614305,EXP_DEnsembleModel_Alpha158_csi300_custom_step0_s_20260527_16,9e4bc7df98f44ace9b9d7fddd33d5670,0.084,,,
1066,2026-05-27,SZ002466,0.06458934419251665,EXP_DEnsembleModel_Alpha158_csi300_custom_step0_s_20260527_16,9e4bc7df98f44ace9b9d7fddd33d5670,0.084,,,
1067,2026-05-27,SZ002475,-0.060167200077843035,EXP_DEnsembleModel_Alpha158_csi300_custom_step0_s_20260527_16,9e4bc7df98f44ace9b9d7fddd33d5670,0.084,,,
1068,2026-05-27,SZ002493,-0.039927502063582004,EXP_DEnsembleModel_Alpha158_csi300_custom_step0_s_20260527_16,9e4bc7df98f44ace9b9d7fddd33d5670,0.084,,,
1069,2026-05-27,SZ002594,0.04565671811484457,EXP_DEnsembleModel_Alpha158_csi300_custom_step0_s_20260527_16,9e4bc7df98f44ace9b9d7fddd33d5670,0.084,,,
1070,2026-05-27,SZ002600,-0.03483614797691252,EXP_DEnsembleModel_Alpha158_csi300_custom_step0_s_20260527_16,9e4bc7df98f44ace9b9d7fddd33d5670,0.084,,,
1071,2026-05-27,SZ002601,-0.06395288860714951,EXP_DEnsembleModel_Alpha158_csi300_custom_step0_s_20260527_16,9e4bc7df98f44ace9b9d7fddd33d5670,0.084,,,
1072,2026-05-27,SZ300122,-0.12336494570962071,EXP_DEnsembleModel_Alpha158_csi300_custom_step0_s_20260527_16,9e4bc7df98f44ace9b9d7fddd33d5670,0.084,,,
1073,2026-05-27,SZ300059,0.01989446978069421,EXP_DEnsembleModel_Alpha158_csi300_custom_step0_s_20260527_16,9e4bc7df98f44ace9b9d7fddd33d5670,0.084,,,
1074,2026-05-27,SZ300033,0.0607411339885083,EXP_DEnsembleModel_Alpha158_csi300_custom_step0_s_20260527_16,9e4bc7df98f44ace9b9d7fddd33d5670,0.084,,,
1075,2026-05-27,SZ300015,-0.10810552804663932,EXP_DEnsembleModel_Alpha158_csi300_custom_step0_s_20260527_16,9e4bc7df98f44ace9b9d7fddd33d5670,0.084,,,
1076,2026-05-27,SZ300014,-0.01949909285660711,EXP_DEnsembleModel_Alpha158_csi300_custom_step0_s_20260527_16,9e4bc7df98f44ace9b9d7fddd33d5670,0.084,,,
1077,2026-05-27,SZ003816,-0.028014452396470255,EXP_DEnsembleModel_Alpha158_csi300_custom_step0_s_20260527_16,9e4bc7df98f44ace9b9d7fddd33d5670,0.084,,,
1078,2026-05-27,SZ002241,0.11018367691362557,EXP_DEnsembleModel_Alpha158_csi300_custom_step0_s_20260527_16,9e4bc7df98f44ace9b9d7fddd33d5670,0.084,,,
1079,2026-05-27,SZ002938,-0.03999103093600842,EXP_DEnsembleModel_Alpha158_csi300_custom_step0_s_20260527_16,9e4bc7df98f44ace9b9d7fddd33d5670,0.084,,,
1080,2026-05-27,SZ002916,-0.18476333743028936,EXP_DEnsembleModel_Alpha158_csi300_custom_step0_s_20260527_16,9e4bc7df98f44ace9b9d7fddd33d5670,0.084,,,
1081,2026-05-27,SZ002736,0.06739919972561209,EXP_DEnsembleModel_Alpha158_csi300_custom_step0_s_20260527_16,9e4bc7df98f44ace9b9d7fddd33d5670,0.084,,,
1082,2026-05-27,SZ002714,-0.01586583649006784,EXP_DEnsembleModel_Alpha158_csi300_custom_step0_s_20260527_16,9e4bc7df98f44ace9b9d7fddd33d5670,0.084,,,
1083,2026-05-27,SZ002709,-0.027029195637598386,EXP_DEnsembleModel_Alpha158_csi300_custom_step0_s_20260527_16,9e4bc7df98f44ace9b9d7fddd33d5670,0.084,,,
1084,2026-05-27,SZ002648,0.08316231136969504,EXP_DEnsembleModel_Alpha158_csi300_custom_step0_s_20260527_16,9e4bc7df98f44ace9b9d7fddd33d5670,0.084,,,
1085,2026-05-27,SZ002625,0.024498220808993453,EXP_DEnsembleModel_Alpha158_csi300_custom_step0_s_20260527_16,9e4bc7df98f44ace9b9d7fddd33d5670,0.084,,,
1086,2026-05-27,SZ002920,-0.06287749966470241,EXP_DEnsembleModel_Alpha158_csi300_custom_step0_s_20260527_16,9e4bc7df98f44ace9b9d7fddd33d5670,0.084,,,
1087,2026-05-27,SZ002236,0.056752653345446796,EXP_DEnsembleModel_Alpha158_csi300_custom_step0_s_20260527_16,9e4bc7df98f44ace9b9d7fddd33d5670,0.084,,,
1088,2026-05-27,SZ002230,-0.040333404821833285,EXP_DEnsembleModel_Alpha158_csi300_custom_step0_s_20260527_16,9e4bc7df98f44ace9b9d7fddd33d5670,0.084,,,
1089,2026-05-27,SZ002179,0.024192988677195465,EXP_DEnsembleModel_Alpha158_csi300_custom_step0_s_20260527_16,9e4bc7df98f44ace9b9d7fddd33d5670,0.084,,,
1090,2026-05-27,SZ000858,-0.005712976166556671,EXP_DEnsembleModel_Alpha158_csi300_custom_step0_s_20260527_16,9e4bc7df98f44ace9b9d7fddd33d5670,0.084,,,
1091,2026-05-27,SZ000807,-0.08953643517488928,EXP_DEnsembleModel_Alpha158_csi300_custom_step0_s_20260527_16,9e4bc7df98f44ace9b9d7fddd33d5670,0.084,,,
1092,2026-05-27,SZ000792,0.01660736404426966,EXP_DEnsembleModel_Alpha158_csi300_custom_step0_s_20260527_16,9e4bc7df98f44ace9b9d7fddd33d5670,0.084,,,
1093,2026-05-27,SZ000786,-0.12581702402085682,EXP_DEnsembleModel_Alpha158_csi300_custom_step0_s_20260527_16,9e4bc7df98f44ace9b9d7fddd33d5670,0.084,,,
1094,2026-05-27,SZ000776,0.04996909912203743,EXP_DEnsembleModel_Alpha158_csi300_custom_step0_s_20260527_16,9e4bc7df98f44ace9b9d7fddd33d5670,0.084,,,
1095,2026-05-27,SZ000768,-0.05921688574241466,EXP_DEnsembleModel_Alpha158_csi300_custom_step0_s_20260527_16,9e4bc7df98f44ace9b9d7fddd33d5670,0.084,,,
1096,2026-05-27,SZ000876,-0.021176405573918672,EXP_DEnsembleModel_Alpha158_csi300_custom_step0_s_20260527_16,9e4bc7df98f44ace9b9d7fddd33d5670,0.084,,,
1097,2026-05-27,SZ000725,-0.1508365449084776,EXP_DEnsembleModel_Alpha158_csi300_custom_step0_s_20260527_16,9e4bc7df98f44ace9b9d7fddd33d5670,0.084,,,
1098,2026-05-27,SZ000661,-0.08407496279156638,EXP_DEnsembleModel_Alpha158_csi300_custom_step0_s_20260527_16,9e4bc7df98f44ace9b9d7fddd33d5670,0.084,,,
1099,2026-05-27,SZ000651,0.019248837085678393,EXP_DEnsembleModel_Alpha158_csi300_custom_step0_s_20260527_16,9e4bc7df98f44ace9b9d7fddd33d5670,0.084,,,
1100,2026-05-27,SZ000630,-0.18105456550379237,EXP_DEnsembleModel_Alpha158_csi300_custom_step0_s_20260527_16,9e4bc7df98f44ace9b9d7fddd33d5670,0.084,,,
1101,2026-05-27,SZ000625,-0.019021817156962856,EXP_DEnsembleModel_Alpha158_csi300_custom_step0_s_20260527_16,9e4bc7df98f44ace9b9d7fddd33d5670,0.084,,,
1102,2026-05-27,SZ000617,-0.03796973006062222,EXP_DEnsembleModel_Alpha158_csi300_custom_step0_s_20260527_16,9e4bc7df98f44ace9b9d7fddd33d5670,0.084,,,
1103,2026-05-27,SZ000596,-0.0617091880232377,EXP_DEnsembleModel_Alpha158_csi300_custom_step0_s_20260527_16,9e4bc7df98f44ace9b9d7fddd33d5670,0.084,,,
1104,2026-05-27,SZ000708,0.07793222848344203,EXP_DEnsembleModel_Alpha158_csi300_custom_step0_s_20260527_16,9e4bc7df98f44ace9b9d7fddd33d5670,0.084,,,
1105,2026-05-27,SZ300251,-0.02745489648215286,EXP_DEnsembleModel_Alpha158_csi300_custom_step0_s_20260527_16,9e4bc7df98f44ace9b9d7fddd33d5670,0.084,,,
1106,2026-05-27,SZ000895,-0.0812545048317551,EXP_DEnsembleModel_Alpha158_csi300_custom_step0_s_20260527_16,9e4bc7df98f44ace9b9d7fddd33d5670,0.084,,,
1107,2026-05-27,SZ000963,-0.0429357719578855,EXP_DEnsembleModel_Alpha158_csi300_custom_step0_s_20260527_16,9e4bc7df98f44ace9b9d7fddd33d5670,0.084,,,
1108,2026-05-27,SZ002142,0.03991688609563915,EXP_DEnsembleModel_Alpha158_csi300_custom_step0_s_20260527_16,9e4bc7df98f44ace9b9d7fddd33d5670,0.084,,,
1109,2026-05-27,SZ002074,-0.10329806423571286,EXP_DEnsembleModel_Alpha158_csi300_custom_step0_s_20260527_16,9e4bc7df98f44ace9b9d7fddd33d5670,0.084,,,
1110,2026-05-27,SZ002050,-0.053812591524060774,EXP_DEnsembleModel_Alpha158_csi300_custom_step0_s_20260527_16,9e4bc7df98f44ace9b9d7fddd33d5670,0.084,,,
1111,2026-05-27,SZ002049,-0.06075019687631445,EXP_DEnsembleModel_Alpha158_csi300_custom_step0_s_20260527_16,9e4bc7df98f44ace9b9d7fddd33d5670,0.084,,,
1112,2026-05-27,SZ002028,-0.033181628424356936,EXP_DEnsembleModel_Alpha158_csi300_custom_step0_s_20260527_16,9e4bc7df98f44ace9b9d7fddd33d5670,0.084,,,
1113,2026-05-27,SZ002027,0.062121431766928775,EXP_DEnsembleModel_Alpha158_csi300_custom_step0_s_20260527_16,9e4bc7df98f44ace9b9d7fddd33d5670,0.084,,,
1114,2026-05-27,SZ000938,0.0032669302538877423,EXP_DEnsembleModel_Alpha158_csi300_custom_step0_s_20260527_16,9e4bc7df98f44ace9b9d7fddd33d5670,0.084,,,
1115,2026-05-27,SZ002001,0.02933864164108661,EXP_DEnsembleModel_Alpha158_csi300_custom_step0_s_20260527_16,9e4bc7df98f44ace9b9d7fddd33d5670,0.084,,,
1116,2026-05-27,SZ001965,0.06798958953643873,EXP_DEnsembleModel_Alpha158_csi300_custom_step0_s_20260527_16,9e4bc7df98f44ace9b9d7fddd33d5670,0.084,,,
1117,2026-05-27,SZ001391,-0.026883259113245413,EXP_DEnsembleModel_Alpha158_csi300_custom_step0_s_20260527_16,9e4bc7df98f44ace9b9d7fddd33d5670,0.084,,,
1118,2026-05-27,SZ000999,-0.055622701049170505,EXP_DEnsembleModel_Alpha158_csi300_custom_step0_s_20260527_16,9e4bc7df98f44ace9b9d7fddd33d5670,0.084,,,
1119,2026-05-27,SZ000983,-0.015156576924633467,EXP_DEnsembleModel_Alpha158_csi300_custom_step0_s_20260527_16,9e4bc7df98f44ace9b9d7fddd33d5670,0.084,,,
1120,2026-05-27,SZ000977,-0.13842463452570444,EXP_DEnsembleModel_Alpha158_csi300_custom_step0_s_20260527_16,9e4bc7df98f44ace9b9d7fddd33d5670,0.084,,,
1121,2026-05-27,SZ000975,0.1942520768550397,EXP_DEnsembleModel_Alpha158_csi300_custom_step0_s_20260527_16,9e4bc7df98f44ace9b9d7fddd33d5670,0.084,,,
1122,2026-05-27,SZ001979,-0.06883948223589023,EXP_DEnsembleModel_Alpha158_csi300_custom_step0_s_20260527_16,9e4bc7df98f44ace9b9d7fddd33d5670,0.084,,,
1123,2026-05-27,SH601939,0.20739361548771085,EXP_DEnsembleModel_Alpha158_csi300_custom_step0_s_20260527_16,b5abd7d069124cb681efc264568fa70d,0.07,,,
1124,2026-05-27,SH600918,-0.017738087102770805,EXP_LinearModel_Alpha158_csi300_custom_step0_s_20260527_16,74815d00235a494c823c27bceff974f9,0.102,,,
1125,2026-05-27,SH600926,-0.03844631463289261,EXP_LinearModel_Alpha158_csi300_custom_step0_s_20260527_16,74815d00235a494c823c27bceff974f9,0.102,,,
1126,2026-05-27,SZ000858,-0.02722182683646679,EXP_XGBModel_Alpha158_csi300_custom_step0_s_20260527_16,84eb318de11f436d9fd1c5f8766f128b,0.054,,,
1127,2026-05-27,SZ000876,-0.01255750097334385,EXP_XGBModel_Alpha158_csi300_custom_step0_s_20260527_16,84eb318de11f436d9fd1c5f8766f128b,0.054,,,
1128,2026-05-27,SZ000895,-0.04388294741511345,EXP_XGBModel_Alpha158_csi300_custom_step0_s_20260527_16,84eb318de11f436d9fd1c5f8766f128b,0.054,,,
1129,2026-05-27,SZ000938,-0.06919579207897186,EXP_XGBModel_Alpha158_csi300_custom_step0_s_20260527_16,84eb318de11f436d9fd1c5f8766f128b,0.054,,,
1130,2026-05-27,SZ000963,-0.024661628529429436,EXP_XGBModel_Alpha158_csi300_custom_step0_s_20260527_16,84eb318de11f436d9fd1c5f8766f128b,0.054,,,
1131,2026-05-27,SZ000975,0.005940161645412445,EXP_XGBModel_Alpha158_csi300_custom_step0_s_20260527_16,84eb318de11f436d9fd1c5f8766f128b,0.054,,,
1132,2026-05-27,SZ000977,-0.10242928564548492,EXP_XGBModel_Alpha158_csi300_custom_step0_s_20260527_16,84eb318de11f436d9fd1c5f8766f128b,0.054,,,
1133,2026-05-27,SZ000983,-0.006834708154201508,EXP_XGBModel_Alpha158_csi300_custom_step0_s_20260527_16,84eb318de11f436d9fd1c5f8766f128b,0.054,,,
1134,2026-05-27,SZ000999,-0.005428236443549395,EXP_XGBModel_Alpha158_csi300_custom_step0_s_20260527_16,84eb318de11f436d9fd1c5f8766f128b,0.054,,,
1135,2026-05-27,SZ001391,0.012357786297798157,EXP_XGBModel_Alpha158_csi300_custom_step0_s_20260527_16,84eb318de11f436d9fd1c5f8766f128b,0.054,,,
1136,2026-05-27,SZ001965,0.08659857511520386,EXP_XGBModel_Alpha158_csi300_custom_step0_s_20260527_16,84eb318de11f436d9fd1c5f8766f128b,0.054,,,
1137,2026-05-27,SZ001979,-0.04155726358294487,EXP_XGBModel_Alpha158_csi300_custom_step0_s_20260527_16,84eb318de11f436d9fd1c5f8766f128b,0.054,,,
1138,2026-05-27,SZ002001,-0.013864018023014069,EXP_XGBModel_Alpha158_csi300_custom_step0_s_20260527_16,84eb318de11f436d9fd1c5f8766f128b,0.054,,,
1139,2026-05-27,SZ002027,-0.004302904475480318,EXP_XGBModel_Alpha158_csi300_custom_step0_s_20260527_16,84eb318de11f436d9fd1c5f8766f128b,0.054,,,
1140,2026-05-27,SZ002028,0.005809876136481762,EXP_XGBModel_Alpha158_csi300_custom_step0_s_20260527_16,84eb318de11f436d9fd1c5f8766f128b,0.054,,,
1141,2026-05-27,SZ002049,-0.040263883769512177,EXP_XGBModel_Alpha158_csi300_custom_step0_s_20260527_16,84eb318de11f436d9fd1c5f8766f128b,0.054,,,
1142,2026-05-27,SZ002050,-0.13056521117687225,EXP_XGBModel_Alpha158_csi300_custom_step0_s_20260527_16,84eb318de11f436d9fd1c5f8766f128b,0.054,,,
1143,2026-05-27,SZ002422,-0.07538353651762009,EXP_XGBModel_Alpha158_csi300_custom_step0_s_20260527_16,84eb318de11f436d9fd1c5f8766f128b,0.054,,,
1144,2026-05-27,SZ002415,0.019520772621035576,EXP_XGBModel_Alpha158_csi300_custom_step0_s_20260527_16,84eb318de11f436d9fd1c5f8766f128b,0.054,,,
1145,2026-05-27,SZ002384,0.35387328267097473,EXP_XGBModel_Alpha158_csi300_custom_step0_s_20260527_16,84eb318de11f436d9fd1c5f8766f128b,0.054,,,
1146,2026-05-27,SZ002371,-0.0012333632912486792,EXP_XGBModel_Alpha158_csi300_custom_step0_s_20260527_16,84eb318de11f436d9fd1c5f8766f128b,0.054,,,
1147,2026-05-27,SZ002352,0.03783637657761574,EXP_XGBModel_Alpha158_csi300_custom_step0_s_20260527_16,84eb318de11f436d9fd1c5f8766f128b,0.054,,,
1148,2026-05-27,SZ002311,-0.018273405730724335,EXP_XGBModel_Alpha158_csi300_custom_step0_s_20260527_16,84eb318de11f436d9fd1c5f8766f128b,0.054,,,
1149,2026-05-27,SZ000807,-0.04245822876691818,EXP_XGBModel_Alpha158_csi300_custom_step0_s_20260527_16,84eb318de11f436d9fd1c5f8766f128b,0.054,,,
1150,2026-05-27,SZ002304,0.12633764743804932,EXP_XGBModel_Alpha158_csi300_custom_step0_s_20260527_16,84eb318de11f436d9fd1c5f8766f128b,0.054,,,
1151,2026-05-27,SZ002241,0.04223310947418213,EXP_XGBModel_Alpha158_csi300_custom_step0_s_20260527_16,84eb318de11f436d9fd1c5f8766f128b,0.054,,,
1152,2026-05-27,SZ002236,0.04606199264526367,EXP_XGBModel_Alpha158_csi300_custom_step0_s_20260527_16,84eb318de11f436d9fd1c5f8766f128b,0.054,,,
1153,2026-05-27,SZ002230,0.02254951186478138,EXP_XGBModel_Alpha158_csi300_custom_step0_s_20260527_16,84eb318de11f436d9fd1c5f8766f128b,0.054,,,
1154,2026-05-27,SZ002179,0.02291053906083107,EXP_XGBModel_Alpha158_csi300_custom_step0_s_20260527_16,84eb318de11f436d9fd1c5f8766f128b,0.054,,,
1155,2026-05-27,SZ002142,0.01551259309053421,EXP_XGBModel_Alpha158_csi300_custom_step0_s_20260527_16,84eb318de11f436d9fd1c5f8766f128b,0.054,,,
1156,2026-05-27,SZ002074,-0.0441744439303875,EXP_XGBModel_Alpha158_csi300_custom_step0_s_20260527_16,84eb318de11f436d9fd1c5f8766f128b,0.054,,,
1157,2026-05-27,SZ002252,-0.02521308697760105,EXP_XGBModel_Alpha158_csi300_custom_step0_s_20260527_16,84eb318de11f436d9fd1c5f8766f128b,0.054,,,
1158,2026-05-27,SZ002459,-0.018189286813139915,EXP_XGBModel_Alpha158_csi300_custom_step0_s_20260527_16,84eb318de11f436d9fd1c5f8766f128b,0.054,,,
1159,2026-05-27,SZ000792,-0.06365788727998734,EXP_XGBModel_Alpha158_csi300_custom_step0_s_20260527_16,84eb318de11f436d9fd1c5f8766f128b,0.054,,,
1160,2026-05-27,SZ000776,-0.0123582873493433,EXP_XGBModel_Alpha158_csi300_custom_step0_s_20260527_16,84eb318de11f436d9fd1c5f8766f128b,0.054,,,
1161,2026-05-27,SH688187,0.002905929461121559,EXP_XGBModel_Alpha158_csi300_custom_step0_s_20260527_16,84eb318de11f436d9fd1c5f8766f128b,0.054,,,
1162,2026-05-27,SH688223,-0.015624722465872765,EXP_XGBModel_Alpha158_csi300_custom_step0_s_20260527_16,84eb318de11f436d9fd1c5f8766f128b,0.054,,,
1163,2026-05-27,SH688256,-0.28625360131263733,EXP_XGBModel_Alpha158_csi300_custom_step0_s_20260527_16,84eb318de11f436d9fd1c5f8766f128b,0.054,,,
1164,2026-05-27,SH688271,-0.04316118359565735,EXP_XGBModel_Alpha158_csi300_custom_step0_s_20260527_16,84eb318de11f436d9fd1c5f8766f128b,0.054,,,
1165,2026-05-27,SH688303,-0.017106935381889343,EXP_XGBModel_Alpha158_csi300_custom_step0_s_20260527_16,84eb318de11f436d9fd1c5f8766f128b,0.054,,,
1166,2026-05-27,SH688396,0.006991397123783827,EXP_XGBModel_Alpha158_csi300_custom_step0_s_20260527_16,84eb318de11f436d9fd1c5f8766f128b,0.054,,,
1167,2026-05-27,SH688472,-0.03174528107047081,EXP_XGBModel_Alpha158_csi300_custom_step0_s_20260527_16,84eb318de11f436d9fd1c5f8766f128b,0.054,,,
1168,2026-05-27,SH688506,-0.031128516420722008,EXP_XGBModel_Alpha158_csi300_custom_step0_s_20260527_16,84eb318de11f436d9fd1c5f8766f128b,0.054,,,
1169,2026-05-27,SH688981,-0.0984729751944542,EXP_XGBModel_Alpha158_csi300_custom_step0_s_20260527_16,84eb318de11f436d9fd1c5f8766f128b,0.054,,,
1170,2026-05-27,SZ000001,0.021659715101122856,EXP_XGBModel_Alpha158_csi300_custom_step0_s_20260527_16,84eb318de11f436d9fd1c5f8766f128b,0.054,,,
1171,2026-05-27,SZ000002,-0.06716705113649368,EXP_XGBModel_Alpha158_csi300_custom_step0_s_20260527_16,84eb318de11f436d9fd1c5f8766f128b,0.054,,,
1172,2026-05-27,SZ000063,-0.014490418136119843,EXP_XGBModel_Alpha158_csi300_custom_step0_s_20260527_16,84eb318de11f436d9fd1c5f8766f128b,0.054,,,
1173,2026-05-27,SZ000100,-0.03783068433403969,EXP_XGBModel_Alpha158_csi300_custom_step0_s_20260527_16,84eb318de11f436d9fd1c5f8766f128b,0.054,,,
1174,2026-05-27,SZ000157,-0.00974706094712019,EXP_XGBModel_Alpha158_csi300_custom_step0_s_20260527_16,84eb318de11f436d9fd1c5f8766f128b,0.054,,,
1175,2026-05-27,SZ000166,0.01419062726199627,EXP_XGBModel_Alpha158_csi300_custom_step0_s_20260527_16,84eb318de11f436d9fd1c5f8766f128b,0.054,,,
1176,2026-05-27,SZ000301,-0.01705510914325714,EXP_XGBModel_Alpha158_csi300_custom_step0_s_20260527_16,84eb318de11f436d9fd1c5f8766f128b,0.054,,,
1177,2026-05-27,SZ000333,0.01452958770096302,EXP_XGBModel_Alpha158_csi300_custom_step0_s_20260527_16,84eb318de11f436d9fd1c5f8766f128b,0.054,,,
1178,2026-05-27,SZ000768,-0.023757455870509148,EXP_XGBModel_Alpha158_csi300_custom_step0_s_20260527_16,84eb318de11f436d9fd1c5f8766f128b,0.054,,,
1179,2026-05-27,SZ000725,-0.27681586146354675,EXP_XGBModel_Alpha158_csi300_custom_step0_s_20260527_16,84eb318de11f436d9fd1c5f8766f128b,0.054,,,
1180,2026-05-27,SZ000708,0.005312184803187847,EXP_XGBModel_Alpha158_csi300_custom_step0_s_20260527_16,84eb318de11f436d9fd1c5f8766f128b,0.054,,,
1181,2026-05-27,SZ000661,-0.041020236909389496,EXP_XGBModel_Alpha158_csi300_custom_step0_s_20260527_16,84eb318de11f436d9fd1c5f8766f128b,0.054,,,
1182,2026-05-27,SZ000651,0.006760857999324799,EXP_XGBModel_Alpha158_csi300_custom_step0_s_20260527_16,84eb318de11f436d9fd1c5f8766f128b,0.054,,,
1183,2026-05-27,SZ000630,-0.13638952374458313,EXP_XGBModel_Alpha158_csi300_custom_step0_s_20260527_16,84eb318de11f436d9fd1c5f8766f128b,0.054,,,
1184,2026-05-27,SZ000786,-0.10130124539136887,EXP_XGBModel_Alpha158_csi300_custom_step0_s_20260527_16,84eb318de11f436d9fd1c5f8766f128b,0.054,,,
1185,2026-05-27,SZ000625,-0.004208284895867109,EXP_XGBModel_Alpha158_csi300_custom_step0_s_20260527_16,84eb318de11f436d9fd1c5f8766f128b,0.054,,,
1186,2026-05-27,SZ000596,-0.014685945585370064,EXP_XGBModel_Alpha158_csi300_custom_step0_s_20260527_16,84eb318de11f436d9fd1c5f8766f128b,0.054,,,
1187,2026-05-27,SZ000568,0.01380391325801611,EXP_XGBModel_Alpha158_csi300_custom_step0_s_20260527_16,84eb318de11f436d9fd1c5f8766f128b,0.054,,,
1188,2026-05-27,SZ000538,-0.0036552026867866516,EXP_XGBModel_Alpha158_csi300_custom_step0_s_20260527_16,84eb318de11f436d9fd1c5f8766f128b,0.054,,,
1189,2026-05-27,SZ000425,-0.017225386574864388,EXP_XGBModel_Alpha158_csi300_custom_step0_s_20260527_16,84eb318de11f436d9fd1c5f8766f128b,0.054,,,
1190,2026-05-27,SZ000408,-0.027780765667557716,EXP_XGBModel_Alpha158_csi300_custom_step0_s_20260527_16,84eb318de11f436d9fd1c5f8766f128b,0.054,,,
1191,2026-05-27,SZ000338,0.09927128255367279,EXP_XGBModel_Alpha158_csi300_custom_step0_s_20260527_16,84eb318de11f436d9fd1c5f8766f128b,0.054,,,
1192,2026-05-27,SZ000617,0.010552961379289627,EXP_XGBModel_Alpha158_csi300_custom_step0_s_20260527_16,84eb318de11f436d9fd1c5f8766f128b,0.054,,,
1193,2026-05-27,SH688169,-0.10756843537092209,EXP_XGBModel_Alpha158_csi300_custom_step0_s_20260527_16,84eb318de11f436d9fd1c5f8766f128b,0.054,,,
1194,2026-05-27,SZ002460,-0.0027744979597628117,EXP_XGBModel_Alpha158_csi300_custom_step0_s_20260527_16,84eb318de11f436d9fd1c5f8766f128b,0.054,,,
1195,2026-05-27,SZ002466,0.08942967653274536,EXP_XGBModel_Alpha158_csi300_custom_step0_s_20260527_16,84eb318de11f436d9fd1c5f8766f128b,0.054,,,
1196,2026-05-27,SZ300661,0.06499005854129791,EXP_XGBModel_Alpha158_csi300_custom_step0_s_20260527_16,84eb318de11f436d9fd1c5f8766f128b,0.054,,,
1197,2026-05-27,SZ300750,-0.006705878768116236,EXP_XGBModel_Alpha158_csi300_custom_step0_s_20260527_16,84eb318de11f436d9fd1c5f8766f128b,0.054,,,
1198,2026-05-27,SZ300759,-0.023579120635986328,EXP_XGBModel_Alpha158_csi300_custom_step0_s_20260527_16,84eb318de11f436d9fd1c5f8766f128b,0.054,,,
1199,2026-05-27,SZ300760,-0.030564306303858757,EXP_XGBModel_Alpha158_csi300_custom_step0_s_20260527_16,84eb318de11f436d9fd1c5f8766f128b,0.054,,,
1200,2026-05-27,SZ300782,0.015039121732115746,EXP_XGBModel_Alpha158_csi300_custom_step0_s_20260527_16,84eb318de11f436d9fd1c5f8766f128b,0.054,,,
1201,2026-05-27,SZ300803,-0.013139151968061924,EXP_XGBModel_Alpha158_csi300_custom_step0_s_20260527_16,84eb318de11f436d9fd1c5f8766f128b,0.054,,,
1202,2026-05-27,SZ300832,-0.02976791188120842,EXP_XGBModel_Alpha158_csi300_custom_step0_s_20260527_16,84eb318de11f436d9fd1c5f8766f128b,0.054,,,
1203,2026-05-27,SZ300866,-0.0775454193353653,EXP_XGBModel_Alpha158_csi300_custom_step0_s_20260527_16,84eb318de11f436d9fd1c5f8766f128b,0.054,,,
1204,2026-05-27,SZ300896,-0.014622312970459461,EXP_XGBModel_Alpha158_csi300_custom_step0_s_20260527_16,84eb318de11f436d9fd1c5f8766f128b,0.054,,,
1205,2026-05-27,SZ300979,-0.0016371672973036766,EXP_XGBModel_Alpha158_csi300_custom_step0_s_20260527_16,84eb318de11f436d9fd1c5f8766f128b,0.054,,,
1206,2026-05-27,SZ300999,-0.033355675637722015,EXP_XGBModel_Alpha158_csi300_custom_step0_s_20260527_16,84eb318de11f436d9fd1c5f8766f128b,0.054,,,
1207,2026-05-27,SZ301236,-0.16462765634059906,EXP_XGBModel_Alpha158_csi300_custom_step0_s_20260527_16,84eb318de11f436d9fd1c5f8766f128b,0.054,,,
1208,2026-05-27,SZ301269,-0.009968164376914501,EXP_XGBModel_Alpha158_csi300_custom_step0_s_20260527_16,84eb318de11f436d9fd1c5f8766f128b,0.054,,,
1209,2026-05-27,SZ302132,-0.08428709208965302,EXP_XGBModel_Alpha158_csi300_custom_step0_s_20260527_16,84eb318de11f436d9fd1c5f8766f128b,0.054,,,
1210,2026-05-27,SH600000,-0.030474383383989334,EXP_XGBModel_Alpha158_csi300_custom_step0_s_20260527_16,1895157b1dd44cd4a3bcd7398ef8b2d0,0.08,,,
1211,2026-05-27,SH600009,-0.008908864110708237,EXP_XGBModel_Alpha158_csi300_custom_step0_s_20260527_16,1895157b1dd44cd4a3bcd7398ef8b2d0,0.08,,,
1212,2026-05-27,SH600010,0.1601557433605194,EXP_XGBModel_Alpha158_csi300_custom_step0_s_20260527_16,1895157b1dd44cd4a3bcd7398ef8b2d0,0.08,,,
1213,2026-05-27,SH600036,-0.0703129917383194,EXP_XGBModel_Alpha158_csi300_custom_step0_s_20260527_16,1895157b1dd44cd4a3bcd7398ef8b2d0,0.08,,,
1214,2026-05-27,SH600031,-0.010405545122921467,EXP_XGBModel_Alpha158_csi300_custom_step0_s_20260527_16,1895157b1dd44cd4a3bcd7398ef8b2d0,0.08,,,
1215,2026-05-27,SH600030,-0.01928718015551567,EXP_XGBModel_Alpha158_csi300_custom_step0_s_20260527_16,1895157b1dd44cd4a3bcd7398ef8b2d0,0.08,,,
1216,2026-05-27,SH600029,0.0032670339569449425,EXP_XGBModel_Alpha158_csi300_custom_step0_s_20260527_16,1895157b1dd44cd4a3bcd7398ef8b2d0,0.08,,,
1217,2026-05-27,SH600028,0.1607362926006317,EXP_XGBModel_Alpha158_csi300_custom_step0_s_20260527_16,1895157b1dd44cd4a3bcd7398ef8b2d0,0.08,,,
1218,2026-05-27,SH600027,0.08787868916988373,EXP_XGBModel_Alpha158_csi300_custom_step0_s_20260527_16,1895157b1dd44cd4a3bcd7398ef8b2d0,0.08,,,
1219,2026-05-27,SZ300628,0.041791483759880066,EXP_XGBModel_Alpha158_csi300_custom_step0_s_20260527_16,84eb318de11f436d9fd1c5f8766f128b,0.054,,,
1220,2026-05-27,SH600026,0.014052329584956169,EXP_XGBModel_Alpha158_csi300_custom_step0_s_20260527_16,1895157b1dd44cd4a3bcd7398ef8b2d0,0.08,,,
1221,2026-05-27,SH600023,0.0020273858681321144,EXP_XGBModel_Alpha158_csi300_custom_step0_s_20260527_16,1895157b1dd44cd4a3bcd7398ef8b2d0,0.08,,,
1222,2026-05-27,SH600019,-0.01686019077897072,EXP_XGBModel_Alpha158_csi300_custom_step0_s_20260527_16,1895157b1dd44cd4a3bcd7398ef8b2d0,0.08,,,
1223,2026-05-27,SH600018,-0.00860061775892973,EXP_XGBModel_Alpha158_csi300_custom_step0_s_20260527_16,1895157b1dd44cd4a3bcd7398ef8b2d0,0.08,,,
1224,2026-05-27,SH600016,-0.0697178840637207,EXP_XGBModel_Alpha158_csi300_custom_step0_s_20260527_16,1895157b1dd44cd4a3bcd7398ef8b2d0,0.08,,,
1225,2026-05-27,SH600015,-0.05849815905094147,EXP_XGBModel_Alpha158_csi300_custom_step0_s_20260527_16,1895157b1dd44cd4a3bcd7398ef8b2d0,0.08,,,
1226,2026-05-27,SH600011,0.012180560268461704,EXP_XGBModel_Alpha158_csi300_custom_step0_s_20260527_16,1895157b1dd44cd4a3bcd7398ef8b2d0,0.08,,,
1227,2026-05-27,SH600025,-0.028299013152718544,EXP_XGBModel_Alpha158_csi300_custom_step0_s_20260527_16,1895157b1dd44cd4a3bcd7398ef8b2d0,0.08,,,
1228,2026-05-27,SZ002463,-0.030955316498875618,EXP_XGBModel_Alpha158_csi300_custom_step0_s_20260527_16,84eb318de11f436d9fd1c5f8766f128b,0.054,,,
1229,2026-05-27,SZ300502,-0.05062681436538696,EXP_XGBModel_Alpha158_csi300_custom_step0_s_20260527_16,84eb318de11f436d9fd1c5f8766f128b,0.054,,,
1230,2026-05-27,SZ300476,-0.12382398545742035,EXP_XGBModel_Alpha158_csi300_custom_step0_s_20260527_16,84eb318de11f436d9fd1c5f8766f128b,0.054,,,
1231,2026-05-27,SZ002475,-0.07666844874620438,EXP_XGBModel_Alpha158_csi300_custom_step0_s_20260527_16,84eb318de11f436d9fd1c5f8766f128b,0.054,,,
1232,2026-05-27,SZ002493,-0.0339481346309185,EXP_XGBModel_Alpha158_csi300_custom_step0_s_20260527_16,84eb318de11f436d9fd1c5f8766f128b,0.054,,,
1233,2026-05-27,SZ002594,-0.0017936405492946506,EXP_XGBModel_Alpha158_csi300_custom_step0_s_20260527_16,84eb318de11f436d9fd1c5f8766f128b,0.054,,,
1234,2026-05-27,SZ002600,-0.04101204127073288,EXP_XGBModel_Alpha158_csi300_custom_step0_s_20260527_16,84eb318de11f436d9fd1c5f8766f128b,0.054,,,
1235,2026-05-27,SZ002601,-0.04730197787284851,EXP_XGBModel_Alpha158_csi300_custom_step0_s_20260527_16,84eb318de11f436d9fd1c5f8766f128b,0.054,,,
1236,2026-05-27,SZ002625,0.006441350560635328,EXP_XGBModel_Alpha158_csi300_custom_step0_s_20260527_16,84eb318de11f436d9fd1c5f8766f128b,0.054,,,
1237,2026-05-27,SZ002648,-0.01896945759654045,EXP_XGBModel_Alpha158_csi300_custom_step0_s_20260527_16,84eb318de11f436d9fd1c5f8766f128b,0.054,,,
1238,2026-05-27,SZ002709,0.00029317280859686434,EXP_XGBModel_Alpha158_csi300_custom_step0_s_20260527_16,84eb318de11f436d9fd1c5f8766f128b,0.054,,,
1239,2026-05-27,SZ002714,-0.020463131368160248,EXP_XGBModel_Alpha158_csi300_custom_step0_s_20260527_16,84eb318de11f436d9fd1c5f8766f128b,0.054,,,
1240,2026-05-27,SZ002736,0.015847384929656982,EXP_XGBModel_Alpha158_csi300_custom_step0_s_20260527_16,84eb318de11f436d9fd1c5f8766f128b,0.054,,,
1241,2026-05-27,SZ002916,-0.2590445876121521,EXP_XGBModel_Alpha158_csi300_custom_step0_s_20260527_16,84eb318de11f436d9fd1c5f8766f128b,0.054,,,
1242,2026-05-27,SZ002920,-0.02960532158613205,EXP_XGBModel_Alpha158_csi300_custom_step0_s_20260527_16,84eb318de11f436d9fd1c5f8766f128b,0.054,,,
1243,2026-05-27,SZ002938,-0.32389646768569946,EXP_XGBModel_Alpha158_csi300_custom_step0_s_20260527_16,84eb318de11f436d9fd1c5f8766f128b,0.054,,,
1244,2026-05-27,SZ003816,-0.020463405176997185,EXP_XGBModel_Alpha158_csi300_custom_step0_s_20260527_16,84eb318de11f436d9fd1c5f8766f128b,0.054,,,
1245,2026-05-27,SZ300014,-0.00014659238513559103,EXP_XGBModel_Alpha158_csi300_custom_step0_s_20260527_16,84eb318de11f436d9fd1c5f8766f128b,0.054,,,
1246,2026-05-27,SZ300015,-0.029495466500520706,EXP_XGBModel_Alpha158_csi300_custom_step0_s_20260527_16,84eb318de11f436d9fd1c5f8766f128b,0.054,,,
1247,2026-05-27,SZ300033,-0.00936015136539936,EXP_XGBModel_Alpha158_csi300_custom_step0_s_20260527_16,84eb318de11f436d9fd1c5f8766f128b,0.054,,,
1248,2026-05-27,SZ300442,-0.13141795992851257,EXP_XGBModel_Alpha158_csi300_custom_step0_s_20260527_16,84eb318de11f436d9fd1c5f8766f128b,0.054,,,
1249,2026-05-27,SZ300433,-0.1334972083568573,EXP_XGBModel_Alpha158_csi300_custom_step0_s_20260527_16,84eb318de11f436d9fd1c5f8766f128b,0.054,,,
1250,2026-05-27,SZ300418,-0.061985403299331665,EXP_XGBModel_Alpha158_csi300_custom_step0_s_20260527_16,84eb318de11f436d9fd1c5f8766f128b,0.054,,,
1251,2026-05-27,SZ300413,-0.026371898129582405,EXP_XGBModel_Alpha158_csi300_custom_step0_s_20260527_16,84eb318de11f436d9fd1c5f8766f128b,0.054,,,
1252,2026-05-27,SZ300408,0.1935383528470993,EXP_XGBModel_Alpha158_csi300_custom_step0_s_20260527_16,84eb318de11f436d9fd1c5f8766f128b,0.054,,,
1253,2026-05-27,SZ300394,0.1081009954214096,EXP_XGBModel_Alpha158_csi300_custom_step0_s_20260527_16,84eb318de11f436d9fd1c5f8766f128b,0.054,,,
1254,2026-05-27,SZ300498,0.015942124649882317,EXP_XGBModel_Alpha158_csi300_custom_step0_s_20260527_16,84eb318de11f436d9fd1c5f8766f128b,0.054,,,
1255,2026-05-27,SZ300347,-0.09176700562238693,EXP_XGBModel_Alpha158_csi300_custom_step0_s_20260527_16,84eb318de11f436d9fd1c5f8766f128b,0.054,,,
1256,2026-05-27,SZ300308,-0.018772322684526443,EXP_XGBModel_Alpha158_csi300_custom_step0_s_20260527_16,84eb318de11f436d9fd1c5f8766f128b,0.054,,,
1257,2026-05-27,SZ300274,0.1443064957857132,EXP_XGBModel_Alpha158_csi300_custom_step0_s_20260527_16,84eb318de11f436d9fd1c5f8766f128b,0.054,,,
1258,2026-05-27,SZ300251,0.0018090514931827784,EXP_XGBModel_Alpha158_csi300_custom_step0_s_20260527_16,84eb318de11f436d9fd1c5f8766f128b,0.054,,,
1259,2026-05-27,SZ300124,-0.018109573051333427,EXP_XGBModel_Alpha158_csi300_custom_step0_s_20260527_16,84eb318de11f436d9fd1c5f8766f128b,0.054,,,
1260,2026-05-27,SZ300122,-0.02171950414776802,EXP_XGBModel_Alpha158_csi300_custom_step0_s_20260527_16,84eb318de11f436d9fd1c5f8766f128b,0.054,,,
1261,2026-05-27,SZ300059,0.06250465661287308,EXP_XGBModel_Alpha158_csi300_custom_step0_s_20260527_16,84eb318de11f436d9fd1c5f8766f128b,0.054,,,
1262,2026-05-27,SZ300316,-0.2034125179052353,EXP_XGBModel_Alpha158_csi300_custom_step0_s_20260527_16,84eb318de11f436d9fd1c5f8766f128b,0.054,,,
1263,2026-05-27,SH688126,0.12468060851097107,EXP_XGBModel_Alpha158_csi300_custom_step0_s_20260527_16,84eb318de11f436d9fd1c5f8766f128b,0.054,,,
1264,2026-05-27,SH688111,-0.08417405188083649,EXP_XGBModel_Alpha158_csi300_custom_step0_s_20260527_16,84eb318de11f436d9fd1c5f8766f128b,0.054,,,
1265,2026-05-27,SH688082,0.09870634973049164,EXP_XGBModel_Alpha158_csi300_custom_step0_s_20260527_16,84eb318de11f436d9fd1c5f8766f128b,0.054,,,
1266,2026-05-27,SH600919,0.05237706005573273,EXP_XGBModel_Alpha158_csi300_custom_step0_s_20260527_16,84eb318de11f436d9fd1c5f8766f128b,0.054,,,
1267,2026-05-27,SH600926,0.03472725674510002,EXP_XGBModel_Alpha158_csi300_custom_step0_s_20260527_16,84eb318de11f436d9fd1c5f8766f128b,0.054,,,
1268,2026-05-27,SH600930,-0.010665776208043098,EXP_XGBModel_Alpha158_csi300_custom_step0_s_20260527_16,84eb318de11f436d9fd1c5f8766f128b,0.054,,,
1269,2026-05-27,SH600938,-0.014413898810744286,EXP_XGBModel_Alpha158_csi300_custom_step0_s_20260527_16,84eb318de11f436d9fd1c5f8766f128b,0.054,,,
1270,2026-05-27,SH600941,-0.004094023257493973,EXP_XGBModel_Alpha158_csi300_custom_step0_s_20260527_16,84eb318de11f436d9fd1c5f8766f128b,0.054,,,
1271,2026-05-27,SH600958,0.016670498996973038,EXP_XGBModel_Alpha158_csi300_custom_step0_s_20260527_16,84eb318de11f436d9fd1c5f8766f128b,0.054,,,
1272,2026-05-27,SH600989,-0.022871024906635284,EXP_XGBModel_Alpha158_csi300_custom_step0_s_20260527_16,84eb318de11f436d9fd1c5f8766f128b,0.054,,,
1273,2026-05-27,SH600999,-0.015841733664274216,EXP_XGBModel_Alpha158_csi300_custom_step0_s_20260527_16,84eb318de11f436d9fd1c5f8766f128b,0.054,,,
1274,2026-05-27,SH601006,-0.0040137809701263905,EXP_XGBModel_Alpha158_csi300_custom_step0_s_20260527_16,84eb318de11f436d9fd1c5f8766f128b,0.054,,,
1275,2026-05-27,SH601009,-0.002649474423378706,EXP_XGBModel_Alpha158_csi300_custom_step0_s_20260527_16,84eb318de11f436d9fd1c5f8766f128b,0.054,,,
1276,2026-05-27,SH601012,-0.0128379687666893,EXP_XGBModel_Alpha158_csi300_custom_step0_s_20260527_16,84eb318de11f436d9fd1c5f8766f128b,0.054,,,
1277,2026-05-27,SH601018,0.015999609604477882,EXP_XGBModel_Alpha158_csi300_custom_step0_s_20260527_16,84eb318de11f436d9fd1c5f8766f128b,0.054,,,
1278,2026-05-27,SH601021,-0.029346449300646782,EXP_XGBModel_Alpha158_csi300_custom_step0_s_20260527_16,84eb318de11f436d9fd1c5f8766f128b,0.054,,,
1279,2026-05-27,SH601058,-0.03444958105683327,EXP_XGBModel_Alpha158_csi300_custom_step0_s_20260527_16,84eb318de11f436d9fd1c5f8766f128b,0.054,,,
1280,2026-05-27,SH601059,0.04356055706739426,EXP_XGBModel_Alpha158_csi300_custom_step0_s_20260527_16,84eb318de11f436d9fd1c5f8766f128b,0.054,,,
1281,2026-05-27,SH601066,-0.03918420895934105,EXP_XGBModel_Alpha158_csi300_custom_step0_s_20260527_16,84eb318de11f436d9fd1c5f8766f128b,0.054,,,
1282,2026-05-27,SH601077,0.012119170278310776,EXP_XGBModel_Alpha158_csi300_custom_step0_s_20260527_16,84eb318de11f436d9fd1c5f8766f128b,0.054,,,
1283,2026-05-27,SH601236,0.0017508754972368479,EXP_XGBModel_Alpha158_csi300_custom_step0_s_20260527_16,84eb318de11f436d9fd1c5f8766f128b,0.054,,,
1284,2026-05-27,SH601229,-0.014091705903410912,EXP_XGBModel_Alpha158_csi300_custom_step0_s_20260527_16,84eb318de11f436d9fd1c5f8766f128b,0.054,,,
1285,2026-05-27,SH601225,-0.027193499729037285,EXP_XGBModel_Alpha158_csi300_custom_step0_s_20260527_16,84eb318de11f436d9fd1c5f8766f128b,0.054,,,
1286,2026-05-27,SH601211,0.013819217681884766,EXP_XGBModel_Alpha158_csi300_custom_step0_s_20260527_16,84eb318de11f436d9fd1c5f8766f128b,0.054,,,
1287,2026-05-27,SH601186,-0.003864455036818981,EXP_XGBModel_Alpha158_csi300_custom_step0_s_20260527_16,84eb318de11f436d9fd1c5f8766f128b,0.054,,,
1288,2026-05-27,SH601169,0.01843842677772045,EXP_XGBModel_Alpha158_csi300_custom_step0_s_20260527_16,84eb318de11f436d9fd1c5f8766f128b,0.054,,,
1289,2026-05-27,SH600918,-0.010978695005178452,EXP_XGBModel_Alpha158_csi300_custom_step0_s_20260527_16,84eb318de11f436d9fd1c5f8766f128b,0.054,,,
1290,2026-05-27,SH601166,0.028567498549818993,EXP_XGBModel_Alpha158_csi300_custom_step0_s_20260527_16,84eb318de11f436d9fd1c5f8766f128b,0.054,,,
1291,2026-05-27,SH601136,-0.03565482422709465,EXP_XGBModel_Alpha158_csi300_custom_step0_s_20260527_16,84eb318de11f436d9fd1c5f8766f128b,0.054,,,
1292,2026-05-27,SH601127,-0.0854940116405487,EXP_XGBModel_Alpha158_csi300_custom_step0_s_20260527_16,84eb318de11f436d9fd1c5f8766f128b,0.054,,,
1293,2026-05-27,SH601117,-0.015335137024521828,EXP_XGBModel_Alpha158_csi300_custom_step0_s_20260527_16,84eb318de11f436d9fd1c5f8766f128b,0.054,,,
1294,2026-05-27,SH601111,-0.02292182296514511,EXP_XGBModel_Alpha158_csi300_custom_step0_s_20260527_16,84eb318de11f436d9fd1c5f8766f128b,0.054,,,
1295,2026-05-27,SH601100,-0.008082563057541847,EXP_XGBModel_Alpha158_csi300_custom_step0_s_20260527_16,84eb318de11f436d9fd1c5f8766f128b,0.054,,,
1296,2026-05-27,SH601088,0.01944454200565815,EXP_XGBModel_Alpha158_csi300_custom_step0_s_20260527_16,84eb318de11f436d9fd1c5f8766f128b,0.054,,,
1297,2026-05-27,SH601138,-0.1514880210161209,EXP_XGBModel_Alpha158_csi300_custom_step0_s_20260527_16,84eb318de11f436d9fd1c5f8766f128b,0.054,,,
1298,2026-05-27,SH601238,0.0033921487629413605,EXP_XGBModel_Alpha158_csi300_custom_step0_s_20260527_16,84eb318de11f436d9fd1c5f8766f128b,0.054,,,
1299,2026-05-27,SH600905,0.042845264077186584,EXP_XGBModel_Alpha158_csi300_custom_step0_s_20260527_16,84eb318de11f436d9fd1c5f8766f128b,0.054,,,
1300,2026-05-27,SH600893,-0.03884321451187134,EXP_XGBModel_Alpha158_csi300_custom_step0_s_20260527_16,84eb318de11f436d9fd1c5f8766f128b,0.054,,,
1301,2026-05-27,SH600372,-0.06789456307888031,EXP_XGBModel_Alpha158_csi300_custom_step0_s_20260527_16,84eb318de11f436d9fd1c5f8766f128b,0.054,,,
1302,2026-05-27,SH600377,0.08346933126449585,EXP_XGBModel_Alpha158_csi300_custom_step0_s_20260527_16,84eb318de11f436d9fd1c5f8766f128b,0.054,,,
1303,2026-05-27,SH600406,-0.019578395411372185,EXP_XGBModel_Alpha158_csi300_custom_step0_s_20260527_16,84eb318de11f436d9fd1c5f8766f128b,0.054,,,
1304,2026-05-27,SH600415,-0.06487873941659927,EXP_XGBModel_Alpha158_csi300_custom_step0_s_20260527_16,84eb318de11f436d9fd1c5f8766f128b,0.054,,,
1305,2026-05-27,SH600426,0.03511998802423477,EXP_XGBModel_Alpha158_csi300_custom_step0_s_20260527_16,84eb318de11f436d9fd1c5f8766f128b,0.054,,,
1306,2026-05-27,SH600436,-0.04129992797970772,EXP_XGBModel_Alpha158_csi300_custom_step0_s_20260527_16,84eb318de11f436d9fd1c5f8766f128b,0.054,,,
1307,2026-05-27,SH600438,0.011621154844760895,EXP_XGBModel_Alpha158_csi300_custom_step0_s_20260527_16,84eb318de11f436d9fd1c5f8766f128b,0.054,,,
1308,2026-05-27,SH600460,-0.3754355311393738,EXP_XGBModel_Alpha158_csi300_custom_step0_s_20260527_16,84eb318de11f436d9fd1c5f8766f128b,0.054,,,
1309,2026-05-27,SH600482,0.005872344132512808,EXP_XGBModel_Alpha158_csi300_custom_step0_s_20260527_16,84eb318de11f436d9fd1c5f8766f128b,0.054,,,
1310,2026-05-27,SH600489,-0.043182626366615295,EXP_XGBModel_Alpha158_csi300_custom_step0_s_20260527_16,84eb318de11f436d9fd1c5f8766f128b,0.054,,,
1311,2026-05-27,SH600515,-0.017272310331463814,EXP_XGBModel_Alpha158_csi300_custom_step0_s_20260527_16,84eb318de11f436d9fd1c5f8766f128b,0.054,,,
1312,2026-05-27,SH600519,-0.013117620721459389,EXP_XGBModel_Alpha158_csi300_custom_step0_s_20260527_16,84eb318de11f436d9fd1c5f8766f128b,0.054,,,
1313,2026-05-27,SH600522,0.05764709413051605,EXP_XGBModel_Alpha158_csi300_custom_step0_s_20260527_16,84eb318de11f436d9fd1c5f8766f128b,0.054,,,
1314,2026-05-27,SH600547,0.00240226648747921,EXP_XGBModel_Alpha158_csi300_custom_step0_s_20260527_16,84eb318de11f436d9fd1c5f8766f128b,0.054,,,
1315,2026-05-27,SH600570,-0.04014289006590843,EXP_XGBModel_Alpha158_csi300_custom_step0_s_20260527_16,84eb318de11f436d9fd1c5f8766f128b,0.054,,,
1316,2026-05-27,SH600584,-0.19856667518615723,EXP_XGBModel_Alpha158_csi300_custom_step0_s_20260527_16,84eb318de11f436d9fd1c5f8766f128b,0.054,,,
1317,2026-05-27,SH600585,-0.020085250958800316,EXP_XGBModel_Alpha158_csi300_custom_step0_s_20260527_16,84eb318de11f436d9fd1c5f8766f128b,0.054,,,
1318,2026-05-27,SH600887,-0.02091561071574688,EXP_XGBModel_Alpha158_csi300_custom_step0_s_20260527_16,84eb318de11f436d9fd1c5f8766f128b,0.054,,,
1319,2026-05-27,SH600886,0.05775940790772438,EXP_XGBModel_Alpha158_csi300_custom_step0_s_20260527_16,84eb318de11f436d9fd1c5f8766f128b,0.054,,,
1320,2026-05-27,SH600875,-0.03072563372552395,EXP_XGBModel_Alpha158_csi300_custom_step0_s_20260527_16,84eb318de11f436d9fd1c5f8766f128b,0.054,,,
1321,2026-05-27,SH600845,-0.04376395046710968,EXP_XGBModel_Alpha158_csi300_custom_step0_s_20260527_16,84eb318de11f436d9fd1c5f8766f128b,0.054,,,
1322,2026-05-27,SH600809,0.006913724821060896,EXP_XGBModel_Alpha158_csi300_custom_step0_s_20260527_16,84eb318de11f436d9fd1c5f8766f128b,0.054,,,
1323,2026-05-27,SH600803,-0.031247371807694435,EXP_XGBModel_Alpha158_csi300_custom_step0_s_20260527_16,84eb318de11f436d9fd1c5f8766f128b,0.054,,,
1324,2026-05-27,SH600900,0.06242832913994789,EXP_XGBModel_Alpha158_csi300_custom_step0_s_20260527_16,84eb318de11f436d9fd1c5f8766f128b,0.054,,,
1325,2026-05-27,SH600795,0.042875710874795914,EXP_XGBModel_Alpha158_csi300_custom_step0_s_20260527_16,84eb318de11f436d9fd1c5f8766f128b,0.054,,,
1326,2026-05-27,SH600741,0.009625671431422234,EXP_XGBModel_Alpha158_csi300_custom_step0_s_20260527_16,84eb318de11f436d9fd1c5f8766f128b,0.054,,,
1327,2026-05-27,SH600690,-0.031025810167193413,EXP_XGBModel_Alpha158_csi300_custom_step0_s_20260527_16,84eb318de11f436d9fd1c5f8766f128b,0.054,,,
1328,2026-05-27,SH600674,0.035819102078676224,EXP_XGBModel_Alpha158_csi300_custom_step0_s_20260527_16,84eb318de11f436d9fd1c5f8766f128b,0.054,,,
1329,2026-05-27,SH600660,-0.010282840579748154,EXP_XGBModel_Alpha158_csi300_custom_step0_s_20260527_16,84eb318de11f436d9fd1c5f8766f128b,0.054,,,
1330,2026-05-27,SH600600,0.011237112805247307,EXP_XGBModel_Alpha158_csi300_custom_step0_s_20260527_16,84eb318de11f436d9fd1c5f8766f128b,0.054,,,
1331,2026-05-27,SH600588,-0.08507783710956573,EXP_XGBModel_Alpha158_csi300_custom_step0_s_20260527_16,84eb318de11f436d9fd1c5f8766f128b,0.054,,,
1332,2026-05-27,SH600760,-0.09822802990674973,EXP_XGBModel_Alpha158_csi300_custom_step0_s_20260527_16,84eb318de11f436d9fd1c5f8766f128b,0.054,,,
1333,2026-05-27,SH601288,-0.00013502658111974597,EXP_XGBModel_Alpha158_csi300_custom_step0_s_20260527_16,84eb318de11f436d9fd1c5f8766f128b,0.054,,,
1334,2026-05-27,SH601298,0.03673446550965309,EXP_XGBModel_Alpha158_csi300_custom_step0_s_20260527_16,84eb318de11f436d9fd1c5f8766f128b,0.054,,,
1335,2026-05-27,SH601318,-0.005910420324653387,EXP_XGBModel_Alpha158_csi300_custom_step0_s_20260527_16,84eb318de11f436d9fd1c5f8766f128b,0.054,,,
1336,2026-05-27,SH601898,-0.03682781755924225,EXP_XGBModel_Alpha158_csi300_custom_step0_s_20260527_16,84eb318de11f436d9fd1c5f8766f128b,0.054,,,
1337,2026-05-27,SH601899,-0.04699734225869179,EXP_XGBModel_Alpha158_csi300_custom_step0_s_20260527_16,84eb318de11f436d9fd1c5f8766f128b,0.054,,,
1338,2026-05-27,SH601901,0.03863506019115448,EXP_XGBModel_Alpha158_csi300_custom_step0_s_20260527_16,84eb318de11f436d9fd1c5f8766f128b,0.054,,,
1339,2026-05-27,SH601916,0.04917527362704277,EXP_XGBModel_Alpha158_csi300_custom_step0_s_20260527_16,84eb318de11f436d9fd1c5f8766f128b,0.054,,,
1340,2026-05-27,SH601919,-0.012354925274848938,EXP_XGBModel_Alpha158_csi300_custom_step0_s_20260527_16,84eb318de11f436d9fd1c5f8766f128b,0.054,,,
1341,2026-05-27,SH601939,0.07832962274551392,EXP_XGBModel_Alpha158_csi300_custom_step0_s_20260527_16,84eb318de11f436d9fd1c5f8766f128b,0.054,,,
1342,2026-05-27,SH601985,-0.003884952049702406,EXP_XGBModel_Alpha158_csi300_custom_step0_s_20260527_16,84eb318de11f436d9fd1c5f8766f128b,0.054,,,
1343,2026-05-27,SH601988,0.08859101682901382,EXP_XGBModel_Alpha158_csi300_custom_step0_s_20260527_16,84eb318de11f436d9fd1c5f8766f128b,0.054,,,
1344,2026-05-27,SH601995,0.06097155064344406,EXP_XGBModel_Alpha158_csi300_custom_step0_s_20260527_16,84eb318de11f436d9fd1c5f8766f128b,0.054,,,
1345,2026-05-27,SH601998,-0.013985032215714455,EXP_XGBModel_Alpha158_csi300_custom_step0_s_20260527_16,84eb318de11f436d9fd1c5f8766f128b,0.054,,,
1346,2026-05-27,SH603019,-0.05576612055301666,EXP_XGBModel_Alpha158_csi300_custom_step0_s_20260527_16,84eb318de11f436d9fd1c5f8766f128b,0.054,,,
1347,2026-05-27,SH603195,0.0043495590798556805,EXP_XGBModel_Alpha158_csi300_custom_step0_s_20260527_16,84eb318de11f436d9fd1c5f8766f128b,0.054,,,
1348,2026-05-27,SH603259,0.027384569868445396,EXP_XGBModel_Alpha158_csi300_custom_step0_s_20260527_16,84eb318de11f436d9fd1c5f8766f128b,0.054,,,
1349,2026-05-27,SH603260,-0.019359003752470016,EXP_XGBModel_Alpha158_csi300_custom_step0_s_20260527_16,84eb318de11f436d9fd1c5f8766f128b,0.054,,,
1350,2026-05-27,SH603288,-0.023169832304120064,EXP_XGBModel_Alpha158_csi300_custom_step0_s_20260527_16,84eb318de11f436d9fd1c5f8766f128b,0.054,,,
1351,2026-05-27,SH603296,-0.07185937464237213,EXP_XGBModel_Alpha158_csi300_custom_step0_s_20260527_16,84eb318de11f436d9fd1c5f8766f128b,0.054,,,
1352,2026-05-27,SH603369,-0.006590123288333416,EXP_XGBModel_Alpha158_csi300_custom_step0_s_20260527_16,84eb318de11f436d9fd1c5f8766f128b,0.054,,,
1353,2026-05-27,SH688047,0.021205876022577286,EXP_XGBModel_Alpha158_csi300_custom_step0_s_20260527_16,84eb318de11f436d9fd1c5f8766f128b,0.054,,,
1354,2026-05-27,SH688041,-0.22166645526885986,EXP_XGBModel_Alpha158_csi300_custom_step0_s_20260527_16,84eb318de11f436d9fd1c5f8766f128b,0.054,,,
1355,2026-05-27,SH688036,-0.006549599580466747,EXP_XGBModel_Alpha158_csi300_custom_step0_s_20260527_16,84eb318de11f436d9fd1c5f8766f128b,0.054,,,
1356,2026-05-27,SH688012,0.3651144802570343,EXP_XGBModel_Alpha158_csi300_custom_step0_s_20260527_16,84eb318de11f436d9fd1c5f8766f128b,0.054,,,
1357,2026-05-27,SH688009,0.02484770305454731,EXP_XGBModel_Alpha158_csi300_custom_step0_s_20260527_16,84eb318de11f436d9fd1c5f8766f128b,0.054,,,
1358,2026-05-27,SH688008,-0.3464459180831909,EXP_XGBModel_Alpha158_csi300_custom_step0_s_20260527_16,84eb318de11f436d9fd1c5f8766f128b,0.054,,,
1359,2026-05-27,SH601888,-0.00035185395972803235,EXP_XGBModel_Alpha158_csi300_custom_step0_s_20260527_16,84eb318de11f436d9fd1c5f8766f128b,0.054,,,
1360,2026-05-27,SH605499,-0.044392865151166916,EXP_XGBModel_Alpha158_csi300_custom_step0_s_20260527_16,84eb318de11f436d9fd1c5f8766f128b,0.054,,,
1361,2026-05-27,SH603993,-0.08983210474252701,EXP_XGBModel_Alpha158_csi300_custom_step0_s_20260527_16,84eb318de11f436d9fd1c5f8766f128b,0.054,,,
1362,2026-05-27,SH603986,-0.6030668616294861,EXP_XGBModel_Alpha158_csi300_custom_step0_s_20260527_16,84eb318de11f436d9fd1c5f8766f128b,0.054,,,
1363,2026-05-27,SH603893,-0.032130107283592224,EXP_XGBModel_Alpha158_csi300_custom_step0_s_20260527_16,84eb318de11f436d9fd1c5f8766f128b,0.054,,,
1364,2026-05-27,SH603799,-0.03635274991393089,EXP_XGBModel_Alpha158_csi300_custom_step0_s_20260527_16,84eb318de11f436d9fd1c5f8766f128b,0.054,,,
1365,2026-05-27,SH603501,-0.03897466883063316,EXP_XGBModel_Alpha158_csi300_custom_step0_s_20260527_16,84eb318de11f436d9fd1c5f8766f128b,0.054,,,
1366,2026-05-27,SH603392,-0.07675296068191528,EXP_XGBModel_Alpha158_csi300_custom_step0_s_20260527_16,84eb318de11f436d9fd1c5f8766f128b,0.054,,,
1367,2026-05-27,SH605117,-0.16214624047279358,EXP_XGBModel_Alpha158_csi300_custom_step0_s_20260527_16,84eb318de11f436d9fd1c5f8766f128b,0.054,,,
1368,2026-05-27,SH601881,0.0168472733348608,EXP_XGBModel_Alpha158_csi300_custom_step0_s_20260527_16,84eb318de11f436d9fd1c5f8766f128b,0.054,,,
1369,2026-05-27,SH601878,0.01599973812699318,EXP_XGBModel_Alpha158_csi300_custom_step0_s_20260527_16,84eb318de11f436d9fd1c5f8766f128b,0.054,,,
1370,2026-05-27,SH601877,-0.045014604926109314,EXP_XGBModel_Alpha158_csi300_custom_step0_s_20260527_16,84eb318de11f436d9fd1c5f8766f128b,0.054,,,
1371,2026-05-27,SH601633,0.0016298091504722834,EXP_XGBModel_Alpha158_csi300_custom_step0_s_20260527_16,84eb318de11f436d9fd1c5f8766f128b,0.054,,,
1372,2026-05-27,SH601628,-0.01025218516588211,EXP_XGBModel_Alpha158_csi300_custom_step0_s_20260527_16,84eb318de11f436d9fd1c5f8766f128b,0.054,,,
1373,2026-05-27,SH601618,0.016262715682387352,EXP_XGBModel_Alpha158_csi300_custom_step0_s_20260527_16,84eb318de11f436d9fd1c5f8766f128b,0.054,,,
1374,2026-05-27,SH601607,0.0221267007291317,EXP_XGBModel_Alpha158_csi300_custom_step0_s_20260527_16,84eb318de11f436d9fd1c5f8766f128b,0.054,,,
1375,2026-05-27,SH601601,-0.012347431853413582,EXP_XGBModel_Alpha158_csi300_custom_step0_s_20260527_16,84eb318de11f436d9fd1c5f8766f128b,0.054,,,
1376,2026-05-27,SH601600,-0.06274911016225815,EXP_XGBModel_Alpha158_csi300_custom_step0_s_20260527_16,84eb318de11f436d9fd1c5f8766f128b,0.054,,,
1377,2026-05-27,SH601658,0.021644745022058487,EXP_XGBModel_Alpha158_csi300_custom_step0_s_20260527_16,84eb318de11f436d9fd1c5f8766f128b,0.054,,,
1378,2026-05-27,SH601456,0.009886953979730606,EXP_XGBModel_Alpha158_csi300_custom_step0_s_20260527_16,84eb318de11f436d9fd1c5f8766f128b,0.054,,,
1379,2026-05-27,SH601390,-0.0058230930007994175,EXP_XGBModel_Alpha158_csi300_custom_step0_s_20260527_16,84eb318de11f436d9fd1c5f8766f128b,0.054,,,
1380,2026-05-27,SH601377,0.022370317950844765,EXP_XGBModel_Alpha158_csi300_custom_step0_s_20260527_16,84eb318de11f436d9fd1c5f8766f128b,0.054,,,
1381,2026-05-27,SH601360,-0.011516531929373741,EXP_XGBModel_Alpha158_csi300_custom_step0_s_20260527_16,84eb318de11f436d9fd1c5f8766f128b,0.054,,,
1382,2026-05-27,SH601336,-0.027575615793466568,EXP_XGBModel_Alpha158_csi300_custom_step0_s_20260527_16,84eb318de11f436d9fd1c5f8766f128b,0.054,,,
1383,2026-05-27,SH601328,0.030033867806196213,EXP_XGBModel_Alpha158_csi300_custom_step0_s_20260527_16,84eb318de11f436d9fd1c5f8766f128b,0.054,,,
1384,2026-05-27,SH601319,0.0031367915216833353,EXP_XGBModel_Alpha158_csi300_custom_step0_s_20260527_16,84eb318de11f436d9fd1c5f8766f128b,0.054,,,
1385,2026-05-27,SH601398,0.04464518278837204,EXP_XGBModel_Alpha158_csi300_custom_step0_s_20260527_16,84eb318de11f436d9fd1c5f8766f128b,0.054,,,
1386,2026-05-27,SH600039,0.08530641347169876,EXP_XGBModel_Alpha158_csi300_custom_step0_s_20260527_16,1895157b1dd44cd4a3bcd7398ef8b2d0,0.08,,,
1387,2026-05-27,SH601668,0.01629934273660183,EXP_XGBModel_Alpha158_csi300_custom_step0_s_20260527_16,84eb318de11f436d9fd1c5f8766f128b,0.054,,,
1388,2026-05-27,SH601688,0.03209707885980606,EXP_XGBModel_Alpha158_csi300_custom_step0_s_20260527_16,84eb318de11f436d9fd1c5f8766f128b,0.054,,,
1389,2026-05-27,SH601872,-0.07588030397891998,EXP_XGBModel_Alpha158_csi300_custom_step0_s_20260527_16,84eb318de11f436d9fd1c5f8766f128b,0.054,,,
1390,2026-05-27,SH601868,0.010621845722198486,EXP_XGBModel_Alpha158_csi300_custom_step0_s_20260527_16,84eb318de11f436d9fd1c5f8766f128b,0.054,,,
1391,2026-05-27,SH601857,-0.04357164725661278,EXP_XGBModel_Alpha158_csi300_custom_step0_s_20260527_16,84eb318de11f436d9fd1c5f8766f128b,0.054,,,
1392,2026-05-27,SH601838,0.03632304072380066,EXP_XGBModel_Alpha158_csi300_custom_step0_s_20260527_16,84eb318de11f436d9fd1c5f8766f128b,0.054,,,
1393,2026-05-27,SH601825,0.010175058618187904,EXP_XGBModel_Alpha158_csi300_custom_step0_s_20260527_16,84eb318de11f436d9fd1c5f8766f128b,0.054,,,
1394,2026-05-27,SH601818,0.038715723901987076,EXP_XGBModel_Alpha158_csi300_custom_step0_s_20260527_16,84eb318de11f436d9fd1c5f8766f128b,0.054,,,
1395,2026-05-27,SH601669,-0.02887970209121704,EXP_XGBModel_Alpha158_csi300_custom_step0_s_20260527_16,84eb318de11f436d9fd1c5f8766f128b,0.054,,,
1396,2026-05-27,SH601816,0.023381199687719345,EXP_XGBModel_Alpha158_csi300_custom_step0_s_20260527_16,84eb318de11f436d9fd1c5f8766f128b,0.054,,,
1397,2026-05-27,SH601800,-0.013041660189628601,EXP_XGBModel_Alpha158_csi300_custom_step0_s_20260527_16,84eb318de11f436d9fd1c5f8766f128b,0.054,,,
1398,2026-05-27,SH601788,-0.01693868078291416,EXP_XGBModel_Alpha158_csi300_custom_step0_s_20260527_16,84eb318de11f436d9fd1c5f8766f128b,0.054,,,
1399,2026-05-27,SH601766,0.0026272134855389595,EXP_XGBModel_Alpha158_csi300_custom_step0_s_20260527_16,84eb318de11f436d9fd1c5f8766f128b,0.054,,,
1400,2026-05-27,SH601728,-0.038827039301395416,EXP_XGBModel_Alpha158_csi300_custom_step0_s_20260527_16,84eb318de11f436d9fd1c5f8766f128b,0.054,,,
1401,2026-05-27,SH601698,-0.03872227296233177,EXP_XGBModel_Alpha158_csi300_custom_step0_s_20260527_16,84eb318de11f436d9fd1c5f8766f128b,0.054,,,
1402,2026-05-27,SH601689,-0.04833897575736046,EXP_XGBModel_Alpha158_csi300_custom_step0_s_20260527_16,84eb318de11f436d9fd1c5f8766f128b,0.054,,,
1403,2026-05-27,SH601808,-0.0052683912217617035,EXP_XGBModel_Alpha158_csi300_custom_step0_s_20260527_16,84eb318de11f436d9fd1c5f8766f128b,0.054,,,
1404,2026-05-27,SH600362,0.0650637149810791,EXP_XGBModel_Alpha158_csi300_custom_step0_s_20260527_16,84eb318de11f436d9fd1c5f8766f128b,0.054,,,
1405,2026-05-27,SH600048,0.1129223182797432,EXP_XGBModel_Alpha158_csi300_custom_step0_s_20260527_16,1895157b1dd44cd4a3bcd7398ef8b2d0,0.08,,,
1406,2026-05-27,SH600061,-0.016519837081432343,EXP_XGBModel_Alpha158_csi300_custom_step0_s_20260527_16,1895157b1dd44cd4a3bcd7398ef8b2d0,0.08,,,
1407,2026-05-27,SZ000333,0.0032717599533498287,EXP_XGBModel_Alpha158_csi300_custom_step0_s_20260527_16,1895157b1dd44cd4a3bcd7398ef8b2d0,0.08,,,
1408,2026-05-27,SZ000338,0.22673998773097992,EXP_XGBModel_Alpha158_csi300_custom_step0_s_20260527_16,1895157b1dd44cd4a3bcd7398ef8b2d0,0.08,,,
1409,2026-05-27,SZ000408,-0.02196972444653511,EXP_XGBModel_Alpha158_csi300_custom_step0_s_20260527_16,1895157b1dd44cd4a3bcd7398ef8b2d0,0.08,,,
1410,2026-05-27,SZ000425,-0.017659863457083702,EXP_XGBModel_Alpha158_csi300_custom_step0_s_20260527_16,1895157b1dd44cd4a3bcd7398ef8b2d0,0.08,,,
1411,2026-05-27,SZ000538,-0.05924564599990845,EXP_XGBModel_Alpha158_csi300_custom_step0_s_20260527_16,1895157b1dd44cd4a3bcd7398ef8b2d0,0.08,,,
1412,2026-05-27,SZ000568,-0.1626964658498764,EXP_XGBModel_Alpha158_csi300_custom_step0_s_20260527_16,1895157b1dd44cd4a3bcd7398ef8b2d0,0.08,,,
1413,2026-05-27,SZ000596,0.009258212521672249,EXP_XGBModel_Alpha158_csi300_custom_step0_s_20260527_16,1895157b1dd44cd4a3bcd7398ef8b2d0,0.08,,,
1414,2026-05-27,SZ000617,0.09087767452001572,EXP_XGBModel_Alpha158_csi300_custom_step0_s_20260527_16,1895157b1dd44cd4a3bcd7398ef8b2d0,0.08,,,
1415,2026-05-27,SZ000625,0.1544201374053955,EXP_XGBModel_Alpha158_csi300_custom_step0_s_20260527_16,1895157b1dd44cd4a3bcd7398ef8b2d0,0.08,,,
1416,2026-05-27,SZ000630,0.04159770533442497,EXP_XGBModel_Alpha158_csi300_custom_step0_s_20260527_16,1895157b1dd44cd4a3bcd7398ef8b2d0,0.08,,,
1417,2026-05-27,SZ000651,-0.007017966825515032,EXP_XGBModel_Alpha158_csi300_custom_step0_s_20260527_16,1895157b1dd44cd4a3bcd7398ef8b2d0,0.08,,,
1418,2026-05-27,SZ000661,-0.0601668581366539,EXP_XGBModel_Alpha158_csi300_custom_step0_s_20260527_16,1895157b1dd44cd4a3bcd7398ef8b2d0,0.08,,,
1419,2026-05-27,SZ000708,-0.04367974027991295,EXP_XGBModel_Alpha158_csi300_custom_step0_s_20260527_16,1895157b1dd44cd4a3bcd7398ef8b2d0,0.08,,,
1420,2026-05-27,SZ000725,-0.6290273070335388,EXP_XGBModel_Alpha158_csi300_custom_step0_s_20260527_16,1895157b1dd44cd4a3bcd7398ef8b2d0,0.08,,,
1421,2026-05-27,SZ000768,0.04115993529558182,EXP_XGBModel_Alpha158_csi300_custom_step0_s_20260527_16,1895157b1dd44cd4a3bcd7398ef8b2d0,0.08,,,
1422,2026-05-27,SZ000776,0.018134543672204018,EXP_XGBModel_Alpha158_csi300_custom_step0_s_20260527_16,1895157b1dd44cd4a3bcd7398ef8b2d0,0.08,,,
1423,2026-05-27,SZ000786,0.1435195952653885,EXP_XGBModel_Alpha158_csi300_custom_step0_s_20260527_16,1895157b1dd44cd4a3bcd7398ef8b2d0,0.08,,,
1424,2026-05-27,SZ001979,0.1442197859287262,EXP_XGBModel_Alpha158_csi300_custom_step0_s_20260527_16,1895157b1dd44cd4a3bcd7398ef8b2d0,0.08,,,
1425,2026-05-27,SZ001965,-0.006480091251432896,EXP_XGBModel_Alpha158_csi300_custom_step0_s_20260527_16,1895157b1dd44cd4a3bcd7398ef8b2d0,0.08,,,
1426,2026-05-27,SZ001391,-0.0482359416782856,EXP_XGBModel_Alpha158_csi300_custom_step0_s_20260527_16,1895157b1dd44cd4a3bcd7398ef8b2d0,0.08,,,
1427,2026-05-27,SZ000999,-0.025257330387830734,EXP_XGBModel_Alpha158_csi300_custom_step0_s_20260527_16,1895157b1dd44cd4a3bcd7398ef8b2d0,0.08,,,
1428,2026-05-27,SZ000983,0.024965625256299973,EXP_XGBModel_Alpha158_csi300_custom_step0_s_20260527_16,1895157b1dd44cd4a3bcd7398ef8b2d0,0.08,,,
1429,2026-05-27,SZ000977,0.014512227848172188,EXP_XGBModel_Alpha158_csi300_custom_step0_s_20260527_16,1895157b1dd44cd4a3bcd7398ef8b2d0,0.08,,,
1430,2026-05-27,SZ000301,0.026767082512378693,EXP_XGBModel_Alpha158_csi300_custom_step0_s_20260527_16,1895157b1dd44cd4a3bcd7398ef8b2d0,0.08,,,
1431,2026-05-27,SZ000975,0.06577713787555695,EXP_XGBModel_Alpha158_csi300_custom_step0_s_20260527_16,1895157b1dd44cd4a3bcd7398ef8b2d0,0.08,,,
1432,2026-05-27,SZ000938,0.030286738649010658,EXP_XGBModel_Alpha158_csi300_custom_step0_s_20260527_16,1895157b1dd44cd4a3bcd7398ef8b2d0,0.08,,,
1433,2026-05-27,SZ000895,-0.04724355787038803,EXP_XGBModel_Alpha158_csi300_custom_step0_s_20260527_16,1895157b1dd44cd4a3bcd7398ef8b2d0,0.08,,,
1434,2026-05-27,SZ000876,-0.020672228187322617,EXP_XGBModel_Alpha158_csi300_custom_step0_s_20260527_16,1895157b1dd44cd4a3bcd7398ef8b2d0,0.08,,,
1435,2026-05-27,SZ000858,0.2000592201948166,EXP_XGBModel_Alpha158_csi300_custom_step0_s_20260527_16,1895157b1dd44cd4a3bcd7398ef8b2d0,0.08,,,
1436,2026-05-27,SZ000807,-0.03359527513384819,EXP_XGBModel_Alpha158_csi300_custom_step0_s_20260527_16,1895157b1dd44cd4a3bcd7398ef8b2d0,0.08,,,
1437,2026-05-27,SZ000792,0.6303456425666809,EXP_XGBModel_Alpha158_csi300_custom_step0_s_20260527_16,1895157b1dd44cd4a3bcd7398ef8b2d0,0.08,,,
1438,2026-05-27,SZ000963,-0.03289584815502167,EXP_XGBModel_Alpha158_csi300_custom_step0_s_20260527_16,1895157b1dd44cd4a3bcd7398ef8b2d0,0.08,,,
1439,2026-05-27,SZ002001,-0.008748626336455345,EXP_XGBModel_Alpha158_csi300_custom_step0_s_20260527_16,1895157b1dd44cd4a3bcd7398ef8b2d0,0.08,,,
1440,2026-05-27,SZ000166,-0.04865961894392967,EXP_XGBModel_Alpha158_csi300_custom_step0_s_20260527_16,1895157b1dd44cd4a3bcd7398ef8b2d0,0.08,,,
1441,2026-05-27,SZ000100,0.10645254701375961,EXP_XGBModel_Alpha158_csi300_custom_step0_s_20260527_16,1895157b1dd44cd4a3bcd7398ef8b2d0,0.08,,,
1442,2026-05-27,SH603369,-0.133054718375206,EXP_XGBModel_Alpha158_csi300_custom_step0_s_20260527_16,1895157b1dd44cd4a3bcd7398ef8b2d0,0.08,,,
1443,2026-05-27,SH603392,-0.13902384042739868,EXP_XGBModel_Alpha158_csi300_custom_step0_s_20260527_16,1895157b1dd44cd4a3bcd7398ef8b2d0,0.08,,,
1444,2026-05-27,SH603501,0.007232858333736658,EXP_XGBModel_Alpha158_csi300_custom_step0_s_20260527_16,1895157b1dd44cd4a3bcd7398ef8b2d0,0.08,,,
1445,2026-05-27,SH603799,0.4631944000720978,EXP_XGBModel_Alpha158_csi300_custom_step0_s_20260527_16,1895157b1dd44cd4a3bcd7398ef8b2d0,0.08,,,
1446,2026-05-27,SH603893,0.025134025141596794,EXP_XGBModel_Alpha158_csi300_custom_step0_s_20260527_16,1895157b1dd44cd4a3bcd7398ef8b2d0,0.08,,,
1447,2026-05-27,SH603986,-1.7824617624282837,EXP_XGBModel_Alpha158_csi300_custom_step0_s_20260527_16,1895157b1dd44cd4a3bcd7398ef8b2d0,0.08,,,
1448,2026-05-27,SH603993,-0.05555027350783348,EXP_XGBModel_Alpha158_csi300_custom_step0_s_20260527_16,1895157b1dd44cd4a3bcd7398ef8b2d0,0.08,,,
1449,2026-05-27,SH605117,0.1524711400270462,EXP_XGBModel_Alpha158_csi300_custom_step0_s_20260527_16,1895157b1dd44cd4a3bcd7398ef8b2d0,0.08,,,
1450,2026-05-27,SH605499,0.03502243757247925,EXP_XGBModel_Alpha158_csi300_custom_step0_s_20260527_16,1895157b1dd44cd4a3bcd7398ef8b2d0,0.08,,,
1451,2026-05-27,SH688008,-0.5778717994689941,EXP_XGBModel_Alpha158_csi300_custom_step0_s_20260527_16,1895157b1dd44cd4a3bcd7398ef8b2d0,0.08,,,
1452,2026-05-27,SH688009,-0.0379035584628582,EXP_XGBModel_Alpha158_csi300_custom_step0_s_20260527_16,1895157b1dd44cd4a3bcd7398ef8b2d0,0.08,,,
1453,2026-05-27,SH688012,-0.1810981035232544,EXP_XGBModel_Alpha158_csi300_custom_step0_s_20260527_16,1895157b1dd44cd4a3bcd7398ef8b2d0,0.08,,,
1454,2026-05-27,SH688036,0.07034517824649811,EXP_XGBModel_Alpha158_csi300_custom_step0_s_20260527_16,1895157b1dd44cd4a3bcd7398ef8b2d0,0.08,,,
1455,2026-05-27,SH688041,0.14671245217323303,EXP_XGBModel_Alpha158_csi300_custom_step0_s_20260527_16,1895157b1dd44cd4a3bcd7398ef8b2d0,0.08,,,
1456,2026-05-27,SH688047,0.02631709910929203,EXP_XGBModel_Alpha158_csi300_custom_step0_s_20260527_16,1895157b1dd44cd4a3bcd7398ef8b2d0,0.08,,,
1457,2026-05-27,SH688082,-0.5951411128044128,EXP_XGBModel_Alpha158_csi300_custom_step0_s_20260527_16,1895157b1dd44cd4a3bcd7398ef8b2d0,0.08,,,
1458,2026-05-27,SH688111,0.002434531459584832,EXP_XGBModel_Alpha158_csi300_custom_step0_s_20260527_16,1895157b1dd44cd4a3bcd7398ef8b2d0,0.08,,,
1459,2026-05-27,SZ000063,0.02528124861419201,EXP_XGBModel_Alpha158_csi300_custom_step0_s_20260527_16,1895157b1dd44cd4a3bcd7398ef8b2d0,0.08,,,
1460,2026-05-27,SZ000002,0.2790794372558594,EXP_XGBModel_Alpha158_csi300_custom_step0_s_20260527_16,1895157b1dd44cd4a3bcd7398ef8b2d0,0.08,,,
1461,2026-05-27,SZ000001,-0.042857516556978226,EXP_XGBModel_Alpha158_csi300_custom_step0_s_20260527_16,1895157b1dd44cd4a3bcd7398ef8b2d0,0.08,,,
1462,2026-05-27,SH688981,-0.24239765107631683,EXP_XGBModel_Alpha158_csi300_custom_step0_s_20260527_16,1895157b1dd44cd4a3bcd7398ef8b2d0,0.08,,,
1463,2026-05-27,SH688506,0.19437682628631592,EXP_XGBModel_Alpha158_csi300_custom_step0_s_20260527_16,1895157b1dd44cd4a3bcd7398ef8b2d0,0.08,,,
1464,2026-05-27,SH688472,0.13238869607448578,EXP_XGBModel_Alpha158_csi300_custom_step0_s_20260527_16,1895157b1dd44cd4a3bcd7398ef8b2d0,0.08,,,
1465,2026-05-27,SZ000157,-0.0062303259037435055,EXP_XGBModel_Alpha158_csi300_custom_step0_s_20260527_16,1895157b1dd44cd4a3bcd7398ef8b2d0,0.08,,,
1466,2026-05-27,SH688396,0.24404719471931458,EXP_XGBModel_Alpha158_csi300_custom_step0_s_20260527_16,1895157b1dd44cd4a3bcd7398ef8b2d0,0.08,,,
1467,2026-05-27,SH688271,0.02413872629404068,EXP_XGBModel_Alpha158_csi300_custom_step0_s_20260527_16,1895157b1dd44cd4a3bcd7398ef8b2d0,0.08,,,
1468,2026-05-27,SH688256,0.07637138664722443,EXP_XGBModel_Alpha158_csi300_custom_step0_s_20260527_16,1895157b1dd44cd4a3bcd7398ef8b2d0,0.08,,,
1469,2026-05-27,SH688223,0.10988209396600723,EXP_XGBModel_Alpha158_csi300_custom_step0_s_20260527_16,1895157b1dd44cd4a3bcd7398ef8b2d0,0.08,,,
1470,2026-05-27,SH688187,0.098317451775074,EXP_XGBModel_Alpha158_csi300_custom_step0_s_20260527_16,1895157b1dd44cd4a3bcd7398ef8b2d0,0.08,,,
1471,2026-05-27,SH688169,0.12545126676559448,EXP_XGBModel_Alpha158_csi300_custom_step0_s_20260527_16,1895157b1dd44cd4a3bcd7398ef8b2d0,0.08,,,
1472,2026-05-27,SH688126,0.11681392788887024,EXP_XGBModel_Alpha158_csi300_custom_step0_s_20260527_16,1895157b1dd44cd4a3bcd7398ef8b2d0,0.08,,,
1473,2026-05-27,SH688303,0.06385087966918945,EXP_XGBModel_Alpha158_csi300_custom_step0_s_20260527_16,1895157b1dd44cd4a3bcd7398ef8b2d0,0.08,,,
1474,2026-05-27,SH603296,0.30475786328315735,EXP_XGBModel_Alpha158_csi300_custom_step0_s_20260527_16,1895157b1dd44cd4a3bcd7398ef8b2d0,0.08,,,
1475,2026-05-27,SZ002027,-0.012896833010017872,EXP_XGBModel_Alpha158_csi300_custom_step0_s_20260527_16,1895157b1dd44cd4a3bcd7398ef8b2d0,0.08,,,
1476,2026-05-27,SZ002049,0.14868341386318207,EXP_XGBModel_Alpha158_csi300_custom_step0_s_20260527_16,1895157b1dd44cd4a3bcd7398ef8b2d0,0.08,,,
1477,2026-05-27,SZ300033,0.10348908603191376,EXP_XGBModel_Alpha158_csi300_custom_step0_s_20260527_16,1895157b1dd44cd4a3bcd7398ef8b2d0,0.08,,,
1478,2026-05-27,SZ300059,-0.0017816757317632437,EXP_XGBModel_Alpha158_csi300_custom_step0_s_20260527_16,1895157b1dd44cd4a3bcd7398ef8b2d0,0.08,,,
1479,2026-05-27,SZ300122,-0.08468425273895264,EXP_XGBModel_Alpha158_csi300_custom_step0_s_20260527_16,1895157b1dd44cd4a3bcd7398ef8b2d0,0.08,,,
1480,2026-05-27,SZ300124,0.025183873251080513,EXP_XGBModel_Alpha158_csi300_custom_step0_s_20260527_16,1895157b1dd44cd4a3bcd7398ef8b2d0,0.08,,,
1481,2026-05-27,SZ300251,0.1372717022895813,EXP_XGBModel_Alpha158_csi300_custom_step0_s_20260527_16,1895157b1dd44cd4a3bcd7398ef8b2d0,0.08,,,
1482,2026-05-27,SZ300274,0.37429648637771606,EXP_XGBModel_Alpha158_csi300_custom_step0_s_20260527_16,1895157b1dd44cd4a3bcd7398ef8b2d0,0.08,,,
1483,2026-05-27,SZ300308,0.5113722085952759,EXP_XGBModel_Alpha158_csi300_custom_step0_s_20260527_16,1895157b1dd44cd4a3bcd7398ef8b2d0,0.08,,,
1484,2026-05-27,SZ300316,-0.09904421865940094,EXP_XGBModel_Alpha158_csi300_custom_step0_s_20260527_16,1895157b1dd44cd4a3bcd7398ef8b2d0,0.08,,,
1485,2026-05-27,SZ300347,0.2794250249862671,EXP_XGBModel_Alpha158_csi300_custom_step0_s_20260527_16,1895157b1dd44cd4a3bcd7398ef8b2d0,0.08,,,
1486,2026-05-27,SZ300394,-0.007402367889881134,EXP_XGBModel_Alpha158_csi300_custom_step0_s_20260527_16,1895157b1dd44cd4a3bcd7398ef8b2d0,0.08,,,
1487,2026-05-27,SZ300408,-0.46364977955818176,EXP_XGBModel_Alpha158_csi300_custom_step0_s_20260527_16,1895157b1dd44cd4a3bcd7398ef8b2d0,0.08,,,
1488,2026-05-27,SZ300413,0.03188307210803032,EXP_XGBModel_Alpha158_csi300_custom_step0_s_20260527_16,1895157b1dd44cd4a3bcd7398ef8b2d0,0.08,,,
1489,2026-05-27,SZ300418,-0.04622199386358261,EXP_XGBModel_Alpha158_csi300_custom_step0_s_20260527_16,1895157b1dd44cd4a3bcd7398ef8b2d0,0.08,,,
1490,2026-05-27,SZ300433,-0.3515004813671112,EXP_XGBModel_Alpha158_csi300_custom_step0_s_20260527_16,1895157b1dd44cd4a3bcd7398ef8b2d0,0.08,,,
1491,2026-05-27,SZ300442,0.1843319684267044,EXP_XGBModel_Alpha158_csi300_custom_step0_s_20260527_16,1895157b1dd44cd4a3bcd7398ef8b2d0,0.08,,,
1492,2026-05-27,SZ300476,0.14507988095283508,EXP_XGBModel_Alpha158_csi300_custom_step0_s_20260527_16,1895157b1dd44cd4a3bcd7398ef8b2d0,0.08,,,
1493,2026-05-27,SZ300498,0.031229950487613678,EXP_XGBModel_Alpha158_csi300_custom_step0_s_20260527_16,1895157b1dd44cd4a3bcd7398ef8b2d0,0.08,,,
1494,2026-05-27,SZ301236,0.1509471833705902,EXP_XGBModel_Alpha158_csi300_custom_step0_s_20260527_16,1895157b1dd44cd4a3bcd7398ef8b2d0,0.08,,,
1495,2026-05-27,SZ300999,-0.0007990299491211772,EXP_XGBModel_Alpha158_csi300_custom_step0_s_20260527_16,1895157b1dd44cd4a3bcd7398ef8b2d0,0.08,,,
1496,2026-05-27,SZ300979,0.12737654149532318,EXP_XGBModel_Alpha158_csi300_custom_step0_s_20260527_16,1895157b1dd44cd4a3bcd7398ef8b2d0,0.08,,,
1497,2026-05-27,SZ300896,0.08598941564559937,EXP_XGBModel_Alpha158_csi300_custom_step0_s_20260527_16,1895157b1dd44cd4a3bcd7398ef8b2d0,0.08,,,
1498,2026-05-27,SZ300866,0.04323607683181763,EXP_XGBModel_Alpha158_csi300_custom_step0_s_20260527_16,1895157b1dd44cd4a3bcd7398ef8b2d0,0.08,,,
1499,2026-05-27,SZ300832,0.02669205144047737,EXP_XGBModel_Alpha158_csi300_custom_step0_s_20260527_16,1895157b1dd44cd4a3bcd7398ef8b2d0,0.08,,,
1500,2026-05-27,SZ300015,-0.06351735442876816,EXP_XGBModel_Alpha158_csi300_custom_step0_s_20260527_16,1895157b1dd44cd4a3bcd7398ef8b2d0,0.08,,,
1501,2026-05-27,SZ300803,-0.005787938367575407,EXP_XGBModel_Alpha158_csi300_custom_step0_s_20260527_16,1895157b1dd44cd4a3bcd7398ef8b2d0,0.08,,,
1502,2026-05-27,SZ300760,-0.018692493438720703,EXP_XGBModel_Alpha158_csi300_custom_step0_s_20260527_16,1895157b1dd44cd4a3bcd7398ef8b2d0,0.08,,,
1503,2026-05-27,SZ300759,0.03906272351741791,EXP_XGBModel_Alpha158_csi300_custom_step0_s_20260527_16,1895157b1dd44cd4a3bcd7398ef8b2d0,0.08,,,
1504,2026-05-27,SZ300750,0.03017784096300602,EXP_XGBModel_Alpha158_csi300_custom_step0_s_20260527_16,1895157b1dd44cd4a3bcd7398ef8b2d0,0.08,,,
1505,2026-05-27,SZ300661,0.2583308219909668,EXP_XGBModel_Alpha158_csi300_custom_step0_s_20260527_16,1895157b1dd44cd4a3bcd7398ef8b2d0,0.08,,,
1506,2026-05-27,SZ300628,0.02658672071993351,EXP_XGBModel_Alpha158_csi300_custom_step0_s_20260527_16,1895157b1dd44cd4a3bcd7398ef8b2d0,0.08,,,
1507,2026-05-27,SZ300502,-0.014592604711651802,EXP_XGBModel_Alpha158_csi300_custom_step0_s_20260527_16,1895157b1dd44cd4a3bcd7398ef8b2d0,0.08,,,
1508,2026-05-27,SZ300782,0.12462302297353745,EXP_XGBModel_Alpha158_csi300_custom_step0_s_20260527_16,1895157b1dd44cd4a3bcd7398ef8b2d0,0.08,,,
1509,2026-05-27,SZ002028,0.12408561259508133,EXP_XGBModel_Alpha158_csi300_custom_step0_s_20260527_16,1895157b1dd44cd4a3bcd7398ef8b2d0,0.08,,,
1510,2026-05-27,SZ300014,0.005739129614084959,EXP_XGBModel_Alpha158_csi300_custom_step0_s_20260527_16,1895157b1dd44cd4a3bcd7398ef8b2d0,0.08,,,
1511,2026-05-27,SZ002938,-0.1545078307390213,EXP_XGBModel_Alpha158_csi300_custom_step0_s_20260527_16,1895157b1dd44cd4a3bcd7398ef8b2d0,0.08,,,
1512,2026-05-27,SZ002050,-0.0979752317070961,EXP_XGBModel_Alpha158_csi300_custom_step0_s_20260527_16,1895157b1dd44cd4a3bcd7398ef8b2d0,0.08,,,
1513,2026-05-27,SZ002074,0.08739984780550003,EXP_XGBModel_Alpha158_csi300_custom_step0_s_20260527_16,1895157b1dd44cd4a3bcd7398ef8b2d0,0.08,,,
1514,2026-05-27,SZ002142,-0.048842694610357285,EXP_XGBModel_Alpha158_csi300_custom_step0_s_20260527_16,1895157b1dd44cd4a3bcd7398ef8b2d0,0.08,,,
1515,2026-05-27,SZ002179,-0.09514845907688141,EXP_XGBModel_Alpha158_csi300_custom_step0_s_20260527_16,1895157b1dd44cd4a3bcd7398ef8b2d0,0.08,,,
1516,2026-05-27,SZ002230,0.0019677283708006144,EXP_XGBModel_Alpha158_csi300_custom_step0_s_20260527_16,1895157b1dd44cd4a3bcd7398ef8b2d0,0.08,,,
1517,2026-05-27,SZ002236,0.04572616145014763,EXP_XGBModel_Alpha158_csi300_custom_step0_s_20260527_16,1895157b1dd44cd4a3bcd7398ef8b2d0,0.08,,,
1518,2026-05-27,SZ002241,0.11006203293800354,EXP_XGBModel_Alpha158_csi300_custom_step0_s_20260527_16,1895157b1dd44cd4a3bcd7398ef8b2d0,0.08,,,
1519,2026-05-27,SZ002252,-0.015155903995037079,EXP_XGBModel_Alpha158_csi300_custom_step0_s_20260527_16,1895157b1dd44cd4a3bcd7398ef8b2d0,0.08,,,
1520,2026-05-27,SZ002304,-0.025587018579244614,EXP_XGBModel_Alpha158_csi300_custom_step0_s_20260527_16,1895157b1dd44cd4a3bcd7398ef8b2d0,0.08,,,
1521,2026-05-27,SZ002311,-0.039320483803749084,EXP_XGBModel_Alpha158_csi300_custom_step0_s_20260527_16,1895157b1dd44cd4a3bcd7398ef8b2d0,0.08,,,
1522,2026-05-27,SZ002352,-0.019378984346985817,EXP_XGBModel_Alpha158_csi300_custom_step0_s_20260527_16,1895157b1dd44cd4a3bcd7398ef8b2d0,0.08,,,
1523,2026-05-27,SZ002371,0.17893624305725098,EXP_XGBModel_Alpha158_csi300_custom_step0_s_20260527_16,1895157b1dd44cd4a3bcd7398ef8b2d0,0.08,,,
1524,2026-05-27,SZ002384,0.505364716053009,EXP_XGBModel_Alpha158_csi300_custom_step0_s_20260527_16,1895157b1dd44cd4a3bcd7398ef8b2d0,0.08,,,
1525,2026-05-27,SZ002415,0.0001373770646750927,EXP_XGBModel_Alpha158_csi300_custom_step0_s_20260527_16,1895157b1dd44cd4a3bcd7398ef8b2d0,0.08,,,
1526,2026-05-27,SZ002422,-0.01896877959370613,EXP_XGBModel_Alpha158_csi300_custom_step0_s_20260527_16,1895157b1dd44cd4a3bcd7398ef8b2d0,0.08,,,
1527,2026-05-27,SZ002459,0.09529256075620651,EXP_XGBModel_Alpha158_csi300_custom_step0_s_20260527_16,1895157b1dd44cd4a3bcd7398ef8b2d0,0.08,,,
1528,2026-05-27,SZ002460,0.009295640513300896,EXP_XGBModel_Alpha158_csi300_custom_step0_s_20260527_16,1895157b1dd44cd4a3bcd7398ef8b2d0,0.08,,,
1529,2026-05-27,SZ002920,0.2787407338619232,EXP_XGBModel_Alpha158_csi300_custom_step0_s_20260527_16,1895157b1dd44cd4a3bcd7398ef8b2d0,0.08,,,
1530,2026-05-27,SZ002916,-0.46938979625701904,EXP_XGBModel_Alpha158_csi300_custom_step0_s_20260527_16,1895157b1dd44cd4a3bcd7398ef8b2d0,0.08,,,
1531,2026-05-27,SZ002736,-0.04825534299015999,EXP_XGBModel_Alpha158_csi300_custom_step0_s_20260527_16,1895157b1dd44cd4a3bcd7398ef8b2d0,0.08,,,
1532,2026-05-27,SZ002714,0.00987323373556137,EXP_XGBModel_Alpha158_csi300_custom_step0_s_20260527_16,1895157b1dd44cd4a3bcd7398ef8b2d0,0.08,,,
1533,2026-05-27,SZ002709,0.30508658289909363,EXP_XGBModel_Alpha158_csi300_custom_step0_s_20260527_16,1895157b1dd44cd4a3bcd7398ef8b2d0,0.08,,,
1534,2026-05-27,SZ002648,0.15995055437088013,EXP_XGBModel_Alpha158_csi300_custom_step0_s_20260527_16,1895157b1dd44cd4a3bcd7398ef8b2d0,0.08,,,
1535,2026-05-27,SZ003816,-0.01907447539269924,EXP_XGBModel_Alpha158_csi300_custom_step0_s_20260527_16,1895157b1dd44cd4a3bcd7398ef8b2d0,0.08,,,
1536,2026-05-27,SZ002625,0.0034669607412070036,EXP_XGBModel_Alpha158_csi300_custom_step0_s_20260527_16,1895157b1dd44cd4a3bcd7398ef8b2d0,0.08,,,
1537,2026-05-27,SZ002600,-0.03162286430597305,EXP_XGBModel_Alpha158_csi300_custom_step0_s_20260527_16,1895157b1dd44cd4a3bcd7398ef8b2d0,0.08,,,
1538,2026-05-27,SZ002594,-0.03438219428062439,EXP_XGBModel_Alpha158_csi300_custom_step0_s_20260527_16,1895157b1dd44cd4a3bcd7398ef8b2d0,0.08,,,
1539,2026-05-27,SZ002493,0.07304971665143967,EXP_XGBModel_Alpha158_csi300_custom_step0_s_20260527_16,1895157b1dd44cd4a3bcd7398ef8b2d0,0.08,,,
1540,2026-05-27,SZ002475,0.5199449062347412,EXP_XGBModel_Alpha158_csi300_custom_step0_s_20260527_16,1895157b1dd44cd4a3bcd7398ef8b2d0,0.08,,,
1541,2026-05-27,SZ002466,-0.05368894711136818,EXP_XGBModel_Alpha158_csi300_custom_step0_s_20260527_16,1895157b1dd44cd4a3bcd7398ef8b2d0,0.08,,,
1542,2026-05-27,SZ002463,-0.22280195355415344,EXP_XGBModel_Alpha158_csi300_custom_step0_s_20260527_16,1895157b1dd44cd4a3bcd7398ef8b2d0,0.08,,,
1543,2026-05-27,SZ002601,0.2188889980316162,EXP_XGBModel_Alpha158_csi300_custom_step0_s_20260527_16,1895157b1dd44cd4a3bcd7398ef8b2d0,0.08,,,
1544,2026-05-27,SH603288,0.008006904274225235,EXP_XGBModel_Alpha158_csi300_custom_step0_s_20260527_16,1895157b1dd44cd4a3bcd7398ef8b2d0,0.08,,,
1545,2026-05-27,SH603260,0.055363964289426804,EXP_XGBModel_Alpha158_csi300_custom_step0_s_20260527_16,1895157b1dd44cd4a3bcd7398ef8b2d0,0.08,,,
1546,2026-05-27,SH603259,0.002834068611264229,EXP_XGBModel_Alpha158_csi300_custom_step0_s_20260527_16,1895157b1dd44cd4a3bcd7398ef8b2d0,0.08,,,
1547,2026-05-27,SH600585,-0.04864906892180443,EXP_XGBModel_Alpha158_csi300_custom_step0_s_20260527_16,1895157b1dd44cd4a3bcd7398ef8b2d0,0.08,,,
1548,2026-05-27,SH600588,0.32078999280929565,EXP_XGBModel_Alpha158_csi300_custom_step0_s_20260527_16,1895157b1dd44cd4a3bcd7398ef8b2d0,0.08,,,
1549,2026-05-27,SH600600,-0.030002862215042114,EXP_XGBModel_Alpha158_csi300_custom_step0_s_20260527_16,1895157b1dd44cd4a3bcd7398ef8b2d0,0.08,,,
1550,2026-05-27,SH600660,-0.03511931374669075,EXP_XGBModel_Alpha158_csi300_custom_step0_s_20260527_16,1895157b1dd44cd4a3bcd7398ef8b2d0,0.08,,,
1551,2026-05-27,SH600674,-0.003719824831932783,EXP_XGBModel_Alpha158_csi300_custom_step0_s_20260527_16,1895157b1dd44cd4a3bcd7398ef8b2d0,0.08,,,
1552,2026-05-27,SH600690,-0.010610256344079971,EXP_XGBModel_Alpha158_csi300_custom_step0_s_20260527_16,1895157b1dd44cd4a3bcd7398ef8b2d0,0.08,,,
1553,2026-05-27,SH600741,-0.028950205072760582,EXP_XGBModel_Alpha158_csi300_custom_step0_s_20260527_16,1895157b1dd44cd4a3bcd7398ef8b2d0,0.08,,,
1554,2026-05-27,SH600760,0.09981644153594971,EXP_XGBModel_Alpha158_csi300_custom_step0_s_20260527_16,1895157b1dd44cd4a3bcd7398ef8b2d0,0.08,,,
1555,2026-05-27,SH600795,0.0057317838072776794,EXP_XGBModel_Alpha158_csi300_custom_step0_s_20260527_16,1895157b1dd44cd4a3bcd7398ef8b2d0,0.08,,,
1556,2026-05-27,SH600803,-0.002717762952670455,EXP_XGBModel_Alpha158_csi300_custom_step0_s_20260527_16,1895157b1dd44cd4a3bcd7398ef8b2d0,0.08,,,
1557,2026-05-27,SH600809,0.03529645502567291,EXP_XGBModel_Alpha158_csi300_custom_step0_s_20260527_16,1895157b1dd44cd4a3bcd7398ef8b2d0,0.08,,,
1558,2026-05-27,SH600845,0.021798983216285706,EXP_XGBModel_Alpha158_csi300_custom_step0_s_20260527_16,1895157b1dd44cd4a3bcd7398ef8b2d0,0.08,,,
1559,2026-05-27,SH600875,0.06056204065680504,EXP_XGBModel_Alpha158_csi300_custom_step0_s_20260527_16,1895157b1dd44cd4a3bcd7398ef8b2d0,0.08,,,
1560,2026-05-27,SH600886,-0.022736752405762672,EXP_XGBModel_Alpha158_csi300_custom_step0_s_20260527_16,1895157b1dd44cd4a3bcd7398ef8b2d0,0.08,,,
1561,2026-05-27,SH600887,0.025084100663661957,EXP_XGBModel_Alpha158_csi300_custom_step0_s_20260527_16,1895157b1dd44cd4a3bcd7398ef8b2d0,0.08,,,
1562,2026-05-27,SH600893,0.051921118050813675,EXP_XGBModel_Alpha158_csi300_custom_step0_s_20260527_16,1895157b1dd44cd4a3bcd7398ef8b2d0,0.08,,,
1563,2026-05-27,SH600900,-0.02365201525390148,EXP_XGBModel_Alpha158_csi300_custom_step0_s_20260527_16,1895157b1dd44cd4a3bcd7398ef8b2d0,0.08,,,
1564,2026-05-27,SH601018,-0.08534195274114609,EXP_XGBModel_Alpha158_csi300_custom_step0_s_20260527_16,1895157b1dd44cd4a3bcd7398ef8b2d0,0.08,,,
1565,2026-05-27,SH601012,0.35671547055244446,EXP_XGBModel_Alpha158_csi300_custom_step0_s_20260527_16,1895157b1dd44cd4a3bcd7398ef8b2d0,0.08,,,
1566,2026-05-27,SH601009,-0.06725393235683441,EXP_XGBModel_Alpha158_csi300_custom_step0_s_20260527_16,1895157b1dd44cd4a3bcd7398ef8b2d0,0.08,,,
1567,2026-05-27,SH601006,-0.0178085770457983,EXP_XGBModel_Alpha158_csi300_custom_step0_s_20260527_16,1895157b1dd44cd4a3bcd7398ef8b2d0,0.08,,,
1568,2026-05-27,SH600999,0.01663825660943985,EXP_XGBModel_Alpha158_csi300_custom_step0_s_20260527_16,1895157b1dd44cd4a3bcd7398ef8b2d0,0.08,,,
1569,2026-05-27,SH600989,0.3131711483001709,EXP_XGBModel_Alpha158_csi300_custom_step0_s_20260527_16,1895157b1dd44cd4a3bcd7398ef8b2d0,0.08,,,
1570,2026-05-27,SH600584,-1.3023099899291992,EXP_XGBModel_Alpha158_csi300_custom_step0_s_20260527_16,1895157b1dd44cd4a3bcd7398ef8b2d0,0.08,,,
1571,2026-05-27,SH600958,-0.004993437323719263,EXP_XGBModel_Alpha158_csi300_custom_step0_s_20260527_16,1895157b1dd44cd4a3bcd7398ef8b2d0,0.08,,,
1572,2026-05-27,SH600938,-0.04218697547912598,EXP_XGBModel_Alpha158_csi300_custom_step0_s_20260527_16,1895157b1dd44cd4a3bcd7398ef8b2d0,0.08,,,
1573,2026-05-27,SH600930,0.020612535998225212,EXP_XGBModel_Alpha158_csi300_custom_step0_s_20260527_16,1895157b1dd44cd4a3bcd7398ef8b2d0,0.08,,,
1574,2026-05-27,SH600926,-0.05098625645041466,EXP_XGBModel_Alpha158_csi300_custom_step0_s_20260527_16,1895157b1dd44cd4a3bcd7398ef8b2d0,0.08,,,
1575,2026-05-27,SH600919,-0.004053856711834669,EXP_XGBModel_Alpha158_csi300_custom_step0_s_20260527_16,1895157b1dd44cd4a3bcd7398ef8b2d0,0.08,,,
1576,2026-05-27,SH600918,-0.021238120272755623,EXP_XGBModel_Alpha158_csi300_custom_step0_s_20260527_16,1895157b1dd44cd4a3bcd7398ef8b2d0,0.08,,,
1577,2026-05-27,SH600905,-0.04316962882876396,EXP_XGBModel_Alpha158_csi300_custom_step0_s_20260527_16,1895157b1dd44cd4a3bcd7398ef8b2d0,0.08,,,
1578,2026-05-27,SH600941,0.0036044148728251457,EXP_XGBModel_Alpha158_csi300_custom_step0_s_20260527_16,1895157b1dd44cd4a3bcd7398ef8b2d0,0.08,,,
1579,2026-05-27,SH601021,-0.029369477182626724,EXP_XGBModel_Alpha158_csi300_custom_step0_s_20260527_16,1895157b1dd44cd4a3bcd7398ef8b2d0,0.08,,,
1580,2026-05-27,SH600570,-0.04372774064540863,EXP_XGBModel_Alpha158_csi300_custom_step0_s_20260527_16,1895157b1dd44cd4a3bcd7398ef8b2d0,0.08,,,
1581,2026-05-27,SH600522,0.22047585248947144,EXP_XGBModel_Alpha158_csi300_custom_step0_s_20260527_16,1895157b1dd44cd4a3bcd7398ef8b2d0,0.08,,,
1582,2026-05-27,SH600066,-0.004366394132375717,EXP_XGBModel_Alpha158_csi300_custom_step0_s_20260527_16,1895157b1dd44cd4a3bcd7398ef8b2d0,0.08,,,
1583,2026-05-27,SH600085,-0.0055085704661905766,EXP_XGBModel_Alpha158_csi300_custom_step0_s_20260527_16,1895157b1dd44cd4a3bcd7398ef8b2d0,0.08,,,
1584,2026-05-27,SH600089,0.032584626227617264,EXP_XGBModel_Alpha158_csi300_custom_step0_s_20260527_16,1895157b1dd44cd4a3bcd7398ef8b2d0,0.08,,,
1585,2026-05-27,SH600104,-0.019507206976413727,EXP_XGBModel_Alpha158_csi300_custom_step0_s_20260527_16,1895157b1dd44cd4a3bcd7398ef8b2d0,0.08,,,
1586,2026-05-27,SH600111,0.1710696667432785,EXP_XGBModel_Alpha158_csi300_custom_step0_s_20260527_16,1895157b1dd44cd4a3bcd7398ef8b2d0,0.08,,,
1587,2026-05-27,SH600115,-0.014896580018103123,EXP_XGBModel_Alpha158_csi300_custom_step0_s_20260527_16,1895157b1dd44cd4a3bcd7398ef8b2d0,0.08,,,
1588,2026-05-27,SH600150,0.21592184901237488,EXP_XGBModel_Alpha158_csi300_custom_step0_s_20260527_16,1895157b1dd44cd4a3bcd7398ef8b2d0,0.08,,,
1589,2026-05-27,SH600160,0.1803034394979477,EXP_XGBModel_Alpha158_csi300_custom_step0_s_20260527_16,1895157b1dd44cd4a3bcd7398ef8b2d0,0.08,,,
1590,2026-05-27,SH600161,0.001101582427509129,EXP_XGBModel_Alpha158_csi300_custom_step0_s_20260527_16,1895157b1dd44cd4a3bcd7398ef8b2d0,0.08,,,
1591,2026-05-27,SH600176,0.07774171978235245,EXP_XGBModel_Alpha158_csi300_custom_step0_s_20260527_16,1895157b1dd44cd4a3bcd7398ef8b2d0,0.08,,,
1592,2026-05-27,SH600183,-0.045049235224723816,EXP_XGBModel_Alpha158_csi300_custom_step0_s_20260527_16,1895157b1dd44cd4a3bcd7398ef8b2d0,0.08,,,
1593,2026-05-27,SH600188,0.01567874290049076,EXP_XGBModel_Alpha158_csi300_custom_step0_s_20260527_16,1895157b1dd44cd4a3bcd7398ef8b2d0,0.08,,,
1594,2026-05-27,SH600196,-0.021990904584527016,EXP_XGBModel_Alpha158_csi300_custom_step0_s_20260527_16,1895157b1dd44cd4a3bcd7398ef8b2d0,0.08,,,
1595,2026-05-27,SH600219,-0.056603118777275085,EXP_XGBModel_Alpha158_csi300_custom_step0_s_20260527_16,1895157b1dd44cd4a3bcd7398ef8b2d0,0.08,,,
1596,2026-05-27,SH600233,-0.03214448690414429,EXP_XGBModel_Alpha158_csi300_custom_step0_s_20260527_16,1895157b1dd44cd4a3bcd7398ef8b2d0,0.08,,,
1597,2026-05-27,SH600276,-0.035227835178375244,EXP_XGBModel_Alpha158_csi300_custom_step0_s_20260527_16,1895157b1dd44cd4a3bcd7398ef8b2d0,0.08,,,
1598,2026-05-27,SH600309,-0.014201671816408634,EXP_XGBModel_Alpha158_csi300_custom_step0_s_20260527_16,1895157b1dd44cd4a3bcd7398ef8b2d0,0.08,,,
1599,2026-05-27,SH600519,0.01664968766272068,EXP_XGBModel_Alpha158_csi300_custom_step0_s_20260527_16,1895157b1dd44cd4a3bcd7398ef8b2d0,0.08,,,
1600,2026-05-27,SH600515,-0.04185430705547333,EXP_XGBModel_Alpha158_csi300_custom_step0_s_20260527_16,1895157b1dd44cd4a3bcd7398ef8b2d0,0.08,,,
1601,2026-05-27,SH600489,0.05527711659669876,EXP_XGBModel_Alpha158_csi300_custom_step0_s_20260527_16,1895157b1dd44cd4a3bcd7398ef8b2d0,0.08,,,
1602,2026-05-27,SH600482,0.10902021825313568,EXP_XGBModel_Alpha158_csi300_custom_step0_s_20260527_16,1895157b1dd44cd4a3bcd7398ef8b2d0,0.08,,,
1603,2026-05-27,SH600460,0.01972801610827446,EXP_XGBModel_Alpha158_csi300_custom_step0_s_20260527_16,1895157b1dd44cd4a3bcd7398ef8b2d0,0.08,,,
1604,2026-05-27,SH600438,0.11271626502275467,EXP_XGBModel_Alpha158_csi300_custom_step0_s_20260527_16,1895157b1dd44cd4a3bcd7398ef8b2d0,0.08,,,
1605,2026-05-27,SH600547,1.1023398637771606,EXP_XGBModel_Alpha158_csi300_custom_step0_s_20260527_16,1895157b1dd44cd4a3bcd7398ef8b2d0,0.08,,,
1606,2026-05-27,SH600436,-0.0373678095638752,EXP_XGBModel_Alpha158_csi300_custom_step0_s_20260527_16,1895157b1dd44cd4a3bcd7398ef8b2d0,0.08,,,
1607,2026-05-27,SH600415,0.01758415438234806,EXP_XGBModel_Alpha158_csi300_custom_step0_s_20260527_16,1895157b1dd44cd4a3bcd7398ef8b2d0,0.08,,,
1608,2026-05-27,SH600406,0.001805892214179039,EXP_XGBModel_Alpha158_csi300_custom_step0_s_20260527_16,1895157b1dd44cd4a3bcd7398ef8b2d0,0.08,,,
1609,2026-05-27,SH600377,-0.009908684529364109,EXP_XGBModel_Alpha158_csi300_custom_step0_s_20260527_16,1895157b1dd44cd4a3bcd7398ef8b2d0,0.08,,,
1610,2026-05-27,SH600372,0.12332525849342346,EXP_XGBModel_Alpha158_csi300_custom_step0_s_20260527_16,1895157b1dd44cd4a3bcd7398ef8b2d0,0.08,,,
1611,2026-05-27,SH600362,0.0014875181950628757,EXP_XGBModel_Alpha158_csi300_custom_step0_s_20260527_16,1895157b1dd44cd4a3bcd7398ef8b2d0,0.08,,,
1612,2026-05-27,SH600346,0.3915382921695709,EXP_XGBModel_Alpha158_csi300_custom_step0_s_20260527_16,1895157b1dd44cd4a3bcd7398ef8b2d0,0.08,,,
1613,2026-05-27,SH600426,0.48546645045280457,EXP_XGBModel_Alpha158_csi300_custom_step0_s_20260527_16,1895157b1dd44cd4a3bcd7398ef8b2d0,0.08,,,
1614,2026-05-27,SH601058,-0.019744934514164925,EXP_XGBModel_Alpha158_csi300_custom_step0_s_20260527_16,1895157b1dd44cd4a3bcd7398ef8b2d0,0.08,,,
1615,2026-05-27,SH601059,-0.016093002632260323,EXP_XGBModel_Alpha158_csi300_custom_step0_s_20260527_16,1895157b1dd44cd4a3bcd7398ef8b2d0,0.08,,,
1616,2026-05-27,SH601066,-0.019595013931393623,EXP_XGBModel_Alpha158_csi300_custom_step0_s_20260527_16,1895157b1dd44cd4a3bcd7398ef8b2d0,0.08,,,
1617,2026-05-27,SH601688,-0.004020910244435072,EXP_XGBModel_Alpha158_csi300_custom_step0_s_20260527_16,1895157b1dd44cd4a3bcd7398ef8b2d0,0.08,,,
1618,2026-05-27,SH601689,0.1575814038515091,EXP_XGBModel_Alpha158_csi300_custom_step0_s_20260527_16,1895157b1dd44cd4a3bcd7398ef8b2d0,0.08,,,
1619,2026-05-27,SH601698,0.11243908852338791,EXP_XGBModel_Alpha158_csi300_custom_step0_s_20260527_16,1895157b1dd44cd4a3bcd7398ef8b2d0,0.08,,,
1620,2026-05-27,SH601728,0.12135441601276398,EXP_XGBModel_Alpha158_csi300_custom_step0_s_20260527_16,1895157b1dd44cd4a3bcd7398ef8b2d0,0.08,,,
1621,2026-05-27,SH601766,-0.038498297333717346,EXP_XGBModel_Alpha158_csi300_custom_step0_s_20260527_16,1895157b1dd44cd4a3bcd7398ef8b2d0,0.08,,,
1622,2026-05-27,SH601788,-0.012920479290187359,EXP_XGBModel_Alpha158_csi300_custom_step0_s_20260527_16,1895157b1dd44cd4a3bcd7398ef8b2d0,0.08,,,
1623,2026-05-27,SH601800,-0.0018865889869630337,EXP_XGBModel_Alpha158_csi300_custom_step0_s_20260527_16,1895157b1dd44cd4a3bcd7398ef8b2d0,0.08,,,
1624,2026-05-27,SH601808,0.01584780216217041,EXP_XGBModel_Alpha158_csi300_custom_step0_s_20260527_16,1895157b1dd44cd4a3bcd7398ef8b2d0,0.08,,,
1625,2026-05-27,SH601816,-0.03804754093289375,EXP_XGBModel_Alpha158_csi300_custom_step0_s_20260527_16,1895157b1dd44cd4a3bcd7398ef8b2d0,0.08,,,
1626,2026-05-27,SH601818,-0.05231441184878349,EXP_XGBModel_Alpha158_csi300_custom_step0_s_20260527_16,1895157b1dd44cd4a3bcd7398ef8b2d0,0.08,,,
1627,2026-05-27,SH601825,-0.06983477622270584,EXP_XGBModel_Alpha158_csi300_custom_step0_s_20260527_16,1895157b1dd44cd4a3bcd7398ef8b2d0,0.08,,,
1628,2026-05-27,SH601838,0.004172188229858875,EXP_XGBModel_Alpha158_csi300_custom_step0_s_20260527_16,1895157b1dd44cd4a3bcd7398ef8b2d0,0.08,,,
1629,2026-05-27,SH601857,0.04153439402580261,EXP_XGBModel_Alpha158_csi300_custom_step0_s_20260527_16,1895157b1dd44cd4a3bcd7398ef8b2d0,0.08,,,
1630,2026-05-27,SH601868,0.02004520781338215,EXP_XGBModel_Alpha158_csi300_custom_step0_s_20260527_16,1895157b1dd44cd4a3bcd7398ef8b2d0,0.08,,,
1631,2026-05-27,SH601872,0.1386779099702835,EXP_XGBModel_Alpha158_csi300_custom_step0_s_20260527_16,1895157b1dd44cd4a3bcd7398ef8b2d0,0.08,,,
1632,2026-05-27,SH601877,0.008489732630550861,EXP_XGBModel_Alpha158_csi300_custom_step0_s_20260527_16,1895157b1dd44cd4a3bcd7398ef8b2d0,0.08,,,
1633,2026-05-27,SH601878,-0.005931580439209938,EXP_XGBModel_Alpha158_csi300_custom_step0_s_20260527_16,1895157b1dd44cd4a3bcd7398ef8b2d0,0.08,,,
1634,2026-05-27,SH603195,0.02259606122970581,EXP_XGBModel_Alpha158_csi300_custom_step0_s_20260527_16,1895157b1dd44cd4a3bcd7398ef8b2d0,0.08,,,
1635,2026-05-27,SH603019,-0.04792662709951401,EXP_XGBModel_Alpha158_csi300_custom_step0_s_20260527_16,1895157b1dd44cd4a3bcd7398ef8b2d0,0.08,,,
1636,2026-05-27,SH601998,-0.014258095994591713,EXP_XGBModel_Alpha158_csi300_custom_step0_s_20260527_16,1895157b1dd44cd4a3bcd7398ef8b2d0,0.08,,,
1637,2026-05-27,SH601995,-0.009370236657559872,EXP_XGBModel_Alpha158_csi300_custom_step0_s_20260527_16,1895157b1dd44cd4a3bcd7398ef8b2d0,0.08,,,
1638,2026-05-27,SH601988,-0.024532420560717583,EXP_XGBModel_Alpha158_csi300_custom_step0_s_20260527_16,1895157b1dd44cd4a3bcd7398ef8b2d0,0.08,,,
1639,2026-05-27,SH601985,-0.040355365723371506,EXP_XGBModel_Alpha158_csi300_custom_step0_s_20260527_16,1895157b1dd44cd4a3bcd7398ef8b2d0,0.08,,,
1640,2026-05-27,SH601669,-0.014581194147467613,EXP_XGBModel_Alpha158_csi300_custom_step0_s_20260527_16,1895157b1dd44cd4a3bcd7398ef8b2d0,0.08,,,
1641,2026-05-27,SH601939,-0.011356409639120102,EXP_XGBModel_Alpha158_csi300_custom_step0_s_20260527_16,1895157b1dd44cd4a3bcd7398ef8b2d0,0.08,,,
1642,2026-05-27,SH601916,-0.044076140969991684,EXP_XGBModel_Alpha158_csi300_custom_step0_s_20260527_16,1895157b1dd44cd4a3bcd7398ef8b2d0,0.08,,,
1643,2026-05-27,SH601901,-0.022545915096998215,EXP_XGBModel_Alpha158_csi300_custom_step0_s_20260527_16,1895157b1dd44cd4a3bcd7398ef8b2d0,0.08,,,
1644,2026-05-27,SH601899,-0.019206974655389786,EXP_XGBModel_Alpha158_csi300_custom_step0_s_20260527_16,1895157b1dd44cd4a3bcd7398ef8b2d0,0.08,,,
1645,2026-05-27,SH601898,-0.012438351288437843,EXP_XGBModel_Alpha158_csi300_custom_step0_s_20260527_16,1895157b1dd44cd4a3bcd7398ef8b2d0,0.08,,,
1646,2026-05-27,SH601888,0.205491304397583,EXP_XGBModel_Alpha158_csi300_custom_step0_s_20260527_16,1895157b1dd44cd4a3bcd7398ef8b2d0,0.08,,,
1647,2026-05-27,SH601881,0.005741116125136614,EXP_XGBModel_Alpha158_csi300_custom_step0_s_20260527_16,1895157b1dd44cd4a3bcd7398ef8b2d0,0.08,,,
1648,2026-05-27,SH601919,-0.02389567717909813,EXP_XGBModel_Alpha158_csi300_custom_step0_s_20260527_16,1895157b1dd44cd4a3bcd7398ef8b2d0,0.08,,,
1649,2026-05-27,SH601668,-0.06193581223487854,EXP_XGBModel_Alpha158_csi300_custom_step0_s_20260527_16,1895157b1dd44cd4a3bcd7398ef8b2d0,0.08,,,
1650,2026-05-27,SH601658,-0.04395122826099396,EXP_XGBModel_Alpha158_csi300_custom_step0_s_20260527_16,1895157b1dd44cd4a3bcd7398ef8b2d0,0.08,,,
1651,2026-05-27,SH601633,-0.08753961324691772,EXP_XGBModel_Alpha158_csi300_custom_step0_s_20260527_16,1895157b1dd44cd4a3bcd7398ef8b2d0,0.08,,,
1652,2026-05-27,SH601229,-0.06106023117899895,EXP_XGBModel_Alpha158_csi300_custom_step0_s_20260527_16,1895157b1dd44cd4a3bcd7398ef8b2d0,0.08,,,
1653,2026-05-27,SH601225,-0.12318459898233414,EXP_XGBModel_Alpha158_csi300_custom_step0_s_20260527_16,1895157b1dd44cd4a3bcd7398ef8b2d0,0.08,,,
1654,2026-05-27,SH601211,-0.037484098225831985,EXP_XGBModel_Alpha158_csi300_custom_step0_s_20260527_16,1895157b1dd44cd4a3bcd7398ef8b2d0,0.08,,,
1655,2026-05-27,SH601186,-0.07580253481864929,EXP_XGBModel_Alpha158_csi300_custom_step0_s_20260527_16,1895157b1dd44cd4a3bcd7398ef8b2d0,0.08,,,
1656,2026-05-27,SH601169,-0.08390907198190689,EXP_XGBModel_Alpha158_csi300_custom_step0_s_20260527_16,1895157b1dd44cd4a3bcd7398ef8b2d0,0.08,,,
1657,2026-05-27,SH601166,-0.040626734495162964,EXP_XGBModel_Alpha158_csi300_custom_step0_s_20260527_16,1895157b1dd44cd4a3bcd7398ef8b2d0,0.08,,,
1658,2026-05-27,SH601236,-0.037857603281736374,EXP_XGBModel_Alpha158_csi300_custom_step0_s_20260527_16,1895157b1dd44cd4a3bcd7398ef8b2d0,0.08,,,
1659,2026-05-27,SH601138,0.28963810205459595,EXP_XGBModel_Alpha158_csi300_custom_step0_s_20260527_16,1895157b1dd44cd4a3bcd7398ef8b2d0,0.08,,,
1660,2026-05-27,SH601127,0.10271221399307251,EXP_XGBModel_Alpha158_csi300_custom_step0_s_20260527_16,1895157b1dd44cd4a3bcd7398ef8b2d0,0.08,,,
1661,2026-05-27,SH601117,-0.06465571373701096,EXP_XGBModel_Alpha158_csi300_custom_step0_s_20260527_16,1895157b1dd44cd4a3bcd7398ef8b2d0,0.08,,,
1662,2026-05-27,SH601111,-0.00646649906411767,EXP_XGBModel_Alpha158_csi300_custom_step0_s_20260527_16,1895157b1dd44cd4a3bcd7398ef8b2d0,0.08,,,
1663,2026-05-27,SH601100,0.005437423940747976,EXP_XGBModel_Alpha158_csi300_custom_step0_s_20260527_16,1895157b1dd44cd4a3bcd7398ef8b2d0,0.08,,,
1664,2026-05-27,SH601088,-0.059177301824092865,EXP_XGBModel_Alpha158_csi300_custom_step0_s_20260527_16,1895157b1dd44cd4a3bcd7398ef8b2d0,0.08,,,
1665,2026-05-27,SH601077,-0.07654169946908951,EXP_XGBModel_Alpha158_csi300_custom_step0_s_20260527_16,1895157b1dd44cd4a3bcd7398ef8b2d0,0.08,,,
1666,2026-05-27,SH601136,-0.05132250487804413,EXP_XGBModel_Alpha158_csi300_custom_step0_s_20260527_16,1895157b1dd44cd4a3bcd7398ef8b2d0,0.08,,,
1667,2026-05-27,SH600050,-0.010884634219110012,EXP_XGBModel_Alpha158_csi300_custom_step0_s_20260527_16,1895157b1dd44cd4a3bcd7398ef8b2d0,0.08,,,
1668,2026-05-27,SH601238,-0.05745401233434677,EXP_XGBModel_Alpha158_csi300_custom_step0_s_20260527_16,1895157b1dd44cd4a3bcd7398ef8b2d0,0.08,,,
1669,2026-05-27,SH601298,-0.014573712833225727,EXP_XGBModel_Alpha158_csi300_custom_step0_s_20260527_16,1895157b1dd44cd4a3bcd7398ef8b2d0,0.08,,,
1670,2026-05-27,SH601628,-0.04638133943080902,EXP_XGBModel_Alpha158_csi300_custom_step0_s_20260527_16,1895157b1dd44cd4a3bcd7398ef8b2d0,0.08,,,
1671,2026-05-27,SH601618,-0.020002994686365128,EXP_XGBModel_Alpha158_csi300_custom_step0_s_20260527_16,1895157b1dd44cd4a3bcd7398ef8b2d0,0.08,,,
1672,2026-05-27,SH601607,-0.021052749827504158,EXP_XGBModel_Alpha158_csi300_custom_step0_s_20260527_16,1895157b1dd44cd4a3bcd7398ef8b2d0,0.08,,,
1673,2026-05-27,SH601601,-0.05552220344543457,EXP_XGBModel_Alpha158_csi300_custom_step0_s_20260527_16,1895157b1dd44cd4a3bcd7398ef8b2d0,0.08,,,
1674,2026-05-27,SH601600,0.21209818124771118,EXP_XGBModel_Alpha158_csi300_custom_step0_s_20260527_16,1895157b1dd44cd4a3bcd7398ef8b2d0,0.08,,,
1675,2026-05-27,SH601456,-0.05259052664041519,EXP_XGBModel_Alpha158_csi300_custom_step0_s_20260527_16,1895157b1dd44cd4a3bcd7398ef8b2d0,0.08,,,
1676,2026-05-27,SH601288,-0.06395166367292404,EXP_XGBModel_Alpha158_csi300_custom_step0_s_20260527_16,1895157b1dd44cd4a3bcd7398ef8b2d0,0.08,,,
1677,2026-05-27,SH601398,-0.048196952790021896,EXP_XGBModel_Alpha158_csi300_custom_step0_s_20260527_16,1895157b1dd44cd4a3bcd7398ef8b2d0,0.08,,,
1678,2026-05-27,SH601377,-0.0027832682244479656,EXP_XGBModel_Alpha158_csi300_custom_step0_s_20260527_16,1895157b1dd44cd4a3bcd7398ef8b2d0,0.08,,,
1679,2026-05-27,SH601360,-0.011815778911113739,EXP_XGBModel_Alpha158_csi300_custom_step0_s_20260527_16,1895157b1dd44cd4a3bcd7398ef8b2d0,0.08,,,
1680,2026-05-27,SH601336,0.043436821550130844,EXP_XGBModel_Alpha158_csi300_custom_step0_s_20260527_16,1895157b1dd44cd4a3bcd7398ef8b2d0,0.08,,,
1681,2026-05-27,SH601328,-0.06644794344902039,EXP_XGBModel_Alpha158_csi300_custom_step0_s_20260527_16,1895157b1dd44cd4a3bcd7398ef8b2d0,0.08,,,
1682,2026-05-27,SH601319,-0.041255053132772446,EXP_XGBModel_Alpha158_csi300_custom_step0_s_20260527_16,1895157b1dd44cd4a3bcd7398ef8b2d0,0.08,,,
1683,2026-05-27,SH601318,-0.06633332371711731,EXP_XGBModel_Alpha158_csi300_custom_step0_s_20260527_16,1895157b1dd44cd4a3bcd7398ef8b2d0,0.08,,,
1684,2026-05-27,SH601390,-0.03682433441281319,EXP_XGBModel_Alpha158_csi300_custom_step0_s_20260527_16,1895157b1dd44cd4a3bcd7398ef8b2d0,0.08,,,
1685,2026-05-27,SH600346,0.18815895915031433,EXP_XGBModel_Alpha158_csi300_custom_step0_s_20260527_16,84eb318de11f436d9fd1c5f8766f128b,0.054,,,
1686,2026-05-27,SH600309,-0.0011184534523636103,EXP_XGBModel_Alpha158_csi300_custom_step0_s_20260527_16,84eb318de11f436d9fd1c5f8766f128b,0.054,,,
1687,2026-05-27,SH600276,-0.016983259469270706,EXP_XGBModel_Alpha158_csi300_custom_step0_s_20260527_16,84eb318de11f436d9fd1c5f8766f128b,0.054,,,
1688,2026-05-27,SZ002594,-0.015419266186654568,EXP_LinearModel_Alpha158_csi300_custom_step0_s_20260527_16,74815d00235a494c823c27bceff974f9,0.102,,,
1689,2026-05-27,SZ002600,-0.04210057482123375,EXP_LinearModel_Alpha158_csi300_custom_step0_s_20260527_16,74815d00235a494c823c27bceff974f9,0.102,,,
1690,2026-05-27,SZ002601,-0.05745307728648186,EXP_LinearModel_Alpha158_csi300_custom_step0_s_20260527_16,74815d00235a494c823c27bceff974f9,0.102,,,
1691,2026-05-27,SZ002625,0.04286355525255203,EXP_LinearModel_Alpha158_csi300_custom_step0_s_20260527_16,74815d00235a494c823c27bceff974f9,0.102,,,
1692,2026-05-27,SZ002648,0.00397426076233387,EXP_LinearModel_Alpha158_csi300_custom_step0_s_20260527_16,74815d00235a494c823c27bceff974f9,0.102,,,
1693,2026-05-27,SZ002709,0.009207668714225292,EXP_LinearModel_Alpha158_csi300_custom_step0_s_20260527_16,74815d00235a494c823c27bceff974f9,0.102,,,
1694,2026-05-27,SZ002714,-0.034354712814092636,EXP_LinearModel_Alpha158_csi300_custom_step0_s_20260527_16,74815d00235a494c823c27bceff974f9,0.102,,,
1695,2026-05-27,SZ002736,0.05256444215774536,EXP_LinearModel_Alpha158_csi300_custom_step0_s_20260527_16,74815d00235a494c823c27bceff974f9,0.102,,,
1696,2026-05-27,SZ002916,-0.12940524518489838,EXP_LinearModel_Alpha158_csi300_custom_step0_s_20260527_16,74815d00235a494c823c27bceff974f9,0.102,,,
1697,2026-05-27,SZ002920,-0.0426696352660656,EXP_LinearModel_Alpha158_csi300_custom_step0_s_20260527_16,74815d00235a494c823c27bceff974f9,0.102,,,
1698,2026-05-27,SZ002938,-0.16167233884334564,EXP_LinearModel_Alpha158_csi300_custom_step0_s_20260527_16,74815d00235a494c823c27bceff974f9,0.102,,,
1699,2026-05-27,SZ003816,0.024846818298101425,EXP_LinearModel_Alpha158_csi300_custom_step0_s_20260527_16,74815d00235a494c823c27bceff974f9,0.102,,,
1700,2026-05-27,SZ300014,0.007060977630317211,EXP_LinearModel_Alpha158_csi300_custom_step0_s_20260527_16,74815d00235a494c823c27bceff974f9,0.102,,,
1701,2026-05-27,SZ300015,-0.016712360084056854,EXP_LinearModel_Alpha158_csi300_custom_step0_s_20260527_16,74815d00235a494c823c27bceff974f9,0.102,,,
1702,2026-05-27,SZ300033,0.023747650906443596,EXP_LinearModel_Alpha158_csi300_custom_step0_s_20260527_16,74815d00235a494c823c27bceff974f9,0.102,,,
1703,2026-05-27,SZ300059,0.025430569425225258,EXP_LinearModel_Alpha158_csi300_custom_step0_s_20260527_16,74815d00235a494c823c27bceff974f9,0.102,,,
1704,2026-05-27,SZ300122,-0.04919859394431114,EXP_LinearModel_Alpha158_csi300_custom_step0_s_20260527_16,74815d00235a494c823c27bceff974f9,0.102,,,
1705,2026-05-27,SZ300498,0.04689093306660652,EXP_LinearModel_Alpha158_csi300_custom_step0_s_20260527_16,74815d00235a494c823c27bceff974f9,0.102,,,
1706,2026-05-27,SZ300476,-0.12066523730754852,EXP_LinearModel_Alpha158_csi300_custom_step0_s_20260527_16,74815d00235a494c823c27bceff974f9,0.102,,,
1707,2026-05-27,SZ300442,-0.05134386569261551,EXP_LinearModel_Alpha158_csi300_custom_step0_s_20260527_16,74815d00235a494c823c27bceff974f9,0.102,,,
1708,2026-05-27,SZ300433,0.013005159795284271,EXP_LinearModel_Alpha158_csi300_custom_step0_s_20260527_16,74815d00235a494c823c27bceff974f9,0.102,,,
1709,2026-05-27,SZ300418,-0.0005062599084340036,EXP_LinearModel_Alpha158_csi300_custom_step0_s_20260527_16,74815d00235a494c823c27bceff974f9,0.102,,,
1710,2026-05-27,SZ300413,-0.023139193654060364,EXP_LinearModel_Alpha158_csi300_custom_step0_s_20260527_16,74815d00235a494c823c27bceff974f9,0.102,,,
1711,2026-05-27,SZ002493,-0.049087539315223694,EXP_LinearModel_Alpha158_csi300_custom_step0_s_20260527_16,74815d00235a494c823c27bceff974f9,0.102,,,
1712,2026-05-27,SZ300408,-0.17887072265148163,EXP_LinearModel_Alpha158_csi300_custom_step0_s_20260527_16,74815d00235a494c823c27bceff974f9,0.102,,,
1713,2026-05-27,SZ300347,0.051465943455696106,EXP_LinearModel_Alpha158_csi300_custom_step0_s_20260527_16,74815d00235a494c823c27bceff974f9,0.102,,,
1714,2026-05-27,SZ300316,0.03731633722782135,EXP_LinearModel_Alpha158_csi300_custom_step0_s_20260527_16,74815d00235a494c823c27bceff974f9,0.102,,,
1715,2026-05-27,SZ300308,-0.07337096333503723,EXP_LinearModel_Alpha158_csi300_custom_step0_s_20260527_16,74815d00235a494c823c27bceff974f9,0.102,,,
1716,2026-05-27,SZ300274,-0.02738240174949169,EXP_LinearModel_Alpha158_csi300_custom_step0_s_20260527_16,74815d00235a494c823c27bceff974f9,0.102,,,
1717,2026-05-27,SZ300251,0.019743753597140312,EXP_LinearModel_Alpha158_csi300_custom_step0_s_20260527_16,74815d00235a494c823c27bceff974f9,0.102,,,
1718,2026-05-27,SZ300124,-0.022828565910458565,EXP_LinearModel_Alpha158_csi300_custom_step0_s_20260527_16,74815d00235a494c823c27bceff974f9,0.102,,,
1719,2026-05-27,SZ300394,-0.008818970993161201,EXP_LinearModel_Alpha158_csi300_custom_step0_s_20260527_16,74815d00235a494c823c27bceff974f9,0.102,,,
1720,2026-05-27,SZ300502,-0.13117066025733948,EXP_LinearModel_Alpha158_csi300_custom_step0_s_20260527_16,74815d00235a494c823c27bceff974f9,0.102,,,
1721,2026-05-27,SZ002475,0.018632210791110992,EXP_LinearModel_Alpha158_csi300_custom_step0_s_20260527_16,74815d00235a494c823c27bceff974f9,0.102,,,
1722,2026-05-27,SZ002463,-0.18942946195602417,EXP_LinearModel_Alpha158_csi300_custom_step0_s_20260527_16,74815d00235a494c823c27bceff974f9,0.102,,,
1723,2026-05-27,SZ000895,-0.017472919076681137,EXP_LinearModel_Alpha158_csi300_custom_step0_s_20260527_16,74815d00235a494c823c27bceff974f9,0.102,,,
1724,2026-05-27,SZ000938,0.13384346663951874,EXP_LinearModel_Alpha158_csi300_custom_step0_s_20260527_16,74815d00235a494c823c27bceff974f9,0.102,,,
1725,2026-05-27,SZ000963,0.021273214370012283,EXP_LinearModel_Alpha158_csi300_custom_step0_s_20260527_16,74815d00235a494c823c27bceff974f9,0.102,,,
1726,2026-05-27,SZ000975,0.03990287333726883,EXP_LinearModel_Alpha158_csi300_custom_step0_s_20260527_16,74815d00235a494c823c27bceff974f9,0.102,,,
1727,2026-05-27,SZ000977,0.10425753891468048,EXP_LinearModel_Alpha158_csi300_custom_step0_s_20260527_16,74815d00235a494c823c27bceff974f9,0.102,,,
1728,2026-05-27,SZ000983,-0.013351508416235447,EXP_LinearModel_Alpha158_csi300_custom_step0_s_20260527_16,74815d00235a494c823c27bceff974f9,0.102,,,
1729,2026-05-27,SZ000999,-0.010121596977114677,EXP_LinearModel_Alpha158_csi300_custom_step0_s_20260527_16,74815d00235a494c823c27bceff974f9,0.102,,,
1730,2026-05-27,SZ001391,-0.03823671489953995,EXP_LinearModel_Alpha158_csi300_custom_step0_s_20260527_16,74815d00235a494c823c27bceff974f9,0.102,,,
1731,2026-05-27,SZ001965,0.024098897352814674,EXP_LinearModel_Alpha158_csi300_custom_step0_s_20260527_16,74815d00235a494c823c27bceff974f9,0.102,,,
1732,2026-05-27,SZ001979,-0.03301028907299042,EXP_LinearModel_Alpha158_csi300_custom_step0_s_20260527_16,74815d00235a494c823c27bceff974f9,0.102,,,
1733,2026-05-27,SZ002001,0.028547046706080437,EXP_LinearModel_Alpha158_csi300_custom_step0_s_20260527_16,74815d00235a494c823c27bceff974f9,0.102,,,
1734,2026-05-27,SZ002027,0.023552700877189636,EXP_LinearModel_Alpha158_csi300_custom_step0_s_20260527_16,74815d00235a494c823c27bceff974f9,0.102,,,
1735,2026-05-27,SZ002028,0.02081720530986786,EXP_LinearModel_Alpha158_csi300_custom_step0_s_20260527_16,74815d00235a494c823c27bceff974f9,0.102,,,
1736,2026-05-27,SZ002049,-0.028921283781528473,EXP_LinearModel_Alpha158_csi300_custom_step0_s_20260527_16,74815d00235a494c823c27bceff974f9,0.102,,,
1737,2026-05-27,SZ002050,0.018816828727722168,EXP_LinearModel_Alpha158_csi300_custom_step0_s_20260527_16,74815d00235a494c823c27bceff974f9,0.102,,,
1738,2026-05-27,SZ002074,-0.025954589247703552,EXP_LinearModel_Alpha158_csi300_custom_step0_s_20260527_16,74815d00235a494c823c27bceff974f9,0.102,,,
1739,2026-05-27,SZ002142,0.012696961872279644,EXP_LinearModel_Alpha158_csi300_custom_step0_s_20260527_16,74815d00235a494c823c27bceff974f9,0.102,,,
1740,2026-05-27,SZ002460,0.017138849943876266,EXP_LinearModel_Alpha158_csi300_custom_step0_s_20260527_16,74815d00235a494c823c27bceff974f9,0.102,,,
1741,2026-05-27,SZ002459,0.020670611411333084,EXP_LinearModel_Alpha158_csi300_custom_step0_s_20260527_16,74815d00235a494c823c27bceff974f9,0.102,,,
1742,2026-05-27,SZ002422,-0.06046435981988907,EXP_LinearModel_Alpha158_csi300_custom_step0_s_20260527_16,74815d00235a494c823c27bceff974f9,0.102,,,
1743,2026-05-27,SZ002415,0.0383114330470562,EXP_LinearModel_Alpha158_csi300_custom_step0_s_20260527_16,74815d00235a494c823c27bceff974f9,0.102,,,
1744,2026-05-27,SZ002384,0.06180432438850403,EXP_LinearModel_Alpha158_csi300_custom_step0_s_20260527_16,74815d00235a494c823c27bceff974f9,0.102,,,
1745,2026-05-27,SZ002371,0.0686551108956337,EXP_LinearModel_Alpha158_csi300_custom_step0_s_20260527_16,74815d00235a494c823c27bceff974f9,0.102,,,
1746,2026-05-27,SZ002466,0.006317322142422199,EXP_LinearModel_Alpha158_csi300_custom_step0_s_20260527_16,74815d00235a494c823c27bceff974f9,0.102,,,
1747,2026-05-27,SZ002352,-0.0019214777275919914,EXP_LinearModel_Alpha158_csi300_custom_step0_s_20260527_16,74815d00235a494c823c27bceff974f9,0.102,,,
1748,2026-05-27,SZ002304,0.022474251687526703,EXP_LinearModel_Alpha158_csi300_custom_step0_s_20260527_16,74815d00235a494c823c27bceff974f9,0.102,,,
1749,2026-05-27,SZ002252,0.014522152952849865,EXP_LinearModel_Alpha158_csi300_custom_step0_s_20260527_16,74815d00235a494c823c27bceff974f9,0.102,,,
1750,2026-05-27,SZ002241,-0.011130250990390778,EXP_LinearModel_Alpha158_csi300_custom_step0_s_20260527_16,74815d00235a494c823c27bceff974f9,0.102,,,
1751,2026-05-27,SZ002236,0.03216004744172096,EXP_LinearModel_Alpha158_csi300_custom_step0_s_20260527_16,74815d00235a494c823c27bceff974f9,0.102,,,
1752,2026-05-27,SZ002230,0.03237345069646835,EXP_LinearModel_Alpha158_csi300_custom_step0_s_20260527_16,74815d00235a494c823c27bceff974f9,0.102,,,
1753,2026-05-27,SZ002179,0.05114520341157913,EXP_LinearModel_Alpha158_csi300_custom_step0_s_20260527_16,74815d00235a494c823c27bceff974f9,0.102,,,
1754,2026-05-27,SZ002311,-0.07546258717775345,EXP_LinearModel_Alpha158_csi300_custom_step0_s_20260527_16,74815d00235a494c823c27bceff974f9,0.102,,,
1755,2026-05-27,SZ000876,-0.015366408973932266,EXP_LinearModel_Alpha158_csi300_custom_step0_s_20260527_16,74815d00235a494c823c27bceff974f9,0.102,,,
1756,2026-05-27,SZ300628,0.08546335995197296,EXP_LinearModel_Alpha158_csi300_custom_step0_s_20260527_16,74815d00235a494c823c27bceff974f9,0.102,,,
1757,2026-05-27,SZ300750,-0.015643220394849777,EXP_LinearModel_Alpha158_csi300_custom_step0_s_20260527_16,74815d00235a494c823c27bceff974f9,0.102,,,
1758,2026-05-27,SH600089,0.11741364002227783,EXP_LinearModel_Alpha158_csi300_custom_step0_s_20260527_16,a062b48b4ad04adb973419aa465b2916,0.1,,,
1759,2026-05-27,SH600104,-0.12434718757867813,EXP_LinearModel_Alpha158_csi300_custom_step0_s_20260527_16,a062b48b4ad04adb973419aa465b2916,0.1,,,
1760,2026-05-27,SH600111,0.1758175641298294,EXP_LinearModel_Alpha158_csi300_custom_step0_s_20260527_16,a062b48b4ad04adb973419aa465b2916,0.1,,,
1761,2026-05-27,SH600115,0.12484624236822128,EXP_LinearModel_Alpha158_csi300_custom_step0_s_20260527_16,a062b48b4ad04adb973419aa465b2916,0.1,,,
1762,2026-05-27,SH600150,0.28532564640045166,EXP_LinearModel_Alpha158_csi300_custom_step0_s_20260527_16,a062b48b4ad04adb973419aa465b2916,0.1,,,
1763,2026-05-27,SH600160,0.15192800760269165,EXP_LinearModel_Alpha158_csi300_custom_step0_s_20260527_16,a062b48b4ad04adb973419aa465b2916,0.1,,,
1764,2026-05-27,SH600161,-0.05268852785229683,EXP_LinearModel_Alpha158_csi300_custom_step0_s_20260527_16,a062b48b4ad04adb973419aa465b2916,0.1,,,
1765,2026-05-27,SH600176,0.17686866223812103,EXP_LinearModel_Alpha158_csi300_custom_step0_s_20260527_16,a062b48b4ad04adb973419aa465b2916,0.1,,,
1766,2026-05-27,SH600183,0.12337043881416321,EXP_LinearModel_Alpha158_csi300_custom_step0_s_20260527_16,a062b48b4ad04adb973419aa465b2916,0.1,,,
1767,2026-05-27,SH600188,0.047391269356012344,EXP_LinearModel_Alpha158_csi300_custom_step0_s_20260527_16,a062b48b4ad04adb973419aa465b2916,0.1,,,
1768,2026-05-27,SH600196,-0.0792408362030983,EXP_LinearModel_Alpha158_csi300_custom_step0_s_20260527_16,a062b48b4ad04adb973419aa465b2916,0.1,,,
1769,2026-05-27,SH600219,0.06610467284917831,EXP_LinearModel_Alpha158_csi300_custom_step0_s_20260527_16,a062b48b4ad04adb973419aa465b2916,0.1,,,
1770,2026-05-27,SH600233,-0.0057040490210056305,EXP_LinearModel_Alpha158_csi300_custom_step0_s_20260527_16,a062b48b4ad04adb973419aa465b2916,0.1,,,
1771,2026-05-27,SH600276,0.031934481114149094,EXP_LinearModel_Alpha158_csi300_custom_step0_s_20260527_16,a062b48b4ad04adb973419aa465b2916,0.1,,,
1772,2026-05-27,SH600309,0.0626436397433281,EXP_LinearModel_Alpha158_csi300_custom_step0_s_20260527_16,a062b48b4ad04adb973419aa465b2916,0.1,,,
1773,2026-05-27,SH600346,-0.006564827635884285,EXP_LinearModel_Alpha158_csi300_custom_step0_s_20260527_16,a062b48b4ad04adb973419aa465b2916,0.1,,,
1774,2026-05-27,SH600362,-0.022756192833185196,EXP_LinearModel_Alpha158_csi300_custom_step0_s_20260527_16,a062b48b4ad04adb973419aa465b2916,0.1,,,
1775,2026-05-27,SH600547,0.15356887876987457,EXP_LinearModel_Alpha158_csi300_custom_step0_s_20260527_16,a062b48b4ad04adb973419aa465b2916,0.1,,,
1776,2026-05-27,SH600522,0.4121049642562866,EXP_LinearModel_Alpha158_csi300_custom_step0_s_20260527_16,a062b48b4ad04adb973419aa465b2916,0.1,,,
1777,2026-05-27,SH600519,-0.11765223741531372,EXP_LinearModel_Alpha158_csi300_custom_step0_s_20260527_16,a062b48b4ad04adb973419aa465b2916,0.1,,,
1778,2026-05-27,SH600515,0.08657074719667435,EXP_LinearModel_Alpha158_csi300_custom_step0_s_20260527_16,a062b48b4ad04adb973419aa465b2916,0.1,,,
1779,2026-05-27,SH600489,0.09432825446128845,EXP_LinearModel_Alpha158_csi300_custom_step0_s_20260527_16,a062b48b4ad04adb973419aa465b2916,0.1,,,
1780,2026-05-27,SH600482,0.3974873125553131,EXP_LinearModel_Alpha158_csi300_custom_step0_s_20260527_16,a062b48b4ad04adb973419aa465b2916,0.1,,,
1781,2026-05-27,SH600085,-0.0709066390991211,EXP_LinearModel_Alpha158_csi300_custom_step0_s_20260527_16,a062b48b4ad04adb973419aa465b2916,0.1,,,
1782,2026-05-27,SH600460,0.23135752975940704,EXP_LinearModel_Alpha158_csi300_custom_step0_s_20260527_16,a062b48b4ad04adb973419aa465b2916,0.1,,,
1783,2026-05-27,SH600436,-0.0870213657617569,EXP_LinearModel_Alpha158_csi300_custom_step0_s_20260527_16,a062b48b4ad04adb973419aa465b2916,0.1,,,
1784,2026-05-27,SH600426,0.17889361083507538,EXP_LinearModel_Alpha158_csi300_custom_step0_s_20260527_16,a062b48b4ad04adb973419aa465b2916,0.1,,,
1785,2026-05-27,SH600415,0.06539030373096466,EXP_LinearModel_Alpha158_csi300_custom_step0_s_20260527_16,a062b48b4ad04adb973419aa465b2916,0.1,,,
1786,2026-05-27,SH600406,0.12081453949213028,EXP_LinearModel_Alpha158_csi300_custom_step0_s_20260527_16,a062b48b4ad04adb973419aa465b2916,0.1,,,
1787,2026-05-27,SH600377,0.07101640105247498,EXP_LinearModel_Alpha158_csi300_custom_step0_s_20260527_16,a062b48b4ad04adb973419aa465b2916,0.1,,,
1788,2026-05-27,SH600372,0.07825800031423569,EXP_LinearModel_Alpha158_csi300_custom_step0_s_20260527_16,a062b48b4ad04adb973419aa465b2916,0.1,,,
1789,2026-05-27,SH600438,,EXP_LinearModel_Alpha158_csi300_custom_step0_s_20260527_16,a062b48b4ad04adb973419aa465b2916,0.1,,,
1790,2026-05-27,SZ300661,0.004813646897673607,EXP_LinearModel_Alpha158_csi300_custom_step0_s_20260527_16,74815d00235a494c823c27bceff974f9,0.102,,,
1791,2026-05-27,SH600066,-0.026018165051937103,EXP_LinearModel_Alpha158_csi300_custom_step0_s_20260527_16,a062b48b4ad04adb973419aa465b2916,0.1,,,
1792,2026-05-27,SH600050,0.009146472439169884,EXP_LinearModel_Alpha158_csi300_custom_step0_s_20260527_16,a062b48b4ad04adb973419aa465b2916,0.1,,,
1793,2026-05-27,SZ300759,0.0036844988353550434,EXP_LinearModel_Alpha158_csi300_custom_step0_s_20260527_16,74815d00235a494c823c27bceff974f9,0.102,,,
1794,2026-05-27,SZ300760,-0.05430278554558754,EXP_LinearModel_Alpha158_csi300_custom_step0_s_20260527_16,74815d00235a494c823c27bceff974f9,0.102,,,
1795,2026-05-27,SZ300782,0.04787670075893402,EXP_LinearModel_Alpha158_csi300_custom_step0_s_20260527_16,74815d00235a494c823c27bceff974f9,0.102,,,
1796,2026-05-27,SZ300803,0.00985909067094326,EXP_LinearModel_Alpha158_csi300_custom_step0_s_20260527_16,74815d00235a494c823c27bceff974f9,0.102,,,
1797,2026-05-27,SZ300832,-0.031956735998392105,EXP_LinearModel_Alpha158_csi300_custom_step0_s_20260527_16,74815d00235a494c823c27bceff974f9,0.102,,,
1798,2026-05-27,SZ300866,0.03921813517808914,EXP_LinearModel_Alpha158_csi300_custom_step0_s_20260527_16,74815d00235a494c823c27bceff974f9,0.102,,,
1799,2026-05-27,SZ300896,-0.03841141611337662,EXP_LinearModel_Alpha158_csi300_custom_step0_s_20260527_16,74815d00235a494c823c27bceff974f9,0.102,,,
1800,2026-05-27,SZ300979,-0.0003091318067163229,EXP_LinearModel_Alpha158_csi300_custom_step0_s_20260527_16,74815d00235a494c823c27bceff974f9,0.102,,,
1801,2026-05-27,SZ300999,-0.03375229611992836,EXP_LinearModel_Alpha158_csi300_custom_step0_s_20260527_16,74815d00235a494c823c27bceff974f9,0.102,,,
1802,2026-05-27,SZ301236,0.006467843893915415,EXP_LinearModel_Alpha158_csi300_custom_step0_s_20260527_16,74815d00235a494c823c27bceff974f9,0.102,,,
1803,2026-05-27,SZ301269,-0.22545209527015686,EXP_LinearModel_Alpha158_csi300_custom_step0_s_20260527_16,74815d00235a494c823c27bceff974f9,0.102,,,
1804,2026-05-27,SZ302132,-0.06367815285921097,EXP_LinearModel_Alpha158_csi300_custom_step0_s_20260527_16,74815d00235a494c823c27bceff974f9,0.102,,,
1805,2026-05-27,SH600000,-0.009472977370023727,EXP_LinearModel_Alpha158_csi300_custom_step0_s_20260527_16,a062b48b4ad04adb973419aa465b2916,0.1,,,
1806,2026-05-27,SH600009,0.01425027847290039,EXP_LinearModel_Alpha158_csi300_custom_step0_s_20260527_16,a062b48b4ad04adb973419aa465b2916,0.1,,,
1807,2026-05-27,SH600010,0.07618256658315659,EXP_LinearModel_Alpha158_csi300_custom_step0_s_20260527_16,a062b48b4ad04adb973419aa465b2916,0.1,,,
1808,2026-05-27,SH600011,0.12931248545646667,EXP_LinearModel_Alpha158_csi300_custom_step0_s_20260527_16,a062b48b4ad04adb973419aa465b2916,0.1,,,
1809,2026-05-27,SH600015,-0.03771498054265976,EXP_LinearModel_Alpha158_csi300_custom_step0_s_20260527_16,a062b48b4ad04adb973419aa465b2916,0.1,,,
1810,2026-05-27,SH600048,0.03517524152994156,EXP_LinearModel_Alpha158_csi300_custom_step0_s_20260527_16,a062b48b4ad04adb973419aa465b2916,0.1,,,
1811,2026-05-27,SH600039,0.03197433799505234,EXP_LinearModel_Alpha158_csi300_custom_step0_s_20260527_16,a062b48b4ad04adb973419aa465b2916,0.1,,,
1812,2026-05-27,SH600036,-0.1848098337650299,EXP_LinearModel_Alpha158_csi300_custom_step0_s_20260527_16,a062b48b4ad04adb973419aa465b2916,0.1,,,
1813,2026-05-27,SH600031,0.027980227023363113,EXP_LinearModel_Alpha158_csi300_custom_step0_s_20260527_16,a062b48b4ad04adb973419aa465b2916,0.1,,,
1814,2026-05-27,SH600030,0.09852498024702072,EXP_LinearModel_Alpha158_csi300_custom_step0_s_20260527_16,a062b48b4ad04adb973419aa465b2916,0.1,,,
1815,2026-05-27,SH600029,0.07799576967954636,EXP_LinearModel_Alpha158_csi300_custom_step0_s_20260527_16,a062b48b4ad04adb973419aa465b2916,0.1,,,
1816,2026-05-27,SH600061,-0.001814783550798893,EXP_LinearModel_Alpha158_csi300_custom_step0_s_20260527_16,a062b48b4ad04adb973419aa465b2916,0.1,,,
1817,2026-05-27,SH600028,-0.0028831809759140015,EXP_LinearModel_Alpha158_csi300_custom_step0_s_20260527_16,a062b48b4ad04adb973419aa465b2916,0.1,,,
1818,2026-05-27,SH600026,-0.1297203004360199,EXP_LinearModel_Alpha158_csi300_custom_step0_s_20260527_16,a062b48b4ad04adb973419aa465b2916,0.1,,,
1819,2026-05-27,SH600025,-0.009760340675711632,EXP_LinearModel_Alpha158_csi300_custom_step0_s_20260527_16,a062b48b4ad04adb973419aa465b2916,0.1,,,
1820,2026-05-27,SH600023,0.017921283841133118,EXP_LinearModel_Alpha158_csi300_custom_step0_s_20260527_16,a062b48b4ad04adb973419aa465b2916,0.1,,,
1821,2026-05-27,SH600019,-0.04425003007054329,EXP_LinearModel_Alpha158_csi300_custom_step0_s_20260527_16,a062b48b4ad04adb973419aa465b2916,0.1,,,
1822,2026-05-27,SH600018,0.048383262008428574,EXP_LinearModel_Alpha158_csi300_custom_step0_s_20260527_16,a062b48b4ad04adb973419aa465b2916,0.1,,,
1823,2026-05-27,SH600016,-0.20481444895267487,EXP_LinearModel_Alpha158_csi300_custom_step0_s_20260527_16,a062b48b4ad04adb973419aa465b2916,0.1,,,
1824,2026-05-27,SH600027,0.23128153383731842,EXP_LinearModel_Alpha158_csi300_custom_step0_s_20260527_16,a062b48b4ad04adb973419aa465b2916,0.1,,,
1825,2026-05-27,SZ000858,0.06510661542415619,EXP_LinearModel_Alpha158_csi300_custom_step0_s_20260527_16,74815d00235a494c823c27bceff974f9,0.102,,,
1826,2026-05-27,SZ000807,0.04192519932985306,EXP_LinearModel_Alpha158_csi300_custom_step0_s_20260527_16,74815d00235a494c823c27bceff974f9,0.102,,,
1827,2026-05-27,SZ000792,0.02544253133237362,EXP_LinearModel_Alpha158_csi300_custom_step0_s_20260527_16,74815d00235a494c823c27bceff974f9,0.102,,,
1828,2026-05-27,SH601336,-0.05833183228969574,EXP_LinearModel_Alpha158_csi300_custom_step0_s_20260527_16,74815d00235a494c823c27bceff974f9,0.102,,,
1829,2026-05-27,SH601360,0.005873576272279024,EXP_LinearModel_Alpha158_csi300_custom_step0_s_20260527_16,74815d00235a494c823c27bceff974f9,0.102,,,
1830,2026-05-27,SH601377,0.037495195865631104,EXP_LinearModel_Alpha158_csi300_custom_step0_s_20260527_16,74815d00235a494c823c27bceff974f9,0.102,,,
1831,2026-05-27,SH601390,0.062455520033836365,EXP_LinearModel_Alpha158_csi300_custom_step0_s_20260527_16,74815d00235a494c823c27bceff974f9,0.102,,,
1832,2026-05-27,SH601398,0.013289473950862885,EXP_LinearModel_Alpha158_csi300_custom_step0_s_20260527_16,74815d00235a494c823c27bceff974f9,0.102,,,
1833,2026-05-27,SH601456,0.00798769574612379,EXP_LinearModel_Alpha158_csi300_custom_step0_s_20260527_16,74815d00235a494c823c27bceff974f9,0.102,,,
1834,2026-05-27,SH601600,-0.036214783787727356,EXP_LinearModel_Alpha158_csi300_custom_step0_s_20260527_16,74815d00235a494c823c27bceff974f9,0.102,,,
1835,2026-05-27,SH601601,-0.009395241737365723,EXP_LinearModel_Alpha158_csi300_custom_step0_s_20260527_16,74815d00235a494c823c27bceff974f9,0.102,,,
1836,2026-05-27,SH601607,-0.030902240425348282,EXP_LinearModel_Alpha158_csi300_custom_step0_s_20260527_16,74815d00235a494c823c27bceff974f9,0.102,,,
1837,2026-05-27,SH601618,0.054585158824920654,EXP_LinearModel_Alpha158_csi300_custom_step0_s_20260527_16,74815d00235a494c823c27bceff974f9,0.102,,,
1838,2026-05-27,SH601628,-0.08183898776769638,EXP_LinearModel_Alpha158_csi300_custom_step0_s_20260527_16,74815d00235a494c823c27bceff974f9,0.102,,,
1839,2026-05-27,SH601633,-0.014287353493273258,EXP_LinearModel_Alpha158_csi300_custom_step0_s_20260527_16,74815d00235a494c823c27bceff974f9,0.102,,,
1840,2026-05-27,SH601658,0.06593303382396698,EXP_LinearModel_Alpha158_csi300_custom_step0_s_20260527_16,74815d00235a494c823c27bceff974f9,0.102,,,
1841,2026-05-27,SH601668,0.01943793147802353,EXP_LinearModel_Alpha158_csi300_custom_step0_s_20260527_16,74815d00235a494c823c27bceff974f9,0.102,,,
1842,2026-05-27,SH601669,-0.03498246893286705,EXP_LinearModel_Alpha158_csi300_custom_step0_s_20260527_16,74815d00235a494c823c27bceff974f9,0.102,,,
1843,2026-05-27,SH601688,0.009718526154756546,EXP_LinearModel_Alpha158_csi300_custom_step0_s_20260527_16,74815d00235a494c823c27bceff974f9,0.102,,,
1844,2026-05-27,SH601689,-0.012605237774550915,EXP_LinearModel_Alpha158_csi300_custom_step0_s_20260527_16,74815d00235a494c823c27bceff974f9,0.102,,,
1845,2026-05-27,SH601877,-0.015820909291505814,EXP_LinearModel_Alpha158_csi300_custom_step0_s_20260527_16,74815d00235a494c823c27bceff974f9,0.102,,,
1846,2026-05-27,SH601872,-0.05081210657954216,EXP_LinearModel_Alpha158_csi300_custom_step0_s_20260527_16,74815d00235a494c823c27bceff974f9,0.102,,,
1847,2026-05-27,SH601868,0.023321323096752167,EXP_LinearModel_Alpha158_csi300_custom_step0_s_20260527_16,74815d00235a494c823c27bceff974f9,0.102,,,
1848,2026-05-27,SH601857,0.024027157574892044,EXP_LinearModel_Alpha158_csi300_custom_step0_s_20260527_16,74815d00235a494c823c27bceff974f9,0.102,,,
1849,2026-05-27,SH601838,0.09051598608493805,EXP_LinearModel_Alpha158_csi300_custom_step0_s_20260527_16,74815d00235a494c823c27bceff974f9,0.102,,,
1850,2026-05-27,SH601825,-0.0449584536254406,EXP_LinearModel_Alpha158_csi300_custom_step0_s_20260527_16,74815d00235a494c823c27bceff974f9,0.102,,,
1851,2026-05-27,SH601328,0.02701410837471485,EXP_LinearModel_Alpha158_csi300_custom_step0_s_20260527_16,74815d00235a494c823c27bceff974f9,0.102,,,
1852,2026-05-27,SH601818,0.07194358855485916,EXP_LinearModel_Alpha158_csi300_custom_step0_s_20260527_16,74815d00235a494c823c27bceff974f9,0.102,,,
1853,2026-05-27,SH601808,-0.06292685866355896,EXP_LinearModel_Alpha158_csi300_custom_step0_s_20260527_16,74815d00235a494c823c27bceff974f9,0.102,,,
1854,2026-05-27,SH601800,-0.030437717214226723,EXP_LinearModel_Alpha158_csi300_custom_step0_s_20260527_16,74815d00235a494c823c27bceff974f9,0.102,,,
1855,2026-05-27,SH601788,0.016668546944856644,EXP_LinearModel_Alpha158_csi300_custom_step0_s_20260527_16,74815d00235a494c823c27bceff974f9,0.102,,,
1856,2026-05-27,SH601766,-0.04315398260951042,EXP_LinearModel_Alpha158_csi300_custom_step0_s_20260527_16,74815d00235a494c823c27bceff974f9,0.102,,,
1857,2026-05-27,SH601728,-0.06749662756919861,EXP_LinearModel_Alpha158_csi300_custom_step0_s_20260527_16,74815d00235a494c823c27bceff974f9,0.102,,,
1858,2026-05-27,SH601698,-0.03360649198293686,EXP_LinearModel_Alpha158_csi300_custom_step0_s_20260527_16,74815d00235a494c823c27bceff974f9,0.102,,,
1859,2026-05-27,SH601816,-0.03868703544139862,EXP_LinearModel_Alpha158_csi300_custom_step0_s_20260527_16,74815d00235a494c823c27bceff974f9,0.102,,,
1860,2026-05-27,SH601878,0.050418075174093246,EXP_LinearModel_Alpha158_csi300_custom_step0_s_20260527_16,74815d00235a494c823c27bceff974f9,0.102,,,
1861,2026-05-27,SH601319,0.0006170673295855522,EXP_LinearModel_Alpha158_csi300_custom_step0_s_20260527_16,74815d00235a494c823c27bceff974f9,0.102,,,
1862,2026-05-27,SH601298,0.013945270329713821,EXP_LinearModel_Alpha158_csi300_custom_step0_s_20260527_16,74815d00235a494c823c27bceff974f9,0.102,,,
1863,2026-05-27,SH600930,0.02149767056107521,EXP_LinearModel_Alpha158_csi300_custom_step0_s_20260527_16,74815d00235a494c823c27bceff974f9,0.102,,,
1864,2026-05-27,SH600938,0.03310462832450867,EXP_LinearModel_Alpha158_csi300_custom_step0_s_20260527_16,74815d00235a494c823c27bceff974f9,0.102,,,
1865,2026-05-27,SH600941,-0.03541960567235947,EXP_LinearModel_Alpha158_csi300_custom_step0_s_20260527_16,74815d00235a494c823c27bceff974f9,0.102,,,
1866,2026-05-27,SH600958,,EXP_LinearModel_Alpha158_csi300_custom_step0_s_20260527_16,74815d00235a494c823c27bceff974f9,0.102,,,
1867,2026-05-27,SH600989,0.01829766295850277,EXP_LinearModel_Alpha158_csi300_custom_step0_s_20260527_16,74815d00235a494c823c27bceff974f9,0.102,,,
1868,2026-05-27,SH600999,0.05140524357557297,EXP_LinearModel_Alpha158_csi300_custom_step0_s_20260527_16,74815d00235a494c823c27bceff974f9,0.102,,,
1869,2026-05-27,SH601006,0.00453310227021575,EXP_LinearModel_Alpha158_csi300_custom_step0_s_20260527_16,74815d00235a494c823c27bceff974f9,0.102,,,
1870,2026-05-27,SH601009,-0.031114395707845688,EXP_LinearModel_Alpha158_csi300_custom_step0_s_20260527_16,74815d00235a494c823c27bceff974f9,0.102,,,
1871,2026-05-27,SH601012,0.09562109410762787,EXP_LinearModel_Alpha158_csi300_custom_step0_s_20260527_16,74815d00235a494c823c27bceff974f9,0.102,,,
1872,2026-05-27,SH601018,0.05095447972416878,EXP_LinearModel_Alpha158_csi300_custom_step0_s_20260527_16,74815d00235a494c823c27bceff974f9,0.102,,,
1873,2026-05-27,SH601021,-0.016111968085169792,EXP_LinearModel_Alpha158_csi300_custom_step0_s_20260527_16,74815d00235a494c823c27bceff974f9,0.102,,,
1874,2026-05-27,SH601058,-0.061317507177591324,EXP_LinearModel_Alpha158_csi300_custom_step0_s_20260527_16,74815d00235a494c823c27bceff974f9,0.102,,,
1875,2026-05-27,SH601059,-0.009349665604531765,EXP_LinearModel_Alpha158_csi300_custom_step0_s_20260527_16,74815d00235a494c823c27bceff974f9,0.102,,,
1876,2026-05-27,SH601066,-0.04809444397687912,EXP_LinearModel_Alpha158_csi300_custom_step0_s_20260527_16,74815d00235a494c823c27bceff974f9,0.102,,,
1877,2026-05-27,SH601077,-0.05698820948600769,EXP_LinearModel_Alpha158_csi300_custom_step0_s_20260527_16,74815d00235a494c823c27bceff974f9,0.102,,,
1878,2026-05-27,SH601088,-0.0277396347373724,EXP_LinearModel_Alpha158_csi300_custom_step0_s_20260527_16,74815d00235a494c823c27bceff974f9,0.102,,,
1879,2026-05-27,SH601100,-0.0255594365298748,EXP_LinearModel_Alpha158_csi300_custom_step0_s_20260527_16,74815d00235a494c823c27bceff974f9,0.102,,,
1880,2026-05-27,SH601288,-0.0952182337641716,EXP_LinearModel_Alpha158_csi300_custom_step0_s_20260527_16,74815d00235a494c823c27bceff974f9,0.102,,,
1881,2026-05-27,SH601238,0.0652206763625145,EXP_LinearModel_Alpha158_csi300_custom_step0_s_20260527_16,74815d00235a494c823c27bceff974f9,0.102,,,
1882,2026-05-27,SH601236,0.004820061847567558,EXP_LinearModel_Alpha158_csi300_custom_step0_s_20260527_16,74815d00235a494c823c27bceff974f9,0.102,,,
1883,2026-05-27,SH601229,-0.03199741989374161,EXP_LinearModel_Alpha158_csi300_custom_step0_s_20260527_16,74815d00235a494c823c27bceff974f9,0.102,,,
1884,2026-05-27,SH601225,0.006133542396128178,EXP_LinearModel_Alpha158_csi300_custom_step0_s_20260527_16,74815d00235a494c823c27bceff974f9,0.102,,,
1885,2026-05-27,SH601211,-0.02134050987660885,EXP_LinearModel_Alpha158_csi300_custom_step0_s_20260527_16,74815d00235a494c823c27bceff974f9,0.102,,,
1886,2026-05-27,SH601318,0.006021611392498016,EXP_LinearModel_Alpha158_csi300_custom_step0_s_20260527_16,74815d00235a494c823c27bceff974f9,0.102,,,
1887,2026-05-27,SH601186,0.0051391590386629105,EXP_LinearModel_Alpha158_csi300_custom_step0_s_20260527_16,74815d00235a494c823c27bceff974f9,0.102,,,
1888,2026-05-27,SH601166,0.03284832090139389,EXP_LinearModel_Alpha158_csi300_custom_step0_s_20260527_16,74815d00235a494c823c27bceff974f9,0.102,,,
1889,2026-05-27,SH601138,0.012821468524634838,EXP_LinearModel_Alpha158_csi300_custom_step0_s_20260527_16,74815d00235a494c823c27bceff974f9,0.102,,,
1890,2026-05-27,SH601136,-0.04242709279060364,EXP_LinearModel_Alpha158_csi300_custom_step0_s_20260527_16,74815d00235a494c823c27bceff974f9,0.102,,,
1891,2026-05-27,SH601127,-0.03826700523495674,EXP_LinearModel_Alpha158_csi300_custom_step0_s_20260527_16,74815d00235a494c823c27bceff974f9,0.102,,,
1892,2026-05-27,SH601117,-0.01491226814687252,EXP_LinearModel_Alpha158_csi300_custom_step0_s_20260527_16,74815d00235a494c823c27bceff974f9,0.102,,,
1893,2026-05-27,SH601111,-0.0009488031500950456,EXP_LinearModel_Alpha158_csi300_custom_step0_s_20260527_16,74815d00235a494c823c27bceff974f9,0.102,,,
1894,2026-05-27,SH601169,0.014247670769691467,EXP_LinearModel_Alpha158_csi300_custom_step0_s_20260527_16,74815d00235a494c823c27bceff974f9,0.102,,,
1895,2026-05-27,SH601881,0.033019933849573135,EXP_LinearModel_Alpha158_csi300_custom_step0_s_20260527_16,74815d00235a494c823c27bceff974f9,0.102,,,
1896,2026-05-27,SH601888,0.01920342445373535,EXP_LinearModel_Alpha158_csi300_custom_step0_s_20260527_16,74815d00235a494c823c27bceff974f9,0.102,,,
1897,2026-05-27,SH601898,0.02800987847149372,EXP_LinearModel_Alpha158_csi300_custom_step0_s_20260527_16,74815d00235a494c823c27bceff974f9,0.102,,,
1898,2026-05-27,SH688256,0.04310264810919762,EXP_LinearModel_Alpha158_csi300_custom_step0_s_20260527_16,74815d00235a494c823c27bceff974f9,0.102,,,
1899,2026-05-27,SH688271,-0.041444286704063416,EXP_LinearModel_Alpha158_csi300_custom_step0_s_20260527_16,74815d00235a494c823c27bceff974f9,0.102,,,
1900,2026-05-27,SH688303,-0.021158941090106964,EXP_LinearModel_Alpha158_csi300_custom_step0_s_20260527_16,74815d00235a494c823c27bceff974f9,0.102,,,
1901,2026-05-27,SH688396,0.04775596037507057,EXP_LinearModel_Alpha158_csi300_custom_step0_s_20260527_16,74815d00235a494c823c27bceff974f9,0.102,,,
1902,2026-05-27,SH688472,-0.01573796384036541,EXP_LinearModel_Alpha158_csi300_custom_step0_s_20260527_16,74815d00235a494c823c27bceff974f9,0.102,,,
1903,2026-05-27,SH688506,-0.03759142756462097,EXP_LinearModel_Alpha158_csi300_custom_step0_s_20260527_16,74815d00235a494c823c27bceff974f9,0.102,,,
1904,2026-05-27,SH688981,-0.10518141090869904,EXP_LinearModel_Alpha158_csi300_custom_step0_s_20260527_16,74815d00235a494c823c27bceff974f9,0.102,,,
1905,2026-05-27,SZ000001,0.005178420338779688,EXP_LinearModel_Alpha158_csi300_custom_step0_s_20260527_16,74815d00235a494c823c27bceff974f9,0.102,,,
1906,2026-05-27,SZ000002,-0.04970942810177803,EXP_LinearModel_Alpha158_csi300_custom_step0_s_20260527_16,74815d00235a494c823c27bceff974f9,0.102,,,
1907,2026-05-27,SZ000063,0.07694771140813828,EXP_LinearModel_Alpha158_csi300_custom_step0_s_20260527_16,74815d00235a494c823c27bceff974f9,0.102,,,
1908,2026-05-27,SZ000100,-0.0428486242890358,EXP_LinearModel_Alpha158_csi300_custom_step0_s_20260527_16,74815d00235a494c823c27bceff974f9,0.102,,,
1909,2026-05-27,SZ000157,0.015587376430630684,EXP_LinearModel_Alpha158_csi300_custom_step0_s_20260527_16,74815d00235a494c823c27bceff974f9,0.102,,,
1910,2026-05-27,SZ000166,0.05522250384092331,EXP_LinearModel_Alpha158_csi300_custom_step0_s_20260527_16,74815d00235a494c823c27bceff974f9,0.102,,,
1911,2026-05-27,SZ000301,-0.0042345719411969185,EXP_LinearModel_Alpha158_csi300_custom_step0_s_20260527_16,74815d00235a494c823c27bceff974f9,0.102,,,
1912,2026-05-27,SZ000333,-0.06076657772064209,EXP_LinearModel_Alpha158_csi300_custom_step0_s_20260527_16,74815d00235a494c823c27bceff974f9,0.102,,,
1913,2026-05-27,SZ000338,0.06557716429233551,EXP_LinearModel_Alpha158_csi300_custom_step0_s_20260527_16,74815d00235a494c823c27bceff974f9,0.102,,,
1914,2026-05-27,SZ000408,0.045399151742458344,EXP_LinearModel_Alpha158_csi300_custom_step0_s_20260527_16,74815d00235a494c823c27bceff974f9,0.102,,,
1915,2026-05-27,SZ000786,-0.06654113531112671,EXP_LinearModel_Alpha158_csi300_custom_step0_s_20260527_16,74815d00235a494c823c27bceff974f9,0.102,,,
1916,2026-05-27,SZ000776,-0.011596105061471462,EXP_LinearModel_Alpha158_csi300_custom_step0_s_20260527_16,74815d00235a494c823c27bceff974f9,0.102,,,
1917,2026-05-27,SZ000768,-0.06839298456907272,EXP_LinearModel_Alpha158_csi300_custom_step0_s_20260527_16,74815d00235a494c823c27bceff974f9,0.102,,,
1918,2026-05-27,SZ000725,-0.18076668679714203,EXP_LinearModel_Alpha158_csi300_custom_step0_s_20260527_16,74815d00235a494c823c27bceff974f9,0.102,,,
1919,2026-05-27,SZ000708,0.03222223371267319,EXP_LinearModel_Alpha158_csi300_custom_step0_s_20260527_16,74815d00235a494c823c27bceff974f9,0.102,,,
1920,2026-05-27,SZ000661,-0.09888825565576553,EXP_LinearModel_Alpha158_csi300_custom_step0_s_20260527_16,74815d00235a494c823c27bceff974f9,0.102,,,
1921,2026-05-27,SH688223,0.02289024367928505,EXP_LinearModel_Alpha158_csi300_custom_step0_s_20260527_16,74815d00235a494c823c27bceff974f9,0.102,,,
1922,2026-05-27,SZ000651,0.0099489102140069,EXP_LinearModel_Alpha158_csi300_custom_step0_s_20260527_16,74815d00235a494c823c27bceff974f9,0.102,,,
1923,2026-05-27,SZ000625,0.01691415160894394,EXP_LinearModel_Alpha158_csi300_custom_step0_s_20260527_16,74815d00235a494c823c27bceff974f9,0.102,,,
1924,2026-05-27,SZ000617,-0.04193156585097313,EXP_LinearModel_Alpha158_csi300_custom_step0_s_20260527_16,74815d00235a494c823c27bceff974f9,0.102,,,
1925,2026-05-27,SZ000596,-0.005636728368699551,EXP_LinearModel_Alpha158_csi300_custom_step0_s_20260527_16,74815d00235a494c823c27bceff974f9,0.102,,,
1926,2026-05-27,SZ000568,0.019652053713798523,EXP_LinearModel_Alpha158_csi300_custom_step0_s_20260527_16,74815d00235a494c823c27bceff974f9,0.102,,,
1927,2026-05-27,SZ000538,-0.03224416449666023,EXP_LinearModel_Alpha158_csi300_custom_step0_s_20260527_16,74815d00235a494c823c27bceff974f9,0.102,,,
1928,2026-05-27,SZ000425,-0.03904874622821808,EXP_LinearModel_Alpha158_csi300_custom_step0_s_20260527_16,74815d00235a494c823c27bceff974f9,0.102,,,
1929,2026-05-27,SZ000630,-0.09545163810253143,EXP_LinearModel_Alpha158_csi300_custom_step0_s_20260527_16,74815d00235a494c823c27bceff974f9,0.102,,,
1930,2026-05-27,SH688187,0.014532042667269707,EXP_LinearModel_Alpha158_csi300_custom_step0_s_20260527_16,74815d00235a494c823c27bceff974f9,0.102,,,
1931,2026-05-27,SH688169,-0.05603049695491791,EXP_LinearModel_Alpha158_csi300_custom_step0_s_20260527_16,74815d00235a494c823c27bceff974f9,0.102,,,
1932,2026-05-27,SH688126,0.014721069484949112,EXP_LinearModel_Alpha158_csi300_custom_step0_s_20260527_16,74815d00235a494c823c27bceff974f9,0.102,,,
1933,2026-05-27,SH603288,-0.08366790413856506,EXP_LinearModel_Alpha158_csi300_custom_step0_s_20260527_16,74815d00235a494c823c27bceff974f9,0.102,,,
1934,2026-05-27,SH603260,-0.04873647168278694,EXP_LinearModel_Alpha158_csi300_custom_step0_s_20260527_16,74815d00235a494c823c27bceff974f9,0.102,,,
1935,2026-05-27,SH603259,0.0849757045507431,EXP_LinearModel_Alpha158_csi300_custom_step0_s_20260527_16,74815d00235a494c823c27bceff974f9,0.102,,,
1936,2026-05-27,SH603195,0.027863983064889908,EXP_LinearModel_Alpha158_csi300_custom_step0_s_20260527_16,74815d00235a494c823c27bceff974f9,0.102,,,
1937,2026-05-27,SH603019,0.06338310241699219,EXP_LinearModel_Alpha158_csi300_custom_step0_s_20260527_16,74815d00235a494c823c27bceff974f9,0.102,,,
1938,2026-05-27,SH601998,-0.06952118873596191,EXP_LinearModel_Alpha158_csi300_custom_step0_s_20260527_16,74815d00235a494c823c27bceff974f9,0.102,,,
1939,2026-05-27,SH603296,0.015711229294538498,EXP_LinearModel_Alpha158_csi300_custom_step0_s_20260527_16,74815d00235a494c823c27bceff974f9,0.102,,,
1940,2026-05-27,SH601995,0.02603665180504322,EXP_LinearModel_Alpha158_csi300_custom_step0_s_20260527_16,74815d00235a494c823c27bceff974f9,0.102,,,
1941,2026-05-27,SH601985,-0.01027095690369606,EXP_LinearModel_Alpha158_csi300_custom_step0_s_20260527_16,74815d00235a494c823c27bceff974f9,0.102,,,
1942,2026-05-27,SH601939,0.014049725607037544,EXP_LinearModel_Alpha158_csi300_custom_step0_s_20260527_16,74815d00235a494c823c27bceff974f9,0.102,,,
1943,2026-05-27,SH601919,-0.024824658408761024,EXP_LinearModel_Alpha158_csi300_custom_step0_s_20260527_16,74815d00235a494c823c27bceff974f9,0.102,,,
1944,2026-05-27,SH601916,0.07081189751625061,EXP_LinearModel_Alpha158_csi300_custom_step0_s_20260527_16,74815d00235a494c823c27bceff974f9,0.102,,,
1945,2026-05-27,SH601901,0.10227180272340775,EXP_LinearModel_Alpha158_csi300_custom_step0_s_20260527_16,74815d00235a494c823c27bceff974f9,0.102,,,
1946,2026-05-27,SH601899,-0.00040814769454300404,EXP_LinearModel_Alpha158_csi300_custom_step0_s_20260527_16,74815d00235a494c823c27bceff974f9,0.102,,,
1947,2026-05-27,SH601988,0.05864185839891434,EXP_LinearModel_Alpha158_csi300_custom_step0_s_20260527_16,74815d00235a494c823c27bceff974f9,0.102,,,
1948,2026-05-27,SH600570,0.06831177324056625,EXP_LinearModel_Alpha158_csi300_custom_step0_s_20260527_16,a062b48b4ad04adb973419aa465b2916,0.1,,,
1949,2026-05-27,SH603369,0.018470678478479385,EXP_LinearModel_Alpha158_csi300_custom_step0_s_20260527_16,74815d00235a494c823c27bceff974f9,0.102,,,
1950,2026-05-27,SH603501,-0.00397731177508831,EXP_LinearModel_Alpha158_csi300_custom_step0_s_20260527_16,74815d00235a494c823c27bceff974f9,0.102,,,
1951,2026-05-27,SH688111,-0.05973362177610397,EXP_LinearModel_Alpha158_csi300_custom_step0_s_20260527_16,74815d00235a494c823c27bceff974f9,0.102,,,
1952,2026-05-27,SH688082,-0.02337733656167984,EXP_LinearModel_Alpha158_csi300_custom_step0_s_20260527_16,74815d00235a494c823c27bceff974f9,0.102,,,
1953,2026-05-27,SH688047,0.09333464503288269,EXP_LinearModel_Alpha158_csi300_custom_step0_s_20260527_16,74815d00235a494c823c27bceff974f9,0.102,,,
1954,2026-05-27,SH688041,0.10998426377773285,EXP_LinearModel_Alpha158_csi300_custom_step0_s_20260527_16,74815d00235a494c823c27bceff974f9,0.102,,,
1955,2026-05-27,SH688036,0.005673034116625786,EXP_LinearModel_Alpha158_csi300_custom_step0_s_20260527_16,74815d00235a494c823c27bceff974f9,0.102,,,
1956,2026-05-27,SH688012,0.1617666780948639,EXP_LinearModel_Alpha158_csi300_custom_step0_s_20260527_16,74815d00235a494c823c27bceff974f9,0.102,,,
1957,2026-05-27,SH603392,-0.10669522732496262,EXP_LinearModel_Alpha158_csi300_custom_step0_s_20260527_16,74815d00235a494c823c27bceff974f9,0.102,,,
1958,2026-05-27,SH688009,0.01094598975032568,EXP_LinearModel_Alpha158_csi300_custom_step0_s_20260527_16,74815d00235a494c823c27bceff974f9,0.102,,,
1959,2026-05-27,SH605499,-0.08169795572757721,EXP_LinearModel_Alpha158_csi300_custom_step0_s_20260527_16,74815d00235a494c823c27bceff974f9,0.102,,,
1960,2026-05-27,SH605117,0.010216042399406433,EXP_LinearModel_Alpha158_csi300_custom_step0_s_20260527_16,74815d00235a494c823c27bceff974f9,0.102,,,
1961,2026-05-27,SH603993,-0.07620425522327423,EXP_LinearModel_Alpha158_csi300_custom_step0_s_20260527_16,74815d00235a494c823c27bceff974f9,0.102,,,
1962,2026-05-27,SH603986,-0.00774152297526598,EXP_LinearModel_Alpha158_csi300_custom_step0_s_20260527_16,74815d00235a494c823c27bceff974f9,0.102,,,
1963,2026-05-27,SH603893,-0.01946870982646942,EXP_LinearModel_Alpha158_csi300_custom_step0_s_20260527_16,74815d00235a494c823c27bceff974f9,0.102,,,
1964,2026-05-27,SH603799,-0.01803761161863804,EXP_LinearModel_Alpha158_csi300_custom_step0_s_20260527_16,74815d00235a494c823c27bceff974f9,0.102,,,
1965,2026-05-27,SH688008,0.12690094113349915,EXP_LinearModel_Alpha158_csi300_custom_step0_s_20260527_16,74815d00235a494c823c27bceff974f9,0.102,,,
1966,2026-05-27,SH600584,0.1776917725801468,EXP_LinearModel_Alpha158_csi300_custom_step0_s_20260527_16,a062b48b4ad04adb973419aa465b2916,0.1,,,
1967,2026-05-27,SH600585,-0.007931927219033241,EXP_LinearModel_Alpha158_csi300_custom_step0_s_20260527_16,a062b48b4ad04adb973419aa465b2916,0.1,,,
1968,2026-05-27,SH600588,0.06816191971302032,EXP_LinearModel_Alpha158_csi300_custom_step0_s_20260527_16,a062b48b4ad04adb973419aa465b2916,0.1,,,
1969,2026-05-27,SZ002142,-0.028188781812787056,EXP_LinearModel_Alpha158_csi300_custom_step0_s_20260527_16,a062b48b4ad04adb973419aa465b2916,0.1,,,
1970,2026-05-27,SZ002179,0.18064583837985992,EXP_LinearModel_Alpha158_csi300_custom_step0_s_20260527_16,a062b48b4ad04adb973419aa465b2916,0.1,,,
1971,2026-05-27,SZ002230,0.08577622473239899,EXP_LinearModel_Alpha158_csi300_custom_step0_s_20260527_16,a062b48b4ad04adb973419aa465b2916,0.1,,,
1972,2026-05-27,SZ002236,0.09559614211320877,EXP_LinearModel_Alpha158_csi300_custom_step0_s_20260527_16,a062b48b4ad04adb973419aa465b2916,0.1,,,
1973,2026-05-27,SZ002241,0.15819993615150452,EXP_LinearModel_Alpha158_csi300_custom_step0_s_20260527_16,a062b48b4ad04adb973419aa465b2916,0.1,,,
1974,2026-05-27,SZ002252,0.012231690809130669,EXP_LinearModel_Alpha158_csi300_custom_step0_s_20260527_16,a062b48b4ad04adb973419aa465b2916,0.1,,,
1975,2026-05-27,SZ002304,-0.12455465644598007,EXP_LinearModel_Alpha158_csi300_custom_step0_s_20260527_16,a062b48b4ad04adb973419aa465b2916,0.1,,,
1976,2026-05-27,SZ002311,-0.11298847943544388,EXP_LinearModel_Alpha158_csi300_custom_step0_s_20260527_16,a062b48b4ad04adb973419aa465b2916,0.1,,,
1977,2026-05-27,SZ002352,-0.05342571437358856,EXP_LinearModel_Alpha158_csi300_custom_step0_s_20260527_16,a062b48b4ad04adb973419aa465b2916,0.1,,,
1978,2026-05-27,SZ002371,0.29501527547836304,EXP_LinearModel_Alpha158_csi300_custom_step0_s_20260527_16,a062b48b4ad04adb973419aa465b2916,0.1,,,
1979,2026-05-27,SZ002384,0.49522367119789124,EXP_LinearModel_Alpha158_csi300_custom_step0_s_20260527_16,a062b48b4ad04adb973419aa465b2916,0.1,,,
1980,2026-05-27,SZ002415,0.054032500833272934,EXP_LinearModel_Alpha158_csi300_custom_step0_s_20260527_16,a062b48b4ad04adb973419aa465b2916,0.1,,,
1981,2026-05-27,SZ002422,0.0171614158898592,EXP_LinearModel_Alpha158_csi300_custom_step0_s_20260527_16,a062b48b4ad04adb973419aa465b2916,0.1,,,
1982,2026-05-27,SZ002459,0.11629819869995117,EXP_LinearModel_Alpha158_csi300_custom_step0_s_20260527_16,a062b48b4ad04adb973419aa465b2916,0.1,,,
1983,2026-05-27,SZ002460,0.10858802497386932,EXP_LinearModel_Alpha158_csi300_custom_step0_s_20260527_16,a062b48b4ad04adb973419aa465b2916,0.1,,,
1984,2026-05-27,SZ002463,0.1834053099155426,EXP_LinearModel_Alpha158_csi300_custom_step0_s_20260527_16,a062b48b4ad04adb973419aa465b2916,0.1,,,
1985,2026-05-27,SZ002466,0.13730446994304657,EXP_LinearModel_Alpha158_csi300_custom_step0_s_20260527_16,a062b48b4ad04adb973419aa465b2916,0.1,,,
1986,2026-05-27,SZ003816,0.04104294627904892,EXP_LinearModel_Alpha158_csi300_custom_step0_s_20260527_16,a062b48b4ad04adb973419aa465b2916,0.1,,,
1987,2026-05-27,SZ002938,-0.0025756508111953735,EXP_LinearModel_Alpha158_csi300_custom_step0_s_20260527_16,a062b48b4ad04adb973419aa465b2916,0.1,,,
1988,2026-05-27,SZ002920,0.1216607466340065,EXP_LinearModel_Alpha158_csi300_custom_step0_s_20260527_16,a062b48b4ad04adb973419aa465b2916,0.1,,,
1989,2026-05-27,SZ002916,0.2084299474954605,EXP_LinearModel_Alpha158_csi300_custom_step0_s_20260527_16,a062b48b4ad04adb973419aa465b2916,0.1,,,
1990,2026-05-27,SZ002736,-0.04654094949364662,EXP_LinearModel_Alpha158_csi300_custom_step0_s_20260527_16,a062b48b4ad04adb973419aa465b2916,0.1,,,
1991,2026-05-27,SZ002714,-0.0778723955154419,EXP_LinearModel_Alpha158_csi300_custom_step0_s_20260527_16,a062b48b4ad04adb973419aa465b2916,0.1,,,
1992,2026-05-27,SZ002074,0.069632388651371,EXP_LinearModel_Alpha158_csi300_custom_step0_s_20260527_16,a062b48b4ad04adb973419aa465b2916,0.1,,,
1993,2026-05-27,SZ002709,0.14991123974323273,EXP_LinearModel_Alpha158_csi300_custom_step0_s_20260527_16,a062b48b4ad04adb973419aa465b2916,0.1,,,
1994,2026-05-27,SZ002625,0.10530054569244385,EXP_LinearModel_Alpha158_csi300_custom_step0_s_20260527_16,a062b48b4ad04adb973419aa465b2916,0.1,,,
1995,2026-05-27,SZ002601,0.037248559296131134,EXP_LinearModel_Alpha158_csi300_custom_step0_s_20260527_16,a062b48b4ad04adb973419aa465b2916,0.1,,,
1996,2026-05-27,SZ002600,-0.03401007130742073,EXP_LinearModel_Alpha158_csi300_custom_step0_s_20260527_16,a062b48b4ad04adb973419aa465b2916,0.1,,,
1997,2026-05-27,SZ002594,0.05646619200706482,EXP_LinearModel_Alpha158_csi300_custom_step0_s_20260527_16,a062b48b4ad04adb973419aa465b2916,0.1,,,
1998,2026-05-27,SZ002493,0.34331953525543213,EXP_LinearModel_Alpha158_csi300_custom_step0_s_20260527_16,a062b48b4ad04adb973419aa465b2916,0.1,,,
1999,2026-05-27,SZ002475,0.35813233256340027,EXP_LinearModel_Alpha158_csi300_custom_step0_s_20260527_16,a062b48b4ad04adb973419aa465b2916,0.1,,,
2000,2026-05-27,SZ002648,0.046051181852817535,EXP_LinearModel_Alpha158_csi300_custom_step0_s_20260527_16,a062b48b4ad04adb973419aa465b2916,0.1,,,
2001,2026-05-27,SZ300014,0.12538649141788483,EXP_LinearModel_Alpha158_csi300_custom_step0_s_20260527_16,a062b48b4ad04adb973419aa465b2916,0.1,,,
2002,2026-05-27,SZ002050,0.13469654321670532,EXP_LinearModel_Alpha158_csi300_custom_step0_s_20260527_16,a062b48b4ad04adb973419aa465b2916,0.1,,,
2003,2026-05-27,SZ002028,0.032513055950403214,EXP_LinearModel_Alpha158_csi300_custom_step0_s_20260527_16,a062b48b4ad04adb973419aa465b2916,0.1,,,
2004,2026-05-27,SZ000408,0.0513119101524353,EXP_LinearModel_Alpha158_csi300_custom_step0_s_20260527_16,a062b48b4ad04adb973419aa465b2916,0.1,,,
2005,2026-05-27,SZ000425,0.02798992022871971,EXP_LinearModel_Alpha158_csi300_custom_step0_s_20260527_16,a062b48b4ad04adb973419aa465b2916,0.1,,,
2006,2026-05-27,SZ000538,-0.10796844214200974,EXP_LinearModel_Alpha158_csi300_custom_step0_s_20260527_16,a062b48b4ad04adb973419aa465b2916,0.1,,,
2007,2026-05-27,SZ000568,-0.12203303724527359,EXP_LinearModel_Alpha158_csi300_custom_step0_s_20260527_16,a062b48b4ad04adb973419aa465b2916,0.1,,,
2008,2026-05-27,SZ000596,-0.05848153680562973,EXP_LinearModel_Alpha158_csi300_custom_step0_s_20260527_16,a062b48b4ad04adb973419aa465b2916,0.1,,,
2009,2026-05-27,SZ000617,0.1593291163444519,EXP_LinearModel_Alpha158_csi300_custom_step0_s_20260527_16,a062b48b4ad04adb973419aa465b2916,0.1,,,
2010,2026-05-27,SZ000625,-0.12506824731826782,EXP_LinearModel_Alpha158_csi300_custom_step0_s_20260527_16,a062b48b4ad04adb973419aa465b2916,0.1,,,
2011,2026-05-27,SZ000630,0.13508930802345276,EXP_LinearModel_Alpha158_csi300_custom_step0_s_20260527_16,a062b48b4ad04adb973419aa465b2916,0.1,,,
2012,2026-05-27,SZ000651,-0.04027463495731354,EXP_LinearModel_Alpha158_csi300_custom_step0_s_20260527_16,a062b48b4ad04adb973419aa465b2916,0.1,,,
2013,2026-05-27,SZ000661,-0.05657470226287842,EXP_LinearModel_Alpha158_csi300_custom_step0_s_20260527_16,a062b48b4ad04adb973419aa465b2916,0.1,,,
2014,2026-05-27,SZ000708,-0.05265222489833832,EXP_LinearModel_Alpha158_csi300_custom_step0_s_20260527_16,a062b48b4ad04adb973419aa465b2916,0.1,,,
2015,2026-05-27,SZ000725,-0.09879598021507263,EXP_LinearModel_Alpha158_csi300_custom_step0_s_20260527_16,a062b48b4ad04adb973419aa465b2916,0.1,,,
2016,2026-05-27,SZ000768,0.12098342180252075,EXP_LinearModel_Alpha158_csi300_custom_step0_s_20260527_16,a062b48b4ad04adb973419aa465b2916,0.1,,,
2017,2026-05-27,SZ000776,0.04011528939008713,EXP_LinearModel_Alpha158_csi300_custom_step0_s_20260527_16,a062b48b4ad04adb973419aa465b2916,0.1,,,
2018,2026-05-27,SZ000786,-0.009930260479450226,EXP_LinearModel_Alpha158_csi300_custom_step0_s_20260527_16,a062b48b4ad04adb973419aa465b2916,0.1,,,
2019,2026-05-27,SZ000792,0.03584375977516174,EXP_LinearModel_Alpha158_csi300_custom_step0_s_20260527_16,a062b48b4ad04adb973419aa465b2916,0.1,,,
2020,2026-05-27,SZ000807,-0.03526543080806732,EXP_LinearModel_Alpha158_csi300_custom_step0_s_20260527_16,a062b48b4ad04adb973419aa465b2916,0.1,,,
2021,2026-05-27,SZ002027,-0.011895019561052322,EXP_LinearModel_Alpha158_csi300_custom_step0_s_20260527_16,a062b48b4ad04adb973419aa465b2916,0.1,,,
2022,2026-05-27,SZ002001,-0.060631632804870605,EXP_LinearModel_Alpha158_csi300_custom_step0_s_20260527_16,a062b48b4ad04adb973419aa465b2916,0.1,,,
2023,2026-05-27,SZ001979,-0.030705509707331657,EXP_LinearModel_Alpha158_csi300_custom_step0_s_20260527_16,a062b48b4ad04adb973419aa465b2916,0.1,,,
2024,2026-05-27,SZ001965,0.04908793419599533,EXP_LinearModel_Alpha158_csi300_custom_step0_s_20260527_16,a062b48b4ad04adb973419aa465b2916,0.1,,,
2025,2026-05-27,SZ001391,-0.1371004283428192,EXP_LinearModel_Alpha158_csi300_custom_step0_s_20260527_16,a062b48b4ad04adb973419aa465b2916,0.1,,,
2026,2026-05-27,SZ000999,-0.034522589296102524,EXP_LinearModel_Alpha158_csi300_custom_step0_s_20260527_16,a062b48b4ad04adb973419aa465b2916,0.1,,,
2027,2026-05-27,SZ002049,0.2593197524547577,EXP_LinearModel_Alpha158_csi300_custom_step0_s_20260527_16,a062b48b4ad04adb973419aa465b2916,0.1,,,
2028,2026-05-27,SZ000983,0.07588445395231247,EXP_LinearModel_Alpha158_csi300_custom_step0_s_20260527_16,a062b48b4ad04adb973419aa465b2916,0.1,,,
2029,2026-05-27,SZ000975,-0.08184406906366348,EXP_LinearModel_Alpha158_csi300_custom_step0_s_20260527_16,a062b48b4ad04adb973419aa465b2916,0.1,,,
2030,2026-05-27,SZ000963,-0.05428413301706314,EXP_LinearModel_Alpha158_csi300_custom_step0_s_20260527_16,a062b48b4ad04adb973419aa465b2916,0.1,,,
2031,2026-05-27,SZ000938,0.29527562856674194,EXP_LinearModel_Alpha158_csi300_custom_step0_s_20260527_16,a062b48b4ad04adb973419aa465b2916,0.1,,,
2032,2026-05-27,SZ000895,0.038940757513046265,EXP_LinearModel_Alpha158_csi300_custom_step0_s_20260527_16,a062b48b4ad04adb973419aa465b2916,0.1,,,
2033,2026-05-27,SZ000876,-0.03320740535855293,EXP_LinearModel_Alpha158_csi300_custom_step0_s_20260527_16,a062b48b4ad04adb973419aa465b2916,0.1,,,
2034,2026-05-27,SZ000858,-0.1900457739830017,EXP_LinearModel_Alpha158_csi300_custom_step0_s_20260527_16,a062b48b4ad04adb973419aa465b2916,0.1,,,
2035,2026-05-27,SZ000977,0.2133033573627472,EXP_LinearModel_Alpha158_csi300_custom_step0_s_20260527_16,a062b48b4ad04adb973419aa465b2916,0.1,,,
2036,2026-05-27,SZ300015,0.20636172592639923,EXP_LinearModel_Alpha158_csi300_custom_step0_s_20260527_16,a062b48b4ad04adb973419aa465b2916,0.1,,,
2037,2026-05-27,SZ300033,0.07196211814880371,EXP_LinearModel_Alpha158_csi300_custom_step0_s_20260527_16,a062b48b4ad04adb973419aa465b2916,0.1,,,
2038,2026-05-27,SZ300059,0.07423973083496094,EXP_LinearModel_Alpha158_csi300_custom_step0_s_20260527_16,a062b48b4ad04adb973419aa465b2916,0.1,,,
2039,2026-05-27,SH600016,0.05155877768993378,EXP_XGBModel_Alpha158_csi300_custom_step0_s_20260527_16,84eb318de11f436d9fd1c5f8766f128b,0.054,,,
2040,2026-05-27,SH600018,0.06092843413352966,EXP_XGBModel_Alpha158_csi300_custom_step0_s_20260527_16,84eb318de11f436d9fd1c5f8766f128b,0.054,,,
2041,2026-05-27,SH600019,-0.014864634722471237,EXP_XGBModel_Alpha158_csi300_custom_step0_s_20260527_16,84eb318de11f436d9fd1c5f8766f128b,0.054,,,
2042,2026-05-27,SH600023,-0.03144482150673866,EXP_XGBModel_Alpha158_csi300_custom_step0_s_20260527_16,84eb318de11f436d9fd1c5f8766f128b,0.054,,,
2043,2026-05-27,SH600025,0.003760326188057661,EXP_XGBModel_Alpha158_csi300_custom_step0_s_20260527_16,84eb318de11f436d9fd1c5f8766f128b,0.054,,,
2044,2026-05-27,SH600026,-0.05853375792503357,EXP_XGBModel_Alpha158_csi300_custom_step0_s_20260527_16,84eb318de11f436d9fd1c5f8766f128b,0.054,,,
2045,2026-05-27,SH600027,-0.028610385954380035,EXP_XGBModel_Alpha158_csi300_custom_step0_s_20260527_16,84eb318de11f436d9fd1c5f8766f128b,0.054,,,
2046,2026-05-27,SH600028,-0.047157980501651764,EXP_XGBModel_Alpha158_csi300_custom_step0_s_20260527_16,84eb318de11f436d9fd1c5f8766f128b,0.054,,,
2047,2026-05-27,SH600029,-0.0406302809715271,EXP_XGBModel_Alpha158_csi300_custom_step0_s_20260527_16,84eb318de11f436d9fd1c5f8766f128b,0.054,,,
2048,2026-05-27,SH600030,0.02204151451587677,EXP_XGBModel_Alpha158_csi300_custom_step0_s_20260527_16,84eb318de11f436d9fd1c5f8766f128b,0.054,,,
2049,2026-05-27,SH600031,-0.042306531220674515,EXP_XGBModel_Alpha158_csi300_custom_step0_s_20260527_16,84eb318de11f436d9fd1c5f8766f128b,0.054,,,
2050,2026-05-27,SH600036,0.015704438090324402,EXP_XGBModel_Alpha158_csi300_custom_step0_s_20260527_16,84eb318de11f436d9fd1c5f8766f128b,0.054,,,
2051,2026-05-27,SH600039,-0.010566940531134605,EXP_XGBModel_Alpha158_csi300_custom_step0_s_20260527_16,84eb318de11f436d9fd1c5f8766f128b,0.054,,,
2052,2026-05-27,SH600048,-0.04041598364710808,EXP_XGBModel_Alpha158_csi300_custom_step0_s_20260527_16,84eb318de11f436d9fd1c5f8766f128b,0.054,,,
2053,2026-05-27,SH600050,-0.023072578012943268,EXP_XGBModel_Alpha158_csi300_custom_step0_s_20260527_16,84eb318de11f436d9fd1c5f8766f128b,0.054,,,
2054,2026-05-27,SH600061,0.019137227907776833,EXP_XGBModel_Alpha158_csi300_custom_step0_s_20260527_16,84eb318de11f436d9fd1c5f8766f128b,0.054,,,
2055,2026-05-27,SH600066,0.0014489927561953664,EXP_XGBModel_Alpha158_csi300_custom_step0_s_20260527_16,84eb318de11f436d9fd1c5f8766f128b,0.054,,,
2056,2026-05-27,SH600233,-0.011693334206938744,EXP_XGBModel_Alpha158_csi300_custom_step0_s_20260527_16,84eb318de11f436d9fd1c5f8766f128b,0.054,,,
2057,2026-05-27,SH600219,-0.10815531760454178,EXP_XGBModel_Alpha158_csi300_custom_step0_s_20260527_16,84eb318de11f436d9fd1c5f8766f128b,0.054,,,
2058,2026-05-27,SH600196,-0.019840426743030548,EXP_XGBModel_Alpha158_csi300_custom_step0_s_20260527_16,84eb318de11f436d9fd1c5f8766f128b,0.054,,,
2059,2026-05-27,SH600188,-0.03758184611797333,EXP_XGBModel_Alpha158_csi300_custom_step0_s_20260527_16,84eb318de11f436d9fd1c5f8766f128b,0.054,,,
2060,2026-05-27,SH600183,0.02213847078382969,EXP_XGBModel_Alpha158_csi300_custom_step0_s_20260527_16,84eb318de11f436d9fd1c5f8766f128b,0.054,,,
2061,2026-05-27,SH600176,-0.04222071170806885,EXP_XGBModel_Alpha158_csi300_custom_step0_s_20260527_16,84eb318de11f436d9fd1c5f8766f128b,0.054,,,
2062,2026-05-27,SH600015,0.006503787357360125,EXP_XGBModel_Alpha158_csi300_custom_step0_s_20260527_16,84eb318de11f436d9fd1c5f8766f128b,0.054,,,
2063,2026-05-27,SH600161,-0.015067731961607933,EXP_XGBModel_Alpha158_csi300_custom_step0_s_20260527_16,84eb318de11f436d9fd1c5f8766f128b,0.054,,,
2064,2026-05-27,SH600150,0.00031692913034930825,EXP_XGBModel_Alpha158_csi300_custom_step0_s_20260527_16,84eb318de11f436d9fd1c5f8766f128b,0.054,,,
2065,2026-05-27,SH600115,-0.05364489555358887,EXP_XGBModel_Alpha158_csi300_custom_step0_s_20260527_16,84eb318de11f436d9fd1c5f8766f128b,0.054,,,
2066,2026-05-27,SH600111,-0.0706765428185463,EXP_XGBModel_Alpha158_csi300_custom_step0_s_20260527_16,84eb318de11f436d9fd1c5f8766f128b,0.054,,,
2067,2026-05-27,SH600104,0.001876985072158277,EXP_XGBModel_Alpha158_csi300_custom_step0_s_20260527_16,84eb318de11f436d9fd1c5f8766f128b,0.054,,,
2068,2026-05-27,SH600089,-0.03738284111022949,EXP_XGBModel_Alpha158_csi300_custom_step0_s_20260527_16,84eb318de11f436d9fd1c5f8766f128b,0.054,,,
2069,2026-05-27,SH600085,-0.050771038979291916,EXP_XGBModel_Alpha158_csi300_custom_step0_s_20260527_16,84eb318de11f436d9fd1c5f8766f128b,0.054,,,
2070,2026-05-27,SH600160,-0.09644686430692673,EXP_XGBModel_Alpha158_csi300_custom_step0_s_20260527_16,84eb318de11f436d9fd1c5f8766f128b,0.054,,,
2071,2026-05-27,SH600011,-0.025921989232301712,EXP_XGBModel_Alpha158_csi300_custom_step0_s_20260527_16,84eb318de11f436d9fd1c5f8766f128b,0.054,,,
2072,2026-05-27,SH600010,-0.05651272460818291,EXP_XGBModel_Alpha158_csi300_custom_step0_s_20260527_16,84eb318de11f436d9fd1c5f8766f128b,0.054,,,
2073,2026-05-27,SH600009,0.025749268010258675,EXP_XGBModel_Alpha158_csi300_custom_step0_s_20260527_16,84eb318de11f436d9fd1c5f8766f128b,0.054,,,
2074,2026-05-27,SZ300476,0.29711833596229553,EXP_LinearModel_Alpha158_csi300_custom_step0_s_20260527_16,a062b48b4ad04adb973419aa465b2916,0.1,,,
2075,2026-05-27,SZ300442,0.06955071538686752,EXP_LinearModel_Alpha158_csi300_custom_step0_s_20260527_16,a062b48b4ad04adb973419aa465b2916,0.1,,,
2076,2026-05-27,SZ300433,0.1793055683374405,EXP_LinearModel_Alpha158_csi300_custom_step0_s_20260527_16,a062b48b4ad04adb973419aa465b2916,0.1,,,
2077,2026-05-27,SZ300418,0.07800841331481934,EXP_LinearModel_Alpha158_csi300_custom_step0_s_20260527_16,a062b48b4ad04adb973419aa465b2916,0.1,,,
2078,2026-05-27,SZ300413,0.029911400750279427,EXP_LinearModel_Alpha158_csi300_custom_step0_s_20260527_16,a062b48b4ad04adb973419aa465b2916,0.1,,,
2079,2026-05-27,SZ300408,0.2805019021034241,EXP_LinearModel_Alpha158_csi300_custom_step0_s_20260527_16,a062b48b4ad04adb973419aa465b2916,0.1,,,
2080,2026-05-27,SZ300498,-0.13504889607429504,EXP_LinearModel_Alpha158_csi300_custom_step0_s_20260527_16,a062b48b4ad04adb973419aa465b2916,0.1,,,
2081,2026-05-27,SZ300394,0.146208256483078,EXP_LinearModel_Alpha158_csi300_custom_step0_s_20260527_16,a062b48b4ad04adb973419aa465b2916,0.1,,,
2082,2026-05-27,SZ300316,0.19474241137504578,EXP_LinearModel_Alpha158_csi300_custom_step0_s_20260527_16,a062b48b4ad04adb973419aa465b2916,0.1,,,
2083,2026-05-27,SZ300308,0.16684162616729736,EXP_LinearModel_Alpha158_csi300_custom_step0_s_20260527_16,a062b48b4ad04adb973419aa465b2916,0.1,,,
2084,2026-05-27,SZ300274,0.22280719876289368,EXP_LinearModel_Alpha158_csi300_custom_step0_s_20260527_16,a062b48b4ad04adb973419aa465b2916,0.1,,,
2085,2026-05-27,SZ300251,0.2538308799266815,EXP_LinearModel_Alpha158_csi300_custom_step0_s_20260527_16,a062b48b4ad04adb973419aa465b2916,0.1,,,
2086,2026-05-27,SZ300124,0.1340920627117157,EXP_LinearModel_Alpha158_csi300_custom_step0_s_20260527_16,a062b48b4ad04adb973419aa465b2916,0.1,,,
2087,2026-05-27,SZ300122,-0.023344961926341057,EXP_LinearModel_Alpha158_csi300_custom_step0_s_20260527_16,a062b48b4ad04adb973419aa465b2916,0.1,,,
2088,2026-05-27,SZ300347,0.12060412764549255,EXP_LinearModel_Alpha158_csi300_custom_step0_s_20260527_16,a062b48b4ad04adb973419aa465b2916,0.1,,,
2089,2026-05-27,SZ000338,0.2729019224643707,EXP_LinearModel_Alpha158_csi300_custom_step0_s_20260527_16,a062b48b4ad04adb973419aa465b2916,0.1,,,
2090,2026-05-27,SZ300502,0.09691288322210312,EXP_LinearModel_Alpha158_csi300_custom_step0_s_20260527_16,a062b48b4ad04adb973419aa465b2916,0.1,,,
2091,2026-05-27,SZ300661,0.12667547166347504,EXP_LinearModel_Alpha158_csi300_custom_step0_s_20260527_16,a062b48b4ad04adb973419aa465b2916,0.1,,,
2092,2026-05-27,SH600000,-0.016955144703388214,EXP_XGBModel_Alpha158_csi300_custom_step0_s_20260527_16,84eb318de11f436d9fd1c5f8766f128b,0.054,,,
2093,2026-05-27,SZ302132,0.010717378929257393,EXP_LinearModel_Alpha158_csi300_custom_step0_s_20260527_16,a062b48b4ad04adb973419aa465b2916,0.1,,,
2094,2026-05-27,SZ301269,-0.009139716625213623,EXP_LinearModel_Alpha158_csi300_custom_step0_s_20260527_16,a062b48b4ad04adb973419aa465b2916,0.1,,,
2095,2026-05-27,SZ301236,0.098382867872715,EXP_LinearModel_Alpha158_csi300_custom_step0_s_20260527_16,a062b48b4ad04adb973419aa465b2916,0.1,,,
2096,2026-05-27,SZ300999,-0.047527529299259186,EXP_LinearModel_Alpha158_csi300_custom_step0_s_20260527_16,a062b48b4ad04adb973419aa465b2916,0.1,,,
2097,2026-05-27,SZ300979,-0.024799957871437073,EXP_LinearModel_Alpha158_csi300_custom_step0_s_20260527_16,a062b48b4ad04adb973419aa465b2916,0.1,,,
2098,2026-05-27,SZ300628,0.18521298468112946,EXP_LinearModel_Alpha158_csi300_custom_step0_s_20260527_16,a062b48b4ad04adb973419aa465b2916,0.1,,,
2099,2026-05-27,SZ300896,0.08478567749261856,EXP_LinearModel_Alpha158_csi300_custom_step0_s_20260527_16,a062b48b4ad04adb973419aa465b2916,0.1,,,
2100,2026-05-27,SZ300832,0.1320454329252243,EXP_LinearModel_Alpha158_csi300_custom_step0_s_20260527_16,a062b48b4ad04adb973419aa465b2916,0.1,,,
2101,2026-05-27,SZ300803,-0.0029603522270917892,EXP_LinearModel_Alpha158_csi300_custom_step0_s_20260527_16,a062b48b4ad04adb973419aa465b2916,0.1,,,
2102,2026-05-27,SZ300782,0.07257365435361862,EXP_LinearModel_Alpha158_csi300_custom_step0_s_20260527_16,a062b48b4ad04adb973419aa465b2916,0.1,,,
2103,2026-05-27,SZ300760,0.012856388464570045,EXP_LinearModel_Alpha158_csi300_custom_step0_s_20260527_16,a062b48b4ad04adb973419aa465b2916,0.1,,,
2104,2026-05-27,SZ300759,0.029243746772408485,EXP_LinearModel_Alpha158_csi300_custom_step0_s_20260527_16,a062b48b4ad04adb973419aa465b2916,0.1,,,
2105,2026-05-27,SZ300750,-0.056944552809000015,EXP_LinearModel_Alpha158_csi300_custom_step0_s_20260527_16,a062b48b4ad04adb973419aa465b2916,0.1,,,
2106,2026-05-27,SZ300866,0.24765899777412415,EXP_LinearModel_Alpha158_csi300_custom_step0_s_20260527_16,a062b48b4ad04adb973419aa465b2916,0.1,,,
2107,2026-05-27,SH600919,0.06665999442338943,EXP_LinearModel_Alpha158_csi300_custom_step0_s_20260527_16,74815d00235a494c823c27bceff974f9,0.102,,,
2108,2026-05-27,SZ000333,-0.017309879884123802,EXP_LinearModel_Alpha158_csi300_custom_step0_s_20260527_16,a062b48b4ad04adb973419aa465b2916,0.1,,,
2109,2026-05-27,SZ000166,-0.023029891774058342,EXP_LinearModel_Alpha158_csi300_custom_step0_s_20260527_16,a062b48b4ad04adb973419aa465b2916,0.1,,,
2110,2026-05-27,SH601100,0.17094983160495758,EXP_LinearModel_Alpha158_csi300_custom_step0_s_20260527_16,a062b48b4ad04adb973419aa465b2916,0.1,,,
2111,2026-05-27,SH601111,0.02448452077805996,EXP_LinearModel_Alpha158_csi300_custom_step0_s_20260527_16,a062b48b4ad04adb973419aa465b2916,0.1,,,
2112,2026-05-27,SH601117,0.06510920822620392,EXP_LinearModel_Alpha158_csi300_custom_step0_s_20260527_16,a062b48b4ad04adb973419aa465b2916,0.1,,,
2113,2026-05-27,SH601127,0.0037848353385925293,EXP_LinearModel_Alpha158_csi300_custom_step0_s_20260527_16,a062b48b4ad04adb973419aa465b2916,0.1,,,
2114,2026-05-27,SH601136,0.0003007650375366211,EXP_LinearModel_Alpha158_csi300_custom_step0_s_20260527_16,a062b48b4ad04adb973419aa465b2916,0.1,,,
2115,2026-05-27,SH601138,0.2958565056324005,EXP_LinearModel_Alpha158_csi300_custom_step0_s_20260527_16,a062b48b4ad04adb973419aa465b2916,0.1,,,
2116,2026-05-27,SH601166,-0.0319860503077507,EXP_LinearModel_Alpha158_csi300_custom_step0_s_20260527_16,a062b48b4ad04adb973419aa465b2916,0.1,,,
2117,2026-05-27,SH601169,-0.2552669942378998,EXP_LinearModel_Alpha158_csi300_custom_step0_s_20260527_16,a062b48b4ad04adb973419aa465b2916,0.1,,,
2118,2026-05-27,SH601186,-0.09786182641983032,EXP_LinearModel_Alpha158_csi300_custom_step0_s_20260527_16,a062b48b4ad04adb973419aa465b2916,0.1,,,
2119,2026-05-27,SH601211,-0.0894228145480156,EXP_LinearModel_Alpha158_csi300_custom_step0_s_20260527_16,a062b48b4ad04adb973419aa465b2916,0.1,,,
2120,2026-05-27,SH601225,-0.05931762605905533,EXP_LinearModel_Alpha158_csi300_custom_step0_s_20260527_16,a062b48b4ad04adb973419aa465b2916,0.1,,,
2121,2026-05-27,SH601229,-0.09816215932369232,EXP_LinearModel_Alpha158_csi300_custom_step0_s_20260527_16,a062b48b4ad04adb973419aa465b2916,0.1,,,
2122,2026-05-27,SH601236,0.0007567666471004486,EXP_LinearModel_Alpha158_csi300_custom_step0_s_20260527_16,a062b48b4ad04adb973419aa465b2916,0.1,,,
2123,2026-05-27,SH601238,-0.05351364612579346,EXP_LinearModel_Alpha158_csi300_custom_step0_s_20260527_16,a062b48b4ad04adb973419aa465b2916,0.1,,,
2124,2026-05-27,SH601288,-0.1279018074274063,EXP_LinearModel_Alpha158_csi300_custom_step0_s_20260527_16,a062b48b4ad04adb973419aa465b2916,0.1,,,
2125,2026-05-27,SH601298,-0.03046874701976776,EXP_LinearModel_Alpha158_csi300_custom_step0_s_20260527_16,a062b48b4ad04adb973419aa465b2916,0.1,,,
2126,2026-05-27,SH601318,-0.004081973806023598,EXP_LinearModel_Alpha158_csi300_custom_step0_s_20260527_16,a062b48b4ad04adb973419aa465b2916,0.1,,,
2127,2026-05-27,SH601633,-0.1499263495206833,EXP_LinearModel_Alpha158_csi300_custom_step0_s_20260527_16,a062b48b4ad04adb973419aa465b2916,0.1,,,
2128,2026-05-27,SH601628,-0.038645751774311066,EXP_LinearModel_Alpha158_csi300_custom_step0_s_20260527_16,a062b48b4ad04adb973419aa465b2916,0.1,,,
2129,2026-05-27,SH601618,0.015548765659332275,EXP_LinearModel_Alpha158_csi300_custom_step0_s_20260527_16,a062b48b4ad04adb973419aa465b2916,0.1,,,
2130,2026-05-27,SH601607,-0.08604249358177185,EXP_LinearModel_Alpha158_csi300_custom_step0_s_20260527_16,a062b48b4ad04adb973419aa465b2916,0.1,,,
2131,2026-05-27,SH601601,-0.054807182401418686,EXP_LinearModel_Alpha158_csi300_custom_step0_s_20260527_16,a062b48b4ad04adb973419aa465b2916,0.1,,,
2132,2026-05-27,SH601600,0.089724600315094,EXP_LinearModel_Alpha158_csi300_custom_step0_s_20260527_16,a062b48b4ad04adb973419aa465b2916,0.1,,,
2133,2026-05-27,SH601088,-0.08159389346837997,EXP_LinearModel_Alpha158_csi300_custom_step0_s_20260527_16,a062b48b4ad04adb973419aa465b2916,0.1,,,
2134,2026-05-27,SH601456,0.06278533488512039,EXP_LinearModel_Alpha158_csi300_custom_step0_s_20260527_16,a062b48b4ad04adb973419aa465b2916,0.1,,,
2135,2026-05-27,SH601390,0.005046240985393524,EXP_LinearModel_Alpha158_csi300_custom_step0_s_20260527_16,a062b48b4ad04adb973419aa465b2916,0.1,,,
2136,2026-05-27,SH601377,0.058362238109111786,EXP_LinearModel_Alpha158_csi300_custom_step0_s_20260527_16,a062b48b4ad04adb973419aa465b2916,0.1,,,
2137,2026-05-27,SH601360,0.04727058857679367,EXP_LinearModel_Alpha158_csi300_custom_step0_s_20260527_16,a062b48b4ad04adb973419aa465b2916,0.1,,,
2138,2026-05-27,SH601336,0.08696676045656204,EXP_LinearModel_Alpha158_csi300_custom_step0_s_20260527_16,a062b48b4ad04adb973419aa465b2916,0.1,,,
2139,2026-05-27,SH601328,-0.13646206259727478,EXP_LinearModel_Alpha158_csi300_custom_step0_s_20260527_16,a062b48b4ad04adb973419aa465b2916,0.1,,,
2140,2026-05-27,SH601319,0.052811574190855026,EXP_LinearModel_Alpha158_csi300_custom_step0_s_20260527_16,a062b48b4ad04adb973419aa465b2916,0.1,,,
2141,2026-05-27,SH601398,-0.1029578298330307,EXP_LinearModel_Alpha158_csi300_custom_step0_s_20260527_16,a062b48b4ad04adb973419aa465b2916,0.1,,,
2142,2026-05-27,SH601658,-0.049515251070261,EXP_LinearModel_Alpha158_csi300_custom_step0_s_20260527_16,a062b48b4ad04adb973419aa465b2916,0.1,,,
2143,2026-05-27,SH601077,-0.09803245961666107,EXP_LinearModel_Alpha158_csi300_custom_step0_s_20260527_16,a062b48b4ad04adb973419aa465b2916,0.1,,,
2144,2026-05-27,SH601059,-0.061011575162410736,EXP_LinearModel_Alpha158_csi300_custom_step0_s_20260527_16,a062b48b4ad04adb973419aa465b2916,0.1,,,
2145,2026-05-27,SH600600,-0.05233772099018097,EXP_LinearModel_Alpha158_csi300_custom_step0_s_20260527_16,a062b48b4ad04adb973419aa465b2916,0.1,,,
2146,2026-05-27,SH600660,-0.04417703300714493,EXP_LinearModel_Alpha158_csi300_custom_step0_s_20260527_16,a062b48b4ad04adb973419aa465b2916,0.1,,,
2147,2026-05-27,SH600674,0.04576500505208969,EXP_LinearModel_Alpha158_csi300_custom_step0_s_20260527_16,a062b48b4ad04adb973419aa465b2916,0.1,,,
2148,2026-05-27,SH600690,-0.018797215074300766,EXP_LinearModel_Alpha158_csi300_custom_step0_s_20260527_16,a062b48b4ad04adb973419aa465b2916,0.1,,,
2149,2026-05-27,SH600741,-0.08768162131309509,EXP_LinearModel_Alpha158_csi300_custom_step0_s_20260527_16,a062b48b4ad04adb973419aa465b2916,0.1,,,
2150,2026-05-27,SH600760,-0.03909648582339287,EXP_LinearModel_Alpha158_csi300_custom_step0_s_20260527_16,a062b48b4ad04adb973419aa465b2916,0.1,,,
2151,2026-05-27,SH600795,0.026060443371534348,EXP_LinearModel_Alpha158_csi300_custom_step0_s_20260527_16,a062b48b4ad04adb973419aa465b2916,0.1,,,
2152,2026-05-27,SH600803,-0.05433322489261627,EXP_LinearModel_Alpha158_csi300_custom_step0_s_20260527_16,a062b48b4ad04adb973419aa465b2916,0.1,,,
2153,2026-05-27,SH600809,-0.024524152278900146,EXP_LinearModel_Alpha158_csi300_custom_step0_s_20260527_16,a062b48b4ad04adb973419aa465b2916,0.1,,,
2154,2026-05-27,SH600845,0.12064721435308456,EXP_LinearModel_Alpha158_csi300_custom_step0_s_20260527_16,a062b48b4ad04adb973419aa465b2916,0.1,,,
2155,2026-05-27,SH600875,0.18808171153068542,EXP_LinearModel_Alpha158_csi300_custom_step0_s_20260527_16,a062b48b4ad04adb973419aa465b2916,0.1,,,
2156,2026-05-27,SH600886,-0.052497219294309616,EXP_LinearModel_Alpha158_csi300_custom_step0_s_20260527_16,a062b48b4ad04adb973419aa465b2916,0.1,,,
2157,2026-05-27,SH600887,0.03987659513950348,EXP_LinearModel_Alpha158_csi300_custom_step0_s_20260527_16,a062b48b4ad04adb973419aa465b2916,0.1,,,
2158,2026-05-27,SH600893,0.13456733524799347,EXP_LinearModel_Alpha158_csi300_custom_step0_s_20260527_16,a062b48b4ad04adb973419aa465b2916,0.1,,,
2159,2026-05-27,SH600900,-0.08411294966936111,EXP_LinearModel_Alpha158_csi300_custom_step0_s_20260527_16,a062b48b4ad04adb973419aa465b2916,0.1,,,
2160,2026-05-27,SH600905,0.03838631883263588,EXP_LinearModel_Alpha158_csi300_custom_step0_s_20260527_16,a062b48b4ad04adb973419aa465b2916,0.1,,,
2161,2026-05-27,SH600918,-0.03961137309670448,EXP_LinearModel_Alpha158_csi300_custom_step0_s_20260527_16,a062b48b4ad04adb973419aa465b2916,0.1,,,
2162,2026-05-27,SH601058,-0.04985782876610756,EXP_LinearModel_Alpha158_csi300_custom_step0_s_20260527_16,a062b48b4ad04adb973419aa465b2916,0.1,,,
2163,2026-05-27,SH601021,0.043197598308324814,EXP_LinearModel_Alpha158_csi300_custom_step0_s_20260527_16,a062b48b4ad04adb973419aa465b2916,0.1,,,
2164,2026-05-27,SH601018,-0.027616001665592194,EXP_LinearModel_Alpha158_csi300_custom_step0_s_20260527_16,a062b48b4ad04adb973419aa465b2916,0.1,,,
2165,2026-05-27,SH601012,0.0015007192268967628,EXP_LinearModel_Alpha158_csi300_custom_step0_s_20260527_16,a062b48b4ad04adb973419aa465b2916,0.1,,,
2166,2026-05-27,SH601009,-0.03207454830408096,EXP_LinearModel_Alpha158_csi300_custom_step0_s_20260527_16,a062b48b4ad04adb973419aa465b2916,0.1,,,
2167,2026-05-27,SH601006,-0.041446805000305176,EXP_LinearModel_Alpha158_csi300_custom_step0_s_20260527_16,a062b48b4ad04adb973419aa465b2916,0.1,,,
2168,2026-05-27,SH601066,0.057163041085004807,EXP_LinearModel_Alpha158_csi300_custom_step0_s_20260527_16,a062b48b4ad04adb973419aa465b2916,0.1,,,
2169,2026-05-27,SH600999,0.058557458221912384,EXP_LinearModel_Alpha158_csi300_custom_step0_s_20260527_16,a062b48b4ad04adb973419aa465b2916,0.1,,,
2170,2026-05-27,SH600958,,EXP_LinearModel_Alpha158_csi300_custom_step0_s_20260527_16,a062b48b4ad04adb973419aa465b2916,0.1,,,
2171,2026-05-27,SH600941,0.06889808177947998,EXP_LinearModel_Alpha158_csi300_custom_step0_s_20260527_16,a062b48b4ad04adb973419aa465b2916,0.1,,,
2172,2026-05-27,SH600938,-0.008579667657613754,EXP_LinearModel_Alpha158_csi300_custom_step0_s_20260527_16,a062b48b4ad04adb973419aa465b2916,0.1,,,
2173,2026-05-27,SH600930,0.13140909373760223,EXP_LinearModel_Alpha158_csi300_custom_step0_s_20260527_16,a062b48b4ad04adb973419aa465b2916,0.1,,,
2174,2026-05-27,SH600926,-0.038334500044584274,EXP_LinearModel_Alpha158_csi300_custom_step0_s_20260527_16,a062b48b4ad04adb973419aa465b2916,0.1,,,
2175,2026-05-27,SH600919,-0.036926671862602234,EXP_LinearModel_Alpha158_csi300_custom_step0_s_20260527_16,a062b48b4ad04adb973419aa465b2916,0.1,,,
2176,2026-05-27,SH600989,0.15489760041236877,EXP_LinearModel_Alpha158_csi300_custom_step0_s_20260527_16,a062b48b4ad04adb973419aa465b2916,0.1,,,
2177,2026-05-27,SH601668,-0.06302136182785034,EXP_LinearModel_Alpha158_csi300_custom_step0_s_20260527_16,a062b48b4ad04adb973419aa465b2916,0.1,,,
2178,2026-05-27,SH601669,0.08030429482460022,EXP_LinearModel_Alpha158_csi300_custom_step0_s_20260527_16,a062b48b4ad04adb973419aa465b2916,0.1,,,
2179,2026-05-27,SH601688,0.05428613722324371,EXP_LinearModel_Alpha158_csi300_custom_step0_s_20260527_16,a062b48b4ad04adb973419aa465b2916,0.1,,,
2180,2026-05-27,SH603501,0.269875168800354,EXP_LinearModel_Alpha158_csi300_custom_step0_s_20260527_16,a062b48b4ad04adb973419aa465b2916,0.1,,,
2181,2026-05-27,SH603799,0.14642474055290222,EXP_LinearModel_Alpha158_csi300_custom_step0_s_20260527_16,a062b48b4ad04adb973419aa465b2916,0.1,,,
2182,2026-05-27,SH603893,0.20337796211242676,EXP_LinearModel_Alpha158_csi300_custom_step0_s_20260527_16,a062b48b4ad04adb973419aa465b2916,0.1,,,
2183,2026-05-27,SH603986,0.09278954565525055,EXP_LinearModel_Alpha158_csi300_custom_step0_s_20260527_16,a062b48b4ad04adb973419aa465b2916,0.1,,,
2184,2026-05-27,SH603993,0.11406925320625305,EXP_LinearModel_Alpha158_csi300_custom_step0_s_20260527_16,a062b48b4ad04adb973419aa465b2916,0.1,,,
2185,2026-05-27,SH605117,0.19447429478168488,EXP_LinearModel_Alpha158_csi300_custom_step0_s_20260527_16,a062b48b4ad04adb973419aa465b2916,0.1,,,
2186,2026-05-27,SH605499,-0.0402185395359993,EXP_LinearModel_Alpha158_csi300_custom_step0_s_20260527_16,a062b48b4ad04adb973419aa465b2916,0.1,,,
2187,2026-05-27,SH688008,0.09061993658542633,EXP_LinearModel_Alpha158_csi300_custom_step0_s_20260527_16,a062b48b4ad04adb973419aa465b2916,0.1,,,
2188,2026-05-27,SH688009,-0.06310586631298065,EXP_LinearModel_Alpha158_csi300_custom_step0_s_20260527_16,a062b48b4ad04adb973419aa465b2916,0.1,,,
2189,2026-05-27,SH688012,0.4281187653541565,EXP_LinearModel_Alpha158_csi300_custom_step0_s_20260527_16,a062b48b4ad04adb973419aa465b2916,0.1,,,
2190,2026-05-27,SH688036,0.17839878797531128,EXP_LinearModel_Alpha158_csi300_custom_step0_s_20260527_16,a062b48b4ad04adb973419aa465b2916,0.1,,,
2191,2026-05-27,SH688041,0.1891045868396759,EXP_LinearModel_Alpha158_csi300_custom_step0_s_20260527_16,a062b48b4ad04adb973419aa465b2916,0.1,,,
2192,2026-05-27,SH688047,0.20464812219142914,EXP_LinearModel_Alpha158_csi300_custom_step0_s_20260527_16,a062b48b4ad04adb973419aa465b2916,0.1,,,
2193,2026-05-27,SH688082,-0.05624321848154068,EXP_LinearModel_Alpha158_csi300_custom_step0_s_20260527_16,a062b48b4ad04adb973419aa465b2916,0.1,,,
2194,2026-05-27,SH688111,-0.009393809363245964,EXP_LinearModel_Alpha158_csi300_custom_step0_s_20260527_16,a062b48b4ad04adb973419aa465b2916,0.1,,,
2195,2026-05-27,SH688126,0.24627633392810822,EXP_LinearModel_Alpha158_csi300_custom_step0_s_20260527_16,a062b48b4ad04adb973419aa465b2916,0.1,,,
2196,2026-05-27,SH688169,-0.0028863735496997833,EXP_LinearModel_Alpha158_csi300_custom_step0_s_20260527_16,a062b48b4ad04adb973419aa465b2916,0.1,,,
2197,2026-05-27,SZ000157,-0.00629134988412261,EXP_LinearModel_Alpha158_csi300_custom_step0_s_20260527_16,a062b48b4ad04adb973419aa465b2916,0.1,,,
2198,2026-05-27,SZ000100,0.01954859495162964,EXP_LinearModel_Alpha158_csi300_custom_step0_s_20260527_16,a062b48b4ad04adb973419aa465b2916,0.1,,,
2199,2026-05-27,SZ000063,0.2259553223848343,EXP_LinearModel_Alpha158_csi300_custom_step0_s_20260527_16,a062b48b4ad04adb973419aa465b2916,0.1,,,
2200,2026-05-27,SZ000002,0.14246109127998352,EXP_LinearModel_Alpha158_csi300_custom_step0_s_20260527_16,a062b48b4ad04adb973419aa465b2916,0.1,,,
2201,2026-05-27,SZ000001,-0.06434530764818192,EXP_LinearModel_Alpha158_csi300_custom_step0_s_20260527_16,a062b48b4ad04adb973419aa465b2916,0.1,,,
2202,2026-05-27,SH688981,0.14072057604789734,EXP_LinearModel_Alpha158_csi300_custom_step0_s_20260527_16,a062b48b4ad04adb973419aa465b2916,0.1,,,
2203,2026-05-27,SH603392,-0.013023428618907928,EXP_LinearModel_Alpha158_csi300_custom_step0_s_20260527_16,a062b48b4ad04adb973419aa465b2916,0.1,,,
2204,2026-05-27,SH688506,0.06977441161870956,EXP_LinearModel_Alpha158_csi300_custom_step0_s_20260527_16,a062b48b4ad04adb973419aa465b2916,0.1,,,
2205,2026-05-27,SH688396,0.3384366035461426,EXP_LinearModel_Alpha158_csi300_custom_step0_s_20260527_16,a062b48b4ad04adb973419aa465b2916,0.1,,,
2206,2026-05-27,SH688303,0.031954191625118256,EXP_LinearModel_Alpha158_csi300_custom_step0_s_20260527_16,a062b48b4ad04adb973419aa465b2916,0.1,,,
2207,2026-05-27,SH688271,-0.17359866201877594,EXP_LinearModel_Alpha158_csi300_custom_step0_s_20260527_16,a062b48b4ad04adb973419aa465b2916,0.1,,,
2208,2026-05-27,SH688256,0.29594606161117554,EXP_LinearModel_Alpha158_csi300_custom_step0_s_20260527_16,a062b48b4ad04adb973419aa465b2916,0.1,,,
2209,2026-05-27,SH688223,0.10775531083345413,EXP_LinearModel_Alpha158_csi300_custom_step0_s_20260527_16,a062b48b4ad04adb973419aa465b2916,0.1,,,
2210,2026-05-27,SH688187,0.2786804139614105,EXP_LinearModel_Alpha158_csi300_custom_step0_s_20260527_16,a062b48b4ad04adb973419aa465b2916,0.1,,,
2211,2026-05-27,SH688472,0.27145805954933167,EXP_LinearModel_Alpha158_csi300_custom_step0_s_20260527_16,a062b48b4ad04adb973419aa465b2916,0.1,,,
2212,2026-05-27,SH603369,0.06443631649017334,EXP_LinearModel_Alpha158_csi300_custom_step0_s_20260527_16,a062b48b4ad04adb973419aa465b2916,0.1,,,
2213,2026-05-27,SH603296,0.12770062685012817,EXP_LinearModel_Alpha158_csi300_custom_step0_s_20260527_16,a062b48b4ad04adb973419aa465b2916,0.1,,,
2214,2026-05-27,SH603288,-0.06808342039585114,EXP_LinearModel_Alpha158_csi300_custom_step0_s_20260527_16,a062b48b4ad04adb973419aa465b2916,0.1,,,
2215,2026-05-27,SH601872,-0.11337542533874512,EXP_LinearModel_Alpha158_csi300_custom_step0_s_20260527_16,a062b48b4ad04adb973419aa465b2916,0.1,,,
2216,2026-05-27,SH601868,0.17412516474723816,EXP_LinearModel_Alpha158_csi300_custom_step0_s_20260527_16,a062b48b4ad04adb973419aa465b2916,0.1,,,
2217,2026-05-27,SH601857,0.03663836419582367,EXP_LinearModel_Alpha158_csi300_custom_step0_s_20260527_16,a062b48b4ad04adb973419aa465b2916,0.1,,,
2218,2026-05-27,SH601838,-0.019730577245354652,EXP_LinearModel_Alpha158_csi300_custom_step0_s_20260527_16,a062b48b4ad04adb973419aa465b2916,0.1,,,
2219,2026-05-27,SH601825,-0.14642955362796783,EXP_LinearModel_Alpha158_csi300_custom_step0_s_20260527_16,a062b48b4ad04adb973419aa465b2916,0.1,,,
2220,2026-05-27,SH601818,-0.16135399043560028,EXP_LinearModel_Alpha158_csi300_custom_step0_s_20260527_16,a062b48b4ad04adb973419aa465b2916,0.1,,,
2221,2026-05-27,SH601877,0.21111218631267548,EXP_LinearModel_Alpha158_csi300_custom_step0_s_20260527_16,a062b48b4ad04adb973419aa465b2916,0.1,,,
2222,2026-05-27,SH601816,-0.06859046965837479,EXP_LinearModel_Alpha158_csi300_custom_step0_s_20260527_16,a062b48b4ad04adb973419aa465b2916,0.1,,,
2223,2026-05-27,SH601800,-0.009044816717505455,EXP_LinearModel_Alpha158_csi300_custom_step0_s_20260527_16,a062b48b4ad04adb973419aa465b2916,0.1,,,
2224,2026-05-27,SH601788,-0.004566621035337448,EXP_LinearModel_Alpha158_csi300_custom_step0_s_20260527_16,a062b48b4ad04adb973419aa465b2916,0.1,,,
2225,2026-05-27,SH601766,-0.1341615468263626,EXP_LinearModel_Alpha158_csi300_custom_step0_s_20260527_16,a062b48b4ad04adb973419aa465b2916,0.1,,,
2226,2026-05-27,SH601728,-0.07981027662754059,EXP_LinearModel_Alpha158_csi300_custom_step0_s_20260527_16,a062b48b4ad04adb973419aa465b2916,0.1,,,
2227,2026-05-27,SH601698,0.036016929894685745,EXP_LinearModel_Alpha158_csi300_custom_step0_s_20260527_16,a062b48b4ad04adb973419aa465b2916,0.1,,,
2228,2026-05-27,SH601689,0.16428977251052856,EXP_LinearModel_Alpha158_csi300_custom_step0_s_20260527_16,a062b48b4ad04adb973419aa465b2916,0.1,,,
2229,2026-05-27,SH601808,0.17195124924182892,EXP_LinearModel_Alpha158_csi300_custom_step0_s_20260527_16,a062b48b4ad04adb973419aa465b2916,0.1,,,
2230,2026-05-27,SZ000301,0.182831808924675,EXP_LinearModel_Alpha158_csi300_custom_step0_s_20260527_16,a062b48b4ad04adb973419aa465b2916,0.1,,,
2231,2026-05-27,SH601878,0.025021061301231384,EXP_LinearModel_Alpha158_csi300_custom_step0_s_20260527_16,a062b48b4ad04adb973419aa465b2916,0.1,,,
2232,2026-05-27,SH601888,-0.034722186625003815,EXP_LinearModel_Alpha158_csi300_custom_step0_s_20260527_16,a062b48b4ad04adb973419aa465b2916,0.1,,,
2233,2026-05-27,SH603260,0.10276944190263748,EXP_LinearModel_Alpha158_csi300_custom_step0_s_20260527_16,a062b48b4ad04adb973419aa465b2916,0.1,,,
2234,2026-05-27,SH603259,0.10074041038751602,EXP_LinearModel_Alpha158_csi300_custom_step0_s_20260527_16,a062b48b4ad04adb973419aa465b2916,0.1,,,
2235,2026-05-27,SH603195,0.035930242389440536,EXP_LinearModel_Alpha158_csi300_custom_step0_s_20260527_16,a062b48b4ad04adb973419aa465b2916,0.1,,,
2236,2026-05-27,SH603019,0.1763448566198349,EXP_LinearModel_Alpha158_csi300_custom_step0_s_20260527_16,a062b48b4ad04adb973419aa465b2916,0.1,,,
2237,2026-05-27,SH601998,-0.13524779677391052,EXP_LinearModel_Alpha158_csi300_custom_step0_s_20260527_16,a062b48b4ad04adb973419aa465b2916,0.1,,,
2238,2026-05-27,SH601995,-0.005849299021065235,EXP_LinearModel_Alpha158_csi300_custom_step0_s_20260527_16,a062b48b4ad04adb973419aa465b2916,0.1,,,
2239,2026-05-27,SH601881,0.04028010368347168,EXP_LinearModel_Alpha158_csi300_custom_step0_s_20260527_16,a062b48b4ad04adb973419aa465b2916,0.1,,,
2240,2026-05-27,SH601988,-0.005150098353624344,EXP_LinearModel_Alpha158_csi300_custom_step0_s_20260527_16,a062b48b4ad04adb973419aa465b2916,0.1,,,
2241,2026-05-27,SH601939,0.013711811974644661,EXP_LinearModel_Alpha158_csi300_custom_step0_s_20260527_16,a062b48b4ad04adb973419aa465b2916,0.1,,,
2242,2026-05-27,SH601919,-0.10876337438821793,EXP_LinearModel_Alpha158_csi300_custom_step0_s_20260527_16,a062b48b4ad04adb973419aa465b2916,0.1,,,
2243,2026-05-27,SH601916,-0.12261617183685303,EXP_LinearModel_Alpha158_csi300_custom_step0_s_20260527_16,a062b48b4ad04adb973419aa465b2916,0.1,,,
2244,2026-05-27,SH601901,0.039227455854415894,EXP_LinearModel_Alpha158_csi300_custom_step0_s_20260527_16,a062b48b4ad04adb973419aa465b2916,0.1,,,
2245,2026-05-27,SH601899,0.036837346851825714,EXP_LinearModel_Alpha158_csi300_custom_step0_s_20260527_16,a062b48b4ad04adb973419aa465b2916,0.1,,,
2246,2026-05-27,SH601898,0.08722073584794998,EXP_LinearModel_Alpha158_csi300_custom_step0_s_20260527_16,a062b48b4ad04adb973419aa465b2916,0.1,,,
2247,2026-05-27,SH601985,0.018937574699521065,EXP_LinearModel_Alpha158_csi300_custom_step0_s_20260527_16,a062b48b4ad04adb973419aa465b2916,0.1,,,
2248,2026-05-27,SH601919,-0.06832485172032171,EXP_DEnsembleModel_Alpha158_csi300_custom_step0_s_20260527_16,b5abd7d069124cb681efc264568fa70d,0.07,,,
2249,2026-05-27,SH601916,0.12263544753972284,EXP_DEnsembleModel_Alpha158_csi300_custom_step0_s_20260527_16,b5abd7d069124cb681efc264568fa70d,0.07,,,
2250,2026-05-27,SH601901,0.11154879951757124,EXP_DEnsembleModel_Alpha158_csi300_custom_step0_s_20260527_16,b5abd7d069124cb681efc264568fa70d,0.07,,,
2251,2026-05-27,SH601868,0.0015012879624377454,EXP_CatBoostModel_Alpha158_csi300_custom_step0_s_20260527_18,ec52ca6fec8645b5a47796cdd5d9dc63,0.048,,,
2252,2026-05-27,SH601872,0.003295333269482848,EXP_CatBoostModel_Alpha158_csi300_custom_step0_s_20260527_18,ec52ca6fec8645b5a47796cdd5d9dc63,0.048,,,
2253,2026-05-27,SH601877,0.02333141965110568,EXP_CatBoostModel_Alpha158_csi300_custom_step0_s_20260527_18,ec52ca6fec8645b5a47796cdd5d9dc63,0.048,,,
2254,2026-05-27,SH601878,0.002480044042460586,EXP_CatBoostModel_Alpha158_csi300_custom_step0_s_20260527_18,ec52ca6fec8645b5a47796cdd5d9dc63,0.048,,,
2255,2026-05-27,SH601881,0.001409894772664532,EXP_CatBoostModel_Alpha158_csi300_custom_step0_s_20260527_18,ec52ca6fec8645b5a47796cdd5d9dc63,0.048,,,
2256,2026-05-27,SH601888,0.008634787517730808,EXP_CatBoostModel_Alpha158_csi300_custom_step0_s_20260527_18,ec52ca6fec8645b5a47796cdd5d9dc63,0.048,,,
2257,2026-05-27,SH601898,-0.0037815545590290894,EXP_CatBoostModel_Alpha158_csi300_custom_step0_s_20260527_18,ec52ca6fec8645b5a47796cdd5d9dc63,0.048,,,
2258,2026-05-27,SH601899,-0.004011555687324889,EXP_CatBoostModel_Alpha158_csi300_custom_step0_s_20260527_18,ec52ca6fec8645b5a47796cdd5d9dc63,0.048,,,
2259,2026-05-27,SH601901,-0.009539684941592323,EXP_CatBoostModel_Alpha158_csi300_custom_step0_s_20260527_18,ec52ca6fec8645b5a47796cdd5d9dc63,0.048,,,
2260,2026-05-27,SH601916,-0.010607849107761818,EXP_CatBoostModel_Alpha158_csi300_custom_step0_s_20260527_18,ec52ca6fec8645b5a47796cdd5d9dc63,0.048,,,
2261,2026-05-27,SH601919,-0.0033771203959832275,EXP_CatBoostModel_Alpha158_csi300_custom_step0_s_20260527_18,ec52ca6fec8645b5a47796cdd5d9dc63,0.048,,,
2262,2026-05-27,SH601939,0.0014146975039507827,EXP_CatBoostModel_Alpha158_csi300_custom_step0_s_20260527_18,ec52ca6fec8645b5a47796cdd5d9dc63,0.048,,,
2263,2026-05-27,SH601985,-0.010049322352025448,EXP_CatBoostModel_Alpha158_csi300_custom_step0_s_20260527_18,ec52ca6fec8645b5a47796cdd5d9dc63,0.048,,,
2264,2026-05-27,SH601988,0.0003402785634226929,EXP_CatBoostModel_Alpha158_csi300_custom_step0_s_20260527_18,ec52ca6fec8645b5a47796cdd5d9dc63,0.048,,,
2265,2026-05-27,SH601995,0.0013218698911442528,EXP_CatBoostModel_Alpha158_csi300_custom_step0_s_20260527_18,ec52ca6fec8645b5a47796cdd5d9dc63,0.048,,,
2266,2026-05-27,SH601998,-0.006955789094891415,EXP_CatBoostModel_Alpha158_csi300_custom_step0_s_20260527_18,ec52ca6fec8645b5a47796cdd5d9dc63,0.048,,,
2267,2026-05-27,SH603019,-0.002123025794994111,EXP_CatBoostModel_Alpha158_csi300_custom_step0_s_20260527_18,ec52ca6fec8645b5a47796cdd5d9dc63,0.048,,,
2268,2026-05-27,SH605499,-0.0031150275711526515,EXP_CatBoostModel_Alpha158_csi300_custom_step0_s_20260527_18,ec52ca6fec8645b5a47796cdd5d9dc63,0.048,,,
2269,2026-05-27,SH605117,0.017755570274070518,EXP_CatBoostModel_Alpha158_csi300_custom_step0_s_20260527_18,ec52ca6fec8645b5a47796cdd5d9dc63,0.048,,,
2270,2026-05-27,SH603993,-0.0013708846251783906,EXP_CatBoostModel_Alpha158_csi300_custom_step0_s_20260527_18,ec52ca6fec8645b5a47796cdd5d9dc63,0.048,,,
2271,2026-05-27,SH603986,-0.1573259871443371,EXP_CatBoostModel_Alpha158_csi300_custom_step0_s_20260527_18,ec52ca6fec8645b5a47796cdd5d9dc63,0.048,,,
2272,2026-05-27,SH603893,0.010771503231820793,EXP_CatBoostModel_Alpha158_csi300_custom_step0_s_20260527_18,ec52ca6fec8645b5a47796cdd5d9dc63,0.048,,,
2273,2026-05-27,SH603799,0.01599650755296733,EXP_CatBoostModel_Alpha158_csi300_custom_step0_s_20260527_18,ec52ca6fec8645b5a47796cdd5d9dc63,0.048,,,
2274,2026-05-27,SH601857,-0.0065071305732256664,EXP_CatBoostModel_Alpha158_csi300_custom_step0_s_20260527_18,ec52ca6fec8645b5a47796cdd5d9dc63,0.048,,,
2275,2026-05-27,SH603501,0.002322486061578477,EXP_CatBoostModel_Alpha158_csi300_custom_step0_s_20260527_18,ec52ca6fec8645b5a47796cdd5d9dc63,0.048,,,
2276,2026-05-27,SH603369,0.002372115240369516,EXP_CatBoostModel_Alpha158_csi300_custom_step0_s_20260527_18,ec52ca6fec8645b5a47796cdd5d9dc63,0.048,,,
2277,2026-05-27,SH603296,0.02701012720340044,EXP_CatBoostModel_Alpha158_csi300_custom_step0_s_20260527_18,ec52ca6fec8645b5a47796cdd5d9dc63,0.048,,,
2278,2026-05-27,SH603288,-0.007297427240698156,EXP_CatBoostModel_Alpha158_csi300_custom_step0_s_20260527_18,ec52ca6fec8645b5a47796cdd5d9dc63,0.048,,,
2279,2026-05-27,SH603260,-0.0013505593252524173,EXP_CatBoostModel_Alpha158_csi300_custom_step0_s_20260527_18,ec52ca6fec8645b5a47796cdd5d9dc63,0.048,,,
2280,2026-05-27,SH603259,0.0009446231806577421,EXP_CatBoostModel_Alpha158_csi300_custom_step0_s_20260527_18,ec52ca6fec8645b5a47796cdd5d9dc63,0.048,,,
2281,2026-05-27,SH603195,-0.00042302059299576054,EXP_CatBoostModel_Alpha158_csi300_custom_step0_s_20260527_18,ec52ca6fec8645b5a47796cdd5d9dc63,0.048,,,
2282,2026-05-27,SH603392,-0.0024804218541593383,EXP_CatBoostModel_Alpha158_csi300_custom_step0_s_20260527_18,ec52ca6fec8645b5a47796cdd5d9dc63,0.048,,,
2283,2026-05-27,SH688008,-0.09569285802535599,EXP_CatBoostModel_Alpha158_csi300_custom_step0_s_20260527_18,ec52ca6fec8645b5a47796cdd5d9dc63,0.048,,,
2284,2026-05-27,SH601838,0.0012761772294219585,EXP_CatBoostModel_Alpha158_csi300_custom_step0_s_20260527_18,ec52ca6fec8645b5a47796cdd5d9dc63,0.048,,,
2285,2026-05-27,SH601818,-0.010686402347197201,EXP_CatBoostModel_Alpha158_csi300_custom_step0_s_20260527_18,ec52ca6fec8645b5a47796cdd5d9dc63,0.048,,,
2286,2026-05-27,SH601236,-0.008921934101296965,EXP_CatBoostModel_Alpha158_csi300_custom_step0_s_20260527_18,ec52ca6fec8645b5a47796cdd5d9dc63,0.048,,,
2287,2026-05-27,SH601238,-0.0007176789650727933,EXP_CatBoostModel_Alpha158_csi300_custom_step0_s_20260527_18,ec52ca6fec8645b5a47796cdd5d9dc63,0.048,,,
2288,2026-05-27,SH601288,-0.014452000116727244,EXP_CatBoostModel_Alpha158_csi300_custom_step0_s_20260527_18,ec52ca6fec8645b5a47796cdd5d9dc63,0.048,,,
2289,2026-05-27,SH601298,-0.005962243620561421,EXP_CatBoostModel_Alpha158_csi300_custom_step0_s_20260527_18,ec52ca6fec8645b5a47796cdd5d9dc63,0.048,,,
2290,2026-05-27,SH601318,-0.003526426622838019,EXP_CatBoostModel_Alpha158_csi300_custom_step0_s_20260527_18,ec52ca6fec8645b5a47796cdd5d9dc63,0.048,,,
2291,2026-05-27,SH601319,-0.013052528705607788,EXP_CatBoostModel_Alpha158_csi300_custom_step0_s_20260527_18,ec52ca6fec8645b5a47796cdd5d9dc63,0.048,,,
2292,2026-05-27,SH601328,-0.010857361412381443,EXP_CatBoostModel_Alpha158_csi300_custom_step0_s_20260527_18,ec52ca6fec8645b5a47796cdd5d9dc63,0.048,,,
2293,2026-05-27,SH601336,-0.004444953651331554,EXP_CatBoostModel_Alpha158_csi300_custom_step0_s_20260527_18,ec52ca6fec8645b5a47796cdd5d9dc63,0.048,,,
2294,2026-05-27,SH601360,-0.0072433366835554895,EXP_CatBoostModel_Alpha158_csi300_custom_step0_s_20260527_18,ec52ca6fec8645b5a47796cdd5d9dc63,0.048,,,
2295,2026-05-27,SH601377,0.0023892693800857782,EXP_CatBoostModel_Alpha158_csi300_custom_step0_s_20260527_18,ec52ca6fec8645b5a47796cdd5d9dc63,0.048,,,
2296,2026-05-27,SH601390,-0.005605064868040882,EXP_CatBoostModel_Alpha158_csi300_custom_step0_s_20260527_18,ec52ca6fec8645b5a47796cdd5d9dc63,0.048,,,
2297,2026-05-27,SH601398,-0.00956592492943366,EXP_CatBoostModel_Alpha158_csi300_custom_step0_s_20260527_18,ec52ca6fec8645b5a47796cdd5d9dc63,0.048,,,
2298,2026-05-27,SH601456,-0.014005020564264581,EXP_CatBoostModel_Alpha158_csi300_custom_step0_s_20260527_18,ec52ca6fec8645b5a47796cdd5d9dc63,0.048,,,
2299,2026-05-27,SH601600,-0.009553475223986991,EXP_CatBoostModel_Alpha158_csi300_custom_step0_s_20260527_18,ec52ca6fec8645b5a47796cdd5d9dc63,0.048,,,
2300,2026-05-27,SH601601,-0.0020476050452516966,EXP_CatBoostModel_Alpha158_csi300_custom_step0_s_20260527_18,ec52ca6fec8645b5a47796cdd5d9dc63,0.048,,,
2301,2026-05-27,SH601607,-0.008261301344511567,EXP_CatBoostModel_Alpha158_csi300_custom_step0_s_20260527_18,ec52ca6fec8645b5a47796cdd5d9dc63,0.048,,,
2302,2026-05-27,SH601618,-0.008921934101296965,EXP_CatBoostModel_Alpha158_csi300_custom_step0_s_20260527_18,ec52ca6fec8645b5a47796cdd5d9dc63,0.048,,,
2303,2026-05-27,SH601816,-0.007046195980165048,EXP_CatBoostModel_Alpha158_csi300_custom_step0_s_20260527_18,ec52ca6fec8645b5a47796cdd5d9dc63,0.048,,,
2304,2026-05-27,SH601808,-0.0008896951815239298,EXP_CatBoostModel_Alpha158_csi300_custom_step0_s_20260527_18,ec52ca6fec8645b5a47796cdd5d9dc63,0.048,,,
2305,2026-05-27,SH601800,-0.008973117993895564,EXP_CatBoostModel_Alpha158_csi300_custom_step0_s_20260527_18,ec52ca6fec8645b5a47796cdd5d9dc63,0.048,,,
2306,2026-05-27,SH601788,-0.005613043988520472,EXP_CatBoostModel_Alpha158_csi300_custom_step0_s_20260527_18,ec52ca6fec8645b5a47796cdd5d9dc63,0.048,,,
2307,2026-05-27,SH601766,-0.010142360701479534,EXP_CatBoostModel_Alpha158_csi300_custom_step0_s_20260527_18,ec52ca6fec8645b5a47796cdd5d9dc63,0.048,,,
2308,2026-05-27,SH601728,-0.0015246934419443012,EXP_CatBoostModel_Alpha158_csi300_custom_step0_s_20260527_18,ec52ca6fec8645b5a47796cdd5d9dc63,0.048,,,
2309,2026-05-27,SH601825,-0.014452000116727244,EXP_CatBoostModel_Alpha158_csi300_custom_step0_s_20260527_18,ec52ca6fec8645b5a47796cdd5d9dc63,0.048,,,
2310,2026-05-27,SH601698,0.017562474721453118,EXP_CatBoostModel_Alpha158_csi300_custom_step0_s_20260527_18,ec52ca6fec8645b5a47796cdd5d9dc63,0.048,,,
2311,2026-05-27,SH601688,0.000357432703138955,EXP_CatBoostModel_Alpha158_csi300_custom_step0_s_20260527_18,ec52ca6fec8645b5a47796cdd5d9dc63,0.048,,,
2312,2026-05-27,SH601669,0.0021429306214809456,EXP_CatBoostModel_Alpha158_csi300_custom_step0_s_20260527_18,ec52ca6fec8645b5a47796cdd5d9dc63,0.048,,,
2313,2026-05-27,SH601668,-0.010444433399247744,EXP_CatBoostModel_Alpha158_csi300_custom_step0_s_20260527_18,ec52ca6fec8645b5a47796cdd5d9dc63,0.048,,,
2314,2026-05-27,SH601658,-0.008023337938712086,EXP_CatBoostModel_Alpha158_csi300_custom_step0_s_20260527_18,ec52ca6fec8645b5a47796cdd5d9dc63,0.048,,,
2315,2026-05-27,SH601633,0.006870319271830574,EXP_CatBoostModel_Alpha158_csi300_custom_step0_s_20260527_18,ec52ca6fec8645b5a47796cdd5d9dc63,0.048,,,
2316,2026-05-27,SH601628,-0.004444953651331554,EXP_CatBoostModel_Alpha158_csi300_custom_step0_s_20260527_18,ec52ca6fec8645b5a47796cdd5d9dc63,0.048,,,
2317,2026-05-27,SH601689,0.009466771320367277,EXP_CatBoostModel_Alpha158_csi300_custom_step0_s_20260527_18,ec52ca6fec8645b5a47796cdd5d9dc63,0.048,,,
2318,2026-05-27,SH601229,-0.014075115071051414,EXP_CatBoostModel_Alpha158_csi300_custom_step0_s_20260527_18,ec52ca6fec8645b5a47796cdd5d9dc63,0.048,,,
2319,2026-05-27,SH688009,-0.010454395883748656,EXP_CatBoostModel_Alpha158_csi300_custom_step0_s_20260527_18,ec52ca6fec8645b5a47796cdd5d9dc63,0.048,,,
2320,2026-05-27,SH688036,0.01256789338316618,EXP_CatBoostModel_Alpha158_csi300_custom_step0_s_20260527_18,ec52ca6fec8645b5a47796cdd5d9dc63,0.048,,,
2321,2026-05-27,SZ000725,0.018638032549014225,EXP_CatBoostModel_Alpha158_csi300_custom_step0_s_20260527_18,ec52ca6fec8645b5a47796cdd5d9dc63,0.048,,,
2322,2026-05-27,SZ000768,0.0003761756698234032,EXP_CatBoostModel_Alpha158_csi300_custom_step0_s_20260527_18,ec52ca6fec8645b5a47796cdd5d9dc63,0.048,,,
2323,2026-05-27,SZ000776,-0.009068218097005714,EXP_CatBoostModel_Alpha158_csi300_custom_step0_s_20260527_18,ec52ca6fec8645b5a47796cdd5d9dc63,0.048,,,
2324,2026-05-27,SZ000786,-0.015782171457827617,EXP_CatBoostModel_Alpha158_csi300_custom_step0_s_20260527_18,ec52ca6fec8645b5a47796cdd5d9dc63,0.048,,,
2325,2026-05-27,SZ000792,0.1291419079067614,EXP_CatBoostModel_Alpha158_csi300_custom_step0_s_20260527_18,ec52ca6fec8645b5a47796cdd5d9dc63,0.048,,,
2326,2026-05-27,SZ000807,-0.004536987682581851,EXP_CatBoostModel_Alpha158_csi300_custom_step0_s_20260527_18,ec52ca6fec8645b5a47796cdd5d9dc63,0.048,,,
2327,2026-05-27,SZ000858,0.0010817907736859183,EXP_CatBoostModel_Alpha158_csi300_custom_step0_s_20260527_18,ec52ca6fec8645b5a47796cdd5d9dc63,0.048,,,
2328,2026-05-27,SZ000876,-0.006000822178332414,EXP_CatBoostModel_Alpha158_csi300_custom_step0_s_20260527_18,ec52ca6fec8645b5a47796cdd5d9dc63,0.048,,,
2329,2026-05-27,SZ000895,-0.00667808963840991,EXP_CatBoostModel_Alpha158_csi300_custom_step0_s_20260527_18,ec52ca6fec8645b5a47796cdd5d9dc63,0.048,,,
2330,2026-05-27,SZ000938,0.0006130072312505849,EXP_CatBoostModel_Alpha158_csi300_custom_step0_s_20260527_18,ec52ca6fec8645b5a47796cdd5d9dc63,0.048,,,
2331,2026-05-27,SZ000963,-0.008973117993895564,EXP_CatBoostModel_Alpha158_csi300_custom_step0_s_20260527_18,ec52ca6fec8645b5a47796cdd5d9dc63,0.048,,,
2332,2026-05-27,SZ000975,0.0014724545498352496,EXP_CatBoostModel_Alpha158_csi300_custom_step0_s_20260527_18,ec52ca6fec8645b5a47796cdd5d9dc63,0.048,,,
2333,2026-05-27,SZ000977,0.035618960615467016,EXP_CatBoostModel_Alpha158_csi300_custom_step0_s_20260527_18,ec52ca6fec8645b5a47796cdd5d9dc63,0.048,,,
2334,2026-05-27,SZ000983,0.004223435851207915,EXP_CatBoostModel_Alpha158_csi300_custom_step0_s_20260527_18,ec52ca6fec8645b5a47796cdd5d9dc63,0.048,,,
2335,2026-05-27,SZ000999,-0.007761437879376843,EXP_CatBoostModel_Alpha158_csi300_custom_step0_s_20260527_18,ec52ca6fec8645b5a47796cdd5d9dc63,0.048,,,
2336,2026-05-27,SZ001391,-0.0071237961400392475,EXP_CatBoostModel_Alpha158_csi300_custom_step0_s_20260527_18,ec52ca6fec8645b5a47796cdd5d9dc63,0.048,,,
2337,2026-05-27,SZ001965,-0.00578284513514192,EXP_CatBoostModel_Alpha158_csi300_custom_step0_s_20260527_18,ec52ca6fec8645b5a47796cdd5d9dc63,0.048,,,
2338,2026-05-27,SZ002304,-0.011752299992737745,EXP_CatBoostModel_Alpha158_csi300_custom_step0_s_20260527_18,ec52ca6fec8645b5a47796cdd5d9dc63,0.048,,,
2339,2026-05-27,SZ002252,-0.010454395883748656,EXP_CatBoostModel_Alpha158_csi300_custom_step0_s_20260527_18,ec52ca6fec8645b5a47796cdd5d9dc63,0.048,,,
2340,2026-05-27,SZ002241,0.04080527486186354,EXP_CatBoostModel_Alpha158_csi300_custom_step0_s_20260527_18,ec52ca6fec8645b5a47796cdd5d9dc63,0.048,,,
2341,2026-05-27,SZ002236,-0.00022909395526282727,EXP_CatBoostModel_Alpha158_csi300_custom_step0_s_20260527_18,ec52ca6fec8645b5a47796cdd5d9dc63,0.048,,,
2342,2026-05-27,SZ002230,-0.0007585343055502706,EXP_CatBoostModel_Alpha158_csi300_custom_step0_s_20260527_18,ec52ca6fec8645b5a47796cdd5d9dc63,0.048,,,
2343,2026-05-27,SZ002179,-0.0014015447801942688,EXP_CatBoostModel_Alpha158_csi300_custom_step0_s_20260527_18,ec52ca6fec8645b5a47796cdd5d9dc63,0.048,,,
2344,2026-05-27,SZ000708,-0.004904921604152606,EXP_CatBoostModel_Alpha158_csi300_custom_step0_s_20260527_18,ec52ca6fec8645b5a47796cdd5d9dc63,0.048,,,
2345,2026-05-27,SZ002142,-0.004331729570153777,EXP_CatBoostModel_Alpha158_csi300_custom_step0_s_20260527_18,ec52ca6fec8645b5a47796cdd5d9dc63,0.048,,,
2346,2026-05-27,SZ002050,-0.0012625802591394917,EXP_CatBoostModel_Alpha158_csi300_custom_step0_s_20260527_18,ec52ca6fec8645b5a47796cdd5d9dc63,0.048,,,
2347,2026-05-27,SZ002049,0.04555126827178108,EXP_CatBoostModel_Alpha158_csi300_custom_step0_s_20260527_18,ec52ca6fec8645b5a47796cdd5d9dc63,0.048,,,
2348,2026-05-27,SZ002028,-0.009092893166481207,EXP_CatBoostModel_Alpha158_csi300_custom_step0_s_20260527_18,ec52ca6fec8645b5a47796cdd5d9dc63,0.048,,,
2349,2026-05-27,SZ002027,-0.0007176789650727933,EXP_CatBoostModel_Alpha158_csi300_custom_step0_s_20260527_18,ec52ca6fec8645b5a47796cdd5d9dc63,0.048,,,
2350,2026-05-27,SZ002001,0.007085612702278247,EXP_CatBoostModel_Alpha158_csi300_custom_step0_s_20260527_18,ec52ca6fec8645b5a47796cdd5d9dc63,0.048,,,
2351,2026-05-27,SZ001979,-0.0020539705073698796,EXP_CatBoostModel_Alpha158_csi300_custom_step0_s_20260527_18,ec52ca6fec8645b5a47796cdd5d9dc63,0.048,,,
2352,2026-05-27,SZ002074,0.018093340110817827,EXP_CatBoostModel_Alpha158_csi300_custom_step0_s_20260527_18,ec52ca6fec8645b5a47796cdd5d9dc63,0.048,,,
2353,2026-05-27,SH688012,-0.02106272751906861,EXP_CatBoostModel_Alpha158_csi300_custom_step0_s_20260527_18,ec52ca6fec8645b5a47796cdd5d9dc63,0.048,,,
2354,2026-05-27,SZ000661,-0.007402273746331846,EXP_CatBoostModel_Alpha158_csi300_custom_step0_s_20260527_18,ec52ca6fec8645b5a47796cdd5d9dc63,0.048,,,
2355,2026-05-27,SZ000630,0.0023771050753782414,EXP_CatBoostModel_Alpha158_csi300_custom_step0_s_20260527_18,ec52ca6fec8645b5a47796cdd5d9dc63,0.048,,,
2356,2026-05-27,SH688041,0.0018599234273393578,EXP_CatBoostModel_Alpha158_csi300_custom_step0_s_20260527_18,ec52ca6fec8645b5a47796cdd5d9dc63,0.048,,,
2357,2026-05-27,SH688047,0.00201198859905372,EXP_CatBoostModel_Alpha158_csi300_custom_step0_s_20260527_18,ec52ca6fec8645b5a47796cdd5d9dc63,0.048,,,
2358,2026-05-27,SH688082,-0.10402470277228128,EXP_CatBoostModel_Alpha158_csi300_custom_step0_s_20260527_18,ec52ca6fec8645b5a47796cdd5d9dc63,0.048,,,
2359,2026-05-27,SH688111,-0.0021409513562128503,EXP_CatBoostModel_Alpha158_csi300_custom_step0_s_20260527_18,ec52ca6fec8645b5a47796cdd5d9dc63,0.048,,,
2360,2026-05-27,SH688126,-0.0018789496572425273,EXP_CatBoostModel_Alpha158_csi300_custom_step0_s_20260527_18,ec52ca6fec8645b5a47796cdd5d9dc63,0.048,,,
2361,2026-05-27,SH688169,0.0031949043385498988,EXP_CatBoostModel_Alpha158_csi300_custom_step0_s_20260527_18,ec52ca6fec8645b5a47796cdd5d9dc63,0.048,,,
2362,2026-05-27,SH688187,0.04080527486186354,EXP_CatBoostModel_Alpha158_csi300_custom_step0_s_20260527_18,ec52ca6fec8645b5a47796cdd5d9dc63,0.048,,,
2363,2026-05-27,SH688223,0.021075005883729767,EXP_CatBoostModel_Alpha158_csi300_custom_step0_s_20260527_18,ec52ca6fec8645b5a47796cdd5d9dc63,0.048,,,
2364,2026-05-27,SH688256,0.0376901022340945,EXP_CatBoostModel_Alpha158_csi300_custom_step0_s_20260527_18,ec52ca6fec8645b5a47796cdd5d9dc63,0.048,,,
2365,2026-05-27,SH688271,-0.003967592063705329,EXP_CatBoostModel_Alpha158_csi300_custom_step0_s_20260527_18,ec52ca6fec8645b5a47796cdd5d9dc63,0.048,,,
2366,2026-05-27,SH688303,-0.0008958525489586081,EXP_CatBoostModel_Alpha158_csi300_custom_step0_s_20260527_18,ec52ca6fec8645b5a47796cdd5d9dc63,0.048,,,
2367,2026-05-27,SH688396,0.030368093001181488,EXP_CatBoostModel_Alpha158_csi300_custom_step0_s_20260527_18,ec52ca6fec8645b5a47796cdd5d9dc63,0.048,,,
2368,2026-05-27,SH688472,0.003827759647693587,EXP_CatBoostModel_Alpha158_csi300_custom_step0_s_20260527_18,ec52ca6fec8645b5a47796cdd5d9dc63,0.048,,,
2369,2026-05-27,SH688506,0.009964713597909711,EXP_CatBoostModel_Alpha158_csi300_custom_step0_s_20260527_18,ec52ca6fec8645b5a47796cdd5d9dc63,0.048,,,
2370,2026-05-27,SH688981,-0.0017847073797026079,EXP_CatBoostModel_Alpha158_csi300_custom_step0_s_20260527_18,ec52ca6fec8645b5a47796cdd5d9dc63,0.048,,,
2371,2026-05-27,SZ000001,-0.013842051665714367,EXP_CatBoostModel_Alpha158_csi300_custom_step0_s_20260527_18,ec52ca6fec8645b5a47796cdd5d9dc63,0.048,,,
2372,2026-05-27,SZ000002,0.027479052685060873,EXP_CatBoostModel_Alpha158_csi300_custom_step0_s_20260527_18,ec52ca6fec8645b5a47796cdd5d9dc63,0.048,,,
2373,2026-05-27,SZ000625,0.0010379123841139188,EXP_CatBoostModel_Alpha158_csi300_custom_step0_s_20260527_18,ec52ca6fec8645b5a47796cdd5d9dc63,0.048,,,
2374,2026-05-27,SZ000617,0.0032632447737426405,EXP_CatBoostModel_Alpha158_csi300_custom_step0_s_20260527_18,ec52ca6fec8645b5a47796cdd5d9dc63,0.048,,,
2375,2026-05-27,SZ000596,-0.010233482149476211,EXP_CatBoostModel_Alpha158_csi300_custom_step0_s_20260527_18,ec52ca6fec8645b5a47796cdd5d9dc63,0.048,,,
2376,2026-05-27,SZ000568,-0.00855967629637073,EXP_CatBoostModel_Alpha158_csi300_custom_step0_s_20260527_18,ec52ca6fec8645b5a47796cdd5d9dc63,0.048,,,
2377,2026-05-27,SZ000538,-0.009817077274403145,EXP_CatBoostModel_Alpha158_csi300_custom_step0_s_20260527_18,ec52ca6fec8645b5a47796cdd5d9dc63,0.048,,,
2378,2026-05-27,SZ000425,0.006837332299510642,EXP_CatBoostModel_Alpha158_csi300_custom_step0_s_20260527_18,ec52ca6fec8645b5a47796cdd5d9dc63,0.048,,,
2379,2026-05-27,SZ000651,-0.005949113982050743,EXP_CatBoostModel_Alpha158_csi300_custom_step0_s_20260527_18,ec52ca6fec8645b5a47796cdd5d9dc63,0.048,,,
2380,2026-05-27,SZ000408,-0.0001812330217914516,EXP_CatBoostModel_Alpha158_csi300_custom_step0_s_20260527_18,ec52ca6fec8645b5a47796cdd5d9dc63,0.048,,,
2381,2026-05-27,SZ000333,0.005024166929978591,EXP_CatBoostModel_Alpha158_csi300_custom_step0_s_20260527_18,ec52ca6fec8645b5a47796cdd5d9dc63,0.048,,,
2382,2026-05-27,SZ000301,-0.0007556594475248649,EXP_CatBoostModel_Alpha158_csi300_custom_step0_s_20260527_18,ec52ca6fec8645b5a47796cdd5d9dc63,0.048,,,
2383,2026-05-27,SZ000166,-0.00956592492943366,EXP_CatBoostModel_Alpha158_csi300_custom_step0_s_20260527_18,ec52ca6fec8645b5a47796cdd5d9dc63,0.048,,,
2384,2026-05-27,SZ000157,-0.0004551530158025986,EXP_CatBoostModel_Alpha158_csi300_custom_step0_s_20260527_18,ec52ca6fec8645b5a47796cdd5d9dc63,0.048,,,
2385,2026-05-27,SZ000100,0.001120560150066191,EXP_CatBoostModel_Alpha158_csi300_custom_step0_s_20260527_18,ec52ca6fec8645b5a47796cdd5d9dc63,0.048,,,
2386,2026-05-27,SZ000063,-0.007294938302154932,EXP_CatBoostModel_Alpha158_csi300_custom_step0_s_20260527_18,ec52ca6fec8645b5a47796cdd5d9dc63,0.048,,,
2387,2026-05-27,SZ000338,0.02779718822419029,EXP_CatBoostModel_Alpha158_csi300_custom_step0_s_20260527_18,ec52ca6fec8645b5a47796cdd5d9dc63,0.048,,,
2388,2026-05-27,SH601225,-0.009092893166481207,EXP_CatBoostModel_Alpha158_csi300_custom_step0_s_20260527_18,ec52ca6fec8645b5a47796cdd5d9dc63,0.048,,,
2389,2026-05-27,SH601211,-0.006196358087100387,EXP_CatBoostModel_Alpha158_csi300_custom_step0_s_20260527_18,ec52ca6fec8645b5a47796cdd5d9dc63,0.048,,,
2390,2026-05-27,SH601186,-0.010290109037355598,EXP_CatBoostModel_Alpha158_csi300_custom_step0_s_20260527_18,ec52ca6fec8645b5a47796cdd5d9dc63,0.048,,,
2391,2026-05-27,SZ302132,-0.0013800648103027139,EXP_CatBoostModel_Alpha158_csi300_custom_step0_s_20260527_18,f39012fdd5644bf08d7ab94a73db5a65,0.05,,,
2392,2026-05-27,SH600000,-0.003581207311573649,EXP_CatBoostModel_Alpha158_csi300_custom_step0_s_20260527_18,ec52ca6fec8645b5a47796cdd5d9dc63,0.048,,,
2393,2026-05-27,SH600009,-0.009092893166481207,EXP_CatBoostModel_Alpha158_csi300_custom_step0_s_20260527_18,ec52ca6fec8645b5a47796cdd5d9dc63,0.048,,,
2394,2026-05-27,SH600010,-0.002173070833145391,EXP_CatBoostModel_Alpha158_csi300_custom_step0_s_20260527_18,ec52ca6fec8645b5a47796cdd5d9dc63,0.048,,,
2395,2026-05-27,SH600011,0.002270411767140613,EXP_CatBoostModel_Alpha158_csi300_custom_step0_s_20260527_18,ec52ca6fec8645b5a47796cdd5d9dc63,0.048,,,
2396,2026-05-27,SH600015,-0.011586462717229242,EXP_CatBoostModel_Alpha158_csi300_custom_step0_s_20260527_18,ec52ca6fec8645b5a47796cdd5d9dc63,0.048,,,
2397,2026-05-27,SH600016,-0.010220014530568767,EXP_CatBoostModel_Alpha158_csi300_custom_step0_s_20260527_18,ec52ca6fec8645b5a47796cdd5d9dc63,0.048,,,
2398,2026-05-27,SH600018,0.001910915851711288,EXP_CatBoostModel_Alpha158_csi300_custom_step0_s_20260527_18,ec52ca6fec8645b5a47796cdd5d9dc63,0.048,,,
2399,2026-05-27,SH600019,-0.006025399021916145,EXP_CatBoostModel_Alpha158_csi300_custom_step0_s_20260527_18,ec52ca6fec8645b5a47796cdd5d9dc63,0.048,,,
2400,2026-05-27,SH600023,0.002992330253031767,EXP_CatBoostModel_Alpha158_csi300_custom_step0_s_20260527_18,ec52ca6fec8645b5a47796cdd5d9dc63,0.048,,,
2401,2026-05-27,SH600025,-0.003581207311573649,EXP_CatBoostModel_Alpha158_csi300_custom_step0_s_20260527_18,ec52ca6fec8645b5a47796cdd5d9dc63,0.048,,,
2402,2026-05-27,SH600026,0.0027735242759032615,EXP_CatBoostModel_Alpha158_csi300_custom_step0_s_20260527_18,ec52ca6fec8645b5a47796cdd5d9dc63,0.048,,,
2403,2026-05-27,SH600027,0.002270411767140613,EXP_CatBoostModel_Alpha158_csi300_custom_step0_s_20260527_18,ec52ca6fec8645b5a47796cdd5d9dc63,0.048,,,
2404,2026-05-27,SH600028,-0.0026804854054313207,EXP_CatBoostModel_Alpha158_csi300_custom_step0_s_20260527_18,ec52ca6fec8645b5a47796cdd5d9dc63,0.048,,,
2405,2026-05-27,SH600029,0.0008214745189077098,EXP_CatBoostModel_Alpha158_csi300_custom_step0_s_20260527_18,ec52ca6fec8645b5a47796cdd5d9dc63,0.048,,,
2406,2026-05-27,SH600030,-0.007477362223357851,EXP_CatBoostModel_Alpha158_csi300_custom_step0_s_20260527_18,ec52ca6fec8645b5a47796cdd5d9dc63,0.048,,,
2407,2026-05-27,SH600031,-0.0022257786291375115,EXP_CatBoostModel_Alpha158_csi300_custom_step0_s_20260527_18,ec52ca6fec8645b5a47796cdd5d9dc63,0.048,,,
2408,2026-05-27,SH600161,-0.0029440685059684097,EXP_CatBoostModel_Alpha158_csi300_custom_step0_s_20260527_18,ec52ca6fec8645b5a47796cdd5d9dc63,0.048,,,
2409,2026-05-27,SH600160,-0.0007343014109838682,EXP_CatBoostModel_Alpha158_csi300_custom_step0_s_20260527_18,ec52ca6fec8645b5a47796cdd5d9dc63,0.048,,,
2410,2026-05-27,SH600150,0.013352168252949985,EXP_CatBoostModel_Alpha158_csi300_custom_step0_s_20260527_18,ec52ca6fec8645b5a47796cdd5d9dc63,0.048,,,
2411,2026-05-27,SH600115,-0.0007343014109838682,EXP_CatBoostModel_Alpha158_csi300_custom_step0_s_20260527_18,ec52ca6fec8645b5a47796cdd5d9dc63,0.048,,,
2412,2026-05-27,SH600111,0.005541072299401909,EXP_CatBoostModel_Alpha158_csi300_custom_step0_s_20260527_18,ec52ca6fec8645b5a47796cdd5d9dc63,0.048,,,
2413,2026-05-27,SH600104,-0.005566420454994444,EXP_CatBoostModel_Alpha158_csi300_custom_step0_s_20260527_18,ec52ca6fec8645b5a47796cdd5d9dc63,0.048,,,
2414,2026-05-27,SZ301269,0.0006253619678251939,EXP_CatBoostModel_Alpha158_csi300_custom_step0_s_20260527_18,f39012fdd5644bf08d7ab94a73db5a65,0.05,,,
2415,2026-05-27,SH600089,0.0051700911738765554,EXP_CatBoostModel_Alpha158_csi300_custom_step0_s_20260527_18,ec52ca6fec8645b5a47796cdd5d9dc63,0.048,,,
2416,2026-05-27,SH600066,-0.005712457751196311,EXP_CatBoostModel_Alpha158_csi300_custom_step0_s_20260527_18,ec52ca6fec8645b5a47796cdd5d9dc63,0.048,,,
2417,2026-05-27,SH600061,-0.00633722809644241,EXP_CatBoostModel_Alpha158_csi300_custom_step0_s_20260527_18,ec52ca6fec8645b5a47796cdd5d9dc63,0.048,,,
2418,2026-05-27,SH600050,-0.001992303531275892,EXP_CatBoostModel_Alpha158_csi300_custom_step0_s_20260527_18,ec52ca6fec8645b5a47796cdd5d9dc63,0.048,,,
2419,2026-05-27,SH600048,-0.0020539705073698796,EXP_CatBoostModel_Alpha158_csi300_custom_step0_s_20260527_18,ec52ca6fec8645b5a47796cdd5d9dc63,0.048,,,
2420,2026-05-27,SH600039,-0.019151538237539442,EXP_CatBoostModel_Alpha158_csi300_custom_step0_s_20260527_18,ec52ca6fec8645b5a47796cdd5d9dc63,0.048,,,
2421,2026-05-27,SH600036,-0.011581545520303379,EXP_CatBoostModel_Alpha158_csi300_custom_step0_s_20260527_18,ec52ca6fec8645b5a47796cdd5d9dc63,0.048,,,
2422,2026-05-27,SH600085,-0.010233482149476211,EXP_CatBoostModel_Alpha158_csi300_custom_step0_s_20260527_18,ec52ca6fec8645b5a47796cdd5d9dc63,0.048,,,
2423,2026-05-27,SH600176,0.09999953541124607,EXP_CatBoostModel_Alpha158_csi300_custom_step0_s_20260527_18,ec52ca6fec8645b5a47796cdd5d9dc63,0.048,,,
2424,2026-05-27,SZ301236,-0.005599781482115175,EXP_CatBoostModel_Alpha158_csi300_custom_step0_s_20260527_18,f39012fdd5644bf08d7ab94a73db5a65,0.05,,,
2425,2026-05-27,SZ300979,-0.0013800648103027139,EXP_CatBoostModel_Alpha158_csi300_custom_step0_s_20260527_18,f39012fdd5644bf08d7ab94a73db5a65,0.05,,,
2426,2026-05-27,SZ003816,-0.0013800648103027139,EXP_CatBoostModel_Alpha158_csi300_custom_step0_s_20260527_18,f39012fdd5644bf08d7ab94a73db5a65,0.05,,,
2427,2026-05-27,SZ300014,-0.000610512465889629,EXP_CatBoostModel_Alpha158_csi300_custom_step0_s_20260527_18,f39012fdd5644bf08d7ab94a73db5a65,0.05,,,
2428,2026-05-27,SZ300015,-0.0013800648103027139,EXP_CatBoostModel_Alpha158_csi300_custom_step0_s_20260527_18,f39012fdd5644bf08d7ab94a73db5a65,0.05,,,
2429,2026-05-27,SZ300033,-0.0013800648103027139,EXP_CatBoostModel_Alpha158_csi300_custom_step0_s_20260527_18,f39012fdd5644bf08d7ab94a73db5a65,0.05,,,
2430,2026-05-27,SZ300059,0.0014504945061926502,EXP_CatBoostModel_Alpha158_csi300_custom_step0_s_20260527_18,f39012fdd5644bf08d7ab94a73db5a65,0.05,,,
2431,2026-05-27,SZ300122,0.0006253619678251939,EXP_CatBoostModel_Alpha158_csi300_custom_step0_s_20260527_18,f39012fdd5644bf08d7ab94a73db5a65,0.05,,,
2432,2026-05-27,SZ300124,-0.0013800648103027139,EXP_CatBoostModel_Alpha158_csi300_custom_step0_s_20260527_18,f39012fdd5644bf08d7ab94a73db5a65,0.05,,,
2433,2026-05-27,SZ300251,-0.0013800648103027139,EXP_CatBoostModel_Alpha158_csi300_custom_step0_s_20260527_18,f39012fdd5644bf08d7ab94a73db5a65,0.05,,,
2434,2026-05-27,SZ300274,0.0006253619678251939,EXP_CatBoostModel_Alpha158_csi300_custom_step0_s_20260527_18,f39012fdd5644bf08d7ab94a73db5a65,0.05,,,
2435,2026-05-27,SZ300308,-0.0013800648103027139,EXP_CatBoostModel_Alpha158_csi300_custom_step0_s_20260527_18,f39012fdd5644bf08d7ab94a73db5a65,0.05,,,
2436,2026-05-27,SZ300316,-0.0013800648103027139,EXP_CatBoostModel_Alpha158_csi300_custom_step0_s_20260527_18,f39012fdd5644bf08d7ab94a73db5a65,0.05,,,
2437,2026-05-27,SZ300347,0.014663981954031508,EXP_CatBoostModel_Alpha158_csi300_custom_step0_s_20260527_18,f39012fdd5644bf08d7ab94a73db5a65,0.05,,,
2438,2026-05-27,SZ300394,-0.0013800648103027139,EXP_CatBoostModel_Alpha158_csi300_custom_step0_s_20260527_18,f39012fdd5644bf08d7ab94a73db5a65,0.05,,,
2439,2026-05-27,SZ300408,-0.0005783720130645297,EXP_CatBoostModel_Alpha158_csi300_custom_step0_s_20260527_18,f39012fdd5644bf08d7ab94a73db5a65,0.05,,,
2440,2026-05-27,SZ300413,-0.0013800648103027139,EXP_CatBoostModel_Alpha158_csi300_custom_step0_s_20260527_18,f39012fdd5644bf08d7ab94a73db5a65,0.05,,,
2441,2026-05-27,SZ300418,-0.0005145796747345673,EXP_CatBoostModel_Alpha158_csi300_custom_step0_s_20260527_18,f39012fdd5644bf08d7ab94a73db5a65,0.05,,,
2442,2026-05-27,SZ300433,-0.0005783720130645297,EXP_CatBoostModel_Alpha158_csi300_custom_step0_s_20260527_18,f39012fdd5644bf08d7ab94a73db5a65,0.05,,,
2443,2026-05-27,SZ300896,-0.0013800648103027139,EXP_CatBoostModel_Alpha158_csi300_custom_step0_s_20260527_18,f39012fdd5644bf08d7ab94a73db5a65,0.05,,,
2444,2026-05-27,SZ300866,-0.0013800648103027139,EXP_CatBoostModel_Alpha158_csi300_custom_step0_s_20260527_18,f39012fdd5644bf08d7ab94a73db5a65,0.05,,,
2445,2026-05-27,SZ300832,-0.0013800648103027139,EXP_CatBoostModel_Alpha158_csi300_custom_step0_s_20260527_18,f39012fdd5644bf08d7ab94a73db5a65,0.05,,,
2446,2026-05-27,SZ300803,0.0011096144497969172,EXP_CatBoostModel_Alpha158_csi300_custom_step0_s_20260527_18,f39012fdd5644bf08d7ab94a73db5a65,0.05,,,
2447,2026-05-27,SZ300782,-0.0013800648103027139,EXP_CatBoostModel_Alpha158_csi300_custom_step0_s_20260527_18,f39012fdd5644bf08d7ab94a73db5a65,0.05,,,
2448,2026-05-27,SZ300760,-0.0013800648103027139,EXP_CatBoostModel_Alpha158_csi300_custom_step0_s_20260527_18,f39012fdd5644bf08d7ab94a73db5a65,0.05,,,
2449,2026-05-27,SZ300999,0.0006253619678251939,EXP_CatBoostModel_Alpha158_csi300_custom_step0_s_20260527_18,f39012fdd5644bf08d7ab94a73db5a65,0.05,,,
2450,2026-05-27,SZ300759,-0.0013800648103027139,EXP_CatBoostModel_Alpha158_csi300_custom_step0_s_20260527_18,f39012fdd5644bf08d7ab94a73db5a65,0.05,,,
2451,2026-05-27,SZ300661,-0.0005783720130645297,EXP_CatBoostModel_Alpha158_csi300_custom_step0_s_20260527_18,f39012fdd5644bf08d7ab94a73db5a65,0.05,,,
2452,2026-05-27,SZ300628,0.0011096144497969172,EXP_CatBoostModel_Alpha158_csi300_custom_step0_s_20260527_18,f39012fdd5644bf08d7ab94a73db5a65,0.05,,,
2453,2026-05-27,SZ300502,-0.0013800648103027139,EXP_CatBoostModel_Alpha158_csi300_custom_step0_s_20260527_18,f39012fdd5644bf08d7ab94a73db5a65,0.05,,,
2454,2026-05-27,SZ300498,-0.0005145796747345673,EXP_CatBoostModel_Alpha158_csi300_custom_step0_s_20260527_18,f39012fdd5644bf08d7ab94a73db5a65,0.05,,,
2455,2026-05-27,SZ300476,-0.0013800648103027139,EXP_CatBoostModel_Alpha158_csi300_custom_step0_s_20260527_18,f39012fdd5644bf08d7ab94a73db5a65,0.05,,,
2456,2026-05-27,SZ300442,-0.005599781482115175,EXP_CatBoostModel_Alpha158_csi300_custom_step0_s_20260527_18,f39012fdd5644bf08d7ab94a73db5a65,0.05,,,
2457,2026-05-27,SZ300750,0.0006253619678251939,EXP_CatBoostModel_Alpha158_csi300_custom_step0_s_20260527_18,f39012fdd5644bf08d7ab94a73db5a65,0.05,,,
2458,2026-05-27,SH600183,0.02152190616010632,EXP_CatBoostModel_Alpha158_csi300_custom_step0_s_20260527_18,ec52ca6fec8645b5a47796cdd5d9dc63,0.048,,,
2459,2026-05-27,SH600188,0.002372115240369516,EXP_CatBoostModel_Alpha158_csi300_custom_step0_s_20260527_18,ec52ca6fec8645b5a47796cdd5d9dc63,0.048,,,
2460,2026-05-27,SH600196,-0.014955270490376737,EXP_CatBoostModel_Alpha158_csi300_custom_step0_s_20260527_18,ec52ca6fec8645b5a47796cdd5d9dc63,0.048,,,
2461,2026-05-27,SH600887,0.0037245084575463464,EXP_CatBoostModel_Alpha158_csi300_custom_step0_s_20260527_18,ec52ca6fec8645b5a47796cdd5d9dc63,0.048,,,
2462,2026-05-27,SH600893,-0.0019871425394469397,EXP_CatBoostModel_Alpha158_csi300_custom_step0_s_20260527_18,ec52ca6fec8645b5a47796cdd5d9dc63,0.048,,,
2463,2026-05-27,SH600900,-0.0013301817984648213,EXP_CatBoostModel_Alpha158_csi300_custom_step0_s_20260527_18,ec52ca6fec8645b5a47796cdd5d9dc63,0.048,,,
2464,2026-05-27,SH600905,-0.002930635744542795,EXP_CatBoostModel_Alpha158_csi300_custom_step0_s_20260527_18,ec52ca6fec8645b5a47796cdd5d9dc63,0.048,,,
2465,2026-05-27,SH600918,-0.009746982767616314,EXP_CatBoostModel_Alpha158_csi300_custom_step0_s_20260527_18,ec52ca6fec8645b5a47796cdd5d9dc63,0.048,,,
2466,2026-05-27,SH600919,-0.011851180285586517,EXP_CatBoostModel_Alpha158_csi300_custom_step0_s_20260527_18,ec52ca6fec8645b5a47796cdd5d9dc63,0.048,,,
2467,2026-05-27,SH600926,-0.014452000116727244,EXP_CatBoostModel_Alpha158_csi300_custom_step0_s_20260527_18,ec52ca6fec8645b5a47796cdd5d9dc63,0.048,,,
2468,2026-05-27,SH600930,0.0012761772294219585,EXP_CatBoostModel_Alpha158_csi300_custom_step0_s_20260527_18,ec52ca6fec8645b5a47796cdd5d9dc63,0.048,,,
2469,2026-05-27,SH600938,-0.0005467198998885516,EXP_CatBoostModel_Alpha158_csi300_custom_step0_s_20260527_18,ec52ca6fec8645b5a47796cdd5d9dc63,0.048,,,
2470,2026-05-27,SH600941,0.0037245084575463464,EXP_CatBoostModel_Alpha158_csi300_custom_step0_s_20260527_18,ec52ca6fec8645b5a47796cdd5d9dc63,0.048,,,
2471,2026-05-27,SH600958,-0.0056999015992797095,EXP_CatBoostModel_Alpha158_csi300_custom_step0_s_20260527_18,ec52ca6fec8645b5a47796cdd5d9dc63,0.048,,,
2472,2026-05-27,SH600989,0.013974833539343708,EXP_CatBoostModel_Alpha158_csi300_custom_step0_s_20260527_18,ec52ca6fec8645b5a47796cdd5d9dc63,0.048,,,
2473,2026-05-27,SH600999,0.0014146975039507827,EXP_CatBoostModel_Alpha158_csi300_custom_step0_s_20260527_18,ec52ca6fec8645b5a47796cdd5d9dc63,0.048,,,
2474,2026-05-27,SH601006,-0.014452000116727244,EXP_CatBoostModel_Alpha158_csi300_custom_step0_s_20260527_18,ec52ca6fec8645b5a47796cdd5d9dc63,0.048,,,
2475,2026-05-27,SH601009,-0.0071685763233538015,EXP_CatBoostModel_Alpha158_csi300_custom_step0_s_20260527_18,ec52ca6fec8645b5a47796cdd5d9dc63,0.048,,,
2476,2026-05-27,SH601012,0.01017026955807546,EXP_CatBoostModel_Alpha158_csi300_custom_step0_s_20260527_18,ec52ca6fec8645b5a47796cdd5d9dc63,0.048,,,
2477,2026-05-27,SH601018,-0.010454395883748656,EXP_CatBoostModel_Alpha158_csi300_custom_step0_s_20260527_18,ec52ca6fec8645b5a47796cdd5d9dc63,0.048,,,
2478,2026-05-27,SH601169,-0.01422943943294356,EXP_CatBoostModel_Alpha158_csi300_custom_step0_s_20260527_18,ec52ca6fec8645b5a47796cdd5d9dc63,0.048,,,
2479,2026-05-27,SH601166,-0.00901013613728399,EXP_CatBoostModel_Alpha158_csi300_custom_step0_s_20260527_18,ec52ca6fec8645b5a47796cdd5d9dc63,0.048,,,
2480,2026-05-27,SH601138,0.02169376477402899,EXP_CatBoostModel_Alpha158_csi300_custom_step0_s_20260527_18,ec52ca6fec8645b5a47796cdd5d9dc63,0.048,,,
2481,2026-05-27,SH601136,-0.006062662947255075,EXP_CatBoostModel_Alpha158_csi300_custom_step0_s_20260527_18,ec52ca6fec8645b5a47796cdd5d9dc63,0.048,,,
2482,2026-05-27,SH601127,-0.008689927637848422,EXP_CatBoostModel_Alpha158_csi300_custom_step0_s_20260527_18,ec52ca6fec8645b5a47796cdd5d9dc63,0.048,,,
2483,2026-05-27,SH601117,-0.0020630416888066452,EXP_CatBoostModel_Alpha158_csi300_custom_step0_s_20260527_18,ec52ca6fec8645b5a47796cdd5d9dc63,0.048,,,
2484,2026-05-27,SH600886,-0.0007585343055502706,EXP_CatBoostModel_Alpha158_csi300_custom_step0_s_20260527_18,ec52ca6fec8645b5a47796cdd5d9dc63,0.048,,,
2485,2026-05-27,SH601111,0.001926645234464982,EXP_CatBoostModel_Alpha158_csi300_custom_step0_s_20260527_18,ec52ca6fec8645b5a47796cdd5d9dc63,0.048,,,
2486,2026-05-27,SH601088,-0.010335727825652952,EXP_CatBoostModel_Alpha158_csi300_custom_step0_s_20260527_18,ec52ca6fec8645b5a47796cdd5d9dc63,0.048,,,
2487,2026-05-27,SH601077,-0.00916674199223208,EXP_CatBoostModel_Alpha158_csi300_custom_step0_s_20260527_18,ec52ca6fec8645b5a47796cdd5d9dc63,0.048,,,
2488,2026-05-27,SH601066,-0.000381639922468461,EXP_CatBoostModel_Alpha158_csi300_custom_step0_s_20260527_18,ec52ca6fec8645b5a47796cdd5d9dc63,0.048,,,
2489,2026-05-27,SH601059,-0.001975435748785297,EXP_CatBoostModel_Alpha158_csi300_custom_step0_s_20260527_18,ec52ca6fec8645b5a47796cdd5d9dc63,0.048,,,
2490,2026-05-27,SH601058,-0.011332746622847781,EXP_CatBoostModel_Alpha158_csi300_custom_step0_s_20260527_18,ec52ca6fec8645b5a47796cdd5d9dc63,0.048,,,
2491,2026-05-27,SH601021,-0.0034984502823764314,EXP_CatBoostModel_Alpha158_csi300_custom_step0_s_20260527_18,ec52ca6fec8645b5a47796cdd5d9dc63,0.048,,,
2492,2026-05-27,SH601100,-0.0011437281042507887,EXP_CatBoostModel_Alpha158_csi300_custom_step0_s_20260527_18,ec52ca6fec8645b5a47796cdd5d9dc63,0.048,,,
2493,2026-05-27,SH600875,-0.006418343433146395,EXP_CatBoostModel_Alpha158_csi300_custom_step0_s_20260527_18,ec52ca6fec8645b5a47796cdd5d9dc63,0.048,,,
2494,2026-05-27,SH600845,-0.004759479317875289,EXP_CatBoostModel_Alpha158_csi300_custom_step0_s_20260527_18,ec52ca6fec8645b5a47796cdd5d9dc63,0.048,,,
2495,2026-05-27,SH600809,-0.010233482149476211,EXP_CatBoostModel_Alpha158_csi300_custom_step0_s_20260527_18,ec52ca6fec8645b5a47796cdd5d9dc63,0.048,,,
2496,2026-05-27,SH600460,0.02562209959126395,EXP_CatBoostModel_Alpha158_csi300_custom_step0_s_20260527_18,ec52ca6fec8645b5a47796cdd5d9dc63,0.048,,,
2497,2026-05-27,SH600438,-0.005546022804929324,EXP_CatBoostModel_Alpha158_csi300_custom_step0_s_20260527_18,ec52ca6fec8645b5a47796cdd5d9dc63,0.048,,,
2498,2026-05-27,SH600436,-0.011334551303073979,EXP_CatBoostModel_Alpha158_csi300_custom_step0_s_20260527_18,ec52ca6fec8645b5a47796cdd5d9dc63,0.048,,,
2499,2026-05-27,SH600426,0.0488355628816046,EXP_CatBoostModel_Alpha158_csi300_custom_step0_s_20260527_18,ec52ca6fec8645b5a47796cdd5d9dc63,0.048,,,
2500,2026-05-27,SH600415,-0.0017105635136808416,EXP_CatBoostModel_Alpha158_csi300_custom_step0_s_20260527_18,ec52ca6fec8645b5a47796cdd5d9dc63,0.048,,,
2501,2026-05-27,SH600406,-0.007454360207392411,EXP_CatBoostModel_Alpha158_csi300_custom_step0_s_20260527_18,ec52ca6fec8645b5a47796cdd5d9dc63,0.048,,,
2502,2026-05-27,SH600482,0.009026744875832196,EXP_CatBoostModel_Alpha158_csi300_custom_step0_s_20260527_18,ec52ca6fec8645b5a47796cdd5d9dc63,0.048,,,
2503,2026-05-27,SH600377,-0.0016812983949007054,EXP_CatBoostModel_Alpha158_csi300_custom_step0_s_20260527_18,ec52ca6fec8645b5a47796cdd5d9dc63,0.048,,,
2504,2026-05-27,SH600362,-0.0007411946756093082,EXP_CatBoostModel_Alpha158_csi300_custom_step0_s_20260527_18,ec52ca6fec8645b5a47796cdd5d9dc63,0.048,,,
2505,2026-05-27,SH600346,0.0488355628816046,EXP_CatBoostModel_Alpha158_csi300_custom_step0_s_20260527_18,ec52ca6fec8645b5a47796cdd5d9dc63,0.048,,,
2506,2026-05-27,SH600309,0.01942315907742313,EXP_CatBoostModel_Alpha158_csi300_custom_step0_s_20260527_18,ec52ca6fec8645b5a47796cdd5d9dc63,0.048,,,
2507,2026-05-27,SH600276,-0.014955270490376737,EXP_CatBoostModel_Alpha158_csi300_custom_step0_s_20260527_18,ec52ca6fec8645b5a47796cdd5d9dc63,0.048,,,
2508,2026-05-27,SH600233,-0.005846497816440269,EXP_CatBoostModel_Alpha158_csi300_custom_step0_s_20260527_18,ec52ca6fec8645b5a47796cdd5d9dc63,0.048,,,
2509,2026-05-27,SH600219,-0.006900305891852195,EXP_CatBoostModel_Alpha158_csi300_custom_step0_s_20260527_18,ec52ca6fec8645b5a47796cdd5d9dc63,0.048,,,
2510,2026-05-27,SH600372,0.008782096837062124,EXP_CatBoostModel_Alpha158_csi300_custom_step0_s_20260527_18,ec52ca6fec8645b5a47796cdd5d9dc63,0.048,,,
2511,2026-05-27,SZ002311,-0.0029266605550699685,EXP_CatBoostModel_Alpha158_csi300_custom_step0_s_20260527_18,ec52ca6fec8645b5a47796cdd5d9dc63,0.048,,,
2512,2026-05-27,SH600489,0.0050277130196428755,EXP_CatBoostModel_Alpha158_csi300_custom_step0_s_20260527_18,ec52ca6fec8645b5a47796cdd5d9dc63,0.048,,,
2513,2026-05-27,SH600519,-0.009817077274403145,EXP_CatBoostModel_Alpha158_csi300_custom_step0_s_20260527_18,ec52ca6fec8645b5a47796cdd5d9dc63,0.048,,,
2514,2026-05-27,SH600803,-0.010686402347197201,EXP_CatBoostModel_Alpha158_csi300_custom_step0_s_20260527_18,ec52ca6fec8645b5a47796cdd5d9dc63,0.048,,,
2515,2026-05-27,SH600795,-0.00019444030819452832,EXP_CatBoostModel_Alpha158_csi300_custom_step0_s_20260527_18,ec52ca6fec8645b5a47796cdd5d9dc63,0.048,,,
2516,2026-05-27,SH600760,0.0015076534245559285,EXP_CatBoostModel_Alpha158_csi300_custom_step0_s_20260527_18,ec52ca6fec8645b5a47796cdd5d9dc63,0.048,,,
2517,2026-05-27,SH600741,-0.0010426918860344727,EXP_CatBoostModel_Alpha158_csi300_custom_step0_s_20260527_18,ec52ca6fec8645b5a47796cdd5d9dc63,0.048,,,
2518,2026-05-27,SH600690,-0.008090243228147862,EXP_CatBoostModel_Alpha158_csi300_custom_step0_s_20260527_18,ec52ca6fec8645b5a47796cdd5d9dc63,0.048,,,
2519,2026-05-27,SH600674,0.001910915851711288,EXP_CatBoostModel_Alpha158_csi300_custom_step0_s_20260527_18,ec52ca6fec8645b5a47796cdd5d9dc63,0.048,,,
2520,2026-05-27,SH600515,-0.004444953651331554,EXP_CatBoostModel_Alpha158_csi300_custom_step0_s_20260527_18,ec52ca6fec8645b5a47796cdd5d9dc63,0.048,,,
2521,2026-05-27,SH600660,-0.008442557884310144,EXP_CatBoostModel_Alpha158_csi300_custom_step0_s_20260527_18,ec52ca6fec8645b5a47796cdd5d9dc63,0.048,,,
2522,2026-05-27,SH600588,0.009576876556078386,EXP_CatBoostModel_Alpha158_csi300_custom_step0_s_20260527_18,ec52ca6fec8645b5a47796cdd5d9dc63,0.048,,,
2523,2026-05-27,SH600585,-0.004733962538968363,EXP_CatBoostModel_Alpha158_csi300_custom_step0_s_20260527_18,ec52ca6fec8645b5a47796cdd5d9dc63,0.048,,,
2524,2026-05-27,SH600584,-0.03496419501756923,EXP_CatBoostModel_Alpha158_csi300_custom_step0_s_20260527_18,ec52ca6fec8645b5a47796cdd5d9dc63,0.048,,,
2525,2026-05-27,SH600570,-0.006193869148557164,EXP_CatBoostModel_Alpha158_csi300_custom_step0_s_20260527_18,ec52ca6fec8645b5a47796cdd5d9dc63,0.048,,,
2526,2026-05-27,SH600547,0.008322439940251777,EXP_CatBoostModel_Alpha158_csi300_custom_step0_s_20260527_18,ec52ca6fec8645b5a47796cdd5d9dc63,0.048,,,
2527,2026-05-27,SH600522,0.029746160229645137,EXP_CatBoostModel_Alpha158_csi300_custom_step0_s_20260527_18,ec52ca6fec8645b5a47796cdd5d9dc63,0.048,,,
2528,2026-05-27,SH600600,-0.009092893166481207,EXP_CatBoostModel_Alpha158_csi300_custom_step0_s_20260527_18,ec52ca6fec8645b5a47796cdd5d9dc63,0.048,,,
2529,2026-05-27,SZ002938,-0.0005783720130645297,EXP_CatBoostModel_Alpha158_csi300_custom_step0_s_20260527_18,f39012fdd5644bf08d7ab94a73db5a65,0.05,,,
2530,2026-05-27,SZ002352,-0.005644971391319191,EXP_CatBoostModel_Alpha158_csi300_custom_step0_s_20260527_18,ec52ca6fec8645b5a47796cdd5d9dc63,0.048,,,
2531,2026-05-27,SZ002384,0.03679846785923079,EXP_CatBoostModel_Alpha158_csi300_custom_step0_s_20260527_18,ec52ca6fec8645b5a47796cdd5d9dc63,0.048,,,
2532,2026-05-27,SH601618,-2.682882726878059e-10,EXP_LGBModel_Alpha158_csi300_custom_step0_s_20260527_18,231e80c99fbf4a5db4d9d79032f3f9a8,0.074,,,
2533,2026-05-27,SH601628,-2.682882726878059e-10,EXP_LGBModel_Alpha158_csi300_custom_step0_s_20260527_18,231e80c99fbf4a5db4d9d79032f3f9a8,0.074,,,
2534,2026-05-27,SH601633,-0.0019307613550152043,EXP_LGBModel_Alpha158_csi300_custom_step0_s_20260527_18,231e80c99fbf4a5db4d9d79032f3f9a8,0.074,,,
2535,2026-05-27,SH601658,0.002366204723331103,EXP_LGBModel_Alpha158_csi300_custom_step0_s_20260527_18,231e80c99fbf4a5db4d9d79032f3f9a8,0.074,,,
2536,2026-05-27,SH601668,-2.682882726878059e-10,EXP_LGBModel_Alpha158_csi300_custom_step0_s_20260527_18,231e80c99fbf4a5db4d9d79032f3f9a8,0.074,,,
2537,2026-05-27,SH601669,-0.0025205994555204457,EXP_LGBModel_Alpha158_csi300_custom_step0_s_20260527_18,231e80c99fbf4a5db4d9d79032f3f9a8,0.074,,,
2538,2026-05-27,SH601688,-2.682882726878059e-10,EXP_LGBModel_Alpha158_csi300_custom_step0_s_20260527_18,231e80c99fbf4a5db4d9d79032f3f9a8,0.074,,,
2539,2026-05-27,SH601689,-2.682882726878059e-10,EXP_LGBModel_Alpha158_csi300_custom_step0_s_20260527_18,231e80c99fbf4a5db4d9d79032f3f9a8,0.074,,,
2540,2026-05-27,SH601698,-0.0025205994555204457,EXP_LGBModel_Alpha158_csi300_custom_step0_s_20260527_18,231e80c99fbf4a5db4d9d79032f3f9a8,0.074,,,
2541,2026-05-27,SH601728,-0.0025205994555204457,EXP_LGBModel_Alpha158_csi300_custom_step0_s_20260527_18,231e80c99fbf4a5db4d9d79032f3f9a8,0.074,,,
2542,2026-05-27,SH601766,-2.682882726878059e-10,EXP_LGBModel_Alpha158_csi300_custom_step0_s_20260527_18,231e80c99fbf4a5db4d9d79032f3f9a8,0.074,,,
2543,2026-05-27,SH601788,-0.0025205994555204457,EXP_LGBModel_Alpha158_csi300_custom_step0_s_20260527_18,231e80c99fbf4a5db4d9d79032f3f9a8,0.074,,,
2544,2026-05-27,SH601800,-0.0025205994555204457,EXP_LGBModel_Alpha158_csi300_custom_step0_s_20260527_18,231e80c99fbf4a5db4d9d79032f3f9a8,0.074,,,
2545,2026-05-27,SH601808,-0.00011946844827986863,EXP_LGBModel_Alpha158_csi300_custom_step0_s_20260527_18,231e80c99fbf4a5db4d9d79032f3f9a8,0.074,,,
2546,2026-05-27,SH601816,-2.682882726878059e-10,EXP_LGBModel_Alpha158_csi300_custom_step0_s_20260527_18,231e80c99fbf4a5db4d9d79032f3f9a8,0.074,,,
2547,2026-05-27,SH601818,-2.682882726878059e-10,EXP_LGBModel_Alpha158_csi300_custom_step0_s_20260527_18,231e80c99fbf4a5db4d9d79032f3f9a8,0.074,,,
2548,2026-05-27,SH601825,-2.682882726878059e-10,EXP_LGBModel_Alpha158_csi300_custom_step0_s_20260527_18,231e80c99fbf4a5db4d9d79032f3f9a8,0.074,,,
2549,2026-05-27,SH601939,-2.682882726878059e-10,EXP_LGBModel_Alpha158_csi300_custom_step0_s_20260527_18,231e80c99fbf4a5db4d9d79032f3f9a8,0.074,,,
2550,2026-05-27,SH601919,-0.0025205994555204457,EXP_LGBModel_Alpha158_csi300_custom_step0_s_20260527_18,231e80c99fbf4a5db4d9d79032f3f9a8,0.074,,,
2551,2026-05-27,SH601916,-2.682882726878059e-10,EXP_LGBModel_Alpha158_csi300_custom_step0_s_20260527_18,231e80c99fbf4a5db4d9d79032f3f9a8,0.074,,,
2552,2026-05-27,SH601901,0.002366204723331103,EXP_LGBModel_Alpha158_csi300_custom_step0_s_20260527_18,231e80c99fbf4a5db4d9d79032f3f9a8,0.074,,,
2553,2026-05-27,SH601899,-0.0025205994555204457,EXP_LGBModel_Alpha158_csi300_custom_step0_s_20260527_18,231e80c99fbf4a5db4d9d79032f3f9a8,0.074,,,
2554,2026-05-27,SH601898,-0.0025205994555204457,EXP_LGBModel_Alpha158_csi300_custom_step0_s_20260527_18,231e80c99fbf4a5db4d9d79032f3f9a8,0.074,,,
2555,2026-05-27,SH601607,0.002366204723331103,EXP_LGBModel_Alpha158_csi300_custom_step0_s_20260527_18,231e80c99fbf4a5db4d9d79032f3f9a8,0.074,,,
2556,2026-05-27,SH601888,-0.0019307613550152043,EXP_LGBModel_Alpha158_csi300_custom_step0_s_20260527_18,231e80c99fbf4a5db4d9d79032f3f9a8,0.074,,,
2557,2026-05-27,SH601878,-2.682882726878059e-10,EXP_LGBModel_Alpha158_csi300_custom_step0_s_20260527_18,231e80c99fbf4a5db4d9d79032f3f9a8,0.074,,,
2558,2026-05-27,SH601877,-0.0025205994555204457,EXP_LGBModel_Alpha158_csi300_custom_step0_s_20260527_18,231e80c99fbf4a5db4d9d79032f3f9a8,0.074,,,
2559,2026-05-27,SH601872,-0.0025205994555204457,EXP_LGBModel_Alpha158_csi300_custom_step0_s_20260527_18,231e80c99fbf4a5db4d9d79032f3f9a8,0.074,,,
2560,2026-05-27,SH601868,-0.0025205994555204457,EXP_LGBModel_Alpha158_csi300_custom_step0_s_20260527_18,231e80c99fbf4a5db4d9d79032f3f9a8,0.074,,,
2561,2026-05-27,SH601857,-0.00011946844827986863,EXP_LGBModel_Alpha158_csi300_custom_step0_s_20260527_18,231e80c99fbf4a5db4d9d79032f3f9a8,0.074,,,
2562,2026-05-27,SH601838,0.002366204723331103,EXP_LGBModel_Alpha158_csi300_custom_step0_s_20260527_18,231e80c99fbf4a5db4d9d79032f3f9a8,0.074,,,
2563,2026-05-27,SH601881,-2.682882726878059e-10,EXP_LGBModel_Alpha158_csi300_custom_step0_s_20260527_18,231e80c99fbf4a5db4d9d79032f3f9a8,0.074,,,
2564,2026-05-27,SH601985,-2.682882726878059e-10,EXP_LGBModel_Alpha158_csi300_custom_step0_s_20260527_18,231e80c99fbf4a5db4d9d79032f3f9a8,0.074,,,
2565,2026-05-27,SH601601,-0.0025205994555204457,EXP_LGBModel_Alpha158_csi300_custom_step0_s_20260527_18,231e80c99fbf4a5db4d9d79032f3f9a8,0.074,,,
2566,2026-05-27,SH601456,-2.682882726878059e-10,EXP_LGBModel_Alpha158_csi300_custom_step0_s_20260527_18,231e80c99fbf4a5db4d9d79032f3f9a8,0.074,,,
2567,2026-05-27,SH601018,-2.682882726878059e-10,EXP_LGBModel_Alpha158_csi300_custom_step0_s_20260527_18,231e80c99fbf4a5db4d9d79032f3f9a8,0.074,,,
2568,2026-05-27,SH601021,-0.0025205994555204457,EXP_LGBModel_Alpha158_csi300_custom_step0_s_20260527_18,231e80c99fbf4a5db4d9d79032f3f9a8,0.074,,,
2569,2026-05-27,SH601058,-2.682882726878059e-10,EXP_LGBModel_Alpha158_csi300_custom_step0_s_20260527_18,231e80c99fbf4a5db4d9d79032f3f9a8,0.074,,,
2570,2026-05-27,SH601059,0.002366204723331103,EXP_LGBModel_Alpha158_csi300_custom_step0_s_20260527_18,231e80c99fbf4a5db4d9d79032f3f9a8,0.074,,,
2571,2026-05-27,SH601066,0.002050253491757551,EXP_LGBModel_Alpha158_csi300_custom_step0_s_20260527_18,231e80c99fbf4a5db4d9d79032f3f9a8,0.074,,,
2572,2026-05-27,SH601077,-2.682882726878059e-10,EXP_LGBModel_Alpha158_csi300_custom_step0_s_20260527_18,231e80c99fbf4a5db4d9d79032f3f9a8,0.074,,,
2573,2026-05-27,SH601088,-0.0010001643825638712,EXP_LGBModel_Alpha158_csi300_custom_step0_s_20260527_18,231e80c99fbf4a5db4d9d79032f3f9a8,0.074,,,
2574,2026-05-27,SH601100,-0.0025205994555204457,EXP_LGBModel_Alpha158_csi300_custom_step0_s_20260527_18,231e80c99fbf4a5db4d9d79032f3f9a8,0.074,,,
2575,2026-05-27,SH601111,-0.0025205994555204457,EXP_LGBModel_Alpha158_csi300_custom_step0_s_20260527_18,231e80c99fbf4a5db4d9d79032f3f9a8,0.074,,,
2576,2026-05-27,SH601117,-0.0025205994555204457,EXP_LGBModel_Alpha158_csi300_custom_step0_s_20260527_18,231e80c99fbf4a5db4d9d79032f3f9a8,0.074,,,
2577,2026-05-27,SH601127,-2.682882726878059e-10,EXP_LGBModel_Alpha158_csi300_custom_step0_s_20260527_18,231e80c99fbf4a5db4d9d79032f3f9a8,0.074,,,
2578,2026-05-27,SH601136,-0.0025205994555204457,EXP_LGBModel_Alpha158_csi300_custom_step0_s_20260527_18,231e80c99fbf4a5db4d9d79032f3f9a8,0.074,,,
2579,2026-05-27,SH601138,0.0011169257952465784,EXP_LGBModel_Alpha158_csi300_custom_step0_s_20260527_18,231e80c99fbf4a5db4d9d79032f3f9a8,0.074,,,
2580,2026-05-27,SH601166,-2.682882726878059e-10,EXP_LGBModel_Alpha158_csi300_custom_step0_s_20260527_18,231e80c99fbf4a5db4d9d79032f3f9a8,0.074,,,
2581,2026-05-27,SH601169,-2.682882726878059e-10,EXP_LGBModel_Alpha158_csi300_custom_step0_s_20260527_18,231e80c99fbf4a5db4d9d79032f3f9a8,0.074,,,
2582,2026-05-27,SH601186,-2.682882726878059e-10,EXP_LGBModel_Alpha158_csi300_custom_step0_s_20260527_18,231e80c99fbf4a5db4d9d79032f3f9a8,0.074,,,
2583,2026-05-27,SH601211,-2.682882726878059e-10,EXP_LGBModel_Alpha158_csi300_custom_step0_s_20260527_18,231e80c99fbf4a5db4d9d79032f3f9a8,0.074,,,
2584,2026-05-27,SH601398,0.002366204723331103,EXP_LGBModel_Alpha158_csi300_custom_step0_s_20260527_18,231e80c99fbf4a5db4d9d79032f3f9a8,0.074,,,
2585,2026-05-27,SH601390,-0.00011946844827986863,EXP_LGBModel_Alpha158_csi300_custom_step0_s_20260527_18,231e80c99fbf4a5db4d9d79032f3f9a8,0.074,,,
2586,2026-05-27,SH601377,-2.682882726878059e-10,EXP_LGBModel_Alpha158_csi300_custom_step0_s_20260527_18,231e80c99fbf4a5db4d9d79032f3f9a8,0.074,,,
2587,2026-05-27,SH601360,-2.682882726878059e-10,EXP_LGBModel_Alpha158_csi300_custom_step0_s_20260527_18,231e80c99fbf4a5db4d9d79032f3f9a8,0.074,,,
2588,2026-05-27,SH601336,-0.0019307613550152043,EXP_LGBModel_Alpha158_csi300_custom_step0_s_20260527_18,231e80c99fbf4a5db4d9d79032f3f9a8,0.074,,,
2589,2026-05-27,SH601328,-2.682882726878059e-10,EXP_LGBModel_Alpha158_csi300_custom_step0_s_20260527_18,231e80c99fbf4a5db4d9d79032f3f9a8,0.074,,,
2590,2026-05-27,SH601600,-2.682882726878059e-10,EXP_LGBModel_Alpha158_csi300_custom_step0_s_20260527_18,231e80c99fbf4a5db4d9d79032f3f9a8,0.074,,,
2591,2026-05-27,SH601319,-2.682882726878059e-10,EXP_LGBModel_Alpha158_csi300_custom_step0_s_20260527_18,231e80c99fbf4a5db4d9d79032f3f9a8,0.074,,,
2592,2026-05-27,SH601298,0.002366204723331103,EXP_LGBModel_Alpha158_csi300_custom_step0_s_20260527_18,231e80c99fbf4a5db4d9d79032f3f9a8,0.074,,,
2593,2026-05-27,SH601288,-2.682882726878059e-10,EXP_LGBModel_Alpha158_csi300_custom_step0_s_20260527_18,231e80c99fbf4a5db4d9d79032f3f9a8,0.074,,,
2594,2026-05-27,SH601238,-0.0019307613550152043,EXP_LGBModel_Alpha158_csi300_custom_step0_s_20260527_18,231e80c99fbf4a5db4d9d79032f3f9a8,0.074,,,
2595,2026-05-27,SH601236,-2.682882726878059e-10,EXP_LGBModel_Alpha158_csi300_custom_step0_s_20260527_18,231e80c99fbf4a5db4d9d79032f3f9a8,0.074,,,
2596,2026-05-27,SH601229,-0.0019307613550152043,EXP_LGBModel_Alpha158_csi300_custom_step0_s_20260527_18,231e80c99fbf4a5db4d9d79032f3f9a8,0.074,,,
2597,2026-05-27,SH601225,-0.00011946844827986863,EXP_LGBModel_Alpha158_csi300_custom_step0_s_20260527_18,231e80c99fbf4a5db4d9d79032f3f9a8,0.074,,,
2598,2026-05-27,SH601318,-2.682882726878059e-10,EXP_LGBModel_Alpha158_csi300_custom_step0_s_20260527_18,231e80c99fbf4a5db4d9d79032f3f9a8,0.074,,,
2599,2026-05-27,SH601012,-0.00011946844827986863,EXP_LGBModel_Alpha158_csi300_custom_step0_s_20260527_18,231e80c99fbf4a5db4d9d79032f3f9a8,0.074,,,
2600,2026-05-27,SH601988,0.002366204723331103,EXP_LGBModel_Alpha158_csi300_custom_step0_s_20260527_18,231e80c99fbf4a5db4d9d79032f3f9a8,0.074,,,
2601,2026-05-27,SH601998,-0.0025205994555204457,EXP_LGBModel_Alpha158_csi300_custom_step0_s_20260527_18,231e80c99fbf4a5db4d9d79032f3f9a8,0.074,,,
2602,2026-05-27,SZ000002,-0.0019307613550152043,EXP_LGBModel_Alpha158_csi300_custom_step0_s_20260527_18,231e80c99fbf4a5db4d9d79032f3f9a8,0.074,,,
2603,2026-05-27,SZ000063,0.0011169257952465784,EXP_LGBModel_Alpha158_csi300_custom_step0_s_20260527_18,231e80c99fbf4a5db4d9d79032f3f9a8,0.074,,,
2604,2026-05-27,SZ000100,-0.0019307613550152043,EXP_LGBModel_Alpha158_csi300_custom_step0_s_20260527_18,231e80c99fbf4a5db4d9d79032f3f9a8,0.074,,,
2605,2026-05-27,SZ000157,-0.0025205994555204457,EXP_LGBModel_Alpha158_csi300_custom_step0_s_20260527_18,231e80c99fbf4a5db4d9d79032f3f9a8,0.074,,,
2606,2026-05-27,SZ000166,-2.682882726878059e-10,EXP_LGBModel_Alpha158_csi300_custom_step0_s_20260527_18,231e80c99fbf4a5db4d9d79032f3f9a8,0.074,,,
2607,2026-05-27,SZ000301,-0.0025205994555204457,EXP_LGBModel_Alpha158_csi300_custom_step0_s_20260527_18,231e80c99fbf4a5db4d9d79032f3f9a8,0.074,,,
2608,2026-05-27,SZ000333,0.002366204723331103,EXP_LGBModel_Alpha158_csi300_custom_step0_s_20260527_18,231e80c99fbf4a5db4d9d79032f3f9a8,0.074,,,
2609,2026-05-27,SZ000338,0.004422620945545305,EXP_LGBModel_Alpha158_csi300_custom_step0_s_20260527_18,231e80c99fbf4a5db4d9d79032f3f9a8,0.074,,,
2610,2026-05-27,SZ000408,-0.0025205994555204457,EXP_LGBModel_Alpha158_csi300_custom_step0_s_20260527_18,231e80c99fbf4a5db4d9d79032f3f9a8,0.074,,,
2611,2026-05-27,SZ000425,-0.00011946844827986863,EXP_LGBModel_Alpha158_csi300_custom_step0_s_20260527_18,231e80c99fbf4a5db4d9d79032f3f9a8,0.074,,,
2612,2026-05-27,SZ000538,-2.682882726878059e-10,EXP_LGBModel_Alpha158_csi300_custom_step0_s_20260527_18,231e80c99fbf4a5db4d9d79032f3f9a8,0.074,,,
2613,2026-05-27,SZ000568,-2.682882726878059e-10,EXP_LGBModel_Alpha158_csi300_custom_step0_s_20260527_18,231e80c99fbf4a5db4d9d79032f3f9a8,0.074,,,
2614,2026-05-27,SZ000596,-0.0019307613550152043,EXP_LGBModel_Alpha158_csi300_custom_step0_s_20260527_18,231e80c99fbf4a5db4d9d79032f3f9a8,0.074,,,
2615,2026-05-27,SZ000617,-2.682882726878059e-10,EXP_LGBModel_Alpha158_csi300_custom_step0_s_20260527_18,231e80c99fbf4a5db4d9d79032f3f9a8,0.074,,,
2616,2026-05-27,SZ000625,0.004422620945545305,EXP_LGBModel_Alpha158_csi300_custom_step0_s_20260527_18,231e80c99fbf4a5db4d9d79032f3f9a8,0.074,,,
2617,2026-05-27,SZ000630,-0.0025205994555204457,EXP_LGBModel_Alpha158_csi300_custom_step0_s_20260527_18,231e80c99fbf4a5db4d9d79032f3f9a8,0.074,,,
2618,2026-05-27,SZ000651,-2.682882726878059e-10,EXP_LGBModel_Alpha158_csi300_custom_step0_s_20260527_18,231e80c99fbf4a5db4d9d79032f3f9a8,0.074,,,
2619,2026-05-27,SZ000975,0.004422620945545305,EXP_LGBModel_Alpha158_csi300_custom_step0_s_20260527_18,231e80c99fbf4a5db4d9d79032f3f9a8,0.074,,,
2620,2026-05-27,SZ000963,-2.682882726878059e-10,EXP_LGBModel_Alpha158_csi300_custom_step0_s_20260527_18,231e80c99fbf4a5db4d9d79032f3f9a8,0.074,,,
2621,2026-05-27,SZ000938,-0.00011946844827986863,EXP_LGBModel_Alpha158_csi300_custom_step0_s_20260527_18,231e80c99fbf4a5db4d9d79032f3f9a8,0.074,,,
2622,2026-05-27,SZ000895,-0.0019307613550152043,EXP_LGBModel_Alpha158_csi300_custom_step0_s_20260527_18,231e80c99fbf4a5db4d9d79032f3f9a8,0.074,,,
2623,2026-05-27,SZ000876,-0.0025205994555204457,EXP_LGBModel_Alpha158_csi300_custom_step0_s_20260527_18,231e80c99fbf4a5db4d9d79032f3f9a8,0.074,,,
2624,2026-05-27,SZ000858,-2.682882726878059e-10,EXP_LGBModel_Alpha158_csi300_custom_step0_s_20260527_18,231e80c99fbf4a5db4d9d79032f3f9a8,0.074,,,
2625,2026-05-27,SZ000001,-2.682882726878059e-10,EXP_LGBModel_Alpha158_csi300_custom_step0_s_20260527_18,231e80c99fbf4a5db4d9d79032f3f9a8,0.074,,,
2626,2026-05-27,SZ000807,0.0011169257952465784,EXP_LGBModel_Alpha158_csi300_custom_step0_s_20260527_18,231e80c99fbf4a5db4d9d79032f3f9a8,0.074,,,
2627,2026-05-27,SZ000786,-2.682882726878059e-10,EXP_LGBModel_Alpha158_csi300_custom_step0_s_20260527_18,231e80c99fbf4a5db4d9d79032f3f9a8,0.074,,,
2628,2026-05-27,SZ000776,-2.682882726878059e-10,EXP_LGBModel_Alpha158_csi300_custom_step0_s_20260527_18,231e80c99fbf4a5db4d9d79032f3f9a8,0.074,,,
2629,2026-05-27,SZ000768,-0.0025205994555204457,EXP_LGBModel_Alpha158_csi300_custom_step0_s_20260527_18,231e80c99fbf4a5db4d9d79032f3f9a8,0.074,,,
2630,2026-05-27,SZ000725,-0.001414003996956542,EXP_LGBModel_Alpha158_csi300_custom_step0_s_20260527_18,231e80c99fbf4a5db4d9d79032f3f9a8,0.074,,,
2631,2026-05-27,SZ000708,-2.682882726878059e-10,EXP_LGBModel_Alpha158_csi300_custom_step0_s_20260527_18,231e80c99fbf4a5db4d9d79032f3f9a8,0.074,,,
2632,2026-05-27,SZ000661,-0.0025205994555204457,EXP_LGBModel_Alpha158_csi300_custom_step0_s_20260527_18,231e80c99fbf4a5db4d9d79032f3f9a8,0.074,,,
2633,2026-05-27,SZ000792,-2.682882726878059e-10,EXP_LGBModel_Alpha158_csi300_custom_step0_s_20260527_18,231e80c99fbf4a5db4d9d79032f3f9a8,0.074,,,
2634,2026-05-27,SH601995,0.002366204723331103,EXP_LGBModel_Alpha158_csi300_custom_step0_s_20260527_18,231e80c99fbf4a5db4d9d79032f3f9a8,0.074,,,
2635,2026-05-27,SH688981,-2.682882726878059e-10,EXP_LGBModel_Alpha158_csi300_custom_step0_s_20260527_18,231e80c99fbf4a5db4d9d79032f3f9a8,0.074,,,
2636,2026-05-27,SH688472,-0.0025205994555204457,EXP_LGBModel_Alpha158_csi300_custom_step0_s_20260527_18,231e80c99fbf4a5db4d9d79032f3f9a8,0.074,,,
2637,2026-05-27,SH603019,-0.0025205994555204457,EXP_LGBModel_Alpha158_csi300_custom_step0_s_20260527_18,231e80c99fbf4a5db4d9d79032f3f9a8,0.074,,,
2638,2026-05-27,SH603195,0.002366204723331103,EXP_LGBModel_Alpha158_csi300_custom_step0_s_20260527_18,231e80c99fbf4a5db4d9d79032f3f9a8,0.074,,,
2639,2026-05-27,SH603259,0.002366204723331103,EXP_LGBModel_Alpha158_csi300_custom_step0_s_20260527_18,231e80c99fbf4a5db4d9d79032f3f9a8,0.074,,,
2640,2026-05-27,SH603260,-0.0025205994555204457,EXP_LGBModel_Alpha158_csi300_custom_step0_s_20260527_18,231e80c99fbf4a5db4d9d79032f3f9a8,0.074,,,
2641,2026-05-27,SH603288,-2.682882726878059e-10,EXP_LGBModel_Alpha158_csi300_custom_step0_s_20260527_18,231e80c99fbf4a5db4d9d79032f3f9a8,0.074,,,
2642,2026-05-27,SH603296,-0.0025205994555204457,EXP_LGBModel_Alpha158_csi300_custom_step0_s_20260527_18,231e80c99fbf4a5db4d9d79032f3f9a8,0.074,,,
2643,2026-05-27,SH603369,-2.682882726878059e-10,EXP_LGBModel_Alpha158_csi300_custom_step0_s_20260527_18,231e80c99fbf4a5db4d9d79032f3f9a8,0.074,,,
2644,2026-05-27,SH603392,-0.0025205994555204457,EXP_LGBModel_Alpha158_csi300_custom_step0_s_20260527_18,231e80c99fbf4a5db4d9d79032f3f9a8,0.074,,,
2645,2026-05-27,SH603501,-0.0025205994555204457,EXP_LGBModel_Alpha158_csi300_custom_step0_s_20260527_18,231e80c99fbf4a5db4d9d79032f3f9a8,0.074,,,
2646,2026-05-27,SH603799,-0.0025205994555204457,EXP_LGBModel_Alpha158_csi300_custom_step0_s_20260527_18,231e80c99fbf4a5db4d9d79032f3f9a8,0.074,,,
2647,2026-05-27,SH603893,-2.682882726878059e-10,EXP_LGBModel_Alpha158_csi300_custom_step0_s_20260527_18,231e80c99fbf4a5db4d9d79032f3f9a8,0.074,,,
2648,2026-05-27,SH603986,-0.001414003996956542,EXP_LGBModel_Alpha158_csi300_custom_step0_s_20260527_18,231e80c99fbf4a5db4d9d79032f3f9a8,0.074,,,
2649,2026-05-27,SH603993,-0.0025205994555204457,EXP_LGBModel_Alpha158_csi300_custom_step0_s_20260527_18,231e80c99fbf4a5db4d9d79032f3f9a8,0.074,,,
2650,2026-05-27,SH605117,-0.0025205994555204457,EXP_LGBModel_Alpha158_csi300_custom_step0_s_20260527_18,231e80c99fbf4a5db4d9d79032f3f9a8,0.074,,,
2651,2026-05-27,SH605499,-0.0025205994555204457,EXP_LGBModel_Alpha158_csi300_custom_step0_s_20260527_18,231e80c99fbf4a5db4d9d79032f3f9a8,0.074,,,
2652,2026-05-27,SH688008,0.004422620945545305,EXP_LGBModel_Alpha158_csi300_custom_step0_s_20260527_18,231e80c99fbf4a5db4d9d79032f3f9a8,0.074,,,
2653,2026-05-27,SH688009,-2.682882726878059e-10,EXP_LGBModel_Alpha158_csi300_custom_step0_s_20260527_18,231e80c99fbf4a5db4d9d79032f3f9a8,0.074,,,
2654,2026-05-27,SH688396,0.004422620945545305,EXP_LGBModel_Alpha158_csi300_custom_step0_s_20260527_18,231e80c99fbf4a5db4d9d79032f3f9a8,0.074,,,
2655,2026-05-27,SH688303,-0.0019307613550152043,EXP_LGBModel_Alpha158_csi300_custom_step0_s_20260527_18,231e80c99fbf4a5db4d9d79032f3f9a8,0.074,,,
2656,2026-05-27,SH688271,0.002050253491757551,EXP_LGBModel_Alpha158_csi300_custom_step0_s_20260527_18,231e80c99fbf4a5db4d9d79032f3f9a8,0.074,,,
2657,2026-05-27,SH688256,0.004422620945545305,EXP_LGBModel_Alpha158_csi300_custom_step0_s_20260527_18,231e80c99fbf4a5db4d9d79032f3f9a8,0.074,,,
2658,2026-05-27,SH688223,-0.0025205994555204457,EXP_LGBModel_Alpha158_csi300_custom_step0_s_20260527_18,231e80c99fbf4a5db4d9d79032f3f9a8,0.074,,,
2659,2026-05-27,SH688187,-0.0025205994555204457,EXP_LGBModel_Alpha158_csi300_custom_step0_s_20260527_18,231e80c99fbf4a5db4d9d79032f3f9a8,0.074,,,
2660,2026-05-27,SH688506,0.004422620945545305,EXP_LGBModel_Alpha158_csi300_custom_step0_s_20260527_18,231e80c99fbf4a5db4d9d79032f3f9a8,0.074,,,
2661,2026-05-27,SH688169,-0.0025205994555204457,EXP_LGBModel_Alpha158_csi300_custom_step0_s_20260527_18,231e80c99fbf4a5db4d9d79032f3f9a8,0.074,,,
2662,2026-05-27,SH688111,-0.0025205994555204457,EXP_LGBModel_Alpha158_csi300_custom_step0_s_20260527_18,231e80c99fbf4a5db4d9d79032f3f9a8,0.074,,,
2663,2026-05-27,SH688082,-0.001414003996956542,EXP_LGBModel_Alpha158_csi300_custom_step0_s_20260527_18,231e80c99fbf4a5db4d9d79032f3f9a8,0.074,,,
2664,2026-05-27,SH688047,-2.682882726878059e-10,EXP_LGBModel_Alpha158_csi300_custom_step0_s_20260527_18,231e80c99fbf4a5db4d9d79032f3f9a8,0.074,,,
2665,2026-05-27,SH688041,0.004422620945545305,EXP_LGBModel_Alpha158_csi300_custom_step0_s_20260527_18,231e80c99fbf4a5db4d9d79032f3f9a8,0.074,,,
2666,2026-05-27,SH688036,-0.0025205994555204457,EXP_LGBModel_Alpha158_csi300_custom_step0_s_20260527_18,231e80c99fbf4a5db4d9d79032f3f9a8,0.074,,,
2667,2026-05-27,SH688012,0.004422620945545305,EXP_LGBModel_Alpha158_csi300_custom_step0_s_20260527_18,231e80c99fbf4a5db4d9d79032f3f9a8,0.074,,,
2668,2026-05-27,SH688126,0.004422620945545305,EXP_LGBModel_Alpha158_csi300_custom_step0_s_20260527_18,231e80c99fbf4a5db4d9d79032f3f9a8,0.074,,,
2669,2026-05-27,SH601009,-0.0019307613550152043,EXP_LGBModel_Alpha158_csi300_custom_step0_s_20260527_18,231e80c99fbf4a5db4d9d79032f3f9a8,0.074,,,
2670,2026-05-27,SH601006,-0.0025205994555204457,EXP_LGBModel_Alpha158_csi300_custom_step0_s_20260527_18,231e80c99fbf4a5db4d9d79032f3f9a8,0.074,,,
2671,2026-05-27,SH600999,-0.0025205994555204457,EXP_LGBModel_Alpha158_csi300_custom_step0_s_20260527_18,231e80c99fbf4a5db4d9d79032f3f9a8,0.074,,,
2672,2026-05-27,SZ300433,0.02312429333971292,EXP_CatBoostModel_Alpha158_csi300_custom_step0_s_20260527_18,ec52ca6fec8645b5a47796cdd5d9dc63,0.048,,,
2673,2026-05-27,SZ300442,0.013428736262264426,EXP_CatBoostModel_Alpha158_csi300_custom_step0_s_20260527_18,ec52ca6fec8645b5a47796cdd5d9dc63,0.048,,,
2674,2026-05-27,SZ300476,0.061781601171451664,EXP_CatBoostModel_Alpha158_csi300_custom_step0_s_20260527_18,ec52ca6fec8645b5a47796cdd5d9dc63,0.048,,,
2675,2026-05-27,SZ300498,0.02412009153798368,EXP_CatBoostModel_Alpha158_csi300_custom_step0_s_20260527_18,ec52ca6fec8645b5a47796cdd5d9dc63,0.048,,,
2676,2026-05-27,SZ300502,0.022576227048972698,EXP_CatBoostModel_Alpha158_csi300_custom_step0_s_20260527_18,ec52ca6fec8645b5a47796cdd5d9dc63,0.048,,,
2677,2026-05-27,SZ300628,0.005024166929978591,EXP_CatBoostModel_Alpha158_csi300_custom_step0_s_20260527_18,ec52ca6fec8645b5a47796cdd5d9dc63,0.048,,,
2678,2026-05-27,SZ300661,0.01541389408107714,EXP_CatBoostModel_Alpha158_csi300_custom_step0_s_20260527_18,ec52ca6fec8645b5a47796cdd5d9dc63,0.048,,,
2679,2026-05-27,SZ300750,-0.0044830486049176055,EXP_CatBoostModel_Alpha158_csi300_custom_step0_s_20260527_18,ec52ca6fec8645b5a47796cdd5d9dc63,0.048,,,
2680,2026-05-27,SZ300759,0.00841553878245715,EXP_CatBoostModel_Alpha158_csi300_custom_step0_s_20260527_18,ec52ca6fec8645b5a47796cdd5d9dc63,0.048,,,
2681,2026-05-27,SZ300760,0.017860573751376306,EXP_CatBoostModel_Alpha158_csi300_custom_step0_s_20260527_18,ec52ca6fec8645b5a47796cdd5d9dc63,0.048,,,
2682,2026-05-27,SZ300782,0.029674887434658893,EXP_CatBoostModel_Alpha158_csi300_custom_step0_s_20260527_18,ec52ca6fec8645b5a47796cdd5d9dc63,0.048,,,
2683,2026-05-27,SZ300803,0.00446225154061637,EXP_CatBoostModel_Alpha158_csi300_custom_step0_s_20260527_18,ec52ca6fec8645b5a47796cdd5d9dc63,0.048,,,
2684,2026-05-27,SZ300832,0.005024166929978591,EXP_CatBoostModel_Alpha158_csi300_custom_step0_s_20260527_18,ec52ca6fec8645b5a47796cdd5d9dc63,0.048,,,
2685,2026-05-27,SZ300866,0.02381839707664651,EXP_CatBoostModel_Alpha158_csi300_custom_step0_s_20260527_18,ec52ca6fec8645b5a47796cdd5d9dc63,0.048,,,
2686,2026-05-27,SZ300896,-0.010233482149476211,EXP_CatBoostModel_Alpha158_csi300_custom_step0_s_20260527_18,ec52ca6fec8645b5a47796cdd5d9dc63,0.048,,,
2687,2026-05-27,SZ300979,0.004860280312649525,EXP_CatBoostModel_Alpha158_csi300_custom_step0_s_20260527_18,ec52ca6fec8645b5a47796cdd5d9dc63,0.048,,,
2688,2026-05-27,SZ300999,-0.003581207311573649,EXP_CatBoostModel_Alpha158_csi300_custom_step0_s_20260527_18,ec52ca6fec8645b5a47796cdd5d9dc63,0.048,,,
2689,2026-05-27,SH600026,-0.0025205994555204457,EXP_LGBModel_Alpha158_csi300_custom_step0_s_20260527_18,231e80c99fbf4a5db4d9d79032f3f9a8,0.074,,,
2690,2026-05-27,SH600025,-0.0025205994555204457,EXP_LGBModel_Alpha158_csi300_custom_step0_s_20260527_18,231e80c99fbf4a5db4d9d79032f3f9a8,0.074,,,
2691,2026-05-27,SH600023,-2.682882726878059e-10,EXP_LGBModel_Alpha158_csi300_custom_step0_s_20260527_18,231e80c99fbf4a5db4d9d79032f3f9a8,0.074,,,
2692,2026-05-27,SH600019,-0.0025205994555204457,EXP_LGBModel_Alpha158_csi300_custom_step0_s_20260527_18,231e80c99fbf4a5db4d9d79032f3f9a8,0.074,,,
2693,2026-05-27,SH600018,0.002366204723331103,EXP_LGBModel_Alpha158_csi300_custom_step0_s_20260527_18,231e80c99fbf4a5db4d9d79032f3f9a8,0.074,,,
2694,2026-05-27,SH600016,-2.682882726878059e-10,EXP_LGBModel_Alpha158_csi300_custom_step0_s_20260527_18,231e80c99fbf4a5db4d9d79032f3f9a8,0.074,,,
2695,2026-05-27,SZ300418,0.004916260449211122,EXP_CatBoostModel_Alpha158_csi300_custom_step0_s_20260527_18,ec52ca6fec8645b5a47796cdd5d9dc63,0.048,,,
2696,2026-05-27,SH600015,0.002366204723331103,EXP_LGBModel_Alpha158_csi300_custom_step0_s_20260527_18,231e80c99fbf4a5db4d9d79032f3f9a8,0.074,,,
2697,2026-05-27,SH600010,-0.0025205994555204457,EXP_LGBModel_Alpha158_csi300_custom_step0_s_20260527_18,231e80c99fbf4a5db4d9d79032f3f9a8,0.074,,,
2698,2026-05-27,SH600009,-2.682882726878059e-10,EXP_LGBModel_Alpha158_csi300_custom_step0_s_20260527_18,231e80c99fbf4a5db4d9d79032f3f9a8,0.074,,,
2699,2026-05-27,SH600000,-2.682882726878059e-10,EXP_LGBModel_Alpha158_csi300_custom_step0_s_20260527_18,231e80c99fbf4a5db4d9d79032f3f9a8,0.074,,,
2700,2026-05-27,SZ302132,0.01074631801053238,EXP_CatBoostModel_Alpha158_csi300_custom_step0_s_20260527_18,ec52ca6fec8645b5a47796cdd5d9dc63,0.048,,,
2701,2026-05-27,SZ301269,-0.008768774421952332,EXP_CatBoostModel_Alpha158_csi300_custom_step0_s_20260527_18,ec52ca6fec8645b5a47796cdd5d9dc63,0.048,,,
2702,2026-05-27,SZ301236,0.004916260449211122,EXP_CatBoostModel_Alpha158_csi300_custom_step0_s_20260527_18,ec52ca6fec8645b5a47796cdd5d9dc63,0.048,,,
2703,2026-05-27,SH600011,-2.682882726878059e-10,EXP_LGBModel_Alpha158_csi300_custom_step0_s_20260527_18,231e80c99fbf4a5db4d9d79032f3f9a8,0.074,,,
2704,2026-05-27,SH600027,-0.0025205994555204457,EXP_LGBModel_Alpha158_csi300_custom_step0_s_20260527_18,231e80c99fbf4a5db4d9d79032f3f9a8,0.074,,,
2705,2026-05-27,SZ300413,-0.002451628478850186,EXP_CatBoostModel_Alpha158_csi300_custom_step0_s_20260527_18,ec52ca6fec8645b5a47796cdd5d9dc63,0.048,,,
2706,2026-05-27,SZ300394,0.029560294091222423,EXP_CatBoostModel_Alpha158_csi300_custom_step0_s_20260527_18,ec52ca6fec8645b5a47796cdd5d9dc63,0.048,,,
2707,2026-05-27,SZ002415,0.0014376983094548505,EXP_CatBoostModel_Alpha158_csi300_custom_step0_s_20260527_18,ec52ca6fec8645b5a47796cdd5d9dc63,0.048,,,
2708,2026-05-27,SZ002422,0.0018598290297983351,EXP_CatBoostModel_Alpha158_csi300_custom_step0_s_20260527_18,ec52ca6fec8645b5a47796cdd5d9dc63,0.048,,,
2709,2026-05-27,SZ002459,0.0013253469265322362,EXP_CatBoostModel_Alpha158_csi300_custom_step0_s_20260527_18,ec52ca6fec8645b5a47796cdd5d9dc63,0.048,,,
2710,2026-05-27,SZ002460,0.06402570777979713,EXP_CatBoostModel_Alpha158_csi300_custom_step0_s_20260527_18,ec52ca6fec8645b5a47796cdd5d9dc63,0.048,,,
2711,2026-05-27,SZ002463,0.022397961123326864,EXP_CatBoostModel_Alpha158_csi300_custom_step0_s_20260527_18,ec52ca6fec8645b5a47796cdd5d9dc63,0.048,,,
2712,2026-05-27,SZ002466,0.025405528793208784,EXP_CatBoostModel_Alpha158_csi300_custom_step0_s_20260527_18,ec52ca6fec8645b5a47796cdd5d9dc63,0.048,,,
2713,2026-05-27,SZ002475,0.022762093187395416,EXP_CatBoostModel_Alpha158_csi300_custom_step0_s_20260527_18,ec52ca6fec8645b5a47796cdd5d9dc63,0.048,,,
2714,2026-05-27,SZ002493,-0.00645237382995591,EXP_CatBoostModel_Alpha158_csi300_custom_step0_s_20260527_18,ec52ca6fec8645b5a47796cdd5d9dc63,0.048,,,
2715,2026-05-27,SZ002594,-0.004844015780724958,EXP_CatBoostModel_Alpha158_csi300_custom_step0_s_20260527_18,ec52ca6fec8645b5a47796cdd5d9dc63,0.048,,,
2716,2026-05-27,SZ002600,0.014619065329081787,EXP_CatBoostModel_Alpha158_csi300_custom_step0_s_20260527_18,ec52ca6fec8645b5a47796cdd5d9dc63,0.048,,,
2717,2026-05-27,SZ002601,-0.017619842861221768,EXP_CatBoostModel_Alpha158_csi300_custom_step0_s_20260527_18,ec52ca6fec8645b5a47796cdd5d9dc63,0.048,,,
2718,2026-05-27,SZ002625,0.003989321384668948,EXP_CatBoostModel_Alpha158_csi300_custom_step0_s_20260527_18,ec52ca6fec8645b5a47796cdd5d9dc63,0.048,,,
2719,2026-05-27,SZ002648,0.04144061427244734,EXP_CatBoostModel_Alpha158_csi300_custom_step0_s_20260527_18,ec52ca6fec8645b5a47796cdd5d9dc63,0.048,,,
2720,2026-05-27,SZ002709,0.05370776801726555,EXP_CatBoostModel_Alpha158_csi300_custom_step0_s_20260527_18,ec52ca6fec8645b5a47796cdd5d9dc63,0.048,,,
2721,2026-05-27,SZ002714,0.018093232997244222,EXP_CatBoostModel_Alpha158_csi300_custom_step0_s_20260527_18,ec52ca6fec8645b5a47796cdd5d9dc63,0.048,,,
2722,2026-05-27,SZ002736,-0.008229063494119934,EXP_CatBoostModel_Alpha158_csi300_custom_step0_s_20260527_18,ec52ca6fec8645b5a47796cdd5d9dc63,0.048,,,
2723,2026-05-27,SZ002916,-0.00017400654929636012,EXP_CatBoostModel_Alpha158_csi300_custom_step0_s_20260527_18,ec52ca6fec8645b5a47796cdd5d9dc63,0.048,,,
2724,2026-05-27,SZ300347,0.01833038632350599,EXP_CatBoostModel_Alpha158_csi300_custom_step0_s_20260527_18,ec52ca6fec8645b5a47796cdd5d9dc63,0.048,,,
2725,2026-05-27,SZ300316,0.046661765219875924,EXP_CatBoostModel_Alpha158_csi300_custom_step0_s_20260527_18,ec52ca6fec8645b5a47796cdd5d9dc63,0.048,,,
2726,2026-05-27,SZ300308,0.11605866243637492,EXP_CatBoostModel_Alpha158_csi300_custom_step0_s_20260527_18,ec52ca6fec8645b5a47796cdd5d9dc63,0.048,,,
2727,2026-05-27,SZ300274,0.02562209959126395,EXP_CatBoostModel_Alpha158_csi300_custom_step0_s_20260527_18,ec52ca6fec8645b5a47796cdd5d9dc63,0.048,,,
2728,2026-05-27,SZ300251,0.0026375667035774975,EXP_CatBoostModel_Alpha158_csi300_custom_step0_s_20260527_18,ec52ca6fec8645b5a47796cdd5d9dc63,0.048,,,
2729,2026-05-27,SZ300124,0.022357468296537446,EXP_CatBoostModel_Alpha158_csi300_custom_step0_s_20260527_18,ec52ca6fec8645b5a47796cdd5d9dc63,0.048,,,
2730,2026-05-27,SZ300408,0.02562209959126395,EXP_CatBoostModel_Alpha158_csi300_custom_step0_s_20260527_18,ec52ca6fec8645b5a47796cdd5d9dc63,0.048,,,
2731,2026-05-27,SZ300122,-0.007402273746331846,EXP_CatBoostModel_Alpha158_csi300_custom_step0_s_20260527_18,ec52ca6fec8645b5a47796cdd5d9dc63,0.048,,,
2732,2026-05-27,SZ300033,0.00010224220363964616,EXP_CatBoostModel_Alpha158_csi300_custom_step0_s_20260527_18,ec52ca6fec8645b5a47796cdd5d9dc63,0.048,,,
2733,2026-05-27,SZ300015,6.659939241667238e-05,EXP_CatBoostModel_Alpha158_csi300_custom_step0_s_20260527_18,ec52ca6fec8645b5a47796cdd5d9dc63,0.048,,,
2734,2026-05-27,SZ300014,-0.0097787753731824,EXP_CatBoostModel_Alpha158_csi300_custom_step0_s_20260527_18,ec52ca6fec8645b5a47796cdd5d9dc63,0.048,,,
2735,2026-05-27,SZ003816,-0.0014427384640347334,EXP_CatBoostModel_Alpha158_csi300_custom_step0_s_20260527_18,ec52ca6fec8645b5a47796cdd5d9dc63,0.048,,,
2736,2026-05-27,SZ002938,-0.02665274359122525,EXP_CatBoostModel_Alpha158_csi300_custom_step0_s_20260527_18,ec52ca6fec8645b5a47796cdd5d9dc63,0.048,,,
2737,2026-05-27,SZ002920,-0.00022909395526282727,EXP_CatBoostModel_Alpha158_csi300_custom_step0_s_20260527_18,ec52ca6fec8645b5a47796cdd5d9dc63,0.048,,,
2738,2026-05-27,SZ300059,0.026902404936695833,EXP_CatBoostModel_Alpha158_csi300_custom_step0_s_20260527_18,ec52ca6fec8645b5a47796cdd5d9dc63,0.048,,,
2739,2026-05-27,SH600028,-0.0025205994555204457,EXP_LGBModel_Alpha158_csi300_custom_step0_s_20260527_18,231e80c99fbf4a5db4d9d79032f3f9a8,0.074,,,
2740,2026-05-27,SH600029,-0.0025205994555204457,EXP_LGBModel_Alpha158_csi300_custom_step0_s_20260527_18,231e80c99fbf4a5db4d9d79032f3f9a8,0.074,,,
2741,2026-05-27,SH600030,-2.682882726878059e-10,EXP_LGBModel_Alpha158_csi300_custom_step0_s_20260527_18,231e80c99fbf4a5db4d9d79032f3f9a8,0.074,,,
2742,2026-05-27,SH600519,-2.682882726878059e-10,EXP_LGBModel_Alpha158_csi300_custom_step0_s_20260527_18,231e80c99fbf4a5db4d9d79032f3f9a8,0.074,,,
2743,2026-05-27,SH600522,-2.682882726878059e-10,EXP_LGBModel_Alpha158_csi300_custom_step0_s_20260527_18,231e80c99fbf4a5db4d9d79032f3f9a8,0.074,,,
2744,2026-05-27,SH600547,-2.682882726878059e-10,EXP_LGBModel_Alpha158_csi300_custom_step0_s_20260527_18,231e80c99fbf4a5db4d9d79032f3f9a8,0.074,,,
2745,2026-05-27,SH600570,-2.682882726878059e-10,EXP_LGBModel_Alpha158_csi300_custom_step0_s_20260527_18,231e80c99fbf4a5db4d9d79032f3f9a8,0.074,,,
2746,2026-05-27,SH600584,-0.001414003996956542,EXP_LGBModel_Alpha158_csi300_custom_step0_s_20260527_18,231e80c99fbf4a5db4d9d79032f3f9a8,0.074,,,
2747,2026-05-27,SH600585,-0.0025205994555204457,EXP_LGBModel_Alpha158_csi300_custom_step0_s_20260527_18,231e80c99fbf4a5db4d9d79032f3f9a8,0.074,,,
2748,2026-05-27,SH600588,-0.00011946844827986863,EXP_LGBModel_Alpha158_csi300_custom_step0_s_20260527_18,231e80c99fbf4a5db4d9d79032f3f9a8,0.074,,,
2749,2026-05-27,SH600600,0.002366204723331103,EXP_LGBModel_Alpha158_csi300_custom_step0_s_20260527_18,231e80c99fbf4a5db4d9d79032f3f9a8,0.074,,,
2750,2026-05-27,SH600660,-0.0025205994555204457,EXP_LGBModel_Alpha158_csi300_custom_step0_s_20260527_18,231e80c99fbf4a5db4d9d79032f3f9a8,0.074,,,
2751,2026-05-27,SH600674,0.002366204723331103,EXP_LGBModel_Alpha158_csi300_custom_step0_s_20260527_18,231e80c99fbf4a5db4d9d79032f3f9a8,0.074,,,
2752,2026-05-27,SH600690,-2.682882726878059e-10,EXP_LGBModel_Alpha158_csi300_custom_step0_s_20260527_18,231e80c99fbf4a5db4d9d79032f3f9a8,0.074,,,
2753,2026-05-27,SH600741,-2.682882726878059e-10,EXP_LGBModel_Alpha158_csi300_custom_step0_s_20260527_18,231e80c99fbf4a5db4d9d79032f3f9a8,0.074,,,
2754,2026-05-27,SH600760,-0.0025205994555204457,EXP_LGBModel_Alpha158_csi300_custom_step0_s_20260527_18,231e80c99fbf4a5db4d9d79032f3f9a8,0.074,,,
2755,2026-05-27,SH600795,0.002366204723331103,EXP_LGBModel_Alpha158_csi300_custom_step0_s_20260527_18,231e80c99fbf4a5db4d9d79032f3f9a8,0.074,,,
2756,2026-05-27,SH600803,-2.682882726878059e-10,EXP_LGBModel_Alpha158_csi300_custom_step0_s_20260527_18,231e80c99fbf4a5db4d9d79032f3f9a8,0.074,,,
2757,2026-05-27,SH600809,-2.682882726878059e-10,EXP_LGBModel_Alpha158_csi300_custom_step0_s_20260527_18,231e80c99fbf4a5db4d9d79032f3f9a8,0.074,,,
2758,2026-05-27,SH600845,-0.0025205994555204457,EXP_LGBModel_Alpha158_csi300_custom_step0_s_20260527_18,231e80c99fbf4a5db4d9d79032f3f9a8,0.074,,,
2759,2026-05-27,SH600989,-0.00011946844827986863,EXP_LGBModel_Alpha158_csi300_custom_step0_s_20260527_18,231e80c99fbf4a5db4d9d79032f3f9a8,0.074,,,
2760,2026-05-27,SH600958,-2.682882726878059e-10,EXP_LGBModel_Alpha158_csi300_custom_step0_s_20260527_18,231e80c99fbf4a5db4d9d79032f3f9a8,0.074,,,
2761,2026-05-27,SH600941,-2.682882726878059e-10,EXP_LGBModel_Alpha158_csi300_custom_step0_s_20260527_18,231e80c99fbf4a5db4d9d79032f3f9a8,0.074,,,
2762,2026-05-27,SH600938,-0.00011946844827986863,EXP_LGBModel_Alpha158_csi300_custom_step0_s_20260527_18,231e80c99fbf4a5db4d9d79032f3f9a8,0.074,,,
2763,2026-05-27,SH600930,-0.0025205994555204457,EXP_LGBModel_Alpha158_csi300_custom_step0_s_20260527_18,231e80c99fbf4a5db4d9d79032f3f9a8,0.074,,,
2764,2026-05-27,SH600926,-2.682882726878059e-10,EXP_LGBModel_Alpha158_csi300_custom_step0_s_20260527_18,231e80c99fbf4a5db4d9d79032f3f9a8,0.074,,,
2765,2026-05-27,SH600515,-0.0025205994555204457,EXP_LGBModel_Alpha158_csi300_custom_step0_s_20260527_18,231e80c99fbf4a5db4d9d79032f3f9a8,0.074,,,
2766,2026-05-27,SH600919,0.002366204723331103,EXP_LGBModel_Alpha158_csi300_custom_step0_s_20260527_18,231e80c99fbf4a5db4d9d79032f3f9a8,0.074,,,
2767,2026-05-27,SH600905,-2.682882726878059e-10,EXP_LGBModel_Alpha158_csi300_custom_step0_s_20260527_18,231e80c99fbf4a5db4d9d79032f3f9a8,0.074,,,
2768,2026-05-27,SH600900,0.002366204723331103,EXP_LGBModel_Alpha158_csi300_custom_step0_s_20260527_18,231e80c99fbf4a5db4d9d79032f3f9a8,0.074,,,
2769,2026-05-27,SH600893,-0.0025205994555204457,EXP_LGBModel_Alpha158_csi300_custom_step0_s_20260527_18,231e80c99fbf4a5db4d9d79032f3f9a8,0.074,,,
2770,2026-05-27,SH600887,-2.682882726878059e-10,EXP_LGBModel_Alpha158_csi300_custom_step0_s_20260527_18,231e80c99fbf4a5db4d9d79032f3f9a8,0.074,,,
2771,2026-05-27,SH600886,0.002366204723331103,EXP_LGBModel_Alpha158_csi300_custom_step0_s_20260527_18,231e80c99fbf4a5db4d9d79032f3f9a8,0.074,,,
2772,2026-05-27,SH600875,-0.0025205994555204457,EXP_LGBModel_Alpha158_csi300_custom_step0_s_20260527_18,231e80c99fbf4a5db4d9d79032f3f9a8,0.074,,,
2773,2026-05-27,SH600918,-0.0019307613550152043,EXP_LGBModel_Alpha158_csi300_custom_step0_s_20260527_18,231e80c99fbf4a5db4d9d79032f3f9a8,0.074,,,
2774,2026-05-27,SH600489,-0.0025205994555204457,EXP_LGBModel_Alpha158_csi300_custom_step0_s_20260527_18,231e80c99fbf4a5db4d9d79032f3f9a8,0.074,,,
2775,2026-05-27,SH600482,-2.682882726878059e-10,EXP_LGBModel_Alpha158_csi300_custom_step0_s_20260527_18,231e80c99fbf4a5db4d9d79032f3f9a8,0.074,,,
2776,2026-05-27,SH600460,-2.682882726878059e-10,EXP_LGBModel_Alpha158_csi300_custom_step0_s_20260527_18,231e80c99fbf4a5db4d9d79032f3f9a8,0.074,,,
2777,2026-05-27,SH600160,-0.0025205994555204457,EXP_LGBModel_Alpha158_csi300_custom_step0_s_20260527_18,231e80c99fbf4a5db4d9d79032f3f9a8,0.074,,,
2778,2026-05-27,SH600150,-0.0025205994555204457,EXP_LGBModel_Alpha158_csi300_custom_step0_s_20260527_18,231e80c99fbf4a5db4d9d79032f3f9a8,0.074,,,
2779,2026-05-27,SH600115,-0.0025205994555204457,EXP_LGBModel_Alpha158_csi300_custom_step0_s_20260527_18,231e80c99fbf4a5db4d9d79032f3f9a8,0.074,,,
2780,2026-05-27,SH600111,-0.0025205994555204457,EXP_LGBModel_Alpha158_csi300_custom_step0_s_20260527_18,231e80c99fbf4a5db4d9d79032f3f9a8,0.074,,,
2781,2026-05-27,SH600104,-0.00011946844827986863,EXP_LGBModel_Alpha158_csi300_custom_step0_s_20260527_18,231e80c99fbf4a5db4d9d79032f3f9a8,0.074,,,
2782,2026-05-27,SH600089,-0.0025205994555204457,EXP_LGBModel_Alpha158_csi300_custom_step0_s_20260527_18,231e80c99fbf4a5db4d9d79032f3f9a8,0.074,,,
2783,2026-05-27,SH600161,-0.0025205994555204457,EXP_LGBModel_Alpha158_csi300_custom_step0_s_20260527_18,231e80c99fbf4a5db4d9d79032f3f9a8,0.074,,,
2784,2026-05-27,SH600085,-0.0019307613550152043,EXP_LGBModel_Alpha158_csi300_custom_step0_s_20260527_18,231e80c99fbf4a5db4d9d79032f3f9a8,0.074,,,
2785,2026-05-27,SH600061,-2.682882726878059e-10,EXP_LGBModel_Alpha158_csi300_custom_step0_s_20260527_18,231e80c99fbf4a5db4d9d79032f3f9a8,0.074,,,
2786,2026-05-27,SH600050,-0.0025205994555204457,EXP_LGBModel_Alpha158_csi300_custom_step0_s_20260527_18,231e80c99fbf4a5db4d9d79032f3f9a8,0.074,,,
2787,2026-05-27,SH600048,-0.0025205994555204457,EXP_LGBModel_Alpha158_csi300_custom_step0_s_20260527_18,231e80c99fbf4a5db4d9d79032f3f9a8,0.074,,,
2788,2026-05-27,SH600039,-2.682882726878059e-10,EXP_LGBModel_Alpha158_csi300_custom_step0_s_20260527_18,231e80c99fbf4a5db4d9d79032f3f9a8,0.074,,,
2789,2026-05-27,SH600036,-2.682882726878059e-10,EXP_LGBModel_Alpha158_csi300_custom_step0_s_20260527_18,231e80c99fbf4a5db4d9d79032f3f9a8,0.074,,,
2790,2026-05-27,SH600031,-2.682882726878059e-10,EXP_LGBModel_Alpha158_csi300_custom_step0_s_20260527_18,231e80c99fbf4a5db4d9d79032f3f9a8,0.074,,,
2791,2026-05-27,SH600066,-0.0010001643825638712,EXP_LGBModel_Alpha158_csi300_custom_step0_s_20260527_18,231e80c99fbf4a5db4d9d79032f3f9a8,0.074,,,
2792,2026-05-27,SZ002371,0.06538683659058142,EXP_CatBoostModel_Alpha158_csi300_custom_step0_s_20260527_18,ec52ca6fec8645b5a47796cdd5d9dc63,0.048,,,
2793,2026-05-27,SH600176,-0.00011946844827986863,EXP_LGBModel_Alpha158_csi300_custom_step0_s_20260527_18,231e80c99fbf4a5db4d9d79032f3f9a8,0.074,,,
2794,2026-05-27,SH600188,-0.0025205994555204457,EXP_LGBModel_Alpha158_csi300_custom_step0_s_20260527_18,231e80c99fbf4a5db4d9d79032f3f9a8,0.074,,,
2795,2026-05-27,SH600438,-0.0025205994555204457,EXP_LGBModel_Alpha158_csi300_custom_step0_s_20260527_18,231e80c99fbf4a5db4d9d79032f3f9a8,0.074,,,
2796,2026-05-27,SH600436,-0.0019307613550152043,EXP_LGBModel_Alpha158_csi300_custom_step0_s_20260527_18,231e80c99fbf4a5db4d9d79032f3f9a8,0.074,,,
2797,2026-05-27,SH600426,-2.682882726878059e-10,EXP_LGBModel_Alpha158_csi300_custom_step0_s_20260527_18,231e80c99fbf4a5db4d9d79032f3f9a8,0.074,,,
2798,2026-05-27,SH600415,-0.0025205994555204457,EXP_LGBModel_Alpha158_csi300_custom_step0_s_20260527_18,231e80c99fbf4a5db4d9d79032f3f9a8,0.074,,,
2799,2026-05-27,SH600406,-0.0025205994555204457,EXP_LGBModel_Alpha158_csi300_custom_step0_s_20260527_18,231e80c99fbf4a5db4d9d79032f3f9a8,0.074,,,
2800,2026-05-27,SH600377,0.002366204723331103,EXP_LGBModel_Alpha158_csi300_custom_step0_s_20260527_18,231e80c99fbf4a5db4d9d79032f3f9a8,0.074,,,
2801,2026-05-27,SH600183,-0.001414003996956542,EXP_LGBModel_Alpha158_csi300_custom_step0_s_20260527_18,231e80c99fbf4a5db4d9d79032f3f9a8,0.074,,,
2802,2026-05-27,SH600372,-0.0025205994555204457,EXP_LGBModel_Alpha158_csi300_custom_step0_s_20260527_18,231e80c99fbf4a5db4d9d79032f3f9a8,0.074,,,
2803,2026-05-27,SH600346,-2.682882726878059e-10,EXP_LGBModel_Alpha158_csi300_custom_step0_s_20260527_18,231e80c99fbf4a5db4d9d79032f3f9a8,0.074,,,
2804,2026-05-27,SH600309,-2.682882726878059e-10,EXP_LGBModel_Alpha158_csi300_custom_step0_s_20260527_18,231e80c99fbf4a5db4d9d79032f3f9a8,0.074,,,
2805,2026-05-27,SH600276,-0.0025205994555204457,EXP_LGBModel_Alpha158_csi300_custom_step0_s_20260527_18,231e80c99fbf4a5db4d9d79032f3f9a8,0.074,,,
2806,2026-05-27,SH600233,-0.0025205994555204457,EXP_LGBModel_Alpha158_csi300_custom_step0_s_20260527_18,231e80c99fbf4a5db4d9d79032f3f9a8,0.074,,,
2807,2026-05-27,SH600219,-2.682882726878059e-10,EXP_LGBModel_Alpha158_csi300_custom_step0_s_20260527_18,231e80c99fbf4a5db4d9d79032f3f9a8,0.074,,,
2808,2026-05-27,SH600196,-0.0019307613550152043,EXP_LGBModel_Alpha158_csi300_custom_step0_s_20260527_18,231e80c99fbf4a5db4d9d79032f3f9a8,0.074,,,
2809,2026-05-27,SH600362,-0.0025205994555204457,EXP_LGBModel_Alpha158_csi300_custom_step0_s_20260527_18,231e80c99fbf4a5db4d9d79032f3f9a8,0.074,,,
2810,2026-05-27,SZ002920,0.0006253619678251939,EXP_CatBoostModel_Alpha158_csi300_custom_step0_s_20260527_18,f39012fdd5644bf08d7ab94a73db5a65,0.05,,,
2811,2026-05-27,SZ002916,-0.0013800648103027139,EXP_CatBoostModel_Alpha158_csi300_custom_step0_s_20260527_18,f39012fdd5644bf08d7ab94a73db5a65,0.05,,,
2812,2026-05-27,SZ002736,0.0011096144497969172,EXP_CatBoostModel_Alpha158_csi300_custom_step0_s_20260527_18,f39012fdd5644bf08d7ab94a73db5a65,0.05,,,
2813,2026-05-27,SH688082,-0.00023258735466955542,EXP_CatBoostModel_Alpha158_csi300_custom_step0_s_20260527_18,a5557997913f4b759fa3a5f5af7c2c33,0.044,,,
2814,2026-05-27,SH688111,-0.00023258735466955542,EXP_CatBoostModel_Alpha158_csi300_custom_step0_s_20260527_18,a5557997913f4b759fa3a5f5af7c2c33,0.044,,,
2815,2026-05-27,SH688126,-0.0009588903026050907,EXP_CatBoostModel_Alpha158_csi300_custom_step0_s_20260527_18,a5557997913f4b759fa3a5f5af7c2c33,0.044,,,
2816,2026-05-27,SH688169,-0.00023258735466955542,EXP_CatBoostModel_Alpha158_csi300_custom_step0_s_20260527_18,a5557997913f4b759fa3a5f5af7c2c33,0.044,,,
2817,2026-05-27,SH688187,0.006715519984203392,EXP_CatBoostModel_Alpha158_csi300_custom_step0_s_20260527_18,a5557997913f4b759fa3a5f5af7c2c33,0.044,,,
2818,2026-05-27,SH688223,-0.00023258735466955542,EXP_CatBoostModel_Alpha158_csi300_custom_step0_s_20260527_18,a5557997913f4b759fa3a5f5af7c2c33,0.044,,,
2819,2026-05-27,SH688256,-0.00023258735466955542,EXP_CatBoostModel_Alpha158_csi300_custom_step0_s_20260527_18,a5557997913f4b759fa3a5f5af7c2c33,0.044,,,
2820,2026-05-27,SH688271,-0.0009588903026050907,EXP_CatBoostModel_Alpha158_csi300_custom_step0_s_20260527_18,a5557997913f4b759fa3a5f5af7c2c33,0.044,,,
2821,2026-05-27,SH688303,-0.00023258735466955542,EXP_CatBoostModel_Alpha158_csi300_custom_step0_s_20260527_18,a5557997913f4b759fa3a5f5af7c2c33,0.044,,,
2822,2026-05-27,SH688396,-0.0009588903026050907,EXP_CatBoostModel_Alpha158_csi300_custom_step0_s_20260527_18,a5557997913f4b759fa3a5f5af7c2c33,0.044,,,
2823,2026-05-27,SH688472,-0.0020954321965130137,EXP_CatBoostModel_Alpha158_csi300_custom_step0_s_20260527_18,a5557997913f4b759fa3a5f5af7c2c33,0.044,,,
2824,2026-05-27,SH688506,-0.0020954321965130137,EXP_CatBoostModel_Alpha158_csi300_custom_step0_s_20260527_18,a5557997913f4b759fa3a5f5af7c2c33,0.044,,,
2825,2026-05-27,SH688981,-0.00023258735466955542,EXP_CatBoostModel_Alpha158_csi300_custom_step0_s_20260527_18,a5557997913f4b759fa3a5f5af7c2c33,0.044,,,
2826,2026-05-27,SZ000001,0.0011553603853625505,EXP_CatBoostModel_Alpha158_csi300_custom_step0_s_20260527_18,a5557997913f4b759fa3a5f5af7c2c33,0.044,,,
2827,2026-05-27,SZ000002,-0.00023258735466955542,EXP_CatBoostModel_Alpha158_csi300_custom_step0_s_20260527_18,a5557997913f4b759fa3a5f5af7c2c33,0.044,,,
2828,2026-05-27,SZ000063,-0.00023258735466955542,EXP_CatBoostModel_Alpha158_csi300_custom_step0_s_20260527_18,a5557997913f4b759fa3a5f5af7c2c33,0.044,,,
2829,2026-05-27,SZ000100,-0.0021282796256140387,EXP_CatBoostModel_Alpha158_csi300_custom_step0_s_20260527_18,a5557997913f4b759fa3a5f5af7c2c33,0.044,,,
2830,2026-05-27,SZ000651,-0.00023258735466955542,EXP_CatBoostModel_Alpha158_csi300_custom_step0_s_20260527_18,a5557997913f4b759fa3a5f5af7c2c33,0.044,,,
2831,2026-05-27,SZ000630,-0.00023258735466955542,EXP_CatBoostModel_Alpha158_csi300_custom_step0_s_20260527_18,a5557997913f4b759fa3a5f5af7c2c33,0.044,,,
2832,2026-05-27,SZ000625,-0.00023258735466955542,EXP_CatBoostModel_Alpha158_csi300_custom_step0_s_20260527_18,a5557997913f4b759fa3a5f5af7c2c33,0.044,,,
2833,2026-05-27,SZ000617,-0.00023258735466955542,EXP_CatBoostModel_Alpha158_csi300_custom_step0_s_20260527_18,a5557997913f4b759fa3a5f5af7c2c33,0.044,,,
2834,2026-05-27,SZ000596,-0.0020954321965130137,EXP_CatBoostModel_Alpha158_csi300_custom_step0_s_20260527_18,a5557997913f4b759fa3a5f5af7c2c33,0.044,,,
2835,2026-05-27,SZ000568,-0.0009588903026050907,EXP_CatBoostModel_Alpha158_csi300_custom_step0_s_20260527_18,a5557997913f4b759fa3a5f5af7c2c33,0.044,,,
2836,2026-05-27,SH688047,-0.00023258735466955542,EXP_CatBoostModel_Alpha158_csi300_custom_step0_s_20260527_18,a5557997913f4b759fa3a5f5af7c2c33,0.044,,,
2837,2026-05-27,SZ000538,-0.0020954321965130137,EXP_CatBoostModel_Alpha158_csi300_custom_step0_s_20260527_18,a5557997913f4b759fa3a5f5af7c2c33,0.044,,,
2838,2026-05-27,SZ000408,-0.00023258735466955542,EXP_CatBoostModel_Alpha158_csi300_custom_step0_s_20260527_18,a5557997913f4b759fa3a5f5af7c2c33,0.044,,,
2839,2026-05-27,SZ000338,-0.00023258735466955542,EXP_CatBoostModel_Alpha158_csi300_custom_step0_s_20260527_18,a5557997913f4b759fa3a5f5af7c2c33,0.044,,,
2840,2026-05-27,SZ000333,0.0011553603853625505,EXP_CatBoostModel_Alpha158_csi300_custom_step0_s_20260527_18,a5557997913f4b759fa3a5f5af7c2c33,0.044,,,
2841,2026-05-27,SZ000301,-0.00023258735466955542,EXP_CatBoostModel_Alpha158_csi300_custom_step0_s_20260527_18,a5557997913f4b759fa3a5f5af7c2c33,0.044,,,
2842,2026-05-27,SZ000166,-0.00023258735466955542,EXP_CatBoostModel_Alpha158_csi300_custom_step0_s_20260527_18,a5557997913f4b759fa3a5f5af7c2c33,0.044,,,
2843,2026-05-27,SZ000157,-0.00023258735466955542,EXP_CatBoostModel_Alpha158_csi300_custom_step0_s_20260527_18,a5557997913f4b759fa3a5f5af7c2c33,0.044,,,
2844,2026-05-27,SZ000425,-0.00023258735466955542,EXP_CatBoostModel_Alpha158_csi300_custom_step0_s_20260527_18,a5557997913f4b759fa3a5f5af7c2c33,0.044,,,
2845,2026-05-27,SZ000661,-0.00023258735466955542,EXP_CatBoostModel_Alpha158_csi300_custom_step0_s_20260527_18,a5557997913f4b759fa3a5f5af7c2c33,0.044,,,
2846,2026-05-27,SH688041,-0.00023258735466955542,EXP_CatBoostModel_Alpha158_csi300_custom_step0_s_20260527_18,a5557997913f4b759fa3a5f5af7c2c33,0.044,,,
2847,2026-05-27,SH688012,-0.00023258735466955542,EXP_CatBoostModel_Alpha158_csi300_custom_step0_s_20260527_18,a5557997913f4b759fa3a5f5af7c2c33,0.044,,,
2848,2026-05-27,SH601877,-0.00023258735466955542,EXP_CatBoostModel_Alpha158_csi300_custom_step0_s_20260527_18,a5557997913f4b759fa3a5f5af7c2c33,0.044,,,
2849,2026-05-27,SH601878,0.002093031623381406,EXP_CatBoostModel_Alpha158_csi300_custom_step0_s_20260527_18,a5557997913f4b759fa3a5f5af7c2c33,0.044,,,
2850,2026-05-27,SH601881,0.002093031623381406,EXP_CatBoostModel_Alpha158_csi300_custom_step0_s_20260527_18,a5557997913f4b759fa3a5f5af7c2c33,0.044,,,
2851,2026-05-27,SH601888,-0.00023258735466955542,EXP_CatBoostModel_Alpha158_csi300_custom_step0_s_20260527_18,a5557997913f4b759fa3a5f5af7c2c33,0.044,,,
2852,2026-05-27,SH601898,-0.00023258735466955542,EXP_CatBoostModel_Alpha158_csi300_custom_step0_s_20260527_18,a5557997913f4b759fa3a5f5af7c2c33,0.044,,,
2853,2026-05-27,SH601899,-0.00023258735466955542,EXP_CatBoostModel_Alpha158_csi300_custom_step0_s_20260527_18,a5557997913f4b759fa3a5f5af7c2c33,0.044,,,
2854,2026-05-27,SH601901,0.002093031623381406,EXP_CatBoostModel_Alpha158_csi300_custom_step0_s_20260527_18,a5557997913f4b759fa3a5f5af7c2c33,0.044,,,
2855,2026-05-27,SH601916,0.0025136054637837314,EXP_CatBoostModel_Alpha158_csi300_custom_step0_s_20260527_18,a5557997913f4b759fa3a5f5af7c2c33,0.044,,,
2856,2026-05-27,SH601919,-0.0021282796256140387,EXP_CatBoostModel_Alpha158_csi300_custom_step0_s_20260527_18,a5557997913f4b759fa3a5f5af7c2c33,0.044,,,
2857,2026-05-27,SH601939,0.002985007549210261,EXP_CatBoostModel_Alpha158_csi300_custom_step0_s_20260527_18,a5557997913f4b759fa3a5f5af7c2c33,0.044,,,
2858,2026-05-27,SH601985,0.0011553603853625505,EXP_CatBoostModel_Alpha158_csi300_custom_step0_s_20260527_18,a5557997913f4b759fa3a5f5af7c2c33,0.044,,,
2859,2026-05-27,SH601988,0.002985007549210261,EXP_CatBoostModel_Alpha158_csi300_custom_step0_s_20260527_18,a5557997913f4b759fa3a5f5af7c2c33,0.044,,,
2860,2026-05-27,SH601995,0.002985007549210261,EXP_CatBoostModel_Alpha158_csi300_custom_step0_s_20260527_18,a5557997913f4b759fa3a5f5af7c2c33,0.044,,,
2861,2026-05-27,SH601998,-0.00023258735466955542,EXP_CatBoostModel_Alpha158_csi300_custom_step0_s_20260527_18,a5557997913f4b759fa3a5f5af7c2c33,0.044,,,
2862,2026-05-27,SH603019,-0.00023258735466955542,EXP_CatBoostModel_Alpha158_csi300_custom_step0_s_20260527_18,a5557997913f4b759fa3a5f5af7c2c33,0.044,,,
2863,2026-05-27,SH603195,-0.0009588903026050907,EXP_CatBoostModel_Alpha158_csi300_custom_step0_s_20260527_18,a5557997913f4b759fa3a5f5af7c2c33,0.044,,,
2864,2026-05-27,SH603259,-0.00023258735466955542,EXP_CatBoostModel_Alpha158_csi300_custom_step0_s_20260527_18,a5557997913f4b759fa3a5f5af7c2c33,0.044,,,
2865,2026-05-27,SH688009,-0.00023258735466955542,EXP_CatBoostModel_Alpha158_csi300_custom_step0_s_20260527_18,a5557997913f4b759fa3a5f5af7c2c33,0.044,,,
2866,2026-05-27,SH688008,-0.00023258735466955542,EXP_CatBoostModel_Alpha158_csi300_custom_step0_s_20260527_18,a5557997913f4b759fa3a5f5af7c2c33,0.044,,,
2867,2026-05-27,SH605499,-0.00023258735466955542,EXP_CatBoostModel_Alpha158_csi300_custom_step0_s_20260527_18,a5557997913f4b759fa3a5f5af7c2c33,0.044,,,
2868,2026-05-27,SH605117,-0.0009588903026050907,EXP_CatBoostModel_Alpha158_csi300_custom_step0_s_20260527_18,a5557997913f4b759fa3a5f5af7c2c33,0.044,,,
2869,2026-05-27,SH603993,-0.00023258735466955542,EXP_CatBoostModel_Alpha158_csi300_custom_step0_s_20260527_18,a5557997913f4b759fa3a5f5af7c2c33,0.044,,,
2870,2026-05-27,SH603986,-0.00023258735466955542,EXP_CatBoostModel_Alpha158_csi300_custom_step0_s_20260527_18,a5557997913f4b759fa3a5f5af7c2c33,0.044,,,
2871,2026-05-27,SH688036,-0.00023258735466955542,EXP_CatBoostModel_Alpha158_csi300_custom_step0_s_20260527_18,a5557997913f4b759fa3a5f5af7c2c33,0.044,,,
2872,2026-05-27,SH603893,-0.0032091015311572803,EXP_CatBoostModel_Alpha158_csi300_custom_step0_s_20260527_18,a5557997913f4b759fa3a5f5af7c2c33,0.044,,,
2873,2026-05-27,SH603501,-0.00023258735466955542,EXP_CatBoostModel_Alpha158_csi300_custom_step0_s_20260527_18,a5557997913f4b759fa3a5f5af7c2c33,0.044,,,
2874,2026-05-27,SH603392,0.0007742738970990329,EXP_CatBoostModel_Alpha158_csi300_custom_step0_s_20260527_18,a5557997913f4b759fa3a5f5af7c2c33,0.044,,,
2875,2026-05-27,SH603369,-0.0009588903026050907,EXP_CatBoostModel_Alpha158_csi300_custom_step0_s_20260527_18,a5557997913f4b759fa3a5f5af7c2c33,0.044,,,
2876,2026-05-27,SH603296,-0.00023258735466955542,EXP_CatBoostModel_Alpha158_csi300_custom_step0_s_20260527_18,a5557997913f4b759fa3a5f5af7c2c33,0.044,,,
2877,2026-05-27,SH603288,-0.0009588903026050907,EXP_CatBoostModel_Alpha158_csi300_custom_step0_s_20260527_18,a5557997913f4b759fa3a5f5af7c2c33,0.044,,,
2878,2026-05-27,SH603260,-0.00023258735466955542,EXP_CatBoostModel_Alpha158_csi300_custom_step0_s_20260527_18,a5557997913f4b759fa3a5f5af7c2c33,0.044,,,
2879,2026-05-27,SH603799,-0.00023258735466955542,EXP_CatBoostModel_Alpha158_csi300_custom_step0_s_20260527_18,a5557997913f4b759fa3a5f5af7c2c33,0.044,,,
2880,2026-05-27,SH601872,-0.00023258735466955542,EXP_CatBoostModel_Alpha158_csi300_custom_step0_s_20260527_18,a5557997913f4b759fa3a5f5af7c2c33,0.044,,,
2881,2026-05-27,SZ000708,-0.00023258735466955542,EXP_CatBoostModel_Alpha158_csi300_custom_step0_s_20260527_18,a5557997913f4b759fa3a5f5af7c2c33,0.044,,,
2882,2026-05-27,SZ000768,-0.00023258735466955542,EXP_CatBoostModel_Alpha158_csi300_custom_step0_s_20260527_18,a5557997913f4b759fa3a5f5af7c2c33,0.044,,,
2883,2026-05-27,SZ002459,-0.00023258735466955542,EXP_CatBoostModel_Alpha158_csi300_custom_step0_s_20260527_18,a5557997913f4b759fa3a5f5af7c2c33,0.044,,,
2884,2026-05-27,SZ002460,-0.00023258735466955542,EXP_CatBoostModel_Alpha158_csi300_custom_step0_s_20260527_18,a5557997913f4b759fa3a5f5af7c2c33,0.044,,,
2885,2026-05-27,SZ002463,-0.00023258735466955542,EXP_CatBoostModel_Alpha158_csi300_custom_step0_s_20260527_18,a5557997913f4b759fa3a5f5af7c2c33,0.044,,,
2886,2026-05-27,SZ002466,-0.00023258735466955542,EXP_CatBoostModel_Alpha158_csi300_custom_step0_s_20260527_18,a5557997913f4b759fa3a5f5af7c2c33,0.044,,,
2887,2026-05-27,SZ002475,-0.00023258735466955542,EXP_CatBoostModel_Alpha158_csi300_custom_step0_s_20260527_18,a5557997913f4b759fa3a5f5af7c2c33,0.044,,,
2888,2026-05-27,SZ002493,-0.00023258735466955542,EXP_CatBoostModel_Alpha158_csi300_custom_step0_s_20260527_18,a5557997913f4b759fa3a5f5af7c2c33,0.044,,,
2889,2026-05-27,SZ002594,-0.00023258735466955542,EXP_CatBoostModel_Alpha158_csi300_custom_step0_s_20260527_18,a5557997913f4b759fa3a5f5af7c2c33,0.044,,,
2890,2026-05-27,SZ002600,-0.00023258735466955542,EXP_CatBoostModel_Alpha158_csi300_custom_step0_s_20260527_18,a5557997913f4b759fa3a5f5af7c2c33,0.044,,,
2891,2026-05-27,SZ002601,-0.00023258735466955542,EXP_CatBoostModel_Alpha158_csi300_custom_step0_s_20260527_18,a5557997913f4b759fa3a5f5af7c2c33,0.044,,,
2892,2026-05-27,SZ002625,-0.0009588903026050907,EXP_CatBoostModel_Alpha158_csi300_custom_step0_s_20260527_18,a5557997913f4b759fa3a5f5af7c2c33,0.044,,,
2893,2026-05-27,SZ002648,-0.00023258735466955542,EXP_CatBoostModel_Alpha158_csi300_custom_step0_s_20260527_18,a5557997913f4b759fa3a5f5af7c2c33,0.044,,,
2894,2026-05-27,SZ002709,-0.0009588903026050907,EXP_CatBoostModel_Alpha158_csi300_custom_step0_s_20260527_18,a5557997913f4b759fa3a5f5af7c2c33,0.044,,,
2895,2026-05-27,SZ002714,-0.00023258735466955542,EXP_CatBoostModel_Alpha158_csi300_custom_step0_s_20260527_18,a5557997913f4b759fa3a5f5af7c2c33,0.044,,,
2896,2026-05-27,SZ002736,-0.00023258735466955542,EXP_CatBoostModel_Alpha158_csi300_custom_step0_s_20260527_18,a5557997913f4b759fa3a5f5af7c2c33,0.044,,,
2897,2026-05-27,SZ002916,-0.00023258735466955542,EXP_CatBoostModel_Alpha158_csi300_custom_step0_s_20260527_18,a5557997913f4b759fa3a5f5af7c2c33,0.044,,,
2898,2026-05-27,SZ002920,-0.0009588903026050907,EXP_CatBoostModel_Alpha158_csi300_custom_step0_s_20260527_18,a5557997913f4b759fa3a5f5af7c2c33,0.044,,,
2899,2026-05-27,SZ002938,-0.00023258735466955542,EXP_CatBoostModel_Alpha158_csi300_custom_step0_s_20260527_18,a5557997913f4b759fa3a5f5af7c2c33,0.044,,,
2900,2026-05-27,SZ300408,-0.010502764574580513,EXP_CatBoostModel_Alpha158_csi300_custom_step0_s_20260527_18,a5557997913f4b759fa3a5f5af7c2c33,0.044,,,
2901,2026-05-27,SZ300394,0.006715519984203392,EXP_CatBoostModel_Alpha158_csi300_custom_step0_s_20260527_18,a5557997913f4b759fa3a5f5af7c2c33,0.044,,,
2902,2026-05-27,SZ300347,0.0007742738970990329,EXP_CatBoostModel_Alpha158_csi300_custom_step0_s_20260527_18,a5557997913f4b759fa3a5f5af7c2c33,0.044,,,
2903,2026-05-27,SZ300316,-0.00023258735466955542,EXP_CatBoostModel_Alpha158_csi300_custom_step0_s_20260527_18,a5557997913f4b759fa3a5f5af7c2c33,0.044,,,
2904,2026-05-27,SZ300308,-0.0009588903026050907,EXP_CatBoostModel_Alpha158_csi300_custom_step0_s_20260527_18,a5557997913f4b759fa3a5f5af7c2c33,0.044,,,
2905,2026-05-27,SZ300274,-0.0032091015311572803,EXP_CatBoostModel_Alpha158_csi300_custom_step0_s_20260527_18,a5557997913f4b759fa3a5f5af7c2c33,0.044,,,
2906,2026-05-27,SZ002422,-0.0020954321965130137,EXP_CatBoostModel_Alpha158_csi300_custom_step0_s_20260527_18,a5557997913f4b759fa3a5f5af7c2c33,0.044,,,
2907,2026-05-27,SZ300251,-0.0009588903026050907,EXP_CatBoostModel_Alpha158_csi300_custom_step0_s_20260527_18,a5557997913f4b759fa3a5f5af7c2c33,0.044,,,
2908,2026-05-27,SZ300122,-0.0020954321965130137,EXP_CatBoostModel_Alpha158_csi300_custom_step0_s_20260527_18,a5557997913f4b759fa3a5f5af7c2c33,0.044,,,
2909,2026-05-27,SZ300059,-0.0006317901413227834,EXP_CatBoostModel_Alpha158_csi300_custom_step0_s_20260527_18,a5557997913f4b759fa3a5f5af7c2c33,0.044,,,
2910,2026-05-27,SZ300033,-0.00023258735466955542,EXP_CatBoostModel_Alpha158_csi300_custom_step0_s_20260527_18,a5557997913f4b759fa3a5f5af7c2c33,0.044,,,
2911,2026-05-27,SZ300015,-0.0020954321965130137,EXP_CatBoostModel_Alpha158_csi300_custom_step0_s_20260527_18,a5557997913f4b759fa3a5f5af7c2c33,0.044,,,
2912,2026-05-27,SZ300014,-0.0009588903026050907,EXP_CatBoostModel_Alpha158_csi300_custom_step0_s_20260527_18,a5557997913f4b759fa3a5f5af7c2c33,0.044,,,
2913,2026-05-27,SZ003816,-0.00023258735466955542,EXP_CatBoostModel_Alpha158_csi300_custom_step0_s_20260527_18,a5557997913f4b759fa3a5f5af7c2c33,0.044,,,
2914,2026-05-27,SZ300124,-0.00023258735466955542,EXP_CatBoostModel_Alpha158_csi300_custom_step0_s_20260527_18,a5557997913f4b759fa3a5f5af7c2c33,0.044,,,
2915,2026-05-27,SZ000725,0.01380381540428222,EXP_CatBoostModel_Alpha158_csi300_custom_step0_s_20260527_18,a5557997913f4b759fa3a5f5af7c2c33,0.044,,,
2916,2026-05-27,SZ002415,-0.00023258735466955542,EXP_CatBoostModel_Alpha158_csi300_custom_step0_s_20260527_18,a5557997913f4b759fa3a5f5af7c2c33,0.044,,,
2917,2026-05-27,SZ002371,-0.00023258735466955542,EXP_CatBoostModel_Alpha158_csi300_custom_step0_s_20260527_18,a5557997913f4b759fa3a5f5af7c2c33,0.044,,,
2918,2026-05-27,SZ000776,-0.00023258735466955542,EXP_CatBoostModel_Alpha158_csi300_custom_step0_s_20260527_18,a5557997913f4b759fa3a5f5af7c2c33,0.044,,,
2919,2026-05-27,SZ000786,-0.00023258735466955542,EXP_CatBoostModel_Alpha158_csi300_custom_step0_s_20260527_18,a5557997913f4b759fa3a5f5af7c2c33,0.044,,,
2920,2026-05-27,SZ000792,-0.00023258735466955542,EXP_CatBoostModel_Alpha158_csi300_custom_step0_s_20260527_18,a5557997913f4b759fa3a5f5af7c2c33,0.044,,,
2921,2026-05-27,SZ000807,-0.00023258735466955542,EXP_CatBoostModel_Alpha158_csi300_custom_step0_s_20260527_18,a5557997913f4b759fa3a5f5af7c2c33,0.044,,,
2922,2026-05-27,SZ000858,-0.0020954321965130137,EXP_CatBoostModel_Alpha158_csi300_custom_step0_s_20260527_18,a5557997913f4b759fa3a5f5af7c2c33,0.044,,,
2923,2026-05-27,SZ000876,-0.00023258735466955542,EXP_CatBoostModel_Alpha158_csi300_custom_step0_s_20260527_18,a5557997913f4b759fa3a5f5af7c2c33,0.044,,,
2924,2026-05-27,SZ000895,-0.0020954321965130137,EXP_CatBoostModel_Alpha158_csi300_custom_step0_s_20260527_18,a5557997913f4b759fa3a5f5af7c2c33,0.044,,,
2925,2026-05-27,SZ000938,-0.00023258735466955542,EXP_CatBoostModel_Alpha158_csi300_custom_step0_s_20260527_18,a5557997913f4b759fa3a5f5af7c2c33,0.044,,,
2926,2026-05-27,SZ000963,-0.0009588903026050907,EXP_CatBoostModel_Alpha158_csi300_custom_step0_s_20260527_18,a5557997913f4b759fa3a5f5af7c2c33,0.044,,,
2927,2026-05-27,SZ000975,-0.00023258735466955542,EXP_CatBoostModel_Alpha158_csi300_custom_step0_s_20260527_18,a5557997913f4b759fa3a5f5af7c2c33,0.044,,,
2928,2026-05-27,SZ000977,-0.00023258735466955542,EXP_CatBoostModel_Alpha158_csi300_custom_step0_s_20260527_18,a5557997913f4b759fa3a5f5af7c2c33,0.044,,,
2929,2026-05-27,SZ000983,-0.0009588903026050907,EXP_CatBoostModel_Alpha158_csi300_custom_step0_s_20260527_18,a5557997913f4b759fa3a5f5af7c2c33,0.044,,,
2930,2026-05-27,SZ000999,-0.0009588903026050907,EXP_CatBoostModel_Alpha158_csi300_custom_step0_s_20260527_18,a5557997913f4b759fa3a5f5af7c2c33,0.044,,,
2931,2026-05-27,SZ001391,0.0011553603853625505,EXP_CatBoostModel_Alpha158_csi300_custom_step0_s_20260527_18,a5557997913f4b759fa3a5f5af7c2c33,0.044,,,
2932,2026-05-27,SZ001965,-0.00023258735466955542,EXP_CatBoostModel_Alpha158_csi300_custom_step0_s_20260527_18,a5557997913f4b759fa3a5f5af7c2c33,0.044,,,
2933,2026-05-27,SZ001979,-0.00023258735466955542,EXP_CatBoostModel_Alpha158_csi300_custom_step0_s_20260527_18,a5557997913f4b759fa3a5f5af7c2c33,0.044,,,
2934,2026-05-27,SZ002001,-0.00023258735466955542,EXP_CatBoostModel_Alpha158_csi300_custom_step0_s_20260527_18,a5557997913f4b759fa3a5f5af7c2c33,0.044,,,
2935,2026-05-27,SZ002352,0.0011553603853625505,EXP_CatBoostModel_Alpha158_csi300_custom_step0_s_20260527_18,a5557997913f4b759fa3a5f5af7c2c33,0.044,,,
2936,2026-05-27,SZ002311,-0.00023258735466955542,EXP_CatBoostModel_Alpha158_csi300_custom_step0_s_20260527_18,a5557997913f4b759fa3a5f5af7c2c33,0.044,,,
2937,2026-05-27,SZ002304,-0.0009588903026050907,EXP_CatBoostModel_Alpha158_csi300_custom_step0_s_20260527_18,a5557997913f4b759fa3a5f5af7c2c33,0.044,,,
2938,2026-05-27,SZ002252,-0.00023258735466955542,EXP_CatBoostModel_Alpha158_csi300_custom_step0_s_20260527_18,a5557997913f4b759fa3a5f5af7c2c33,0.044,,,
2939,2026-05-27,SZ002241,-0.0009588903026050907,EXP_CatBoostModel_Alpha158_csi300_custom_step0_s_20260527_18,a5557997913f4b759fa3a5f5af7c2c33,0.044,,,
2940,2026-05-27,SZ002236,-0.0021282796256140387,EXP_CatBoostModel_Alpha158_csi300_custom_step0_s_20260527_18,a5557997913f4b759fa3a5f5af7c2c33,0.044,,,
2941,2026-05-27,SZ002384,-0.0009588903026050907,EXP_CatBoostModel_Alpha158_csi300_custom_step0_s_20260527_18,a5557997913f4b759fa3a5f5af7c2c33,0.044,,,
2942,2026-05-27,SZ002230,0.0024910185845601995,EXP_CatBoostModel_Alpha158_csi300_custom_step0_s_20260527_18,a5557997913f4b759fa3a5f5af7c2c33,0.044,,,
2943,2026-05-27,SZ002142,-0.00023258735466955542,EXP_CatBoostModel_Alpha158_csi300_custom_step0_s_20260527_18,a5557997913f4b759fa3a5f5af7c2c33,0.044,,,
2944,2026-05-27,SZ002074,-0.00023258735466955542,EXP_CatBoostModel_Alpha158_csi300_custom_step0_s_20260527_18,a5557997913f4b759fa3a5f5af7c2c33,0.044,,,
2945,2026-05-27,SZ002050,-0.00023258735466955542,EXP_CatBoostModel_Alpha158_csi300_custom_step0_s_20260527_18,a5557997913f4b759fa3a5f5af7c2c33,0.044,,,
2946,2026-05-27,SZ002049,-0.0009588903026050907,EXP_CatBoostModel_Alpha158_csi300_custom_step0_s_20260527_18,a5557997913f4b759fa3a5f5af7c2c33,0.044,,,
2947,2026-05-27,SZ002028,-0.0009588903026050907,EXP_CatBoostModel_Alpha158_csi300_custom_step0_s_20260527_18,a5557997913f4b759fa3a5f5af7c2c33,0.044,,,
2948,2026-05-27,SZ002027,-0.00023258735466955542,EXP_CatBoostModel_Alpha158_csi300_custom_step0_s_20260527_18,a5557997913f4b759fa3a5f5af7c2c33,0.044,,,
2949,2026-05-27,SZ002179,-0.00023258735466955542,EXP_CatBoostModel_Alpha158_csi300_custom_step0_s_20260527_18,a5557997913f4b759fa3a5f5af7c2c33,0.044,,,
2950,2026-05-27,SH601868,-0.00023258735466955542,EXP_CatBoostModel_Alpha158_csi300_custom_step0_s_20260527_18,a5557997913f4b759fa3a5f5af7c2c33,0.044,,,
2951,2026-05-27,SH601857,-0.00023258735466955542,EXP_CatBoostModel_Alpha158_csi300_custom_step0_s_20260527_18,a5557997913f4b759fa3a5f5af7c2c33,0.044,,,
2952,2026-05-27,SH601838,-0.00023258735466955542,EXP_CatBoostModel_Alpha158_csi300_custom_step0_s_20260527_18,a5557997913f4b759fa3a5f5af7c2c33,0.044,,,
2953,2026-05-27,SH600276,-0.0020954321965130137,EXP_CatBoostModel_Alpha158_csi300_custom_step0_s_20260527_18,a5557997913f4b759fa3a5f5af7c2c33,0.044,,,
2954,2026-05-27,SH600309,-0.00023258735466955542,EXP_CatBoostModel_Alpha158_csi300_custom_step0_s_20260527_18,a5557997913f4b759fa3a5f5af7c2c33,0.044,,,
2955,2026-05-27,SH600346,-0.00023258735466955542,EXP_CatBoostModel_Alpha158_csi300_custom_step0_s_20260527_18,a5557997913f4b759fa3a5f5af7c2c33,0.044,,,
2956,2026-05-27,SH600362,-0.00023258735466955542,EXP_CatBoostModel_Alpha158_csi300_custom_step0_s_20260527_18,a5557997913f4b759fa3a5f5af7c2c33,0.044,,,
2957,2026-05-27,SH600372,-0.00023258735466955542,EXP_CatBoostModel_Alpha158_csi300_custom_step0_s_20260527_18,a5557997913f4b759fa3a5f5af7c2c33,0.044,,,
2958,2026-05-27,SH600377,0.0024910185845601995,EXP_CatBoostModel_Alpha158_csi300_custom_step0_s_20260527_18,a5557997913f4b759fa3a5f5af7c2c33,0.044,,,
2959,2026-05-27,SH600406,0.0011553603853625505,EXP_CatBoostModel_Alpha158_csi300_custom_step0_s_20260527_18,a5557997913f4b759fa3a5f5af7c2c33,0.044,,,
2960,2026-05-27,SH600415,-0.00023258735466955542,EXP_CatBoostModel_Alpha158_csi300_custom_step0_s_20260527_18,a5557997913f4b759fa3a5f5af7c2c33,0.044,,,
2961,2026-05-27,SH600426,-0.00023258735466955542,EXP_CatBoostModel_Alpha158_csi300_custom_step0_s_20260527_18,a5557997913f4b759fa3a5f5af7c2c33,0.044,,,
2962,2026-05-27,SH600436,-0.0020954321965130137,EXP_CatBoostModel_Alpha158_csi300_custom_step0_s_20260527_18,a5557997913f4b759fa3a5f5af7c2c33,0.044,,,
2963,2026-05-27,SH600438,-0.00023258735466955542,EXP_CatBoostModel_Alpha158_csi300_custom_step0_s_20260527_18,a5557997913f4b759fa3a5f5af7c2c33,0.044,,,
2964,2026-05-27,SH600460,-0.0009588903026050907,EXP_CatBoostModel_Alpha158_csi300_custom_step0_s_20260527_18,a5557997913f4b759fa3a5f5af7c2c33,0.044,,,
2965,2026-05-27,SH600482,-0.0009588903026050907,EXP_CatBoostModel_Alpha158_csi300_custom_step0_s_20260527_18,a5557997913f4b759fa3a5f5af7c2c33,0.044,,,
2966,2026-05-27,SH600489,-0.00023258735466955542,EXP_CatBoostModel_Alpha158_csi300_custom_step0_s_20260527_18,a5557997913f4b759fa3a5f5af7c2c33,0.044,,,
2967,2026-05-27,SH600515,-0.00023258735466955542,EXP_CatBoostModel_Alpha158_csi300_custom_step0_s_20260527_18,a5557997913f4b759fa3a5f5af7c2c33,0.044,,,
2968,2026-05-27,SH600519,-0.0020954321965130137,EXP_CatBoostModel_Alpha158_csi300_custom_step0_s_20260527_18,a5557997913f4b759fa3a5f5af7c2c33,0.044,,,
2969,2026-05-27,SH600522,-0.00023258735466955542,EXP_CatBoostModel_Alpha158_csi300_custom_step0_s_20260527_18,a5557997913f4b759fa3a5f5af7c2c33,0.044,,,
2970,2026-05-27,SH600809,-0.0009588903026050907,EXP_CatBoostModel_Alpha158_csi300_custom_step0_s_20260527_18,a5557997913f4b759fa3a5f5af7c2c33,0.044,,,
2971,2026-05-27,SH600803,-0.00023258735466955542,EXP_CatBoostModel_Alpha158_csi300_custom_step0_s_20260527_18,a5557997913f4b759fa3a5f5af7c2c33,0.044,,,
2972,2026-05-27,SH600795,-0.0021282796256140387,EXP_CatBoostModel_Alpha158_csi300_custom_step0_s_20260527_18,a5557997913f4b759fa3a5f5af7c2c33,0.044,,,
2973,2026-05-27,SH600760,-0.00023258735466955542,EXP_CatBoostModel_Alpha158_csi300_custom_step0_s_20260527_18,a5557997913f4b759fa3a5f5af7c2c33,0.044,,,
2974,2026-05-27,SH600741,-0.00023258735466955542,EXP_CatBoostModel_Alpha158_csi300_custom_step0_s_20260527_18,a5557997913f4b759fa3a5f5af7c2c33,0.044,,,
2975,2026-05-27,SH600690,0.0011553603853625505,EXP_CatBoostModel_Alpha158_csi300_custom_step0_s_20260527_18,a5557997913f4b759fa3a5f5af7c2c33,0.044,,,
2976,2026-05-27,SH600233,-0.00023258735466955542,EXP_CatBoostModel_Alpha158_csi300_custom_step0_s_20260527_18,a5557997913f4b759fa3a5f5af7c2c33,0.044,,,
2977,2026-05-27,SH600674,-0.0021282796256140387,EXP_CatBoostModel_Alpha158_csi300_custom_step0_s_20260527_18,a5557997913f4b759fa3a5f5af7c2c33,0.044,,,
2978,2026-05-27,SH600600,0.0011553603853625505,EXP_CatBoostModel_Alpha158_csi300_custom_step0_s_20260527_18,a5557997913f4b759fa3a5f5af7c2c33,0.044,,,
2979,2026-05-27,SH600588,-0.00023258735466955542,EXP_CatBoostModel_Alpha158_csi300_custom_step0_s_20260527_18,a5557997913f4b759fa3a5f5af7c2c33,0.044,,,
2980,2026-05-27,SH600585,-0.00023258735466955542,EXP_CatBoostModel_Alpha158_csi300_custom_step0_s_20260527_18,a5557997913f4b759fa3a5f5af7c2c33,0.044,,,
2981,2026-05-27,SH600584,-0.00023258735466955542,EXP_CatBoostModel_Alpha158_csi300_custom_step0_s_20260527_18,a5557997913f4b759fa3a5f5af7c2c33,0.044,,,
2982,2026-05-27,SH600570,-0.0006317901413227834,EXP_CatBoostModel_Alpha158_csi300_custom_step0_s_20260527_18,a5557997913f4b759fa3a5f5af7c2c33,0.044,,,
2983,2026-05-27,SH600547,-0.00023258735466955542,EXP_CatBoostModel_Alpha158_csi300_custom_step0_s_20260527_18,a5557997913f4b759fa3a5f5af7c2c33,0.044,,,
2984,2026-05-27,SH600660,-0.00023258735466955542,EXP_CatBoostModel_Alpha158_csi300_custom_step0_s_20260527_18,a5557997913f4b759fa3a5f5af7c2c33,0.044,,,
2985,2026-05-27,SH600845,-0.00023258735466955542,EXP_CatBoostModel_Alpha158_csi300_custom_step0_s_20260527_18,a5557997913f4b759fa3a5f5af7c2c33,0.044,,,
2986,2026-05-27,SH600219,-0.00023258735466955542,EXP_CatBoostModel_Alpha158_csi300_custom_step0_s_20260527_18,a5557997913f4b759fa3a5f5af7c2c33,0.044,,,
2987,2026-05-27,SH600188,-0.0009588903026050907,EXP_CatBoostModel_Alpha158_csi300_custom_step0_s_20260527_18,a5557997913f4b759fa3a5f5af7c2c33,0.044,,,
2988,2026-05-27,SH600009,-0.00023258735466955542,EXP_CatBoostModel_Alpha158_csi300_custom_step0_s_20260527_18,a5557997913f4b759fa3a5f5af7c2c33,0.044,,,
2989,2026-05-27,SH600010,-0.00023258735466955542,EXP_CatBoostModel_Alpha158_csi300_custom_step0_s_20260527_18,a5557997913f4b759fa3a5f5af7c2c33,0.044,,,
2990,2026-05-27,SH600011,-0.0009588903026050907,EXP_CatBoostModel_Alpha158_csi300_custom_step0_s_20260527_18,a5557997913f4b759fa3a5f5af7c2c33,0.044,,,
2991,2026-05-27,SH600015,-0.00023258735466955542,EXP_CatBoostModel_Alpha158_csi300_custom_step0_s_20260527_18,a5557997913f4b759fa3a5f5af7c2c33,0.044,,,
2992,2026-05-27,SH600016,0.0011553603853625505,EXP_CatBoostModel_Alpha158_csi300_custom_step0_s_20260527_18,a5557997913f4b759fa3a5f5af7c2c33,0.044,,,
2993,2026-05-27,SH600018,0.0024910185845601995,EXP_CatBoostModel_Alpha158_csi300_custom_step0_s_20260527_18,a5557997913f4b759fa3a5f5af7c2c33,0.044,,,
2994,2026-05-27,SH600019,-0.00023258735466955542,EXP_CatBoostModel_Alpha158_csi300_custom_step0_s_20260527_18,a5557997913f4b759fa3a5f5af7c2c33,0.044,,,
2995,2026-05-27,SH600023,-0.00023258735466955542,EXP_CatBoostModel_Alpha158_csi300_custom_step0_s_20260527_18,a5557997913f4b759fa3a5f5af7c2c33,0.044,,,
2996,2026-05-27,SH600025,0.0024910185845601995,EXP_CatBoostModel_Alpha158_csi300_custom_step0_s_20260527_18,a5557997913f4b759fa3a5f5af7c2c33,0.044,,,
2997,2026-05-27,SH600026,-0.00023258735466955542,EXP_CatBoostModel_Alpha158_csi300_custom_step0_s_20260527_18,a5557997913f4b759fa3a5f5af7c2c33,0.044,,,
2998,2026-05-27,SH600027,-0.0009588903026050907,EXP_CatBoostModel_Alpha158_csi300_custom_step0_s_20260527_18,a5557997913f4b759fa3a5f5af7c2c33,0.044,,,
2999,2026-05-27,SH600028,-0.00023258735466955542,EXP_CatBoostModel_Alpha158_csi300_custom_step0_s_20260527_18,a5557997913f4b759fa3a5f5af7c2c33,0.044,,,
3000,2026-05-27,SH600029,-0.00023258735466955542,EXP_CatBoostModel_Alpha158_csi300_custom_step0_s_20260527_18,a5557997913f4b759fa3a5f5af7c2c33,0.044,,,
3001,2026-05-27,SH600030,0.002093031623381406,EXP_CatBoostModel_Alpha158_csi300_custom_step0_s_20260527_18,a5557997913f4b759fa3a5f5af7c2c33,0.044,,,
3002,2026-05-27,SH600031,-0.00023258735466955542,EXP_CatBoostModel_Alpha158_csi300_custom_step0_s_20260527_18,a5557997913f4b759fa3a5f5af7c2c33,0.044,,,
3003,2026-05-27,SH600036,-0.00023258735466955542,EXP_CatBoostModel_Alpha158_csi300_custom_step0_s_20260527_18,a5557997913f4b759fa3a5f5af7c2c33,0.044,,,
3004,2026-05-27,SH600039,-0.0032091015311572803,EXP_CatBoostModel_Alpha158_csi300_custom_step0_s_20260527_18,a5557997913f4b759fa3a5f5af7c2c33,0.044,,,
3005,2026-05-27,SH600183,-0.00023258735466955542,EXP_CatBoostModel_Alpha158_csi300_custom_step0_s_20260527_18,a5557997913f4b759fa3a5f5af7c2c33,0.044,,,
3006,2026-05-27,SH600176,-0.00023258735466955542,EXP_CatBoostModel_Alpha158_csi300_custom_step0_s_20260527_18,a5557997913f4b759fa3a5f5af7c2c33,0.044,,,
3007,2026-05-27,SH600161,-0.00023258735466955542,EXP_CatBoostModel_Alpha158_csi300_custom_step0_s_20260527_18,a5557997913f4b759fa3a5f5af7c2c33,0.044,,,
3008,2026-05-27,SH600160,-0.00023258735466955542,EXP_CatBoostModel_Alpha158_csi300_custom_step0_s_20260527_18,a5557997913f4b759fa3a5f5af7c2c33,0.044,,,
3009,2026-05-27,SH600150,-0.00023258735466955542,EXP_CatBoostModel_Alpha158_csi300_custom_step0_s_20260527_18,a5557997913f4b759fa3a5f5af7c2c33,0.044,,,
3010,2026-05-27,SH600115,-0.00023258735466955542,EXP_CatBoostModel_Alpha158_csi300_custom_step0_s_20260527_18,a5557997913f4b759fa3a5f5af7c2c33,0.044,,,
3011,2026-05-27,SH600196,-0.0020954321965130137,EXP_CatBoostModel_Alpha158_csi300_custom_step0_s_20260527_18,a5557997913f4b759fa3a5f5af7c2c33,0.044,,,
3012,2026-05-27,SH600111,-0.00023258735466955542,EXP_CatBoostModel_Alpha158_csi300_custom_step0_s_20260527_18,a5557997913f4b759fa3a5f5af7c2c33,0.044,,,
3013,2026-05-27,SH600089,-0.00023258735466955542,EXP_CatBoostModel_Alpha158_csi300_custom_step0_s_20260527_18,a5557997913f4b759fa3a5f5af7c2c33,0.044,,,
3014,2026-05-27,SH600085,-0.0020954321965130137,EXP_CatBoostModel_Alpha158_csi300_custom_step0_s_20260527_18,a5557997913f4b759fa3a5f5af7c2c33,0.044,,,
3015,2026-05-27,SH600066,-0.00023258735466955542,EXP_CatBoostModel_Alpha158_csi300_custom_step0_s_20260527_18,a5557997913f4b759fa3a5f5af7c2c33,0.044,,,
3016,2026-05-27,SH600061,-0.00023258735466955542,EXP_CatBoostModel_Alpha158_csi300_custom_step0_s_20260527_18,a5557997913f4b759fa3a5f5af7c2c33,0.044,,,
3017,2026-05-27,SH600050,-0.00023258735466955542,EXP_CatBoostModel_Alpha158_csi300_custom_step0_s_20260527_18,a5557997913f4b759fa3a5f5af7c2c33,0.044,,,
3018,2026-05-27,SH600048,-0.00023258735466955542,EXP_CatBoostModel_Alpha158_csi300_custom_step0_s_20260527_18,a5557997913f4b759fa3a5f5af7c2c33,0.044,,,
3019,2026-05-27,SH600104,-0.00023258735466955542,EXP_CatBoostModel_Alpha158_csi300_custom_step0_s_20260527_18,a5557997913f4b759fa3a5f5af7c2c33,0.044,,,
3020,2026-05-27,SH600875,-0.0009588903026050907,EXP_CatBoostModel_Alpha158_csi300_custom_step0_s_20260527_18,a5557997913f4b759fa3a5f5af7c2c33,0.044,,,
3021,2026-05-27,SH600886,0.002985007549210261,EXP_CatBoostModel_Alpha158_csi300_custom_step0_s_20260527_18,a5557997913f4b759fa3a5f5af7c2c33,0.044,,,
3022,2026-05-27,SH600887,-0.0020954321965130137,EXP_CatBoostModel_Alpha158_csi300_custom_step0_s_20260527_18,a5557997913f4b759fa3a5f5af7c2c33,0.044,,,
3023,2026-05-27,SH601288,-0.00023258735466955542,EXP_CatBoostModel_Alpha158_csi300_custom_step0_s_20260527_18,a5557997913f4b759fa3a5f5af7c2c33,0.044,,,
3024,2026-05-27,SH601298,0.0011553603853625505,EXP_CatBoostModel_Alpha158_csi300_custom_step0_s_20260527_18,a5557997913f4b759fa3a5f5af7c2c33,0.044,,,
3025,2026-05-27,SH601318,-0.00023258735466955542,EXP_CatBoostModel_Alpha158_csi300_custom_step0_s_20260527_18,a5557997913f4b759fa3a5f5af7c2c33,0.044,,,
3026,2026-05-27,SH601319,-0.00023258735466955542,EXP_CatBoostModel_Alpha158_csi300_custom_step0_s_20260527_18,a5557997913f4b759fa3a5f5af7c2c33,0.044,,,
3027,2026-05-27,SH601328,0.0011553603853625505,EXP_CatBoostModel_Alpha158_csi300_custom_step0_s_20260527_18,a5557997913f4b759fa3a5f5af7c2c33,0.044,,,
3028,2026-05-27,SH601336,-0.00023258735466955542,EXP_CatBoostModel_Alpha158_csi300_custom_step0_s_20260527_18,a5557997913f4b759fa3a5f5af7c2c33,0.044,,,
3029,2026-05-27,SH601360,-0.00023258735466955542,EXP_CatBoostModel_Alpha158_csi300_custom_step0_s_20260527_18,a5557997913f4b759fa3a5f5af7c2c33,0.044,,,
3030,2026-05-27,SH601377,0.002093031623381406,EXP_CatBoostModel_Alpha158_csi300_custom_step0_s_20260527_18,a5557997913f4b759fa3a5f5af7c2c33,0.044,,,
3031,2026-05-27,SH601390,-0.00023258735466955542,EXP_CatBoostModel_Alpha158_csi300_custom_step0_s_20260527_18,a5557997913f4b759fa3a5f5af7c2c33,0.044,,,
3032,2026-05-27,SH601398,0.0011553603853625505,EXP_CatBoostModel_Alpha158_csi300_custom_step0_s_20260527_18,a5557997913f4b759fa3a5f5af7c2c33,0.044,,,
3033,2026-05-27,SH601456,-0.0006317901413227834,EXP_CatBoostModel_Alpha158_csi300_custom_step0_s_20260527_18,a5557997913f4b759fa3a5f5af7c2c33,0.044,,,
3034,2026-05-27,SH601600,-0.00023258735466955542,EXP_CatBoostModel_Alpha158_csi300_custom_step0_s_20260527_18,a5557997913f4b759fa3a5f5af7c2c33,0.044,,,
3035,2026-05-27,SH601601,-0.00023258735466955542,EXP_CatBoostModel_Alpha158_csi300_custom_step0_s_20260527_18,a5557997913f4b759fa3a5f5af7c2c33,0.044,,,
3036,2026-05-27,SH601607,0.0011553603853625505,EXP_CatBoostModel_Alpha158_csi300_custom_step0_s_20260527_18,a5557997913f4b759fa3a5f5af7c2c33,0.044,,,
3037,2026-05-27,SH601618,0.0011553603853625505,EXP_CatBoostModel_Alpha158_csi300_custom_step0_s_20260527_18,a5557997913f4b759fa3a5f5af7c2c33,0.044,,,
3038,2026-05-27,SH601628,-0.00023258735466955542,EXP_CatBoostModel_Alpha158_csi300_custom_step0_s_20260527_18,a5557997913f4b759fa3a5f5af7c2c33,0.044,,,
3039,2026-05-27,SH601633,-0.00023258735466955542,EXP_CatBoostModel_Alpha158_csi300_custom_step0_s_20260527_18,a5557997913f4b759fa3a5f5af7c2c33,0.044,,,
3040,2026-05-27,SH601825,-0.00023258735466955542,EXP_CatBoostModel_Alpha158_csi300_custom_step0_s_20260527_18,a5557997913f4b759fa3a5f5af7c2c33,0.044,,,
3041,2026-05-27,SH601818,0.0030516355748787384,EXP_CatBoostModel_Alpha158_csi300_custom_step0_s_20260527_18,a5557997913f4b759fa3a5f5af7c2c33,0.044,,,
3042,2026-05-27,SH601816,0.0011553603853625505,EXP_CatBoostModel_Alpha158_csi300_custom_step0_s_20260527_18,a5557997913f4b759fa3a5f5af7c2c33,0.044,,,
3043,2026-05-27,SH601808,-0.00023258735466955542,EXP_CatBoostModel_Alpha158_csi300_custom_step0_s_20260527_18,a5557997913f4b759fa3a5f5af7c2c33,0.044,,,
3044,2026-05-27,SH601800,-0.00023258735466955542,EXP_CatBoostModel_Alpha158_csi300_custom_step0_s_20260527_18,a5557997913f4b759fa3a5f5af7c2c33,0.044,,,
3045,2026-05-27,SH601788,-0.00023258735466955542,EXP_CatBoostModel_Alpha158_csi300_custom_step0_s_20260527_18,a5557997913f4b759fa3a5f5af7c2c33,0.044,,,
3046,2026-05-27,SH601238,-0.00023258735466955542,EXP_CatBoostModel_Alpha158_csi300_custom_step0_s_20260527_18,a5557997913f4b759fa3a5f5af7c2c33,0.044,,,
3047,2026-05-27,SH601766,0.0011553603853625505,EXP_CatBoostModel_Alpha158_csi300_custom_step0_s_20260527_18,a5557997913f4b759fa3a5f5af7c2c33,0.044,,,
3048,2026-05-27,SH601698,-0.00023258735466955542,EXP_CatBoostModel_Alpha158_csi300_custom_step0_s_20260527_18,a5557997913f4b759fa3a5f5af7c2c33,0.044,,,
3049,2026-05-27,SH601689,-0.00023258735466955542,EXP_CatBoostModel_Alpha158_csi300_custom_step0_s_20260527_18,a5557997913f4b759fa3a5f5af7c2c33,0.044,,,
3050,2026-05-27,SH601688,0.002093031623381406,EXP_CatBoostModel_Alpha158_csi300_custom_step0_s_20260527_18,a5557997913f4b759fa3a5f5af7c2c33,0.044,,,
3051,2026-05-27,SH601669,-0.00023258735466955542,EXP_CatBoostModel_Alpha158_csi300_custom_step0_s_20260527_18,a5557997913f4b759fa3a5f5af7c2c33,0.044,,,
3052,2026-05-27,SH601668,0.0011553603853625505,EXP_CatBoostModel_Alpha158_csi300_custom_step0_s_20260527_18,a5557997913f4b759fa3a5f5af7c2c33,0.044,,,
3053,2026-05-27,SH601658,0.0011553603853625505,EXP_CatBoostModel_Alpha158_csi300_custom_step0_s_20260527_18,a5557997913f4b759fa3a5f5af7c2c33,0.044,,,
3054,2026-05-27,SH601728,-0.00023258735466955542,EXP_CatBoostModel_Alpha158_csi300_custom_step0_s_20260527_18,a5557997913f4b759fa3a5f5af7c2c33,0.044,,,
3055,2026-05-27,SH601236,-0.0020954321965130137,EXP_CatBoostModel_Alpha158_csi300_custom_step0_s_20260527_18,a5557997913f4b759fa3a5f5af7c2c33,0.044,,,
3056,2026-05-27,SH601229,-0.00023258735466955542,EXP_CatBoostModel_Alpha158_csi300_custom_step0_s_20260527_18,a5557997913f4b759fa3a5f5af7c2c33,0.044,,,
3057,2026-05-27,SH601225,-0.0009588903026050907,EXP_CatBoostModel_Alpha158_csi300_custom_step0_s_20260527_18,a5557997913f4b759fa3a5f5af7c2c33,0.044,,,
3058,2026-05-27,SH601009,-0.00023258735466955542,EXP_CatBoostModel_Alpha158_csi300_custom_step0_s_20260527_18,a5557997913f4b759fa3a5f5af7c2c33,0.044,,,
3059,2026-05-27,SH601006,-0.0006317901413227834,EXP_CatBoostModel_Alpha158_csi300_custom_step0_s_20260527_18,a5557997913f4b759fa3a5f5af7c2c33,0.044,,,
3060,2026-05-27,SH600999,-0.00023258735466955542,EXP_CatBoostModel_Alpha158_csi300_custom_step0_s_20260527_18,a5557997913f4b759fa3a5f5af7c2c33,0.044,,,
3061,2026-05-27,SH600989,-0.00023258735466955542,EXP_CatBoostModel_Alpha158_csi300_custom_step0_s_20260527_18,a5557997913f4b759fa3a5f5af7c2c33,0.044,,,
3062,2026-05-27,SH600958,0.0005128022493213472,EXP_CatBoostModel_Alpha158_csi300_custom_step0_s_20260527_18,a5557997913f4b759fa3a5f5af7c2c33,0.044,,,
3063,2026-05-27,SH600941,-0.0021282796256140387,EXP_CatBoostModel_Alpha158_csi300_custom_step0_s_20260527_18,a5557997913f4b759fa3a5f5af7c2c33,0.044,,,
3064,2026-05-27,SH601012,-0.00023258735466955542,EXP_CatBoostModel_Alpha158_csi300_custom_step0_s_20260527_18,a5557997913f4b759fa3a5f5af7c2c33,0.044,,,
3065,2026-05-27,SH600938,-0.00023258735466955542,EXP_CatBoostModel_Alpha158_csi300_custom_step0_s_20260527_18,a5557997913f4b759fa3a5f5af7c2c33,0.044,,,
3066,2026-05-27,SH600926,-0.00023258735466955542,EXP_CatBoostModel_Alpha158_csi300_custom_step0_s_20260527_18,a5557997913f4b759fa3a5f5af7c2c33,0.044,,,
3067,2026-05-27,SH600919,0.0024910185845601995,EXP_CatBoostModel_Alpha158_csi300_custom_step0_s_20260527_18,a5557997913f4b759fa3a5f5af7c2c33,0.044,,,
3068,2026-05-27,SH600918,-0.0020954321965130137,EXP_CatBoostModel_Alpha158_csi300_custom_step0_s_20260527_18,a5557997913f4b759fa3a5f5af7c2c33,0.044,,,
3069,2026-05-27,SH600905,0.0011553603853625505,EXP_CatBoostModel_Alpha158_csi300_custom_step0_s_20260527_18,a5557997913f4b759fa3a5f5af7c2c33,0.044,,,
3070,2026-05-27,SH600900,0.0024910185845601995,EXP_CatBoostModel_Alpha158_csi300_custom_step0_s_20260527_18,a5557997913f4b759fa3a5f5af7c2c33,0.044,,,
3071,2026-05-27,SH600893,-0.00023258735466955542,EXP_CatBoostModel_Alpha158_csi300_custom_step0_s_20260527_18,a5557997913f4b759fa3a5f5af7c2c33,0.044,,,
3072,2026-05-27,SH600930,-0.0009588903026050907,EXP_CatBoostModel_Alpha158_csi300_custom_step0_s_20260527_18,a5557997913f4b759fa3a5f5af7c2c33,0.044,,,
3073,2026-05-27,SZ300413,-0.00023258735466955542,EXP_CatBoostModel_Alpha158_csi300_custom_step0_s_20260527_18,a5557997913f4b759fa3a5f5af7c2c33,0.044,,,
3074,2026-05-27,SH601018,-0.00023258735466955542,EXP_CatBoostModel_Alpha158_csi300_custom_step0_s_20260527_18,a5557997913f4b759fa3a5f5af7c2c33,0.044,,,
3075,2026-05-27,SH601058,-0.00023258735466955542,EXP_CatBoostModel_Alpha158_csi300_custom_step0_s_20260527_18,a5557997913f4b759fa3a5f5af7c2c33,0.044,,,
3076,2026-05-27,SH601211,-0.00023258735466955542,EXP_CatBoostModel_Alpha158_csi300_custom_step0_s_20260527_18,a5557997913f4b759fa3a5f5af7c2c33,0.044,,,
3077,2026-05-27,SH601186,-0.00023258735466955542,EXP_CatBoostModel_Alpha158_csi300_custom_step0_s_20260527_18,a5557997913f4b759fa3a5f5af7c2c33,0.044,,,
3078,2026-05-27,SH601169,-0.00023258735466955542,EXP_CatBoostModel_Alpha158_csi300_custom_step0_s_20260527_18,a5557997913f4b759fa3a5f5af7c2c33,0.044,,,
3079,2026-05-27,SH601166,0.002985007549210261,EXP_CatBoostModel_Alpha158_csi300_custom_step0_s_20260527_18,a5557997913f4b759fa3a5f5af7c2c33,0.044,,,
3080,2026-05-27,SH601138,-0.00023258735466955542,EXP_CatBoostModel_Alpha158_csi300_custom_step0_s_20260527_18,a5557997913f4b759fa3a5f5af7c2c33,0.044,,,
3081,2026-05-27,SH601136,-0.00023258735466955542,EXP_CatBoostModel_Alpha158_csi300_custom_step0_s_20260527_18,a5557997913f4b759fa3a5f5af7c2c33,0.044,,,
3082,2026-05-27,SH601021,-0.0009621962513543413,EXP_CatBoostModel_Alpha158_csi300_custom_step0_s_20260527_18,a5557997913f4b759fa3a5f5af7c2c33,0.044,,,
3083,2026-05-27,SH601127,-0.00023258735466955542,EXP_CatBoostModel_Alpha158_csi300_custom_step0_s_20260527_18,a5557997913f4b759fa3a5f5af7c2c33,0.044,,,
3084,2026-05-27,SH601111,-0.00023258735466955542,EXP_CatBoostModel_Alpha158_csi300_custom_step0_s_20260527_18,a5557997913f4b759fa3a5f5af7c2c33,0.044,,,
3085,2026-05-27,SH601100,-0.00023258735466955542,EXP_CatBoostModel_Alpha158_csi300_custom_step0_s_20260527_18,a5557997913f4b759fa3a5f5af7c2c33,0.044,,,
3086,2026-05-27,SH601088,-0.0021282796256140387,EXP_CatBoostModel_Alpha158_csi300_custom_step0_s_20260527_18,a5557997913f4b759fa3a5f5af7c2c33,0.044,,,
3087,2026-05-27,SH601077,-0.00023258735466955542,EXP_CatBoostModel_Alpha158_csi300_custom_step0_s_20260527_18,a5557997913f4b759fa3a5f5af7c2c33,0.044,,,
3088,2026-05-27,SH601066,-0.0009588903026050907,EXP_CatBoostModel_Alpha158_csi300_custom_step0_s_20260527_18,a5557997913f4b759fa3a5f5af7c2c33,0.044,,,
3089,2026-05-27,SH601059,0.002985007549210261,EXP_CatBoostModel_Alpha158_csi300_custom_step0_s_20260527_18,a5557997913f4b759fa3a5f5af7c2c33,0.044,,,
3090,2026-05-27,SH601117,-0.00023258735466955542,EXP_CatBoostModel_Alpha158_csi300_custom_step0_s_20260527_18,a5557997913f4b759fa3a5f5af7c2c33,0.044,,,
3091,2026-05-27,SZ300418,-0.00023258735466955542,EXP_CatBoostModel_Alpha158_csi300_custom_step0_s_20260527_18,a5557997913f4b759fa3a5f5af7c2c33,0.044,,,
3092,2026-05-27,SZ300433,-0.017657063428224186,EXP_CatBoostModel_Alpha158_csi300_custom_step0_s_20260527_18,a5557997913f4b759fa3a5f5af7c2c33,0.044,,,
3093,2026-05-27,SZ300442,-0.00023258735466955542,EXP_CatBoostModel_Alpha158_csi300_custom_step0_s_20260527_18,a5557997913f4b759fa3a5f5af7c2c33,0.044,,,
3094,2026-05-27,SH603259,0.0011096144497969172,EXP_CatBoostModel_Alpha158_csi300_custom_step0_s_20260527_18,f39012fdd5644bf08d7ab94a73db5a65,0.05,,,
3095,2026-05-27,SH603260,-0.0013800648103027139,EXP_CatBoostModel_Alpha158_csi300_custom_step0_s_20260527_18,f39012fdd5644bf08d7ab94a73db5a65,0.05,,,
3096,2026-05-27,SH603288,0.0006253619678251939,EXP_CatBoostModel_Alpha158_csi300_custom_step0_s_20260527_18,f39012fdd5644bf08d7ab94a73db5a65,0.05,,,
3097,2026-05-27,SH603296,-0.0013800648103027139,EXP_CatBoostModel_Alpha158_csi300_custom_step0_s_20260527_18,f39012fdd5644bf08d7ab94a73db5a65,0.05,,,
3098,2026-05-27,SH603369,-0.0013800648103027139,EXP_CatBoostModel_Alpha158_csi300_custom_step0_s_20260527_18,f39012fdd5644bf08d7ab94a73db5a65,0.05,,,
3099,2026-05-27,SH603392,-0.0013800648103027139,EXP_CatBoostModel_Alpha158_csi300_custom_step0_s_20260527_18,f39012fdd5644bf08d7ab94a73db5a65,0.05,,,
3100,2026-05-27,SH603501,-0.0013800648103027139,EXP_CatBoostModel_Alpha158_csi300_custom_step0_s_20260527_18,f39012fdd5644bf08d7ab94a73db5a65,0.05,,,
3101,2026-05-27,SH603799,-0.0013800648103027139,EXP_CatBoostModel_Alpha158_csi300_custom_step0_s_20260527_18,f39012fdd5644bf08d7ab94a73db5a65,0.05,,,
3102,2026-05-27,SH603893,0.0006253619678251939,EXP_CatBoostModel_Alpha158_csi300_custom_step0_s_20260527_18,f39012fdd5644bf08d7ab94a73db5a65,0.05,,,
3103,2026-05-27,SH603986,-0.05891839126585904,EXP_CatBoostModel_Alpha158_csi300_custom_step0_s_20260527_18,f39012fdd5644bf08d7ab94a73db5a65,0.05,,,
3104,2026-05-27,SH603993,-0.0013800648103027139,EXP_CatBoostModel_Alpha158_csi300_custom_step0_s_20260527_18,f39012fdd5644bf08d7ab94a73db5a65,0.05,,,
3105,2026-05-27,SH605117,-0.0013800648103027139,EXP_CatBoostModel_Alpha158_csi300_custom_step0_s_20260527_18,f39012fdd5644bf08d7ab94a73db5a65,0.05,,,
3106,2026-05-27,SH605499,-0.0013800648103027139,EXP_CatBoostModel_Alpha158_csi300_custom_step0_s_20260527_18,f39012fdd5644bf08d7ab94a73db5a65,0.05,,,
3107,2026-05-27,SH688008,0.014663981954031508,EXP_CatBoostModel_Alpha158_csi300_custom_step0_s_20260527_18,f39012fdd5644bf08d7ab94a73db5a65,0.05,,,
3108,2026-05-27,SH688009,0.0011096144497969172,EXP_CatBoostModel_Alpha158_csi300_custom_step0_s_20260527_18,f39012fdd5644bf08d7ab94a73db5a65,0.05,,,
3109,2026-05-27,SH688012,0.014663981954031508,EXP_CatBoostModel_Alpha158_csi300_custom_step0_s_20260527_18,f39012fdd5644bf08d7ab94a73db5a65,0.05,,,
3110,2026-05-27,SH688036,-0.0013800648103027139,EXP_CatBoostModel_Alpha158_csi300_custom_step0_s_20260527_18,f39012fdd5644bf08d7ab94a73db5a65,0.05,,,
3111,2026-05-27,SH688506,-0.0013800648103027139,EXP_CatBoostModel_Alpha158_csi300_custom_step0_s_20260527_18,f39012fdd5644bf08d7ab94a73db5a65,0.05,,,
3112,2026-05-27,SH688472,-0.0013800648103027139,EXP_CatBoostModel_Alpha158_csi300_custom_step0_s_20260527_18,f39012fdd5644bf08d7ab94a73db5a65,0.05,,,
3113,2026-05-27,SH688396,0.0006253619678251939,EXP_CatBoostModel_Alpha158_csi300_custom_step0_s_20260527_18,f39012fdd5644bf08d7ab94a73db5a65,0.05,,,
3114,2026-05-27,SH688303,-0.0013800648103027139,EXP_CatBoostModel_Alpha158_csi300_custom_step0_s_20260527_18,f39012fdd5644bf08d7ab94a73db5a65,0.05,,,
3115,2026-05-27,SH688271,0.0006253619678251939,EXP_CatBoostModel_Alpha158_csi300_custom_step0_s_20260527_18,f39012fdd5644bf08d7ab94a73db5a65,0.05,,,
3116,2026-05-27,SH688256,-0.0005783720130645297,EXP_CatBoostModel_Alpha158_csi300_custom_step0_s_20260527_18,f39012fdd5644bf08d7ab94a73db5a65,0.05,,,
3117,2026-05-27,SH603195,0.000348988943678575,EXP_CatBoostModel_Alpha158_csi300_custom_step0_s_20260527_18,f39012fdd5644bf08d7ab94a73db5a65,0.05,,,
3118,2026-05-27,SH688223,-0.005599781482115175,EXP_CatBoostModel_Alpha158_csi300_custom_step0_s_20260527_18,f39012fdd5644bf08d7ab94a73db5a65,0.05,,,
3119,2026-05-27,SH688169,-0.0013800648103027139,EXP_CatBoostModel_Alpha158_csi300_custom_step0_s_20260527_18,f39012fdd5644bf08d7ab94a73db5a65,0.05,,,
3120,2026-05-27,SH688126,0.007639280733191871,EXP_CatBoostModel_Alpha158_csi300_custom_step0_s_20260527_18,f39012fdd5644bf08d7ab94a73db5a65,0.05,,,
3121,2026-05-27,SH688111,-0.005599781482115175,EXP_CatBoostModel_Alpha158_csi300_custom_step0_s_20260527_18,f39012fdd5644bf08d7ab94a73db5a65,0.05,,,
3122,2026-05-27,SH688082,-0.0005783720130645297,EXP_CatBoostModel_Alpha158_csi300_custom_step0_s_20260527_18,f39012fdd5644bf08d7ab94a73db5a65,0.05,,,
3123,2026-05-27,SH688047,-0.0013800648103027139,EXP_CatBoostModel_Alpha158_csi300_custom_step0_s_20260527_18,f39012fdd5644bf08d7ab94a73db5a65,0.05,,,
3124,2026-05-27,SH688041,-0.0013800648103027139,EXP_CatBoostModel_Alpha158_csi300_custom_step0_s_20260527_18,f39012fdd5644bf08d7ab94a73db5a65,0.05,,,
3125,2026-05-27,SH688187,0.0006253619678251939,EXP_CatBoostModel_Alpha158_csi300_custom_step0_s_20260527_18,f39012fdd5644bf08d7ab94a73db5a65,0.05,,,
3126,2026-05-27,SH688981,-0.0013800648103027139,EXP_CatBoostModel_Alpha158_csi300_custom_step0_s_20260527_18,f39012fdd5644bf08d7ab94a73db5a65,0.05,,,
3127,2026-05-27,SH603019,-0.0013800648103027139,EXP_CatBoostModel_Alpha158_csi300_custom_step0_s_20260527_18,f39012fdd5644bf08d7ab94a73db5a65,0.05,,,
3128,2026-05-27,SH601995,0.002367149209187246,EXP_CatBoostModel_Alpha158_csi300_custom_step0_s_20260527_18,f39012fdd5644bf08d7ab94a73db5a65,0.05,,,
3129,2026-05-27,SH601633,-0.0013800648103027139,EXP_CatBoostModel_Alpha158_csi300_custom_step0_s_20260527_18,f39012fdd5644bf08d7ab94a73db5a65,0.05,,,
3130,2026-05-27,SH601658,0.0014504945061926502,EXP_CatBoostModel_Alpha158_csi300_custom_step0_s_20260527_18,f39012fdd5644bf08d7ab94a73db5a65,0.05,,,
3131,2026-05-27,SH601668,0.0014504945061926502,EXP_CatBoostModel_Alpha158_csi300_custom_step0_s_20260527_18,f39012fdd5644bf08d7ab94a73db5a65,0.05,,,
3132,2026-05-27,SH601669,-0.0005145796747345673,EXP_CatBoostModel_Alpha158_csi300_custom_step0_s_20260527_18,f39012fdd5644bf08d7ab94a73db5a65,0.05,,,
3133,2026-05-27,SH601688,0.0014504945061926502,EXP_CatBoostModel_Alpha158_csi300_custom_step0_s_20260527_18,f39012fdd5644bf08d7ab94a73db5a65,0.05,,,
3134,2026-05-27,SH601689,0.0006253619678251939,EXP_CatBoostModel_Alpha158_csi300_custom_step0_s_20260527_18,f39012fdd5644bf08d7ab94a73db5a65,0.05,,,
3135,2026-05-27,SH601698,-0.0013800648103027139,EXP_CatBoostModel_Alpha158_csi300_custom_step0_s_20260527_18,f39012fdd5644bf08d7ab94a73db5a65,0.05,,,
3136,2026-05-27,SH601728,-0.0013800648103027139,EXP_CatBoostModel_Alpha158_csi300_custom_step0_s_20260527_18,f39012fdd5644bf08d7ab94a73db5a65,0.05,,,
3137,2026-05-27,SH601766,-0.0013800648103027139,EXP_CatBoostModel_Alpha158_csi300_custom_step0_s_20260527_18,f39012fdd5644bf08d7ab94a73db5a65,0.05,,,
3138,2026-05-27,SH601788,-0.0013800648103027139,EXP_CatBoostModel_Alpha158_csi300_custom_step0_s_20260527_18,f39012fdd5644bf08d7ab94a73db5a65,0.05,,,
3139,2026-05-27,SH601800,-0.0013800648103027139,EXP_CatBoostModel_Alpha158_csi300_custom_step0_s_20260527_18,f39012fdd5644bf08d7ab94a73db5a65,0.05,,,
3140,2026-05-27,SH601808,-0.0005145796747345673,EXP_CatBoostModel_Alpha158_csi300_custom_step0_s_20260527_18,f39012fdd5644bf08d7ab94a73db5a65,0.05,,,
3141,2026-05-27,SH601816,-0.003189427970595632,EXP_CatBoostModel_Alpha158_csi300_custom_step0_s_20260527_18,f39012fdd5644bf08d7ab94a73db5a65,0.05,,,
3142,2026-05-27,SH601818,0.0014504945061926502,EXP_CatBoostModel_Alpha158_csi300_custom_step0_s_20260527_18,f39012fdd5644bf08d7ab94a73db5a65,0.05,,,
3143,2026-05-27,SH601825,-0.0005145796747345673,EXP_CatBoostModel_Alpha158_csi300_custom_step0_s_20260527_18,f39012fdd5644bf08d7ab94a73db5a65,0.05,,,
3144,2026-05-27,SH601838,-0.000610512465889629,EXP_CatBoostModel_Alpha158_csi300_custom_step0_s_20260527_18,f39012fdd5644bf08d7ab94a73db5a65,0.05,,,
3145,2026-05-27,SH601857,-0.0013800648103027139,EXP_CatBoostModel_Alpha158_csi300_custom_step0_s_20260527_18,f39012fdd5644bf08d7ab94a73db5a65,0.05,,,
3146,2026-05-27,SH601988,0.002367149209187246,EXP_CatBoostModel_Alpha158_csi300_custom_step0_s_20260527_18,f39012fdd5644bf08d7ab94a73db5a65,0.05,,,
3147,2026-05-27,SH601985,0.0014504945061926502,EXP_CatBoostModel_Alpha158_csi300_custom_step0_s_20260527_18,f39012fdd5644bf08d7ab94a73db5a65,0.05,,,
3148,2026-05-27,SH601939,0.004543879133530537,EXP_CatBoostModel_Alpha158_csi300_custom_step0_s_20260527_18,f39012fdd5644bf08d7ab94a73db5a65,0.05,,,
3149,2026-05-27,SH601919,0.0014504945061926502,EXP_CatBoostModel_Alpha158_csi300_custom_step0_s_20260527_18,f39012fdd5644bf08d7ab94a73db5a65,0.05,,,
3150,2026-05-27,SH601916,0.0014504945061926502,EXP_CatBoostModel_Alpha158_csi300_custom_step0_s_20260527_18,f39012fdd5644bf08d7ab94a73db5a65,0.05,,,
3151,2026-05-27,SH601901,0.0014504945061926502,EXP_CatBoostModel_Alpha158_csi300_custom_step0_s_20260527_18,f39012fdd5644bf08d7ab94a73db5a65,0.05,,,
3152,2026-05-27,SH601998,-0.0013800648103027139,EXP_CatBoostModel_Alpha158_csi300_custom_step0_s_20260527_18,f39012fdd5644bf08d7ab94a73db5a65,0.05,,,
3153,2026-05-27,SH601899,-0.0013800648103027139,EXP_CatBoostModel_Alpha158_csi300_custom_step0_s_20260527_18,f39012fdd5644bf08d7ab94a73db5a65,0.05,,,
3154,2026-05-27,SH601888,0.0006253619678251939,EXP_CatBoostModel_Alpha158_csi300_custom_step0_s_20260527_18,f39012fdd5644bf08d7ab94a73db5a65,0.05,,,
3155,2026-05-27,SH601881,0.0014504945061926502,EXP_CatBoostModel_Alpha158_csi300_custom_step0_s_20260527_18,f39012fdd5644bf08d7ab94a73db5a65,0.05,,,
3156,2026-05-27,SH601878,0.0014504945061926502,EXP_CatBoostModel_Alpha158_csi300_custom_step0_s_20260527_18,f39012fdd5644bf08d7ab94a73db5a65,0.05,,,
3157,2026-05-27,SH601877,-0.0013800648103027139,EXP_CatBoostModel_Alpha158_csi300_custom_step0_s_20260527_18,f39012fdd5644bf08d7ab94a73db5a65,0.05,,,
3158,2026-05-27,SH601872,-0.0013800648103027139,EXP_CatBoostModel_Alpha158_csi300_custom_step0_s_20260527_18,f39012fdd5644bf08d7ab94a73db5a65,0.05,,,
3159,2026-05-27,SH601868,-0.0013800648103027139,EXP_CatBoostModel_Alpha158_csi300_custom_step0_s_20260527_18,f39012fdd5644bf08d7ab94a73db5a65,0.05,,,
3160,2026-05-27,SH601898,-0.0013800648103027139,EXP_CatBoostModel_Alpha158_csi300_custom_step0_s_20260527_18,f39012fdd5644bf08d7ab94a73db5a65,0.05,,,
3161,2026-05-27,SZ000001,0.0014504945061926502,EXP_CatBoostModel_Alpha158_csi300_custom_step0_s_20260527_18,f39012fdd5644bf08d7ab94a73db5a65,0.05,,,
3162,2026-05-27,SZ000002,-0.0013800648103027139,EXP_CatBoostModel_Alpha158_csi300_custom_step0_s_20260527_18,f39012fdd5644bf08d7ab94a73db5a65,0.05,,,
3163,2026-05-27,SZ000063,-0.0013800648103027139,EXP_CatBoostModel_Alpha158_csi300_custom_step0_s_20260527_18,f39012fdd5644bf08d7ab94a73db5a65,0.05,,,
3164,2026-05-27,SZ002027,-0.0013800648103027139,EXP_CatBoostModel_Alpha158_csi300_custom_step0_s_20260527_18,f39012fdd5644bf08d7ab94a73db5a65,0.05,,,
3165,2026-05-27,SZ002028,-0.0013800648103027139,EXP_CatBoostModel_Alpha158_csi300_custom_step0_s_20260527_18,f39012fdd5644bf08d7ab94a73db5a65,0.05,,,
3166,2026-05-27,SZ002049,0.0006253619678251939,EXP_CatBoostModel_Alpha158_csi300_custom_step0_s_20260527_18,f39012fdd5644bf08d7ab94a73db5a65,0.05,,,
3167,2026-05-27,SZ002050,0.0006253619678251939,EXP_CatBoostModel_Alpha158_csi300_custom_step0_s_20260527_18,f39012fdd5644bf08d7ab94a73db5a65,0.05,,,
3168,2026-05-27,SZ002074,-0.0013800648103027139,EXP_CatBoostModel_Alpha158_csi300_custom_step0_s_20260527_18,f39012fdd5644bf08d7ab94a73db5a65,0.05,,,
3169,2026-05-27,SZ002142,0.0011096144497969172,EXP_CatBoostModel_Alpha158_csi300_custom_step0_s_20260527_18,f39012fdd5644bf08d7ab94a73db5a65,0.05,,,
3170,2026-05-27,SZ002179,-0.0013800648103027139,EXP_CatBoostModel_Alpha158_csi300_custom_step0_s_20260527_18,f39012fdd5644bf08d7ab94a73db5a65,0.05,,,
3171,2026-05-27,SZ002230,-0.0019114730621948401,EXP_CatBoostModel_Alpha158_csi300_custom_step0_s_20260527_18,f39012fdd5644bf08d7ab94a73db5a65,0.05,,,
3172,2026-05-27,SZ002236,0.0014504945061926502,EXP_CatBoostModel_Alpha158_csi300_custom_step0_s_20260527_18,f39012fdd5644bf08d7ab94a73db5a65,0.05,,,
3173,2026-05-27,SZ002241,0.0006253619678251939,EXP_CatBoostModel_Alpha158_csi300_custom_step0_s_20260527_18,f39012fdd5644bf08d7ab94a73db5a65,0.05,,,
3174,2026-05-27,SZ002252,-0.0013800648103027139,EXP_CatBoostModel_Alpha158_csi300_custom_step0_s_20260527_18,f39012fdd5644bf08d7ab94a73db5a65,0.05,,,
3175,2026-05-27,SZ002304,0.0006253619678251939,EXP_CatBoostModel_Alpha158_csi300_custom_step0_s_20260527_18,f39012fdd5644bf08d7ab94a73db5a65,0.05,,,
3176,2026-05-27,SZ002311,-0.0013800648103027139,EXP_CatBoostModel_Alpha158_csi300_custom_step0_s_20260527_18,f39012fdd5644bf08d7ab94a73db5a65,0.05,,,
3177,2026-05-27,SZ002352,0.0014504945061926502,EXP_CatBoostModel_Alpha158_csi300_custom_step0_s_20260527_18,f39012fdd5644bf08d7ab94a73db5a65,0.05,,,
3178,2026-05-27,SZ002371,-0.0013800648103027139,EXP_CatBoostModel_Alpha158_csi300_custom_step0_s_20260527_18,f39012fdd5644bf08d7ab94a73db5a65,0.05,,,
3179,2026-05-27,SZ002384,0.014663981954031508,EXP_CatBoostModel_Alpha158_csi300_custom_step0_s_20260527_18,f39012fdd5644bf08d7ab94a73db5a65,0.05,,,
3180,2026-05-27,SZ002415,0.0011096144497969172,EXP_CatBoostModel_Alpha158_csi300_custom_step0_s_20260527_18,f39012fdd5644bf08d7ab94a73db5a65,0.05,,,
3181,2026-05-27,SZ002714,-0.0005145796747345673,EXP_CatBoostModel_Alpha158_csi300_custom_step0_s_20260527_18,f39012fdd5644bf08d7ab94a73db5a65,0.05,,,
3182,2026-05-27,SZ002709,-0.0013800648103027139,EXP_CatBoostModel_Alpha158_csi300_custom_step0_s_20260527_18,f39012fdd5644bf08d7ab94a73db5a65,0.05,,,
3183,2026-05-27,SZ002648,-0.0013800648103027139,EXP_CatBoostModel_Alpha158_csi300_custom_step0_s_20260527_18,f39012fdd5644bf08d7ab94a73db5a65,0.05,,,
3184,2026-05-27,SZ002625,0.0006253619678251939,EXP_CatBoostModel_Alpha158_csi300_custom_step0_s_20260527_18,f39012fdd5644bf08d7ab94a73db5a65,0.05,,,
3185,2026-05-27,SZ002601,-0.005599781482115175,EXP_CatBoostModel_Alpha158_csi300_custom_step0_s_20260527_18,f39012fdd5644bf08d7ab94a73db5a65,0.05,,,
3186,2026-05-27,SZ002600,-0.0013800648103027139,EXP_CatBoostModel_Alpha158_csi300_custom_step0_s_20260527_18,f39012fdd5644bf08d7ab94a73db5a65,0.05,,,
3187,2026-05-27,SZ002001,-0.0013800648103027139,EXP_CatBoostModel_Alpha158_csi300_custom_step0_s_20260527_18,f39012fdd5644bf08d7ab94a73db5a65,0.05,,,
3188,2026-05-27,SZ002594,-0.0013800648103027139,EXP_CatBoostModel_Alpha158_csi300_custom_step0_s_20260527_18,f39012fdd5644bf08d7ab94a73db5a65,0.05,,,
3189,2026-05-27,SZ002475,-0.0013800648103027139,EXP_CatBoostModel_Alpha158_csi300_custom_step0_s_20260527_18,f39012fdd5644bf08d7ab94a73db5a65,0.05,,,
3190,2026-05-27,SZ002466,-0.0005145796747345673,EXP_CatBoostModel_Alpha158_csi300_custom_step0_s_20260527_18,f39012fdd5644bf08d7ab94a73db5a65,0.05,,,
3191,2026-05-27,SZ002463,-0.0013800648103027139,EXP_CatBoostModel_Alpha158_csi300_custom_step0_s_20260527_18,f39012fdd5644bf08d7ab94a73db5a65,0.05,,,
3192,2026-05-27,SZ002460,-0.0005145796747345673,EXP_CatBoostModel_Alpha158_csi300_custom_step0_s_20260527_18,f39012fdd5644bf08d7ab94a73db5a65,0.05,,,
3193,2026-05-27,SZ002459,-0.005599781482115175,EXP_CatBoostModel_Alpha158_csi300_custom_step0_s_20260527_18,f39012fdd5644bf08d7ab94a73db5a65,0.05,,,
3194,2026-05-27,SZ002422,-0.0013800648103027139,EXP_CatBoostModel_Alpha158_csi300_custom_step0_s_20260527_18,f39012fdd5644bf08d7ab94a73db5a65,0.05,,,
3195,2026-05-27,SZ002493,-0.0013800648103027139,EXP_CatBoostModel_Alpha158_csi300_custom_step0_s_20260527_18,f39012fdd5644bf08d7ab94a73db5a65,0.05,,,
3196,2026-05-27,SZ001979,-0.0013800648103027139,EXP_CatBoostModel_Alpha158_csi300_custom_step0_s_20260527_18,f39012fdd5644bf08d7ab94a73db5a65,0.05,,,
3197,2026-05-27,SZ001965,0.0011096144497969172,EXP_CatBoostModel_Alpha158_csi300_custom_step0_s_20260527_18,f39012fdd5644bf08d7ab94a73db5a65,0.05,,,
3198,2026-05-27,SZ001391,-0.003189427970595632,EXP_CatBoostModel_Alpha158_csi300_custom_step0_s_20260527_18,f39012fdd5644bf08d7ab94a73db5a65,0.05,,,
3199,2026-05-27,SZ000630,-0.0013800648103027139,EXP_CatBoostModel_Alpha158_csi300_custom_step0_s_20260527_18,f39012fdd5644bf08d7ab94a73db5a65,0.05,,,
3200,2026-05-27,SZ000625,-0.0005145796747345673,EXP_CatBoostModel_Alpha158_csi300_custom_step0_s_20260527_18,f39012fdd5644bf08d7ab94a73db5a65,0.05,,,
3201,2026-05-27,SZ000617,-0.005599781482115175,EXP_CatBoostModel_Alpha158_csi300_custom_step0_s_20260527_18,f39012fdd5644bf08d7ab94a73db5a65,0.05,,,
3202,2026-05-27,SZ000596,0.0006253619678251939,EXP_CatBoostModel_Alpha158_csi300_custom_step0_s_20260527_18,f39012fdd5644bf08d7ab94a73db5a65,0.05,,,
3203,2026-05-27,SZ000568,0.000348988943678575,EXP_CatBoostModel_Alpha158_csi300_custom_step0_s_20260527_18,f39012fdd5644bf08d7ab94a73db5a65,0.05,,,
3204,2026-05-27,SZ000538,0.000348988943678575,EXP_CatBoostModel_Alpha158_csi300_custom_step0_s_20260527_18,f39012fdd5644bf08d7ab94a73db5a65,0.05,,,
3205,2026-05-27,SZ000651,0.0011096144497969172,EXP_CatBoostModel_Alpha158_csi300_custom_step0_s_20260527_18,f39012fdd5644bf08d7ab94a73db5a65,0.05,,,
3206,2026-05-27,SZ000425,-0.0013800648103027139,EXP_CatBoostModel_Alpha158_csi300_custom_step0_s_20260527_18,f39012fdd5644bf08d7ab94a73db5a65,0.05,,,
3207,2026-05-27,SZ000338,-0.0013800648103027139,EXP_CatBoostModel_Alpha158_csi300_custom_step0_s_20260527_18,f39012fdd5644bf08d7ab94a73db5a65,0.05,,,
3208,2026-05-27,SZ000333,0.002367149209187246,EXP_CatBoostModel_Alpha158_csi300_custom_step0_s_20260527_18,f39012fdd5644bf08d7ab94a73db5a65,0.05,,,
3209,2026-05-27,SZ000301,-0.0013800648103027139,EXP_CatBoostModel_Alpha158_csi300_custom_step0_s_20260527_18,f39012fdd5644bf08d7ab94a73db5a65,0.05,,,
3210,2026-05-27,SZ000166,0.0011096144497969172,EXP_CatBoostModel_Alpha158_csi300_custom_step0_s_20260527_18,f39012fdd5644bf08d7ab94a73db5a65,0.05,,,
3211,2026-05-27,SZ000157,-0.0013800648103027139,EXP_CatBoostModel_Alpha158_csi300_custom_step0_s_20260527_18,f39012fdd5644bf08d7ab94a73db5a65,0.05,,,
3212,2026-05-27,SZ000100,-0.0019114730621948401,EXP_CatBoostModel_Alpha158_csi300_custom_step0_s_20260527_18,f39012fdd5644bf08d7ab94a73db5a65,0.05,,,
3213,2026-05-27,SZ000408,-0.0013800648103027139,EXP_CatBoostModel_Alpha158_csi300_custom_step0_s_20260527_18,f39012fdd5644bf08d7ab94a73db5a65,0.05,,,
3214,2026-05-27,SH601628,-0.0013800648103027139,EXP_CatBoostModel_Alpha158_csi300_custom_step0_s_20260527_18,f39012fdd5644bf08d7ab94a73db5a65,0.05,,,
3215,2026-05-27,SZ000661,0.0006253619678251939,EXP_CatBoostModel_Alpha158_csi300_custom_step0_s_20260527_18,f39012fdd5644bf08d7ab94a73db5a65,0.05,,,
3216,2026-05-27,SZ000725,0.0006253619678251939,EXP_CatBoostModel_Alpha158_csi300_custom_step0_s_20260527_18,f39012fdd5644bf08d7ab94a73db5a65,0.05,,,
3217,2026-05-27,SZ000999,-0.000610512465889629,EXP_CatBoostModel_Alpha158_csi300_custom_step0_s_20260527_18,f39012fdd5644bf08d7ab94a73db5a65,0.05,,,
3218,2026-05-27,SZ000983,0.0011096144497969172,EXP_CatBoostModel_Alpha158_csi300_custom_step0_s_20260527_18,f39012fdd5644bf08d7ab94a73db5a65,0.05,,,
3219,2026-05-27,SZ000977,-0.005599781482115175,EXP_CatBoostModel_Alpha158_csi300_custom_step0_s_20260527_18,f39012fdd5644bf08d7ab94a73db5a65,0.05,,,
3220,2026-05-27,SZ000975,0.0006253619678251939,EXP_CatBoostModel_Alpha158_csi300_custom_step0_s_20260527_18,f39012fdd5644bf08d7ab94a73db5a65,0.05,,,
3221,2026-05-27,SZ000963,-0.0013800648103027139,EXP_CatBoostModel_Alpha158_csi300_custom_step0_s_20260527_18,f39012fdd5644bf08d7ab94a73db5a65,0.05,,,
3222,2026-05-27,SZ000938,-0.0013800648103027139,EXP_CatBoostModel_Alpha158_csi300_custom_step0_s_20260527_18,f39012fdd5644bf08d7ab94a73db5a65,0.05,,,
3223,2026-05-27,SZ000708,0.0011096144497969172,EXP_CatBoostModel_Alpha158_csi300_custom_step0_s_20260527_18,f39012fdd5644bf08d7ab94a73db5a65,0.05,,,
3224,2026-05-27,SZ000895,-0.0013800648103027139,EXP_CatBoostModel_Alpha158_csi300_custom_step0_s_20260527_18,f39012fdd5644bf08d7ab94a73db5a65,0.05,,,
3225,2026-05-27,SZ000858,0.0006253619678251939,EXP_CatBoostModel_Alpha158_csi300_custom_step0_s_20260527_18,f39012fdd5644bf08d7ab94a73db5a65,0.05,,,
3226,2026-05-27,SZ000807,-0.0013800648103027139,EXP_CatBoostModel_Alpha158_csi300_custom_step0_s_20260527_18,f39012fdd5644bf08d7ab94a73db5a65,0.05,,,
3227,2026-05-27,SZ000792,-0.0005145796747345673,EXP_CatBoostModel_Alpha158_csi300_custom_step0_s_20260527_18,f39012fdd5644bf08d7ab94a73db5a65,0.05,,,
3228,2026-05-27,SZ000786,0.0006253619678251939,EXP_CatBoostModel_Alpha158_csi300_custom_step0_s_20260527_18,f39012fdd5644bf08d7ab94a73db5a65,0.05,,,
3229,2026-05-27,SZ000776,-0.0013800648103027139,EXP_CatBoostModel_Alpha158_csi300_custom_step0_s_20260527_18,f39012fdd5644bf08d7ab94a73db5a65,0.05,,,
3230,2026-05-27,SZ000768,-0.0013800648103027139,EXP_CatBoostModel_Alpha158_csi300_custom_step0_s_20260527_18,f39012fdd5644bf08d7ab94a73db5a65,0.05,,,
3231,2026-05-27,SZ000876,-0.0013800648103027139,EXP_CatBoostModel_Alpha158_csi300_custom_step0_s_20260527_18,f39012fdd5644bf08d7ab94a73db5a65,0.05,,,
3232,2026-05-27,SZ000977,-0.00011946844827986863,EXP_LGBModel_Alpha158_csi300_custom_step0_s_20260527_18,231e80c99fbf4a5db4d9d79032f3f9a8,0.074,,,
3233,2026-05-27,SH601618,0.0014504945061926502,EXP_CatBoostModel_Alpha158_csi300_custom_step0_s_20260527_18,f39012fdd5644bf08d7ab94a73db5a65,0.05,,,
3234,2026-05-27,SH601601,-0.0005145796747345673,EXP_CatBoostModel_Alpha158_csi300_custom_step0_s_20260527_18,f39012fdd5644bf08d7ab94a73db5a65,0.05,,,
3235,2026-05-27,SH600039,-0.0013800648103027139,EXP_CatBoostModel_Alpha158_csi300_custom_step0_s_20260527_18,f39012fdd5644bf08d7ab94a73db5a65,0.05,,,
3236,2026-05-27,SH600048,-0.0013800648103027139,EXP_CatBoostModel_Alpha158_csi300_custom_step0_s_20260527_18,f39012fdd5644bf08d7ab94a73db5a65,0.05,,,
3237,2026-05-27,SH600050,-0.0013800648103027139,EXP_CatBoostModel_Alpha158_csi300_custom_step0_s_20260527_18,f39012fdd5644bf08d7ab94a73db5a65,0.05,,,
3238,2026-05-27,SH600061,0.0011096144497969172,EXP_CatBoostModel_Alpha158_csi300_custom_step0_s_20260527_18,f39012fdd5644bf08d7ab94a73db5a65,0.05,,,
3239,2026-05-27,SH600066,0.0011096144497969172,EXP_CatBoostModel_Alpha158_csi300_custom_step0_s_20260527_18,f39012fdd5644bf08d7ab94a73db5a65,0.05,,,
3240,2026-05-27,SH600085,0.0006253619678251939,EXP_CatBoostModel_Alpha158_csi300_custom_step0_s_20260527_18,f39012fdd5644bf08d7ab94a73db5a65,0.05,,,
3241,2026-05-27,SH600089,-0.0013800648103027139,EXP_CatBoostModel_Alpha158_csi300_custom_step0_s_20260527_18,f39012fdd5644bf08d7ab94a73db5a65,0.05,,,
3242,2026-05-27,SH600104,-0.0005145796747345673,EXP_CatBoostModel_Alpha158_csi300_custom_step0_s_20260527_18,f39012fdd5644bf08d7ab94a73db5a65,0.05,,,
3243,2026-05-27,SH600111,-0.0013800648103027139,EXP_CatBoostModel_Alpha158_csi300_custom_step0_s_20260527_18,f39012fdd5644bf08d7ab94a73db5a65,0.05,,,
3244,2026-05-27,SH600115,-0.0013800648103027139,EXP_CatBoostModel_Alpha158_csi300_custom_step0_s_20260527_18,f39012fdd5644bf08d7ab94a73db5a65,0.05,,,
3245,2026-05-27,SH600150,-0.0013800648103027139,EXP_CatBoostModel_Alpha158_csi300_custom_step0_s_20260527_18,f39012fdd5644bf08d7ab94a73db5a65,0.05,,,
3246,2026-05-27,SH600160,-0.0013800648103027139,EXP_CatBoostModel_Alpha158_csi300_custom_step0_s_20260527_18,f39012fdd5644bf08d7ab94a73db5a65,0.05,,,
3247,2026-05-27,SH600161,-0.0013800648103027139,EXP_CatBoostModel_Alpha158_csi300_custom_step0_s_20260527_18,f39012fdd5644bf08d7ab94a73db5a65,0.05,,,
3248,2026-05-27,SH600176,-0.0013800648103027139,EXP_CatBoostModel_Alpha158_csi300_custom_step0_s_20260527_18,f39012fdd5644bf08d7ab94a73db5a65,0.05,,,
3249,2026-05-27,SH600183,-0.0005783720130645297,EXP_CatBoostModel_Alpha158_csi300_custom_step0_s_20260527_18,f39012fdd5644bf08d7ab94a73db5a65,0.05,,,
3250,2026-05-27,SH600188,-0.0013800648103027139,EXP_CatBoostModel_Alpha158_csi300_custom_step0_s_20260527_18,f39012fdd5644bf08d7ab94a73db5a65,0.05,,,
3251,2026-05-27,SH600196,-0.0013800648103027139,EXP_CatBoostModel_Alpha158_csi300_custom_step0_s_20260527_18,f39012fdd5644bf08d7ab94a73db5a65,0.05,,,
3252,2026-05-27,SH600460,0.0006253619678251939,EXP_CatBoostModel_Alpha158_csi300_custom_step0_s_20260527_18,f39012fdd5644bf08d7ab94a73db5a65,0.05,,,
3253,2026-05-27,SH600438,-0.0013800648103027139,EXP_CatBoostModel_Alpha158_csi300_custom_step0_s_20260527_18,f39012fdd5644bf08d7ab94a73db5a65,0.05,,,
3254,2026-05-27,SH600436,0.0006253619678251939,EXP_CatBoostModel_Alpha158_csi300_custom_step0_s_20260527_18,f39012fdd5644bf08d7ab94a73db5a65,0.05,,,
3255,2026-05-27,SH600426,-0.0013800648103027139,EXP_CatBoostModel_Alpha158_csi300_custom_step0_s_20260527_18,f39012fdd5644bf08d7ab94a73db5a65,0.05,,,
3256,2026-05-27,SH600415,-0.0013800648103027139,EXP_CatBoostModel_Alpha158_csi300_custom_step0_s_20260527_18,f39012fdd5644bf08d7ab94a73db5a65,0.05,,,
3257,2026-05-27,SH600406,0.0014504945061926502,EXP_CatBoostModel_Alpha158_csi300_custom_step0_s_20260527_18,f39012fdd5644bf08d7ab94a73db5a65,0.05,,,
3258,2026-05-27,SH600036,0.0011096144497969172,EXP_CatBoostModel_Alpha158_csi300_custom_step0_s_20260527_18,f39012fdd5644bf08d7ab94a73db5a65,0.05,,,
3259,2026-05-27,SH600377,0.002367149209187246,EXP_CatBoostModel_Alpha158_csi300_custom_step0_s_20260527_18,f39012fdd5644bf08d7ab94a73db5a65,0.05,,,
3260,2026-05-27,SH600362,-0.0013800648103027139,EXP_CatBoostModel_Alpha158_csi300_custom_step0_s_20260527_18,f39012fdd5644bf08d7ab94a73db5a65,0.05,,,
3261,2026-05-27,SH600346,-0.0013800648103027139,EXP_CatBoostModel_Alpha158_csi300_custom_step0_s_20260527_18,f39012fdd5644bf08d7ab94a73db5a65,0.05,,,
3262,2026-05-27,SH600309,-0.0005145796747345673,EXP_CatBoostModel_Alpha158_csi300_custom_step0_s_20260527_18,f39012fdd5644bf08d7ab94a73db5a65,0.05,,,
3263,2026-05-27,SH600276,-0.0013800648103027139,EXP_CatBoostModel_Alpha158_csi300_custom_step0_s_20260527_18,f39012fdd5644bf08d7ab94a73db5a65,0.05,,,
3264,2026-05-27,SH600233,-0.0013800648103027139,EXP_CatBoostModel_Alpha158_csi300_custom_step0_s_20260527_18,f39012fdd5644bf08d7ab94a73db5a65,0.05,,,
3265,2026-05-27,SH600219,-0.0013800648103027139,EXP_CatBoostModel_Alpha158_csi300_custom_step0_s_20260527_18,f39012fdd5644bf08d7ab94a73db5a65,0.05,,,
3266,2026-05-27,SH600372,-0.0005145796747345673,EXP_CatBoostModel_Alpha158_csi300_custom_step0_s_20260527_18,f39012fdd5644bf08d7ab94a73db5a65,0.05,,,
3267,2026-05-27,SH600482,-0.0013800648103027139,EXP_CatBoostModel_Alpha158_csi300_custom_step0_s_20260527_18,f39012fdd5644bf08d7ab94a73db5a65,0.05,,,
3268,2026-05-27,SH600031,-0.0013800648103027139,EXP_CatBoostModel_Alpha158_csi300_custom_step0_s_20260527_18,f39012fdd5644bf08d7ab94a73db5a65,0.05,,,
3269,2026-05-27,SH600029,-0.0013800648103027139,EXP_CatBoostModel_Alpha158_csi300_custom_step0_s_20260527_18,f39012fdd5644bf08d7ab94a73db5a65,0.05,,,
3270,2026-05-27,SZ300476,-0.00023258735466955542,EXP_CatBoostModel_Alpha158_csi300_custom_step0_s_20260527_18,a5557997913f4b759fa3a5f5af7c2c33,0.044,,,
3271,2026-05-27,SZ300498,-0.00023258735466955542,EXP_CatBoostModel_Alpha158_csi300_custom_step0_s_20260527_18,a5557997913f4b759fa3a5f5af7c2c33,0.044,,,
3272,2026-05-27,SZ300502,0.006715519984203392,EXP_CatBoostModel_Alpha158_csi300_custom_step0_s_20260527_18,a5557997913f4b759fa3a5f5af7c2c33,0.044,,,
3273,2026-05-27,SZ300628,-0.0009588903026050907,EXP_CatBoostModel_Alpha158_csi300_custom_step0_s_20260527_18,a5557997913f4b759fa3a5f5af7c2c33,0.044,,,
3274,2026-05-27,SZ300661,-0.00023258735466955542,EXP_CatBoostModel_Alpha158_csi300_custom_step0_s_20260527_18,a5557997913f4b759fa3a5f5af7c2c33,0.044,,,
3275,2026-05-27,SZ300750,-0.00023258735466955542,EXP_CatBoostModel_Alpha158_csi300_custom_step0_s_20260527_18,a5557997913f4b759fa3a5f5af7c2c33,0.044,,,
3276,2026-05-27,SZ300759,-0.00023258735466955542,EXP_CatBoostModel_Alpha158_csi300_custom_step0_s_20260527_18,a5557997913f4b759fa3a5f5af7c2c33,0.044,,,
3277,2026-05-27,SZ300760,-0.0009588903026050907,EXP_CatBoostModel_Alpha158_csi300_custom_step0_s_20260527_18,a5557997913f4b759fa3a5f5af7c2c33,0.044,,,
3278,2026-05-27,SZ300782,-0.00023258735466955542,EXP_CatBoostModel_Alpha158_csi300_custom_step0_s_20260527_18,a5557997913f4b759fa3a5f5af7c2c33,0.044,,,
3279,2026-05-27,SZ300803,-0.00023258735466955542,EXP_CatBoostModel_Alpha158_csi300_custom_step0_s_20260527_18,a5557997913f4b759fa3a5f5af7c2c33,0.044,,,
3280,2026-05-27,SZ300832,-0.0009588903026050907,EXP_CatBoostModel_Alpha158_csi300_custom_step0_s_20260527_18,a5557997913f4b759fa3a5f5af7c2c33,0.044,,,
3281,2026-05-27,SZ300866,-0.0009588903026050907,EXP_CatBoostModel_Alpha158_csi300_custom_step0_s_20260527_18,a5557997913f4b759fa3a5f5af7c2c33,0.044,,,
3282,2026-05-27,SZ300896,-0.0020954321965130137,EXP_CatBoostModel_Alpha158_csi300_custom_step0_s_20260527_18,a5557997913f4b759fa3a5f5af7c2c33,0.044,,,
3283,2026-05-27,SZ300979,-0.00023258735466955542,EXP_CatBoostModel_Alpha158_csi300_custom_step0_s_20260527_18,a5557997913f4b759fa3a5f5af7c2c33,0.044,,,
3284,2026-05-27,SZ300999,-0.0009588903026050907,EXP_CatBoostModel_Alpha158_csi300_custom_step0_s_20260527_18,a5557997913f4b759fa3a5f5af7c2c33,0.044,,,
3285,2026-05-27,SZ301236,-0.00023258735466955542,EXP_CatBoostModel_Alpha158_csi300_custom_step0_s_20260527_18,a5557997913f4b759fa3a5f5af7c2c33,0.044,,,
3286,2026-05-27,SZ301269,0.01380381540428222,EXP_CatBoostModel_Alpha158_csi300_custom_step0_s_20260527_18,a5557997913f4b759fa3a5f5af7c2c33,0.044,,,
3287,2026-05-27,SH600028,-0.0013800648103027139,EXP_CatBoostModel_Alpha158_csi300_custom_step0_s_20260527_18,f39012fdd5644bf08d7ab94a73db5a65,0.05,,,
3288,2026-05-27,SH600027,-0.0013800648103027139,EXP_CatBoostModel_Alpha158_csi300_custom_step0_s_20260527_18,f39012fdd5644bf08d7ab94a73db5a65,0.05,,,
3289,2026-05-27,SH600026,-0.0013800648103027139,EXP_CatBoostModel_Alpha158_csi300_custom_step0_s_20260527_18,f39012fdd5644bf08d7ab94a73db5a65,0.05,,,
3290,2026-05-27,SH600025,0.0014504945061926502,EXP_CatBoostModel_Alpha158_csi300_custom_step0_s_20260527_18,f39012fdd5644bf08d7ab94a73db5a65,0.05,,,
3291,2026-05-27,SH600023,-0.0013800648103027139,EXP_CatBoostModel_Alpha158_csi300_custom_step0_s_20260527_18,f39012fdd5644bf08d7ab94a73db5a65,0.05,,,
3292,2026-05-27,SH600019,-0.0013800648103027139,EXP_CatBoostModel_Alpha158_csi300_custom_step0_s_20260527_18,f39012fdd5644bf08d7ab94a73db5a65,0.05,,,
3293,2026-05-27,SH600030,0.0014504945061926502,EXP_CatBoostModel_Alpha158_csi300_custom_step0_s_20260527_18,f39012fdd5644bf08d7ab94a73db5a65,0.05,,,
3294,2026-05-27,SH600018,0.0014504945061926502,EXP_CatBoostModel_Alpha158_csi300_custom_step0_s_20260527_18,f39012fdd5644bf08d7ab94a73db5a65,0.05,,,
3295,2026-05-27,SH600015,0.0011096144497969172,EXP_CatBoostModel_Alpha158_csi300_custom_step0_s_20260527_18,f39012fdd5644bf08d7ab94a73db5a65,0.05,,,
3296,2026-05-27,SH600011,-0.0013800648103027139,EXP_CatBoostModel_Alpha158_csi300_custom_step0_s_20260527_18,f39012fdd5644bf08d7ab94a73db5a65,0.05,,,
3297,2026-05-27,SH600010,-0.005599781482115175,EXP_CatBoostModel_Alpha158_csi300_custom_step0_s_20260527_18,f39012fdd5644bf08d7ab94a73db5a65,0.05,,,
3298,2026-05-27,SH600009,0.0011096144497969172,EXP_CatBoostModel_Alpha158_csi300_custom_step0_s_20260527_18,f39012fdd5644bf08d7ab94a73db5a65,0.05,,,
3299,2026-05-27,SH600000,0.0006253619678251939,EXP_CatBoostModel_Alpha158_csi300_custom_step0_s_20260527_18,f39012fdd5644bf08d7ab94a73db5a65,0.05,,,
3300,2026-05-27,SZ302132,-0.00023258735466955542,EXP_CatBoostModel_Alpha158_csi300_custom_step0_s_20260527_18,a5557997913f4b759fa3a5f5af7c2c33,0.044,,,
3301,2026-05-27,SH600016,0.0014504945061926502,EXP_CatBoostModel_Alpha158_csi300_custom_step0_s_20260527_18,f39012fdd5644bf08d7ab94a73db5a65,0.05,,,
3302,2026-05-27,SH600489,-0.0013800648103027139,EXP_CatBoostModel_Alpha158_csi300_custom_step0_s_20260527_18,f39012fdd5644bf08d7ab94a73db5a65,0.05,,,
3303,2026-05-27,SH600515,-0.0005145796747345673,EXP_CatBoostModel_Alpha158_csi300_custom_step0_s_20260527_18,f39012fdd5644bf08d7ab94a73db5a65,0.05,,,
3304,2026-05-27,SH600519,0.000348988943678575,EXP_CatBoostModel_Alpha158_csi300_custom_step0_s_20260527_18,f39012fdd5644bf08d7ab94a73db5a65,0.05,,,
3305,2026-05-27,SH601058,-0.0013800648103027139,EXP_CatBoostModel_Alpha158_csi300_custom_step0_s_20260527_18,f39012fdd5644bf08d7ab94a73db5a65,0.05,,,
3306,2026-05-27,SH601059,0.002367149209187246,EXP_CatBoostModel_Alpha158_csi300_custom_step0_s_20260527_18,f39012fdd5644bf08d7ab94a73db5a65,0.05,,,
3307,2026-05-27,SH601066,0.0006253619678251939,EXP_CatBoostModel_Alpha158_csi300_custom_step0_s_20260527_18,f39012fdd5644bf08d7ab94a73db5a65,0.05,,,
3308,2026-05-27,SH601077,0.0011096144497969172,EXP_CatBoostModel_Alpha158_csi300_custom_step0_s_20260527_18,f39012fdd5644bf08d7ab94a73db5a65,0.05,,,
3309,2026-05-27,SH601088,0.0014504945061926502,EXP_CatBoostModel_Alpha158_csi300_custom_step0_s_20260527_18,f39012fdd5644bf08d7ab94a73db5a65,0.05,,,
3310,2026-05-27,SH601100,-0.0013800648103027139,EXP_CatBoostModel_Alpha158_csi300_custom_step0_s_20260527_18,f39012fdd5644bf08d7ab94a73db5a65,0.05,,,
3311,2026-05-27,SH601111,-0.0013800648103027139,EXP_CatBoostModel_Alpha158_csi300_custom_step0_s_20260527_18,f39012fdd5644bf08d7ab94a73db5a65,0.05,,,
3312,2026-05-27,SH601117,-0.0013800648103027139,EXP_CatBoostModel_Alpha158_csi300_custom_step0_s_20260527_18,f39012fdd5644bf08d7ab94a73db5a65,0.05,,,
3313,2026-05-27,SH601127,0.0006253619678251939,EXP_CatBoostModel_Alpha158_csi300_custom_step0_s_20260527_18,f39012fdd5644bf08d7ab94a73db5a65,0.05,,,
3314,2026-05-27,SH601136,-0.0005145796747345673,EXP_CatBoostModel_Alpha158_csi300_custom_step0_s_20260527_18,f39012fdd5644bf08d7ab94a73db5a65,0.05,,,
3315,2026-05-27,SH601138,-0.0013800648103027139,EXP_CatBoostModel_Alpha158_csi300_custom_step0_s_20260527_18,f39012fdd5644bf08d7ab94a73db5a65,0.05,,,
3316,2026-05-27,SH601166,-0.0004785261325427215,EXP_CatBoostModel_Alpha158_csi300_custom_step0_s_20260527_18,f39012fdd5644bf08d7ab94a73db5a65,0.05,,,
3317,2026-05-27,SH601169,0.0011096144497969172,EXP_CatBoostModel_Alpha158_csi300_custom_step0_s_20260527_18,f39012fdd5644bf08d7ab94a73db5a65,0.05,,,
3318,2026-05-27,SH601186,-0.0005145796747345673,EXP_CatBoostModel_Alpha158_csi300_custom_step0_s_20260527_18,f39012fdd5644bf08d7ab94a73db5a65,0.05,,,
3319,2026-05-27,SH601211,0.0011096144497969172,EXP_CatBoostModel_Alpha158_csi300_custom_step0_s_20260527_18,f39012fdd5644bf08d7ab94a73db5a65,0.05,,,
3320,2026-05-27,SH601225,-0.0013800648103027139,EXP_CatBoostModel_Alpha158_csi300_custom_step0_s_20260527_18,f39012fdd5644bf08d7ab94a73db5a65,0.05,,,
3321,2026-05-27,SH601229,-0.0013800648103027139,EXP_CatBoostModel_Alpha158_csi300_custom_step0_s_20260527_18,f39012fdd5644bf08d7ab94a73db5a65,0.05,,,
3322,2026-05-27,SH601600,0.0006253619678251939,EXP_CatBoostModel_Alpha158_csi300_custom_step0_s_20260527_18,f39012fdd5644bf08d7ab94a73db5a65,0.05,,,
3323,2026-05-27,SH601456,0.0014504945061926502,EXP_CatBoostModel_Alpha158_csi300_custom_step0_s_20260527_18,f39012fdd5644bf08d7ab94a73db5a65,0.05,,,
3324,2026-05-27,SH601398,0.0014504945061926502,EXP_CatBoostModel_Alpha158_csi300_custom_step0_s_20260527_18,f39012fdd5644bf08d7ab94a73db5a65,0.05,,,
3325,2026-05-27,SH601390,-0.0013800648103027139,EXP_CatBoostModel_Alpha158_csi300_custom_step0_s_20260527_18,f39012fdd5644bf08d7ab94a73db5a65,0.05,,,
3326,2026-05-27,SH601377,0.0014504945061926502,EXP_CatBoostModel_Alpha158_csi300_custom_step0_s_20260527_18,f39012fdd5644bf08d7ab94a73db5a65,0.05,,,
3327,2026-05-27,SH601360,-0.0005145796747345673,EXP_CatBoostModel_Alpha158_csi300_custom_step0_s_20260527_18,f39012fdd5644bf08d7ab94a73db5a65,0.05,,,
3328,2026-05-27,SH601021,0.0014504945061926502,EXP_CatBoostModel_Alpha158_csi300_custom_step0_s_20260527_18,f39012fdd5644bf08d7ab94a73db5a65,0.05,,,
3329,2026-05-27,SH601336,-0.0013800648103027139,EXP_CatBoostModel_Alpha158_csi300_custom_step0_s_20260527_18,f39012fdd5644bf08d7ab94a73db5a65,0.05,,,
3330,2026-05-27,SH601319,0.0011096144497969172,EXP_CatBoostModel_Alpha158_csi300_custom_step0_s_20260527_18,f39012fdd5644bf08d7ab94a73db5a65,0.05,,,
3331,2026-05-27,SH601318,-0.0005145796747345673,EXP_CatBoostModel_Alpha158_csi300_custom_step0_s_20260527_18,f39012fdd5644bf08d7ab94a73db5a65,0.05,,,
3332,2026-05-27,SH601298,0.0014504945061926502,EXP_CatBoostModel_Alpha158_csi300_custom_step0_s_20260527_18,f39012fdd5644bf08d7ab94a73db5a65,0.05,,,
3333,2026-05-27,SH601288,-0.0005145796747345673,EXP_CatBoostModel_Alpha158_csi300_custom_step0_s_20260527_18,f39012fdd5644bf08d7ab94a73db5a65,0.05,,,
3334,2026-05-27,SH601238,-0.0005145796747345673,EXP_CatBoostModel_Alpha158_csi300_custom_step0_s_20260527_18,f39012fdd5644bf08d7ab94a73db5a65,0.05,,,
3335,2026-05-27,SH601236,-0.000610512465889629,EXP_CatBoostModel_Alpha158_csi300_custom_step0_s_20260527_18,f39012fdd5644bf08d7ab94a73db5a65,0.05,,,
3336,2026-05-27,SH601328,0.0014504945061926502,EXP_CatBoostModel_Alpha158_csi300_custom_step0_s_20260527_18,f39012fdd5644bf08d7ab94a73db5a65,0.05,,,
3337,2026-05-27,SH601018,0.0011096144497969172,EXP_CatBoostModel_Alpha158_csi300_custom_step0_s_20260527_18,f39012fdd5644bf08d7ab94a73db5a65,0.05,,,
3338,2026-05-27,SH601012,-0.0005145796747345673,EXP_CatBoostModel_Alpha158_csi300_custom_step0_s_20260527_18,f39012fdd5644bf08d7ab94a73db5a65,0.05,,,
3339,2026-05-27,SH601009,-0.0005145796747345673,EXP_CatBoostModel_Alpha158_csi300_custom_step0_s_20260527_18,f39012fdd5644bf08d7ab94a73db5a65,0.05,,,
3340,2026-05-27,SH600803,-0.0013800648103027139,EXP_CatBoostModel_Alpha158_csi300_custom_step0_s_20260527_18,f39012fdd5644bf08d7ab94a73db5a65,0.05,,,
3341,2026-05-27,SH600795,0.0014504945061926502,EXP_CatBoostModel_Alpha158_csi300_custom_step0_s_20260527_18,f39012fdd5644bf08d7ab94a73db5a65,0.05,,,
3342,2026-05-27,SH600760,-0.005599781482115175,EXP_CatBoostModel_Alpha158_csi300_custom_step0_s_20260527_18,f39012fdd5644bf08d7ab94a73db5a65,0.05,,,
3343,2026-05-27,SH600741,-0.0013800648103027139,EXP_CatBoostModel_Alpha158_csi300_custom_step0_s_20260527_18,f39012fdd5644bf08d7ab94a73db5a65,0.05,,,
3344,2026-05-27,SH600690,0.0014504945061926502,EXP_CatBoostModel_Alpha158_csi300_custom_step0_s_20260527_18,f39012fdd5644bf08d7ab94a73db5a65,0.05,,,
3345,2026-05-27,SH600674,0.0014504945061926502,EXP_CatBoostModel_Alpha158_csi300_custom_step0_s_20260527_18,f39012fdd5644bf08d7ab94a73db5a65,0.05,,,
3346,2026-05-27,SH600809,0.000348988943678575,EXP_CatBoostModel_Alpha158_csi300_custom_step0_s_20260527_18,f39012fdd5644bf08d7ab94a73db5a65,0.05,,,
3347,2026-05-27,SH600660,-0.0013800648103027139,EXP_CatBoostModel_Alpha158_csi300_custom_step0_s_20260527_18,f39012fdd5644bf08d7ab94a73db5a65,0.05,,,
3348,2026-05-27,SH600588,-0.0013800648103027139,EXP_CatBoostModel_Alpha158_csi300_custom_step0_s_20260527_18,f39012fdd5644bf08d7ab94a73db5a65,0.05,,,
3349,2026-05-27,SH600585,-0.0013800648103027139,EXP_CatBoostModel_Alpha158_csi300_custom_step0_s_20260527_18,f39012fdd5644bf08d7ab94a73db5a65,0.05,,,
3350,2026-05-27,SH600584,-0.024396124380589822,EXP_CatBoostModel_Alpha158_csi300_custom_step0_s_20260527_18,f39012fdd5644bf08d7ab94a73db5a65,0.05,,,
3351,2026-05-27,SH600570,0.0014504945061926502,EXP_CatBoostModel_Alpha158_csi300_custom_step0_s_20260527_18,f39012fdd5644bf08d7ab94a73db5a65,0.05,,,
3352,2026-05-27,SH600547,-0.0013800648103027139,EXP_CatBoostModel_Alpha158_csi300_custom_step0_s_20260527_18,f39012fdd5644bf08d7ab94a73db5a65,0.05,,,
3353,2026-05-27,SH600522,0.014663981954031508,EXP_CatBoostModel_Alpha158_csi300_custom_step0_s_20260527_18,f39012fdd5644bf08d7ab94a73db5a65,0.05,,,
3354,2026-05-27,SH600600,0.0014504945061926502,EXP_CatBoostModel_Alpha158_csi300_custom_step0_s_20260527_18,f39012fdd5644bf08d7ab94a73db5a65,0.05,,,
3355,2026-05-27,SH601607,0.0014504945061926502,EXP_CatBoostModel_Alpha158_csi300_custom_step0_s_20260527_18,f39012fdd5644bf08d7ab94a73db5a65,0.05,,,
3356,2026-05-27,SH600845,-0.005599781482115175,EXP_CatBoostModel_Alpha158_csi300_custom_step0_s_20260527_18,f39012fdd5644bf08d7ab94a73db5a65,0.05,,,
3357,2026-05-27,SH600886,0.0014504945061926502,EXP_CatBoostModel_Alpha158_csi300_custom_step0_s_20260527_18,f39012fdd5644bf08d7ab94a73db5a65,0.05,,,
3358,2026-05-27,SH601006,0.0014504945061926502,EXP_CatBoostModel_Alpha158_csi300_custom_step0_s_20260527_18,f39012fdd5644bf08d7ab94a73db5a65,0.05,,,
3359,2026-05-27,SH600999,0.0006253619678251939,EXP_CatBoostModel_Alpha158_csi300_custom_step0_s_20260527_18,f39012fdd5644bf08d7ab94a73db5a65,0.05,,,
3360,2026-05-27,SH600989,-0.0013800648103027139,EXP_CatBoostModel_Alpha158_csi300_custom_step0_s_20260527_18,f39012fdd5644bf08d7ab94a73db5a65,0.05,,,
3361,2026-05-27,SH600958,0.0014504945061926502,EXP_CatBoostModel_Alpha158_csi300_custom_step0_s_20260527_18,f39012fdd5644bf08d7ab94a73db5a65,0.05,,,
3362,2026-05-27,SH600941,0.002367149209187246,EXP_CatBoostModel_Alpha158_csi300_custom_step0_s_20260527_18,f39012fdd5644bf08d7ab94a73db5a65,0.05,,,
3363,2026-05-27,SH600938,-0.0005145796747345673,EXP_CatBoostModel_Alpha158_csi300_custom_step0_s_20260527_18,f39012fdd5644bf08d7ab94a73db5a65,0.05,,,
3364,2026-05-27,SH600875,-0.0013800648103027139,EXP_CatBoostModel_Alpha158_csi300_custom_step0_s_20260527_18,f39012fdd5644bf08d7ab94a73db5a65,0.05,,,
3365,2026-05-27,SH600930,-0.0013800648103027139,EXP_CatBoostModel_Alpha158_csi300_custom_step0_s_20260527_18,f39012fdd5644bf08d7ab94a73db5a65,0.05,,,
3366,2026-05-27,SH600919,0.002367149209187246,EXP_CatBoostModel_Alpha158_csi300_custom_step0_s_20260527_18,f39012fdd5644bf08d7ab94a73db5a65,0.05,,,
3367,2026-05-27,SH600918,-0.0013800648103027139,EXP_CatBoostModel_Alpha158_csi300_custom_step0_s_20260527_18,f39012fdd5644bf08d7ab94a73db5a65,0.05,,,
3368,2026-05-27,SH600905,0.0014504945061926502,EXP_CatBoostModel_Alpha158_csi300_custom_step0_s_20260527_18,f39012fdd5644bf08d7ab94a73db5a65,0.05,,,
3369,2026-05-27,SH600900,0.002367149209187246,EXP_CatBoostModel_Alpha158_csi300_custom_step0_s_20260527_18,f39012fdd5644bf08d7ab94a73db5a65,0.05,,,
3370,2026-05-27,SH600893,-0.0013800648103027139,EXP_CatBoostModel_Alpha158_csi300_custom_step0_s_20260527_18,f39012fdd5644bf08d7ab94a73db5a65,0.05,,,
3371,2026-05-27,SH600887,-0.0013800648103027139,EXP_CatBoostModel_Alpha158_csi300_custom_step0_s_20260527_18,f39012fdd5644bf08d7ab94a73db5a65,0.05,,,
3372,2026-05-27,SH600926,0.0011096144497969172,EXP_CatBoostModel_Alpha158_csi300_custom_step0_s_20260527_18,f39012fdd5644bf08d7ab94a73db5a65,0.05,,,
3373,2026-05-27,SZ000983,0.002366204723331103,EXP_LGBModel_Alpha158_csi300_custom_step0_s_20260527_18,231e80c99fbf4a5db4d9d79032f3f9a8,0.074,,,
3374,2026-05-27,SZ000999,-2.682882726878059e-10,EXP_LGBModel_Alpha158_csi300_custom_step0_s_20260527_18,231e80c99fbf4a5db4d9d79032f3f9a8,0.074,,,
3375,2026-05-27,SZ001391,-2.682882726878059e-10,EXP_LGBModel_Alpha158_csi300_custom_step0_s_20260527_18,231e80c99fbf4a5db4d9d79032f3f9a8,0.074,,,
3376,2026-05-27,SH600803,-0.007269774278524964,EXP_DEnsembleModel_Alpha158_csi300_custom_step0_s_20260527_16,76c69eb874804267839a58470c856554,0.064,,,
3377,2026-05-27,SH600809,-0.0685423793677632,EXP_DEnsembleModel_Alpha158_csi300_custom_step0_s_20260527_16,76c69eb874804267839a58470c856554,0.064,,,
3378,2026-05-27,SH600845,-0.10717631627247289,EXP_DEnsembleModel_Alpha158_csi300_custom_step0_s_20260527_16,76c69eb874804267839a58470c856554,0.064,,,
3379,2026-05-27,SH600875,-0.15781072535116758,EXP_DEnsembleModel_Alpha158_csi300_custom_step0_s_20260527_16,76c69eb874804267839a58470c856554,0.064,,,
3380,2026-05-27,SH600886,0.1294880494921206,EXP_DEnsembleModel_Alpha158_csi300_custom_step0_s_20260527_16,76c69eb874804267839a58470c856554,0.064,,,
3381,2026-05-27,SH600887,0.011573178581346703,EXP_DEnsembleModel_Alpha158_csi300_custom_step0_s_20260527_16,76c69eb874804267839a58470c856554,0.064,,,
3382,2026-05-27,SH600893,0.0504594253968591,EXP_DEnsembleModel_Alpha158_csi300_custom_step0_s_20260527_16,76c69eb874804267839a58470c856554,0.064,,,
3383,2026-05-27,SH600900,0.11529256496009005,EXP_DEnsembleModel_Alpha158_csi300_custom_step0_s_20260527_16,76c69eb874804267839a58470c856554,0.064,,,
3384,2026-05-27,SH600905,0.05565458638520929,EXP_DEnsembleModel_Alpha158_csi300_custom_step0_s_20260527_16,76c69eb874804267839a58470c856554,0.064,,,
3385,2026-05-27,SH600918,-0.021420737127045574,EXP_DEnsembleModel_Alpha158_csi300_custom_step0_s_20260527_16,76c69eb874804267839a58470c856554,0.064,,,
3386,2026-05-27,SH600919,0.08384503545551841,EXP_DEnsembleModel_Alpha158_csi300_custom_step0_s_20260527_16,76c69eb874804267839a58470c856554,0.064,,,
3387,2026-05-27,SH600926,0.007851314277910948,EXP_DEnsembleModel_Alpha158_csi300_custom_step0_s_20260527_16,76c69eb874804267839a58470c856554,0.064,,,
3388,2026-05-27,SH600930,-0.010005462723003854,EXP_DEnsembleModel_Alpha158_csi300_custom_step0_s_20260527_16,76c69eb874804267839a58470c856554,0.064,,,
3389,2026-05-27,SH600938,0.011521975486432095,EXP_DEnsembleModel_Alpha158_csi300_custom_step0_s_20260527_16,76c69eb874804267839a58470c856554,0.064,,,
3390,2026-05-27,SH600941,0.01825147007573101,EXP_DEnsembleModel_Alpha158_csi300_custom_step0_s_20260527_16,76c69eb874804267839a58470c856554,0.064,,,
3391,2026-05-27,SH600958,-0.006067442714154332,EXP_DEnsembleModel_Alpha158_csi300_custom_step0_s_20260527_16,76c69eb874804267839a58470c856554,0.064,,,
3392,2026-05-27,SH600989,0.09672897742294378,EXP_DEnsembleModel_Alpha158_csi300_custom_step0_s_20260527_16,76c69eb874804267839a58470c856554,0.064,,,
3393,2026-05-27,SH601117,-0.03376024366182341,EXP_DEnsembleModel_Alpha158_csi300_custom_step0_s_20260527_16,76c69eb874804267839a58470c856554,0.064,,,
3394,2026-05-27,SH601111,0.004212174497075589,EXP_DEnsembleModel_Alpha158_csi300_custom_step0_s_20260527_16,76c69eb874804267839a58470c856554,0.064,,,
3395,2026-05-27,SH601100,0.010694079070248165,EXP_DEnsembleModel_Alpha158_csi300_custom_step0_s_20260527_16,76c69eb874804267839a58470c856554,0.064,,,
3396,2026-05-27,SH601088,0.05014607772460938,EXP_DEnsembleModel_Alpha158_csi300_custom_step0_s_20260527_16,76c69eb874804267839a58470c856554,0.064,,,
3397,2026-05-27,SH601077,0.03304383605924978,EXP_DEnsembleModel_Alpha158_csi300_custom_step0_s_20260527_16,76c69eb874804267839a58470c856554,0.064,,,
3398,2026-05-27,SH601066,0.14534680161891259,EXP_DEnsembleModel_Alpha158_csi300_custom_step0_s_20260527_16,76c69eb874804267839a58470c856554,0.064,,,
3399,2026-05-27,SH600795,0.044446717564274936,EXP_DEnsembleModel_Alpha158_csi300_custom_step0_s_20260527_16,76c69eb874804267839a58470c856554,0.064,,,
3400,2026-05-27,SH601059,0.10893740544418148,EXP_DEnsembleModel_Alpha158_csi300_custom_step0_s_20260527_16,76c69eb874804267839a58470c856554,0.064,,,
3401,2026-05-27,SH601021,-0.07617822933653742,EXP_DEnsembleModel_Alpha158_csi300_custom_step0_s_20260527_16,76c69eb874804267839a58470c856554,0.064,,,
3402,2026-05-27,SH601018,0.021335872541305013,EXP_DEnsembleModel_Alpha158_csi300_custom_step0_s_20260527_16,76c69eb874804267839a58470c856554,0.064,,,
3403,2026-05-27,SH601012,-0.010619918324510766,EXP_DEnsembleModel_Alpha158_csi300_custom_step0_s_20260527_16,76c69eb874804267839a58470c856554,0.064,,,
3404,2026-05-27,SH601009,-0.029427316149485575,EXP_DEnsembleModel_Alpha158_csi300_custom_step0_s_20260527_16,76c69eb874804267839a58470c856554,0.064,,,
3405,2026-05-27,SH601006,0.04263718818308942,EXP_DEnsembleModel_Alpha158_csi300_custom_step0_s_20260527_16,76c69eb874804267839a58470c856554,0.064,,,
3406,2026-05-27,SH600999,0.08857367429386297,EXP_DEnsembleModel_Alpha158_csi300_custom_step0_s_20260527_16,76c69eb874804267839a58470c856554,0.064,,,
3407,2026-05-27,SH601058,-0.054206769349716105,EXP_DEnsembleModel_Alpha158_csi300_custom_step0_s_20260527_16,76c69eb874804267839a58470c856554,0.064,,,
3408,2026-05-27,SH601127,-0.06564160249598881,EXP_DEnsembleModel_Alpha158_csi300_custom_step0_s_20260527_16,76c69eb874804267839a58470c856554,0.064,,,
3409,2026-05-27,SH600760,-0.15661992567888453,EXP_DEnsembleModel_Alpha158_csi300_custom_step0_s_20260527_16,76c69eb874804267839a58470c856554,0.064,,,
3410,2026-05-27,SH600690,-0.03949484700074749,EXP_DEnsembleModel_Alpha158_csi300_custom_step0_s_20260527_16,76c69eb874804267839a58470c856554,0.064,,,
3411,2026-05-27,SH600176,-0.1798971896459012,EXP_DEnsembleModel_Alpha158_csi300_custom_step0_s_20260527_16,76c69eb874804267839a58470c856554,0.064,,,
3412,2026-05-27,SH600183,-0.15292107527134302,EXP_DEnsembleModel_Alpha158_csi300_custom_step0_s_20260527_16,76c69eb874804267839a58470c856554,0.064,,,
3413,2026-05-27,SH600188,-0.15708960491256674,EXP_DEnsembleModel_Alpha158_csi300_custom_step0_s_20260527_16,76c69eb874804267839a58470c856554,0.064,,,
3414,2026-05-27,SH600196,-0.09608882200296168,EXP_DEnsembleModel_Alpha158_csi300_custom_step0_s_20260527_16,76c69eb874804267839a58470c856554,0.064,,,
3415,2026-05-27,SH600219,0.023812862295345676,EXP_DEnsembleModel_Alpha158_csi300_custom_step0_s_20260527_16,76c69eb874804267839a58470c856554,0.064,,,
3416,2026-05-27,SH600233,-0.06499973316527607,EXP_DEnsembleModel_Alpha158_csi300_custom_step0_s_20260527_16,76c69eb874804267839a58470c856554,0.064,,,
3417,2026-05-27,SH600276,-0.075636805056714,EXP_DEnsembleModel_Alpha158_csi300_custom_step0_s_20260527_16,76c69eb874804267839a58470c856554,0.064,,,
3418,2026-05-27,SH600309,0.02845781253087129,EXP_DEnsembleModel_Alpha158_csi300_custom_step0_s_20260527_16,76c69eb874804267839a58470c856554,0.064,,,
3419,2026-05-27,SH600346,0.19544052527113528,EXP_DEnsembleModel_Alpha158_csi300_custom_step0_s_20260527_16,76c69eb874804267839a58470c856554,0.064,,,
3420,2026-05-27,SH600362,-0.1759470437044332,EXP_DEnsembleModel_Alpha158_csi300_custom_step0_s_20260527_16,76c69eb874804267839a58470c856554,0.064,,,
3421,2026-05-27,SH600372,-0.03910367784600661,EXP_DEnsembleModel_Alpha158_csi300_custom_step0_s_20260527_16,76c69eb874804267839a58470c856554,0.064,,,
3422,2026-05-27,SH600377,0.09137903302306317,EXP_DEnsembleModel_Alpha158_csi300_custom_step0_s_20260527_16,76c69eb874804267839a58470c856554,0.064,,,
3423,2026-05-27,SH600406,-0.0636955649858444,EXP_DEnsembleModel_Alpha158_csi300_custom_step0_s_20260527_16,76c69eb874804267839a58470c856554,0.064,,,
3424,2026-05-27,SH600415,-0.12831225541813976,EXP_DEnsembleModel_Alpha158_csi300_custom_step0_s_20260527_16,76c69eb874804267839a58470c856554,0.064,,,
3425,2026-05-27,SH600426,0.09551536460332756,EXP_DEnsembleModel_Alpha158_csi300_custom_step0_s_20260527_16,76c69eb874804267839a58470c856554,0.064,,,
3426,2026-05-27,SH600436,-0.06435441279546411,EXP_DEnsembleModel_Alpha158_csi300_custom_step0_s_20260527_16,76c69eb874804267839a58470c856554,0.064,,,
3427,2026-05-27,SH600438,-0.19567666112978951,EXP_DEnsembleModel_Alpha158_csi300_custom_step0_s_20260527_16,76c69eb874804267839a58470c856554,0.064,,,
3428,2026-05-27,SH600674,0.09816413283259905,EXP_DEnsembleModel_Alpha158_csi300_custom_step0_s_20260527_16,76c69eb874804267839a58470c856554,0.064,,,
3429,2026-05-27,SH600660,-0.11538255880652323,EXP_DEnsembleModel_Alpha158_csi300_custom_step0_s_20260527_16,76c69eb874804267839a58470c856554,0.064,,,
3430,2026-05-27,SH600600,0.053299739343737954,EXP_DEnsembleModel_Alpha158_csi300_custom_step0_s_20260527_16,76c69eb874804267839a58470c856554,0.064,,,
3431,2026-05-27,SH600588,0.0010855920449537799,EXP_DEnsembleModel_Alpha158_csi300_custom_step0_s_20260527_16,76c69eb874804267839a58470c856554,0.064,,,
3432,2026-05-27,SH600585,-0.014989638870531287,EXP_DEnsembleModel_Alpha158_csi300_custom_step0_s_20260527_16,76c69eb874804267839a58470c856554,0.064,,,
3433,2026-05-27,SH600584,-0.1247522741146772,EXP_DEnsembleModel_Alpha158_csi300_custom_step0_s_20260527_16,76c69eb874804267839a58470c856554,0.064,,,
3434,2026-05-27,SH600741,-0.017009034405310004,EXP_DEnsembleModel_Alpha158_csi300_custom_step0_s_20260527_16,76c69eb874804267839a58470c856554,0.064,,,
3435,2026-05-27,SH600570,-0.07889459625694742,EXP_DEnsembleModel_Alpha158_csi300_custom_step0_s_20260527_16,76c69eb874804267839a58470c856554,0.064,,,
3436,2026-05-27,SH600522,0.10701564743138961,EXP_DEnsembleModel_Alpha158_csi300_custom_step0_s_20260527_16,76c69eb874804267839a58470c856554,0.064,,,
3437,2026-05-27,SH600519,-0.014530476764197902,EXP_DEnsembleModel_Alpha158_csi300_custom_step0_s_20260527_16,76c69eb874804267839a58470c856554,0.064,,,
3438,2026-05-27,SH600515,-0.019230046230931313,EXP_DEnsembleModel_Alpha158_csi300_custom_step0_s_20260527_16,76c69eb874804267839a58470c856554,0.064,,,
3439,2026-05-27,SH600489,-0.07816360030609344,EXP_DEnsembleModel_Alpha158_csi300_custom_step0_s_20260527_16,76c69eb874804267839a58470c856554,0.064,,,
3440,2026-05-27,SH600482,-0.05135580926041696,EXP_DEnsembleModel_Alpha158_csi300_custom_step0_s_20260527_16,76c69eb874804267839a58470c856554,0.064,,,
3441,2026-05-27,SH600460,-0.1318614960576006,EXP_DEnsembleModel_Alpha158_csi300_custom_step0_s_20260527_16,76c69eb874804267839a58470c856554,0.064,,,
3442,2026-05-27,SH600547,0.0496905825978985,EXP_DEnsembleModel_Alpha158_csi300_custom_step0_s_20260527_16,76c69eb874804267839a58470c856554,0.064,,,
3443,2026-05-27,SH600161,-0.06267050956948242,EXP_DEnsembleModel_Alpha158_csi300_custom_step0_s_20260527_16,76c69eb874804267839a58470c856554,0.064,,,
3444,2026-05-27,SH601136,-0.13125118175678308,EXP_DEnsembleModel_Alpha158_csi300_custom_step0_s_20260527_16,76c69eb874804267839a58470c856554,0.064,,,
3445,2026-05-27,SH601166,0.11026848845073997,EXP_DEnsembleModel_Alpha158_csi300_custom_step0_s_20260527_16,76c69eb874804267839a58470c856554,0.064,,,
3446,2026-05-27,SH601816,0.01526202965527807,EXP_DEnsembleModel_Alpha158_csi300_custom_step0_s_20260527_16,76c69eb874804267839a58470c856554,0.064,,,
3447,2026-05-27,SH601818,0.05918106213244131,EXP_DEnsembleModel_Alpha158_csi300_custom_step0_s_20260527_16,76c69eb874804267839a58470c856554,0.064,,,
3448,2026-05-27,SH601825,0.034768857192094396,EXP_DEnsembleModel_Alpha158_csi300_custom_step0_s_20260527_16,76c69eb874804267839a58470c856554,0.064,,,
3449,2026-05-27,SH601838,0.11334268994427148,EXP_DEnsembleModel_Alpha158_csi300_custom_step0_s_20260527_16,76c69eb874804267839a58470c856554,0.064,,,
3450,2026-05-27,SH601857,-0.07801999992614553,EXP_DEnsembleModel_Alpha158_csi300_custom_step0_s_20260527_16,76c69eb874804267839a58470c856554,0.064,,,
3451,2026-05-27,SH601868,-0.012148751306372082,EXP_DEnsembleModel_Alpha158_csi300_custom_step0_s_20260527_16,76c69eb874804267839a58470c856554,0.064,,,
3452,2026-05-27,SH601872,-0.08183993362207083,EXP_DEnsembleModel_Alpha158_csi300_custom_step0_s_20260527_16,76c69eb874804267839a58470c856554,0.064,,,
3453,2026-05-27,SH601877,-0.04968893705901219,EXP_DEnsembleModel_Alpha158_csi300_custom_step0_s_20260527_16,76c69eb874804267839a58470c856554,0.064,,,
3454,2026-05-27,SH601878,-0.017393807794929255,EXP_DEnsembleModel_Alpha158_csi300_custom_step0_s_20260527_16,76c69eb874804267839a58470c856554,0.064,,,
3455,2026-05-27,SH601881,-0.048259024277336214,EXP_DEnsembleModel_Alpha158_csi300_custom_step0_s_20260527_16,76c69eb874804267839a58470c856554,0.064,,,
3456,2026-05-27,SH601888,-0.015402285116062087,EXP_DEnsembleModel_Alpha158_csi300_custom_step0_s_20260527_16,76c69eb874804267839a58470c856554,0.064,,,
3457,2026-05-27,SH601898,-0.028019754925501433,EXP_DEnsembleModel_Alpha158_csi300_custom_step0_s_20260527_16,76c69eb874804267839a58470c856554,0.064,,,
3458,2026-05-27,SH601899,-0.10299110751003993,EXP_DEnsembleModel_Alpha158_csi300_custom_step0_s_20260527_16,76c69eb874804267839a58470c856554,0.064,,,
3459,2026-05-27,SH601901,0.04880407273511282,EXP_DEnsembleModel_Alpha158_csi300_custom_step0_s_20260527_16,76c69eb874804267839a58470c856554,0.064,,,
3460,2026-05-27,SH601916,0.0861056677387767,EXP_DEnsembleModel_Alpha158_csi300_custom_step0_s_20260527_16,76c69eb874804267839a58470c856554,0.064,,,
3461,2026-05-27,SH601919,-0.03276475678503988,EXP_DEnsembleModel_Alpha158_csi300_custom_step0_s_20260527_16,76c69eb874804267839a58470c856554,0.064,,,
3462,2026-05-27,SH601939,0.07422480276845574,EXP_DEnsembleModel_Alpha158_csi300_custom_step0_s_20260527_16,76c69eb874804267839a58470c856554,0.064,,,
3463,2026-05-27,SH603799,-0.07875761220547274,EXP_DEnsembleModel_Alpha158_csi300_custom_step0_s_20260527_16,76c69eb874804267839a58470c856554,0.064,,,
3464,2026-05-27,SH603501,-0.13011373452514363,EXP_DEnsembleModel_Alpha158_csi300_custom_step0_s_20260527_16,76c69eb874804267839a58470c856554,0.064,,,
3465,2026-05-27,SH603392,-0.04229440734310858,EXP_DEnsembleModel_Alpha158_csi300_custom_step0_s_20260527_16,76c69eb874804267839a58470c856554,0.064,,,
3466,2026-05-27,SH603369,-0.015535815136920763,EXP_DEnsembleModel_Alpha158_csi300_custom_step0_s_20260527_16,76c69eb874804267839a58470c856554,0.064,,,
3467,2026-05-27,SH603296,-0.04307840147053716,EXP_DEnsembleModel_Alpha158_csi300_custom_step0_s_20260527_16,76c69eb874804267839a58470c856554,0.064,,,
3468,2026-05-27,SH603288,-0.08293777921631308,EXP_DEnsembleModel_Alpha158_csi300_custom_step0_s_20260527_16,76c69eb874804267839a58470c856554,0.064,,,
3469,2026-05-27,SH601808,0.07684416357412804,EXP_DEnsembleModel_Alpha158_csi300_custom_step0_s_20260527_16,76c69eb874804267839a58470c856554,0.064,,,
3470,2026-05-27,SH603260,-0.14001284392712535,EXP_DEnsembleModel_Alpha158_csi300_custom_step0_s_20260527_16,76c69eb874804267839a58470c856554,0.064,,,
3471,2026-05-27,SH603195,0.04509737069905979,EXP_DEnsembleModel_Alpha158_csi300_custom_step0_s_20260527_16,76c69eb874804267839a58470c856554,0.064,,,
3472,2026-05-27,SH603019,-0.047033400771231915,EXP_DEnsembleModel_Alpha158_csi300_custom_step0_s_20260527_16,76c69eb874804267839a58470c856554,0.064,,,
3473,2026-05-27,SH601998,0.00861554495837038,EXP_DEnsembleModel_Alpha158_csi300_custom_step0_s_20260527_16,76c69eb874804267839a58470c856554,0.064,,,
3474,2026-05-27,SH601995,0.06428857247033913,EXP_DEnsembleModel_Alpha158_csi300_custom_step0_s_20260527_16,76c69eb874804267839a58470c856554,0.064,,,
3475,2026-05-27,SH601988,0.10270563467965434,EXP_DEnsembleModel_Alpha158_csi300_custom_step0_s_20260527_16,76c69eb874804267839a58470c856554,0.064,,,
3476,2026-05-27,SH601985,0.0531006056855933,EXP_DEnsembleModel_Alpha158_csi300_custom_step0_s_20260527_16,76c69eb874804267839a58470c856554,0.064,,,
3477,2026-05-27,SH603259,0.022148503727606062,EXP_DEnsembleModel_Alpha158_csi300_custom_step0_s_20260527_16,76c69eb874804267839a58470c856554,0.064,,,
3478,2026-05-27,SH601138,-0.09627239206077352,EXP_DEnsembleModel_Alpha158_csi300_custom_step0_s_20260527_16,76c69eb874804267839a58470c856554,0.064,,,
3479,2026-05-27,SH601800,-0.01955656337648858,EXP_DEnsembleModel_Alpha158_csi300_custom_step0_s_20260527_16,76c69eb874804267839a58470c856554,0.064,,,
3480,2026-05-27,SH601766,-0.004132812000366046,EXP_DEnsembleModel_Alpha158_csi300_custom_step0_s_20260527_16,76c69eb874804267839a58470c856554,0.064,,,
3481,2026-05-27,SH601169,0.03451517885495456,EXP_DEnsembleModel_Alpha158_csi300_custom_step0_s_20260527_16,76c69eb874804267839a58470c856554,0.064,,,
3482,2026-05-27,SH601186,0.0007702577528731267,EXP_DEnsembleModel_Alpha158_csi300_custom_step0_s_20260527_16,76c69eb874804267839a58470c856554,0.064,,,
3483,2026-05-27,SH601211,-0.08081786641259124,EXP_DEnsembleModel_Alpha158_csi300_custom_step0_s_20260527_16,76c69eb874804267839a58470c856554,0.064,,,
3484,2026-05-27,SH601225,0.004009852356118368,EXP_DEnsembleModel_Alpha158_csi300_custom_step0_s_20260527_16,76c69eb874804267839a58470c856554,0.064,,,
3485,2026-05-27,SH601229,-0.05402463506424061,EXP_DEnsembleModel_Alpha158_csi300_custom_step0_s_20260527_16,76c69eb874804267839a58470c856554,0.064,,,
3486,2026-05-27,SH601236,0.0036222201867979423,EXP_DEnsembleModel_Alpha158_csi300_custom_step0_s_20260527_16,76c69eb874804267839a58470c856554,0.064,,,
3487,2026-05-27,SH601238,0.03714897445988465,EXP_DEnsembleModel_Alpha158_csi300_custom_step0_s_20260527_16,76c69eb874804267839a58470c856554,0.064,,,
3488,2026-05-27,SH601288,-0.032893888430836224,EXP_DEnsembleModel_Alpha158_csi300_custom_step0_s_20260527_16,76c69eb874804267839a58470c856554,0.064,,,
3489,2026-05-27,SH601298,0.07077653334866683,EXP_DEnsembleModel_Alpha158_csi300_custom_step0_s_20260527_16,76c69eb874804267839a58470c856554,0.064,,,
3490,2026-05-27,SH601318,-0.040776293140667545,EXP_DEnsembleModel_Alpha158_csi300_custom_step0_s_20260527_16,76c69eb874804267839a58470c856554,0.064,,,
3491,2026-05-27,SH601319,-0.02743362306557099,EXP_DEnsembleModel_Alpha158_csi300_custom_step0_s_20260527_16,76c69eb874804267839a58470c856554,0.064,,,
3492,2026-05-27,SH601328,0.0523745104754913,EXP_DEnsembleModel_Alpha158_csi300_custom_step0_s_20260527_16,76c69eb874804267839a58470c856554,0.064,,,
3493,2026-05-27,SH601336,-0.11631572405090472,EXP_DEnsembleModel_Alpha158_csi300_custom_step0_s_20260527_16,76c69eb874804267839a58470c856554,0.064,,,
3494,2026-05-27,SH601360,-0.06120742844995135,EXP_DEnsembleModel_Alpha158_csi300_custom_step0_s_20260527_16,76c69eb874804267839a58470c856554,0.064,,,
3495,2026-05-27,SH601377,-0.011562533790780255,EXP_DEnsembleModel_Alpha158_csi300_custom_step0_s_20260527_16,76c69eb874804267839a58470c856554,0.064,,,
3496,2026-05-27,SH601390,-0.004837809152453004,EXP_DEnsembleModel_Alpha158_csi300_custom_step0_s_20260527_16,76c69eb874804267839a58470c856554,0.064,,,
3497,2026-05-27,SH601398,0.11732987748616837,EXP_DEnsembleModel_Alpha158_csi300_custom_step0_s_20260527_16,76c69eb874804267839a58470c856554,0.064,,,
3498,2026-05-27,SH601728,-0.05757472608476351,EXP_DEnsembleModel_Alpha158_csi300_custom_step0_s_20260527_16,76c69eb874804267839a58470c856554,0.064,,,
3499,2026-05-27,SH601698,-0.02666307955945253,EXP_DEnsembleModel_Alpha158_csi300_custom_step0_s_20260527_16,76c69eb874804267839a58470c856554,0.064,,,
3500,2026-05-27,SH601689,0.0259319226421674,EXP_DEnsembleModel_Alpha158_csi300_custom_step0_s_20260527_16,76c69eb874804267839a58470c856554,0.064,,,
3501,2026-05-27,SH601688,-0.04509164733209071,EXP_DEnsembleModel_Alpha158_csi300_custom_step0_s_20260527_16,76c69eb874804267839a58470c856554,0.064,,,
3502,2026-05-27,SH601669,-0.07241027887688921,EXP_DEnsembleModel_Alpha158_csi300_custom_step0_s_20260527_16,76c69eb874804267839a58470c856554,0.064,,,
3503,2026-05-27,SH601668,0.016494972664161594,EXP_DEnsembleModel_Alpha158_csi300_custom_step0_s_20260527_16,76c69eb874804267839a58470c856554,0.064,,,
3504,2026-05-27,SH601788,-0.07157950307567479,EXP_DEnsembleModel_Alpha158_csi300_custom_step0_s_20260527_16,76c69eb874804267839a58470c856554,0.064,,,
3505,2026-05-27,SH601658,0.10157031204996869,EXP_DEnsembleModel_Alpha158_csi300_custom_step0_s_20260527_16,76c69eb874804267839a58470c856554,0.064,,,
3506,2026-05-27,SH601628,-0.026089175670096946,EXP_DEnsembleModel_Alpha158_csi300_custom_step0_s_20260527_16,76c69eb874804267839a58470c856554,0.064,,,
3507,2026-05-27,SH601618,0.018964909470300318,EXP_DEnsembleModel_Alpha158_csi300_custom_step0_s_20260527_16,76c69eb874804267839a58470c856554,0.064,,,
3508,2026-05-27,SH601607,0.03584884587040312,EXP_DEnsembleModel_Alpha158_csi300_custom_step0_s_20260527_16,76c69eb874804267839a58470c856554,0.064,,,
3509,2026-05-27,SH601601,0.014432718766421099,EXP_DEnsembleModel_Alpha158_csi300_custom_step0_s_20260527_16,76c69eb874804267839a58470c856554,0.064,,,
3510,2026-05-27,SH601600,-0.07982172732649946,EXP_DEnsembleModel_Alpha158_csi300_custom_step0_s_20260527_16,76c69eb874804267839a58470c856554,0.064,,,
3511,2026-05-27,SH601456,-0.04718618962249676,EXP_DEnsembleModel_Alpha158_csi300_custom_step0_s_20260527_16,76c69eb874804267839a58470c856554,0.064,,,
3512,2026-05-27,SH601633,-0.00032177858514511514,EXP_DEnsembleModel_Alpha158_csi300_custom_step0_s_20260527_16,76c69eb874804267839a58470c856554,0.064,,,
3513,2026-05-27,SH600160,-0.13662278752162652,EXP_DEnsembleModel_Alpha158_csi300_custom_step0_s_20260527_16,76c69eb874804267839a58470c856554,0.064,,,
3514,2026-05-27,SH600150,-0.052924084092652264,EXP_DEnsembleModel_Alpha158_csi300_custom_step0_s_20260527_16,76c69eb874804267839a58470c856554,0.064,,,
3515,2026-05-27,SH600115,-0.09147868294544934,EXP_DEnsembleModel_Alpha158_csi300_custom_step0_s_20260527_16,76c69eb874804267839a58470c856554,0.064,,,
3516,2026-05-27,SZ000999,-0.010867053554256255,EXP_LGBModel_Alpha158_csi300_custom_step0_s_20260527_18,36d9c002328b4e48a891b2db11f4ba3b,0.076,,,
3517,2026-05-27,SZ001391,-0.022502272901701155,EXP_LGBModel_Alpha158_csi300_custom_step0_s_20260527_18,36d9c002328b4e48a891b2db11f4ba3b,0.076,,,
3518,2026-05-27,SZ001965,0.0028508513717102695,EXP_LGBModel_Alpha158_csi300_custom_step0_s_20260527_18,36d9c002328b4e48a891b2db11f4ba3b,0.076,,,
3519,2026-05-27,SZ001979,0.0016362598293797712,EXP_LGBModel_Alpha158_csi300_custom_step0_s_20260527_18,36d9c002328b4e48a891b2db11f4ba3b,0.076,,,
3520,2026-05-27,SZ002001,-0.012603856081939643,EXP_LGBModel_Alpha158_csi300_custom_step0_s_20260527_18,36d9c002328b4e48a891b2db11f4ba3b,0.076,,,
3521,2026-05-27,SZ002027,-0.010058709546828325,EXP_LGBModel_Alpha158_csi300_custom_step0_s_20260527_18,36d9c002328b4e48a891b2db11f4ba3b,0.076,,,
3522,2026-05-27,SZ002028,-0.0017923731050188585,EXP_LGBModel_Alpha158_csi300_custom_step0_s_20260527_18,36d9c002328b4e48a891b2db11f4ba3b,0.076,,,
3523,2026-05-27,SZ002049,0.004261388994505325,EXP_LGBModel_Alpha158_csi300_custom_step0_s_20260527_18,36d9c002328b4e48a891b2db11f4ba3b,0.076,,,
3524,2026-05-27,SZ002050,0.002118750379226757,EXP_LGBModel_Alpha158_csi300_custom_step0_s_20260527_18,36d9c002328b4e48a891b2db11f4ba3b,0.076,,,
3525,2026-05-27,SZ002074,5.32771264637154e-05,EXP_LGBModel_Alpha158_csi300_custom_step0_s_20260527_18,36d9c002328b4e48a891b2db11f4ba3b,0.076,,,
3526,2026-05-27,SZ002142,-0.03295775190656972,EXP_LGBModel_Alpha158_csi300_custom_step0_s_20260527_18,36d9c002328b4e48a891b2db11f4ba3b,0.076,,,
3527,2026-05-27,SZ002179,0.005412587792794167,EXP_LGBModel_Alpha158_csi300_custom_step0_s_20260527_18,36d9c002328b4e48a891b2db11f4ba3b,0.076,,,
3528,2026-05-27,SZ002230,-0.007136605383932931,EXP_LGBModel_Alpha158_csi300_custom_step0_s_20260527_18,36d9c002328b4e48a891b2db11f4ba3b,0.076,,,
3529,2026-05-27,SZ002236,-0.0028088137620857923,EXP_LGBModel_Alpha158_csi300_custom_step0_s_20260527_18,36d9c002328b4e48a891b2db11f4ba3b,0.076,,,
3530,2026-05-27,SZ002241,0.003112529626543594,EXP_LGBModel_Alpha158_csi300_custom_step0_s_20260527_18,36d9c002328b4e48a891b2db11f4ba3b,0.076,,,
3531,2026-05-27,SZ002252,-0.026083215250971604,EXP_LGBModel_Alpha158_csi300_custom_step0_s_20260527_18,36d9c002328b4e48a891b2db11f4ba3b,0.076,,,
3532,2026-05-27,SZ002304,-0.01418097549270156,EXP_LGBModel_Alpha158_csi300_custom_step0_s_20260527_18,36d9c002328b4e48a891b2db11f4ba3b,0.076,,,
3533,2026-05-27,SZ002600,0.00116190317564019,EXP_LGBModel_Alpha158_csi300_custom_step0_s_20260527_18,36d9c002328b4e48a891b2db11f4ba3b,0.076,,,
3534,2026-05-27,SZ002594,-0.019556023398444457,EXP_LGBModel_Alpha158_csi300_custom_step0_s_20260527_18,36d9c002328b4e48a891b2db11f4ba3b,0.076,,,
3535,2026-05-27,SZ002493,-0.010876489773033328,EXP_LGBModel_Alpha158_csi300_custom_step0_s_20260527_18,36d9c002328b4e48a891b2db11f4ba3b,0.076,,,
3536,2026-05-27,SZ002475,0.10118670325593702,EXP_LGBModel_Alpha158_csi300_custom_step0_s_20260527_18,36d9c002328b4e48a891b2db11f4ba3b,0.076,,,
3537,2026-05-27,SZ002466,0.04775415711515919,EXP_LGBModel_Alpha158_csi300_custom_step0_s_20260527_18,36d9c002328b4e48a891b2db11f4ba3b,0.076,,,
3538,2026-05-27,SZ002463,0.008477984537237722,EXP_LGBModel_Alpha158_csi300_custom_step0_s_20260527_18,36d9c002328b4e48a891b2db11f4ba3b,0.076,,,
3539,2026-05-27,SZ000983,0.012794389828086917,EXP_LGBModel_Alpha158_csi300_custom_step0_s_20260527_18,36d9c002328b4e48a891b2db11f4ba3b,0.076,,,
3540,2026-05-27,SZ002460,5.32771264637154e-05,EXP_LGBModel_Alpha158_csi300_custom_step0_s_20260527_18,36d9c002328b4e48a891b2db11f4ba3b,0.076,,,
3541,2026-05-27,SZ002422,-0.002536675555728993,EXP_LGBModel_Alpha158_csi300_custom_step0_s_20260527_18,36d9c002328b4e48a891b2db11f4ba3b,0.076,,,
3542,2026-05-27,SZ002415,-0.02264017120541564,EXP_LGBModel_Alpha158_csi300_custom_step0_s_20260527_18,36d9c002328b4e48a891b2db11f4ba3b,0.076,,,
3543,2026-05-27,SZ002384,0.07736639154362292,EXP_LGBModel_Alpha158_csi300_custom_step0_s_20260527_18,36d9c002328b4e48a891b2db11f4ba3b,0.076,,,
3544,2026-05-27,SZ002371,0.07223346506473005,EXP_LGBModel_Alpha158_csi300_custom_step0_s_20260527_18,36d9c002328b4e48a891b2db11f4ba3b,0.076,,,
3545,2026-05-27,SZ002352,-0.03305834382122083,EXP_LGBModel_Alpha158_csi300_custom_step0_s_20260527_18,36d9c002328b4e48a891b2db11f4ba3b,0.076,,,
3546,2026-05-27,SZ002311,-0.013548039466822294,EXP_LGBModel_Alpha158_csi300_custom_step0_s_20260527_18,36d9c002328b4e48a891b2db11f4ba3b,0.076,,,
3547,2026-05-27,SZ002459,5.32771264637154e-05,EXP_LGBModel_Alpha158_csi300_custom_step0_s_20260527_18,36d9c002328b4e48a891b2db11f4ba3b,0.076,,,
3548,2026-05-27,SZ002601,5.32771264637154e-05,EXP_LGBModel_Alpha158_csi300_custom_step0_s_20260527_18,36d9c002328b4e48a891b2db11f4ba3b,0.076,,,
3549,2026-05-27,SZ000977,5.32771264637154e-05,EXP_LGBModel_Alpha158_csi300_custom_step0_s_20260527_18,36d9c002328b4e48a891b2db11f4ba3b,0.076,,,
3550,2026-05-27,SZ000963,-0.0013900978999685806,EXP_LGBModel_Alpha158_csi300_custom_step0_s_20260527_18,36d9c002328b4e48a891b2db11f4ba3b,0.076,,,
3551,2026-05-27,SH688981,0.0025060485084521253,EXP_LGBModel_Alpha158_csi300_custom_step0_s_20260527_18,36d9c002328b4e48a891b2db11f4ba3b,0.076,,,
3552,2026-05-27,SZ000001,-0.016968053361184766,EXP_LGBModel_Alpha158_csi300_custom_step0_s_20260527_18,36d9c002328b4e48a891b2db11f4ba3b,0.076,,,
3553,2026-05-27,SZ000002,5.32771264637154e-05,EXP_LGBModel_Alpha158_csi300_custom_step0_s_20260527_18,36d9c002328b4e48a891b2db11f4ba3b,0.076,,,
3554,2026-05-27,SZ000063,-0.0033170839891439492,EXP_LGBModel_Alpha158_csi300_custom_step0_s_20260527_18,36d9c002328b4e48a891b2db11f4ba3b,0.076,,,
3555,2026-05-27,SZ000100,0.0021563463394539,EXP_LGBModel_Alpha158_csi300_custom_step0_s_20260527_18,36d9c002328b4e48a891b2db11f4ba3b,0.076,,,
3556,2026-05-27,SZ000157,-0.016399148480547365,EXP_LGBModel_Alpha158_csi300_custom_step0_s_20260527_18,36d9c002328b4e48a891b2db11f4ba3b,0.076,,,
3557,2026-05-27,SZ000166,-0.019556023398444457,EXP_LGBModel_Alpha158_csi300_custom_step0_s_20260527_18,36d9c002328b4e48a891b2db11f4ba3b,0.076,,,
3558,2026-05-27,SZ000301,0.022770491715437245,EXP_LGBModel_Alpha158_csi300_custom_step0_s_20260527_18,36d9c002328b4e48a891b2db11f4ba3b,0.076,,,
3559,2026-05-27,SZ000333,0.019053122327939938,EXP_LGBModel_Alpha158_csi300_custom_step0_s_20260527_18,36d9c002328b4e48a891b2db11f4ba3b,0.076,,,
3560,2026-05-27,SZ000338,0.09558103062856337,EXP_LGBModel_Alpha158_csi300_custom_step0_s_20260527_18,36d9c002328b4e48a891b2db11f4ba3b,0.076,,,
3561,2026-05-27,SZ000408,-0.027883483684739495,EXP_LGBModel_Alpha158_csi300_custom_step0_s_20260527_18,36d9c002328b4e48a891b2db11f4ba3b,0.076,,,
3562,2026-05-27,SZ000425,-0.017089181661884598,EXP_LGBModel_Alpha158_csi300_custom_step0_s_20260527_18,36d9c002328b4e48a891b2db11f4ba3b,0.076,,,
3563,2026-05-27,SZ000538,-0.00672104010334252,EXP_LGBModel_Alpha158_csi300_custom_step0_s_20260527_18,36d9c002328b4e48a891b2db11f4ba3b,0.076,,,
3564,2026-05-27,SZ000568,-0.01418097549270156,EXP_LGBModel_Alpha158_csi300_custom_step0_s_20260527_18,36d9c002328b4e48a891b2db11f4ba3b,0.076,,,
3565,2026-05-27,SZ000596,-0.008997655817733182,EXP_LGBModel_Alpha158_csi300_custom_step0_s_20260527_18,36d9c002328b4e48a891b2db11f4ba3b,0.076,,,
3566,2026-05-27,SZ000617,0.013284539355933215,EXP_LGBModel_Alpha158_csi300_custom_step0_s_20260527_18,36d9c002328b4e48a891b2db11f4ba3b,0.076,,,
3567,2026-05-27,SZ000625,5.32771264637154e-05,EXP_LGBModel_Alpha158_csi300_custom_step0_s_20260527_18,36d9c002328b4e48a891b2db11f4ba3b,0.076,,,
3568,2026-05-27,SZ000938,0.002572384502107878,EXP_LGBModel_Alpha158_csi300_custom_step0_s_20260527_18,36d9c002328b4e48a891b2db11f4ba3b,0.076,,,
3569,2026-05-27,SZ000895,-1.0310748514914266e-09,EXP_LGBModel_Alpha158_csi300_custom_step0_s_20260527_18,36d9c002328b4e48a891b2db11f4ba3b,0.076,,,
3570,2026-05-27,SZ000876,-0.017377607927745516,EXP_LGBModel_Alpha158_csi300_custom_step0_s_20260527_18,36d9c002328b4e48a891b2db11f4ba3b,0.076,,,
3571,2026-05-27,SZ000858,-0.0017390949474802913,EXP_LGBModel_Alpha158_csi300_custom_step0_s_20260527_18,36d9c002328b4e48a891b2db11f4ba3b,0.076,,,
3572,2026-05-27,SZ000807,-0.012254859034427931,EXP_LGBModel_Alpha158_csi300_custom_step0_s_20260527_18,36d9c002328b4e48a891b2db11f4ba3b,0.076,,,
3573,2026-05-27,SZ000792,0.02007635310316433,EXP_LGBModel_Alpha158_csi300_custom_step0_s_20260527_18,36d9c002328b4e48a891b2db11f4ba3b,0.076,,,
3574,2026-05-27,SZ000975,5.32771264637154e-05,EXP_LGBModel_Alpha158_csi300_custom_step0_s_20260527_18,36d9c002328b4e48a891b2db11f4ba3b,0.076,,,
3575,2026-05-27,SZ000786,5.32771264637154e-05,EXP_LGBModel_Alpha158_csi300_custom_step0_s_20260527_18,36d9c002328b4e48a891b2db11f4ba3b,0.076,,,
3576,2026-05-27,SZ000768,-0.018901925794229557,EXP_LGBModel_Alpha158_csi300_custom_step0_s_20260527_18,36d9c002328b4e48a891b2db11f4ba3b,0.076,,,
3577,2026-05-27,SZ000725,0.010647689055745566,EXP_LGBModel_Alpha158_csi300_custom_step0_s_20260527_18,36d9c002328b4e48a891b2db11f4ba3b,0.076,,,
3578,2026-05-27,SZ000708,-0.023928364797196656,EXP_LGBModel_Alpha158_csi300_custom_step0_s_20260527_18,36d9c002328b4e48a891b2db11f4ba3b,0.076,,,
3579,2026-05-27,SZ000661,-0.008676316334494207,EXP_LGBModel_Alpha158_csi300_custom_step0_s_20260527_18,36d9c002328b4e48a891b2db11f4ba3b,0.076,,,
3580,2026-05-27,SZ000651,0.001235904586107714,EXP_LGBModel_Alpha158_csi300_custom_step0_s_20260527_18,36d9c002328b4e48a891b2db11f4ba3b,0.076,,,
3581,2026-05-27,SZ000630,-0.0024220998004481327,EXP_LGBModel_Alpha158_csi300_custom_step0_s_20260527_18,36d9c002328b4e48a891b2db11f4ba3b,0.076,,,
3582,2026-05-27,SZ000776,-0.001048338049371133,EXP_LGBModel_Alpha158_csi300_custom_step0_s_20260527_18,36d9c002328b4e48a891b2db11f4ba3b,0.076,,,
3583,2026-05-27,SZ002625,-0.009807722765924393,EXP_LGBModel_Alpha158_csi300_custom_step0_s_20260527_18,36d9c002328b4e48a891b2db11f4ba3b,0.076,,,
3584,2026-05-27,SZ002648,0.02007635310316433,EXP_LGBModel_Alpha158_csi300_custom_step0_s_20260527_18,36d9c002328b4e48a891b2db11f4ba3b,0.076,,,
3585,2026-05-27,SZ002709,0.10118670325593702,EXP_LGBModel_Alpha158_csi300_custom_step0_s_20260527_18,36d9c002328b4e48a891b2db11f4ba3b,0.076,,,
3586,2026-05-27,SZ300979,0.02007635310316433,EXP_LGBModel_Alpha158_csi300_custom_step0_s_20260527_18,36d9c002328b4e48a891b2db11f4ba3b,0.076,,,
3587,2026-05-27,SZ300999,-0.008844489919041212,EXP_LGBModel_Alpha158_csi300_custom_step0_s_20260527_18,36d9c002328b4e48a891b2db11f4ba3b,0.076,,,
3588,2026-05-27,SZ301236,5.32771264637154e-05,EXP_LGBModel_Alpha158_csi300_custom_step0_s_20260527_18,36d9c002328b4e48a891b2db11f4ba3b,0.076,,,
3589,2026-05-27,SZ301269,-0.0030167396398610817,EXP_LGBModel_Alpha158_csi300_custom_step0_s_20260527_18,36d9c002328b4e48a891b2db11f4ba3b,0.076,,,
3590,2026-05-27,SZ302132,-0.002167948790112712,EXP_LGBModel_Alpha158_csi300_custom_step0_s_20260527_18,36d9c002328b4e48a891b2db11f4ba3b,0.076,,,
3591,2026-05-27,SH600000,0.012688379520812117,EXP_DEnsembleModel_Alpha158_csi300_custom_step0_s_20260527_16,76c69eb874804267839a58470c856554,0.064,,,
3592,2026-05-27,SH600009,-0.022696607040989625,EXP_DEnsembleModel_Alpha158_csi300_custom_step0_s_20260527_16,76c69eb874804267839a58470c856554,0.064,,,
3593,2026-05-27,SH600010,-0.07312254635882465,EXP_DEnsembleModel_Alpha158_csi300_custom_step0_s_20260527_16,76c69eb874804267839a58470c856554,0.064,,,
3594,2026-05-27,SH600011,0.008134082329296074,EXP_DEnsembleModel_Alpha158_csi300_custom_step0_s_20260527_16,76c69eb874804267839a58470c856554,0.064,,,
3595,2026-05-27,SH600015,0.027114552153634522,EXP_DEnsembleModel_Alpha158_csi300_custom_step0_s_20260527_16,76c69eb874804267839a58470c856554,0.064,,,
3596,2026-05-27,SH600016,0.03506469782018964,EXP_DEnsembleModel_Alpha158_csi300_custom_step0_s_20260527_16,76c69eb874804267839a58470c856554,0.064,,,
3597,2026-05-27,SH600018,0.13309635773488426,EXP_DEnsembleModel_Alpha158_csi300_custom_step0_s_20260527_16,76c69eb874804267839a58470c856554,0.064,,,
3598,2026-05-27,SH600019,-0.03874618334377043,EXP_DEnsembleModel_Alpha158_csi300_custom_step0_s_20260527_16,76c69eb874804267839a58470c856554,0.064,,,
3599,2026-05-27,SH600023,-0.12793280262106055,EXP_DEnsembleModel_Alpha158_csi300_custom_step0_s_20260527_16,76c69eb874804267839a58470c856554,0.064,,,
3600,2026-05-27,SH600025,0.08903737394032486,EXP_DEnsembleModel_Alpha158_csi300_custom_step0_s_20260527_16,76c69eb874804267839a58470c856554,0.064,,,
3601,2026-05-27,SH600026,-0.047783669324696985,EXP_DEnsembleModel_Alpha158_csi300_custom_step0_s_20260527_16,76c69eb874804267839a58470c856554,0.064,,,
3602,2026-05-27,SH600027,-0.1051618581956788,EXP_DEnsembleModel_Alpha158_csi300_custom_step0_s_20260527_16,76c69eb874804267839a58470c856554,0.064,,,
3603,2026-05-27,SH600111,-0.132047206582621,EXP_DEnsembleModel_Alpha158_csi300_custom_step0_s_20260527_16,76c69eb874804267839a58470c856554,0.064,,,
3604,2026-05-27,SH600104,0.033390201129455996,EXP_DEnsembleModel_Alpha158_csi300_custom_step0_s_20260527_16,76c69eb874804267839a58470c856554,0.064,,,
3605,2026-05-27,SH600089,-0.1397700892251431,EXP_DEnsembleModel_Alpha158_csi300_custom_step0_s_20260527_16,76c69eb874804267839a58470c856554,0.064,,,
3606,2026-05-27,SH600085,-0.052346497791358165,EXP_DEnsembleModel_Alpha158_csi300_custom_step0_s_20260527_16,76c69eb874804267839a58470c856554,0.064,,,
3607,2026-05-27,SH600066,0.008960153769220186,EXP_DEnsembleModel_Alpha158_csi300_custom_step0_s_20260527_16,76c69eb874804267839a58470c856554,0.064,,,
3608,2026-05-27,SH600061,-0.026618897486416347,EXP_DEnsembleModel_Alpha158_csi300_custom_step0_s_20260527_16,76c69eb874804267839a58470c856554,0.064,,,
3609,2026-05-27,SZ300896,-0.010058709546828325,EXP_LGBModel_Alpha158_csi300_custom_step0_s_20260527_18,36d9c002328b4e48a891b2db11f4ba3b,0.076,,,
3610,2026-05-27,SH600050,-0.018462281694029248,EXP_DEnsembleModel_Alpha158_csi300_custom_step0_s_20260527_16,76c69eb874804267839a58470c856554,0.064,,,
3611,2026-05-27,SH600039,-0.05081425494192267,EXP_DEnsembleModel_Alpha158_csi300_custom_step0_s_20260527_16,76c69eb874804267839a58470c856554,0.064,,,
3612,2026-05-27,SH600036,0.027383800880937316,EXP_DEnsembleModel_Alpha158_csi300_custom_step0_s_20260527_16,76c69eb874804267839a58470c856554,0.064,,,
3613,2026-05-27,SH600031,-0.11962675176794156,EXP_DEnsembleModel_Alpha158_csi300_custom_step0_s_20260527_16,76c69eb874804267839a58470c856554,0.064,,,
3614,2026-05-27,SH600030,-0.010822665548501803,EXP_DEnsembleModel_Alpha158_csi300_custom_step0_s_20260527_16,76c69eb874804267839a58470c856554,0.064,,,
3615,2026-05-27,SH600029,-0.043341329011662,EXP_DEnsembleModel_Alpha158_csi300_custom_step0_s_20260527_16,76c69eb874804267839a58470c856554,0.064,,,
3616,2026-05-27,SH600028,-0.0071444780687584435,EXP_DEnsembleModel_Alpha158_csi300_custom_step0_s_20260527_16,76c69eb874804267839a58470c856554,0.064,,,
3617,2026-05-27,SH600048,-0.0901828756914042,EXP_DEnsembleModel_Alpha158_csi300_custom_step0_s_20260527_16,76c69eb874804267839a58470c856554,0.064,,,
3618,2026-05-27,SZ300866,0.056562931556146834,EXP_LGBModel_Alpha158_csi300_custom_step0_s_20260527_18,36d9c002328b4e48a891b2db11f4ba3b,0.076,,,
3619,2026-05-27,SZ300832,0.01580886719541248,EXP_LGBModel_Alpha158_csi300_custom_step0_s_20260527_18,36d9c002328b4e48a891b2db11f4ba3b,0.076,,,
3620,2026-05-27,SZ300803,-0.011267272354276199,EXP_LGBModel_Alpha158_csi300_custom_step0_s_20260527_18,36d9c002328b4e48a891b2db11f4ba3b,0.076,,,
3621,2026-05-27,SZ300274,0.08297206417099658,EXP_LGBModel_Alpha158_csi300_custom_step0_s_20260527_18,36d9c002328b4e48a891b2db11f4ba3b,0.076,,,
3622,2026-05-27,SZ300251,0.03807268485663387,EXP_LGBModel_Alpha158_csi300_custom_step0_s_20260527_18,36d9c002328b4e48a891b2db11f4ba3b,0.076,,,
3623,2026-05-27,SZ300124,0.07557937711157502,EXP_LGBModel_Alpha158_csi300_custom_step0_s_20260527_18,36d9c002328b4e48a891b2db11f4ba3b,0.076,,,
3624,2026-05-27,SZ300122,5.32771264637154e-05,EXP_LGBModel_Alpha158_csi300_custom_step0_s_20260527_18,36d9c002328b4e48a891b2db11f4ba3b,0.076,,,
3625,2026-05-27,SZ300059,-0.0063381681099748165,EXP_LGBModel_Alpha158_csi300_custom_step0_s_20260527_18,36d9c002328b4e48a891b2db11f4ba3b,0.076,,,
3626,2026-05-27,SZ300033,-7.219165338539773e-05,EXP_LGBModel_Alpha158_csi300_custom_step0_s_20260527_18,36d9c002328b4e48a891b2db11f4ba3b,0.076,,,
3627,2026-05-27,SZ300308,0.08297206417099658,EXP_LGBModel_Alpha158_csi300_custom_step0_s_20260527_18,36d9c002328b4e48a891b2db11f4ba3b,0.076,,,
3628,2026-05-27,SZ300015,-0.013577404192720468,EXP_LGBModel_Alpha158_csi300_custom_step0_s_20260527_18,36d9c002328b4e48a891b2db11f4ba3b,0.076,,,
3629,2026-05-27,SZ003816,0.0035017777723024925,EXP_LGBModel_Alpha158_csi300_custom_step0_s_20260527_18,36d9c002328b4e48a891b2db11f4ba3b,0.076,,,
3630,2026-05-27,SZ002938,0.012887411436330251,EXP_LGBModel_Alpha158_csi300_custom_step0_s_20260527_18,36d9c002328b4e48a891b2db11f4ba3b,0.076,,,
3631,2026-05-27,SZ002920,-0.0060721087898747425,EXP_LGBModel_Alpha158_csi300_custom_step0_s_20260527_18,36d9c002328b4e48a891b2db11f4ba3b,0.076,,,
3632,2026-05-27,SZ002916,0.010647689055745566,EXP_LGBModel_Alpha158_csi300_custom_step0_s_20260527_18,36d9c002328b4e48a891b2db11f4ba3b,0.076,,,
3633,2026-05-27,SZ002736,-0.006042036897266412,EXP_LGBModel_Alpha158_csi300_custom_step0_s_20260527_18,36d9c002328b4e48a891b2db11f4ba3b,0.076,,,
3634,2026-05-27,SZ002714,-0.005224386919371656,EXP_LGBModel_Alpha158_csi300_custom_step0_s_20260527_18,36d9c002328b4e48a891b2db11f4ba3b,0.076,,,
3635,2026-05-27,SZ300014,0.0013864768032464214,EXP_LGBModel_Alpha158_csi300_custom_step0_s_20260527_18,36d9c002328b4e48a891b2db11f4ba3b,0.076,,,
3636,2026-05-27,SH603893,-0.15660917866686738,EXP_DEnsembleModel_Alpha158_csi300_custom_step0_s_20260527_16,76c69eb874804267839a58470c856554,0.064,,,
3637,2026-05-27,SZ300316,0.04814086836746757,EXP_LGBModel_Alpha158_csi300_custom_step0_s_20260527_18,36d9c002328b4e48a891b2db11f4ba3b,0.076,,,
3638,2026-05-27,SZ300394,0.0723376437680393,EXP_LGBModel_Alpha158_csi300_custom_step0_s_20260527_18,36d9c002328b4e48a891b2db11f4ba3b,0.076,,,
3639,2026-05-27,SZ300782,0.026016247378685603,EXP_LGBModel_Alpha158_csi300_custom_step0_s_20260527_18,36d9c002328b4e48a891b2db11f4ba3b,0.076,,,
3640,2026-05-27,SZ300760,-0.015710812400489996,EXP_LGBModel_Alpha158_csi300_custom_step0_s_20260527_18,36d9c002328b4e48a891b2db11f4ba3b,0.076,,,
3641,2026-05-27,SZ300759,0.02185222095596971,EXP_LGBModel_Alpha158_csi300_custom_step0_s_20260527_18,36d9c002328b4e48a891b2db11f4ba3b,0.076,,,
3642,2026-05-27,SZ300750,0.005259199898562046,EXP_LGBModel_Alpha158_csi300_custom_step0_s_20260527_18,36d9c002328b4e48a891b2db11f4ba3b,0.076,,,
3643,2026-05-27,SZ300661,0.05158278579542677,EXP_LGBModel_Alpha158_csi300_custom_step0_s_20260527_18,36d9c002328b4e48a891b2db11f4ba3b,0.076,,,
3644,2026-05-27,SZ300628,0.01912914530927462,EXP_LGBModel_Alpha158_csi300_custom_step0_s_20260527_18,36d9c002328b4e48a891b2db11f4ba3b,0.076,,,
3645,2026-05-27,SZ300347,0.0068450908736948325,EXP_LGBModel_Alpha158_csi300_custom_step0_s_20260527_18,36d9c002328b4e48a891b2db11f4ba3b,0.076,,,
3646,2026-05-27,SZ300502,0.09489293124562949,EXP_LGBModel_Alpha158_csi300_custom_step0_s_20260527_18,36d9c002328b4e48a891b2db11f4ba3b,0.076,,,
3647,2026-05-27,SZ300476,0.012887411436330251,EXP_LGBModel_Alpha158_csi300_custom_step0_s_20260527_18,36d9c002328b4e48a891b2db11f4ba3b,0.076,,,
3648,2026-05-27,SZ300442,-1.0310748514914266e-09,EXP_LGBModel_Alpha158_csi300_custom_step0_s_20260527_18,36d9c002328b4e48a891b2db11f4ba3b,0.076,,,
3649,2026-05-27,SZ300433,0.00024229147419611987,EXP_LGBModel_Alpha158_csi300_custom_step0_s_20260527_18,36d9c002328b4e48a891b2db11f4ba3b,0.076,,,
3650,2026-05-27,SZ300418,-0.0027766330931019,EXP_LGBModel_Alpha158_csi300_custom_step0_s_20260527_18,36d9c002328b4e48a891b2db11f4ba3b,0.076,,,
3651,2026-05-27,SZ300413,5.32771264637154e-05,EXP_LGBModel_Alpha158_csi300_custom_step0_s_20260527_18,36d9c002328b4e48a891b2db11f4ba3b,0.076,,,
3652,2026-05-27,SZ300408,-0.0025140015008594035,EXP_LGBModel_Alpha158_csi300_custom_step0_s_20260527_18,36d9c002328b4e48a891b2db11f4ba3b,0.076,,,
3653,2026-05-27,SZ300498,0.02007635310316433,EXP_LGBModel_Alpha158_csi300_custom_step0_s_20260527_18,36d9c002328b4e48a891b2db11f4ba3b,0.076,,,
3654,2026-05-27,SH603986,-0.08633463533425617,EXP_DEnsembleModel_Alpha158_csi300_custom_step0_s_20260527_16,76c69eb874804267839a58470c856554,0.064,,,
3655,2026-05-27,SH603993,-0.12916655675761213,EXP_DEnsembleModel_Alpha158_csi300_custom_step0_s_20260527_16,76c69eb874804267839a58470c856554,0.064,,,
3656,2026-05-27,SH605117,-0.2495689201075772,EXP_DEnsembleModel_Alpha158_csi300_custom_step0_s_20260527_16,76c69eb874804267839a58470c856554,0.064,,,
3657,2026-05-27,SH600438,-0.19569162208155286,EXP_DEnsembleModel_Alpha158_csi300_custom_step0_s_20260527_16,b5abd7d069124cb681efc264568fa70d,0.07,,,
3658,2026-05-27,SH600460,-0.10954286611268911,EXP_DEnsembleModel_Alpha158_csi300_custom_step0_s_20260527_16,b5abd7d069124cb681efc264568fa70d,0.07,,,
3659,2026-05-27,SH600482,-0.05741103939080996,EXP_DEnsembleModel_Alpha158_csi300_custom_step0_s_20260527_16,b5abd7d069124cb681efc264568fa70d,0.07,,,
3660,2026-05-27,SH600489,-0.06804505478908326,EXP_DEnsembleModel_Alpha158_csi300_custom_step0_s_20260527_16,b5abd7d069124cb681efc264568fa70d,0.07,,,
3661,2026-05-27,SH600515,0.04106024450209821,EXP_DEnsembleModel_Alpha158_csi300_custom_step0_s_20260527_16,b5abd7d069124cb681efc264568fa70d,0.07,,,
3662,2026-05-27,SH600519,-0.056734920143392896,EXP_DEnsembleModel_Alpha158_csi300_custom_step0_s_20260527_16,b5abd7d069124cb681efc264568fa70d,0.07,,,
3663,2026-05-27,SH600522,0.13590348978363398,EXP_DEnsembleModel_Alpha158_csi300_custom_step0_s_20260527_16,b5abd7d069124cb681efc264568fa70d,0.07,,,
3664,2026-05-27,SH600547,0.007489180546436047,EXP_DEnsembleModel_Alpha158_csi300_custom_step0_s_20260527_16,b5abd7d069124cb681efc264568fa70d,0.07,,,
3665,2026-05-27,SH600570,-0.04865014906568478,EXP_DEnsembleModel_Alpha158_csi300_custom_step0_s_20260527_16,b5abd7d069124cb681efc264568fa70d,0.07,,,
3666,2026-05-27,SH600584,-0.16321695547534057,EXP_DEnsembleModel_Alpha158_csi300_custom_step0_s_20260527_16,b5abd7d069124cb681efc264568fa70d,0.07,,,
3667,2026-05-27,SH600585,-0.0015348571336002896,EXP_DEnsembleModel_Alpha158_csi300_custom_step0_s_20260527_16,b5abd7d069124cb681efc264568fa70d,0.07,,,
3668,2026-05-27,SH600588,-0.016832225580879136,EXP_DEnsembleModel_Alpha158_csi300_custom_step0_s_20260527_16,b5abd7d069124cb681efc264568fa70d,0.07,,,
3669,2026-05-27,SH600600,0.01959445782252432,EXP_DEnsembleModel_Alpha158_csi300_custom_step0_s_20260527_16,b5abd7d069124cb681efc264568fa70d,0.07,,,
3670,2026-05-27,SH600660,0.002824798325859098,EXP_DEnsembleModel_Alpha158_csi300_custom_step0_s_20260527_16,b5abd7d069124cb681efc264568fa70d,0.07,,,
3671,2026-05-27,SH600674,0.07286829317764089,EXP_DEnsembleModel_Alpha158_csi300_custom_step0_s_20260527_16,b5abd7d069124cb681efc264568fa70d,0.07,,,
3672,2026-05-27,SH600690,-0.038936594319252706,EXP_DEnsembleModel_Alpha158_csi300_custom_step0_s_20260527_16,b5abd7d069124cb681efc264568fa70d,0.07,,,
3673,2026-05-27,SH600741,0.03031300911791698,EXP_DEnsembleModel_Alpha158_csi300_custom_step0_s_20260527_16,b5abd7d069124cb681efc264568fa70d,0.07,,,
3674,2026-05-27,SH600926,0.057315193099541424,EXP_DEnsembleModel_Alpha158_csi300_custom_step0_s_20260527_16,b5abd7d069124cb681efc264568fa70d,0.07,,,
3675,2026-05-27,SH600919,0.08234312995418229,EXP_DEnsembleModel_Alpha158_csi300_custom_step0_s_20260527_16,b5abd7d069124cb681efc264568fa70d,0.07,,,
3676,2026-05-27,SH600918,-0.016517223074251117,EXP_DEnsembleModel_Alpha158_csi300_custom_step0_s_20260527_16,b5abd7d069124cb681efc264568fa70d,0.07,,,
3677,2026-05-27,SH600905,0.05530396294301266,EXP_DEnsembleModel_Alpha158_csi300_custom_step0_s_20260527_16,b5abd7d069124cb681efc264568fa70d,0.07,,,
3678,2026-05-27,SH600900,0.11666548295815174,EXP_DEnsembleModel_Alpha158_csi300_custom_step0_s_20260527_16,b5abd7d069124cb681efc264568fa70d,0.07,,,
3679,2026-05-27,SH600893,-0.03324266381600981,EXP_DEnsembleModel_Alpha158_csi300_custom_step0_s_20260527_16,b5abd7d069124cb681efc264568fa70d,0.07,,,
3680,2026-05-27,SH600436,-0.11714444725558988,EXP_DEnsembleModel_Alpha158_csi300_custom_step0_s_20260527_16,b5abd7d069124cb681efc264568fa70d,0.07,,,
3681,2026-05-27,SH600887,0.00025807028204859547,EXP_DEnsembleModel_Alpha158_csi300_custom_step0_s_20260527_16,b5abd7d069124cb681efc264568fa70d,0.07,,,
3682,2026-05-27,SH600875,-0.17302947868454446,EXP_DEnsembleModel_Alpha158_csi300_custom_step0_s_20260527_16,b5abd7d069124cb681efc264568fa70d,0.07,,,
3683,2026-05-27,SH600845,-0.10384970781067142,EXP_DEnsembleModel_Alpha158_csi300_custom_step0_s_20260527_16,b5abd7d069124cb681efc264568fa70d,0.07,,,
3684,2026-05-27,SH600809,-0.054543596976975334,EXP_DEnsembleModel_Alpha158_csi300_custom_step0_s_20260527_16,b5abd7d069124cb681efc264568fa70d,0.07,,,
3685,2026-05-27,SH600803,-0.004428864425391398,EXP_DEnsembleModel_Alpha158_csi300_custom_step0_s_20260527_16,b5abd7d069124cb681efc264568fa70d,0.07,,,
3686,2026-05-27,SH600795,0.04095777071914364,EXP_DEnsembleModel_Alpha158_csi300_custom_step0_s_20260527_16,b5abd7d069124cb681efc264568fa70d,0.07,,,
3687,2026-05-27,SH600760,-0.1800141211792705,EXP_DEnsembleModel_Alpha158_csi300_custom_step0_s_20260527_16,b5abd7d069124cb681efc264568fa70d,0.07,,,
3688,2026-05-27,SH600886,0.13276184550232722,EXP_DEnsembleModel_Alpha158_csi300_custom_step0_s_20260527_16,b5abd7d069124cb681efc264568fa70d,0.07,,,
3689,2026-05-27,SH600930,-0.03851219187456217,EXP_DEnsembleModel_Alpha158_csi300_custom_step0_s_20260527_16,b5abd7d069124cb681efc264568fa70d,0.07,,,
3690,2026-05-27,SH600426,0.027171783279206302,EXP_DEnsembleModel_Alpha158_csi300_custom_step0_s_20260527_16,b5abd7d069124cb681efc264568fa70d,0.07,,,
3691,2026-05-27,SH600406,-0.08421556283017022,EXP_DEnsembleModel_Alpha158_csi300_custom_step0_s_20260527_16,b5abd7d069124cb681efc264568fa70d,0.07,,,
3692,2026-05-27,SH600027,-0.09783563681482048,EXP_DEnsembleModel_Alpha158_csi300_custom_step0_s_20260527_16,b5abd7d069124cb681efc264568fa70d,0.07,,,
3693,2026-05-27,SH600028,-0.06168467560215415,EXP_DEnsembleModel_Alpha158_csi300_custom_step0_s_20260527_16,b5abd7d069124cb681efc264568fa70d,0.07,,,
3694,2026-05-27,SH600029,-0.03267041167646026,EXP_DEnsembleModel_Alpha158_csi300_custom_step0_s_20260527_16,b5abd7d069124cb681efc264568fa70d,0.07,,,
3695,2026-05-27,SH600030,0.021928366808343296,EXP_DEnsembleModel_Alpha158_csi300_custom_step0_s_20260527_16,b5abd7d069124cb681efc264568fa70d,0.07,,,
3696,2026-05-27,SH600031,-0.05797873652150952,EXP_DEnsembleModel_Alpha158_csi300_custom_step0_s_20260527_16,b5abd7d069124cb681efc264568fa70d,0.07,,,
3697,2026-05-27,SH600036,0.03300634004178099,EXP_DEnsembleModel_Alpha158_csi300_custom_step0_s_20260527_16,b5abd7d069124cb681efc264568fa70d,0.07,,,
3698,2026-05-27,SH600039,0.015060481847675066,EXP_DEnsembleModel_Alpha158_csi300_custom_step0_s_20260527_16,b5abd7d069124cb681efc264568fa70d,0.07,,,
3699,2026-05-27,SH600048,-0.08506203332364182,EXP_DEnsembleModel_Alpha158_csi300_custom_step0_s_20260527_16,b5abd7d069124cb681efc264568fa70d,0.07,,,
3700,2026-05-27,SH600050,-0.00880325154593369,EXP_DEnsembleModel_Alpha158_csi300_custom_step0_s_20260527_16,b5abd7d069124cb681efc264568fa70d,0.07,,,
3701,2026-05-27,SH600061,0.03887080015231279,EXP_DEnsembleModel_Alpha158_csi300_custom_step0_s_20260527_16,b5abd7d069124cb681efc264568fa70d,0.07,,,
3702,2026-05-27,SH600066,0.0361484705797939,EXP_DEnsembleModel_Alpha158_csi300_custom_step0_s_20260527_16,b5abd7d069124cb681efc264568fa70d,0.07,,,
3703,2026-05-27,SH600085,-0.06578470280598377,EXP_DEnsembleModel_Alpha158_csi300_custom_step0_s_20260527_16,b5abd7d069124cb681efc264568fa70d,0.07,,,
3704,2026-05-27,SH600089,-0.1250081697639194,EXP_DEnsembleModel_Alpha158_csi300_custom_step0_s_20260527_16,b5abd7d069124cb681efc264568fa70d,0.07,,,
3705,2026-05-27,SH600104,0.07426232950408192,EXP_DEnsembleModel_Alpha158_csi300_custom_step0_s_20260527_16,b5abd7d069124cb681efc264568fa70d,0.07,,,
3706,2026-05-27,SH600111,-0.19513153404839684,EXP_DEnsembleModel_Alpha158_csi300_custom_step0_s_20260527_16,b5abd7d069124cb681efc264568fa70d,0.07,,,
3707,2026-05-27,SH600115,-0.11301720477366328,EXP_DEnsembleModel_Alpha158_csi300_custom_step0_s_20260527_16,b5abd7d069124cb681efc264568fa70d,0.07,,,
3708,2026-05-27,SH600150,-0.12581088747919875,EXP_DEnsembleModel_Alpha158_csi300_custom_step0_s_20260527_16,b5abd7d069124cb681efc264568fa70d,0.07,,,
3709,2026-05-27,SH600377,0.11137602415310184,EXP_DEnsembleModel_Alpha158_csi300_custom_step0_s_20260527_16,b5abd7d069124cb681efc264568fa70d,0.07,,,
3710,2026-05-27,SH600372,-0.06126531740467816,EXP_DEnsembleModel_Alpha158_csi300_custom_step0_s_20260527_16,b5abd7d069124cb681efc264568fa70d,0.07,,,
3711,2026-05-27,SH600362,-0.1951709926292217,EXP_DEnsembleModel_Alpha158_csi300_custom_step0_s_20260527_16,b5abd7d069124cb681efc264568fa70d,0.07,,,
3712,2026-05-27,SH600346,0.27111427058475596,EXP_DEnsembleModel_Alpha158_csi300_custom_step0_s_20260527_16,b5abd7d069124cb681efc264568fa70d,0.07,,,
3713,2026-05-27,SH600309,0.022661424842014336,EXP_DEnsembleModel_Alpha158_csi300_custom_step0_s_20260527_16,b5abd7d069124cb681efc264568fa70d,0.07,,,
3714,2026-05-27,SH600276,-0.10626326383525957,EXP_DEnsembleModel_Alpha158_csi300_custom_step0_s_20260527_16,b5abd7d069124cb681efc264568fa70d,0.07,,,
3715,2026-05-27,SH600415,-0.16900728249770422,EXP_DEnsembleModel_Alpha158_csi300_custom_step0_s_20260527_16,b5abd7d069124cb681efc264568fa70d,0.07,,,
3716,2026-05-27,SH600233,-0.05148623802171808,EXP_DEnsembleModel_Alpha158_csi300_custom_step0_s_20260527_16,b5abd7d069124cb681efc264568fa70d,0.07,,,
3717,2026-05-27,SH600196,-0.09457854185739553,EXP_DEnsembleModel_Alpha158_csi300_custom_step0_s_20260527_16,b5abd7d069124cb681efc264568fa70d,0.07,,,
3718,2026-05-27,SH600188,-0.056342747494585795,EXP_DEnsembleModel_Alpha158_csi300_custom_step0_s_20260527_16,b5abd7d069124cb681efc264568fa70d,0.07,,,
3719,2026-05-27,SH600183,-0.23163390044597887,EXP_DEnsembleModel_Alpha158_csi300_custom_step0_s_20260527_16,b5abd7d069124cb681efc264568fa70d,0.07,,,
3720,2026-05-27,SH600176,-0.21261542983128826,EXP_DEnsembleModel_Alpha158_csi300_custom_step0_s_20260527_16,b5abd7d069124cb681efc264568fa70d,0.07,,,
3721,2026-05-27,SH600161,-0.01828280536052913,EXP_DEnsembleModel_Alpha158_csi300_custom_step0_s_20260527_16,b5abd7d069124cb681efc264568fa70d,0.07,,,
3722,2026-05-27,SH600160,-0.09792845066470476,EXP_DEnsembleModel_Alpha158_csi300_custom_step0_s_20260527_16,b5abd7d069124cb681efc264568fa70d,0.07,,,
3723,2026-05-27,SH600219,-0.11511229719867185,EXP_DEnsembleModel_Alpha158_csi300_custom_step0_s_20260527_16,b5abd7d069124cb681efc264568fa70d,0.07,,,
3724,2026-05-27,SH600938,-0.02526122760377135,EXP_DEnsembleModel_Alpha158_csi300_custom_step0_s_20260527_16,b5abd7d069124cb681efc264568fa70d,0.07,,,
3725,2026-05-27,SH600941,0.0020072394103424766,EXP_DEnsembleModel_Alpha158_csi300_custom_step0_s_20260527_16,b5abd7d069124cb681efc264568fa70d,0.07,,,
3726,2026-05-27,SH600958,-0.002282981411227577,EXP_DEnsembleModel_Alpha158_csi300_custom_step0_s_20260527_16,b5abd7d069124cb681efc264568fa70d,0.07,,,
3727,2026-05-27,SH601456,0.006382004565392426,EXP_DEnsembleModel_Alpha158_csi300_custom_step0_s_20260527_16,b5abd7d069124cb681efc264568fa70d,0.07,,,
3728,2026-05-27,SH601600,-0.14552700259930634,EXP_DEnsembleModel_Alpha158_csi300_custom_step0_s_20260527_16,b5abd7d069124cb681efc264568fa70d,0.07,,,
3729,2026-05-27,SH601601,0.017337205022253388,EXP_DEnsembleModel_Alpha158_csi300_custom_step0_s_20260527_16,b5abd7d069124cb681efc264568fa70d,0.07,,,
3730,2026-05-27,SH601607,0.052601173915788606,EXP_DEnsembleModel_Alpha158_csi300_custom_step0_s_20260527_16,b5abd7d069124cb681efc264568fa70d,0.07,,,
3731,2026-05-27,SH601618,0.06843779748630563,EXP_DEnsembleModel_Alpha158_csi300_custom_step0_s_20260527_16,b5abd7d069124cb681efc264568fa70d,0.07,,,
3732,2026-05-27,SH601628,0.01028617807500311,EXP_DEnsembleModel_Alpha158_csi300_custom_step0_s_20260527_16,b5abd7d069124cb681efc264568fa70d,0.07,,,
3733,2026-05-27,SH601633,0.046228168873207985,EXP_DEnsembleModel_Alpha158_csi300_custom_step0_s_20260527_16,b5abd7d069124cb681efc264568fa70d,0.07,,,
3734,2026-05-27,SH601658,0.10800944626241635,EXP_DEnsembleModel_Alpha158_csi300_custom_step0_s_20260527_16,b5abd7d069124cb681efc264568fa70d,0.07,,,
3735,2026-05-27,SH601668,0.051572524220340685,EXP_DEnsembleModel_Alpha158_csi300_custom_step0_s_20260527_16,b5abd7d069124cb681efc264568fa70d,0.07,,,
3736,2026-05-27,SH601669,-0.11030401292885196,EXP_DEnsembleModel_Alpha158_csi300_custom_step0_s_20260527_16,b5abd7d069124cb681efc264568fa70d,0.07,,,
3737,2026-05-27,SH601688,0.032808042107446235,EXP_DEnsembleModel_Alpha158_csi300_custom_step0_s_20260527_16,b5abd7d069124cb681efc264568fa70d,0.07,,,
3738,2026-05-27,SH601689,-0.09494954494757209,EXP_DEnsembleModel_Alpha158_csi300_custom_step0_s_20260527_16,b5abd7d069124cb681efc264568fa70d,0.07,,,
3739,2026-05-27,SH601698,-0.06525487109344942,EXP_DEnsembleModel_Alpha158_csi300_custom_step0_s_20260527_16,b5abd7d069124cb681efc264568fa70d,0.07,,,
3740,2026-05-27,SH601728,-0.07140671057104704,EXP_DEnsembleModel_Alpha158_csi300_custom_step0_s_20260527_16,b5abd7d069124cb681efc264568fa70d,0.07,,,
3741,2026-05-27,SH601766,0.05161410529701955,EXP_DEnsembleModel_Alpha158_csi300_custom_step0_s_20260527_16,b5abd7d069124cb681efc264568fa70d,0.07,,,
3742,2026-05-27,SH601788,-0.016273041424339864,EXP_DEnsembleModel_Alpha158_csi300_custom_step0_s_20260527_16,b5abd7d069124cb681efc264568fa70d,0.07,,,
3743,2026-05-27,SH601800,-0.021837643419684562,EXP_DEnsembleModel_Alpha158_csi300_custom_step0_s_20260527_16,b5abd7d069124cb681efc264568fa70d,0.07,,,
3744,2026-05-27,SH601899,-0.07766280057966417,EXP_DEnsembleModel_Alpha158_csi300_custom_step0_s_20260527_16,b5abd7d069124cb681efc264568fa70d,0.07,,,
3745,2026-05-27,SH601898,0.01588698200673242,EXP_DEnsembleModel_Alpha158_csi300_custom_step0_s_20260527_16,b5abd7d069124cb681efc264568fa70d,0.07,,,
3746,2026-05-27,SH601888,0.021017660969172493,EXP_DEnsembleModel_Alpha158_csi300_custom_step0_s_20260527_16,b5abd7d069124cb681efc264568fa70d,0.07,,,
3747,2026-05-27,SH601881,0.005076905195844307,EXP_DEnsembleModel_Alpha158_csi300_custom_step0_s_20260527_16,b5abd7d069124cb681efc264568fa70d,0.07,,,
3748,2026-05-27,SH601878,0.0003056790783227343,EXP_DEnsembleModel_Alpha158_csi300_custom_step0_s_20260527_16,b5abd7d069124cb681efc264568fa70d,0.07,,,
3749,2026-05-27,SH601877,-0.10418615506475319,EXP_DEnsembleModel_Alpha158_csi300_custom_step0_s_20260527_16,b5abd7d069124cb681efc264568fa70d,0.07,,,
3750,2026-05-27,SH601398,0.14933020579581965,EXP_DEnsembleModel_Alpha158_csi300_custom_step0_s_20260527_16,b5abd7d069124cb681efc264568fa70d,0.07,,,
3751,2026-05-27,SH601872,-0.01226173422692429,EXP_DEnsembleModel_Alpha158_csi300_custom_step0_s_20260527_16,b5abd7d069124cb681efc264568fa70d,0.07,,,
3752,2026-05-27,SH601857,-0.09371324565310982,EXP_DEnsembleModel_Alpha158_csi300_custom_step0_s_20260527_16,b5abd7d069124cb681efc264568fa70d,0.07,,,
3753,2026-05-27,SH601838,0.08474254323456103,EXP_DEnsembleModel_Alpha158_csi300_custom_step0_s_20260527_16,b5abd7d069124cb681efc264568fa70d,0.07,,,
3754,2026-05-27,SH601825,0.06058285348182137,EXP_DEnsembleModel_Alpha158_csi300_custom_step0_s_20260527_16,b5abd7d069124cb681efc264568fa70d,0.07,,,
3755,2026-05-27,SH601818,0.07817646358540063,EXP_DEnsembleModel_Alpha158_csi300_custom_step0_s_20260527_16,b5abd7d069124cb681efc264568fa70d,0.07,,,
3756,2026-05-27,SH601816,0.04219710656095935,EXP_DEnsembleModel_Alpha158_csi300_custom_step0_s_20260527_16,b5abd7d069124cb681efc264568fa70d,0.07,,,
3757,2026-05-27,SH601808,0.015956380777528596,EXP_DEnsembleModel_Alpha158_csi300_custom_step0_s_20260527_16,b5abd7d069124cb681efc264568fa70d,0.07,,,
3758,2026-05-27,SH601868,-0.048648997486654265,EXP_DEnsembleModel_Alpha158_csi300_custom_step0_s_20260527_16,b5abd7d069124cb681efc264568fa70d,0.07,,,
3759,2026-05-27,SH601390,0.016558975917970637,EXP_DEnsembleModel_Alpha158_csi300_custom_step0_s_20260527_16,b5abd7d069124cb681efc264568fa70d,0.07,,,
3760,2026-05-27,SH601377,0.015833673419742123,EXP_DEnsembleModel_Alpha158_csi300_custom_step0_s_20260527_16,b5abd7d069124cb681efc264568fa70d,0.07,,,
3761,2026-05-27,SH601360,-0.020182065120247936,EXP_DEnsembleModel_Alpha158_csi300_custom_step0_s_20260527_16,b5abd7d069124cb681efc264568fa70d,0.07,,,
3762,2026-05-27,SH601111,0.005653452512984411,EXP_DEnsembleModel_Alpha158_csi300_custom_step0_s_20260527_16,b5abd7d069124cb681efc264568fa70d,0.07,,,
3763,2026-05-27,SH601100,-0.0014421164771587388,EXP_DEnsembleModel_Alpha158_csi300_custom_step0_s_20260527_16,b5abd7d069124cb681efc264568fa70d,0.07,,,
3764,2026-05-27,SH601088,0.030952357027747308,EXP_DEnsembleModel_Alpha158_csi300_custom_step0_s_20260527_16,b5abd7d069124cb681efc264568fa70d,0.07,,,
3765,2026-05-27,SH601077,0.06987471544571477,EXP_DEnsembleModel_Alpha158_csi300_custom_step0_s_20260527_16,b5abd7d069124cb681efc264568fa70d,0.07,,,
3766,2026-05-27,SH601066,0.0740451331608024,EXP_DEnsembleModel_Alpha158_csi300_custom_step0_s_20260527_16,b5abd7d069124cb681efc264568fa70d,0.07,,,
3767,2026-05-27,SH601059,0.10328307182813967,EXP_DEnsembleModel_Alpha158_csi300_custom_step0_s_20260527_16,b5abd7d069124cb681efc264568fa70d,0.07,,,
3768,2026-05-27,SH601117,-0.014630220532652867,EXP_DEnsembleModel_Alpha158_csi300_custom_step0_s_20260527_16,b5abd7d069124cb681efc264568fa70d,0.07,,,
3769,2026-05-27,SH601058,-0.02165011714298214,EXP_DEnsembleModel_Alpha158_csi300_custom_step0_s_20260527_16,b5abd7d069124cb681efc264568fa70d,0.07,,,
3770,2026-05-27,SH601018,0.052091598064815406,EXP_DEnsembleModel_Alpha158_csi300_custom_step0_s_20260527_16,b5abd7d069124cb681efc264568fa70d,0.07,,,
3771,2026-05-27,SH601012,-0.057839123561613,EXP_DEnsembleModel_Alpha158_csi300_custom_step0_s_20260527_16,b5abd7d069124cb681efc264568fa70d,0.07,,,
3772,2026-05-27,SH601009,0.028426541444054983,EXP_DEnsembleModel_Alpha158_csi300_custom_step0_s_20260527_16,b5abd7d069124cb681efc264568fa70d,0.07,,,
3773,2026-05-27,SH601006,0.06324373320781251,EXP_DEnsembleModel_Alpha158_csi300_custom_step0_s_20260527_16,b5abd7d069124cb681efc264568fa70d,0.07,,,
3774,2026-05-27,SH600999,0.09167076020417447,EXP_DEnsembleModel_Alpha158_csi300_custom_step0_s_20260527_16,b5abd7d069124cb681efc264568fa70d,0.07,,,
3775,2026-05-27,SH600989,0.12256187878032422,EXP_DEnsembleModel_Alpha158_csi300_custom_step0_s_20260527_16,b5abd7d069124cb681efc264568fa70d,0.07,,,
3776,2026-05-27,SH601021,-0.06499493967846762,EXP_DEnsembleModel_Alpha158_csi300_custom_step0_s_20260527_16,b5abd7d069124cb681efc264568fa70d,0.07,,,
3777,2026-05-27,SH600026,-0.01815202334239493,EXP_DEnsembleModel_Alpha158_csi300_custom_step0_s_20260527_16,b5abd7d069124cb681efc264568fa70d,0.07,,,
3778,2026-05-27,SH601127,-0.059969590919462294,EXP_DEnsembleModel_Alpha158_csi300_custom_step0_s_20260527_16,b5abd7d069124cb681efc264568fa70d,0.07,,,
3779,2026-05-27,SH601138,-0.06161609927777894,EXP_DEnsembleModel_Alpha158_csi300_custom_step0_s_20260527_16,b5abd7d069124cb681efc264568fa70d,0.07,,,
3780,2026-05-27,SH601336,-0.03663705344908146,EXP_DEnsembleModel_Alpha158_csi300_custom_step0_s_20260527_16,b5abd7d069124cb681efc264568fa70d,0.07,,,
3781,2026-05-27,SH601328,0.06755491371732185,EXP_DEnsembleModel_Alpha158_csi300_custom_step0_s_20260527_16,b5abd7d069124cb681efc264568fa70d,0.07,,,
3782,2026-05-27,SH601319,0.04036666524958634,EXP_DEnsembleModel_Alpha158_csi300_custom_step0_s_20260527_16,b5abd7d069124cb681efc264568fa70d,0.07,,,
3783,2026-05-27,SH601318,0.014182082182378696,EXP_DEnsembleModel_Alpha158_csi300_custom_step0_s_20260527_16,b5abd7d069124cb681efc264568fa70d,0.07,,,
3784,2026-05-27,SH601298,0.09276356585903589,EXP_DEnsembleModel_Alpha158_csi300_custom_step0_s_20260527_16,b5abd7d069124cb681efc264568fa70d,0.07,,,
3785,2026-05-27,SH601288,0.03307332847091443,EXP_DEnsembleModel_Alpha158_csi300_custom_step0_s_20260527_16,b5abd7d069124cb681efc264568fa70d,0.07,,,
3786,2026-05-27,SH601136,-0.1282701406541007,EXP_DEnsembleModel_Alpha158_csi300_custom_step0_s_20260527_16,b5abd7d069124cb681efc264568fa70d,0.07,,,
3787,2026-05-27,SH601238,0.06001419910150075,EXP_DEnsembleModel_Alpha158_csi300_custom_step0_s_20260527_16,b5abd7d069124cb681efc264568fa70d,0.07,,,
3788,2026-05-27,SH601229,0.02116168898179878,EXP_DEnsembleModel_Alpha158_csi300_custom_step0_s_20260527_16,b5abd7d069124cb681efc264568fa70d,0.07,,,
3789,2026-05-27,SH601225,-0.020165916680526835,EXP_DEnsembleModel_Alpha158_csi300_custom_step0_s_20260527_16,b5abd7d069124cb681efc264568fa70d,0.07,,,
3790,2026-05-27,SH601211,-0.007006893205532373,EXP_DEnsembleModel_Alpha158_csi300_custom_step0_s_20260527_16,b5abd7d069124cb681efc264568fa70d,0.07,,,
3791,2026-05-27,SH601186,0.047025535004034315,EXP_DEnsembleModel_Alpha158_csi300_custom_step0_s_20260527_16,b5abd7d069124cb681efc264568fa70d,0.07,,,
3792,2026-05-27,SH601169,0.05169430896989945,EXP_DEnsembleModel_Alpha158_csi300_custom_step0_s_20260527_16,b5abd7d069124cb681efc264568fa70d,0.07,,,
3793,2026-05-27,SH601166,0.09422434294749535,EXP_DEnsembleModel_Alpha158_csi300_custom_step0_s_20260527_16,b5abd7d069124cb681efc264568fa70d,0.07,,,
3794,2026-05-27,SH601236,-0.021237564335566762,EXP_DEnsembleModel_Alpha158_csi300_custom_step0_s_20260527_16,b5abd7d069124cb681efc264568fa70d,0.07,,,
3795,2026-05-27,SH688506,0.023809060554786148,EXP_LGBModel_Alpha158_csi300_custom_step0_s_20260527_18,36d9c002328b4e48a891b2db11f4ba3b,0.076,,,
3796,2026-05-27,SH600025,0.08004223135089399,EXP_DEnsembleModel_Alpha158_csi300_custom_step0_s_20260527_16,b5abd7d069124cb681efc264568fa70d,0.07,,,
3797,2026-05-27,SH600019,0.025819660135184132,EXP_DEnsembleModel_Alpha158_csi300_custom_step0_s_20260527_16,b5abd7d069124cb681efc264568fa70d,0.07,,,
3798,2026-05-27,SZ000625,-0.09951021812319133,EXP_DEnsembleModel_Alpha158_csi300_custom_step0_s_20260527_16,76c69eb874804267839a58470c856554,0.064,,,
3799,2026-05-27,SZ000630,-0.11507959215564925,EXP_DEnsembleModel_Alpha158_csi300_custom_step0_s_20260527_16,76c69eb874804267839a58470c856554,0.064,,,
3800,2026-05-27,SZ000651,-0.005604339981304411,EXP_DEnsembleModel_Alpha158_csi300_custom_step0_s_20260527_16,76c69eb874804267839a58470c856554,0.064,,,
3801,2026-05-27,SZ000661,-0.0408539720495353,EXP_DEnsembleModel_Alpha158_csi300_custom_step0_s_20260527_16,76c69eb874804267839a58470c856554,0.064,,,
3802,2026-05-27,SZ000708,-0.021755219478588304,EXP_DEnsembleModel_Alpha158_csi300_custom_step0_s_20260527_16,76c69eb874804267839a58470c856554,0.064,,,
3803,2026-05-27,SZ000725,0.0503486391891425,EXP_DEnsembleModel_Alpha158_csi300_custom_step0_s_20260527_16,76c69eb874804267839a58470c856554,0.064,,,
3804,2026-05-27,SZ000768,-0.012181153562474773,EXP_DEnsembleModel_Alpha158_csi300_custom_step0_s_20260527_16,76c69eb874804267839a58470c856554,0.064,,,
3805,2026-05-27,SZ000776,-0.009942714479890235,EXP_DEnsembleModel_Alpha158_csi300_custom_step0_s_20260527_16,76c69eb874804267839a58470c856554,0.064,,,
3806,2026-05-27,SZ000786,-0.08856994978889686,EXP_DEnsembleModel_Alpha158_csi300_custom_step0_s_20260527_16,76c69eb874804267839a58470c856554,0.064,,,
3807,2026-05-27,SZ000792,-0.026179313849704944,EXP_DEnsembleModel_Alpha158_csi300_custom_step0_s_20260527_16,76c69eb874804267839a58470c856554,0.064,,,
3808,2026-05-27,SZ000807,-0.05965183264742535,EXP_DEnsembleModel_Alpha158_csi300_custom_step0_s_20260527_16,76c69eb874804267839a58470c856554,0.064,,,
3809,2026-05-27,SZ000858,-0.03126461347441267,EXP_DEnsembleModel_Alpha158_csi300_custom_step0_s_20260527_16,76c69eb874804267839a58470c856554,0.064,,,
3810,2026-05-27,SZ000876,-0.061127279276607396,EXP_DEnsembleModel_Alpha158_csi300_custom_step0_s_20260527_16,76c69eb874804267839a58470c856554,0.064,,,
3811,2026-05-27,SZ000895,-0.08242260204697056,EXP_DEnsembleModel_Alpha158_csi300_custom_step0_s_20260527_16,76c69eb874804267839a58470c856554,0.064,,,
3812,2026-05-27,SZ000938,0.02332096058959845,EXP_DEnsembleModel_Alpha158_csi300_custom_step0_s_20260527_16,76c69eb874804267839a58470c856554,0.064,,,
3813,2026-05-27,SZ000963,-0.03623413064947744,EXP_DEnsembleModel_Alpha158_csi300_custom_step0_s_20260527_16,76c69eb874804267839a58470c856554,0.064,,,
3814,2026-05-27,SZ000975,0.12897817379546203,EXP_DEnsembleModel_Alpha158_csi300_custom_step0_s_20260527_16,76c69eb874804267839a58470c856554,0.064,,,
3815,2026-05-27,SZ002179,0.035634955176733776,EXP_DEnsembleModel_Alpha158_csi300_custom_step0_s_20260527_16,76c69eb874804267839a58470c856554,0.064,,,
3816,2026-05-27,SZ002142,0.044772656350533055,EXP_DEnsembleModel_Alpha158_csi300_custom_step0_s_20260527_16,76c69eb874804267839a58470c856554,0.064,,,
3817,2026-05-27,SZ002074,-0.09956746982709633,EXP_DEnsembleModel_Alpha158_csi300_custom_step0_s_20260527_16,76c69eb874804267839a58470c856554,0.064,,,
3818,2026-05-27,SZ002050,0.023930621013876167,EXP_DEnsembleModel_Alpha158_csi300_custom_step0_s_20260527_16,76c69eb874804267839a58470c856554,0.064,,,
3819,2026-05-27,SZ002049,-0.0736100693876329,EXP_DEnsembleModel_Alpha158_csi300_custom_step0_s_20260527_16,76c69eb874804267839a58470c856554,0.064,,,
3820,2026-05-27,SZ002028,-0.08235389265965148,EXP_DEnsembleModel_Alpha158_csi300_custom_step0_s_20260527_16,76c69eb874804267839a58470c856554,0.064,,,
3821,2026-05-27,SZ000617,0.05954331755997104,EXP_DEnsembleModel_Alpha158_csi300_custom_step0_s_20260527_16,76c69eb874804267839a58470c856554,0.064,,,
3822,2026-05-27,SZ002027,-0.03453140086935099,EXP_DEnsembleModel_Alpha158_csi300_custom_step0_s_20260527_16,76c69eb874804267839a58470c856554,0.064,,,
3823,2026-05-27,SZ001979,-0.08845326204240986,EXP_DEnsembleModel_Alpha158_csi300_custom_step0_s_20260527_16,76c69eb874804267839a58470c856554,0.064,,,
3824,2026-05-27,SZ001965,0.036007531855527936,EXP_DEnsembleModel_Alpha158_csi300_custom_step0_s_20260527_16,76c69eb874804267839a58470c856554,0.064,,,
3825,2026-05-27,SZ001391,0.00551281157255112,EXP_DEnsembleModel_Alpha158_csi300_custom_step0_s_20260527_16,76c69eb874804267839a58470c856554,0.064,,,
3826,2026-05-27,SZ000999,-0.0014999523661131128,EXP_DEnsembleModel_Alpha158_csi300_custom_step0_s_20260527_16,76c69eb874804267839a58470c856554,0.064,,,
3827,2026-05-27,SZ000983,-0.05450032871186241,EXP_DEnsembleModel_Alpha158_csi300_custom_step0_s_20260527_16,76c69eb874804267839a58470c856554,0.064,,,
3828,2026-05-27,SZ000977,-0.03328605677411201,EXP_DEnsembleModel_Alpha158_csi300_custom_step0_s_20260527_16,76c69eb874804267839a58470c856554,0.064,,,
3829,2026-05-27,SZ002001,-0.03027941574198259,EXP_DEnsembleModel_Alpha158_csi300_custom_step0_s_20260527_16,76c69eb874804267839a58470c856554,0.064,,,
3830,2026-05-27,SZ002230,-0.015364758122111551,EXP_DEnsembleModel_Alpha158_csi300_custom_step0_s_20260527_16,76c69eb874804267839a58470c856554,0.064,,,
3831,2026-05-27,SZ000596,-0.07385716790400143,EXP_DEnsembleModel_Alpha158_csi300_custom_step0_s_20260527_16,76c69eb874804267839a58470c856554,0.064,,,
3832,2026-05-27,SZ000538,-0.009785927699325058,EXP_DEnsembleModel_Alpha158_csi300_custom_step0_s_20260527_16,76c69eb874804267839a58470c856554,0.064,,,
3833,2026-05-27,SH605499,-0.08592133022071367,EXP_DEnsembleModel_Alpha158_csi300_custom_step0_s_20260527_16,76c69eb874804267839a58470c856554,0.064,,,
3834,2026-05-27,SH688008,0.05008832588099401,EXP_DEnsembleModel_Alpha158_csi300_custom_step0_s_20260527_16,76c69eb874804267839a58470c856554,0.064,,,
3835,2026-05-27,SH688009,0.04925366109651621,EXP_DEnsembleModel_Alpha158_csi300_custom_step0_s_20260527_16,76c69eb874804267839a58470c856554,0.064,,,
3836,2026-05-27,SH688012,0.16989194650597225,EXP_DEnsembleModel_Alpha158_csi300_custom_step0_s_20260527_16,76c69eb874804267839a58470c856554,0.064,,,
3837,2026-05-27,SH688036,0.10475266252245467,EXP_DEnsembleModel_Alpha158_csi300_custom_step0_s_20260527_16,76c69eb874804267839a58470c856554,0.064,,,
3838,2026-05-27,SH688041,0.0317542210691735,EXP_DEnsembleModel_Alpha158_csi300_custom_step0_s_20260527_16,76c69eb874804267839a58470c856554,0.064,,,
3839,2026-05-27,SH688047,-0.004762680529073376,EXP_DEnsembleModel_Alpha158_csi300_custom_step0_s_20260527_16,76c69eb874804267839a58470c856554,0.064,,,
3840,2026-05-27,SH688082,0.03906566410962057,EXP_DEnsembleModel_Alpha158_csi300_custom_step0_s_20260527_16,76c69eb874804267839a58470c856554,0.064,,,
3841,2026-05-27,SH688111,-0.18381445841515784,EXP_DEnsembleModel_Alpha158_csi300_custom_step0_s_20260527_16,76c69eb874804267839a58470c856554,0.064,,,
3842,2026-05-27,SH688126,-0.04861889921938404,EXP_DEnsembleModel_Alpha158_csi300_custom_step0_s_20260527_16,76c69eb874804267839a58470c856554,0.064,,,
3843,2026-05-27,SH688169,-0.09458099546379244,EXP_DEnsembleModel_Alpha158_csi300_custom_step0_s_20260527_16,76c69eb874804267839a58470c856554,0.064,,,
3844,2026-05-27,SH688187,-0.10838817403183332,EXP_DEnsembleModel_Alpha158_csi300_custom_step0_s_20260527_16,76c69eb874804267839a58470c856554,0.064,,,
3845,2026-05-27,SH688223,-0.09272569304000099,EXP_DEnsembleModel_Alpha158_csi300_custom_step0_s_20260527_16,76c69eb874804267839a58470c856554,0.064,,,
3846,2026-05-27,SH688256,-0.03848213915338144,EXP_DEnsembleModel_Alpha158_csi300_custom_step0_s_20260527_16,76c69eb874804267839a58470c856554,0.064,,,
3847,2026-05-27,SH688271,0.006779296681801472,EXP_DEnsembleModel_Alpha158_csi300_custom_step0_s_20260527_16,76c69eb874804267839a58470c856554,0.064,,,
3848,2026-05-27,SH688303,-0.10673485390447121,EXP_DEnsembleModel_Alpha158_csi300_custom_step0_s_20260527_16,76c69eb874804267839a58470c856554,0.064,,,
3849,2026-05-27,SH688396,-0.019471467994380497,EXP_DEnsembleModel_Alpha158_csi300_custom_step0_s_20260527_16,76c69eb874804267839a58470c856554,0.064,,,
3850,2026-05-27,SZ000425,0.005418859825631991,EXP_DEnsembleModel_Alpha158_csi300_custom_step0_s_20260527_16,76c69eb874804267839a58470c856554,0.064,,,
3851,2026-05-27,SZ000408,-0.14397486462952475,EXP_DEnsembleModel_Alpha158_csi300_custom_step0_s_20260527_16,76c69eb874804267839a58470c856554,0.064,,,
3852,2026-05-27,SZ000338,-0.0547244064365805,EXP_DEnsembleModel_Alpha158_csi300_custom_step0_s_20260527_16,76c69eb874804267839a58470c856554,0.064,,,
3853,2026-05-27,SZ000333,0.033497696546387706,EXP_DEnsembleModel_Alpha158_csi300_custom_step0_s_20260527_16,76c69eb874804267839a58470c856554,0.064,,,
3854,2026-05-27,SZ000301,-0.0030973807620151435,EXP_DEnsembleModel_Alpha158_csi300_custom_step0_s_20260527_16,76c69eb874804267839a58470c856554,0.064,,,
3855,2026-05-27,SZ000166,0.02958344090445532,EXP_DEnsembleModel_Alpha158_csi300_custom_step0_s_20260527_16,76c69eb874804267839a58470c856554,0.064,,,
3856,2026-05-27,SZ000568,-0.041697191213838435,EXP_DEnsembleModel_Alpha158_csi300_custom_step0_s_20260527_16,76c69eb874804267839a58470c856554,0.064,,,
3857,2026-05-27,SZ000157,0.020994220308468186,EXP_DEnsembleModel_Alpha158_csi300_custom_step0_s_20260527_16,76c69eb874804267839a58470c856554,0.064,,,
3858,2026-05-27,SZ000063,-0.01129795236287357,EXP_DEnsembleModel_Alpha158_csi300_custom_step0_s_20260527_16,76c69eb874804267839a58470c856554,0.064,,,
3859,2026-05-27,SZ000002,0.03452309031329541,EXP_DEnsembleModel_Alpha158_csi300_custom_step0_s_20260527_16,76c69eb874804267839a58470c856554,0.064,,,
3860,2026-05-27,SZ000001,0.02740134264868974,EXP_DEnsembleModel_Alpha158_csi300_custom_step0_s_20260527_16,76c69eb874804267839a58470c856554,0.064,,,
3861,2026-05-27,SH688981,-0.0327796523451774,EXP_DEnsembleModel_Alpha158_csi300_custom_step0_s_20260527_16,76c69eb874804267839a58470c856554,0.064,,,
3862,2026-05-27,SH688506,-0.09600382013442099,EXP_DEnsembleModel_Alpha158_csi300_custom_step0_s_20260527_16,76c69eb874804267839a58470c856554,0.064,,,
3863,2026-05-27,SH688472,-0.11098899942710466,EXP_DEnsembleModel_Alpha158_csi300_custom_step0_s_20260527_16,76c69eb874804267839a58470c856554,0.064,,,
3864,2026-05-27,SZ000100,-0.10227978791262077,EXP_DEnsembleModel_Alpha158_csi300_custom_step0_s_20260527_16,76c69eb874804267839a58470c856554,0.064,,,
3865,2026-05-27,SZ002236,0.0008078558861417075,EXP_DEnsembleModel_Alpha158_csi300_custom_step0_s_20260527_16,76c69eb874804267839a58470c856554,0.064,,,
3866,2026-05-27,SZ002241,0.022608759915151277,EXP_DEnsembleModel_Alpha158_csi300_custom_step0_s_20260527_16,76c69eb874804267839a58470c856554,0.064,,,
3867,2026-05-27,SZ002252,-0.019434747184436055,EXP_DEnsembleModel_Alpha158_csi300_custom_step0_s_20260527_16,76c69eb874804267839a58470c856554,0.064,,,
3868,2026-05-27,SZ300394,-0.16552330272030008,EXP_DEnsembleModel_Alpha158_csi300_custom_step0_s_20260527_16,76c69eb874804267839a58470c856554,0.064,,,
3869,2026-05-27,SZ300408,-0.13854820639214446,EXP_DEnsembleModel_Alpha158_csi300_custom_step0_s_20260527_16,76c69eb874804267839a58470c856554,0.064,,,
3870,2026-05-27,SZ300413,-0.022566098636438357,EXP_DEnsembleModel_Alpha158_csi300_custom_step0_s_20260527_16,76c69eb874804267839a58470c856554,0.064,,,
3871,2026-05-27,SZ300418,-0.16824746932036927,EXP_DEnsembleModel_Alpha158_csi300_custom_step0_s_20260527_16,76c69eb874804267839a58470c856554,0.064,,,
3872,2026-05-27,SZ300433,-0.22342384721308997,EXP_DEnsembleModel_Alpha158_csi300_custom_step0_s_20260527_16,76c69eb874804267839a58470c856554,0.064,,,
3873,2026-05-27,SZ300442,-0.08233081172811506,EXP_DEnsembleModel_Alpha158_csi300_custom_step0_s_20260527_16,76c69eb874804267839a58470c856554,0.064,,,
3874,2026-05-27,SZ300476,-0.13002872603027277,EXP_DEnsembleModel_Alpha158_csi300_custom_step0_s_20260527_16,76c69eb874804267839a58470c856554,0.064,,,
3875,2026-05-27,SZ300498,0.0843327331190874,EXP_DEnsembleModel_Alpha158_csi300_custom_step0_s_20260527_16,76c69eb874804267839a58470c856554,0.064,,,
3876,2026-05-27,SZ300502,-0.22919060280592282,EXP_DEnsembleModel_Alpha158_csi300_custom_step0_s_20260527_16,76c69eb874804267839a58470c856554,0.064,,,
3877,2026-05-27,SZ300628,-0.015088391681548144,EXP_DEnsembleModel_Alpha158_csi300_custom_step0_s_20260527_16,76c69eb874804267839a58470c856554,0.064,,,
3878,2026-05-27,SZ300661,-0.08516996935828096,EXP_DEnsembleModel_Alpha158_csi300_custom_step0_s_20260527_16,76c69eb874804267839a58470c856554,0.064,,,
3879,2026-05-27,SZ300750,-0.019637236918719894,EXP_DEnsembleModel_Alpha158_csi300_custom_step0_s_20260527_16,76c69eb874804267839a58470c856554,0.064,,,
3880,2026-05-27,SZ300759,-0.04461953867826007,EXP_DEnsembleModel_Alpha158_csi300_custom_step0_s_20260527_16,76c69eb874804267839a58470c856554,0.064,,,
3881,2026-05-27,SZ300760,-0.10946704998122911,EXP_DEnsembleModel_Alpha158_csi300_custom_step0_s_20260527_16,76c69eb874804267839a58470c856554,0.064,,,
3882,2026-05-27,SZ300782,0.13185098575522358,EXP_DEnsembleModel_Alpha158_csi300_custom_step0_s_20260527_16,76c69eb874804267839a58470c856554,0.064,,,
3883,2026-05-27,SZ300803,-0.1357292476592429,EXP_DEnsembleModel_Alpha158_csi300_custom_step0_s_20260527_16,76c69eb874804267839a58470c856554,0.064,,,
3884,2026-05-27,SZ300832,-0.15270223428614238,EXP_DEnsembleModel_Alpha158_csi300_custom_step0_s_20260527_16,76c69eb874804267839a58470c856554,0.064,,,
3885,2026-05-27,SH600018,0.15853310650919375,EXP_DEnsembleModel_Alpha158_csi300_custom_step0_s_20260527_16,b5abd7d069124cb681efc264568fa70d,0.07,,,
3886,2026-05-27,SH600016,0.07703541314432792,EXP_DEnsembleModel_Alpha158_csi300_custom_step0_s_20260527_16,b5abd7d069124cb681efc264568fa70d,0.07,,,
3887,2026-05-27,SH600015,0.06459219627549584,EXP_DEnsembleModel_Alpha158_csi300_custom_step0_s_20260527_16,b5abd7d069124cb681efc264568fa70d,0.07,,,
3888,2026-05-27,SH600011,0.050383139571865763,EXP_DEnsembleModel_Alpha158_csi300_custom_step0_s_20260527_16,b5abd7d069124cb681efc264568fa70d,0.07,,,
3889,2026-05-27,SH600010,-0.09256561958386596,EXP_DEnsembleModel_Alpha158_csi300_custom_step0_s_20260527_16,b5abd7d069124cb681efc264568fa70d,0.07,,,
3890,2026-05-27,SH600009,0.014335733285980807,EXP_DEnsembleModel_Alpha158_csi300_custom_step0_s_20260527_16,b5abd7d069124cb681efc264568fa70d,0.07,,,
3891,2026-05-27,SZ300347,0.014868223831978741,EXP_DEnsembleModel_Alpha158_csi300_custom_step0_s_20260527_16,76c69eb874804267839a58470c856554,0.064,,,
3892,2026-05-27,SH600000,-0.034463997799515964,EXP_DEnsembleModel_Alpha158_csi300_custom_step0_s_20260527_16,b5abd7d069124cb681efc264568fa70d,0.07,,,
3893,2026-05-27,SZ301269,-0.00964158229655099,EXP_DEnsembleModel_Alpha158_csi300_custom_step0_s_20260527_16,76c69eb874804267839a58470c856554,0.064,,,
3894,2026-05-27,SZ301236,-0.1630023464661802,EXP_DEnsembleModel_Alpha158_csi300_custom_step0_s_20260527_16,76c69eb874804267839a58470c856554,0.064,,,
3895,2026-05-27,SZ300999,-0.009041806765349701,EXP_DEnsembleModel_Alpha158_csi300_custom_step0_s_20260527_16,76c69eb874804267839a58470c856554,0.064,,,
3896,2026-05-27,SZ300979,0.0061391677698127345,EXP_DEnsembleModel_Alpha158_csi300_custom_step0_s_20260527_16,76c69eb874804267839a58470c856554,0.064,,,
3897,2026-05-27,SZ300896,0.02826360244922464,EXP_DEnsembleModel_Alpha158_csi300_custom_step0_s_20260527_16,76c69eb874804267839a58470c856554,0.064,,,
3898,2026-05-27,SZ300866,-0.05820998959647522,EXP_DEnsembleModel_Alpha158_csi300_custom_step0_s_20260527_16,76c69eb874804267839a58470c856554,0.064,,,
3899,2026-05-27,SZ302132,-0.1779906872181263,EXP_DEnsembleModel_Alpha158_csi300_custom_step0_s_20260527_16,76c69eb874804267839a58470c856554,0.064,,,
3900,2026-05-27,SZ300316,-0.08398907837336216,EXP_DEnsembleModel_Alpha158_csi300_custom_step0_s_20260527_16,76c69eb874804267839a58470c856554,0.064,,,
3901,2026-05-27,SZ300308,-0.16625639181410914,EXP_DEnsembleModel_Alpha158_csi300_custom_step0_s_20260527_16,76c69eb874804267839a58470c856554,0.064,,,
3902,2026-05-27,SZ300274,-0.19170635664683203,EXP_DEnsembleModel_Alpha158_csi300_custom_step0_s_20260527_16,76c69eb874804267839a58470c856554,0.064,,,
3903,2026-05-27,SZ002594,-0.0008153376956256017,EXP_DEnsembleModel_Alpha158_csi300_custom_step0_s_20260527_16,76c69eb874804267839a58470c856554,0.064,,,
3904,2026-05-27,SZ002493,-0.05995207681442235,EXP_DEnsembleModel_Alpha158_csi300_custom_step0_s_20260527_16,76c69eb874804267839a58470c856554,0.064,,,
3905,2026-05-27,SZ002475,-0.17033681877451035,EXP_DEnsembleModel_Alpha158_csi300_custom_step0_s_20260527_16,76c69eb874804267839a58470c856554,0.064,,,
3906,2026-05-27,SZ002466,0.09558531006351596,EXP_DEnsembleModel_Alpha158_csi300_custom_step0_s_20260527_16,76c69eb874804267839a58470c856554,0.064,,,
3907,2026-05-27,SZ002463,-0.1361212517415552,EXP_DEnsembleModel_Alpha158_csi300_custom_step0_s_20260527_16,76c69eb874804267839a58470c856554,0.064,,,
3908,2026-05-27,SZ002460,0.0010780746184589367,EXP_DEnsembleModel_Alpha158_csi300_custom_step0_s_20260527_16,76c69eb874804267839a58470c856554,0.064,,,
3909,2026-05-27,SZ002600,-0.058336311345891664,EXP_DEnsembleModel_Alpha158_csi300_custom_step0_s_20260527_16,76c69eb874804267839a58470c856554,0.064,,,
3910,2026-05-27,SZ002459,0.032922790704771734,EXP_DEnsembleModel_Alpha158_csi300_custom_step0_s_20260527_16,76c69eb874804267839a58470c856554,0.064,,,
3911,2026-05-27,SZ002415,-0.001054588686155896,EXP_DEnsembleModel_Alpha158_csi300_custom_step0_s_20260527_16,76c69eb874804267839a58470c856554,0.064,,,
3912,2026-05-27,SZ002384,-0.03650256648453475,EXP_DEnsembleModel_Alpha158_csi300_custom_step0_s_20260527_16,76c69eb874804267839a58470c856554,0.064,,,
3913,2026-05-27,SZ002371,0.05629322230440837,EXP_DEnsembleModel_Alpha158_csi300_custom_step0_s_20260527_16,76c69eb874804267839a58470c856554,0.064,,,
3914,2026-05-27,SZ002352,0.04742175781550306,EXP_DEnsembleModel_Alpha158_csi300_custom_step0_s_20260527_16,76c69eb874804267839a58470c856554,0.064,,,
3915,2026-05-27,SZ002311,0.03305989751215707,EXP_DEnsembleModel_Alpha158_csi300_custom_step0_s_20260527_16,76c69eb874804267839a58470c856554,0.064,,,
3916,2026-05-27,SZ002304,-0.05575249146676629,EXP_DEnsembleModel_Alpha158_csi300_custom_step0_s_20260527_16,76c69eb874804267839a58470c856554,0.064,,,
3917,2026-05-27,SZ002422,-0.10346549600799852,EXP_DEnsembleModel_Alpha158_csi300_custom_step0_s_20260527_16,76c69eb874804267839a58470c856554,0.064,,,
3918,2026-05-27,SH600023,-0.1409154054557549,EXP_DEnsembleModel_Alpha158_csi300_custom_step0_s_20260527_16,b5abd7d069124cb681efc264568fa70d,0.07,,,
3919,2026-05-27,SZ002601,0.08849680181457244,EXP_DEnsembleModel_Alpha158_csi300_custom_step0_s_20260527_16,76c69eb874804267839a58470c856554,0.064,,,
3920,2026-05-27,SZ002648,0.10444799276796694,EXP_DEnsembleModel_Alpha158_csi300_custom_step0_s_20260527_16,76c69eb874804267839a58470c856554,0.064,,,
3921,2026-05-27,SZ300251,-0.03850122479089651,EXP_DEnsembleModel_Alpha158_csi300_custom_step0_s_20260527_16,76c69eb874804267839a58470c856554,0.064,,,
3922,2026-05-27,SZ300124,0.07348074494975627,EXP_DEnsembleModel_Alpha158_csi300_custom_step0_s_20260527_16,76c69eb874804267839a58470c856554,0.064,,,
3923,2026-05-27,SZ300122,-0.05944189337599334,EXP_DEnsembleModel_Alpha158_csi300_custom_step0_s_20260527_16,76c69eb874804267839a58470c856554,0.064,,,
3924,2026-05-27,SZ300059,-0.0608045366794522,EXP_DEnsembleModel_Alpha158_csi300_custom_step0_s_20260527_16,76c69eb874804267839a58470c856554,0.064,,,
3925,2026-05-27,SZ300033,-0.0066605923161253845,EXP_DEnsembleModel_Alpha158_csi300_custom_step0_s_20260527_16,76c69eb874804267839a58470c856554,0.064,,,
3926,2026-05-27,SZ300015,-0.12170916171949546,EXP_DEnsembleModel_Alpha158_csi300_custom_step0_s_20260527_16,76c69eb874804267839a58470c856554,0.064,,,
3927,2026-05-27,SZ002625,-0.03752889747124212,EXP_DEnsembleModel_Alpha158_csi300_custom_step0_s_20260527_16,76c69eb874804267839a58470c856554,0.064,,,
3928,2026-05-27,SZ300014,-0.05248916618684339,EXP_DEnsembleModel_Alpha158_csi300_custom_step0_s_20260527_16,76c69eb874804267839a58470c856554,0.064,,,
3929,2026-05-27,SZ002938,-0.019680886788962116,EXP_DEnsembleModel_Alpha158_csi300_custom_step0_s_20260527_16,76c69eb874804267839a58470c856554,0.064,,,
3930,2026-05-27,SZ002920,-0.09674313820283878,EXP_DEnsembleModel_Alpha158_csi300_custom_step0_s_20260527_16,76c69eb874804267839a58470c856554,0.064,,,
3931,2026-05-27,SZ002916,-0.061458819232179523,EXP_DEnsembleModel_Alpha158_csi300_custom_step0_s_20260527_16,76c69eb874804267839a58470c856554,0.064,,,
3932,2026-05-27,SZ002736,0.01818057805095289,EXP_DEnsembleModel_Alpha158_csi300_custom_step0_s_20260527_16,76c69eb874804267839a58470c856554,0.064,,,
3933,2026-05-27,SZ002714,-0.0262713990239496,EXP_DEnsembleModel_Alpha158_csi300_custom_step0_s_20260527_16,76c69eb874804267839a58470c856554,0.064,,,
3934,2026-05-27,SZ002709,0.028965356199703862,EXP_DEnsembleModel_Alpha158_csi300_custom_step0_s_20260527_16,76c69eb874804267839a58470c856554,0.064,,,
3935,2026-05-27,SZ003816,-0.038020734010547584,EXP_DEnsembleModel_Alpha158_csi300_custom_step0_s_20260527_16,76c69eb874804267839a58470c856554,0.064,,,
3936,2026-05-27,SZ301269,-0.15020877122879028,EXP_XGBModel_Alpha158_csi300_custom_step0_s_20260527_16,1895157b1dd44cd4a3bcd7398ef8b2d0,0.08,,,
3937,2026-05-27,SH688472,0.021486801075294614,EXP_LGBModel_Alpha158_csi300_custom_step0_s_20260527_18,36d9c002328b4e48a891b2db11f4ba3b,0.076,,,
3938,2026-05-27,SH688303,5.32771264637154e-05,EXP_LGBModel_Alpha158_csi300_custom_step0_s_20260527_18,36d9c002328b4e48a891b2db11f4ba3b,0.076,,,
3939,2026-05-27,SH601211,-0.0030779325076720682,EXP_LGBModel_Alpha158_csi300_custom_step0_s_20260527_18,06f357d743c74c95ad022042f137e232,0.034,,,
3940,2026-05-27,SH601225,-0.004210036672153293,EXP_LGBModel_Alpha158_csi300_custom_step0_s_20260527_18,06f357d743c74c95ad022042f137e232,0.034,,,
3941,2026-05-27,SH601229,-0.0021007002761308183,EXP_LGBModel_Alpha158_csi300_custom_step0_s_20260527_18,06f357d743c74c95ad022042f137e232,0.034,,,
3942,2026-05-27,SH601236,-0.0023662656670154353,EXP_LGBModel_Alpha158_csi300_custom_step0_s_20260527_18,06f357d743c74c95ad022042f137e232,0.034,,,
3943,2026-05-27,SH601238,0.0009151197843120792,EXP_LGBModel_Alpha158_csi300_custom_step0_s_20260527_18,06f357d743c74c95ad022042f137e232,0.034,,,
3944,2026-05-27,SH601288,-0.0021007002761308183,EXP_LGBModel_Alpha158_csi300_custom_step0_s_20260527_18,06f357d743c74c95ad022042f137e232,0.034,,,
3945,2026-05-27,SH601298,-5.639842772831693e-10,EXP_LGBModel_Alpha158_csi300_custom_step0_s_20260527_18,06f357d743c74c95ad022042f137e232,0.034,,,
3946,2026-05-27,SH601318,-0.0021093369600067523,EXP_LGBModel_Alpha158_csi300_custom_step0_s_20260527_18,06f357d743c74c95ad022042f137e232,0.034,,,
3947,2026-05-27,SH601319,-0.0021093369600067523,EXP_LGBModel_Alpha158_csi300_custom_step0_s_20260527_18,06f357d743c74c95ad022042f137e232,0.034,,,
3948,2026-05-27,SH601328,-0.0023662656670154353,EXP_LGBModel_Alpha158_csi300_custom_step0_s_20260527_18,06f357d743c74c95ad022042f137e232,0.034,,,
3949,2026-05-27,SH601336,-5.639842772831693e-10,EXP_LGBModel_Alpha158_csi300_custom_step0_s_20260527_18,06f357d743c74c95ad022042f137e232,0.034,,,
3950,2026-05-27,SH601360,-5.639842772831693e-10,EXP_LGBModel_Alpha158_csi300_custom_step0_s_20260527_18,06f357d743c74c95ad022042f137e232,0.034,,,
3951,2026-05-27,SH601377,-0.0030779325076720682,EXP_LGBModel_Alpha158_csi300_custom_step0_s_20260527_18,06f357d743c74c95ad022042f137e232,0.034,,,
3952,2026-05-27,SH601390,-0.0013976701193501191,EXP_LGBModel_Alpha158_csi300_custom_step0_s_20260527_18,06f357d743c74c95ad022042f137e232,0.034,,,
3953,2026-05-27,SH601398,-5.639842772831693e-10,EXP_LGBModel_Alpha158_csi300_custom_step0_s_20260527_18,06f357d743c74c95ad022042f137e232,0.034,,,
3954,2026-05-27,SH601456,-0.0030779325076720682,EXP_LGBModel_Alpha158_csi300_custom_step0_s_20260527_18,06f357d743c74c95ad022042f137e232,0.034,,,
3955,2026-05-27,SH601600,-0.0021007002761308183,EXP_LGBModel_Alpha158_csi300_custom_step0_s_20260527_18,06f357d743c74c95ad022042f137e232,0.034,,,
3956,2026-05-27,SH601788,-0.0021093369600067523,EXP_LGBModel_Alpha158_csi300_custom_step0_s_20260527_18,06f357d743c74c95ad022042f137e232,0.034,,,
3957,2026-05-27,SH601766,-0.0009685961116495933,EXP_LGBModel_Alpha158_csi300_custom_step0_s_20260527_18,06f357d743c74c95ad022042f137e232,0.034,,,
3958,2026-05-27,SH601728,-0.0021007002761308183,EXP_LGBModel_Alpha158_csi300_custom_step0_s_20260527_18,06f357d743c74c95ad022042f137e232,0.034,,,
3959,2026-05-27,SH601698,-5.639842772831693e-10,EXP_LGBModel_Alpha158_csi300_custom_step0_s_20260527_18,06f357d743c74c95ad022042f137e232,0.034,,,
3960,2026-05-27,SH601689,-0.004210036672153293,EXP_LGBModel_Alpha158_csi300_custom_step0_s_20260527_18,06f357d743c74c95ad022042f137e232,0.034,,,
3961,2026-05-27,SH601688,-0.0009685961116495933,EXP_LGBModel_Alpha158_csi300_custom_step0_s_20260527_18,06f357d743c74c95ad022042f137e232,0.034,,,
3962,2026-05-27,SH601186,-0.0021007002761308183,EXP_LGBModel_Alpha158_csi300_custom_step0_s_20260527_18,06f357d743c74c95ad022042f137e232,0.034,,,
3963,2026-05-27,SH601669,-0.0021093369600067523,EXP_LGBModel_Alpha158_csi300_custom_step0_s_20260527_18,06f357d743c74c95ad022042f137e232,0.034,,,
3964,2026-05-27,SH601658,0.002098834569624174,EXP_LGBModel_Alpha158_csi300_custom_step0_s_20260527_18,06f357d743c74c95ad022042f137e232,0.034,,,
3965,2026-05-27,SH601633,0.0009151197843120792,EXP_LGBModel_Alpha158_csi300_custom_step0_s_20260527_18,06f357d743c74c95ad022042f137e232,0.034,,,
3966,2026-05-27,SH601628,-0.004210036672153293,EXP_LGBModel_Alpha158_csi300_custom_step0_s_20260527_18,06f357d743c74c95ad022042f137e232,0.034,,,
3967,2026-05-27,SH601618,-5.639842772831693e-10,EXP_LGBModel_Alpha158_csi300_custom_step0_s_20260527_18,06f357d743c74c95ad022042f137e232,0.034,,,
3968,2026-05-27,SH601607,-5.639842772831693e-10,EXP_LGBModel_Alpha158_csi300_custom_step0_s_20260527_18,06f357d743c74c95ad022042f137e232,0.034,,,
3969,2026-05-27,SH601601,-0.001194216611710396,EXP_LGBModel_Alpha158_csi300_custom_step0_s_20260527_18,06f357d743c74c95ad022042f137e232,0.034,,,
3970,2026-05-27,SH601668,-0.0023662656670154353,EXP_LGBModel_Alpha158_csi300_custom_step0_s_20260527_18,06f357d743c74c95ad022042f137e232,0.034,,,
3971,2026-05-27,SH601800,0.0009151197843120792,EXP_LGBModel_Alpha158_csi300_custom_step0_s_20260527_18,06f357d743c74c95ad022042f137e232,0.034,,,
3972,2026-05-27,SH601169,-0.0013976701193501191,EXP_LGBModel_Alpha158_csi300_custom_step0_s_20260527_18,06f357d743c74c95ad022042f137e232,0.034,,,
3973,2026-05-27,SH601138,-0.004210036672153293,EXP_LGBModel_Alpha158_csi300_custom_step0_s_20260527_18,06f357d743c74c95ad022042f137e232,0.034,,,
3974,2026-05-27,SH600845,-5.639842772831693e-10,EXP_LGBModel_Alpha158_csi300_custom_step0_s_20260527_18,06f357d743c74c95ad022042f137e232,0.034,,,
3975,2026-05-27,SH600875,0.0009151197843120792,EXP_LGBModel_Alpha158_csi300_custom_step0_s_20260527_18,06f357d743c74c95ad022042f137e232,0.034,,,
3976,2026-05-27,SH600886,0.0031121068039040405,EXP_LGBModel_Alpha158_csi300_custom_step0_s_20260527_18,06f357d743c74c95ad022042f137e232,0.034,,,
3977,2026-05-27,SH600887,-0.0021093369600067523,EXP_LGBModel_Alpha158_csi300_custom_step0_s_20260527_18,06f357d743c74c95ad022042f137e232,0.034,,,
3978,2026-05-27,SH600893,-0.0021093369600067523,EXP_LGBModel_Alpha158_csi300_custom_step0_s_20260527_18,06f357d743c74c95ad022042f137e232,0.034,,,
3979,2026-05-27,SH600900,0.001013271670295589,EXP_LGBModel_Alpha158_csi300_custom_step0_s_20260527_18,06f357d743c74c95ad022042f137e232,0.034,,,
3980,2026-05-27,SH600905,-5.639842772831693e-10,EXP_LGBModel_Alpha158_csi300_custom_step0_s_20260527_18,06f357d743c74c95ad022042f137e232,0.034,,,
3981,2026-05-27,SH600918,-0.0021007002761308183,EXP_LGBModel_Alpha158_csi300_custom_step0_s_20260527_18,06f357d743c74c95ad022042f137e232,0.034,,,
3982,2026-05-27,SH600919,0.001013271670295589,EXP_LGBModel_Alpha158_csi300_custom_step0_s_20260527_18,06f357d743c74c95ad022042f137e232,0.034,,,
3983,2026-05-27,SH600926,-5.639842772831693e-10,EXP_LGBModel_Alpha158_csi300_custom_step0_s_20260527_18,06f357d743c74c95ad022042f137e232,0.034,,,
3984,2026-05-27,SH600930,-5.639842772831693e-10,EXP_LGBModel_Alpha158_csi300_custom_step0_s_20260527_18,06f357d743c74c95ad022042f137e232,0.034,,,
3985,2026-05-27,SH600938,-0.004210036672153293,EXP_LGBModel_Alpha158_csi300_custom_step0_s_20260527_18,06f357d743c74c95ad022042f137e232,0.034,,,
3986,2026-05-27,SH600941,-0.0009685961116495933,EXP_LGBModel_Alpha158_csi300_custom_step0_s_20260527_18,06f357d743c74c95ad022042f137e232,0.034,,,
3987,2026-05-27,SH600958,-0.0021093369600067523,EXP_LGBModel_Alpha158_csi300_custom_step0_s_20260527_18,06f357d743c74c95ad022042f137e232,0.034,,,
3988,2026-05-27,SH600989,0.0009151197843120792,EXP_LGBModel_Alpha158_csi300_custom_step0_s_20260527_18,06f357d743c74c95ad022042f137e232,0.034,,,
3989,2026-05-27,SH600999,-0.003881317551705752,EXP_LGBModel_Alpha158_csi300_custom_step0_s_20260527_18,06f357d743c74c95ad022042f137e232,0.034,,,
3990,2026-05-27,SH601006,-0.004210036672153293,EXP_LGBModel_Alpha158_csi300_custom_step0_s_20260527_18,06f357d743c74c95ad022042f137e232,0.034,,,
3991,2026-05-27,SH601136,-0.004210036672153293,EXP_LGBModel_Alpha158_csi300_custom_step0_s_20260527_18,06f357d743c74c95ad022042f137e232,0.034,,,
3992,2026-05-27,SH601127,-0.004210036672153293,EXP_LGBModel_Alpha158_csi300_custom_step0_s_20260527_18,06f357d743c74c95ad022042f137e232,0.034,,,
3993,2026-05-27,SH601117,-5.639842772831693e-10,EXP_LGBModel_Alpha158_csi300_custom_step0_s_20260527_18,06f357d743c74c95ad022042f137e232,0.034,,,
3994,2026-05-27,SH601111,-1.865142522366938e-06,EXP_LGBModel_Alpha158_csi300_custom_step0_s_20260527_18,06f357d743c74c95ad022042f137e232,0.034,,,
3995,2026-05-27,SH601100,-0.004210036672153293,EXP_LGBModel_Alpha158_csi300_custom_step0_s_20260527_18,06f357d743c74c95ad022042f137e232,0.034,,,
3996,2026-05-27,SH601088,-0.0030779325076720682,EXP_LGBModel_Alpha158_csi300_custom_step0_s_20260527_18,06f357d743c74c95ad022042f137e232,0.034,,,
3997,2026-05-27,SH601166,-5.639842772831693e-10,EXP_LGBModel_Alpha158_csi300_custom_step0_s_20260527_18,06f357d743c74c95ad022042f137e232,0.034,,,
3998,2026-05-27,SH601077,-0.0030779325076720682,EXP_LGBModel_Alpha158_csi300_custom_step0_s_20260527_18,06f357d743c74c95ad022042f137e232,0.034,,,
3999,2026-05-27,SH601059,0.0031121068039040405,EXP_LGBModel_Alpha158_csi300_custom_step0_s_20260527_18,06f357d743c74c95ad022042f137e232,0.034,,,
4000,2026-05-27,SH601058,-0.004210036672153293,EXP_LGBModel_Alpha158_csi300_custom_step0_s_20260527_18,06f357d743c74c95ad022042f137e232,0.034,,,
4001,2026-05-27,SH601021,-0.003881317551705752,EXP_LGBModel_Alpha158_csi300_custom_step0_s_20260527_18,06f357d743c74c95ad022042f137e232,0.034,,,
4002,2026-05-27,SH601018,-0.0009685961116495933,EXP_LGBModel_Alpha158_csi300_custom_step0_s_20260527_18,06f357d743c74c95ad022042f137e232,0.034,,,
4003,2026-05-27,SH601012,0.0009151197843120792,EXP_LGBModel_Alpha158_csi300_custom_step0_s_20260527_18,06f357d743c74c95ad022042f137e232,0.034,,,
4004,2026-05-27,SH601009,-0.0013976701193501191,EXP_LGBModel_Alpha158_csi300_custom_step0_s_20260527_18,06f357d743c74c95ad022042f137e232,0.034,,,
4005,2026-05-27,SH601066,0.00335883950631133,EXP_LGBModel_Alpha158_csi300_custom_step0_s_20260527_18,06f357d743c74c95ad022042f137e232,0.034,,,
4006,2026-05-27,SH600809,-5.639842772831693e-10,EXP_LGBModel_Alpha158_csi300_custom_step0_s_20260527_18,06f357d743c74c95ad022042f137e232,0.034,,,
4007,2026-05-27,SH601808,-5.639842772831693e-10,EXP_LGBModel_Alpha158_csi300_custom_step0_s_20260527_18,06f357d743c74c95ad022042f137e232,0.034,,,
4008,2026-05-27,SH601818,-0.0013976701193501191,EXP_LGBModel_Alpha158_csi300_custom_step0_s_20260527_18,06f357d743c74c95ad022042f137e232,0.034,,,
4009,2026-05-27,SH688009,-0.0021093369600067523,EXP_LGBModel_Alpha158_csi300_custom_step0_s_20260527_18,06f357d743c74c95ad022042f137e232,0.034,,,
4010,2026-05-27,SH688012,0.013595424984444396,EXP_LGBModel_Alpha158_csi300_custom_step0_s_20260527_18,06f357d743c74c95ad022042f137e232,0.034,,,
4011,2026-05-27,SH688036,-0.004210036672153293,EXP_LGBModel_Alpha158_csi300_custom_step0_s_20260527_18,06f357d743c74c95ad022042f137e232,0.034,,,
4012,2026-05-27,SH688041,0.013595424984444396,EXP_LGBModel_Alpha158_csi300_custom_step0_s_20260527_18,06f357d743c74c95ad022042f137e232,0.034,,,
4013,2026-05-27,SH688047,-5.639842772831693e-10,EXP_LGBModel_Alpha158_csi300_custom_step0_s_20260527_18,06f357d743c74c95ad022042f137e232,0.034,,,
4014,2026-05-27,SH688082,-0.0003090691005661139,EXP_LGBModel_Alpha158_csi300_custom_step0_s_20260527_18,06f357d743c74c95ad022042f137e232,0.034,,,
4015,2026-05-27,SH688111,-0.004210036672153293,EXP_LGBModel_Alpha158_csi300_custom_step0_s_20260527_18,06f357d743c74c95ad022042f137e232,0.034,,,
4016,2026-05-27,SH688126,0.006660689917663373,EXP_LGBModel_Alpha158_csi300_custom_step0_s_20260527_18,06f357d743c74c95ad022042f137e232,0.034,,,
4017,2026-05-27,SH688169,-0.0021093369600067523,EXP_LGBModel_Alpha158_csi300_custom_step0_s_20260527_18,06f357d743c74c95ad022042f137e232,0.034,,,
4018,2026-05-27,SH688187,0.0019451484314793994,EXP_LGBModel_Alpha158_csi300_custom_step0_s_20260527_18,06f357d743c74c95ad022042f137e232,0.034,,,
4019,2026-05-27,SH688223,-0.0021007002761308183,EXP_LGBModel_Alpha158_csi300_custom_step0_s_20260527_18,06f357d743c74c95ad022042f137e232,0.034,,,
4020,2026-05-27,SH688256,0.006351621381081537,EXP_LGBModel_Alpha158_csi300_custom_step0_s_20260527_18,06f357d743c74c95ad022042f137e232,0.034,,,
4021,2026-05-27,SH688271,-0.0021093369600067523,EXP_LGBModel_Alpha158_csi300_custom_step0_s_20260527_18,06f357d743c74c95ad022042f137e232,0.034,,,
4022,2026-05-27,SH688303,-5.639842772831693e-10,EXP_LGBModel_Alpha158_csi300_custom_step0_s_20260527_18,06f357d743c74c95ad022042f137e232,0.034,,,
4023,2026-05-27,SH688396,-0.0021007002761308183,EXP_LGBModel_Alpha158_csi300_custom_step0_s_20260527_18,06f357d743c74c95ad022042f137e232,0.034,,,
4024,2026-05-27,SH688472,-0.004210036672153293,EXP_LGBModel_Alpha158_csi300_custom_step0_s_20260527_18,06f357d743c74c95ad022042f137e232,0.034,,,
4025,2026-05-27,SH688506,0.013595424984444396,EXP_LGBModel_Alpha158_csi300_custom_step0_s_20260527_18,06f357d743c74c95ad022042f137e232,0.034,,,
4026,2026-05-27,SZ000568,-5.639842772831693e-10,EXP_LGBModel_Alpha158_csi300_custom_step0_s_20260527_18,06f357d743c74c95ad022042f137e232,0.034,,,
4027,2026-05-27,SZ000538,-0.0030779325076720682,EXP_LGBModel_Alpha158_csi300_custom_step0_s_20260527_18,06f357d743c74c95ad022042f137e232,0.034,,,
4028,2026-05-27,SZ000425,-0.004210036672153293,EXP_LGBModel_Alpha158_csi300_custom_step0_s_20260527_18,06f357d743c74c95ad022042f137e232,0.034,,,
4029,2026-05-27,SZ000408,-0.004210036672153293,EXP_LGBModel_Alpha158_csi300_custom_step0_s_20260527_18,06f357d743c74c95ad022042f137e232,0.034,,,
4030,2026-05-27,SZ000338,-0.0017806178395592105,EXP_LGBModel_Alpha158_csi300_custom_step0_s_20260527_18,06f357d743c74c95ad022042f137e232,0.034,,,
4031,2026-05-27,SZ000333,0.001013271670295589,EXP_LGBModel_Alpha158_csi300_custom_step0_s_20260527_18,06f357d743c74c95ad022042f137e232,0.034,,,
4032,2026-05-27,SH688008,0.006660689917663373,EXP_LGBModel_Alpha158_csi300_custom_step0_s_20260527_18,06f357d743c74c95ad022042f137e232,0.034,,,
4033,2026-05-27,SZ000301,-0.004210036672153293,EXP_LGBModel_Alpha158_csi300_custom_step0_s_20260527_18,06f357d743c74c95ad022042f137e232,0.034,,,
4034,2026-05-27,SZ000157,-0.0021093369600067523,EXP_LGBModel_Alpha158_csi300_custom_step0_s_20260527_18,06f357d743c74c95ad022042f137e232,0.034,,,
4035,2026-05-27,SZ000100,-0.0002065699231124574,EXP_LGBModel_Alpha158_csi300_custom_step0_s_20260527_18,06f357d743c74c95ad022042f137e232,0.034,,,
4036,2026-05-27,SZ000063,-5.639842772831693e-10,EXP_LGBModel_Alpha158_csi300_custom_step0_s_20260527_18,06f357d743c74c95ad022042f137e232,0.034,,,
4037,2026-05-27,SZ000002,0.0009151197843120792,EXP_LGBModel_Alpha158_csi300_custom_step0_s_20260527_18,06f357d743c74c95ad022042f137e232,0.034,,,
4038,2026-05-27,SZ000001,-0.0023662656670154353,EXP_LGBModel_Alpha158_csi300_custom_step0_s_20260527_18,06f357d743c74c95ad022042f137e232,0.034,,,
4039,2026-05-27,SH688981,-5.639842772831693e-10,EXP_LGBModel_Alpha158_csi300_custom_step0_s_20260527_18,06f357d743c74c95ad022042f137e232,0.034,,,
4040,2026-05-27,SZ000166,-0.0030779325076720682,EXP_LGBModel_Alpha158_csi300_custom_step0_s_20260527_18,06f357d743c74c95ad022042f137e232,0.034,,,
4041,2026-05-27,SH601816,-0.0009685961116495933,EXP_LGBModel_Alpha158_csi300_custom_step0_s_20260527_18,06f357d743c74c95ad022042f137e232,0.034,,,
4042,2026-05-27,SH605499,-0.004210036672153293,EXP_LGBModel_Alpha158_csi300_custom_step0_s_20260527_18,06f357d743c74c95ad022042f137e232,0.034,,,
4043,2026-05-27,SH603993,-0.0021007002761308183,EXP_LGBModel_Alpha158_csi300_custom_step0_s_20260527_18,06f357d743c74c95ad022042f137e232,0.034,,,
4044,2026-05-27,SH601825,-0.0021093369600067523,EXP_LGBModel_Alpha158_csi300_custom_step0_s_20260527_18,06f357d743c74c95ad022042f137e232,0.034,,,
4045,2026-05-27,SH601838,-5.639842772831693e-10,EXP_LGBModel_Alpha158_csi300_custom_step0_s_20260527_18,06f357d743c74c95ad022042f137e232,0.034,,,
4046,2026-05-27,SH601857,-0.004210036672153293,EXP_LGBModel_Alpha158_csi300_custom_step0_s_20260527_18,06f357d743c74c95ad022042f137e232,0.034,,,
4047,2026-05-27,SH601868,-5.639842772831693e-10,EXP_LGBModel_Alpha158_csi300_custom_step0_s_20260527_18,06f357d743c74c95ad022042f137e232,0.034,,,
4048,2026-05-27,SH601872,-5.639842772831693e-10,EXP_LGBModel_Alpha158_csi300_custom_step0_s_20260527_18,06f357d743c74c95ad022042f137e232,0.034,,,
4049,2026-05-27,SH601877,-0.004210036672153293,EXP_LGBModel_Alpha158_csi300_custom_step0_s_20260527_18,06f357d743c74c95ad022042f137e232,0.034,,,
4050,2026-05-27,SH601878,-0.0030779325076720682,EXP_LGBModel_Alpha158_csi300_custom_step0_s_20260527_18,06f357d743c74c95ad022042f137e232,0.034,,,
4051,2026-05-27,SH601881,-0.0007673456052793442,EXP_LGBModel_Alpha158_csi300_custom_step0_s_20260527_18,06f357d743c74c95ad022042f137e232,0.034,,,
4052,2026-05-27,SH601888,0.0009151197843120792,EXP_LGBModel_Alpha158_csi300_custom_step0_s_20260527_18,06f357d743c74c95ad022042f137e232,0.034,,,
4053,2026-05-27,SH601898,-0.0021007002761308183,EXP_LGBModel_Alpha158_csi300_custom_step0_s_20260527_18,06f357d743c74c95ad022042f137e232,0.034,,,
4054,2026-05-27,SH601899,-0.0021007002761308183,EXP_LGBModel_Alpha158_csi300_custom_step0_s_20260527_18,06f357d743c74c95ad022042f137e232,0.034,,,
4055,2026-05-27,SH601901,-5.639842772831693e-10,EXP_LGBModel_Alpha158_csi300_custom_step0_s_20260527_18,06f357d743c74c95ad022042f137e232,0.034,,,
4056,2026-05-27,SH601916,-5.639842772831693e-10,EXP_LGBModel_Alpha158_csi300_custom_step0_s_20260527_18,06f357d743c74c95ad022042f137e232,0.034,,,
4057,2026-05-27,SH601919,-0.004210036672153293,EXP_LGBModel_Alpha158_csi300_custom_step0_s_20260527_18,06f357d743c74c95ad022042f137e232,0.034,,,
4058,2026-05-27,SH601939,-0.0021007002761308183,EXP_LGBModel_Alpha158_csi300_custom_step0_s_20260527_18,06f357d743c74c95ad022042f137e232,0.034,,,
4059,2026-05-27,SH601985,-0.0013976701193501191,EXP_LGBModel_Alpha158_csi300_custom_step0_s_20260527_18,06f357d743c74c95ad022042f137e232,0.034,,,
4060,2026-05-27,SH601988,0.001013271670295589,EXP_LGBModel_Alpha158_csi300_custom_step0_s_20260527_18,06f357d743c74c95ad022042f137e232,0.034,,,
4061,2026-05-27,SH603986,-0.0003090691005661139,EXP_LGBModel_Alpha158_csi300_custom_step0_s_20260527_18,06f357d743c74c95ad022042f137e232,0.034,,,
4062,2026-05-27,SH603893,-0.0002065699231124574,EXP_LGBModel_Alpha158_csi300_custom_step0_s_20260527_18,06f357d743c74c95ad022042f137e232,0.034,,,
4063,2026-05-27,SH603799,0.0009151197843120792,EXP_LGBModel_Alpha158_csi300_custom_step0_s_20260527_18,06f357d743c74c95ad022042f137e232,0.034,,,
4064,2026-05-27,SH603501,-0.0021007002761308183,EXP_LGBModel_Alpha158_csi300_custom_step0_s_20260527_18,06f357d743c74c95ad022042f137e232,0.034,,,
4065,2026-05-27,SH603392,0.0009151197843120792,EXP_LGBModel_Alpha158_csi300_custom_step0_s_20260527_18,06f357d743c74c95ad022042f137e232,0.034,,,
4066,2026-05-27,SH603369,0.0019451484314793994,EXP_LGBModel_Alpha158_csi300_custom_step0_s_20260527_18,06f357d743c74c95ad022042f137e232,0.034,,,
4067,2026-05-27,SH605117,-0.0002065699231124574,EXP_LGBModel_Alpha158_csi300_custom_step0_s_20260527_18,06f357d743c74c95ad022042f137e232,0.034,,,
4068,2026-05-27,SH603296,-0.0021007002761308183,EXP_LGBModel_Alpha158_csi300_custom_step0_s_20260527_18,06f357d743c74c95ad022042f137e232,0.034,,,
4069,2026-05-27,SH603260,-5.639842772831693e-10,EXP_LGBModel_Alpha158_csi300_custom_step0_s_20260527_18,06f357d743c74c95ad022042f137e232,0.034,,,
4070,2026-05-27,SH603259,-0.0030779325076720682,EXP_LGBModel_Alpha158_csi300_custom_step0_s_20260527_18,06f357d743c74c95ad022042f137e232,0.034,,,
4071,2026-05-27,SH603195,-5.639842772831693e-10,EXP_LGBModel_Alpha158_csi300_custom_step0_s_20260527_18,06f357d743c74c95ad022042f137e232,0.034,,,
4072,2026-05-27,SH603019,-0.004210036672153293,EXP_LGBModel_Alpha158_csi300_custom_step0_s_20260527_18,06f357d743c74c95ad022042f137e232,0.034,,,
4073,2026-05-27,SH601998,-0.004210036672153293,EXP_LGBModel_Alpha158_csi300_custom_step0_s_20260527_18,06f357d743c74c95ad022042f137e232,0.034,,,
4074,2026-05-27,SH601995,0.001013271670295589,EXP_LGBModel_Alpha158_csi300_custom_step0_s_20260527_18,06f357d743c74c95ad022042f137e232,0.034,,,
4075,2026-05-27,SH603288,-0.0021007002761308183,EXP_LGBModel_Alpha158_csi300_custom_step0_s_20260527_18,06f357d743c74c95ad022042f137e232,0.034,,,
4076,2026-05-27,SH600803,-5.639842772831693e-10,EXP_LGBModel_Alpha158_csi300_custom_step0_s_20260527_18,06f357d743c74c95ad022042f137e232,0.034,,,
4077,2026-05-27,SH600795,0.0031121068039040405,EXP_LGBModel_Alpha158_csi300_custom_step0_s_20260527_18,06f357d743c74c95ad022042f137e232,0.034,,,
4078,2026-05-27,SH600760,-0.0021093369600067523,EXP_LGBModel_Alpha158_csi300_custom_step0_s_20260527_18,06f357d743c74c95ad022042f137e232,0.034,,,
4079,2026-05-27,SZ002916,-0.001414003996956542,EXP_LGBModel_Alpha158_csi300_custom_step0_s_20260527_18,231e80c99fbf4a5db4d9d79032f3f9a8,0.074,,,
4080,2026-05-27,SZ002920,-0.0019307613550152043,EXP_LGBModel_Alpha158_csi300_custom_step0_s_20260527_18,231e80c99fbf4a5db4d9d79032f3f9a8,0.074,,,
4081,2026-05-27,SZ002938,-2.682882726878059e-10,EXP_LGBModel_Alpha158_csi300_custom_step0_s_20260527_18,231e80c99fbf4a5db4d9d79032f3f9a8,0.074,,,
4082,2026-05-27,SZ003816,-2.682882726878059e-10,EXP_LGBModel_Alpha158_csi300_custom_step0_s_20260527_18,231e80c99fbf4a5db4d9d79032f3f9a8,0.074,,,
4083,2026-05-27,SZ300014,-0.0010001643825638712,EXP_LGBModel_Alpha158_csi300_custom_step0_s_20260527_18,231e80c99fbf4a5db4d9d79032f3f9a8,0.074,,,
4084,2026-05-27,SZ300015,-0.0025205994555204457,EXP_LGBModel_Alpha158_csi300_custom_step0_s_20260527_18,231e80c99fbf4a5db4d9d79032f3f9a8,0.074,,,
4085,2026-05-27,SZ300033,0.0011169257952465784,EXP_LGBModel_Alpha158_csi300_custom_step0_s_20260527_18,231e80c99fbf4a5db4d9d79032f3f9a8,0.074,,,
4086,2026-05-27,SZ300059,-2.682882726878059e-10,EXP_LGBModel_Alpha158_csi300_custom_step0_s_20260527_18,231e80c99fbf4a5db4d9d79032f3f9a8,0.074,,,
4087,2026-05-27,SZ300122,-0.0019307613550152043,EXP_LGBModel_Alpha158_csi300_custom_step0_s_20260527_18,231e80c99fbf4a5db4d9d79032f3f9a8,0.074,,,
4088,2026-05-27,SZ300124,-0.0025205994555204457,EXP_LGBModel_Alpha158_csi300_custom_step0_s_20260527_18,231e80c99fbf4a5db4d9d79032f3f9a8,0.074,,,
4089,2026-05-27,SZ300251,0.004422620945545305,EXP_LGBModel_Alpha158_csi300_custom_step0_s_20260527_18,231e80c99fbf4a5db4d9d79032f3f9a8,0.074,,,
4090,2026-05-27,SZ300274,-2.682882726878059e-10,EXP_LGBModel_Alpha158_csi300_custom_step0_s_20260527_18,231e80c99fbf4a5db4d9d79032f3f9a8,0.074,,,
4091,2026-05-27,SZ300308,-2.682882726878059e-10,EXP_LGBModel_Alpha158_csi300_custom_step0_s_20260527_18,231e80c99fbf4a5db4d9d79032f3f9a8,0.074,,,
4092,2026-05-27,SZ300316,-2.682882726878059e-10,EXP_LGBModel_Alpha158_csi300_custom_step0_s_20260527_18,231e80c99fbf4a5db4d9d79032f3f9a8,0.074,,,
4093,2026-05-27,SZ300347,0.004422620945545305,EXP_LGBModel_Alpha158_csi300_custom_step0_s_20260527_18,231e80c99fbf4a5db4d9d79032f3f9a8,0.074,,,
4094,2026-05-27,SZ300394,-2.682882726878059e-10,EXP_LGBModel_Alpha158_csi300_custom_step0_s_20260527_18,231e80c99fbf4a5db4d9d79032f3f9a8,0.074,,,
4095,2026-05-27,SZ300408,-0.001414003996956542,EXP_LGBModel_Alpha158_csi300_custom_step0_s_20260527_18,231e80c99fbf4a5db4d9d79032f3f9a8,0.074,,,
4096,2026-05-27,SZ300803,-2.682882726878059e-10,EXP_LGBModel_Alpha158_csi300_custom_step0_s_20260527_18,231e80c99fbf4a5db4d9d79032f3f9a8,0.074,,,
4097,2026-05-27,SZ300782,0.004422620945545305,EXP_LGBModel_Alpha158_csi300_custom_step0_s_20260527_18,231e80c99fbf4a5db4d9d79032f3f9a8,0.074,,,
4098,2026-05-27,SZ300760,-0.0019307613550152043,EXP_LGBModel_Alpha158_csi300_custom_step0_s_20260527_18,231e80c99fbf4a5db4d9d79032f3f9a8,0.074,,,
4099,2026-05-27,SZ300759,-0.0025205994555204457,EXP_LGBModel_Alpha158_csi300_custom_step0_s_20260527_18,231e80c99fbf4a5db4d9d79032f3f9a8,0.074,,,
4100,2026-05-27,SZ300750,0.0011169257952465784,EXP_LGBModel_Alpha158_csi300_custom_step0_s_20260527_18,231e80c99fbf4a5db4d9d79032f3f9a8,0.074,,,
4101,2026-05-27,SZ300661,-0.001414003996956542,EXP_LGBModel_Alpha158_csi300_custom_step0_s_20260527_18,231e80c99fbf4a5db4d9d79032f3f9a8,0.074,,,
4102,2026-05-27,SZ002736,-2.682882726878059e-10,EXP_LGBModel_Alpha158_csi300_custom_step0_s_20260527_18,231e80c99fbf4a5db4d9d79032f3f9a8,0.074,,,
4103,2026-05-27,SZ300628,0.002366204723331103,EXP_LGBModel_Alpha158_csi300_custom_step0_s_20260527_18,231e80c99fbf4a5db4d9d79032f3f9a8,0.074,,,
4104,2026-05-27,SZ300498,-2.682882726878059e-10,EXP_LGBModel_Alpha158_csi300_custom_step0_s_20260527_18,231e80c99fbf4a5db4d9d79032f3f9a8,0.074,,,
4105,2026-05-27,SZ300476,0.0011169257952465784,EXP_LGBModel_Alpha158_csi300_custom_step0_s_20260527_18,231e80c99fbf4a5db4d9d79032f3f9a8,0.074,,,
4106,2026-05-27,SZ300442,-0.0025205994555204457,EXP_LGBModel_Alpha158_csi300_custom_step0_s_20260527_18,231e80c99fbf4a5db4d9d79032f3f9a8,0.074,,,
4107,2026-05-27,SZ300433,-0.001414003996956542,EXP_LGBModel_Alpha158_csi300_custom_step0_s_20260527_18,231e80c99fbf4a5db4d9d79032f3f9a8,0.074,,,
4108,2026-05-27,SZ300418,-2.682882726878059e-10,EXP_LGBModel_Alpha158_csi300_custom_step0_s_20260527_18,231e80c99fbf4a5db4d9d79032f3f9a8,0.074,,,
4109,2026-05-27,SZ300413,-0.0019307613550152043,EXP_LGBModel_Alpha158_csi300_custom_step0_s_20260527_18,231e80c99fbf4a5db4d9d79032f3f9a8,0.074,,,
4110,2026-05-27,SZ300502,-0.0025205994555204457,EXP_LGBModel_Alpha158_csi300_custom_step0_s_20260527_18,231e80c99fbf4a5db4d9d79032f3f9a8,0.074,,,
4111,2026-05-27,SZ300832,-0.0025205994555204457,EXP_LGBModel_Alpha158_csi300_custom_step0_s_20260527_18,231e80c99fbf4a5db4d9d79032f3f9a8,0.074,,,
4112,2026-05-27,SZ002714,-0.0025205994555204457,EXP_LGBModel_Alpha158_csi300_custom_step0_s_20260527_18,231e80c99fbf4a5db4d9d79032f3f9a8,0.074,,,
4113,2026-05-27,SZ002648,-0.00011946844827986863,EXP_LGBModel_Alpha158_csi300_custom_step0_s_20260527_18,231e80c99fbf4a5db4d9d79032f3f9a8,0.074,,,
4114,2026-05-27,SZ001965,-2.682882726878059e-10,EXP_LGBModel_Alpha158_csi300_custom_step0_s_20260527_18,231e80c99fbf4a5db4d9d79032f3f9a8,0.074,,,
4115,2026-05-27,SZ001979,-2.682882726878059e-10,EXP_LGBModel_Alpha158_csi300_custom_step0_s_20260527_18,231e80c99fbf4a5db4d9d79032f3f9a8,0.074,,,
4116,2026-05-27,SZ002001,-0.00011946844827986863,EXP_LGBModel_Alpha158_csi300_custom_step0_s_20260527_18,231e80c99fbf4a5db4d9d79032f3f9a8,0.074,,,
4117,2026-05-27,SZ002027,-2.682882726878059e-10,EXP_LGBModel_Alpha158_csi300_custom_step0_s_20260527_18,231e80c99fbf4a5db4d9d79032f3f9a8,0.074,,,
4118,2026-05-27,SZ002028,-2.682882726878059e-10,EXP_LGBModel_Alpha158_csi300_custom_step0_s_20260527_18,231e80c99fbf4a5db4d9d79032f3f9a8,0.074,,,
4119,2026-05-27,SZ002049,-2.682882726878059e-10,EXP_LGBModel_Alpha158_csi300_custom_step0_s_20260527_18,231e80c99fbf4a5db4d9d79032f3f9a8,0.074,,,
4120,2026-05-27,SZ002050,0.0011169257952465784,EXP_LGBModel_Alpha158_csi300_custom_step0_s_20260527_18,231e80c99fbf4a5db4d9d79032f3f9a8,0.074,,,
4121,2026-05-27,SZ002074,-0.00011946844827986863,EXP_LGBModel_Alpha158_csi300_custom_step0_s_20260527_18,231e80c99fbf4a5db4d9d79032f3f9a8,0.074,,,
4122,2026-05-27,SZ002142,-2.682882726878059e-10,EXP_LGBModel_Alpha158_csi300_custom_step0_s_20260527_18,231e80c99fbf4a5db4d9d79032f3f9a8,0.074,,,
4123,2026-05-27,SZ002179,-0.0025205994555204457,EXP_LGBModel_Alpha158_csi300_custom_step0_s_20260527_18,231e80c99fbf4a5db4d9d79032f3f9a8,0.074,,,
4124,2026-05-27,SZ002230,-0.0019307613550152043,EXP_LGBModel_Alpha158_csi300_custom_step0_s_20260527_18,231e80c99fbf4a5db4d9d79032f3f9a8,0.074,,,
4125,2026-05-27,SZ002236,0.002366204723331103,EXP_LGBModel_Alpha158_csi300_custom_step0_s_20260527_18,231e80c99fbf4a5db4d9d79032f3f9a8,0.074,,,
4126,2026-05-27,SZ002241,-2.682882726878059e-10,EXP_LGBModel_Alpha158_csi300_custom_step0_s_20260527_18,231e80c99fbf4a5db4d9d79032f3f9a8,0.074,,,
4127,2026-05-27,SZ002252,-2.682882726878059e-10,EXP_LGBModel_Alpha158_csi300_custom_step0_s_20260527_18,231e80c99fbf4a5db4d9d79032f3f9a8,0.074,,,
4128,2026-05-27,SZ002304,-0.0019307613550152043,EXP_LGBModel_Alpha158_csi300_custom_step0_s_20260527_18,231e80c99fbf4a5db4d9d79032f3f9a8,0.074,,,
4129,2026-05-27,SZ002311,-0.0025205994555204457,EXP_LGBModel_Alpha158_csi300_custom_step0_s_20260527_18,231e80c99fbf4a5db4d9d79032f3f9a8,0.074,,,
4130,2026-05-27,SZ002352,0.002366204723331103,EXP_LGBModel_Alpha158_csi300_custom_step0_s_20260527_18,231e80c99fbf4a5db4d9d79032f3f9a8,0.074,,,
4131,2026-05-27,SZ002625,-2.682882726878059e-10,EXP_LGBModel_Alpha158_csi300_custom_step0_s_20260527_18,231e80c99fbf4a5db4d9d79032f3f9a8,0.074,,,
4132,2026-05-27,SZ002601,-0.00011946844827986863,EXP_LGBModel_Alpha158_csi300_custom_step0_s_20260527_18,231e80c99fbf4a5db4d9d79032f3f9a8,0.074,,,
4133,2026-05-27,SZ002600,-0.0025205994555204457,EXP_LGBModel_Alpha158_csi300_custom_step0_s_20260527_18,231e80c99fbf4a5db4d9d79032f3f9a8,0.074,,,
4134,2026-05-27,SZ002594,-0.0025205994555204457,EXP_LGBModel_Alpha158_csi300_custom_step0_s_20260527_18,231e80c99fbf4a5db4d9d79032f3f9a8,0.074,,,
4135,2026-05-27,SZ002493,-0.0025205994555204457,EXP_LGBModel_Alpha158_csi300_custom_step0_s_20260527_18,231e80c99fbf4a5db4d9d79032f3f9a8,0.074,,,
4136,2026-05-27,SZ002475,-0.0025205994555204457,EXP_LGBModel_Alpha158_csi300_custom_step0_s_20260527_18,231e80c99fbf4a5db4d9d79032f3f9a8,0.074,,,
4137,2026-05-27,SZ002709,-2.682882726878059e-10,EXP_LGBModel_Alpha158_csi300_custom_step0_s_20260527_18,231e80c99fbf4a5db4d9d79032f3f9a8,0.074,,,
4138,2026-05-27,SZ002466,0.004422620945545305,EXP_LGBModel_Alpha158_csi300_custom_step0_s_20260527_18,231e80c99fbf4a5db4d9d79032f3f9a8,0.074,,,
4139,2026-05-27,SZ002460,-0.0025205994555204457,EXP_LGBModel_Alpha158_csi300_custom_step0_s_20260527_18,231e80c99fbf4a5db4d9d79032f3f9a8,0.074,,,
4140,2026-05-27,SZ002459,-0.00011946844827986863,EXP_LGBModel_Alpha158_csi300_custom_step0_s_20260527_18,231e80c99fbf4a5db4d9d79032f3f9a8,0.074,,,
4141,2026-05-27,SZ002422,-2.682882726878059e-10,EXP_LGBModel_Alpha158_csi300_custom_step0_s_20260527_18,231e80c99fbf4a5db4d9d79032f3f9a8,0.074,,,
4142,2026-05-27,SZ002415,-2.682882726878059e-10,EXP_LGBModel_Alpha158_csi300_custom_step0_s_20260527_18,231e80c99fbf4a5db4d9d79032f3f9a8,0.074,,,
4143,2026-05-27,SZ002384,0.004422620945545305,EXP_LGBModel_Alpha158_csi300_custom_step0_s_20260527_18,231e80c99fbf4a5db4d9d79032f3f9a8,0.074,,,
4144,2026-05-27,SZ002371,0.004422620945545305,EXP_LGBModel_Alpha158_csi300_custom_step0_s_20260527_18,231e80c99fbf4a5db4d9d79032f3f9a8,0.074,,,
4145,2026-05-27,SZ002463,-2.682882726878059e-10,EXP_LGBModel_Alpha158_csi300_custom_step0_s_20260527_18,231e80c99fbf4a5db4d9d79032f3f9a8,0.074,,,
4146,2026-05-27,SZ300866,-0.0025205994555204457,EXP_LGBModel_Alpha158_csi300_custom_step0_s_20260527_18,231e80c99fbf4a5db4d9d79032f3f9a8,0.074,,,
4147,2026-05-27,SZ300896,-0.0019307613550152043,EXP_LGBModel_Alpha158_csi300_custom_step0_s_20260527_18,231e80c99fbf4a5db4d9d79032f3f9a8,0.074,,,
4148,2026-05-27,SZ300979,-2.682882726878059e-10,EXP_LGBModel_Alpha158_csi300_custom_step0_s_20260527_18,231e80c99fbf4a5db4d9d79032f3f9a8,0.074,,,
4149,2026-05-27,SH600188,-0.004210036672153293,EXP_LGBModel_Alpha158_csi300_custom_step0_s_20260527_18,06f357d743c74c95ad022042f137e232,0.034,,,
4150,2026-05-27,SH600196,-0.004210036672153293,EXP_LGBModel_Alpha158_csi300_custom_step0_s_20260527_18,06f357d743c74c95ad022042f137e232,0.034,,,
4151,2026-05-27,SH600219,-0.004210036672153293,EXP_LGBModel_Alpha158_csi300_custom_step0_s_20260527_18,06f357d743c74c95ad022042f137e232,0.034,,,
4152,2026-05-27,SH600233,0.0009151197843120792,EXP_LGBModel_Alpha158_csi300_custom_step0_s_20260527_18,06f357d743c74c95ad022042f137e232,0.034,,,
4153,2026-05-27,SH600276,-0.004210036672153293,EXP_LGBModel_Alpha158_csi300_custom_step0_s_20260527_18,06f357d743c74c95ad022042f137e232,0.034,,,
4154,2026-05-27,SH600309,0.0009151197843120792,EXP_LGBModel_Alpha158_csi300_custom_step0_s_20260527_18,06f357d743c74c95ad022042f137e232,0.034,,,
4155,2026-05-27,SH600346,0.013595424984444396,EXP_LGBModel_Alpha158_csi300_custom_step0_s_20260527_18,06f357d743c74c95ad022042f137e232,0.034,,,
4156,2026-05-27,SH600362,-0.0021007002761308183,EXP_LGBModel_Alpha158_csi300_custom_step0_s_20260527_18,06f357d743c74c95ad022042f137e232,0.034,,,
4157,2026-05-27,SH600372,-0.001194216611710396,EXP_LGBModel_Alpha158_csi300_custom_step0_s_20260527_18,06f357d743c74c95ad022042f137e232,0.034,,,
4158,2026-05-27,SH600377,0.002098834569624174,EXP_LGBModel_Alpha158_csi300_custom_step0_s_20260527_18,06f357d743c74c95ad022042f137e232,0.034,,,
4159,2026-05-27,SH600406,-0.0021093369600067523,EXP_LGBModel_Alpha158_csi300_custom_step0_s_20260527_18,06f357d743c74c95ad022042f137e232,0.034,,,
4160,2026-05-27,SH600415,-0.004210036672153293,EXP_LGBModel_Alpha158_csi300_custom_step0_s_20260527_18,06f357d743c74c95ad022042f137e232,0.034,,,
4161,2026-05-27,SH600426,0.0009151197843120792,EXP_LGBModel_Alpha158_csi300_custom_step0_s_20260527_18,06f357d743c74c95ad022042f137e232,0.034,,,
4162,2026-05-27,SH600436,-0.0021093369600067523,EXP_LGBModel_Alpha158_csi300_custom_step0_s_20260527_18,06f357d743c74c95ad022042f137e232,0.034,,,
4163,2026-05-27,SH600438,-5.639842772831693e-10,EXP_LGBModel_Alpha158_csi300_custom_step0_s_20260527_18,06f357d743c74c95ad022042f137e232,0.034,,,
4164,2026-05-27,SH600460,-0.0002065699231124574,EXP_LGBModel_Alpha158_csi300_custom_step0_s_20260527_18,06f357d743c74c95ad022042f137e232,0.034,,,
4165,2026-05-27,SH600482,-0.004210036672153293,EXP_LGBModel_Alpha158_csi300_custom_step0_s_20260527_18,06f357d743c74c95ad022042f137e232,0.034,,,
4166,2026-05-27,SH600741,0.0009151197843120792,EXP_LGBModel_Alpha158_csi300_custom_step0_s_20260527_18,06f357d743c74c95ad022042f137e232,0.034,,,
4167,2026-05-27,SH600690,-0.0021007002761308183,EXP_LGBModel_Alpha158_csi300_custom_step0_s_20260527_18,06f357d743c74c95ad022042f137e232,0.034,,,
4168,2026-05-27,SH600674,0.0025462250010983446,EXP_LGBModel_Alpha158_csi300_custom_step0_s_20260527_18,06f357d743c74c95ad022042f137e232,0.034,,,
4169,2026-05-27,SH600660,-0.0021007002761308183,EXP_LGBModel_Alpha158_csi300_custom_step0_s_20260527_18,06f357d743c74c95ad022042f137e232,0.034,,,
4170,2026-05-27,SH600600,-0.0021093369600067523,EXP_LGBModel_Alpha158_csi300_custom_step0_s_20260527_18,06f357d743c74c95ad022042f137e232,0.034,,,
4171,2026-05-27,SH600588,0.0009151197843120792,EXP_LGBModel_Alpha158_csi300_custom_step0_s_20260527_18,06f357d743c74c95ad022042f137e232,0.034,,,
4172,2026-05-27,SH600183,-0.0003090691005661139,EXP_LGBModel_Alpha158_csi300_custom_step0_s_20260527_18,06f357d743c74c95ad022042f137e232,0.034,,,
4173,2026-05-27,SH600585,-5.639842772831693e-10,EXP_LGBModel_Alpha158_csi300_custom_step0_s_20260527_18,06f357d743c74c95ad022042f137e232,0.034,,,
4174,2026-05-27,SH600570,-0.0021007002761308183,EXP_LGBModel_Alpha158_csi300_custom_step0_s_20260527_18,06f357d743c74c95ad022042f137e232,0.034,,,
4175,2026-05-27,SH600547,-5.639842772831693e-10,EXP_LGBModel_Alpha158_csi300_custom_step0_s_20260527_18,06f357d743c74c95ad022042f137e232,0.034,,,
4176,2026-05-27,SH600522,0.013595424984444396,EXP_LGBModel_Alpha158_csi300_custom_step0_s_20260527_18,06f357d743c74c95ad022042f137e232,0.034,,,
4177,2026-05-27,SH600519,-0.0030779325076720682,EXP_LGBModel_Alpha158_csi300_custom_step0_s_20260527_18,06f357d743c74c95ad022042f137e232,0.034,,,
4178,2026-05-27,SH600515,0.0009151197843120792,EXP_LGBModel_Alpha158_csi300_custom_step0_s_20260527_18,06f357d743c74c95ad022042f137e232,0.034,,,
4179,2026-05-27,SH600489,-0.001194216611710396,EXP_LGBModel_Alpha158_csi300_custom_step0_s_20260527_18,06f357d743c74c95ad022042f137e232,0.034,,,
4180,2026-05-27,SH600584,-0.0003090691005661139,EXP_LGBModel_Alpha158_csi300_custom_step0_s_20260527_18,06f357d743c74c95ad022042f137e232,0.034,,,
4181,2026-05-27,SH600176,-0.004210036672153293,EXP_LGBModel_Alpha158_csi300_custom_step0_s_20260527_18,06f357d743c74c95ad022042f137e232,0.034,,,
4182,2026-05-27,SH600161,-0.004210036672153293,EXP_LGBModel_Alpha158_csi300_custom_step0_s_20260527_18,06f357d743c74c95ad022042f137e232,0.034,,,
4183,2026-05-27,SH600160,-0.004210036672153293,EXP_LGBModel_Alpha158_csi300_custom_step0_s_20260527_18,06f357d743c74c95ad022042f137e232,0.034,,,
4184,2026-05-27,SH600025,-0.0021007002761308183,EXP_LGBModel_Alpha158_csi300_custom_step0_s_20260527_18,06f357d743c74c95ad022042f137e232,0.034,,,
4185,2026-05-27,SH600023,-0.004210036672153293,EXP_LGBModel_Alpha158_csi300_custom_step0_s_20260527_18,06f357d743c74c95ad022042f137e232,0.034,,,
4186,2026-05-27,SH600019,-0.0021007002761308183,EXP_LGBModel_Alpha158_csi300_custom_step0_s_20260527_18,06f357d743c74c95ad022042f137e232,0.034,,,
4187,2026-05-27,SH600018,0.0031121068039040405,EXP_LGBModel_Alpha158_csi300_custom_step0_s_20260527_18,06f357d743c74c95ad022042f137e232,0.034,,,
4188,2026-05-27,SH600016,-0.0023662656670154353,EXP_LGBModel_Alpha158_csi300_custom_step0_s_20260527_18,06f357d743c74c95ad022042f137e232,0.034,,,
4189,2026-05-27,SH600015,0.0011302390219588582,EXP_LGBModel_Alpha158_csi300_custom_step0_s_20260527_18,06f357d743c74c95ad022042f137e232,0.034,,,
4190,2026-05-27,SH600026,-5.639842772831693e-10,EXP_LGBModel_Alpha158_csi300_custom_step0_s_20260527_18,06f357d743c74c95ad022042f137e232,0.034,,,
4191,2026-05-27,SH600011,-0.0021007002761308183,EXP_LGBModel_Alpha158_csi300_custom_step0_s_20260527_18,06f357d743c74c95ad022042f137e232,0.034,,,
4192,2026-05-27,SH600009,-5.639842772831693e-10,EXP_LGBModel_Alpha158_csi300_custom_step0_s_20260527_18,06f357d743c74c95ad022042f137e232,0.034,,,
4193,2026-05-27,SH600000,-0.0021093369600067523,EXP_LGBModel_Alpha158_csi300_custom_step0_s_20260527_18,06f357d743c74c95ad022042f137e232,0.034,,,
4194,2026-05-27,SZ302132,-0.0025205994555204457,EXP_LGBModel_Alpha158_csi300_custom_step0_s_20260527_18,231e80c99fbf4a5db4d9d79032f3f9a8,0.074,,,
4195,2026-05-27,SZ301269,-2.682882726878059e-10,EXP_LGBModel_Alpha158_csi300_custom_step0_s_20260527_18,231e80c99fbf4a5db4d9d79032f3f9a8,0.074,,,
4196,2026-05-27,SZ301236,-0.0025205994555204457,EXP_LGBModel_Alpha158_csi300_custom_step0_s_20260527_18,231e80c99fbf4a5db4d9d79032f3f9a8,0.074,,,
4197,2026-05-27,SZ300999,-0.0025205994555204457,EXP_LGBModel_Alpha158_csi300_custom_step0_s_20260527_18,231e80c99fbf4a5db4d9d79032f3f9a8,0.074,,,
4198,2026-05-27,SH600010,0.0009151197843120792,EXP_LGBModel_Alpha158_csi300_custom_step0_s_20260527_18,06f357d743c74c95ad022042f137e232,0.034,,,
4199,2026-05-27,SZ000596,-0.0021007002761308183,EXP_LGBModel_Alpha158_csi300_custom_step0_s_20260527_18,06f357d743c74c95ad022042f137e232,0.034,,,
4200,2026-05-27,SH600027,-0.0006870092012988879,EXP_LGBModel_Alpha158_csi300_custom_step0_s_20260527_18,06f357d743c74c95ad022042f137e232,0.034,,,
4201,2026-05-27,SH600029,-0.0021007002761308183,EXP_LGBModel_Alpha158_csi300_custom_step0_s_20260527_18,06f357d743c74c95ad022042f137e232,0.034,,,
4202,2026-05-27,SH600150,-0.004210036672153293,EXP_LGBModel_Alpha158_csi300_custom_step0_s_20260527_18,06f357d743c74c95ad022042f137e232,0.034,,,
4203,2026-05-27,SH600115,-0.004210036672153293,EXP_LGBModel_Alpha158_csi300_custom_step0_s_20260527_18,06f357d743c74c95ad022042f137e232,0.034,,,
4204,2026-05-27,SH600111,-0.004210036672153293,EXP_LGBModel_Alpha158_csi300_custom_step0_s_20260527_18,06f357d743c74c95ad022042f137e232,0.034,,,
4205,2026-05-27,SH600104,0.0009151197843120792,EXP_LGBModel_Alpha158_csi300_custom_step0_s_20260527_18,06f357d743c74c95ad022042f137e232,0.034,,,
4206,2026-05-27,SH600089,-0.0021093369600067523,EXP_LGBModel_Alpha158_csi300_custom_step0_s_20260527_18,06f357d743c74c95ad022042f137e232,0.034,,,
4207,2026-05-27,SH600085,-0.004210036672153293,EXP_LGBModel_Alpha158_csi300_custom_step0_s_20260527_18,06f357d743c74c95ad022042f137e232,0.034,,,
4208,2026-05-27,SH600028,-0.004210036672153293,EXP_LGBModel_Alpha158_csi300_custom_step0_s_20260527_18,06f357d743c74c95ad022042f137e232,0.034,,,
4209,2026-05-27,SH600066,-5.639842772831693e-10,EXP_LGBModel_Alpha158_csi300_custom_step0_s_20260527_18,06f357d743c74c95ad022042f137e232,0.034,,,
4210,2026-05-27,SH600050,-0.004210036672153293,EXP_LGBModel_Alpha158_csi300_custom_step0_s_20260527_18,06f357d743c74c95ad022042f137e232,0.034,,,
4211,2026-05-27,SH600048,-0.004210036672153293,EXP_LGBModel_Alpha158_csi300_custom_step0_s_20260527_18,06f357d743c74c95ad022042f137e232,0.034,,,
4212,2026-05-27,SH600039,-0.004210036672153293,EXP_LGBModel_Alpha158_csi300_custom_step0_s_20260527_18,06f357d743c74c95ad022042f137e232,0.034,,,
4213,2026-05-27,SH600036,-0.0023662656670154353,EXP_LGBModel_Alpha158_csi300_custom_step0_s_20260527_18,06f357d743c74c95ad022042f137e232,0.034,,,
4214,2026-05-27,SH600031,-0.004210036672153293,EXP_LGBModel_Alpha158_csi300_custom_step0_s_20260527_18,06f357d743c74c95ad022042f137e232,0.034,,,
4215,2026-05-27,SH600030,-5.639842772831693e-10,EXP_LGBModel_Alpha158_csi300_custom_step0_s_20260527_18,06f357d743c74c95ad022042f137e232,0.034,,,
4216,2026-05-27,SH600061,0.0004368886050758695,EXP_LGBModel_Alpha158_csi300_custom_step0_s_20260527_18,06f357d743c74c95ad022042f137e232,0.034,,,
4217,2026-05-27,SZ000617,-5.639842772831693e-10,EXP_LGBModel_Alpha158_csi300_custom_step0_s_20260527_18,06f357d743c74c95ad022042f137e232,0.034,,,
4218,2026-05-27,SZ000625,0.0009151197843120792,EXP_LGBModel_Alpha158_csi300_custom_step0_s_20260527_18,06f357d743c74c95ad022042f137e232,0.034,,,
4219,2026-05-27,SZ000630,-0.004210036672153293,EXP_LGBModel_Alpha158_csi300_custom_step0_s_20260527_18,06f357d743c74c95ad022042f137e232,0.034,,,
4220,2026-05-27,SH601006,-0.012510018231378406,EXP_LGBModel_Alpha158_csi300_custom_step0_s_20260527_18,36d9c002328b4e48a891b2db11f4ba3b,0.076,,,
4221,2026-05-27,SH601009,-0.035923043964360184,EXP_LGBModel_Alpha158_csi300_custom_step0_s_20260527_18,36d9c002328b4e48a891b2db11f4ba3b,0.076,,,
4222,2026-05-27,SH601012,0.006411924407557685,EXP_LGBModel_Alpha158_csi300_custom_step0_s_20260527_18,36d9c002328b4e48a891b2db11f4ba3b,0.076,,,
4223,2026-05-27,SH601018,-0.03202777313085893,EXP_LGBModel_Alpha158_csi300_custom_step0_s_20260527_18,36d9c002328b4e48a891b2db11f4ba3b,0.076,,,
4224,2026-05-27,SH601021,-0.0049693451627718654,EXP_LGBModel_Alpha158_csi300_custom_step0_s_20260527_18,36d9c002328b4e48a891b2db11f4ba3b,0.076,,,
4225,2026-05-27,SH601058,-0.018881553735828605,EXP_LGBModel_Alpha158_csi300_custom_step0_s_20260527_18,36d9c002328b4e48a891b2db11f4ba3b,0.076,,,
4226,2026-05-27,SH601059,0.0022176451525734845,EXP_LGBModel_Alpha158_csi300_custom_step0_s_20260527_18,36d9c002328b4e48a891b2db11f4ba3b,0.076,,,
4227,2026-05-27,SH601066,0.015369401942775973,EXP_LGBModel_Alpha158_csi300_custom_step0_s_20260527_18,36d9c002328b4e48a891b2db11f4ba3b,0.076,,,
4228,2026-05-27,SH601077,-0.03397195818890652,EXP_LGBModel_Alpha158_csi300_custom_step0_s_20260527_18,36d9c002328b4e48a891b2db11f4ba3b,0.076,,,
4229,2026-05-27,SH601088,-0.0049035765656013485,EXP_LGBModel_Alpha158_csi300_custom_step0_s_20260527_18,36d9c002328b4e48a891b2db11f4ba3b,0.076,,,
4230,2026-05-27,SH601100,0.016836013673075852,EXP_LGBModel_Alpha158_csi300_custom_step0_s_20260527_18,36d9c002328b4e48a891b2db11f4ba3b,0.076,,,
4231,2026-05-27,SH601111,-0.029834336110420794,EXP_LGBModel_Alpha158_csi300_custom_step0_s_20260527_18,36d9c002328b4e48a891b2db11f4ba3b,0.076,,,
4232,2026-05-27,SH601117,-0.019647385149813762,EXP_LGBModel_Alpha158_csi300_custom_step0_s_20260527_18,36d9c002328b4e48a891b2db11f4ba3b,0.076,,,
4233,2026-05-27,SH601127,-0.009881597943829453,EXP_LGBModel_Alpha158_csi300_custom_step0_s_20260527_18,36d9c002328b4e48a891b2db11f4ba3b,0.076,,,
4234,2026-05-27,SH601136,-0.013624261748394182,EXP_LGBModel_Alpha158_csi300_custom_step0_s_20260527_18,36d9c002328b4e48a891b2db11f4ba3b,0.076,,,
4235,2026-05-27,SH601138,0.03557854038360003,EXP_LGBModel_Alpha158_csi300_custom_step0_s_20260527_18,36d9c002328b4e48a891b2db11f4ba3b,0.076,,,
4236,2026-05-27,SH601166,-0.03337294688635881,EXP_LGBModel_Alpha158_csi300_custom_step0_s_20260527_18,36d9c002328b4e48a891b2db11f4ba3b,0.076,,,
4237,2026-05-27,SH601360,-0.027228999618073662,EXP_LGBModel_Alpha158_csi300_custom_step0_s_20260527_18,36d9c002328b4e48a891b2db11f4ba3b,0.076,,,
4238,2026-05-27,SH601336,-0.0142674373740577,EXP_LGBModel_Alpha158_csi300_custom_step0_s_20260527_18,36d9c002328b4e48a891b2db11f4ba3b,0.076,,,
4239,2026-05-27,SH601328,-0.019242092356174762,EXP_LGBModel_Alpha158_csi300_custom_step0_s_20260527_18,36d9c002328b4e48a891b2db11f4ba3b,0.076,,,
4240,2026-05-27,SH601319,-0.03202777313085893,EXP_LGBModel_Alpha158_csi300_custom_step0_s_20260527_18,36d9c002328b4e48a891b2db11f4ba3b,0.076,,,
4241,2026-05-27,SH601318,-0.03397195818890652,EXP_LGBModel_Alpha158_csi300_custom_step0_s_20260527_18,36d9c002328b4e48a891b2db11f4ba3b,0.076,,,
4242,2026-05-27,SH601298,-0.018458410046416268,EXP_LGBModel_Alpha158_csi300_custom_step0_s_20260527_18,36d9c002328b4e48a891b2db11f4ba3b,0.076,,,
4243,2026-05-27,SH600999,0.0018517229337812987,EXP_LGBModel_Alpha158_csi300_custom_step0_s_20260527_18,36d9c002328b4e48a891b2db11f4ba3b,0.076,,,
4244,2026-05-27,SH601288,-0.035923043964360184,EXP_LGBModel_Alpha158_csi300_custom_step0_s_20260527_18,36d9c002328b4e48a891b2db11f4ba3b,0.076,,,
4245,2026-05-27,SH601236,-0.015829069770185413,EXP_LGBModel_Alpha158_csi300_custom_step0_s_20260527_18,36d9c002328b4e48a891b2db11f4ba3b,0.076,,,
4246,2026-05-27,SH601229,-0.035923043964360184,EXP_LGBModel_Alpha158_csi300_custom_step0_s_20260527_18,36d9c002328b4e48a891b2db11f4ba3b,0.076,,,
4247,2026-05-27,SH601225,-0.008948871106154378,EXP_LGBModel_Alpha158_csi300_custom_step0_s_20260527_18,36d9c002328b4e48a891b2db11f4ba3b,0.076,,,
4248,2026-05-27,SH601211,-0.019556023398444457,EXP_LGBModel_Alpha158_csi300_custom_step0_s_20260527_18,36d9c002328b4e48a891b2db11f4ba3b,0.076,,,
4249,2026-05-27,SH601186,-0.03397195818890652,EXP_LGBModel_Alpha158_csi300_custom_step0_s_20260527_18,36d9c002328b4e48a891b2db11f4ba3b,0.076,,,
4250,2026-05-27,SH601169,-0.035923043964360184,EXP_LGBModel_Alpha158_csi300_custom_step0_s_20260527_18,36d9c002328b4e48a891b2db11f4ba3b,0.076,,,
4251,2026-05-27,SH601238,-0.016399148480547365,EXP_LGBModel_Alpha158_csi300_custom_step0_s_20260527_18,36d9c002328b4e48a891b2db11f4ba3b,0.076,,,
4252,2026-05-27,SH601377,-0.005023215811835924,EXP_LGBModel_Alpha158_csi300_custom_step0_s_20260527_18,36d9c002328b4e48a891b2db11f4ba3b,0.076,,,
4253,2026-05-27,SH600989,5.32771264637154e-05,EXP_LGBModel_Alpha158_csi300_custom_step0_s_20260527_18,36d9c002328b4e48a891b2db11f4ba3b,0.076,,,
4254,2026-05-27,SH600941,0.015396542702455298,EXP_LGBModel_Alpha158_csi300_custom_step0_s_20260527_18,36d9c002328b4e48a891b2db11f4ba3b,0.076,,,
4255,2026-05-27,SH600482,-0.007034124559617359,EXP_LGBModel_Alpha158_csi300_custom_step0_s_20260527_18,36d9c002328b4e48a891b2db11f4ba3b,0.076,,,
4256,2026-05-27,SH600489,-0.009433114746601032,EXP_LGBModel_Alpha158_csi300_custom_step0_s_20260527_18,36d9c002328b4e48a891b2db11f4ba3b,0.076,,,
4257,2026-05-27,SH600515,-0.030076687355405262,EXP_LGBModel_Alpha158_csi300_custom_step0_s_20260527_18,36d9c002328b4e48a891b2db11f4ba3b,0.076,,,
4258,2026-05-27,SH600519,-0.01418097549270156,EXP_LGBModel_Alpha158_csi300_custom_step0_s_20260527_18,36d9c002328b4e48a891b2db11f4ba3b,0.076,,,
4259,2026-05-27,SH600522,0.07873572269435902,EXP_LGBModel_Alpha158_csi300_custom_step0_s_20260527_18,36d9c002328b4e48a891b2db11f4ba3b,0.076,,,
4260,2026-05-27,SH600547,0.02007635310316433,EXP_LGBModel_Alpha158_csi300_custom_step0_s_20260527_18,36d9c002328b4e48a891b2db11f4ba3b,0.076,,,
4261,2026-05-27,SH600570,-0.019621441700309057,EXP_LGBModel_Alpha158_csi300_custom_step0_s_20260527_18,36d9c002328b4e48a891b2db11f4ba3b,0.076,,,
4262,2026-05-27,SH600584,-0.0030167396398610817,EXP_LGBModel_Alpha158_csi300_custom_step0_s_20260527_18,36d9c002328b4e48a891b2db11f4ba3b,0.076,,,
4263,2026-05-27,SH600585,-0.030076687355405262,EXP_LGBModel_Alpha158_csi300_custom_step0_s_20260527_18,36d9c002328b4e48a891b2db11f4ba3b,0.076,,,
4264,2026-05-27,SH600588,5.32771264637154e-05,EXP_LGBModel_Alpha158_csi300_custom_step0_s_20260527_18,36d9c002328b4e48a891b2db11f4ba3b,0.076,,,
4265,2026-05-27,SH600600,-0.0275265902774039,EXP_LGBModel_Alpha158_csi300_custom_step0_s_20260527_18,36d9c002328b4e48a891b2db11f4ba3b,0.076,,,
4266,2026-05-27,SH600660,-0.017852648259031677,EXP_LGBModel_Alpha158_csi300_custom_step0_s_20260527_18,36d9c002328b4e48a891b2db11f4ba3b,0.076,,,
4267,2026-05-27,SH600674,0.00191429681374605,EXP_LGBModel_Alpha158_csi300_custom_step0_s_20260527_18,36d9c002328b4e48a891b2db11f4ba3b,0.076,,,
4268,2026-05-27,SH600690,-0.017089181661884598,EXP_LGBModel_Alpha158_csi300_custom_step0_s_20260527_18,36d9c002328b4e48a891b2db11f4ba3b,0.076,,,
4269,2026-05-27,SH600741,5.32771264637154e-05,EXP_LGBModel_Alpha158_csi300_custom_step0_s_20260527_18,36d9c002328b4e48a891b2db11f4ba3b,0.076,,,
4270,2026-05-27,SH600760,5.32771264637154e-05,EXP_LGBModel_Alpha158_csi300_custom_step0_s_20260527_18,36d9c002328b4e48a891b2db11f4ba3b,0.076,,,
4271,2026-05-27,SH600795,0.01772929495071262,EXP_LGBModel_Alpha158_csi300_custom_step0_s_20260527_18,36d9c002328b4e48a891b2db11f4ba3b,0.076,,,
4272,2026-05-27,SH600938,5.32771264637154e-05,EXP_LGBModel_Alpha158_csi300_custom_step0_s_20260527_18,36d9c002328b4e48a891b2db11f4ba3b,0.076,,,
4273,2026-05-27,SH600930,0.014896925094114302,EXP_LGBModel_Alpha158_csi300_custom_step0_s_20260527_18,36d9c002328b4e48a891b2db11f4ba3b,0.076,,,
4274,2026-05-27,SH600926,-0.035923043964360184,EXP_LGBModel_Alpha158_csi300_custom_step0_s_20260527_18,36d9c002328b4e48a891b2db11f4ba3b,0.076,,,
4275,2026-05-27,SH600919,0.011689724968875612,EXP_LGBModel_Alpha158_csi300_custom_step0_s_20260527_18,36d9c002328b4e48a891b2db11f4ba3b,0.076,,,
4276,2026-05-27,SH600918,-0.017924139369035932,EXP_LGBModel_Alpha158_csi300_custom_step0_s_20260527_18,36d9c002328b4e48a891b2db11f4ba3b,0.076,,,
4277,2026-05-27,SH600905,-0.016662287382414598,EXP_LGBModel_Alpha158_csi300_custom_step0_s_20260527_18,36d9c002328b4e48a891b2db11f4ba3b,0.076,,,
4278,2026-05-27,SH600958,-0.0030861607274293534,EXP_LGBModel_Alpha158_csi300_custom_step0_s_20260527_18,36d9c002328b4e48a891b2db11f4ba3b,0.076,,,
4279,2026-05-27,SH600900,-0.025847740267473624,EXP_LGBModel_Alpha158_csi300_custom_step0_s_20260527_18,36d9c002328b4e48a891b2db11f4ba3b,0.076,,,
4280,2026-05-27,SH600887,0.025595817834423763,EXP_LGBModel_Alpha158_csi300_custom_step0_s_20260527_18,36d9c002328b4e48a891b2db11f4ba3b,0.076,,,
4281,2026-05-27,SH600886,-0.025613531914317467,EXP_LGBModel_Alpha158_csi300_custom_step0_s_20260527_18,36d9c002328b4e48a891b2db11f4ba3b,0.076,,,
4282,2026-05-27,SH600875,0.0037859845780855344,EXP_LGBModel_Alpha158_csi300_custom_step0_s_20260527_18,36d9c002328b4e48a891b2db11f4ba3b,0.076,,,
4283,2026-05-27,SH600845,5.32771264637154e-05,EXP_LGBModel_Alpha158_csi300_custom_step0_s_20260527_18,36d9c002328b4e48a891b2db11f4ba3b,0.076,,,
4284,2026-05-27,SH600809,-0.01383197844518985,EXP_LGBModel_Alpha158_csi300_custom_step0_s_20260527_18,36d9c002328b4e48a891b2db11f4ba3b,0.076,,,
4285,2026-05-27,SH600803,-1.0310748514914266e-09,EXP_LGBModel_Alpha158_csi300_custom_step0_s_20260527_18,36d9c002328b4e48a891b2db11f4ba3b,0.076,,,
4286,2026-05-27,SH600893,-0.005969846274955865,EXP_LGBModel_Alpha158_csi300_custom_step0_s_20260527_18,36d9c002328b4e48a891b2db11f4ba3b,0.076,,,
4287,2026-05-27,SH601390,-1.0310748514914266e-09,EXP_LGBModel_Alpha158_csi300_custom_step0_s_20260527_18,36d9c002328b4e48a891b2db11f4ba3b,0.076,,,
4288,2026-05-27,SH601398,-0.035923043964360184,EXP_LGBModel_Alpha158_csi300_custom_step0_s_20260527_18,36d9c002328b4e48a891b2db11f4ba3b,0.076,,,
4289,2026-05-27,SH601456,-0.021651092997294976,EXP_LGBModel_Alpha158_csi300_custom_step0_s_20260527_18,36d9c002328b4e48a891b2db11f4ba3b,0.076,,,
4290,2026-05-27,SH601995,-0.016741883893949348,EXP_LGBModel_Alpha158_csi300_custom_step0_s_20260527_18,36d9c002328b4e48a891b2db11f4ba3b,0.076,,,
4291,2026-05-27,SH601998,-0.006948305722154018,EXP_LGBModel_Alpha158_csi300_custom_step0_s_20260527_18,36d9c002328b4e48a891b2db11f4ba3b,0.076,,,
4292,2026-05-27,SH603019,0.0006212987266542131,EXP_LGBModel_Alpha158_csi300_custom_step0_s_20260527_18,36d9c002328b4e48a891b2db11f4ba3b,0.076,,,
4293,2026-05-27,SH603195,0.02275042188736716,EXP_LGBModel_Alpha158_csi300_custom_step0_s_20260527_18,36d9c002328b4e48a891b2db11f4ba3b,0.076,,,
4294,2026-05-27,SH603259,-0.004575927303627181,EXP_LGBModel_Alpha158_csi300_custom_step0_s_20260527_18,36d9c002328b4e48a891b2db11f4ba3b,0.076,,,
4295,2026-05-27,SH603260,-1.0310748514914266e-09,EXP_LGBModel_Alpha158_csi300_custom_step0_s_20260527_18,36d9c002328b4e48a891b2db11f4ba3b,0.076,,,
4296,2026-05-27,SH603288,-0.016059809448001706,EXP_LGBModel_Alpha158_csi300_custom_step0_s_20260527_18,36d9c002328b4e48a891b2db11f4ba3b,0.076,,,
4297,2026-05-27,SH603296,0.016928191382189935,EXP_LGBModel_Alpha158_csi300_custom_step0_s_20260527_18,36d9c002328b4e48a891b2db11f4ba3b,0.076,,,
4298,2026-05-27,SH603369,0.012121706737393592,EXP_LGBModel_Alpha158_csi300_custom_step0_s_20260527_18,36d9c002328b4e48a891b2db11f4ba3b,0.076,,,
4299,2026-05-27,SH603392,5.32771264637154e-05,EXP_LGBModel_Alpha158_csi300_custom_step0_s_20260527_18,36d9c002328b4e48a891b2db11f4ba3b,0.076,,,
4300,2026-05-27,SH603501,0.024162899626645237,EXP_LGBModel_Alpha158_csi300_custom_step0_s_20260527_18,36d9c002328b4e48a891b2db11f4ba3b,0.076,,,
4301,2026-05-27,SH603799,-0.0018255568288364301,EXP_LGBModel_Alpha158_csi300_custom_step0_s_20260527_18,36d9c002328b4e48a891b2db11f4ba3b,0.076,,,
4302,2026-05-27,SH603893,0.013194531287335373,EXP_LGBModel_Alpha158_csi300_custom_step0_s_20260527_18,36d9c002328b4e48a891b2db11f4ba3b,0.076,,,
4303,2026-05-27,SH603986,0.025603791920982406,EXP_LGBModel_Alpha158_csi300_custom_step0_s_20260527_18,36d9c002328b4e48a891b2db11f4ba3b,0.076,,,
4304,2026-05-27,SH603993,-0.0131461136409393,EXP_LGBModel_Alpha158_csi300_custom_step0_s_20260527_18,36d9c002328b4e48a891b2db11f4ba3b,0.076,,,
4305,2026-05-27,SH605117,0.040622228643759986,EXP_LGBModel_Alpha158_csi300_custom_step0_s_20260527_18,36d9c002328b4e48a891b2db11f4ba3b,0.076,,,
4306,2026-05-27,SH605499,-0.0156539130453801,EXP_LGBModel_Alpha158_csi300_custom_step0_s_20260527_18,36d9c002328b4e48a891b2db11f4ba3b,0.076,,,
4307,2026-05-27,SH688271,0.008577302663959351,EXP_LGBModel_Alpha158_csi300_custom_step0_s_20260527_18,36d9c002328b4e48a891b2db11f4ba3b,0.076,,,
4308,2026-05-27,SH688256,0.04214781789275117,EXP_LGBModel_Alpha158_csi300_custom_step0_s_20260527_18,36d9c002328b4e48a891b2db11f4ba3b,0.076,,,
4309,2026-05-27,SH688223,-1.0310748514914266e-09,EXP_LGBModel_Alpha158_csi300_custom_step0_s_20260527_18,36d9c002328b4e48a891b2db11f4ba3b,0.076,,,
4310,2026-05-27,SH688187,0.017369563790159588,EXP_LGBModel_Alpha158_csi300_custom_step0_s_20260527_18,36d9c002328b4e48a891b2db11f4ba3b,0.076,,,
4311,2026-05-27,SH688169,-0.0020053586087586004,EXP_LGBModel_Alpha158_csi300_custom_step0_s_20260527_18,36d9c002328b4e48a891b2db11f4ba3b,0.076,,,
4312,2026-05-27,SH688126,-0.000736522996246338,EXP_LGBModel_Alpha158_csi300_custom_step0_s_20260527_18,36d9c002328b4e48a891b2db11f4ba3b,0.076,,,
4313,2026-05-27,SH601988,-0.03155879226487858,EXP_LGBModel_Alpha158_csi300_custom_step0_s_20260527_18,36d9c002328b4e48a891b2db11f4ba3b,0.076,,,
4314,2026-05-27,SH688111,-0.004538505364840632,EXP_LGBModel_Alpha158_csi300_custom_step0_s_20260527_18,36d9c002328b4e48a891b2db11f4ba3b,0.076,,,
4315,2026-05-27,SH688047,0.020075831832961882,EXP_LGBModel_Alpha158_csi300_custom_step0_s_20260527_18,36d9c002328b4e48a891b2db11f4ba3b,0.076,,,
4316,2026-05-27,SH688041,0.006293770979232666,EXP_LGBModel_Alpha158_csi300_custom_step0_s_20260527_18,36d9c002328b4e48a891b2db11f4ba3b,0.076,,,
4317,2026-05-27,SH688036,0.008248800352430778,EXP_LGBModel_Alpha158_csi300_custom_step0_s_20260527_18,36d9c002328b4e48a891b2db11f4ba3b,0.076,,,
4318,2026-05-27,SH688012,-0.0030167396398610817,EXP_LGBModel_Alpha158_csi300_custom_step0_s_20260527_18,36d9c002328b4e48a891b2db11f4ba3b,0.076,,,
4319,2026-05-27,SH688009,-0.02514030491844485,EXP_LGBModel_Alpha158_csi300_custom_step0_s_20260527_18,36d9c002328b4e48a891b2db11f4ba3b,0.076,,,
4320,2026-05-27,SH688008,0.016240091999256086,EXP_LGBModel_Alpha158_csi300_custom_step0_s_20260527_18,36d9c002328b4e48a891b2db11f4ba3b,0.076,,,
4321,2026-05-27,SH688082,-0.0030167396398610817,EXP_LGBModel_Alpha158_csi300_custom_step0_s_20260527_18,36d9c002328b4e48a891b2db11f4ba3b,0.076,,,
4322,2026-05-27,SH601985,-0.03295775190656972,EXP_LGBModel_Alpha158_csi300_custom_step0_s_20260527_18,36d9c002328b4e48a891b2db11f4ba3b,0.076,,,
4323,2026-05-27,SH601939,-0.002857563591639581,EXP_LGBModel_Alpha158_csi300_custom_step0_s_20260527_18,36d9c002328b4e48a891b2db11f4ba3b,0.076,,,
4324,2026-05-27,SH601919,-0.012171090827899104,EXP_LGBModel_Alpha158_csi300_custom_step0_s_20260527_18,36d9c002328b4e48a891b2db11f4ba3b,0.076,,,
4325,2026-05-27,SH601766,-0.03525178084165896,EXP_LGBModel_Alpha158_csi300_custom_step0_s_20260527_18,36d9c002328b4e48a891b2db11f4ba3b,0.076,,,
4326,2026-05-27,SH601728,-0.004542476422138873,EXP_LGBModel_Alpha158_csi300_custom_step0_s_20260527_18,36d9c002328b4e48a891b2db11f4ba3b,0.076,,,
4327,2026-05-27,SH601698,0.028074613081066124,EXP_LGBModel_Alpha158_csi300_custom_step0_s_20260527_18,36d9c002328b4e48a891b2db11f4ba3b,0.076,,,
4328,2026-05-27,SH601689,0.06054245564801522,EXP_LGBModel_Alpha158_csi300_custom_step0_s_20260527_18,36d9c002328b4e48a891b2db11f4ba3b,0.076,,,
4329,2026-05-27,SH601688,-0.006410358732285362,EXP_LGBModel_Alpha158_csi300_custom_step0_s_20260527_18,36d9c002328b4e48a891b2db11f4ba3b,0.076,,,
4330,2026-05-27,SH601669,-0.0021672612522359172,EXP_LGBModel_Alpha158_csi300_custom_step0_s_20260527_18,36d9c002328b4e48a891b2db11f4ba3b,0.076,,,
4331,2026-05-27,SH601788,-0.028819401306238702,EXP_LGBModel_Alpha158_csi300_custom_step0_s_20260527_18,36d9c002328b4e48a891b2db11f4ba3b,0.076,,,
4332,2026-05-27,SH601668,-0.035923043964360184,EXP_LGBModel_Alpha158_csi300_custom_step0_s_20260527_18,36d9c002328b4e48a891b2db11f4ba3b,0.076,,,
4333,2026-05-27,SH601633,-0.0023944766998060412,EXP_LGBModel_Alpha158_csi300_custom_step0_s_20260527_18,36d9c002328b4e48a891b2db11f4ba3b,0.076,,,
4334,2026-05-27,SH601628,-0.027254943067578363,EXP_LGBModel_Alpha158_csi300_custom_step0_s_20260527_18,36d9c002328b4e48a891b2db11f4ba3b,0.076,,,
4335,2026-05-27,SH601618,-0.017719034872053566,EXP_LGBModel_Alpha158_csi300_custom_step0_s_20260527_18,36d9c002328b4e48a891b2db11f4ba3b,0.076,,,
4336,2026-05-27,SH601607,-0.01150208457326062,EXP_LGBModel_Alpha158_csi300_custom_step0_s_20260527_18,36d9c002328b4e48a891b2db11f4ba3b,0.076,,,
4337,2026-05-27,SH601601,-0.016399148480547365,EXP_LGBModel_Alpha158_csi300_custom_step0_s_20260527_18,36d9c002328b4e48a891b2db11f4ba3b,0.076,,,
4338,2026-05-27,SH601600,-0.0024220998004481327,EXP_LGBModel_Alpha158_csi300_custom_step0_s_20260527_18,36d9c002328b4e48a891b2db11f4ba3b,0.076,,,
4339,2026-05-27,SH601658,-0.03231619939671985,EXP_LGBModel_Alpha158_csi300_custom_step0_s_20260527_18,36d9c002328b4e48a891b2db11f4ba3b,0.076,,,
4340,2026-05-27,SH600460,0.0018255885447991031,EXP_LGBModel_Alpha158_csi300_custom_step0_s_20260527_18,36d9c002328b4e48a891b2db11f4ba3b,0.076,,,
4341,2026-05-27,SH601800,-0.005573383966883368,EXP_LGBModel_Alpha158_csi300_custom_step0_s_20260527_18,36d9c002328b4e48a891b2db11f4ba3b,0.076,,,
4342,2026-05-27,SH601816,-0.03200159633158186,EXP_LGBModel_Alpha158_csi300_custom_step0_s_20260527_18,36d9c002328b4e48a891b2db11f4ba3b,0.076,,,
4343,2026-05-27,SH601916,-0.031850772988621906,EXP_LGBModel_Alpha158_csi300_custom_step0_s_20260527_18,36d9c002328b4e48a891b2db11f4ba3b,0.076,,,
4344,2026-05-27,SH601901,-0.01976565079300076,EXP_LGBModel_Alpha158_csi300_custom_step0_s_20260527_18,36d9c002328b4e48a891b2db11f4ba3b,0.076,,,
4345,2026-05-27,SH601899,-0.029206028843032028,EXP_LGBModel_Alpha158_csi300_custom_step0_s_20260527_18,36d9c002328b4e48a891b2db11f4ba3b,0.076,,,
4346,2026-05-27,SH601898,-0.0023944766998060412,EXP_LGBModel_Alpha158_csi300_custom_step0_s_20260527_18,36d9c002328b4e48a891b2db11f4ba3b,0.076,,,
4347,2026-05-27,SH601888,0.02007635310316433,EXP_LGBModel_Alpha158_csi300_custom_step0_s_20260527_18,36d9c002328b4e48a891b2db11f4ba3b,0.076,,,
4348,2026-05-27,SH601881,-0.004473049935724262,EXP_LGBModel_Alpha158_csi300_custom_step0_s_20260527_18,36d9c002328b4e48a891b2db11f4ba3b,0.076,,,
4349,2026-05-27,SH601808,5.32771264637154e-05,EXP_LGBModel_Alpha158_csi300_custom_step0_s_20260527_18,36d9c002328b4e48a891b2db11f4ba3b,0.076,,,
4350,2026-05-27,SH601878,-0.020459825374878185,EXP_LGBModel_Alpha158_csi300_custom_step0_s_20260527_18,36d9c002328b4e48a891b2db11f4ba3b,0.076,,,
4351,2026-05-27,SH601872,5.32771264637154e-05,EXP_LGBModel_Alpha158_csi300_custom_step0_s_20260527_18,36d9c002328b4e48a891b2db11f4ba3b,0.076,,,
4352,2026-05-27,SH601868,-0.0021628418842531017,EXP_LGBModel_Alpha158_csi300_custom_step0_s_20260527_18,36d9c002328b4e48a891b2db11f4ba3b,0.076,,,
4353,2026-05-27,SH601857,-0.007599393017100737,EXP_LGBModel_Alpha158_csi300_custom_step0_s_20260527_18,36d9c002328b4e48a891b2db11f4ba3b,0.076,,,
4354,2026-05-27,SH601838,0.003626919660659656,EXP_LGBModel_Alpha158_csi300_custom_step0_s_20260527_18,36d9c002328b4e48a891b2db11f4ba3b,0.076,,,
4355,2026-05-27,SH601825,-0.025565932381079227,EXP_LGBModel_Alpha158_csi300_custom_step0_s_20260527_18,36d9c002328b4e48a891b2db11f4ba3b,0.076,,,
4356,2026-05-27,SH601818,-0.016968053361184766,EXP_LGBModel_Alpha158_csi300_custom_step0_s_20260527_18,36d9c002328b4e48a891b2db11f4ba3b,0.076,,,
4357,2026-05-27,SH601877,-0.004306480359969286,EXP_LGBModel_Alpha158_csi300_custom_step0_s_20260527_18,36d9c002328b4e48a891b2db11f4ba3b,0.076,,,
4358,2026-05-27,SH688396,0.058901742999486875,EXP_LGBModel_Alpha158_csi300_custom_step0_s_20260527_18,36d9c002328b4e48a891b2db11f4ba3b,0.076,,,
4359,2026-05-27,SH600438,5.32771264637154e-05,EXP_LGBModel_Alpha158_csi300_custom_step0_s_20260527_18,36d9c002328b4e48a891b2db11f4ba3b,0.076,,,
4360,2026-05-27,SH600426,0.02007635310316433,EXP_LGBModel_Alpha158_csi300_custom_step0_s_20260527_18,36d9c002328b4e48a891b2db11f4ba3b,0.076,,,
4361,2026-05-27,SZ002352,0.002098834569624174,EXP_LGBModel_Alpha158_csi300_custom_step0_s_20260527_18,06f357d743c74c95ad022042f137e232,0.034,,,
4362,2026-05-27,SZ002371,-5.639842772831693e-10,EXP_LGBModel_Alpha158_csi300_custom_step0_s_20260527_18,06f357d743c74c95ad022042f137e232,0.034,,,
4363,2026-05-27,SZ002384,0.006660689917663373,EXP_LGBModel_Alpha158_csi300_custom_step0_s_20260527_18,06f357d743c74c95ad022042f137e232,0.034,,,
4364,2026-05-27,SZ002415,-0.0030779325076720682,EXP_LGBModel_Alpha158_csi300_custom_step0_s_20260527_18,06f357d743c74c95ad022042f137e232,0.034,,,
4365,2026-05-27,SZ002422,0.0014136905108476532,EXP_LGBModel_Alpha158_csi300_custom_step0_s_20260527_18,06f357d743c74c95ad022042f137e232,0.034,,,
4366,2026-05-27,SZ002459,0.0009151197843120792,EXP_LGBModel_Alpha158_csi300_custom_step0_s_20260527_18,06f357d743c74c95ad022042f137e232,0.034,,,
4367,2026-05-27,SZ002460,0.0009151197843120792,EXP_LGBModel_Alpha158_csi300_custom_step0_s_20260527_18,06f357d743c74c95ad022042f137e232,0.034,,,
4368,2026-05-27,SZ002463,-0.0021007002761308183,EXP_LGBModel_Alpha158_csi300_custom_step0_s_20260527_18,06f357d743c74c95ad022042f137e232,0.034,,,
4369,2026-05-27,SZ002466,0.0009151197843120792,EXP_LGBModel_Alpha158_csi300_custom_step0_s_20260527_18,06f357d743c74c95ad022042f137e232,0.034,,,
4370,2026-05-27,SZ002475,-0.004210036672153293,EXP_LGBModel_Alpha158_csi300_custom_step0_s_20260527_18,06f357d743c74c95ad022042f137e232,0.034,,,
4371,2026-05-27,SZ002493,-0.0021007002761308183,EXP_LGBModel_Alpha158_csi300_custom_step0_s_20260527_18,06f357d743c74c95ad022042f137e232,0.034,,,
4372,2026-05-27,SZ002594,-0.0021093369600067523,EXP_LGBModel_Alpha158_csi300_custom_step0_s_20260527_18,06f357d743c74c95ad022042f137e232,0.034,,,
4373,2026-05-27,SZ002600,-0.0021093369600067523,EXP_LGBModel_Alpha158_csi300_custom_step0_s_20260527_18,06f357d743c74c95ad022042f137e232,0.034,,,
4374,2026-05-27,SZ002601,-5.639842772831693e-10,EXP_LGBModel_Alpha158_csi300_custom_step0_s_20260527_18,06f357d743c74c95ad022042f137e232,0.034,,,
4375,2026-05-27,SZ002625,-0.003881317551705752,EXP_LGBModel_Alpha158_csi300_custom_step0_s_20260527_18,06f357d743c74c95ad022042f137e232,0.034,,,
4376,2026-05-27,SZ002648,0.0009151197843120792,EXP_LGBModel_Alpha158_csi300_custom_step0_s_20260527_18,06f357d743c74c95ad022042f137e232,0.034,,,
4377,2026-05-27,SZ002709,-0.0021093369600067523,EXP_LGBModel_Alpha158_csi300_custom_step0_s_20260527_18,06f357d743c74c95ad022042f137e232,0.034,,,
4378,2026-05-27,SZ300274,-5.639842772831693e-10,EXP_LGBModel_Alpha158_csi300_custom_step0_s_20260527_18,06f357d743c74c95ad022042f137e232,0.034,,,
4379,2026-05-27,SZ300251,-5.639842772831693e-10,EXP_LGBModel_Alpha158_csi300_custom_step0_s_20260527_18,06f357d743c74c95ad022042f137e232,0.034,,,
4380,2026-05-27,SZ300124,-0.004210036672153293,EXP_LGBModel_Alpha158_csi300_custom_step0_s_20260527_18,06f357d743c74c95ad022042f137e232,0.034,,,
4381,2026-05-27,SZ300122,-0.004210036672153293,EXP_LGBModel_Alpha158_csi300_custom_step0_s_20260527_18,06f357d743c74c95ad022042f137e232,0.034,,,
4382,2026-05-27,SZ300059,-0.0030779325076720682,EXP_LGBModel_Alpha158_csi300_custom_step0_s_20260527_18,06f357d743c74c95ad022042f137e232,0.034,,,
4383,2026-05-27,SZ300033,-0.004210036672153293,EXP_LGBModel_Alpha158_csi300_custom_step0_s_20260527_18,06f357d743c74c95ad022042f137e232,0.034,,,
4384,2026-05-27,SZ002311,-1.865142522366938e-06,EXP_LGBModel_Alpha158_csi300_custom_step0_s_20260527_18,06f357d743c74c95ad022042f137e232,0.034,,,
4385,2026-05-27,SZ300015,-5.639842772831693e-10,EXP_LGBModel_Alpha158_csi300_custom_step0_s_20260527_18,06f357d743c74c95ad022042f137e232,0.034,,,
4386,2026-05-27,SZ003816,-0.004210036672153293,EXP_LGBModel_Alpha158_csi300_custom_step0_s_20260527_18,06f357d743c74c95ad022042f137e232,0.034,,,
4387,2026-05-27,SZ002938,-0.0003090691005661139,EXP_LGBModel_Alpha158_csi300_custom_step0_s_20260527_18,06f357d743c74c95ad022042f137e232,0.034,,,
4388,2026-05-27,SZ002920,0.00016453115590446608,EXP_LGBModel_Alpha158_csi300_custom_step0_s_20260527_18,06f357d743c74c95ad022042f137e232,0.034,,,
4389,2026-05-27,SZ002916,-0.0003090691005661139,EXP_LGBModel_Alpha158_csi300_custom_step0_s_20260527_18,06f357d743c74c95ad022042f137e232,0.034,,,
4390,2026-05-27,SZ002736,-0.0021093369600067523,EXP_LGBModel_Alpha158_csi300_custom_step0_s_20260527_18,06f357d743c74c95ad022042f137e232,0.034,,,
4391,2026-05-27,SZ002714,0.0009151197843120792,EXP_LGBModel_Alpha158_csi300_custom_step0_s_20260527_18,06f357d743c74c95ad022042f137e232,0.034,,,
4392,2026-05-27,SZ300014,-0.0030779325076720682,EXP_LGBModel_Alpha158_csi300_custom_step0_s_20260527_18,06f357d743c74c95ad022042f137e232,0.034,,,
4393,2026-05-27,SZ300308,0.006351621381081537,EXP_LGBModel_Alpha158_csi300_custom_step0_s_20260527_18,06f357d743c74c95ad022042f137e232,0.034,,,
4394,2026-05-27,SZ002304,-0.0021007002761308183,EXP_LGBModel_Alpha158_csi300_custom_step0_s_20260527_18,06f357d743c74c95ad022042f137e232,0.034,,,
4395,2026-05-27,SZ002241,0.0019451484314793994,EXP_LGBModel_Alpha158_csi300_custom_step0_s_20260527_18,06f357d743c74c95ad022042f137e232,0.034,,,
4396,2026-05-27,SZ000651,-0.0009685961116495933,EXP_LGBModel_Alpha158_csi300_custom_step0_s_20260527_18,06f357d743c74c95ad022042f137e232,0.034,,,
4397,2026-05-27,SZ000661,-0.001194216611710396,EXP_LGBModel_Alpha158_csi300_custom_step0_s_20260527_18,06f357d743c74c95ad022042f137e232,0.034,,,
4398,2026-05-27,SZ000708,0.0004368886050758695,EXP_LGBModel_Alpha158_csi300_custom_step0_s_20260527_18,06f357d743c74c95ad022042f137e232,0.034,,,
4399,2026-05-27,SZ000725,-0.0021007002761308183,EXP_LGBModel_Alpha158_csi300_custom_step0_s_20260527_18,06f357d743c74c95ad022042f137e232,0.034,,,
4400,2026-05-27,SZ000768,-5.639842772831693e-10,EXP_LGBModel_Alpha158_csi300_custom_step0_s_20260527_18,06f357d743c74c95ad022042f137e232,0.034,,,
4401,2026-05-27,SZ000776,-0.004210036672153293,EXP_LGBModel_Alpha158_csi300_custom_step0_s_20260527_18,06f357d743c74c95ad022042f137e232,0.034,,,
4402,2026-05-27,SZ000786,0.0009151197843120792,EXP_LGBModel_Alpha158_csi300_custom_step0_s_20260527_18,06f357d743c74c95ad022042f137e232,0.034,,,
4403,2026-05-27,SZ000792,0.0009151197843120792,EXP_LGBModel_Alpha158_csi300_custom_step0_s_20260527_18,06f357d743c74c95ad022042f137e232,0.034,,,
4404,2026-05-27,SZ000807,0.0009151197843120792,EXP_LGBModel_Alpha158_csi300_custom_step0_s_20260527_18,06f357d743c74c95ad022042f137e232,0.034,,,
4405,2026-05-27,SZ000858,-5.639842772831693e-10,EXP_LGBModel_Alpha158_csi300_custom_step0_s_20260527_18,06f357d743c74c95ad022042f137e232,0.034,,,
4406,2026-05-27,SZ000876,-0.0021007002761308183,EXP_LGBModel_Alpha158_csi300_custom_step0_s_20260527_18,06f357d743c74c95ad022042f137e232,0.034,,,
4407,2026-05-27,SZ000895,-0.0021093369600067523,EXP_LGBModel_Alpha158_csi300_custom_step0_s_20260527_18,06f357d743c74c95ad022042f137e232,0.034,,,
4408,2026-05-27,SZ000938,0.0009151197843120792,EXP_LGBModel_Alpha158_csi300_custom_step0_s_20260527_18,06f357d743c74c95ad022042f137e232,0.034,,,
4409,2026-05-27,SZ000963,-5.639842772831693e-10,EXP_LGBModel_Alpha158_csi300_custom_step0_s_20260527_18,06f357d743c74c95ad022042f137e232,0.034,,,
4410,2026-05-27,SZ000975,0.0009151197843120792,EXP_LGBModel_Alpha158_csi300_custom_step0_s_20260527_18,06f357d743c74c95ad022042f137e232,0.034,,,
4411,2026-05-27,SZ000977,-0.0021007002761308183,EXP_LGBModel_Alpha158_csi300_custom_step0_s_20260527_18,06f357d743c74c95ad022042f137e232,0.034,,,
4412,2026-05-27,SZ000983,-0.0030779325076720682,EXP_LGBModel_Alpha158_csi300_custom_step0_s_20260527_18,06f357d743c74c95ad022042f137e232,0.034,,,
4413,2026-05-27,SZ002236,-0.0009685961116495933,EXP_LGBModel_Alpha158_csi300_custom_step0_s_20260527_18,06f357d743c74c95ad022042f137e232,0.034,,,
4414,2026-05-27,SZ002230,-0.0021007002761308183,EXP_LGBModel_Alpha158_csi300_custom_step0_s_20260527_18,06f357d743c74c95ad022042f137e232,0.034,,,
4415,2026-05-27,SZ002179,-0.0021093369600067523,EXP_LGBModel_Alpha158_csi300_custom_step0_s_20260527_18,06f357d743c74c95ad022042f137e232,0.034,,,
4416,2026-05-27,SZ002142,-5.639842772831693e-10,EXP_LGBModel_Alpha158_csi300_custom_step0_s_20260527_18,06f357d743c74c95ad022042f137e232,0.034,,,
4417,2026-05-27,SZ002074,-0.0021093369600067523,EXP_LGBModel_Alpha158_csi300_custom_step0_s_20260527_18,06f357d743c74c95ad022042f137e232,0.034,,,
4418,2026-05-27,SZ002050,-0.004210036672153293,EXP_LGBModel_Alpha158_csi300_custom_step0_s_20260527_18,06f357d743c74c95ad022042f137e232,0.034,,,
4419,2026-05-27,SZ002252,-0.004210036672153293,EXP_LGBModel_Alpha158_csi300_custom_step0_s_20260527_18,06f357d743c74c95ad022042f137e232,0.034,,,
4420,2026-05-27,SZ002049,-0.0002065699231124574,EXP_LGBModel_Alpha158_csi300_custom_step0_s_20260527_18,06f357d743c74c95ad022042f137e232,0.034,,,
4421,2026-05-27,SZ002027,-0.001194216611710396,EXP_LGBModel_Alpha158_csi300_custom_step0_s_20260527_18,06f357d743c74c95ad022042f137e232,0.034,,,
4422,2026-05-27,SZ002001,0.0009151197843120792,EXP_LGBModel_Alpha158_csi300_custom_step0_s_20260527_18,06f357d743c74c95ad022042f137e232,0.034,,,
4423,2026-05-27,SZ001979,-0.0021007002761308183,EXP_LGBModel_Alpha158_csi300_custom_step0_s_20260527_18,06f357d743c74c95ad022042f137e232,0.034,,,
4424,2026-05-27,SZ001965,0.001013271670295589,EXP_LGBModel_Alpha158_csi300_custom_step0_s_20260527_18,06f357d743c74c95ad022042f137e232,0.034,,,
4425,2026-05-27,SZ001391,-5.639842772831693e-10,EXP_LGBModel_Alpha158_csi300_custom_step0_s_20260527_18,06f357d743c74c95ad022042f137e232,0.034,,,
4426,2026-05-27,SZ000999,-0.0030779325076720682,EXP_LGBModel_Alpha158_csi300_custom_step0_s_20260527_18,06f357d743c74c95ad022042f137e232,0.034,,,
4427,2026-05-27,SZ002028,-0.004210036672153293,EXP_LGBModel_Alpha158_csi300_custom_step0_s_20260527_18,06f357d743c74c95ad022042f137e232,0.034,,,
4428,2026-05-27,SZ300316,0.013595424984444396,EXP_LGBModel_Alpha158_csi300_custom_step0_s_20260527_18,06f357d743c74c95ad022042f137e232,0.034,,,
4429,2026-05-27,SZ300347,0.013595424984444396,EXP_LGBModel_Alpha158_csi300_custom_step0_s_20260527_18,06f357d743c74c95ad022042f137e232,0.034,,,
4430,2026-05-27,SZ300394,0.0019451484314793994,EXP_LGBModel_Alpha158_csi300_custom_step0_s_20260527_18,06f357d743c74c95ad022042f137e232,0.034,,,
4431,2026-05-27,SH600029,-0.010632113171154749,EXP_LGBModel_Alpha158_csi300_custom_step0_s_20260527_18,36d9c002328b4e48a891b2db11f4ba3b,0.076,,,
4432,2026-05-27,SH600030,-0.01896841218415969,EXP_LGBModel_Alpha158_csi300_custom_step0_s_20260527_18,36d9c002328b4e48a891b2db11f4ba3b,0.076,,,
4433,2026-05-27,SH600031,-0.005224386919371656,EXP_LGBModel_Alpha158_csi300_custom_step0_s_20260527_18,36d9c002328b4e48a891b2db11f4ba3b,0.076,,,
4434,2026-05-27,SH600036,-0.035923043964360184,EXP_LGBModel_Alpha158_csi300_custom_step0_s_20260527_18,36d9c002328b4e48a891b2db11f4ba3b,0.076,,,
4435,2026-05-27,SH600039,0.024983718482898203,EXP_LGBModel_Alpha158_csi300_custom_step0_s_20260527_18,36d9c002328b4e48a891b2db11f4ba3b,0.076,,,
4436,2026-05-27,SH600048,0.0030852212747925897,EXP_LGBModel_Alpha158_csi300_custom_step0_s_20260527_18,36d9c002328b4e48a891b2db11f4ba3b,0.076,,,
4437,2026-05-27,SH600050,-0.01642653166348005,EXP_LGBModel_Alpha158_csi300_custom_step0_s_20260527_18,36d9c002328b4e48a891b2db11f4ba3b,0.076,,,
4438,2026-05-27,SH600061,-0.01753991573057874,EXP_LGBModel_Alpha158_csi300_custom_step0_s_20260527_18,36d9c002328b4e48a891b2db11f4ba3b,0.076,,,
4439,2026-05-27,SH600066,0.003660515798236422,EXP_LGBModel_Alpha158_csi300_custom_step0_s_20260527_18,36d9c002328b4e48a891b2db11f4ba3b,0.076,,,
4440,2026-05-27,SH600085,-0.016653722733016747,EXP_LGBModel_Alpha158_csi300_custom_step0_s_20260527_18,36d9c002328b4e48a891b2db11f4ba3b,0.076,,,
4441,2026-05-27,SH600089,-0.0047352274174358305,EXP_LGBModel_Alpha158_csi300_custom_step0_s_20260527_18,36d9c002328b4e48a891b2db11f4ba3b,0.076,,,
4442,2026-05-27,SH600104,-0.021814645370974828,EXP_LGBModel_Alpha158_csi300_custom_step0_s_20260527_18,36d9c002328b4e48a891b2db11f4ba3b,0.076,,,
4443,2026-05-27,SH600111,0.002572384502107878,EXP_LGBModel_Alpha158_csi300_custom_step0_s_20260527_18,36d9c002328b4e48a891b2db11f4ba3b,0.076,,,
4444,2026-05-27,SH600115,-0.02390515105010325,EXP_LGBModel_Alpha158_csi300_custom_step0_s_20260527_18,36d9c002328b4e48a891b2db11f4ba3b,0.076,,,
4445,2026-05-27,SH600150,0.07345805906845292,EXP_LGBModel_Alpha158_csi300_custom_step0_s_20260527_18,36d9c002328b4e48a891b2db11f4ba3b,0.076,,,
4446,2026-05-27,SH600160,-0.0024220998004481327,EXP_LGBModel_Alpha158_csi300_custom_step0_s_20260527_18,36d9c002328b4e48a891b2db11f4ba3b,0.076,,,
4447,2026-05-27,SH600161,-0.011121484434711995,EXP_LGBModel_Alpha158_csi300_custom_step0_s_20260527_18,36d9c002328b4e48a891b2db11f4ba3b,0.076,,,
4448,2026-05-27,SH600415,0.011899913121386961,EXP_LGBModel_Alpha158_csi300_custom_step0_s_20260527_18,36d9c002328b4e48a891b2db11f4ba3b,0.076,,,
4449,2026-05-27,SH600406,-0.015210347706584451,EXP_LGBModel_Alpha158_csi300_custom_step0_s_20260527_18,36d9c002328b4e48a891b2db11f4ba3b,0.076,,,
4450,2026-05-27,SH600377,0.011736839963045531,EXP_LGBModel_Alpha158_csi300_custom_step0_s_20260527_18,36d9c002328b4e48a891b2db11f4ba3b,0.076,,,
4451,2026-05-27,SH600372,5.32771264637154e-05,EXP_LGBModel_Alpha158_csi300_custom_step0_s_20260527_18,36d9c002328b4e48a891b2db11f4ba3b,0.076,,,
4452,2026-05-27,SH600362,-0.028204047134085915,EXP_LGBModel_Alpha158_csi300_custom_step0_s_20260527_18,36d9c002328b4e48a891b2db11f4ba3b,0.076,,,
4453,2026-05-27,SH600346,0.02007635310316433,EXP_LGBModel_Alpha158_csi300_custom_step0_s_20260527_18,36d9c002328b4e48a891b2db11f4ba3b,0.076,,,
4454,2026-05-27,SH600028,5.32771264637154e-05,EXP_LGBModel_Alpha158_csi300_custom_step0_s_20260527_18,36d9c002328b4e48a891b2db11f4ba3b,0.076,,,
4455,2026-05-27,SH600309,-0.00409101231965572,EXP_LGBModel_Alpha158_csi300_custom_step0_s_20260527_18,36d9c002328b4e48a891b2db11f4ba3b,0.076,,,
4456,2026-05-27,SH600233,-0.007391647140532722,EXP_LGBModel_Alpha158_csi300_custom_step0_s_20260527_18,36d9c002328b4e48a891b2db11f4ba3b,0.076,,,
4457,2026-05-27,SH600219,-0.008681260745473447,EXP_LGBModel_Alpha158_csi300_custom_step0_s_20260527_18,36d9c002328b4e48a891b2db11f4ba3b,0.076,,,
4458,2026-05-27,SH600196,-0.01853255668831689,EXP_LGBModel_Alpha158_csi300_custom_step0_s_20260527_18,36d9c002328b4e48a891b2db11f4ba3b,0.076,,,
4459,2026-05-27,SH600188,0.016370104752887638,EXP_LGBModel_Alpha158_csi300_custom_step0_s_20260527_18,36d9c002328b4e48a891b2db11f4ba3b,0.076,,,
4460,2026-05-27,SH600183,0.056605584251917,EXP_LGBModel_Alpha158_csi300_custom_step0_s_20260527_18,36d9c002328b4e48a891b2db11f4ba3b,0.076,,,
4461,2026-05-27,SH600176,0.047316424195017234,EXP_LGBModel_Alpha158_csi300_custom_step0_s_20260527_18,36d9c002328b4e48a891b2db11f4ba3b,0.076,,,
4462,2026-05-27,SH600276,-0.024704845989577,EXP_LGBModel_Alpha158_csi300_custom_step0_s_20260527_18,36d9c002328b4e48a891b2db11f4ba3b,0.076,,,
4463,2026-05-27,SH600027,0.009709347058460386,EXP_LGBModel_Alpha158_csi300_custom_step0_s_20260527_18,36d9c002328b4e48a891b2db11f4ba3b,0.076,,,
4464,2026-05-27,SH600026,-0.004781045500992952,EXP_LGBModel_Alpha158_csi300_custom_step0_s_20260527_18,36d9c002328b4e48a891b2db11f4ba3b,0.076,,,
4465,2026-05-27,SH600025,-0.021763716968774348,EXP_LGBModel_Alpha158_csi300_custom_step0_s_20260527_18,36d9c002328b4e48a891b2db11f4ba3b,0.076,,,
4466,2026-05-27,SZ300782,0.013595424984444396,EXP_LGBModel_Alpha158_csi300_custom_step0_s_20260527_18,06f357d743c74c95ad022042f137e232,0.034,,,
4467,2026-05-27,SZ300760,-0.004210036672153293,EXP_LGBModel_Alpha158_csi300_custom_step0_s_20260527_18,06f357d743c74c95ad022042f137e232,0.034,,,
4468,2026-05-27,SZ300759,0.0009151197843120792,EXP_LGBModel_Alpha158_csi300_custom_step0_s_20260527_18,06f357d743c74c95ad022042f137e232,0.034,,,
4469,2026-05-27,SZ300750,-0.0021093369600067523,EXP_LGBModel_Alpha158_csi300_custom_step0_s_20260527_18,06f357d743c74c95ad022042f137e232,0.034,,,
4470,2026-05-27,SZ300661,-5.639842772831693e-10,EXP_LGBModel_Alpha158_csi300_custom_step0_s_20260527_18,06f357d743c74c95ad022042f137e232,0.034,,,
4471,2026-05-27,SZ300628,0.0025462250010983446,EXP_LGBModel_Alpha158_csi300_custom_step0_s_20260527_18,06f357d743c74c95ad022042f137e232,0.034,,,
4472,2026-05-27,SZ300803,-0.0030779325076720682,EXP_LGBModel_Alpha158_csi300_custom_step0_s_20260527_18,06f357d743c74c95ad022042f137e232,0.034,,,
4473,2026-05-27,SZ300502,-0.0021007002761308183,EXP_LGBModel_Alpha158_csi300_custom_step0_s_20260527_18,06f357d743c74c95ad022042f137e232,0.034,,,
4474,2026-05-27,SZ300476,-0.004210036672153293,EXP_LGBModel_Alpha158_csi300_custom_step0_s_20260527_18,06f357d743c74c95ad022042f137e232,0.034,,,
4475,2026-05-27,SZ300442,-5.639842772831693e-10,EXP_LGBModel_Alpha158_csi300_custom_step0_s_20260527_18,06f357d743c74c95ad022042f137e232,0.034,,,
4476,2026-05-27,SZ300433,-5.639842772831693e-10,EXP_LGBModel_Alpha158_csi300_custom_step0_s_20260527_18,06f357d743c74c95ad022042f137e232,0.034,,,
4477,2026-05-27,SZ300418,-5.639842772831693e-10,EXP_LGBModel_Alpha158_csi300_custom_step0_s_20260527_18,06f357d743c74c95ad022042f137e232,0.034,,,
4478,2026-05-27,SZ300413,-0.001194216611710396,EXP_LGBModel_Alpha158_csi300_custom_step0_s_20260527_18,06f357d743c74c95ad022042f137e232,0.034,,,
4479,2026-05-27,SZ300408,-5.639842772831693e-10,EXP_LGBModel_Alpha158_csi300_custom_step0_s_20260527_18,06f357d743c74c95ad022042f137e232,0.034,,,
4480,2026-05-27,SZ300498,0.0009151197843120792,EXP_LGBModel_Alpha158_csi300_custom_step0_s_20260527_18,06f357d743c74c95ad022042f137e232,0.034,,,
4481,2026-05-27,SH600436,-0.01181940010556008,EXP_LGBModel_Alpha158_csi300_custom_step0_s_20260527_18,36d9c002328b4e48a891b2db11f4ba3b,0.076,,,
4482,2026-05-27,SZ300832,-0.004210036672153293,EXP_LGBModel_Alpha158_csi300_custom_step0_s_20260527_18,06f357d743c74c95ad022042f137e232,0.034,,,
4483,2026-05-27,SZ300896,-0.004210036672153293,EXP_LGBModel_Alpha158_csi300_custom_step0_s_20260527_18,06f357d743c74c95ad022042f137e232,0.034,,,
4484,2026-05-27,SH600023,0.002731614905987858,EXP_LGBModel_Alpha158_csi300_custom_step0_s_20260527_18,36d9c002328b4e48a891b2db11f4ba3b,0.076,,,
4485,2026-05-27,SH600019,-0.016653722733016747,EXP_LGBModel_Alpha158_csi300_custom_step0_s_20260527_18,36d9c002328b4e48a891b2db11f4ba3b,0.076,,,
4486,2026-05-27,SH600018,-0.0029157076363434268,EXP_LGBModel_Alpha158_csi300_custom_step0_s_20260527_18,36d9c002328b4e48a891b2db11f4ba3b,0.076,,,
4487,2026-05-27,SH600016,-0.03397195818890652,EXP_LGBModel_Alpha158_csi300_custom_step0_s_20260527_18,36d9c002328b4e48a891b2db11f4ba3b,0.076,,,
4488,2026-05-27,SH600015,-0.035923043964360184,EXP_LGBModel_Alpha158_csi300_custom_step0_s_20260527_18,36d9c002328b4e48a891b2db11f4ba3b,0.076,,,
4489,2026-05-27,SH600011,0.00740213975908801,EXP_LGBModel_Alpha158_csi300_custom_step0_s_20260527_18,36d9c002328b4e48a891b2db11f4ba3b,0.076,,,
4490,2026-05-27,SZ300866,-0.0021093369600067523,EXP_LGBModel_Alpha158_csi300_custom_step0_s_20260527_18,06f357d743c74c95ad022042f137e232,0.034,,,
4491,2026-05-27,SH600010,5.32771264637154e-05,EXP_LGBModel_Alpha158_csi300_custom_step0_s_20260527_18,36d9c002328b4e48a891b2db11f4ba3b,0.076,,,
4492,2026-05-27,SH600000,-0.020464934893761264,EXP_LGBModel_Alpha158_csi300_custom_step0_s_20260527_18,36d9c002328b4e48a891b2db11f4ba3b,0.076,,,
4493,2026-05-27,SZ302132,-5.639842772831693e-10,EXP_LGBModel_Alpha158_csi300_custom_step0_s_20260527_18,06f357d743c74c95ad022042f137e232,0.034,,,
4494,2026-05-27,SZ301269,-5.639842772831693e-10,EXP_LGBModel_Alpha158_csi300_custom_step0_s_20260527_18,06f357d743c74c95ad022042f137e232,0.034,,,
4495,2026-05-27,SZ301236,-0.0021007002761308183,EXP_LGBModel_Alpha158_csi300_custom_step0_s_20260527_18,06f357d743c74c95ad022042f137e232,0.034,,,
4496,2026-05-27,SZ300999,-0.0021007002761308183,EXP_LGBModel_Alpha158_csi300_custom_step0_s_20260527_18,06f357d743c74c95ad022042f137e232,0.034,,,
4497,2026-05-27,SZ300979,0.0009151197843120792,EXP_LGBModel_Alpha158_csi300_custom_step0_s_20260527_18,06f357d743c74c95ad022042f137e232,0.034,,,
4498,2026-05-27,SH600009,-0.018820982954177813,EXP_LGBModel_Alpha158_csi300_custom_step0_s_20260527_18,36d9c002328b4e48a891b2db11f4ba3b,0.076,,,
4499,2026-05-27,SZ302132,0.09377830475568771,EXP_XGBModel_Alpha158_csi300_custom_step0_s_20260527_16,1895157b1dd44cd4a3bcd7398ef8b2d0,0.08,,,
