,datetime,instrument,score,exp_name,rid,weight,real_label,error,abs_error
0,2026-05-25,SH600000,-0.0008362206285599157,EXP_CatBoostModel_Alpha158_csi300_custom_step0_s_20260525_18,eb2c7a21173e4be4a93d9aeafc5e88ed,0.057,,,
1,2026-05-25,SZ000596,-0.06824001669883728,EXP_LinearModel_Alpha158_csi300_custom_step0_s_20260525_15,d72bb24209354b9a9a7ea3242843ba8d,0.071,,,
2,2026-05-25,SZ000568,-0.05218435823917389,EXP_LinearModel_Alpha158_csi300_custom_step0_s_20260525_15,d72bb24209354b9a9a7ea3242843ba8d,0.071,,,
3,2026-05-25,SZ000538,-0.061898984014987946,EXP_LinearModel_Alpha158_csi300_custom_step0_s_20260525_15,d72bb24209354b9a9a7ea3242843ba8d,0.071,,,
4,2026-05-25,SZ000425,-0.012020270340144634,EXP_LinearModel_Alpha158_csi300_custom_step0_s_20260525_15,d72bb24209354b9a9a7ea3242843ba8d,0.071,,,
5,2026-05-25,SZ000408,-0.07140626758337021,EXP_LinearModel_Alpha158_csi300_custom_step0_s_20260525_15,d72bb24209354b9a9a7ea3242843ba8d,0.071,,,
6,2026-05-25,SZ000338,-0.052635274827480316,EXP_LinearModel_Alpha158_csi300_custom_step0_s_20260525_15,d72bb24209354b9a9a7ea3242843ba8d,0.071,,,
7,2026-05-25,SZ000617,-0.0038383356295526028,EXP_LinearModel_Alpha158_csi300_custom_step0_s_20260525_15,d72bb24209354b9a9a7ea3242843ba8d,0.071,,,
8,2026-05-25,SZ000333,0.036546558141708374,EXP_LinearModel_Alpha158_csi300_custom_step0_s_20260525_15,d72bb24209354b9a9a7ea3242843ba8d,0.071,,,
9,2026-05-25,SZ000166,-0.04028536006808281,EXP_LinearModel_Alpha158_csi300_custom_step0_s_20260525_15,d72bb24209354b9a9a7ea3242843ba8d,0.071,,,
10,2026-05-25,SZ000157,-0.04134196788072586,EXP_LinearModel_Alpha158_csi300_custom_step0_s_20260525_15,d72bb24209354b9a9a7ea3242843ba8d,0.071,,,
11,2026-05-25,SZ000100,-0.019623156636953354,EXP_LinearModel_Alpha158_csi300_custom_step0_s_20260525_15,d72bb24209354b9a9a7ea3242843ba8d,0.071,,,
12,2026-05-25,SZ000063,-0.012881950475275517,EXP_LinearModel_Alpha158_csi300_custom_step0_s_20260525_15,d72bb24209354b9a9a7ea3242843ba8d,0.071,,,
13,2026-05-25,SZ000002,-0.06663578748703003,EXP_LinearModel_Alpha158_csi300_custom_step0_s_20260525_15,d72bb24209354b9a9a7ea3242843ba8d,0.071,,,
14,2026-05-25,SZ000001,-0.037779975682497025,EXP_LinearModel_Alpha158_csi300_custom_step0_s_20260525_15,d72bb24209354b9a9a7ea3242843ba8d,0.071,,,
15,2026-05-25,SZ000301,-0.007007330656051636,EXP_LinearModel_Alpha158_csi300_custom_step0_s_20260525_15,d72bb24209354b9a9a7ea3242843ba8d,0.071,,,
16,2026-05-25,SZ000625,-0.04350091516971588,EXP_LinearModel_Alpha158_csi300_custom_step0_s_20260525_15,d72bb24209354b9a9a7ea3242843ba8d,0.071,,,
17,2026-05-25,SZ000630,-0.031811296939849854,EXP_LinearModel_Alpha158_csi300_custom_step0_s_20260525_15,d72bb24209354b9a9a7ea3242843ba8d,0.071,,,
18,2026-05-25,SZ000651,0.0349133238196373,EXP_LinearModel_Alpha158_csi300_custom_step0_s_20260525_15,d72bb24209354b9a9a7ea3242843ba8d,0.071,,,
19,2026-05-25,SZ000977,-0.037555888295173645,EXP_LinearModel_Alpha158_csi300_custom_step0_s_20260525_15,d72bb24209354b9a9a7ea3242843ba8d,0.071,,,
20,2026-05-25,SZ000975,-0.0038107112050056458,EXP_LinearModel_Alpha158_csi300_custom_step0_s_20260525_15,d72bb24209354b9a9a7ea3242843ba8d,0.071,,,
21,2026-05-25,SZ000963,-0.024314070120453835,EXP_LinearModel_Alpha158_csi300_custom_step0_s_20260525_15,d72bb24209354b9a9a7ea3242843ba8d,0.071,,,
22,2026-05-25,SZ000938,-0.0159054696559906,EXP_LinearModel_Alpha158_csi300_custom_step0_s_20260525_15,d72bb24209354b9a9a7ea3242843ba8d,0.071,,,
23,2026-05-25,SZ000895,-0.06423678994178772,EXP_LinearModel_Alpha158_csi300_custom_step0_s_20260525_15,d72bb24209354b9a9a7ea3242843ba8d,0.071,,,
24,2026-05-25,SZ000876,-0.03920852765440941,EXP_LinearModel_Alpha158_csi300_custom_step0_s_20260525_15,d72bb24209354b9a9a7ea3242843ba8d,0.071,,,
25,2026-05-25,SZ000858,-0.003011970082297921,EXP_LinearModel_Alpha158_csi300_custom_step0_s_20260525_15,d72bb24209354b9a9a7ea3242843ba8d,0.071,,,
26,2026-05-25,SZ000807,-0.02944698929786682,EXP_LinearModel_Alpha158_csi300_custom_step0_s_20260525_15,d72bb24209354b9a9a7ea3242843ba8d,0.071,,,
27,2026-05-25,SZ000792,-0.027243468910455704,EXP_LinearModel_Alpha158_csi300_custom_step0_s_20260525_15,d72bb24209354b9a9a7ea3242843ba8d,0.071,,,
28,2026-05-25,SZ000786,-0.05180401727557182,EXP_LinearModel_Alpha158_csi300_custom_step0_s_20260525_15,d72bb24209354b9a9a7ea3242843ba8d,0.071,,,
29,2026-05-25,SZ000776,-0.011077819392085075,EXP_LinearModel_Alpha158_csi300_custom_step0_s_20260525_15,d72bb24209354b9a9a7ea3242843ba8d,0.071,,,
30,2026-05-25,SZ000768,-0.08811328560113907,EXP_LinearModel_Alpha158_csi300_custom_step0_s_20260525_15,d72bb24209354b9a9a7ea3242843ba8d,0.071,,,
31,2026-05-25,SZ000725,-0.029988905414938927,EXP_LinearModel_Alpha158_csi300_custom_step0_s_20260525_15,d72bb24209354b9a9a7ea3242843ba8d,0.071,,,
32,2026-05-25,SZ000708,-0.014543227851390839,EXP_LinearModel_Alpha158_csi300_custom_step0_s_20260525_15,d72bb24209354b9a9a7ea3242843ba8d,0.071,,,
33,2026-05-25,SZ000661,-0.09288541227579117,EXP_LinearModel_Alpha158_csi300_custom_step0_s_20260525_15,d72bb24209354b9a9a7ea3242843ba8d,0.071,,,
34,2026-05-25,SH688981,-0.0681607574224472,EXP_LinearModel_Alpha158_csi300_custom_step0_s_20260525_15,d72bb24209354b9a9a7ea3242843ba8d,0.071,,,
35,2026-05-25,SH688506,-0.04740290343761444,EXP_LinearModel_Alpha158_csi300_custom_step0_s_20260525_15,d72bb24209354b9a9a7ea3242843ba8d,0.071,,,
36,2026-05-25,SH688472,-0.00020448933355510235,EXP_LinearModel_Alpha158_csi300_custom_step0_s_20260525_15,d72bb24209354b9a9a7ea3242843ba8d,0.071,,,
37,2026-05-25,SH688396,-0.05220957472920418,EXP_LinearModel_Alpha158_csi300_custom_step0_s_20260525_15,d72bb24209354b9a9a7ea3242843ba8d,0.071,,,
38,2026-05-25,SH603893,-0.03501933068037033,EXP_LinearModel_Alpha158_csi300_custom_step0_s_20260525_15,d72bb24209354b9a9a7ea3242843ba8d,0.071,,,
39,2026-05-25,SH603799,-0.06368135660886765,EXP_LinearModel_Alpha158_csi300_custom_step0_s_20260525_15,d72bb24209354b9a9a7ea3242843ba8d,0.071,,,
40,2026-05-25,SH603501,-0.027078751474618912,EXP_LinearModel_Alpha158_csi300_custom_step0_s_20260525_15,d72bb24209354b9a9a7ea3242843ba8d,0.071,,,
41,2026-05-25,SH603392,-0.06401345878839493,EXP_LinearModel_Alpha158_csi300_custom_step0_s_20260525_15,d72bb24209354b9a9a7ea3242843ba8d,0.071,,,
42,2026-05-25,SH603369,-0.05270672217011452,EXP_LinearModel_Alpha158_csi300_custom_step0_s_20260525_15,d72bb24209354b9a9a7ea3242843ba8d,0.071,,,
43,2026-05-25,SH603296,-0.05575935170054436,EXP_LinearModel_Alpha158_csi300_custom_step0_s_20260525_15,d72bb24209354b9a9a7ea3242843ba8d,0.071,,,
44,2026-05-25,SH603288,-0.10367939621210098,EXP_LinearModel_Alpha158_csi300_custom_step0_s_20260525_15,d72bb24209354b9a9a7ea3242843ba8d,0.071,,,
45,2026-05-25,SH603260,-0.06653623282909393,EXP_LinearModel_Alpha158_csi300_custom_step0_s_20260525_15,d72bb24209354b9a9a7ea3242843ba8d,0.071,,,
46,2026-05-25,SH603259,0.015697365626692772,EXP_LinearModel_Alpha158_csi300_custom_step0_s_20260525_15,d72bb24209354b9a9a7ea3242843ba8d,0.071,,,
47,2026-05-25,SH603195,0.010705319233238697,EXP_LinearModel_Alpha158_csi300_custom_step0_s_20260525_15,d72bb24209354b9a9a7ea3242843ba8d,0.071,,,
48,2026-05-25,SH603019,-0.02001478523015976,EXP_LinearModel_Alpha158_csi300_custom_step0_s_20260525_15,d72bb24209354b9a9a7ea3242843ba8d,0.071,,,
49,2026-05-25,SH601998,-0.04782075807452202,EXP_LinearModel_Alpha158_csi300_custom_step0_s_20260525_15,d72bb24209354b9a9a7ea3242843ba8d,0.071,,,
50,2026-05-25,SH601995,0.017717724665999413,EXP_LinearModel_Alpha158_csi300_custom_step0_s_20260525_15,d72bb24209354b9a9a7ea3242843ba8d,0.071,,,
51,2026-05-25,SH601988,0.053262628614902496,EXP_LinearModel_Alpha158_csi300_custom_step0_s_20260525_15,d72bb24209354b9a9a7ea3242843ba8d,0.071,,,
52,2026-05-25,SH601985,-0.0463511161506176,EXP_LinearModel_Alpha158_csi300_custom_step0_s_20260525_15,d72bb24209354b9a9a7ea3242843ba8d,0.071,,,
53,2026-05-25,SH603986,-0.15768426656723022,EXP_LinearModel_Alpha158_csi300_custom_step0_s_20260525_15,d72bb24209354b9a9a7ea3242843ba8d,0.071,,,
54,2026-05-25,SZ000983,-0.01100442185997963,EXP_LinearModel_Alpha158_csi300_custom_step0_s_20260525_15,d72bb24209354b9a9a7ea3242843ba8d,0.071,,,
55,2026-05-25,SH603993,-0.06669603288173676,EXP_LinearModel_Alpha158_csi300_custom_step0_s_20260525_15,d72bb24209354b9a9a7ea3242843ba8d,0.071,,,
56,2026-05-25,SH605499,-0.040652040392160416,EXP_LinearModel_Alpha158_csi300_custom_step0_s_20260525_15,d72bb24209354b9a9a7ea3242843ba8d,0.071,,,
57,2026-05-25,SH688303,-0.052965693175792694,EXP_LinearModel_Alpha158_csi300_custom_step0_s_20260525_15,d72bb24209354b9a9a7ea3242843ba8d,0.071,,,
58,2026-05-25,SH688271,-0.07327460497617722,EXP_LinearModel_Alpha158_csi300_custom_step0_s_20260525_15,d72bb24209354b9a9a7ea3242843ba8d,0.071,,,
59,2026-05-25,SH688256,-0.15247702598571777,EXP_LinearModel_Alpha158_csi300_custom_step0_s_20260525_15,d72bb24209354b9a9a7ea3242843ba8d,0.071,,,
60,2026-05-25,SH688223,-0.01724916137754917,EXP_LinearModel_Alpha158_csi300_custom_step0_s_20260525_15,d72bb24209354b9a9a7ea3242843ba8d,0.071,,,
61,2026-05-25,SH688187,-0.03755728155374527,EXP_LinearModel_Alpha158_csi300_custom_step0_s_20260525_15,d72bb24209354b9a9a7ea3242843ba8d,0.071,,,
62,2026-05-25,SH688169,-0.05289287120103836,EXP_LinearModel_Alpha158_csi300_custom_step0_s_20260525_15,d72bb24209354b9a9a7ea3242843ba8d,0.071,,,
63,2026-05-25,SH688126,-0.0949590876698494,EXP_LinearModel_Alpha158_csi300_custom_step0_s_20260525_15,d72bb24209354b9a9a7ea3242843ba8d,0.071,,,
64,2026-05-25,SH688111,-0.07855751365423203,EXP_LinearModel_Alpha158_csi300_custom_step0_s_20260525_15,d72bb24209354b9a9a7ea3242843ba8d,0.071,,,
65,2026-05-25,SH688082,-0.0033102259039878845,EXP_LinearModel_Alpha158_csi300_custom_step0_s_20260525_15,d72bb24209354b9a9a7ea3242843ba8d,0.071,,,
66,2026-05-25,SH688047,-0.05669127404689789,EXP_LinearModel_Alpha158_csi300_custom_step0_s_20260525_15,d72bb24209354b9a9a7ea3242843ba8d,0.071,,,
67,2026-05-25,SH688041,0.004659431520849466,EXP_LinearModel_Alpha158_csi300_custom_step0_s_20260525_15,d72bb24209354b9a9a7ea3242843ba8d,0.071,,,
68,2026-05-25,SH688036,-0.03504834324121475,EXP_LinearModel_Alpha158_csi300_custom_step0_s_20260525_15,d72bb24209354b9a9a7ea3242843ba8d,0.071,,,
69,2026-05-25,SH688012,-0.007122799754142761,EXP_LinearModel_Alpha158_csi300_custom_step0_s_20260525_15,d72bb24209354b9a9a7ea3242843ba8d,0.071,,,
70,2026-05-25,SH688009,-0.009524300694465637,EXP_LinearModel_Alpha158_csi300_custom_step0_s_20260525_15,d72bb24209354b9a9a7ea3242843ba8d,0.071,,,
71,2026-05-25,SH688008,-0.10561634600162506,EXP_LinearModel_Alpha158_csi300_custom_step0_s_20260525_15,d72bb24209354b9a9a7ea3242843ba8d,0.071,,,
72,2026-05-25,SH605117,-0.049745168536901474,EXP_LinearModel_Alpha158_csi300_custom_step0_s_20260525_15,d72bb24209354b9a9a7ea3242843ba8d,0.071,,,
73,2026-05-25,SH601939,0.007253991439938545,EXP_LinearModel_Alpha158_csi300_custom_step0_s_20260525_15,d72bb24209354b9a9a7ea3242843ba8d,0.071,,,
74,2026-05-25,SZ000999,0.002387831686064601,EXP_LinearModel_Alpha158_csi300_custom_step0_s_20260525_15,d72bb24209354b9a9a7ea3242843ba8d,0.071,,,
75,2026-05-25,SZ001965,0.026372194290161133,EXP_LinearModel_Alpha158_csi300_custom_step0_s_20260525_15,d72bb24209354b9a9a7ea3242843ba8d,0.071,,,
76,2026-05-25,SZ300413,-0.04798414930701256,EXP_LinearModel_Alpha158_csi300_custom_step0_s_20260525_15,d72bb24209354b9a9a7ea3242843ba8d,0.071,,,
77,2026-05-25,SZ300408,-0.23600982129573822,EXP_LinearModel_Alpha158_csi300_custom_step0_s_20260525_15,d72bb24209354b9a9a7ea3242843ba8d,0.071,,,
78,2026-05-25,SZ300394,0.02762944996356964,EXP_LinearModel_Alpha158_csi300_custom_step0_s_20260525_15,d72bb24209354b9a9a7ea3242843ba8d,0.071,,,
79,2026-05-25,SZ300347,-9.592087008059025e-05,EXP_LinearModel_Alpha158_csi300_custom_step0_s_20260525_15,d72bb24209354b9a9a7ea3242843ba8d,0.071,,,
80,2026-05-25,SZ300316,-0.015593642368912697,EXP_LinearModel_Alpha158_csi300_custom_step0_s_20260525_15,d72bb24209354b9a9a7ea3242843ba8d,0.071,,,
81,2026-05-25,SZ300308,-0.08795374631881714,EXP_LinearModel_Alpha158_csi300_custom_step0_s_20260525_15,d72bb24209354b9a9a7ea3242843ba8d,0.071,,,
82,2026-05-25,SZ300418,-0.08340156823396683,EXP_LinearModel_Alpha158_csi300_custom_step0_s_20260525_15,d72bb24209354b9a9a7ea3242843ba8d,0.071,,,
83,2026-05-25,SZ300274,-0.024351775646209717,EXP_LinearModel_Alpha158_csi300_custom_step0_s_20260525_15,d72bb24209354b9a9a7ea3242843ba8d,0.071,,,
84,2026-05-25,SZ300124,-0.01574251987040043,EXP_LinearModel_Alpha158_csi300_custom_step0_s_20260525_15,d72bb24209354b9a9a7ea3242843ba8d,0.071,,,
85,2026-05-25,SZ300122,-0.071852907538414,EXP_LinearModel_Alpha158_csi300_custom_step0_s_20260525_15,d72bb24209354b9a9a7ea3242843ba8d,0.071,,,
86,2026-05-25,SZ300059,-0.061643023043870926,EXP_LinearModel_Alpha158_csi300_custom_step0_s_20260525_15,d72bb24209354b9a9a7ea3242843ba8d,0.071,,,
87,2026-05-25,SZ300033,-0.008389480412006378,EXP_LinearModel_Alpha158_csi300_custom_step0_s_20260525_15,d72bb24209354b9a9a7ea3242843ba8d,0.071,,,
88,2026-05-25,SZ300015,-0.04585597664117813,EXP_LinearModel_Alpha158_csi300_custom_step0_s_20260525_15,d72bb24209354b9a9a7ea3242843ba8d,0.071,,,
89,2026-05-25,SZ300014,-0.004669628571718931,EXP_LinearModel_Alpha158_csi300_custom_step0_s_20260525_15,d72bb24209354b9a9a7ea3242843ba8d,0.071,,,
90,2026-05-25,SZ300251,-0.07834379374980927,EXP_LinearModel_Alpha158_csi300_custom_step0_s_20260525_15,d72bb24209354b9a9a7ea3242843ba8d,0.071,,,
91,2026-05-25,SZ300433,0.06117802858352661,EXP_LinearModel_Alpha158_csi300_custom_step0_s_20260525_15,d72bb24209354b9a9a7ea3242843ba8d,0.071,,,
92,2026-05-25,SZ300442,-0.0900861844420433,EXP_LinearModel_Alpha158_csi300_custom_step0_s_20260525_15,d72bb24209354b9a9a7ea3242843ba8d,0.071,,,
93,2026-05-25,SZ300476,-0.007314549759030342,EXP_LinearModel_Alpha158_csi300_custom_step0_s_20260525_15,d72bb24209354b9a9a7ea3242843ba8d,0.071,,,
94,2026-05-25,SZ301236,-0.020140141248703003,EXP_LinearModel_Alpha158_csi300_custom_step0_s_20260525_15,d72bb24209354b9a9a7ea3242843ba8d,0.071,,,
95,2026-05-25,SZ300999,-0.061777208000421524,EXP_LinearModel_Alpha158_csi300_custom_step0_s_20260525_15,d72bb24209354b9a9a7ea3242843ba8d,0.071,,,
96,2026-05-25,SZ300979,0.006443291436880827,EXP_LinearModel_Alpha158_csi300_custom_step0_s_20260525_15,d72bb24209354b9a9a7ea3242843ba8d,0.071,,,
97,2026-05-25,SZ300896,-0.06732428818941116,EXP_LinearModel_Alpha158_csi300_custom_step0_s_20260525_15,d72bb24209354b9a9a7ea3242843ba8d,0.071,,,
98,2026-05-25,SZ300866,0.04409864917397499,EXP_LinearModel_Alpha158_csi300_custom_step0_s_20260525_15,d72bb24209354b9a9a7ea3242843ba8d,0.071,,,
99,2026-05-25,SZ300832,-0.051640935242176056,EXP_LinearModel_Alpha158_csi300_custom_step0_s_20260525_15,d72bb24209354b9a9a7ea3242843ba8d,0.071,,,
100,2026-05-25,SZ300803,-0.06961886584758759,EXP_LinearModel_Alpha158_csi300_custom_step0_s_20260525_15,d72bb24209354b9a9a7ea3242843ba8d,0.071,,,
101,2026-05-25,SZ300782,0.04590090736746788,EXP_LinearModel_Alpha158_csi300_custom_step0_s_20260525_15,d72bb24209354b9a9a7ea3242843ba8d,0.071,,,
102,2026-05-25,SZ300760,-0.048333123326301575,EXP_LinearModel_Alpha158_csi300_custom_step0_s_20260525_15,d72bb24209354b9a9a7ea3242843ba8d,0.071,,,
103,2026-05-25,SZ300759,-0.020130781456828117,EXP_LinearModel_Alpha158_csi300_custom_step0_s_20260525_15,d72bb24209354b9a9a7ea3242843ba8d,0.071,,,
104,2026-05-25,SZ300750,-0.034786563366651535,EXP_LinearModel_Alpha158_csi300_custom_step0_s_20260525_15,d72bb24209354b9a9a7ea3242843ba8d,0.071,,,
105,2026-05-25,SZ300661,-0.08461779356002808,EXP_LinearModel_Alpha158_csi300_custom_step0_s_20260525_15,d72bb24209354b9a9a7ea3242843ba8d,0.071,,,
106,2026-05-25,SZ300628,-0.005265901796519756,EXP_LinearModel_Alpha158_csi300_custom_step0_s_20260525_15,d72bb24209354b9a9a7ea3242843ba8d,0.071,,,
107,2026-05-25,SZ300502,-0.050677694380283356,EXP_LinearModel_Alpha158_csi300_custom_step0_s_20260525_15,d72bb24209354b9a9a7ea3242843ba8d,0.071,,,
108,2026-05-25,SZ300498,-0.0035759261809289455,EXP_LinearModel_Alpha158_csi300_custom_step0_s_20260525_15,d72bb24209354b9a9a7ea3242843ba8d,0.071,,,
109,2026-05-25,SZ003816,0.005000704433768988,EXP_LinearModel_Alpha158_csi300_custom_step0_s_20260525_15,d72bb24209354b9a9a7ea3242843ba8d,0.071,,,
110,2026-05-25,SZ002938,-0.20703557133674622,EXP_LinearModel_Alpha158_csi300_custom_step0_s_20260525_15,d72bb24209354b9a9a7ea3242843ba8d,0.071,,,
111,2026-05-25,SZ002920,-0.022657357156276703,EXP_LinearModel_Alpha158_csi300_custom_step0_s_20260525_15,d72bb24209354b9a9a7ea3242843ba8d,0.071,,,
112,2026-05-25,SZ002916,-0.1653430014848709,EXP_LinearModel_Alpha158_csi300_custom_step0_s_20260525_15,d72bb24209354b9a9a7ea3242843ba8d,0.071,,,
113,2026-05-25,SZ002311,-0.021250825375318527,EXP_LinearModel_Alpha158_csi300_custom_step0_s_20260525_15,d72bb24209354b9a9a7ea3242843ba8d,0.071,,,
114,2026-05-25,SZ002304,-0.05479443073272705,EXP_LinearModel_Alpha158_csi300_custom_step0_s_20260525_15,d72bb24209354b9a9a7ea3242843ba8d,0.071,,,
115,2026-05-25,SZ002252,-0.02858223207294941,EXP_LinearModel_Alpha158_csi300_custom_step0_s_20260525_15,d72bb24209354b9a9a7ea3242843ba8d,0.071,,,
116,2026-05-25,SZ002241,0.018020235002040863,EXP_LinearModel_Alpha158_csi300_custom_step0_s_20260525_15,d72bb24209354b9a9a7ea3242843ba8d,0.071,,,
117,2026-05-25,SZ002236,-0.00705609330907464,EXP_LinearModel_Alpha158_csi300_custom_step0_s_20260525_15,d72bb24209354b9a9a7ea3242843ba8d,0.071,,,
118,2026-05-25,SZ002230,-0.032328348606824875,EXP_LinearModel_Alpha158_csi300_custom_step0_s_20260525_15,d72bb24209354b9a9a7ea3242843ba8d,0.071,,,
119,2026-05-25,SZ002179,0.0020042741671204567,EXP_LinearModel_Alpha158_csi300_custom_step0_s_20260525_15,d72bb24209354b9a9a7ea3242843ba8d,0.071,,,
120,2026-05-25,SZ002142,-0.019434809684753418,EXP_LinearModel_Alpha158_csi300_custom_step0_s_20260525_15,d72bb24209354b9a9a7ea3242843ba8d,0.071,,,
121,2026-05-25,SZ002074,-0.02988593280315399,EXP_LinearModel_Alpha158_csi300_custom_step0_s_20260525_15,d72bb24209354b9a9a7ea3242843ba8d,0.071,,,
122,2026-05-25,SZ002050,-0.014206603169441223,EXP_LinearModel_Alpha158_csi300_custom_step0_s_20260525_15,d72bb24209354b9a9a7ea3242843ba8d,0.071,,,
123,2026-05-25,SZ002049,0.005786352790892124,EXP_LinearModel_Alpha158_csi300_custom_step0_s_20260525_15,d72bb24209354b9a9a7ea3242843ba8d,0.071,,,
124,2026-05-25,SZ002028,-0.03359576687216759,EXP_LinearModel_Alpha158_csi300_custom_step0_s_20260525_15,d72bb24209354b9a9a7ea3242843ba8d,0.071,,,
125,2026-05-25,SZ002027,-0.008060816675424576,EXP_LinearModel_Alpha158_csi300_custom_step0_s_20260525_15,d72bb24209354b9a9a7ea3242843ba8d,0.071,,,
126,2026-05-25,SZ002001,0.009097092784941196,EXP_LinearModel_Alpha158_csi300_custom_step0_s_20260525_15,d72bb24209354b9a9a7ea3242843ba8d,0.071,,,
127,2026-05-25,SZ001979,-0.10038593411445618,EXP_LinearModel_Alpha158_csi300_custom_step0_s_20260525_15,d72bb24209354b9a9a7ea3242843ba8d,0.071,,,
128,2026-05-25,SZ002352,-0.057111892849206924,EXP_LinearModel_Alpha158_csi300_custom_step0_s_20260525_15,d72bb24209354b9a9a7ea3242843ba8d,0.071,,,
129,2026-05-25,SZ001391,-0.06969679147005081,EXP_LinearModel_Alpha158_csi300_custom_step0_s_20260525_15,d72bb24209354b9a9a7ea3242843ba8d,0.071,,,
130,2026-05-25,SZ002371,-0.08981111645698547,EXP_LinearModel_Alpha158_csi300_custom_step0_s_20260525_15,d72bb24209354b9a9a7ea3242843ba8d,0.071,,,
131,2026-05-25,SZ002415,-0.017016107216477394,EXP_LinearModel_Alpha158_csi300_custom_step0_s_20260525_15,d72bb24209354b9a9a7ea3242843ba8d,0.071,,,
132,2026-05-25,SZ002736,-0.036029282957315445,EXP_LinearModel_Alpha158_csi300_custom_step0_s_20260525_15,d72bb24209354b9a9a7ea3242843ba8d,0.071,,,
133,2026-05-25,SZ002714,-0.017632612958550453,EXP_LinearModel_Alpha158_csi300_custom_step0_s_20260525_15,d72bb24209354b9a9a7ea3242843ba8d,0.071,,,
134,2026-05-25,SZ002709,0.05150432884693146,EXP_LinearModel_Alpha158_csi300_custom_step0_s_20260525_15,d72bb24209354b9a9a7ea3242843ba8d,0.071,,,
135,2026-05-25,SZ002648,0.0030642796773463488,EXP_LinearModel_Alpha158_csi300_custom_step0_s_20260525_15,d72bb24209354b9a9a7ea3242843ba8d,0.071,,,
136,2026-05-25,SZ002625,-0.043820083141326904,EXP_LinearModel_Alpha158_csi300_custom_step0_s_20260525_15,d72bb24209354b9a9a7ea3242843ba8d,0.071,,,
137,2026-05-25,SZ002601,0.03283461555838585,EXP_LinearModel_Alpha158_csi300_custom_step0_s_20260525_15,d72bb24209354b9a9a7ea3242843ba8d,0.071,,,
138,2026-05-25,SZ002600,-0.010371118783950806,EXP_LinearModel_Alpha158_csi300_custom_step0_s_20260525_15,d72bb24209354b9a9a7ea3242843ba8d,0.071,,,
139,2026-05-25,SZ002594,-0.0542931854724884,EXP_LinearModel_Alpha158_csi300_custom_step0_s_20260525_15,d72bb24209354b9a9a7ea3242843ba8d,0.071,,,
140,2026-05-25,SZ002493,-0.021547382697463036,EXP_LinearModel_Alpha158_csi300_custom_step0_s_20260525_15,d72bb24209354b9a9a7ea3242843ba8d,0.071,,,
141,2026-05-25,SZ002475,-0.08566121757030487,EXP_LinearModel_Alpha158_csi300_custom_step0_s_20260525_15,d72bb24209354b9a9a7ea3242843ba8d,0.071,,,
142,2026-05-25,SZ002466,-0.021308811381459236,EXP_LinearModel_Alpha158_csi300_custom_step0_s_20260525_15,d72bb24209354b9a9a7ea3242843ba8d,0.071,,,
143,2026-05-25,SZ002463,-0.0883045420050621,EXP_LinearModel_Alpha158_csi300_custom_step0_s_20260525_15,d72bb24209354b9a9a7ea3242843ba8d,0.071,,,
144,2026-05-25,SZ002460,0.018316714093089104,EXP_LinearModel_Alpha158_csi300_custom_step0_s_20260525_15,d72bb24209354b9a9a7ea3242843ba8d,0.071,,,
145,2026-05-25,SZ002459,0.010088165290653706,EXP_LinearModel_Alpha158_csi300_custom_step0_s_20260525_15,d72bb24209354b9a9a7ea3242843ba8d,0.071,,,
146,2026-05-25,SZ002422,0.0060033053159713745,EXP_LinearModel_Alpha158_csi300_custom_step0_s_20260525_15,d72bb24209354b9a9a7ea3242843ba8d,0.071,,,
147,2026-05-25,SZ002384,-0.07184956967830658,EXP_LinearModel_Alpha158_csi300_custom_step0_s_20260525_15,d72bb24209354b9a9a7ea3242843ba8d,0.071,,,
148,2026-05-25,SZ301269,-0.030540991574525833,EXP_LinearModel_Alpha158_csi300_custom_step0_s_20260525_15,d72bb24209354b9a9a7ea3242843ba8d,0.071,,,
149,2026-05-25,SH601919,-0.005902152508497238,EXP_LinearModel_Alpha158_csi300_custom_step0_s_20260525_15,d72bb24209354b9a9a7ea3242843ba8d,0.071,,,
150,2026-05-25,SH601901,-0.04624473303556442,EXP_LinearModel_Alpha158_csi300_custom_step0_s_20260525_15,d72bb24209354b9a9a7ea3242843ba8d,0.071,,,
151,2026-05-25,SH600547,-0.0074786776676774025,EXP_LinearModel_Alpha158_csi300_custom_step0_s_20260525_15,d72bb24209354b9a9a7ea3242843ba8d,0.071,,,
152,2026-05-25,SH600522,0.033487558364868164,EXP_LinearModel_Alpha158_csi300_custom_step0_s_20260525_15,d72bb24209354b9a9a7ea3242843ba8d,0.071,,,
153,2026-05-25,SH600519,-0.07235285639762878,EXP_LinearModel_Alpha158_csi300_custom_step0_s_20260525_15,d72bb24209354b9a9a7ea3242843ba8d,0.071,,,
154,2026-05-25,SH600515,-0.031362954527139664,EXP_LinearModel_Alpha158_csi300_custom_step0_s_20260525_15,d72bb24209354b9a9a7ea3242843ba8d,0.071,,,
155,2026-05-25,SH600489,-0.03276946768164635,EXP_LinearModel_Alpha158_csi300_custom_step0_s_20260525_15,d72bb24209354b9a9a7ea3242843ba8d,0.071,,,
156,2026-05-25,SH600482,-0.10147213935852051,EXP_LinearModel_Alpha158_csi300_custom_step0_s_20260525_15,d72bb24209354b9a9a7ea3242843ba8d,0.071,,,
157,2026-05-25,SH600570,-0.032262399792671204,EXP_LinearModel_Alpha158_csi300_custom_step0_s_20260525_15,d72bb24209354b9a9a7ea3242843ba8d,0.071,,,
158,2026-05-25,SH600460,0.005978644825518131,EXP_LinearModel_Alpha158_csi300_custom_step0_s_20260525_15,d72bb24209354b9a9a7ea3242843ba8d,0.071,,,
159,2026-05-25,SH600436,-0.04807896539568901,EXP_LinearModel_Alpha158_csi300_custom_step0_s_20260525_15,d72bb24209354b9a9a7ea3242843ba8d,0.071,,,
160,2026-05-25,SH600426,0.05376676097512245,EXP_LinearModel_Alpha158_csi300_custom_step0_s_20260525_15,d72bb24209354b9a9a7ea3242843ba8d,0.071,,,
161,2026-05-25,SH600415,-0.09172370284795761,EXP_LinearModel_Alpha158_csi300_custom_step0_s_20260525_15,d72bb24209354b9a9a7ea3242843ba8d,0.071,,,
162,2026-05-25,SH600406,-0.07245267927646637,EXP_LinearModel_Alpha158_csi300_custom_step0_s_20260525_15,d72bb24209354b9a9a7ea3242843ba8d,0.071,,,
163,2026-05-25,SH600377,0.020816879346966743,EXP_LinearModel_Alpha158_csi300_custom_step0_s_20260525_15,d72bb24209354b9a9a7ea3242843ba8d,0.071,,,
164,2026-05-25,SH600372,-0.052650000900030136,EXP_LinearModel_Alpha158_csi300_custom_step0_s_20260525_15,d72bb24209354b9a9a7ea3242843ba8d,0.071,,,
165,2026-05-25,SH600438,0.029753729701042175,EXP_LinearModel_Alpha158_csi300_custom_step0_s_20260525_15,d72bb24209354b9a9a7ea3242843ba8d,0.071,,,
166,2026-05-25,SH600584,-0.16340933740139008,EXP_LinearModel_Alpha158_csi300_custom_step0_s_20260525_15,d72bb24209354b9a9a7ea3242843ba8d,0.071,,,
167,2026-05-25,SH600585,-0.06868376582860947,EXP_LinearModel_Alpha158_csi300_custom_step0_s_20260525_15,d72bb24209354b9a9a7ea3242843ba8d,0.071,,,
168,2026-05-25,SH600588,-0.0867883712053299,EXP_LinearModel_Alpha158_csi300_custom_step0_s_20260525_15,d72bb24209354b9a9a7ea3242843ba8d,0.071,,,
169,2026-05-25,SH600900,-0.008930831216275692,EXP_LinearModel_Alpha158_csi300_custom_step0_s_20260525_15,d72bb24209354b9a9a7ea3242843ba8d,0.071,,,
170,2026-05-25,SH600893,-0.04785142466425896,EXP_LinearModel_Alpha158_csi300_custom_step0_s_20260525_15,d72bb24209354b9a9a7ea3242843ba8d,0.071,,,
171,2026-05-25,SH600887,-0.023785999044775963,EXP_LinearModel_Alpha158_csi300_custom_step0_s_20260525_15,d72bb24209354b9a9a7ea3242843ba8d,0.071,,,
172,2026-05-25,SH600886,0.002266004215925932,EXP_LinearModel_Alpha158_csi300_custom_step0_s_20260525_15,d72bb24209354b9a9a7ea3242843ba8d,0.071,,,
173,2026-05-25,SH600875,-0.032895274460315704,EXP_LinearModel_Alpha158_csi300_custom_step0_s_20260525_15,d72bb24209354b9a9a7ea3242843ba8d,0.071,,,
174,2026-05-25,SH600845,-0.019483506679534912,EXP_LinearModel_Alpha158_csi300_custom_step0_s_20260525_15,d72bb24209354b9a9a7ea3242843ba8d,0.071,,,
175,2026-05-25,SH600809,-0.06967942416667938,EXP_LinearModel_Alpha158_csi300_custom_step0_s_20260525_15,d72bb24209354b9a9a7ea3242843ba8d,0.071,,,
176,2026-05-25,SH600803,0.025478480383753777,EXP_LinearModel_Alpha158_csi300_custom_step0_s_20260525_15,d72bb24209354b9a9a7ea3242843ba8d,0.071,,,
177,2026-05-25,SH600795,-0.045895252376794815,EXP_LinearModel_Alpha158_csi300_custom_step0_s_20260525_15,d72bb24209354b9a9a7ea3242843ba8d,0.071,,,
178,2026-05-25,SH600760,-0.06941431015729904,EXP_LinearModel_Alpha158_csi300_custom_step0_s_20260525_15,d72bb24209354b9a9a7ea3242843ba8d,0.071,,,
179,2026-05-25,SH600741,-0.05013006925582886,EXP_LinearModel_Alpha158_csi300_custom_step0_s_20260525_15,d72bb24209354b9a9a7ea3242843ba8d,0.071,,,
180,2026-05-25,SH600690,-0.05804738029837608,EXP_LinearModel_Alpha158_csi300_custom_step0_s_20260525_15,d72bb24209354b9a9a7ea3242843ba8d,0.071,,,
181,2026-05-25,SH600674,-0.00029987713787704706,EXP_LinearModel_Alpha158_csi300_custom_step0_s_20260525_15,d72bb24209354b9a9a7ea3242843ba8d,0.071,,,
182,2026-05-25,SH600660,-0.09225071221590042,EXP_LinearModel_Alpha158_csi300_custom_step0_s_20260525_15,d72bb24209354b9a9a7ea3242843ba8d,0.071,,,
183,2026-05-25,SH600600,-0.061437685042619705,EXP_LinearModel_Alpha158_csi300_custom_step0_s_20260525_15,d72bb24209354b9a9a7ea3242843ba8d,0.071,,,
184,2026-05-25,SH600362,-0.044738538563251495,EXP_LinearModel_Alpha158_csi300_custom_step0_s_20260525_15,d72bb24209354b9a9a7ea3242843ba8d,0.071,,,
185,2026-05-25,SH600346,-0.0285634882748127,EXP_LinearModel_Alpha158_csi300_custom_step0_s_20260525_15,d72bb24209354b9a9a7ea3242843ba8d,0.071,,,
186,2026-05-25,SH600309,-0.008944996632635593,EXP_LinearModel_Alpha158_csi300_custom_step0_s_20260525_15,d72bb24209354b9a9a7ea3242843ba8d,0.071,,,
187,2026-05-25,SH600276,-0.06697310507297516,EXP_LinearModel_Alpha158_csi300_custom_step0_s_20260525_15,d72bb24209354b9a9a7ea3242843ba8d,0.071,,,
188,2026-05-25,SH600036,-0.05280182510614395,EXP_LinearModel_Alpha158_csi300_custom_step0_s_20260525_15,d72bb24209354b9a9a7ea3242843ba8d,0.071,,,
189,2026-05-25,SH600031,-0.058377135545015335,EXP_LinearModel_Alpha158_csi300_custom_step0_s_20260525_15,d72bb24209354b9a9a7ea3242843ba8d,0.071,,,
190,2026-05-25,SH600030,-0.00988885946571827,EXP_LinearModel_Alpha158_csi300_custom_step0_s_20260525_15,d72bb24209354b9a9a7ea3242843ba8d,0.071,,,
191,2026-05-25,SH600029,-0.06657785177230835,EXP_LinearModel_Alpha158_csi300_custom_step0_s_20260525_15,d72bb24209354b9a9a7ea3242843ba8d,0.071,,,
192,2026-05-25,SH600028,-0.055600930005311966,EXP_LinearModel_Alpha158_csi300_custom_step0_s_20260525_15,d72bb24209354b9a9a7ea3242843ba8d,0.071,,,
193,2026-05-25,SH600027,-0.010525173507630825,EXP_LinearModel_Alpha158_csi300_custom_step0_s_20260525_15,d72bb24209354b9a9a7ea3242843ba8d,0.071,,,
194,2026-05-25,SH600026,0.024031484499573708,EXP_LinearModel_Alpha158_csi300_custom_step0_s_20260525_15,d72bb24209354b9a9a7ea3242843ba8d,0.071,,,
195,2026-05-25,SH600025,-0.02913748286664486,EXP_LinearModel_Alpha158_csi300_custom_step0_s_20260525_15,d72bb24209354b9a9a7ea3242843ba8d,0.071,,,
196,2026-05-25,SH600023,-0.08152312785387039,EXP_LinearModel_Alpha158_csi300_custom_step0_s_20260525_15,d72bb24209354b9a9a7ea3242843ba8d,0.071,,,
197,2026-05-25,SH600019,0.018613139167428017,EXP_LinearModel_Alpha158_csi300_custom_step0_s_20260525_15,d72bb24209354b9a9a7ea3242843ba8d,0.071,,,
198,2026-05-25,SH600018,0.0719887986779213,EXP_LinearModel_Alpha158_csi300_custom_step0_s_20260525_15,d72bb24209354b9a9a7ea3242843ba8d,0.071,,,
199,2026-05-25,SH600016,0.022935377433896065,EXP_LinearModel_Alpha158_csi300_custom_step0_s_20260525_15,d72bb24209354b9a9a7ea3242843ba8d,0.071,,,
200,2026-05-25,SH600015,-0.010729070752859116,EXP_LinearModel_Alpha158_csi300_custom_step0_s_20260525_15,d72bb24209354b9a9a7ea3242843ba8d,0.071,,,
201,2026-05-25,SH600011,-0.007206195965409279,EXP_LinearModel_Alpha158_csi300_custom_step0_s_20260525_15,d72bb24209354b9a9a7ea3242843ba8d,0.071,,,
202,2026-05-25,SH600010,-0.008900058455765247,EXP_LinearModel_Alpha158_csi300_custom_step0_s_20260525_15,d72bb24209354b9a9a7ea3242843ba8d,0.071,,,
203,2026-05-25,SH600039,0.04714127629995346,EXP_LinearModel_Alpha158_csi300_custom_step0_s_20260525_15,d72bb24209354b9a9a7ea3242843ba8d,0.071,,,
204,2026-05-25,SH600905,-0.02534426748752594,EXP_LinearModel_Alpha158_csi300_custom_step0_s_20260525_15,d72bb24209354b9a9a7ea3242843ba8d,0.071,,,
205,2026-05-25,SH600048,-0.08032131940126419,EXP_LinearModel_Alpha158_csi300_custom_step0_s_20260525_15,d72bb24209354b9a9a7ea3242843ba8d,0.071,,,
206,2026-05-25,SH600061,-0.04810363054275513,EXP_LinearModel_Alpha158_csi300_custom_step0_s_20260525_15,d72bb24209354b9a9a7ea3242843ba8d,0.071,,,
207,2026-05-25,SH600233,-0.023474203422665596,EXP_LinearModel_Alpha158_csi300_custom_step0_s_20260525_15,d72bb24209354b9a9a7ea3242843ba8d,0.071,,,
208,2026-05-25,SH600219,0.04074868932366371,EXP_LinearModel_Alpha158_csi300_custom_step0_s_20260525_15,d72bb24209354b9a9a7ea3242843ba8d,0.071,,,
209,2026-05-25,SH600196,-0.09050772339105606,EXP_LinearModel_Alpha158_csi300_custom_step0_s_20260525_15,d72bb24209354b9a9a7ea3242843ba8d,0.071,,,
210,2026-05-25,SH600188,-0.010149366222321987,EXP_LinearModel_Alpha158_csi300_custom_step0_s_20260525_15,d72bb24209354b9a9a7ea3242843ba8d,0.071,,,
211,2026-05-25,SH600183,-0.1301332712173462,EXP_LinearModel_Alpha158_csi300_custom_step0_s_20260525_15,d72bb24209354b9a9a7ea3242843ba8d,0.071,,,
212,2026-05-25,SH600176,-0.009375096298754215,EXP_LinearModel_Alpha158_csi300_custom_step0_s_20260525_15,d72bb24209354b9a9a7ea3242843ba8d,0.071,,,
213,2026-05-25,SH600161,-0.06184118613600731,EXP_LinearModel_Alpha158_csi300_custom_step0_s_20260525_15,d72bb24209354b9a9a7ea3242843ba8d,0.071,,,
214,2026-05-25,SH600160,-0.01263238862156868,EXP_LinearModel_Alpha158_csi300_custom_step0_s_20260525_15,d72bb24209354b9a9a7ea3242843ba8d,0.071,,,
215,2026-05-25,SH600150,-0.0005579201970249414,EXP_LinearModel_Alpha158_csi300_custom_step0_s_20260525_15,d72bb24209354b9a9a7ea3242843ba8d,0.071,,,
216,2026-05-25,SH600115,-0.038760311901569366,EXP_LinearModel_Alpha158_csi300_custom_step0_s_20260525_15,d72bb24209354b9a9a7ea3242843ba8d,0.071,,,
217,2026-05-25,SH600111,-0.020205922424793243,EXP_LinearModel_Alpha158_csi300_custom_step0_s_20260525_15,d72bb24209354b9a9a7ea3242843ba8d,0.071,,,
218,2026-05-25,SH600104,-0.004945372696965933,EXP_LinearModel_Alpha158_csi300_custom_step0_s_20260525_15,d72bb24209354b9a9a7ea3242843ba8d,0.071,,,
219,2026-05-25,SH600089,-0.0560012124478817,EXP_LinearModel_Alpha158_csi300_custom_step0_s_20260525_15,d72bb24209354b9a9a7ea3242843ba8d,0.071,,,
220,2026-05-25,SH600085,-0.03400392830371857,EXP_LinearModel_Alpha158_csi300_custom_step0_s_20260525_15,d72bb24209354b9a9a7ea3242843ba8d,0.071,,,
221,2026-05-25,SH600066,-0.0370667465031147,EXP_LinearModel_Alpha158_csi300_custom_step0_s_20260525_15,d72bb24209354b9a9a7ea3242843ba8d,0.071,,,
222,2026-05-25,SH600050,0.0028794484678655863,EXP_LinearModel_Alpha158_csi300_custom_step0_s_20260525_15,d72bb24209354b9a9a7ea3242843ba8d,0.071,,,
223,2026-05-25,SH601916,0.07863637804985046,EXP_LinearModel_Alpha158_csi300_custom_step0_s_20260525_15,d72bb24209354b9a9a7ea3242843ba8d,0.071,,,
224,2026-05-25,SH600918,-0.06578146666288376,EXP_LinearModel_Alpha158_csi300_custom_step0_s_20260525_15,d72bb24209354b9a9a7ea3242843ba8d,0.071,,,
225,2026-05-25,SH600926,-0.0678069144487381,EXP_LinearModel_Alpha158_csi300_custom_step0_s_20260525_15,d72bb24209354b9a9a7ea3242843ba8d,0.071,,,
226,2026-05-25,SH601689,0.016483856365084648,EXP_LinearModel_Alpha158_csi300_custom_step0_s_20260525_15,d72bb24209354b9a9a7ea3242843ba8d,0.071,,,
227,2026-05-25,SH601688,-0.09089765697717667,EXP_LinearModel_Alpha158_csi300_custom_step0_s_20260525_15,d72bb24209354b9a9a7ea3242843ba8d,0.071,,,
228,2026-05-25,SH601669,-0.011011454276740551,EXP_LinearModel_Alpha158_csi300_custom_step0_s_20260525_15,d72bb24209354b9a9a7ea3242843ba8d,0.071,,,
229,2026-05-25,SH601668,-0.019510749727487564,EXP_LinearModel_Alpha158_csi300_custom_step0_s_20260525_15,d72bb24209354b9a9a7ea3242843ba8d,0.071,,,
230,2026-05-25,SH601658,-0.05661001056432724,EXP_LinearModel_Alpha158_csi300_custom_step0_s_20260525_15,d72bb24209354b9a9a7ea3242843ba8d,0.071,,,
231,2026-05-25,SH601633,-0.041907601058483124,EXP_LinearModel_Alpha158_csi300_custom_step0_s_20260525_15,d72bb24209354b9a9a7ea3242843ba8d,0.071,,,
232,2026-05-25,SH601698,-0.030081456527113914,EXP_LinearModel_Alpha158_csi300_custom_step0_s_20260525_15,d72bb24209354b9a9a7ea3242843ba8d,0.071,,,
233,2026-05-25,SH601628,-0.12266621738672256,EXP_LinearModel_Alpha158_csi300_custom_step0_s_20260525_15,d72bb24209354b9a9a7ea3242843ba8d,0.071,,,
234,2026-05-25,SH601607,-0.026739846915006638,EXP_LinearModel_Alpha158_csi300_custom_step0_s_20260525_15,d72bb24209354b9a9a7ea3242843ba8d,0.071,,,
235,2026-05-25,SH601601,-0.057161614298820496,EXP_LinearModel_Alpha158_csi300_custom_step0_s_20260525_15,d72bb24209354b9a9a7ea3242843ba8d,0.071,,,
236,2026-05-25,SH601600,-0.01300866436213255,EXP_LinearModel_Alpha158_csi300_custom_step0_s_20260525_15,d72bb24209354b9a9a7ea3242843ba8d,0.071,,,
237,2026-05-25,SH601456,-0.012822997756302357,EXP_LinearModel_Alpha158_csi300_custom_step0_s_20260525_15,d72bb24209354b9a9a7ea3242843ba8d,0.071,,,
238,2026-05-25,SH601398,-0.014656330458819866,EXP_LinearModel_Alpha158_csi300_custom_step0_s_20260525_15,d72bb24209354b9a9a7ea3242843ba8d,0.071,,,
239,2026-05-25,SH601390,0.049337588250637054,EXP_LinearModel_Alpha158_csi300_custom_step0_s_20260525_15,d72bb24209354b9a9a7ea3242843ba8d,0.071,,,
240,2026-05-25,SH601618,0.04650269076228142,EXP_LinearModel_Alpha158_csi300_custom_step0_s_20260525_15,d72bb24209354b9a9a7ea3242843ba8d,0.071,,,
241,2026-05-25,SH601728,-0.06603604555130005,EXP_LinearModel_Alpha158_csi300_custom_step0_s_20260525_15,d72bb24209354b9a9a7ea3242843ba8d,0.071,,,
242,2026-05-25,SH601766,-0.0818948820233345,EXP_LinearModel_Alpha158_csi300_custom_step0_s_20260525_15,d72bb24209354b9a9a7ea3242843ba8d,0.071,,,
243,2026-05-25,SH601788,-0.06030583009123802,EXP_LinearModel_Alpha158_csi300_custom_step0_s_20260525_15,d72bb24209354b9a9a7ea3242843ba8d,0.071,,,
244,2026-05-25,SH601899,-0.0509377047419548,EXP_LinearModel_Alpha158_csi300_custom_step0_s_20260525_15,d72bb24209354b9a9a7ea3242843ba8d,0.071,,,
245,2026-05-25,SH601898,0.019839704036712646,EXP_LinearModel_Alpha158_csi300_custom_step0_s_20260525_15,d72bb24209354b9a9a7ea3242843ba8d,0.071,,,
246,2026-05-25,SH601888,-0.03155003488063812,EXP_LinearModel_Alpha158_csi300_custom_step0_s_20260525_15,d72bb24209354b9a9a7ea3242843ba8d,0.071,,,
247,2026-05-25,SH601881,-0.05505361780524254,EXP_LinearModel_Alpha158_csi300_custom_step0_s_20260525_15,d72bb24209354b9a9a7ea3242843ba8d,0.071,,,
248,2026-05-25,SH601878,-0.04791274666786194,EXP_LinearModel_Alpha158_csi300_custom_step0_s_20260525_15,d72bb24209354b9a9a7ea3242843ba8d,0.071,,,
249,2026-05-25,SH601877,-0.04741596430540085,EXP_LinearModel_Alpha158_csi300_custom_step0_s_20260525_15,d72bb24209354b9a9a7ea3242843ba8d,0.071,,,
250,2026-05-25,SH601872,0.03567342087626457,EXP_LinearModel_Alpha158_csi300_custom_step0_s_20260525_15,d72bb24209354b9a9a7ea3242843ba8d,0.071,,,
251,2026-05-25,SH601868,-0.05599341541528702,EXP_LinearModel_Alpha158_csi300_custom_step0_s_20260525_15,d72bb24209354b9a9a7ea3242843ba8d,0.071,,,
252,2026-05-25,SH601857,-0.0003501477185636759,EXP_LinearModel_Alpha158_csi300_custom_step0_s_20260525_15,d72bb24209354b9a9a7ea3242843ba8d,0.071,,,
253,2026-05-25,SH601838,0.011066939681768417,EXP_LinearModel_Alpha158_csi300_custom_step0_s_20260525_15,d72bb24209354b9a9a7ea3242843ba8d,0.071,,,
254,2026-05-25,SH601825,0.00816498976200819,EXP_LinearModel_Alpha158_csi300_custom_step0_s_20260525_15,d72bb24209354b9a9a7ea3242843ba8d,0.071,,,
255,2026-05-25,SH601818,0.1350155770778656,EXP_LinearModel_Alpha158_csi300_custom_step0_s_20260525_15,d72bb24209354b9a9a7ea3242843ba8d,0.071,,,
256,2026-05-25,SH601816,-0.03320799395442009,EXP_LinearModel_Alpha158_csi300_custom_step0_s_20260525_15,d72bb24209354b9a9a7ea3242843ba8d,0.071,,,
257,2026-05-25,SH601808,0.0435975044965744,EXP_LinearModel_Alpha158_csi300_custom_step0_s_20260525_15,d72bb24209354b9a9a7ea3242843ba8d,0.071,,,
258,2026-05-25,SH601800,-0.023196345195174217,EXP_LinearModel_Alpha158_csi300_custom_step0_s_20260525_15,d72bb24209354b9a9a7ea3242843ba8d,0.071,,,
259,2026-05-25,SH601377,-0.01915539801120758,EXP_LinearModel_Alpha158_csi300_custom_step0_s_20260525_15,d72bb24209354b9a9a7ea3242843ba8d,0.071,,,
260,2026-05-25,SH601360,-0.033217284828424454,EXP_LinearModel_Alpha158_csi300_custom_step0_s_20260525_15,d72bb24209354b9a9a7ea3242843ba8d,0.071,,,
261,2026-05-25,SH601336,-0.1063598170876503,EXP_LinearModel_Alpha158_csi300_custom_step0_s_20260525_15,d72bb24209354b9a9a7ea3242843ba8d,0.071,,,
262,2026-05-25,SH601328,-0.017122022807598114,EXP_LinearModel_Alpha158_csi300_custom_step0_s_20260525_15,d72bb24209354b9a9a7ea3242843ba8d,0.071,,,
263,2026-05-25,SH601077,-0.04335445165634155,EXP_LinearModel_Alpha158_csi300_custom_step0_s_20260525_15,d72bb24209354b9a9a7ea3242843ba8d,0.071,,,
264,2026-05-25,SH601066,-0.03557457774877548,EXP_LinearModel_Alpha158_csi300_custom_step0_s_20260525_15,d72bb24209354b9a9a7ea3242843ba8d,0.071,,,
265,2026-05-25,SH601059,-0.0013852596748620272,EXP_LinearModel_Alpha158_csi300_custom_step0_s_20260525_15,d72bb24209354b9a9a7ea3242843ba8d,0.071,,,
266,2026-05-25,SH601058,-0.06696071475744247,EXP_LinearModel_Alpha158_csi300_custom_step0_s_20260525_15,d72bb24209354b9a9a7ea3242843ba8d,0.071,,,
267,2026-05-25,SH601021,-0.029868505895137787,EXP_LinearModel_Alpha158_csi300_custom_step0_s_20260525_15,d72bb24209354b9a9a7ea3242843ba8d,0.071,,,
268,2026-05-25,SH601018,0.026200026273727417,EXP_LinearModel_Alpha158_csi300_custom_step0_s_20260525_15,d72bb24209354b9a9a7ea3242843ba8d,0.071,,,
269,2026-05-25,SH601012,-0.010059764608740807,EXP_LinearModel_Alpha158_csi300_custom_step0_s_20260525_15,d72bb24209354b9a9a7ea3242843ba8d,0.071,,,
270,2026-05-25,SH601009,-0.05450361967086792,EXP_LinearModel_Alpha158_csi300_custom_step0_s_20260525_15,d72bb24209354b9a9a7ea3242843ba8d,0.071,,,
271,2026-05-25,SH601006,0.04944932460784912,EXP_LinearModel_Alpha158_csi300_custom_step0_s_20260525_15,d72bb24209354b9a9a7ea3242843ba8d,0.071,,,
272,2026-05-25,SH600999,0.024143733084201813,EXP_LinearModel_Alpha158_csi300_custom_step0_s_20260525_15,d72bb24209354b9a9a7ea3242843ba8d,0.071,,,
273,2026-05-25,SH600989,0.045515406876802444,EXP_LinearModel_Alpha158_csi300_custom_step0_s_20260525_15,d72bb24209354b9a9a7ea3242843ba8d,0.071,,,
274,2026-05-25,SH600958,,EXP_LinearModel_Alpha158_csi300_custom_step0_s_20260525_15,d72bb24209354b9a9a7ea3242843ba8d,0.071,,,
275,2026-05-25,SH600941,-0.031023310497403145,EXP_LinearModel_Alpha158_csi300_custom_step0_s_20260525_15,d72bb24209354b9a9a7ea3242843ba8d,0.071,,,
276,2026-05-25,SH600938,0.021099239587783813,EXP_LinearModel_Alpha158_csi300_custom_step0_s_20260525_15,d72bb24209354b9a9a7ea3242843ba8d,0.071,,,
277,2026-05-25,SH600930,-0.06693004816770554,EXP_LinearModel_Alpha158_csi300_custom_step0_s_20260525_15,d72bb24209354b9a9a7ea3242843ba8d,0.071,,,
278,2026-05-25,SH601088,-0.012720124796032906,EXP_LinearModel_Alpha158_csi300_custom_step0_s_20260525_15,d72bb24209354b9a9a7ea3242843ba8d,0.071,,,
279,2026-05-25,SH600919,0.045508041977882385,EXP_LinearModel_Alpha158_csi300_custom_step0_s_20260525_15,d72bb24209354b9a9a7ea3242843ba8d,0.071,,,
280,2026-05-25,SH601100,0.0038169161416590214,EXP_LinearModel_Alpha158_csi300_custom_step0_s_20260525_15,d72bb24209354b9a9a7ea3242843ba8d,0.071,,,
281,2026-05-25,SH601117,-0.03134626895189285,EXP_LinearModel_Alpha158_csi300_custom_step0_s_20260525_15,d72bb24209354b9a9a7ea3242843ba8d,0.071,,,
282,2026-05-25,SH601319,-0.012829681858420372,EXP_LinearModel_Alpha158_csi300_custom_step0_s_20260525_15,d72bb24209354b9a9a7ea3242843ba8d,0.071,,,
283,2026-05-25,SH601318,-0.08516363799571991,EXP_LinearModel_Alpha158_csi300_custom_step0_s_20260525_15,d72bb24209354b9a9a7ea3242843ba8d,0.071,,,
284,2026-05-25,SH601298,0.04195462912321091,EXP_LinearModel_Alpha158_csi300_custom_step0_s_20260525_15,d72bb24209354b9a9a7ea3242843ba8d,0.071,,,
285,2026-05-25,SH601288,-0.045805081725120544,EXP_LinearModel_Alpha158_csi300_custom_step0_s_20260525_15,d72bb24209354b9a9a7ea3242843ba8d,0.071,,,
286,2026-05-25,SH601238,-0.018474027514457703,EXP_LinearModel_Alpha158_csi300_custom_step0_s_20260525_15,d72bb24209354b9a9a7ea3242843ba8d,0.071,,,
287,2026-05-25,SH601236,-0.050782009959220886,EXP_LinearModel_Alpha158_csi300_custom_step0_s_20260525_15,d72bb24209354b9a9a7ea3242843ba8d,0.071,,,
288,2026-05-25,SH601229,-0.043997976928949356,EXP_LinearModel_Alpha158_csi300_custom_step0_s_20260525_15,d72bb24209354b9a9a7ea3242843ba8d,0.071,,,
289,2026-05-25,SH601225,0.02392369695007801,EXP_LinearModel_Alpha158_csi300_custom_step0_s_20260525_15,d72bb24209354b9a9a7ea3242843ba8d,0.071,,,
290,2026-05-25,SH601211,-0.07910335063934326,EXP_LinearModel_Alpha158_csi300_custom_step0_s_20260525_15,d72bb24209354b9a9a7ea3242843ba8d,0.071,,,
291,2026-05-25,SH601186,0.01953602395951748,EXP_LinearModel_Alpha158_csi300_custom_step0_s_20260525_15,d72bb24209354b9a9a7ea3242843ba8d,0.071,,,
292,2026-05-25,SH601169,0.027150018140673637,EXP_LinearModel_Alpha158_csi300_custom_step0_s_20260525_15,d72bb24209354b9a9a7ea3242843ba8d,0.071,,,
293,2026-05-25,SH601166,-0.025282109156250954,EXP_LinearModel_Alpha158_csi300_custom_step0_s_20260525_15,d72bb24209354b9a9a7ea3242843ba8d,0.071,,,
294,2026-05-25,SH601138,-0.0432857945561409,EXP_LinearModel_Alpha158_csi300_custom_step0_s_20260525_15,d72bb24209354b9a9a7ea3242843ba8d,0.071,,,
295,2026-05-25,SH601136,-0.06682612746953964,EXP_LinearModel_Alpha158_csi300_custom_step0_s_20260525_15,d72bb24209354b9a9a7ea3242843ba8d,0.071,,,
296,2026-05-25,SH601127,-0.03934398293495178,EXP_LinearModel_Alpha158_csi300_custom_step0_s_20260525_15,d72bb24209354b9a9a7ea3242843ba8d,0.071,,,
297,2026-05-25,SH601111,-0.047180622816085815,EXP_LinearModel_Alpha158_csi300_custom_step0_s_20260525_15,d72bb24209354b9a9a7ea3242843ba8d,0.071,,,
298,2026-05-25,SH600009,-0.05667370930314064,EXP_LinearModel_Alpha158_csi300_custom_step0_s_20260525_15,d72bb24209354b9a9a7ea3242843ba8d,0.071,,,
299,2026-05-25,SZ302132,-0.059911392629146576,EXP_LinearModel_Alpha158_csi300_custom_step0_s_20260525_15,d72bb24209354b9a9a7ea3242843ba8d,0.071,,,
300,2026-05-25,SH600009,-0.002152347704395652,EXP_LinearModel_Alpha158_csi300_custom_step0_s_20260525_15,97d6a682cf0142849727448c2353b16e,0.085,,,
301,2026-05-25,SZ000596,-0.01420056726783514,EXP_LinearModel_Alpha158_csi300_custom_step0_s_20260525_15,97d6a682cf0142849727448c2353b16e,0.085,,,
302,2026-05-25,SZ000568,0.03635754436254501,EXP_LinearModel_Alpha158_csi300_custom_step0_s_20260525_15,97d6a682cf0142849727448c2353b16e,0.085,,,
303,2026-05-25,SZ000538,-0.03514979034662247,EXP_LinearModel_Alpha158_csi300_custom_step0_s_20260525_15,97d6a682cf0142849727448c2353b16e,0.085,,,
304,2026-05-25,SZ000425,-0.036778733134269714,EXP_LinearModel_Alpha158_csi300_custom_step0_s_20260525_15,97d6a682cf0142849727448c2353b16e,0.085,,,
305,2026-05-25,SZ000408,-0.08568760007619858,EXP_LinearModel_Alpha158_csi300_custom_step0_s_20260525_15,97d6a682cf0142849727448c2353b16e,0.085,,,
306,2026-05-25,SZ000338,0.04757744446396828,EXP_LinearModel_Alpha158_csi300_custom_step0_s_20260525_15,97d6a682cf0142849727448c2353b16e,0.085,,,
307,2026-05-25,SZ000617,-0.07370007038116455,EXP_LinearModel_Alpha158_csi300_custom_step0_s_20260525_15,97d6a682cf0142849727448c2353b16e,0.085,,,
308,2026-05-25,SZ000333,0.02518024854362011,EXP_LinearModel_Alpha158_csi300_custom_step0_s_20260525_15,97d6a682cf0142849727448c2353b16e,0.085,,,
309,2026-05-25,SZ000166,-0.01177370734512806,EXP_LinearModel_Alpha158_csi300_custom_step0_s_20260525_15,97d6a682cf0142849727448c2353b16e,0.085,,,
310,2026-05-25,SZ000157,-0.029235107824206352,EXP_LinearModel_Alpha158_csi300_custom_step0_s_20260525_15,97d6a682cf0142849727448c2353b16e,0.085,,,
311,2026-05-25,SZ000100,-0.023745344951748848,EXP_LinearModel_Alpha158_csi300_custom_step0_s_20260525_15,97d6a682cf0142849727448c2353b16e,0.085,,,
312,2026-05-25,SZ000063,-0.011893459595739841,EXP_LinearModel_Alpha158_csi300_custom_step0_s_20260525_15,97d6a682cf0142849727448c2353b16e,0.085,,,
313,2026-05-25,SZ000002,-0.07190026342868805,EXP_LinearModel_Alpha158_csi300_custom_step0_s_20260525_15,97d6a682cf0142849727448c2353b16e,0.085,,,
314,2026-05-25,SZ000001,-0.028543740510940552,EXP_LinearModel_Alpha158_csi300_custom_step0_s_20260525_15,97d6a682cf0142849727448c2353b16e,0.085,,,
315,2026-05-25,SZ000301,-0.0006700986414216459,EXP_LinearModel_Alpha158_csi300_custom_step0_s_20260525_15,97d6a682cf0142849727448c2353b16e,0.085,,,
316,2026-05-25,SZ000625,0.0217159204185009,EXP_LinearModel_Alpha158_csi300_custom_step0_s_20260525_15,97d6a682cf0142849727448c2353b16e,0.085,,,
317,2026-05-25,SZ000630,-0.10859472304582596,EXP_LinearModel_Alpha158_csi300_custom_step0_s_20260525_15,97d6a682cf0142849727448c2353b16e,0.085,,,
318,2026-05-25,SZ000651,0.031116437166929245,EXP_LinearModel_Alpha158_csi300_custom_step0_s_20260525_15,97d6a682cf0142849727448c2353b16e,0.085,,,
319,2026-05-25,SZ000977,-0.015404230915009975,EXP_LinearModel_Alpha158_csi300_custom_step0_s_20260525_15,97d6a682cf0142849727448c2353b16e,0.085,,,
320,2026-05-25,SZ000975,-0.02590917982161045,EXP_LinearModel_Alpha158_csi300_custom_step0_s_20260525_15,97d6a682cf0142849727448c2353b16e,0.085,,,
321,2026-05-25,SZ000963,-0.038422226905822754,EXP_LinearModel_Alpha158_csi300_custom_step0_s_20260525_15,97d6a682cf0142849727448c2353b16e,0.085,,,
322,2026-05-25,SZ000938,0.0527968592941761,EXP_LinearModel_Alpha158_csi300_custom_step0_s_20260525_15,97d6a682cf0142849727448c2353b16e,0.085,,,
323,2026-05-25,SZ000895,-0.04387950524687767,EXP_LinearModel_Alpha158_csi300_custom_step0_s_20260525_15,97d6a682cf0142849727448c2353b16e,0.085,,,
324,2026-05-25,SZ000876,-0.02600116841495037,EXP_LinearModel_Alpha158_csi300_custom_step0_s_20260525_15,97d6a682cf0142849727448c2353b16e,0.085,,,
325,2026-05-25,SZ000858,0.036952659487724304,EXP_LinearModel_Alpha158_csi300_custom_step0_s_20260525_15,97d6a682cf0142849727448c2353b16e,0.085,,,
326,2026-05-25,SZ000807,0.00505743408575654,EXP_LinearModel_Alpha158_csi300_custom_step0_s_20260525_15,97d6a682cf0142849727448c2353b16e,0.085,,,
327,2026-05-25,SZ000792,-0.02307547628879547,EXP_LinearModel_Alpha158_csi300_custom_step0_s_20260525_15,97d6a682cf0142849727448c2353b16e,0.085,,,
328,2026-05-25,SZ000786,-0.047391172498464584,EXP_LinearModel_Alpha158_csi300_custom_step0_s_20260525_15,97d6a682cf0142849727448c2353b16e,0.085,,,
329,2026-05-25,SZ000776,-0.058463647961616516,EXP_LinearModel_Alpha158_csi300_custom_step0_s_20260525_15,97d6a682cf0142849727448c2353b16e,0.085,,,
330,2026-05-25,SZ000768,-0.14136144518852234,EXP_LinearModel_Alpha158_csi300_custom_step0_s_20260525_15,97d6a682cf0142849727448c2353b16e,0.085,,,
331,2026-05-25,SZ000725,-0.14936001598834991,EXP_LinearModel_Alpha158_csi300_custom_step0_s_20260525_15,97d6a682cf0142849727448c2353b16e,0.085,,,
332,2026-05-25,SZ000708,0.020647451281547546,EXP_LinearModel_Alpha158_csi300_custom_step0_s_20260525_15,97d6a682cf0142849727448c2353b16e,0.085,,,
333,2026-05-25,SZ000661,-0.06440849602222443,EXP_LinearModel_Alpha158_csi300_custom_step0_s_20260525_15,97d6a682cf0142849727448c2353b16e,0.085,,,
334,2026-05-25,SH688981,-0.041623350232839584,EXP_LinearModel_Alpha158_csi300_custom_step0_s_20260525_15,97d6a682cf0142849727448c2353b16e,0.085,,,
335,2026-05-25,SH688506,-0.03788245841860771,EXP_LinearModel_Alpha158_csi300_custom_step0_s_20260525_15,97d6a682cf0142849727448c2353b16e,0.085,,,
336,2026-05-25,SH688472,-0.04904670640826225,EXP_LinearModel_Alpha158_csi300_custom_step0_s_20260525_15,97d6a682cf0142849727448c2353b16e,0.085,,,
337,2026-05-25,SH688396,0.06041392311453819,EXP_LinearModel_Alpha158_csi300_custom_step0_s_20260525_15,97d6a682cf0142849727448c2353b16e,0.085,,,
338,2026-05-25,SH603893,-0.06807222962379456,EXP_LinearModel_Alpha158_csi300_custom_step0_s_20260525_15,97d6a682cf0142849727448c2353b16e,0.085,,,
339,2026-05-25,SH603799,-0.050139013677835464,EXP_LinearModel_Alpha158_csi300_custom_step0_s_20260525_15,97d6a682cf0142849727448c2353b16e,0.085,,,
340,2026-05-25,SH603501,-0.019812174141407013,EXP_LinearModel_Alpha158_csi300_custom_step0_s_20260525_15,97d6a682cf0142849727448c2353b16e,0.085,,,
341,2026-05-25,SH603392,-0.02053057961165905,EXP_LinearModel_Alpha158_csi300_custom_step0_s_20260525_15,97d6a682cf0142849727448c2353b16e,0.085,,,
342,2026-05-25,SH603369,0.047475967556238174,EXP_LinearModel_Alpha158_csi300_custom_step0_s_20260525_15,97d6a682cf0142849727448c2353b16e,0.085,,,
343,2026-05-25,SH603296,0.016209851950407028,EXP_LinearModel_Alpha158_csi300_custom_step0_s_20260525_15,97d6a682cf0142849727448c2353b16e,0.085,,,
344,2026-05-25,SH603288,-0.12615405023097992,EXP_LinearModel_Alpha158_csi300_custom_step0_s_20260525_15,97d6a682cf0142849727448c2353b16e,0.085,,,
345,2026-05-25,SH603260,-0.07161303609609604,EXP_LinearModel_Alpha158_csi300_custom_step0_s_20260525_15,97d6a682cf0142849727448c2353b16e,0.085,,,
346,2026-05-25,SH603259,0.03481307253241539,EXP_LinearModel_Alpha158_csi300_custom_step0_s_20260525_15,97d6a682cf0142849727448c2353b16e,0.085,,,
347,2026-05-25,SH603195,-0.017826398834586143,EXP_LinearModel_Alpha158_csi300_custom_step0_s_20260525_15,97d6a682cf0142849727448c2353b16e,0.085,,,
348,2026-05-25,SH603019,-0.01989755593240261,EXP_LinearModel_Alpha158_csi300_custom_step0_s_20260525_15,97d6a682cf0142849727448c2353b16e,0.085,,,
349,2026-05-25,SH601998,-0.08543681353330612,EXP_LinearModel_Alpha158_csi300_custom_step0_s_20260525_15,97d6a682cf0142849727448c2353b16e,0.085,,,
350,2026-05-25,SH601995,0.024245435371994972,EXP_LinearModel_Alpha158_csi300_custom_step0_s_20260525_15,97d6a682cf0142849727448c2353b16e,0.085,,,
351,2026-05-25,SH601988,0.035664163529872894,EXP_LinearModel_Alpha158_csi300_custom_step0_s_20260525_15,97d6a682cf0142849727448c2353b16e,0.085,,,
352,2026-05-25,SH601985,-0.035278208553791046,EXP_LinearModel_Alpha158_csi300_custom_step0_s_20260525_15,97d6a682cf0142849727448c2353b16e,0.085,,,
353,2026-05-25,SH603986,-0.11053098738193512,EXP_LinearModel_Alpha158_csi300_custom_step0_s_20260525_15,97d6a682cf0142849727448c2353b16e,0.085,,,
354,2026-05-25,SZ000983,-0.06947463750839233,EXP_LinearModel_Alpha158_csi300_custom_step0_s_20260525_15,97d6a682cf0142849727448c2353b16e,0.085,,,
355,2026-05-25,SH603993,-0.1187148168683052,EXP_LinearModel_Alpha158_csi300_custom_step0_s_20260525_15,97d6a682cf0142849727448c2353b16e,0.085,,,
356,2026-05-25,SH605499,-0.017521612346172333,EXP_LinearModel_Alpha158_csi300_custom_step0_s_20260525_15,97d6a682cf0142849727448c2353b16e,0.085,,,
357,2026-05-25,SH688303,-0.04477076232433319,EXP_LinearModel_Alpha158_csi300_custom_step0_s_20260525_15,97d6a682cf0142849727448c2353b16e,0.085,,,
358,2026-05-25,SH688271,-0.040652696043252945,EXP_LinearModel_Alpha158_csi300_custom_step0_s_20260525_15,97d6a682cf0142849727448c2353b16e,0.085,,,
359,2026-05-25,SH688256,-0.13960160315036774,EXP_LinearModel_Alpha158_csi300_custom_step0_s_20260525_15,97d6a682cf0142849727448c2353b16e,0.085,,,
360,2026-05-25,SH688223,-0.07626113295555115,EXP_LinearModel_Alpha158_csi300_custom_step0_s_20260525_15,97d6a682cf0142849727448c2353b16e,0.085,,,
361,2026-05-25,SH688187,-0.11965925991535187,EXP_LinearModel_Alpha158_csi300_custom_step0_s_20260525_15,97d6a682cf0142849727448c2353b16e,0.085,,,
362,2026-05-25,SH688169,-0.057964980602264404,EXP_LinearModel_Alpha158_csi300_custom_step0_s_20260525_15,97d6a682cf0142849727448c2353b16e,0.085,,,
363,2026-05-25,SH688126,-0.07286103069782257,EXP_LinearModel_Alpha158_csi300_custom_step0_s_20260525_15,97d6a682cf0142849727448c2353b16e,0.085,,,
364,2026-05-25,SH688111,-0.055357158184051514,EXP_LinearModel_Alpha158_csi300_custom_step0_s_20260525_15,97d6a682cf0142849727448c2353b16e,0.085,,,
365,2026-05-25,SH688082,0.09068642556667328,EXP_LinearModel_Alpha158_csi300_custom_step0_s_20260525_15,97d6a682cf0142849727448c2353b16e,0.085,,,
366,2026-05-25,SH688047,0.01124448049813509,EXP_LinearModel_Alpha158_csi300_custom_step0_s_20260525_15,97d6a682cf0142849727448c2353b16e,0.085,,,
367,2026-05-25,SH688041,0.05822543799877167,EXP_LinearModel_Alpha158_csi300_custom_step0_s_20260525_15,97d6a682cf0142849727448c2353b16e,0.085,,,
368,2026-05-25,SH688036,-0.020006293430924416,EXP_LinearModel_Alpha158_csi300_custom_step0_s_20260525_15,97d6a682cf0142849727448c2353b16e,0.085,,,
369,2026-05-25,SH688012,0.038412731140851974,EXP_LinearModel_Alpha158_csi300_custom_step0_s_20260525_15,97d6a682cf0142849727448c2353b16e,0.085,,,
370,2026-05-25,SH688009,-0.03895815834403038,EXP_LinearModel_Alpha158_csi300_custom_step0_s_20260525_15,97d6a682cf0142849727448c2353b16e,0.085,,,
371,2026-05-25,SH688008,-0.04048467054963112,EXP_LinearModel_Alpha158_csi300_custom_step0_s_20260525_15,97d6a682cf0142849727448c2353b16e,0.085,,,
372,2026-05-25,SH605117,0.0089816153049469,EXP_LinearModel_Alpha158_csi300_custom_step0_s_20260525_15,97d6a682cf0142849727448c2353b16e,0.085,,,
373,2026-05-25,SH601939,0.00857625063508749,EXP_LinearModel_Alpha158_csi300_custom_step0_s_20260525_15,97d6a682cf0142849727448c2353b16e,0.085,,,
374,2026-05-25,SZ000999,-0.01795404590666294,EXP_LinearModel_Alpha158_csi300_custom_step0_s_20260525_15,97d6a682cf0142849727448c2353b16e,0.085,,,
375,2026-05-25,SZ001965,0.03823762387037277,EXP_LinearModel_Alpha158_csi300_custom_step0_s_20260525_15,97d6a682cf0142849727448c2353b16e,0.085,,,
376,2026-05-25,SZ300413,-0.04390231519937515,EXP_LinearModel_Alpha158_csi300_custom_step0_s_20260525_15,97d6a682cf0142849727448c2353b16e,0.085,,,
377,2026-05-25,SZ300408,-0.30760398507118225,EXP_LinearModel_Alpha158_csi300_custom_step0_s_20260525_15,97d6a682cf0142849727448c2353b16e,0.085,,,
378,2026-05-25,SZ300394,0.0679035633802414,EXP_LinearModel_Alpha158_csi300_custom_step0_s_20260525_15,97d6a682cf0142849727448c2353b16e,0.085,,,
379,2026-05-25,SZ300347,0.026737242937088013,EXP_LinearModel_Alpha158_csi300_custom_step0_s_20260525_15,97d6a682cf0142849727448c2353b16e,0.085,,,
380,2026-05-25,SZ300316,-0.03515990078449249,EXP_LinearModel_Alpha158_csi300_custom_step0_s_20260525_15,97d6a682cf0142849727448c2353b16e,0.085,,,
381,2026-05-25,SZ300308,-0.039554815739393234,EXP_LinearModel_Alpha158_csi300_custom_step0_s_20260525_15,97d6a682cf0142849727448c2353b16e,0.085,,,
382,2026-05-25,SZ300418,-0.09372212737798691,EXP_LinearModel_Alpha158_csi300_custom_step0_s_20260525_15,97d6a682cf0142849727448c2353b16e,0.085,,,
383,2026-05-25,SZ300274,-0.019845109432935715,EXP_LinearModel_Alpha158_csi300_custom_step0_s_20260525_15,97d6a682cf0142849727448c2353b16e,0.085,,,
384,2026-05-25,SZ300124,-0.028500743210315704,EXP_LinearModel_Alpha158_csi300_custom_step0_s_20260525_15,97d6a682cf0142849727448c2353b16e,0.085,,,
385,2026-05-25,SZ300122,-0.018886495381593704,EXP_LinearModel_Alpha158_csi300_custom_step0_s_20260525_15,97d6a682cf0142849727448c2353b16e,0.085,,,
386,2026-05-25,SZ300059,-0.040636658668518066,EXP_LinearModel_Alpha158_csi300_custom_step0_s_20260525_15,97d6a682cf0142849727448c2353b16e,0.085,,,
387,2026-05-25,SZ300033,-0.0003817810211330652,EXP_LinearModel_Alpha158_csi300_custom_step0_s_20260525_15,97d6a682cf0142849727448c2353b16e,0.085,,,
388,2026-05-25,SZ300015,-0.05367329716682434,EXP_LinearModel_Alpha158_csi300_custom_step0_s_20260525_15,97d6a682cf0142849727448c2353b16e,0.085,,,
389,2026-05-25,SZ300014,0.01935046911239624,EXP_LinearModel_Alpha158_csi300_custom_step0_s_20260525_15,97d6a682cf0142849727448c2353b16e,0.085,,,
390,2026-05-25,SZ300251,-0.10395705699920654,EXP_LinearModel_Alpha158_csi300_custom_step0_s_20260525_15,97d6a682cf0142849727448c2353b16e,0.085,,,
391,2026-05-25,SZ300433,0.02061563730239868,EXP_LinearModel_Alpha158_csi300_custom_step0_s_20260525_15,97d6a682cf0142849727448c2353b16e,0.085,,,
392,2026-05-25,SZ300442,-0.10530635714530945,EXP_LinearModel_Alpha158_csi300_custom_step0_s_20260525_15,97d6a682cf0142849727448c2353b16e,0.085,,,
393,2026-05-25,SZ300476,-0.09919057041406631,EXP_LinearModel_Alpha158_csi300_custom_step0_s_20260525_15,97d6a682cf0142849727448c2353b16e,0.085,,,
394,2026-05-25,SZ301236,-0.014777434058487415,EXP_LinearModel_Alpha158_csi300_custom_step0_s_20260525_15,97d6a682cf0142849727448c2353b16e,0.085,,,
395,2026-05-25,SZ300999,-0.08682675659656525,EXP_LinearModel_Alpha158_csi300_custom_step0_s_20260525_15,97d6a682cf0142849727448c2353b16e,0.085,,,
396,2026-05-25,SZ300979,0.028574490919709206,EXP_LinearModel_Alpha158_csi300_custom_step0_s_20260525_15,97d6a682cf0142849727448c2353b16e,0.085,,,
397,2026-05-25,SZ300896,-0.1259356588125229,EXP_LinearModel_Alpha158_csi300_custom_step0_s_20260525_15,97d6a682cf0142849727448c2353b16e,0.085,,,
398,2026-05-25,SZ300866,0.09069765359163284,EXP_LinearModel_Alpha158_csi300_custom_step0_s_20260525_15,97d6a682cf0142849727448c2353b16e,0.085,,,
399,2026-05-25,SZ300832,-0.06674226373434067,EXP_LinearModel_Alpha158_csi300_custom_step0_s_20260525_15,97d6a682cf0142849727448c2353b16e,0.085,,,
400,2026-05-25,SZ300803,-0.029154011979699135,EXP_LinearModel_Alpha158_csi300_custom_step0_s_20260525_15,97d6a682cf0142849727448c2353b16e,0.085,,,
401,2026-05-25,SZ300782,0.0287184901535511,EXP_LinearModel_Alpha158_csi300_custom_step0_s_20260525_15,97d6a682cf0142849727448c2353b16e,0.085,,,
402,2026-05-25,SZ300760,-0.02788899838924408,EXP_LinearModel_Alpha158_csi300_custom_step0_s_20260525_15,97d6a682cf0142849727448c2353b16e,0.085,,,
403,2026-05-25,SZ300759,0.005885004997253418,EXP_LinearModel_Alpha158_csi300_custom_step0_s_20260525_15,97d6a682cf0142849727448c2353b16e,0.085,,,
404,2026-05-25,SZ300750,-0.007243095897138119,EXP_LinearModel_Alpha158_csi300_custom_step0_s_20260525_15,97d6a682cf0142849727448c2353b16e,0.085,,,
405,2026-05-25,SZ300661,0.03079819679260254,EXP_LinearModel_Alpha158_csi300_custom_step0_s_20260525_15,97d6a682cf0142849727448c2353b16e,0.085,,,
406,2026-05-25,SZ300628,0.04319177195429802,EXP_LinearModel_Alpha158_csi300_custom_step0_s_20260525_15,97d6a682cf0142849727448c2353b16e,0.085,,,
407,2026-05-25,SZ300502,0.047487709671258926,EXP_LinearModel_Alpha158_csi300_custom_step0_s_20260525_15,97d6a682cf0142849727448c2353b16e,0.085,,,
408,2026-05-25,SZ300498,0.03512243926525116,EXP_LinearModel_Alpha158_csi300_custom_step0_s_20260525_15,97d6a682cf0142849727448c2353b16e,0.085,,,
409,2026-05-25,SZ003816,0.05459465831518173,EXP_LinearModel_Alpha158_csi300_custom_step0_s_20260525_15,97d6a682cf0142849727448c2353b16e,0.085,,,
410,2026-05-25,SZ002938,-0.19544662535190582,EXP_LinearModel_Alpha158_csi300_custom_step0_s_20260525_15,97d6a682cf0142849727448c2353b16e,0.085,,,
411,2026-05-25,SZ002920,-0.02743089199066162,EXP_LinearModel_Alpha158_csi300_custom_step0_s_20260525_15,97d6a682cf0142849727448c2353b16e,0.085,,,
412,2026-05-25,SZ002916,-0.1874755471944809,EXP_LinearModel_Alpha158_csi300_custom_step0_s_20260525_15,97d6a682cf0142849727448c2353b16e,0.085,,,
413,2026-05-25,SZ002311,-0.054359015077352524,EXP_LinearModel_Alpha158_csi300_custom_step0_s_20260525_15,97d6a682cf0142849727448c2353b16e,0.085,,,
414,2026-05-25,SZ002304,-0.026935994625091553,EXP_LinearModel_Alpha158_csi300_custom_step0_s_20260525_15,97d6a682cf0142849727448c2353b16e,0.085,,,
415,2026-05-25,SZ002252,-0.0034916591830551624,EXP_LinearModel_Alpha158_csi300_custom_step0_s_20260525_15,97d6a682cf0142849727448c2353b16e,0.085,,,
416,2026-05-25,SZ002241,0.016372714191675186,EXP_LinearModel_Alpha158_csi300_custom_step0_s_20260525_15,97d6a682cf0142849727448c2353b16e,0.085,,,
417,2026-05-25,SZ002236,0.01776217110455036,EXP_LinearModel_Alpha158_csi300_custom_step0_s_20260525_15,97d6a682cf0142849727448c2353b16e,0.085,,,
418,2026-05-25,SZ002230,-0.008481365628540516,EXP_LinearModel_Alpha158_csi300_custom_step0_s_20260525_15,97d6a682cf0142849727448c2353b16e,0.085,,,
419,2026-05-25,SZ002179,0.03889966756105423,EXP_LinearModel_Alpha158_csi300_custom_step0_s_20260525_15,97d6a682cf0142849727448c2353b16e,0.085,,,
420,2026-05-25,SZ002142,0.014512788504362106,EXP_LinearModel_Alpha158_csi300_custom_step0_s_20260525_15,97d6a682cf0142849727448c2353b16e,0.085,,,
421,2026-05-25,SZ002074,-0.022844769060611725,EXP_LinearModel_Alpha158_csi300_custom_step0_s_20260525_15,97d6a682cf0142849727448c2353b16e,0.085,,,
422,2026-05-25,SZ002050,-0.05127700790762901,EXP_LinearModel_Alpha158_csi300_custom_step0_s_20260525_15,97d6a682cf0142849727448c2353b16e,0.085,,,
423,2026-05-25,SZ002049,-0.01758766546845436,EXP_LinearModel_Alpha158_csi300_custom_step0_s_20260525_15,97d6a682cf0142849727448c2353b16e,0.085,,,
424,2026-05-25,SZ002028,-0.03965780884027481,EXP_LinearModel_Alpha158_csi300_custom_step0_s_20260525_15,97d6a682cf0142849727448c2353b16e,0.085,,,
425,2026-05-25,SZ002027,-0.002872777869924903,EXP_LinearModel_Alpha158_csi300_custom_step0_s_20260525_15,97d6a682cf0142849727448c2353b16e,0.085,,,
426,2026-05-25,SZ002001,0.008435088209807873,EXP_LinearModel_Alpha158_csi300_custom_step0_s_20260525_15,97d6a682cf0142849727448c2353b16e,0.085,,,
427,2026-05-25,SZ001979,-0.06402876228094101,EXP_LinearModel_Alpha158_csi300_custom_step0_s_20260525_15,97d6a682cf0142849727448c2353b16e,0.085,,,
428,2026-05-25,SZ002352,-0.02627350203692913,EXP_LinearModel_Alpha158_csi300_custom_step0_s_20260525_15,97d6a682cf0142849727448c2353b16e,0.085,,,
429,2026-05-25,SZ001391,-0.016544459387660027,EXP_LinearModel_Alpha158_csi300_custom_step0_s_20260525_15,97d6a682cf0142849727448c2353b16e,0.085,,,
430,2026-05-25,SZ002371,-0.011462243273854256,EXP_LinearModel_Alpha158_csi300_custom_step0_s_20260525_15,97d6a682cf0142849727448c2353b16e,0.085,,,
431,2026-05-25,SZ002415,0.0065262275747954845,EXP_LinearModel_Alpha158_csi300_custom_step0_s_20260525_15,97d6a682cf0142849727448c2353b16e,0.085,,,
432,2026-05-25,SZ002736,-0.004389994777739048,EXP_LinearModel_Alpha158_csi300_custom_step0_s_20260525_15,97d6a682cf0142849727448c2353b16e,0.085,,,
433,2026-05-25,SZ002714,-0.07119923084974289,EXP_LinearModel_Alpha158_csi300_custom_step0_s_20260525_15,97d6a682cf0142849727448c2353b16e,0.085,,,
434,2026-05-25,SZ002709,0.07099500298500061,EXP_LinearModel_Alpha158_csi300_custom_step0_s_20260525_15,97d6a682cf0142849727448c2353b16e,0.085,,,
435,2026-05-25,SZ002648,0.012997571378946304,EXP_LinearModel_Alpha158_csi300_custom_step0_s_20260525_15,97d6a682cf0142849727448c2353b16e,0.085,,,
436,2026-05-25,SZ002625,-0.011966003105044365,EXP_LinearModel_Alpha158_csi300_custom_step0_s_20260525_15,97d6a682cf0142849727448c2353b16e,0.085,,,
437,2026-05-25,SZ002601,-0.06758464872837067,EXP_LinearModel_Alpha158_csi300_custom_step0_s_20260525_15,97d6a682cf0142849727448c2353b16e,0.085,,,
438,2026-05-25,SZ002600,-0.013509053736925125,EXP_LinearModel_Alpha158_csi300_custom_step0_s_20260525_15,97d6a682cf0142849727448c2353b16e,0.085,,,
439,2026-05-25,SZ002594,-0.07560346275568008,EXP_LinearModel_Alpha158_csi300_custom_step0_s_20260525_15,97d6a682cf0142849727448c2353b16e,0.085,,,
440,2026-05-25,SZ002493,-0.08354384452104568,EXP_LinearModel_Alpha158_csi300_custom_step0_s_20260525_15,97d6a682cf0142849727448c2353b16e,0.085,,,
441,2026-05-25,SZ002475,-0.03654273599386215,EXP_LinearModel_Alpha158_csi300_custom_step0_s_20260525_15,97d6a682cf0142849727448c2353b16e,0.085,,,
442,2026-05-25,SZ002466,-0.007514567580074072,EXP_LinearModel_Alpha158_csi300_custom_step0_s_20260525_15,97d6a682cf0142849727448c2353b16e,0.085,,,
443,2026-05-25,SZ002463,-0.14634260535240173,EXP_LinearModel_Alpha158_csi300_custom_step0_s_20260525_15,97d6a682cf0142849727448c2353b16e,0.085,,,
444,2026-05-25,SZ002460,0.02269957773387432,EXP_LinearModel_Alpha158_csi300_custom_step0_s_20260525_15,97d6a682cf0142849727448c2353b16e,0.085,,,
445,2026-05-25,SZ002459,-0.039374496787786484,EXP_LinearModel_Alpha158_csi300_custom_step0_s_20260525_15,97d6a682cf0142849727448c2353b16e,0.085,,,
446,2026-05-25,SZ002422,-0.03501394763588905,EXP_LinearModel_Alpha158_csi300_custom_step0_s_20260525_15,97d6a682cf0142849727448c2353b16e,0.085,,,
447,2026-05-25,SZ002384,0.049477219581604004,EXP_LinearModel_Alpha158_csi300_custom_step0_s_20260525_15,97d6a682cf0142849727448c2353b16e,0.085,,,
448,2026-05-25,SH600000,0.002451993990689516,EXP_LinearModel_Alpha158_csi300_custom_step0_s_20260525_15,97d6a682cf0142849727448c2353b16e,0.085,,,
449,2026-05-25,SH601919,-0.021981218829751015,EXP_LinearModel_Alpha158_csi300_custom_step0_s_20260525_15,97d6a682cf0142849727448c2353b16e,0.085,,,
450,2026-05-25,SH601901,0.019017189741134644,EXP_LinearModel_Alpha158_csi300_custom_step0_s_20260525_15,97d6a682cf0142849727448c2353b16e,0.085,,,
451,2026-05-25,SH600547,-0.07306182384490967,EXP_LinearModel_Alpha158_csi300_custom_step0_s_20260525_15,97d6a682cf0142849727448c2353b16e,0.085,,,
452,2026-05-25,SH600522,0.10588086396455765,EXP_LinearModel_Alpha158_csi300_custom_step0_s_20260525_15,97d6a682cf0142849727448c2353b16e,0.085,,,
453,2026-05-25,SH600519,-0.01513107493519783,EXP_LinearModel_Alpha158_csi300_custom_step0_s_20260525_15,97d6a682cf0142849727448c2353b16e,0.085,,,
454,2026-05-25,SH600515,-0.045536842197179794,EXP_LinearModel_Alpha158_csi300_custom_step0_s_20260525_15,97d6a682cf0142849727448c2353b16e,0.085,,,
455,2026-05-25,SH600489,-0.11092769354581833,EXP_LinearModel_Alpha158_csi300_custom_step0_s_20260525_15,97d6a682cf0142849727448c2353b16e,0.085,,,
456,2026-05-25,SH600482,-0.06519930064678192,EXP_LinearModel_Alpha158_csi300_custom_step0_s_20260525_15,97d6a682cf0142849727448c2353b16e,0.085,,,
457,2026-05-25,SH600570,0.015782900154590607,EXP_LinearModel_Alpha158_csi300_custom_step0_s_20260525_15,97d6a682cf0142849727448c2353b16e,0.085,,,
458,2026-05-25,SH600460,0.03643479570746422,EXP_LinearModel_Alpha158_csi300_custom_step0_s_20260525_15,97d6a682cf0142849727448c2353b16e,0.085,,,
459,2026-05-25,SH600436,-0.05655806511640549,EXP_LinearModel_Alpha158_csi300_custom_step0_s_20260525_15,97d6a682cf0142849727448c2353b16e,0.085,,,
460,2026-05-25,SH600426,-0.007247759960591793,EXP_LinearModel_Alpha158_csi300_custom_step0_s_20260525_15,97d6a682cf0142849727448c2353b16e,0.085,,,
461,2026-05-25,SH600415,-0.05449259653687477,EXP_LinearModel_Alpha158_csi300_custom_step0_s_20260525_15,97d6a682cf0142849727448c2353b16e,0.085,,,
462,2026-05-25,SH600406,-0.06952859461307526,EXP_LinearModel_Alpha158_csi300_custom_step0_s_20260525_15,97d6a682cf0142849727448c2353b16e,0.085,,,
463,2026-05-25,SH600377,0.05559435486793518,EXP_LinearModel_Alpha158_csi300_custom_step0_s_20260525_15,97d6a682cf0142849727448c2353b16e,0.085,,,
464,2026-05-25,SH600372,-0.06515595316886902,EXP_LinearModel_Alpha158_csi300_custom_step0_s_20260525_15,97d6a682cf0142849727448c2353b16e,0.085,,,
465,2026-05-25,SH600438,0.07020161300897598,EXP_LinearModel_Alpha158_csi300_custom_step0_s_20260525_15,97d6a682cf0142849727448c2353b16e,0.085,,,
466,2026-05-25,SH600584,-0.11991813033819199,EXP_LinearModel_Alpha158_csi300_custom_step0_s_20260525_15,97d6a682cf0142849727448c2353b16e,0.085,,,
467,2026-05-25,SH600585,-0.11554691195487976,EXP_LinearModel_Alpha158_csi300_custom_step0_s_20260525_15,97d6a682cf0142849727448c2353b16e,0.085,,,
468,2026-05-25,SH600588,-0.07390672713518143,EXP_LinearModel_Alpha158_csi300_custom_step0_s_20260525_15,97d6a682cf0142849727448c2353b16e,0.085,,,
469,2026-05-25,SH600900,-0.04062432795763016,EXP_LinearModel_Alpha158_csi300_custom_step0_s_20260525_15,97d6a682cf0142849727448c2353b16e,0.085,,,
470,2026-05-25,SH600893,-0.07164949178695679,EXP_LinearModel_Alpha158_csi300_custom_step0_s_20260525_15,97d6a682cf0142849727448c2353b16e,0.085,,,
471,2026-05-25,SH600887,-0.018213188275694847,EXP_LinearModel_Alpha158_csi300_custom_step0_s_20260525_15,97d6a682cf0142849727448c2353b16e,0.085,,,
472,2026-05-25,SH600886,0.022226018831133842,EXP_LinearModel_Alpha158_csi300_custom_step0_s_20260525_15,97d6a682cf0142849727448c2353b16e,0.085,,,
473,2026-05-25,SH600875,-0.04815172031521797,EXP_LinearModel_Alpha158_csi300_custom_step0_s_20260525_15,97d6a682cf0142849727448c2353b16e,0.085,,,
474,2026-05-25,SH600845,-0.04472826048731804,EXP_LinearModel_Alpha158_csi300_custom_step0_s_20260525_15,97d6a682cf0142849727448c2353b16e,0.085,,,
475,2026-05-25,SH600809,-0.021089382469654083,EXP_LinearModel_Alpha158_csi300_custom_step0_s_20260525_15,97d6a682cf0142849727448c2353b16e,0.085,,,
476,2026-05-25,SH600803,-0.01077740266919136,EXP_LinearModel_Alpha158_csi300_custom_step0_s_20260525_15,97d6a682cf0142849727448c2353b16e,0.085,,,
477,2026-05-25,SH600795,-0.018630079925060272,EXP_LinearModel_Alpha158_csi300_custom_step0_s_20260525_15,97d6a682cf0142849727448c2353b16e,0.085,,,
478,2026-05-25,SH600760,-0.08593093603849411,EXP_LinearModel_Alpha158_csi300_custom_step0_s_20260525_15,97d6a682cf0142849727448c2353b16e,0.085,,,
479,2026-05-25,SH600741,-0.038542911410331726,EXP_LinearModel_Alpha158_csi300_custom_step0_s_20260525_15,97d6a682cf0142849727448c2353b16e,0.085,,,
480,2026-05-25,SH600690,-0.062141627073287964,EXP_LinearModel_Alpha158_csi300_custom_step0_s_20260525_15,97d6a682cf0142849727448c2353b16e,0.085,,,
481,2026-05-25,SH600674,-0.032361991703510284,EXP_LinearModel_Alpha158_csi300_custom_step0_s_20260525_15,97d6a682cf0142849727448c2353b16e,0.085,,,
482,2026-05-25,SH600660,-0.07328196614980698,EXP_LinearModel_Alpha158_csi300_custom_step0_s_20260525_15,97d6a682cf0142849727448c2353b16e,0.085,,,
483,2026-05-25,SH600600,-0.056102704256772995,EXP_LinearModel_Alpha158_csi300_custom_step0_s_20260525_15,97d6a682cf0142849727448c2353b16e,0.085,,,
484,2026-05-25,SH600362,-0.09139508008956909,EXP_LinearModel_Alpha158_csi300_custom_step0_s_20260525_15,97d6a682cf0142849727448c2353b16e,0.085,,,
485,2026-05-25,SH600346,-0.06227201223373413,EXP_LinearModel_Alpha158_csi300_custom_step0_s_20260525_15,97d6a682cf0142849727448c2353b16e,0.085,,,
486,2026-05-25,SH600309,-0.03295668587088585,EXP_LinearModel_Alpha158_csi300_custom_step0_s_20260525_15,97d6a682cf0142849727448c2353b16e,0.085,,,
487,2026-05-25,SH600276,-0.13022315502166748,EXP_LinearModel_Alpha158_csi300_custom_step0_s_20260525_15,97d6a682cf0142849727448c2353b16e,0.085,,,
488,2026-05-25,SH600036,-0.0417725034058094,EXP_LinearModel_Alpha158_csi300_custom_step0_s_20260525_15,97d6a682cf0142849727448c2353b16e,0.085,,,
489,2026-05-25,SH600031,-0.07278405874967575,EXP_LinearModel_Alpha158_csi300_custom_step0_s_20260525_15,97d6a682cf0142849727448c2353b16e,0.085,,,
490,2026-05-25,SH600030,0.00303078000433743,EXP_LinearModel_Alpha158_csi300_custom_step0_s_20260525_15,97d6a682cf0142849727448c2353b16e,0.085,,,
491,2026-05-25,SH600029,-0.1314222514629364,EXP_LinearModel_Alpha158_csi300_custom_step0_s_20260525_15,97d6a682cf0142849727448c2353b16e,0.085,,,
492,2026-05-25,SH600028,-0.15894438326358795,EXP_LinearModel_Alpha158_csi300_custom_step0_s_20260525_15,97d6a682cf0142849727448c2353b16e,0.085,,,
493,2026-05-25,SH600027,0.0022816499695181847,EXP_LinearModel_Alpha158_csi300_custom_step0_s_20260525_15,97d6a682cf0142849727448c2353b16e,0.085,,,
494,2026-05-25,SH600026,0.022346964105963707,EXP_LinearModel_Alpha158_csi300_custom_step0_s_20260525_15,97d6a682cf0142849727448c2353b16e,0.085,,,
495,2026-05-25,SH600025,-0.0007322676246985793,EXP_LinearModel_Alpha158_csi300_custom_step0_s_20260525_15,97d6a682cf0142849727448c2353b16e,0.085,,,
496,2026-05-25,SH600023,0.022606464102864265,EXP_LinearModel_Alpha158_csi300_custom_step0_s_20260525_15,97d6a682cf0142849727448c2353b16e,0.085,,,
497,2026-05-25,SH600019,0.012096493504941463,EXP_LinearModel_Alpha158_csi300_custom_step0_s_20260525_15,97d6a682cf0142849727448c2353b16e,0.085,,,
498,2026-05-25,SH600018,0.06739537417888641,EXP_LinearModel_Alpha158_csi300_custom_step0_s_20260525_15,97d6a682cf0142849727448c2353b16e,0.085,,,
499,2026-05-25,SH600016,0.041122227907180786,EXP_LinearModel_Alpha158_csi300_custom_step0_s_20260525_15,97d6a682cf0142849727448c2353b16e,0.085,,,
500,2026-05-25,SH600015,0.013692663982510567,EXP_LinearModel_Alpha158_csi300_custom_step0_s_20260525_15,97d6a682cf0142849727448c2353b16e,0.085,,,
501,2026-05-25,SH600011,-0.006991159170866013,EXP_LinearModel_Alpha158_csi300_custom_step0_s_20260525_15,97d6a682cf0142849727448c2353b16e,0.085,,,
502,2026-05-25,SH600010,-0.016490042209625244,EXP_LinearModel_Alpha158_csi300_custom_step0_s_20260525_15,97d6a682cf0142849727448c2353b16e,0.085,,,
503,2026-05-25,SH600039,0.15366065502166748,EXP_LinearModel_Alpha158_csi300_custom_step0_s_20260525_15,97d6a682cf0142849727448c2353b16e,0.085,,,
504,2026-05-25,SH600905,-0.022966496646404266,EXP_LinearModel_Alpha158_csi300_custom_step0_s_20260525_15,97d6a682cf0142849727448c2353b16e,0.085,,,
505,2026-05-25,SH600048,-0.04421893507242203,EXP_LinearModel_Alpha158_csi300_custom_step0_s_20260525_15,97d6a682cf0142849727448c2353b16e,0.085,,,
506,2026-05-25,SH600061,-0.01939992792904377,EXP_LinearModel_Alpha158_csi300_custom_step0_s_20260525_15,97d6a682cf0142849727448c2353b16e,0.085,,,
507,2026-05-25,SH600233,-0.03363470360636711,EXP_LinearModel_Alpha158_csi300_custom_step0_s_20260525_15,97d6a682cf0142849727448c2353b16e,0.085,,,
508,2026-05-25,SH600219,0.024630988016724586,EXP_LinearModel_Alpha158_csi300_custom_step0_s_20260525_15,97d6a682cf0142849727448c2353b16e,0.085,,,
509,2026-05-25,SH600196,-0.07193011790513992,EXP_LinearModel_Alpha158_csi300_custom_step0_s_20260525_15,97d6a682cf0142849727448c2353b16e,0.085,,,
510,2026-05-25,SH600188,0.03641144558787346,EXP_LinearModel_Alpha158_csi300_custom_step0_s_20260525_15,97d6a682cf0142849727448c2353b16e,0.085,,,
511,2026-05-25,SH600183,-0.13565842807292938,EXP_LinearModel_Alpha158_csi300_custom_step0_s_20260525_15,97d6a682cf0142849727448c2353b16e,0.085,,,
512,2026-05-25,SH600176,-0.08669273555278778,EXP_LinearModel_Alpha158_csi300_custom_step0_s_20260525_15,97d6a682cf0142849727448c2353b16e,0.085,,,
513,2026-05-25,SH600161,-0.006038947030901909,EXP_LinearModel_Alpha158_csi300_custom_step0_s_20260525_15,97d6a682cf0142849727448c2353b16e,0.085,,,
514,2026-05-25,SH600160,-0.056759707629680634,EXP_LinearModel_Alpha158_csi300_custom_step0_s_20260525_15,97d6a682cf0142849727448c2353b16e,0.085,,,
515,2026-05-25,SH600150,0.012259586714208126,EXP_LinearModel_Alpha158_csi300_custom_step0_s_20260525_15,97d6a682cf0142849727448c2353b16e,0.085,,,
516,2026-05-25,SH600115,-0.11749356985092163,EXP_LinearModel_Alpha158_csi300_custom_step0_s_20260525_15,97d6a682cf0142849727448c2353b16e,0.085,,,
517,2026-05-25,SH600111,-0.03597132861614227,EXP_LinearModel_Alpha158_csi300_custom_step0_s_20260525_15,97d6a682cf0142849727448c2353b16e,0.085,,,
518,2026-05-25,SH600104,0.010285735130310059,EXP_LinearModel_Alpha158_csi300_custom_step0_s_20260525_15,97d6a682cf0142849727448c2353b16e,0.085,,,
519,2026-05-25,SH600089,-0.06311769783496857,EXP_LinearModel_Alpha158_csi300_custom_step0_s_20260525_15,97d6a682cf0142849727448c2353b16e,0.085,,,
520,2026-05-25,SH600085,-0.049143992364406586,EXP_LinearModel_Alpha158_csi300_custom_step0_s_20260525_15,97d6a682cf0142849727448c2353b16e,0.085,,,
521,2026-05-25,SH600066,-0.03456158936023712,EXP_LinearModel_Alpha158_csi300_custom_step0_s_20260525_15,97d6a682cf0142849727448c2353b16e,0.085,,,
522,2026-05-25,SH600050,0.03406938165426254,EXP_LinearModel_Alpha158_csi300_custom_step0_s_20260525_15,97d6a682cf0142849727448c2353b16e,0.085,,,
523,2026-05-25,SH601916,0.10833486169576645,EXP_LinearModel_Alpha158_csi300_custom_step0_s_20260525_15,97d6a682cf0142849727448c2353b16e,0.085,,,
524,2026-05-25,SH600918,-0.024966347962617874,EXP_LinearModel_Alpha158_csi300_custom_step0_s_20260525_15,97d6a682cf0142849727448c2353b16e,0.085,,,
525,2026-05-25,SH600926,-0.07004938274621964,EXP_LinearModel_Alpha158_csi300_custom_step0_s_20260525_15,97d6a682cf0142849727448c2353b16e,0.085,,,
526,2026-05-25,SH601689,-0.041442304849624634,EXP_LinearModel_Alpha158_csi300_custom_step0_s_20260525_15,97d6a682cf0142849727448c2353b16e,0.085,,,
527,2026-05-25,SH601688,-0.05550936982035637,EXP_LinearModel_Alpha158_csi300_custom_step0_s_20260525_15,97d6a682cf0142849727448c2353b16e,0.085,,,
528,2026-05-25,SH601669,-0.035620056092739105,EXP_LinearModel_Alpha158_csi300_custom_step0_s_20260525_15,97d6a682cf0142849727448c2353b16e,0.085,,,
529,2026-05-25,SH601668,0.021463440731167793,EXP_LinearModel_Alpha158_csi300_custom_step0_s_20260525_15,97d6a682cf0142849727448c2353b16e,0.085,,,
530,2026-05-25,SH601658,-0.019572416320443153,EXP_LinearModel_Alpha158_csi300_custom_step0_s_20260525_15,97d6a682cf0142849727448c2353b16e,0.085,,,
531,2026-05-25,SH601633,-0.03274146839976311,EXP_LinearModel_Alpha158_csi300_custom_step0_s_20260525_15,97d6a682cf0142849727448c2353b16e,0.085,,,
532,2026-05-25,SH601698,0.008963661268353462,EXP_LinearModel_Alpha158_csi300_custom_step0_s_20260525_15,97d6a682cf0142849727448c2353b16e,0.085,,,
533,2026-05-25,SH601628,-0.11492940783500671,EXP_LinearModel_Alpha158_csi300_custom_step0_s_20260525_15,97d6a682cf0142849727448c2353b16e,0.085,,,
534,2026-05-25,SH601607,0.004778194706887007,EXP_LinearModel_Alpha158_csi300_custom_step0_s_20260525_15,97d6a682cf0142849727448c2353b16e,0.085,,,
535,2026-05-25,SH601601,-0.048623912036418915,EXP_LinearModel_Alpha158_csi300_custom_step0_s_20260525_15,97d6a682cf0142849727448c2353b16e,0.085,,,
536,2026-05-25,SH601600,-0.037959951907396317,EXP_LinearModel_Alpha158_csi300_custom_step0_s_20260525_15,97d6a682cf0142849727448c2353b16e,0.085,,,
537,2026-05-25,SH601456,-0.007428137119859457,EXP_LinearModel_Alpha158_csi300_custom_step0_s_20260525_15,97d6a682cf0142849727448c2353b16e,0.085,,,
538,2026-05-25,SH601398,0.04550151154398918,EXP_LinearModel_Alpha158_csi300_custom_step0_s_20260525_15,97d6a682cf0142849727448c2353b16e,0.085,,,
539,2026-05-25,SH601390,0.0287997554987669,EXP_LinearModel_Alpha158_csi300_custom_step0_s_20260525_15,97d6a682cf0142849727448c2353b16e,0.085,,,
540,2026-05-25,SH601618,0.038842279464006424,EXP_LinearModel_Alpha158_csi300_custom_step0_s_20260525_15,97d6a682cf0142849727448c2353b16e,0.085,,,
541,2026-05-25,SH601728,-0.020503725856542587,EXP_LinearModel_Alpha158_csi300_custom_step0_s_20260525_15,97d6a682cf0142849727448c2353b16e,0.085,,,
542,2026-05-25,SH601766,-0.08754117786884308,EXP_LinearModel_Alpha158_csi300_custom_step0_s_20260525_15,97d6a682cf0142849727448c2353b16e,0.085,,,
543,2026-05-25,SH601788,-0.038494400680065155,EXP_LinearModel_Alpha158_csi300_custom_step0_s_20260525_15,97d6a682cf0142849727448c2353b16e,0.085,,,
544,2026-05-25,SH601899,-0.08845622092485428,EXP_LinearModel_Alpha158_csi300_custom_step0_s_20260525_15,97d6a682cf0142849727448c2353b16e,0.085,,,
545,2026-05-25,SH601898,0.009114835411310196,EXP_LinearModel_Alpha158_csi300_custom_step0_s_20260525_15,97d6a682cf0142849727448c2353b16e,0.085,,,
546,2026-05-25,SH601888,-0.015421761199831963,EXP_LinearModel_Alpha158_csi300_custom_step0_s_20260525_15,97d6a682cf0142849727448c2353b16e,0.085,,,
547,2026-05-25,SH601881,-0.03366519883275032,EXP_LinearModel_Alpha158_csi300_custom_step0_s_20260525_15,97d6a682cf0142849727448c2353b16e,0.085,,,
548,2026-05-25,SH601878,-0.004387403838336468,EXP_LinearModel_Alpha158_csi300_custom_step0_s_20260525_15,97d6a682cf0142849727448c2353b16e,0.085,,,
549,2026-05-25,SH601877,-0.08739523589611053,EXP_LinearModel_Alpha158_csi300_custom_step0_s_20260525_15,97d6a682cf0142849727448c2353b16e,0.085,,,
550,2026-05-25,SH601872,0.02376590482890606,EXP_LinearModel_Alpha158_csi300_custom_step0_s_20260525_15,97d6a682cf0142849727448c2353b16e,0.085,,,
551,2026-05-25,SH601868,-0.024824226275086403,EXP_LinearModel_Alpha158_csi300_custom_step0_s_20260525_15,97d6a682cf0142849727448c2353b16e,0.085,,,
552,2026-05-25,SH601857,-0.010547660291194916,EXP_LinearModel_Alpha158_csi300_custom_step0_s_20260525_15,97d6a682cf0142849727448c2353b16e,0.085,,,
553,2026-05-25,SH601838,0.0368693470954895,EXP_LinearModel_Alpha158_csi300_custom_step0_s_20260525_15,97d6a682cf0142849727448c2353b16e,0.085,,,
554,2026-05-25,SH601825,-0.03525077924132347,EXP_LinearModel_Alpha158_csi300_custom_step0_s_20260525_15,97d6a682cf0142849727448c2353b16e,0.085,,,
555,2026-05-25,SH601818,0.16301871836185455,EXP_LinearModel_Alpha158_csi300_custom_step0_s_20260525_15,97d6a682cf0142849727448c2353b16e,0.085,,,
556,2026-05-25,SH601816,-0.08218296617269516,EXP_LinearModel_Alpha158_csi300_custom_step0_s_20260525_15,97d6a682cf0142849727448c2353b16e,0.085,,,
557,2026-05-25,SH601808,-0.05547679588198662,EXP_LinearModel_Alpha158_csi300_custom_step0_s_20260525_15,97d6a682cf0142849727448c2353b16e,0.085,,,
558,2026-05-25,SH601800,-0.0037949644029140472,EXP_LinearModel_Alpha158_csi300_custom_step0_s_20260525_15,97d6a682cf0142849727448c2353b16e,0.085,,,
559,2026-05-25,SH601377,0.0015294118784368038,EXP_LinearModel_Alpha158_csi300_custom_step0_s_20260525_15,97d6a682cf0142849727448c2353b16e,0.085,,,
560,2026-05-25,SH601360,-0.017300259321928024,EXP_LinearModel_Alpha158_csi300_custom_step0_s_20260525_15,97d6a682cf0142849727448c2353b16e,0.085,,,
561,2026-05-25,SH601336,-0.08219414204359055,EXP_LinearModel_Alpha158_csi300_custom_step0_s_20260525_15,97d6a682cf0142849727448c2353b16e,0.085,,,
562,2026-05-25,SH601328,0.023947222158312798,EXP_LinearModel_Alpha158_csi300_custom_step0_s_20260525_15,97d6a682cf0142849727448c2353b16e,0.085,,,
563,2026-05-25,SH601077,-0.011020686477422714,EXP_LinearModel_Alpha158_csi300_custom_step0_s_20260525_15,97d6a682cf0142849727448c2353b16e,0.085,,,
564,2026-05-25,SH601066,-0.030831437557935715,EXP_LinearModel_Alpha158_csi300_custom_step0_s_20260525_15,97d6a682cf0142849727448c2353b16e,0.085,,,
565,2026-05-25,SH601059,0.01356205902993679,EXP_LinearModel_Alpha158_csi300_custom_step0_s_20260525_15,97d6a682cf0142849727448c2353b16e,0.085,,,
566,2026-05-25,SH601058,-0.06901531666517258,EXP_LinearModel_Alpha158_csi300_custom_step0_s_20260525_15,97d6a682cf0142849727448c2353b16e,0.085,,,
567,2026-05-25,SH601021,-0.030687537044286728,EXP_LinearModel_Alpha158_csi300_custom_step0_s_20260525_15,97d6a682cf0142849727448c2353b16e,0.085,,,
568,2026-05-25,SH601018,0.029163487255573273,EXP_LinearModel_Alpha158_csi300_custom_step0_s_20260525_15,97d6a682cf0142849727448c2353b16e,0.085,,,
569,2026-05-25,SH601012,-0.019995950162410736,EXP_LinearModel_Alpha158_csi300_custom_step0_s_20260525_15,97d6a682cf0142849727448c2353b16e,0.085,,,
570,2026-05-25,SH601009,-0.0023933916818350554,EXP_LinearModel_Alpha158_csi300_custom_step0_s_20260525_15,97d6a682cf0142849727448c2353b16e,0.085,,,
571,2026-05-25,SH601006,0.05597180873155594,EXP_LinearModel_Alpha158_csi300_custom_step0_s_20260525_15,97d6a682cf0142849727448c2353b16e,0.085,,,
572,2026-05-25,SH600999,0.009939473122358322,EXP_LinearModel_Alpha158_csi300_custom_step0_s_20260525_15,97d6a682cf0142849727448c2353b16e,0.085,,,
573,2026-05-25,SH600989,0.019955579191446304,EXP_LinearModel_Alpha158_csi300_custom_step0_s_20260525_15,97d6a682cf0142849727448c2353b16e,0.085,,,
574,2026-05-25,SH600958,,EXP_LinearModel_Alpha158_csi300_custom_step0_s_20260525_15,97d6a682cf0142849727448c2353b16e,0.085,,,
575,2026-05-25,SH600941,0.004599430598318577,EXP_LinearModel_Alpha158_csi300_custom_step0_s_20260525_15,97d6a682cf0142849727448c2353b16e,0.085,,,
576,2026-05-25,SH600938,-0.0038800123147666454,EXP_LinearModel_Alpha158_csi300_custom_step0_s_20260525_15,97d6a682cf0142849727448c2353b16e,0.085,,,
577,2026-05-25,SH600930,-0.08105205744504929,EXP_LinearModel_Alpha158_csi300_custom_step0_s_20260525_15,97d6a682cf0142849727448c2353b16e,0.085,,,
578,2026-05-25,SH601088,-0.03955676406621933,EXP_LinearModel_Alpha158_csi300_custom_step0_s_20260525_15,97d6a682cf0142849727448c2353b16e,0.085,,,
579,2026-05-25,SH600919,0.09818199276924133,EXP_LinearModel_Alpha158_csi300_custom_step0_s_20260525_15,97d6a682cf0142849727448c2353b16e,0.085,,,
580,2026-05-25,SH601100,0.027320507913827896,EXP_LinearModel_Alpha158_csi300_custom_step0_s_20260525_15,97d6a682cf0142849727448c2353b16e,0.085,,,
581,2026-05-25,SH601117,-0.0423211045563221,EXP_LinearModel_Alpha158_csi300_custom_step0_s_20260525_15,97d6a682cf0142849727448c2353b16e,0.085,,,
582,2026-05-25,SH601319,-0.003726446069777012,EXP_LinearModel_Alpha158_csi300_custom_step0_s_20260525_15,97d6a682cf0142849727448c2353b16e,0.085,,,
583,2026-05-25,SH601318,-0.037302907556295395,EXP_LinearModel_Alpha158_csi300_custom_step0_s_20260525_15,97d6a682cf0142849727448c2353b16e,0.085,,,
584,2026-05-25,SH601298,0.03225736692547798,EXP_LinearModel_Alpha158_csi300_custom_step0_s_20260525_15,97d6a682cf0142849727448c2353b16e,0.085,,,
585,2026-05-25,SH601288,0.022639932110905647,EXP_LinearModel_Alpha158_csi300_custom_step0_s_20260525_15,97d6a682cf0142849727448c2353b16e,0.085,,,
586,2026-05-25,SH601238,0.03496038168668747,EXP_LinearModel_Alpha158_csi300_custom_step0_s_20260525_15,97d6a682cf0142849727448c2353b16e,0.085,,,
587,2026-05-25,SH601236,-0.013351629488170147,EXP_LinearModel_Alpha158_csi300_custom_step0_s_20260525_15,97d6a682cf0142849727448c2353b16e,0.085,,,
588,2026-05-25,SH601229,-0.05601964145898819,EXP_LinearModel_Alpha158_csi300_custom_step0_s_20260525_15,97d6a682cf0142849727448c2353b16e,0.085,,,
589,2026-05-25,SH601225,0.006289390847086906,EXP_LinearModel_Alpha158_csi300_custom_step0_s_20260525_15,97d6a682cf0142849727448c2353b16e,0.085,,,
590,2026-05-25,SH601211,-0.022150056436657906,EXP_LinearModel_Alpha158_csi300_custom_step0_s_20260525_15,97d6a682cf0142849727448c2353b16e,0.085,,,
591,2026-05-25,SH601186,0.006591146811842918,EXP_LinearModel_Alpha158_csi300_custom_step0_s_20260525_15,97d6a682cf0142849727448c2353b16e,0.085,,,
592,2026-05-25,SH601169,-0.004897639621049166,EXP_LinearModel_Alpha158_csi300_custom_step0_s_20260525_15,97d6a682cf0142849727448c2353b16e,0.085,,,
593,2026-05-25,SH601166,-0.04381648078560829,EXP_LinearModel_Alpha158_csi300_custom_step0_s_20260525_15,97d6a682cf0142849727448c2353b16e,0.085,,,
594,2026-05-25,SH601138,-0.004566852934658527,EXP_LinearModel_Alpha158_csi300_custom_step0_s_20260525_15,97d6a682cf0142849727448c2353b16e,0.085,,,
595,2026-05-25,SH601136,-0.0554167814552784,EXP_LinearModel_Alpha158_csi300_custom_step0_s_20260525_15,97d6a682cf0142849727448c2353b16e,0.085,,,
596,2026-05-25,SH601127,-0.05536529794335365,EXP_LinearModel_Alpha158_csi300_custom_step0_s_20260525_15,97d6a682cf0142849727448c2353b16e,0.085,,,
597,2026-05-25,SH601111,-0.043101947754621506,EXP_LinearModel_Alpha158_csi300_custom_step0_s_20260525_15,97d6a682cf0142849727448c2353b16e,0.085,,,
598,2026-05-25,SZ301269,0.06860802322626114,EXP_LinearModel_Alpha158_csi300_custom_step0_s_20260525_15,97d6a682cf0142849727448c2353b16e,0.085,,,
599,2026-05-25,SH600000,-0.03427094966173172,EXP_LinearModel_Alpha158_csi300_custom_step0_s_20260525_15,d72bb24209354b9a9a7ea3242843ba8d,0.071,,,
600,2026-05-25,SZ301269,-0.0659061086506137,EXP_DEnsembleModel_Alpha158_csi300_custom_step0_s_20260525_15,6d4c07b0e8674e6080690bb2473f0dee,0.08,,,
601,2026-05-25,SZ000596,-0.0833846280090957,EXP_DEnsembleModel_Alpha158_csi300_custom_step0_s_20260525_15,455e266aa1544bfc838d0ba193a2d79d,0.069,,,
602,2026-05-25,SZ000568,-0.03505760363553817,EXP_DEnsembleModel_Alpha158_csi300_custom_step0_s_20260525_15,455e266aa1544bfc838d0ba193a2d79d,0.069,,,
603,2026-05-25,SZ000538,0.021560678865673612,EXP_DEnsembleModel_Alpha158_csi300_custom_step0_s_20260525_15,455e266aa1544bfc838d0ba193a2d79d,0.069,,,
604,2026-05-25,SZ000425,-0.057772363678595916,EXP_DEnsembleModel_Alpha158_csi300_custom_step0_s_20260525_15,455e266aa1544bfc838d0ba193a2d79d,0.069,,,
605,2026-05-25,SZ000408,-0.05384000388920206,EXP_DEnsembleModel_Alpha158_csi300_custom_step0_s_20260525_15,455e266aa1544bfc838d0ba193a2d79d,0.069,,,
606,2026-05-25,SZ000338,0.0325631197902047,EXP_DEnsembleModel_Alpha158_csi300_custom_step0_s_20260525_15,455e266aa1544bfc838d0ba193a2d79d,0.069,,,
607,2026-05-25,SZ000617,0.04303620784449145,EXP_DEnsembleModel_Alpha158_csi300_custom_step0_s_20260525_15,455e266aa1544bfc838d0ba193a2d79d,0.069,,,
608,2026-05-25,SZ000333,0.08098578768974322,EXP_DEnsembleModel_Alpha158_csi300_custom_step0_s_20260525_15,455e266aa1544bfc838d0ba193a2d79d,0.069,,,
609,2026-05-25,SZ000166,-0.033557310404511105,EXP_DEnsembleModel_Alpha158_csi300_custom_step0_s_20260525_15,455e266aa1544bfc838d0ba193a2d79d,0.069,,,
610,2026-05-25,SZ000157,-0.08582725991963601,EXP_DEnsembleModel_Alpha158_csi300_custom_step0_s_20260525_15,455e266aa1544bfc838d0ba193a2d79d,0.069,,,
611,2026-05-25,SZ000100,-0.10113885502764274,EXP_DEnsembleModel_Alpha158_csi300_custom_step0_s_20260525_15,455e266aa1544bfc838d0ba193a2d79d,0.069,,,
612,2026-05-25,SZ000063,-0.044390127739775846,EXP_DEnsembleModel_Alpha158_csi300_custom_step0_s_20260525_15,455e266aa1544bfc838d0ba193a2d79d,0.069,,,
613,2026-05-25,SZ000002,-0.10181206847385718,EXP_DEnsembleModel_Alpha158_csi300_custom_step0_s_20260525_15,455e266aa1544bfc838d0ba193a2d79d,0.069,,,
614,2026-05-25,SZ000001,-0.03372274532267687,EXP_DEnsembleModel_Alpha158_csi300_custom_step0_s_20260525_15,455e266aa1544bfc838d0ba193a2d79d,0.069,,,
615,2026-05-25,SZ000301,-0.04208123864532983,EXP_DEnsembleModel_Alpha158_csi300_custom_step0_s_20260525_15,455e266aa1544bfc838d0ba193a2d79d,0.069,,,
616,2026-05-25,SZ000625,0.09414261532444732,EXP_DEnsembleModel_Alpha158_csi300_custom_step0_s_20260525_15,455e266aa1544bfc838d0ba193a2d79d,0.069,,,
617,2026-05-25,SZ000630,-0.06777771732034568,EXP_DEnsembleModel_Alpha158_csi300_custom_step0_s_20260525_15,455e266aa1544bfc838d0ba193a2d79d,0.069,,,
618,2026-05-25,SZ000651,0.017383343399894283,EXP_DEnsembleModel_Alpha158_csi300_custom_step0_s_20260525_15,455e266aa1544bfc838d0ba193a2d79d,0.069,,,
619,2026-05-25,SZ000977,-0.020582985922902728,EXP_DEnsembleModel_Alpha158_csi300_custom_step0_s_20260525_15,455e266aa1544bfc838d0ba193a2d79d,0.069,,,
620,2026-05-25,SZ000975,-0.04621877290395589,EXP_DEnsembleModel_Alpha158_csi300_custom_step0_s_20260525_15,455e266aa1544bfc838d0ba193a2d79d,0.069,,,
621,2026-05-25,SZ000963,-0.03942931199640462,EXP_DEnsembleModel_Alpha158_csi300_custom_step0_s_20260525_15,455e266aa1544bfc838d0ba193a2d79d,0.069,,,
622,2026-05-25,SZ000938,8.853451853168974e-05,EXP_DEnsembleModel_Alpha158_csi300_custom_step0_s_20260525_15,455e266aa1544bfc838d0ba193a2d79d,0.069,,,
623,2026-05-25,SZ000895,-0.011615244320632516,EXP_DEnsembleModel_Alpha158_csi300_custom_step0_s_20260525_15,455e266aa1544bfc838d0ba193a2d79d,0.069,,,
624,2026-05-25,SZ000876,-0.05313190435015753,EXP_DEnsembleModel_Alpha158_csi300_custom_step0_s_20260525_15,455e266aa1544bfc838d0ba193a2d79d,0.069,,,
625,2026-05-25,SZ000858,0.01573540963449014,EXP_DEnsembleModel_Alpha158_csi300_custom_step0_s_20260525_15,455e266aa1544bfc838d0ba193a2d79d,0.069,,,
626,2026-05-25,SZ000807,0.034500229035447395,EXP_DEnsembleModel_Alpha158_csi300_custom_step0_s_20260525_15,455e266aa1544bfc838d0ba193a2d79d,0.069,,,
627,2026-05-25,SZ000792,-0.035587406715549885,EXP_DEnsembleModel_Alpha158_csi300_custom_step0_s_20260525_15,455e266aa1544bfc838d0ba193a2d79d,0.069,,,
628,2026-05-25,SZ000786,-0.11786390124859435,EXP_DEnsembleModel_Alpha158_csi300_custom_step0_s_20260525_15,455e266aa1544bfc838d0ba193a2d79d,0.069,,,
629,2026-05-25,SZ000776,-0.006086172835460756,EXP_DEnsembleModel_Alpha158_csi300_custom_step0_s_20260525_15,455e266aa1544bfc838d0ba193a2d79d,0.069,,,
630,2026-05-25,SZ000768,-0.08831187831395461,EXP_DEnsembleModel_Alpha158_csi300_custom_step0_s_20260525_15,455e266aa1544bfc838d0ba193a2d79d,0.069,,,
631,2026-05-25,SZ000725,0.03489294553346331,EXP_DEnsembleModel_Alpha158_csi300_custom_step0_s_20260525_15,455e266aa1544bfc838d0ba193a2d79d,0.069,,,
632,2026-05-25,SZ000708,-0.0010131059867266722,EXP_DEnsembleModel_Alpha158_csi300_custom_step0_s_20260525_15,455e266aa1544bfc838d0ba193a2d79d,0.069,,,
633,2026-05-25,SZ000661,-0.12979386440192836,EXP_DEnsembleModel_Alpha158_csi300_custom_step0_s_20260525_15,455e266aa1544bfc838d0ba193a2d79d,0.069,,,
634,2026-05-25,SH688981,-0.03440733139320938,EXP_DEnsembleModel_Alpha158_csi300_custom_step0_s_20260525_15,455e266aa1544bfc838d0ba193a2d79d,0.069,,,
635,2026-05-25,SH688506,0.09927499714637168,EXP_DEnsembleModel_Alpha158_csi300_custom_step0_s_20260525_15,455e266aa1544bfc838d0ba193a2d79d,0.069,,,
636,2026-05-25,SH688472,-0.09150976349501344,EXP_DEnsembleModel_Alpha158_csi300_custom_step0_s_20260525_15,455e266aa1544bfc838d0ba193a2d79d,0.069,,,
637,2026-05-25,SH688396,0.02598261047517635,EXP_DEnsembleModel_Alpha158_csi300_custom_step0_s_20260525_15,455e266aa1544bfc838d0ba193a2d79d,0.069,,,
638,2026-05-25,SH603893,-0.12589110020815653,EXP_DEnsembleModel_Alpha158_csi300_custom_step0_s_20260525_15,455e266aa1544bfc838d0ba193a2d79d,0.069,,,
639,2026-05-25,SH603799,-0.08128502951084639,EXP_DEnsembleModel_Alpha158_csi300_custom_step0_s_20260525_15,455e266aa1544bfc838d0ba193a2d79d,0.069,,,
640,2026-05-25,SH603501,0.04470316519189,EXP_DEnsembleModel_Alpha158_csi300_custom_step0_s_20260525_15,455e266aa1544bfc838d0ba193a2d79d,0.069,,,
641,2026-05-25,SH603392,-0.12497423106122758,EXP_DEnsembleModel_Alpha158_csi300_custom_step0_s_20260525_15,455e266aa1544bfc838d0ba193a2d79d,0.069,,,
642,2026-05-25,SH603369,-0.1265926357433728,EXP_DEnsembleModel_Alpha158_csi300_custom_step0_s_20260525_15,455e266aa1544bfc838d0ba193a2d79d,0.069,,,
643,2026-05-25,SH603296,-0.08104202953962784,EXP_DEnsembleModel_Alpha158_csi300_custom_step0_s_20260525_15,455e266aa1544bfc838d0ba193a2d79d,0.069,,,
644,2026-05-25,SH603288,-0.08513366541119788,EXP_DEnsembleModel_Alpha158_csi300_custom_step0_s_20260525_15,455e266aa1544bfc838d0ba193a2d79d,0.069,,,
645,2026-05-25,SH603260,-0.062410951464035365,EXP_DEnsembleModel_Alpha158_csi300_custom_step0_s_20260525_15,455e266aa1544bfc838d0ba193a2d79d,0.069,,,
646,2026-05-25,SH603259,0.008824749029776417,EXP_DEnsembleModel_Alpha158_csi300_custom_step0_s_20260525_15,455e266aa1544bfc838d0ba193a2d79d,0.069,,,
647,2026-05-25,SH603195,0.038884908518367414,EXP_DEnsembleModel_Alpha158_csi300_custom_step0_s_20260525_15,455e266aa1544bfc838d0ba193a2d79d,0.069,,,
648,2026-05-25,SH603019,-0.07926325477097103,EXP_DEnsembleModel_Alpha158_csi300_custom_step0_s_20260525_15,455e266aa1544bfc838d0ba193a2d79d,0.069,,,
649,2026-05-25,SH601998,0.06736436336550425,EXP_DEnsembleModel_Alpha158_csi300_custom_step0_s_20260525_15,455e266aa1544bfc838d0ba193a2d79d,0.069,,,
650,2026-05-25,SH601995,0.10080101165990404,EXP_DEnsembleModel_Alpha158_csi300_custom_step0_s_20260525_15,455e266aa1544bfc838d0ba193a2d79d,0.069,,,
651,2026-05-25,SH601988,0.1530045110206459,EXP_DEnsembleModel_Alpha158_csi300_custom_step0_s_20260525_15,455e266aa1544bfc838d0ba193a2d79d,0.069,,,
652,2026-05-25,SH601985,0.03275183352807028,EXP_DEnsembleModel_Alpha158_csi300_custom_step0_s_20260525_15,455e266aa1544bfc838d0ba193a2d79d,0.069,,,
653,2026-05-25,SH603986,-0.40577695535161185,EXP_DEnsembleModel_Alpha158_csi300_custom_step0_s_20260525_15,455e266aa1544bfc838d0ba193a2d79d,0.069,,,
654,2026-05-25,SZ000983,-0.07192884236703154,EXP_DEnsembleModel_Alpha158_csi300_custom_step0_s_20260525_15,455e266aa1544bfc838d0ba193a2d79d,0.069,,,
655,2026-05-25,SH603993,-0.1722902641399906,EXP_DEnsembleModel_Alpha158_csi300_custom_step0_s_20260525_15,455e266aa1544bfc838d0ba193a2d79d,0.069,,,
656,2026-05-25,SH605499,0.07807015609215272,EXP_DEnsembleModel_Alpha158_csi300_custom_step0_s_20260525_15,455e266aa1544bfc838d0ba193a2d79d,0.069,,,
657,2026-05-25,SH688303,-0.11941500115022512,EXP_DEnsembleModel_Alpha158_csi300_custom_step0_s_20260525_15,455e266aa1544bfc838d0ba193a2d79d,0.069,,,
658,2026-05-25,SH688271,0.04108910391951656,EXP_DEnsembleModel_Alpha158_csi300_custom_step0_s_20260525_15,455e266aa1544bfc838d0ba193a2d79d,0.069,,,
659,2026-05-25,SH688256,-0.03965287937405248,EXP_DEnsembleModel_Alpha158_csi300_custom_step0_s_20260525_15,455e266aa1544bfc838d0ba193a2d79d,0.069,,,
660,2026-05-25,SH688223,-0.10452304526002097,EXP_DEnsembleModel_Alpha158_csi300_custom_step0_s_20260525_15,455e266aa1544bfc838d0ba193a2d79d,0.069,,,
661,2026-05-25,SH688187,0.016652845572055278,EXP_DEnsembleModel_Alpha158_csi300_custom_step0_s_20260525_15,455e266aa1544bfc838d0ba193a2d79d,0.069,,,
662,2026-05-25,SH688169,-0.17437218978965807,EXP_DEnsembleModel_Alpha158_csi300_custom_step0_s_20260525_15,455e266aa1544bfc838d0ba193a2d79d,0.069,,,
663,2026-05-25,SH688126,-0.06571778617976107,EXP_DEnsembleModel_Alpha158_csi300_custom_step0_s_20260525_15,455e266aa1544bfc838d0ba193a2d79d,0.069,,,
664,2026-05-25,SH688111,-0.13080347968257677,EXP_DEnsembleModel_Alpha158_csi300_custom_step0_s_20260525_15,455e266aa1544bfc838d0ba193a2d79d,0.069,,,
665,2026-05-25,SH688082,-0.4384045964814176,EXP_DEnsembleModel_Alpha158_csi300_custom_step0_s_20260525_15,455e266aa1544bfc838d0ba193a2d79d,0.069,,,
666,2026-05-25,SH688047,-0.04087064425836565,EXP_DEnsembleModel_Alpha158_csi300_custom_step0_s_20260525_15,455e266aa1544bfc838d0ba193a2d79d,0.069,,,
667,2026-05-25,SH688041,0.06163513649341239,EXP_DEnsembleModel_Alpha158_csi300_custom_step0_s_20260525_15,455e266aa1544bfc838d0ba193a2d79d,0.069,,,
668,2026-05-25,SH688036,-0.1807251637452668,EXP_DEnsembleModel_Alpha158_csi300_custom_step0_s_20260525_15,455e266aa1544bfc838d0ba193a2d79d,0.069,,,
669,2026-05-25,SH688012,-0.12260127218884681,EXP_DEnsembleModel_Alpha158_csi300_custom_step0_s_20260525_15,455e266aa1544bfc838d0ba193a2d79d,0.069,,,
670,2026-05-25,SH688009,-0.08575207762323821,EXP_DEnsembleModel_Alpha158_csi300_custom_step0_s_20260525_15,455e266aa1544bfc838d0ba193a2d79d,0.069,,,
671,2026-05-25,SH688008,-0.1688061866596205,EXP_DEnsembleModel_Alpha158_csi300_custom_step0_s_20260525_15,455e266aa1544bfc838d0ba193a2d79d,0.069,,,
672,2026-05-25,SH605117,-0.07609230640838946,EXP_DEnsembleModel_Alpha158_csi300_custom_step0_s_20260525_15,455e266aa1544bfc838d0ba193a2d79d,0.069,,,
673,2026-05-25,SH601939,0.10594971508115102,EXP_DEnsembleModel_Alpha158_csi300_custom_step0_s_20260525_15,455e266aa1544bfc838d0ba193a2d79d,0.069,,,
674,2026-05-25,SZ000999,-0.03728966473670661,EXP_DEnsembleModel_Alpha158_csi300_custom_step0_s_20260525_15,455e266aa1544bfc838d0ba193a2d79d,0.069,,,
675,2026-05-25,SZ001965,0.054146961207326906,EXP_DEnsembleModel_Alpha158_csi300_custom_step0_s_20260525_15,455e266aa1544bfc838d0ba193a2d79d,0.069,,,
676,2026-05-25,SZ300413,0.021304270873735796,EXP_DEnsembleModel_Alpha158_csi300_custom_step0_s_20260525_15,455e266aa1544bfc838d0ba193a2d79d,0.069,,,
677,2026-05-25,SZ300408,-0.201620455292926,EXP_DEnsembleModel_Alpha158_csi300_custom_step0_s_20260525_15,455e266aa1544bfc838d0ba193a2d79d,0.069,,,
678,2026-05-25,SZ300394,0.013746609751497059,EXP_DEnsembleModel_Alpha158_csi300_custom_step0_s_20260525_15,455e266aa1544bfc838d0ba193a2d79d,0.069,,,
679,2026-05-25,SZ300347,0.08887305502208002,EXP_DEnsembleModel_Alpha158_csi300_custom_step0_s_20260525_15,455e266aa1544bfc838d0ba193a2d79d,0.069,,,
680,2026-05-25,SZ300316,-0.0467624076510053,EXP_DEnsembleModel_Alpha158_csi300_custom_step0_s_20260525_15,455e266aa1544bfc838d0ba193a2d79d,0.069,,,
681,2026-05-25,SZ300308,0.10619644144900502,EXP_DEnsembleModel_Alpha158_csi300_custom_step0_s_20260525_15,455e266aa1544bfc838d0ba193a2d79d,0.069,,,
682,2026-05-25,SZ300418,-0.08925669196756336,EXP_DEnsembleModel_Alpha158_csi300_custom_step0_s_20260525_15,455e266aa1544bfc838d0ba193a2d79d,0.069,,,
683,2026-05-25,SZ300274,-0.07827253481758673,EXP_DEnsembleModel_Alpha158_csi300_custom_step0_s_20260525_15,455e266aa1544bfc838d0ba193a2d79d,0.069,,,
684,2026-05-25,SZ300124,-0.03260881793943573,EXP_DEnsembleModel_Alpha158_csi300_custom_step0_s_20260525_15,455e266aa1544bfc838d0ba193a2d79d,0.069,,,
685,2026-05-25,SZ300122,-0.18390681427332062,EXP_DEnsembleModel_Alpha158_csi300_custom_step0_s_20260525_15,455e266aa1544bfc838d0ba193a2d79d,0.069,,,
686,2026-05-25,SZ300059,-0.06617514180108441,EXP_DEnsembleModel_Alpha158_csi300_custom_step0_s_20260525_15,455e266aa1544bfc838d0ba193a2d79d,0.069,,,
687,2026-05-25,SZ300033,-0.10864222391824647,EXP_DEnsembleModel_Alpha158_csi300_custom_step0_s_20260525_15,455e266aa1544bfc838d0ba193a2d79d,0.069,,,
688,2026-05-25,SZ300015,-0.18700470329413998,EXP_DEnsembleModel_Alpha158_csi300_custom_step0_s_20260525_15,455e266aa1544bfc838d0ba193a2d79d,0.069,,,
689,2026-05-25,SZ300014,0.03940089400296181,EXP_DEnsembleModel_Alpha158_csi300_custom_step0_s_20260525_15,455e266aa1544bfc838d0ba193a2d79d,0.069,,,
690,2026-05-25,SZ300251,-0.11986558813176966,EXP_DEnsembleModel_Alpha158_csi300_custom_step0_s_20260525_15,455e266aa1544bfc838d0ba193a2d79d,0.069,,,
691,2026-05-25,SZ300433,0.03658194371155959,EXP_DEnsembleModel_Alpha158_csi300_custom_step0_s_20260525_15,455e266aa1544bfc838d0ba193a2d79d,0.069,,,
692,2026-05-25,SZ300442,-0.12514504854146652,EXP_DEnsembleModel_Alpha158_csi300_custom_step0_s_20260525_15,455e266aa1544bfc838d0ba193a2d79d,0.069,,,
693,2026-05-25,SZ300476,-0.061079008167288326,EXP_DEnsembleModel_Alpha158_csi300_custom_step0_s_20260525_15,455e266aa1544bfc838d0ba193a2d79d,0.069,,,
694,2026-05-25,SZ301236,-0.042094581119262064,EXP_DEnsembleModel_Alpha158_csi300_custom_step0_s_20260525_15,455e266aa1544bfc838d0ba193a2d79d,0.069,,,
695,2026-05-25,SZ300999,-0.07380691007091579,EXP_DEnsembleModel_Alpha158_csi300_custom_step0_s_20260525_15,455e266aa1544bfc838d0ba193a2d79d,0.069,,,
696,2026-05-25,SZ300979,-0.01593473396397112,EXP_DEnsembleModel_Alpha158_csi300_custom_step0_s_20260525_15,455e266aa1544bfc838d0ba193a2d79d,0.069,,,
697,2026-05-25,SZ300896,-0.11031772705771725,EXP_DEnsembleModel_Alpha158_csi300_custom_step0_s_20260525_15,455e266aa1544bfc838d0ba193a2d79d,0.069,,,
698,2026-05-25,SZ300866,0.03188346286868308,EXP_DEnsembleModel_Alpha158_csi300_custom_step0_s_20260525_15,455e266aa1544bfc838d0ba193a2d79d,0.069,,,
699,2026-05-25,SZ300832,-0.026219635642031672,EXP_DEnsembleModel_Alpha158_csi300_custom_step0_s_20260525_15,455e266aa1544bfc838d0ba193a2d79d,0.069,,,
700,2026-05-25,SZ300803,-0.10835896508445476,EXP_DEnsembleModel_Alpha158_csi300_custom_step0_s_20260525_15,455e266aa1544bfc838d0ba193a2d79d,0.069,,,
701,2026-05-25,SZ300782,0.154693019330112,EXP_DEnsembleModel_Alpha158_csi300_custom_step0_s_20260525_15,455e266aa1544bfc838d0ba193a2d79d,0.069,,,
702,2026-05-25,SZ300760,-0.04454301286957764,EXP_DEnsembleModel_Alpha158_csi300_custom_step0_s_20260525_15,455e266aa1544bfc838d0ba193a2d79d,0.069,,,
703,2026-05-25,SZ300759,0.06347546371930647,EXP_DEnsembleModel_Alpha158_csi300_custom_step0_s_20260525_15,455e266aa1544bfc838d0ba193a2d79d,0.069,,,
704,2026-05-25,SZ300750,0.047983439886305254,EXP_DEnsembleModel_Alpha158_csi300_custom_step0_s_20260525_15,455e266aa1544bfc838d0ba193a2d79d,0.069,,,
705,2026-05-25,SZ300661,0.012122194578911054,EXP_DEnsembleModel_Alpha158_csi300_custom_step0_s_20260525_15,455e266aa1544bfc838d0ba193a2d79d,0.069,,,
706,2026-05-25,SZ300628,-0.03906165500593698,EXP_DEnsembleModel_Alpha158_csi300_custom_step0_s_20260525_15,455e266aa1544bfc838d0ba193a2d79d,0.069,,,
707,2026-05-25,SZ300502,-0.0289133574397956,EXP_DEnsembleModel_Alpha158_csi300_custom_step0_s_20260525_15,455e266aa1544bfc838d0ba193a2d79d,0.069,,,
708,2026-05-25,SZ300498,-0.017278560506405763,EXP_DEnsembleModel_Alpha158_csi300_custom_step0_s_20260525_15,455e266aa1544bfc838d0ba193a2d79d,0.069,,,
709,2026-05-25,SZ003816,0.003879577519177587,EXP_DEnsembleModel_Alpha158_csi300_custom_step0_s_20260525_15,455e266aa1544bfc838d0ba193a2d79d,0.069,,,
710,2026-05-25,SZ002938,-0.2331400719056161,EXP_DEnsembleModel_Alpha158_csi300_custom_step0_s_20260525_15,455e266aa1544bfc838d0ba193a2d79d,0.069,,,
711,2026-05-25,SZ002920,-0.11605426045871538,EXP_DEnsembleModel_Alpha158_csi300_custom_step0_s_20260525_15,455e266aa1544bfc838d0ba193a2d79d,0.069,,,
712,2026-05-25,SZ002916,-0.07530098886251801,EXP_DEnsembleModel_Alpha158_csi300_custom_step0_s_20260525_15,455e266aa1544bfc838d0ba193a2d79d,0.069,,,
713,2026-05-25,SZ002311,-0.021979606030042644,EXP_DEnsembleModel_Alpha158_csi300_custom_step0_s_20260525_15,455e266aa1544bfc838d0ba193a2d79d,0.069,,,
714,2026-05-25,SZ002304,-0.10013526178602758,EXP_DEnsembleModel_Alpha158_csi300_custom_step0_s_20260525_15,455e266aa1544bfc838d0ba193a2d79d,0.069,,,
715,2026-05-25,SZ002252,-0.0655771503207238,EXP_DEnsembleModel_Alpha158_csi300_custom_step0_s_20260525_15,455e266aa1544bfc838d0ba193a2d79d,0.069,,,
716,2026-05-25,SZ002241,0.03471015010251115,EXP_DEnsembleModel_Alpha158_csi300_custom_step0_s_20260525_15,455e266aa1544bfc838d0ba193a2d79d,0.069,,,
717,2026-05-25,SZ002236,0.03497242604310675,EXP_DEnsembleModel_Alpha158_csi300_custom_step0_s_20260525_15,455e266aa1544bfc838d0ba193a2d79d,0.069,,,
718,2026-05-25,SZ002230,-0.022842326697269946,EXP_DEnsembleModel_Alpha158_csi300_custom_step0_s_20260525_15,455e266aa1544bfc838d0ba193a2d79d,0.069,,,
719,2026-05-25,SZ002179,0.007122802863349524,EXP_DEnsembleModel_Alpha158_csi300_custom_step0_s_20260525_15,455e266aa1544bfc838d0ba193a2d79d,0.069,,,
720,2026-05-25,SZ002142,0.05874747907012764,EXP_DEnsembleModel_Alpha158_csi300_custom_step0_s_20260525_15,455e266aa1544bfc838d0ba193a2d79d,0.069,,,
721,2026-05-25,SZ002074,-0.0511042358495005,EXP_DEnsembleModel_Alpha158_csi300_custom_step0_s_20260525_15,455e266aa1544bfc838d0ba193a2d79d,0.069,,,
722,2026-05-25,SZ002050,-0.02688768907163432,EXP_DEnsembleModel_Alpha158_csi300_custom_step0_s_20260525_15,455e266aa1544bfc838d0ba193a2d79d,0.069,,,
723,2026-05-25,SZ002049,0.0460982912288677,EXP_DEnsembleModel_Alpha158_csi300_custom_step0_s_20260525_15,455e266aa1544bfc838d0ba193a2d79d,0.069,,,
724,2026-05-25,SZ002028,-0.04311829329915879,EXP_DEnsembleModel_Alpha158_csi300_custom_step0_s_20260525_15,455e266aa1544bfc838d0ba193a2d79d,0.069,,,
725,2026-05-25,SZ002027,0.022003136364260524,EXP_DEnsembleModel_Alpha158_csi300_custom_step0_s_20260525_15,455e266aa1544bfc838d0ba193a2d79d,0.069,,,
726,2026-05-25,SZ002001,0.020483636516065426,EXP_DEnsembleModel_Alpha158_csi300_custom_step0_s_20260525_15,455e266aa1544bfc838d0ba193a2d79d,0.069,,,
727,2026-05-25,SZ001979,-0.19737057451994391,EXP_DEnsembleModel_Alpha158_csi300_custom_step0_s_20260525_15,455e266aa1544bfc838d0ba193a2d79d,0.069,,,
728,2026-05-25,SZ002352,0.06338480126853231,EXP_DEnsembleModel_Alpha158_csi300_custom_step0_s_20260525_15,455e266aa1544bfc838d0ba193a2d79d,0.069,,,
729,2026-05-25,SZ001391,-0.004766378055825956,EXP_DEnsembleModel_Alpha158_csi300_custom_step0_s_20260525_15,455e266aa1544bfc838d0ba193a2d79d,0.069,,,
730,2026-05-25,SZ002371,-0.21639097621363776,EXP_DEnsembleModel_Alpha158_csi300_custom_step0_s_20260525_15,455e266aa1544bfc838d0ba193a2d79d,0.069,,,
731,2026-05-25,SZ002415,-0.06432710059666642,EXP_DEnsembleModel_Alpha158_csi300_custom_step0_s_20260525_15,455e266aa1544bfc838d0ba193a2d79d,0.069,,,
732,2026-05-25,SZ002736,-0.050475710144501744,EXP_DEnsembleModel_Alpha158_csi300_custom_step0_s_20260525_15,455e266aa1544bfc838d0ba193a2d79d,0.069,,,
733,2026-05-25,SZ002714,0.023655584008879207,EXP_DEnsembleModel_Alpha158_csi300_custom_step0_s_20260525_15,455e266aa1544bfc838d0ba193a2d79d,0.069,,,
734,2026-05-25,SZ002709,0.12140482730222536,EXP_DEnsembleModel_Alpha158_csi300_custom_step0_s_20260525_15,455e266aa1544bfc838d0ba193a2d79d,0.069,,,
735,2026-05-25,SZ002648,0.05892419283752612,EXP_DEnsembleModel_Alpha158_csi300_custom_step0_s_20260525_15,455e266aa1544bfc838d0ba193a2d79d,0.069,,,
736,2026-05-25,SZ002625,0.01522043805826669,EXP_DEnsembleModel_Alpha158_csi300_custom_step0_s_20260525_15,455e266aa1544bfc838d0ba193a2d79d,0.069,,,
737,2026-05-25,SZ002601,-0.1379367601501184,EXP_DEnsembleModel_Alpha158_csi300_custom_step0_s_20260525_15,455e266aa1544bfc838d0ba193a2d79d,0.069,,,
738,2026-05-25,SZ002600,-0.0661904267628751,EXP_DEnsembleModel_Alpha158_csi300_custom_step0_s_20260525_15,455e266aa1544bfc838d0ba193a2d79d,0.069,,,
739,2026-05-25,SZ002594,-0.049006696083089094,EXP_DEnsembleModel_Alpha158_csi300_custom_step0_s_20260525_15,455e266aa1544bfc838d0ba193a2d79d,0.069,,,
740,2026-05-25,SZ002493,-0.1799955918113482,EXP_DEnsembleModel_Alpha158_csi300_custom_step0_s_20260525_15,455e266aa1544bfc838d0ba193a2d79d,0.069,,,
741,2026-05-25,SZ002475,-0.07641022298176399,EXP_DEnsembleModel_Alpha158_csi300_custom_step0_s_20260525_15,455e266aa1544bfc838d0ba193a2d79d,0.069,,,
742,2026-05-25,SZ002466,0.002448610743991793,EXP_DEnsembleModel_Alpha158_csi300_custom_step0_s_20260525_15,455e266aa1544bfc838d0ba193a2d79d,0.069,,,
743,2026-05-25,SZ002463,-0.071280106418629,EXP_DEnsembleModel_Alpha158_csi300_custom_step0_s_20260525_15,455e266aa1544bfc838d0ba193a2d79d,0.069,,,
744,2026-05-25,SZ002460,0.022042433712845446,EXP_DEnsembleModel_Alpha158_csi300_custom_step0_s_20260525_15,455e266aa1544bfc838d0ba193a2d79d,0.069,,,
745,2026-05-25,SZ002459,-0.050640316016746637,EXP_DEnsembleModel_Alpha158_csi300_custom_step0_s_20260525_15,455e266aa1544bfc838d0ba193a2d79d,0.069,,,
746,2026-05-25,SZ002422,-0.04962830431159572,EXP_DEnsembleModel_Alpha158_csi300_custom_step0_s_20260525_15,455e266aa1544bfc838d0ba193a2d79d,0.069,,,
747,2026-05-25,SZ002384,0.1794737478272833,EXP_DEnsembleModel_Alpha158_csi300_custom_step0_s_20260525_15,455e266aa1544bfc838d0ba193a2d79d,0.069,,,
748,2026-05-25,SZ301269,-0.10581055600947667,EXP_DEnsembleModel_Alpha158_csi300_custom_step0_s_20260525_15,455e266aa1544bfc838d0ba193a2d79d,0.069,,,
749,2026-05-25,SH601919,-0.000933910817014647,EXP_DEnsembleModel_Alpha158_csi300_custom_step0_s_20260525_15,455e266aa1544bfc838d0ba193a2d79d,0.069,,,
750,2026-05-25,SH601901,0.06751313812498777,EXP_DEnsembleModel_Alpha158_csi300_custom_step0_s_20260525_15,455e266aa1544bfc838d0ba193a2d79d,0.069,,,
751,2026-05-25,SH600547,-0.00128635892725962,EXP_DEnsembleModel_Alpha158_csi300_custom_step0_s_20260525_15,455e266aa1544bfc838d0ba193a2d79d,0.069,,,
752,2026-05-25,SH600522,0.17011927198631338,EXP_DEnsembleModel_Alpha158_csi300_custom_step0_s_20260525_15,455e266aa1544bfc838d0ba193a2d79d,0.069,,,
753,2026-05-25,SH600519,-0.0012851835229077528,EXP_DEnsembleModel_Alpha158_csi300_custom_step0_s_20260525_15,455e266aa1544bfc838d0ba193a2d79d,0.069,,,
754,2026-05-25,SH600515,-0.1066453475950944,EXP_DEnsembleModel_Alpha158_csi300_custom_step0_s_20260525_15,455e266aa1544bfc838d0ba193a2d79d,0.069,,,
755,2026-05-25,SH600489,-0.10229010839681604,EXP_DEnsembleModel_Alpha158_csi300_custom_step0_s_20260525_15,455e266aa1544bfc838d0ba193a2d79d,0.069,,,
756,2026-05-25,SH600482,-0.07760477076927287,EXP_DEnsembleModel_Alpha158_csi300_custom_step0_s_20260525_15,455e266aa1544bfc838d0ba193a2d79d,0.069,,,
757,2026-05-25,SH600570,-0.017145391636655412,EXP_DEnsembleModel_Alpha158_csi300_custom_step0_s_20260525_15,455e266aa1544bfc838d0ba193a2d79d,0.069,,,
758,2026-05-25,SH600460,0.0769355898665697,EXP_DEnsembleModel_Alpha158_csi300_custom_step0_s_20260525_15,455e266aa1544bfc838d0ba193a2d79d,0.069,,,
759,2026-05-25,SH600436,0.0034042829982652146,EXP_DEnsembleModel_Alpha158_csi300_custom_step0_s_20260525_15,455e266aa1544bfc838d0ba193a2d79d,0.069,,,
760,2026-05-25,SH600426,0.19919468911701832,EXP_DEnsembleModel_Alpha158_csi300_custom_step0_s_20260525_15,455e266aa1544bfc838d0ba193a2d79d,0.069,,,
761,2026-05-25,SH600415,-0.1803528211601271,EXP_DEnsembleModel_Alpha158_csi300_custom_step0_s_20260525_15,455e266aa1544bfc838d0ba193a2d79d,0.069,,,
762,2026-05-25,SH600406,-0.09711388538298052,EXP_DEnsembleModel_Alpha158_csi300_custom_step0_s_20260525_15,455e266aa1544bfc838d0ba193a2d79d,0.069,,,
763,2026-05-25,SH600377,0.12850511911257984,EXP_DEnsembleModel_Alpha158_csi300_custom_step0_s_20260525_15,455e266aa1544bfc838d0ba193a2d79d,0.069,,,
764,2026-05-25,SH600372,-0.10846888275680476,EXP_DEnsembleModel_Alpha158_csi300_custom_step0_s_20260525_15,455e266aa1544bfc838d0ba193a2d79d,0.069,,,
765,2026-05-25,SH600438,-0.03822470379298947,EXP_DEnsembleModel_Alpha158_csi300_custom_step0_s_20260525_15,455e266aa1544bfc838d0ba193a2d79d,0.069,,,
766,2026-05-25,SH600584,-0.3688385333193789,EXP_DEnsembleModel_Alpha158_csi300_custom_step0_s_20260525_15,455e266aa1544bfc838d0ba193a2d79d,0.069,,,
767,2026-05-25,SH600585,0.00503867149430121,EXP_DEnsembleModel_Alpha158_csi300_custom_step0_s_20260525_15,455e266aa1544bfc838d0ba193a2d79d,0.069,,,
768,2026-05-25,SH600588,-0.03909051853511203,EXP_DEnsembleModel_Alpha158_csi300_custom_step0_s_20260525_15,455e266aa1544bfc838d0ba193a2d79d,0.069,,,
769,2026-05-25,SH600900,0.11007017047664229,EXP_DEnsembleModel_Alpha158_csi300_custom_step0_s_20260525_15,455e266aa1544bfc838d0ba193a2d79d,0.069,,,
770,2026-05-25,SH600893,-0.1420617671739344,EXP_DEnsembleModel_Alpha158_csi300_custom_step0_s_20260525_15,455e266aa1544bfc838d0ba193a2d79d,0.069,,,
771,2026-05-25,SH600887,0.024283158492880517,EXP_DEnsembleModel_Alpha158_csi300_custom_step0_s_20260525_15,455e266aa1544bfc838d0ba193a2d79d,0.069,,,
772,2026-05-25,SH600886,0.13840137837634475,EXP_DEnsembleModel_Alpha158_csi300_custom_step0_s_20260525_15,455e266aa1544bfc838d0ba193a2d79d,0.069,,,
773,2026-05-25,SH600875,-0.041358234122785,EXP_DEnsembleModel_Alpha158_csi300_custom_step0_s_20260525_15,455e266aa1544bfc838d0ba193a2d79d,0.069,,,
774,2026-05-25,SH600845,-0.06468251352769486,EXP_DEnsembleModel_Alpha158_csi300_custom_step0_s_20260525_15,455e266aa1544bfc838d0ba193a2d79d,0.069,,,
775,2026-05-25,SH600809,-0.008976461102738824,EXP_DEnsembleModel_Alpha158_csi300_custom_step0_s_20260525_15,455e266aa1544bfc838d0ba193a2d79d,0.069,,,
776,2026-05-25,SH600803,-0.07113449371256146,EXP_DEnsembleModel_Alpha158_csi300_custom_step0_s_20260525_15,455e266aa1544bfc838d0ba193a2d79d,0.069,,,
777,2026-05-25,SH600795,0.04359410959991737,EXP_DEnsembleModel_Alpha158_csi300_custom_step0_s_20260525_15,455e266aa1544bfc838d0ba193a2d79d,0.069,,,
778,2026-05-25,SH600760,-0.17286001142621346,EXP_DEnsembleModel_Alpha158_csi300_custom_step0_s_20260525_15,455e266aa1544bfc838d0ba193a2d79d,0.069,,,
779,2026-05-25,SH600741,0.006744652009041283,EXP_DEnsembleModel_Alpha158_csi300_custom_step0_s_20260525_15,455e266aa1544bfc838d0ba193a2d79d,0.069,,,
780,2026-05-25,SH600690,-0.08749828527382694,EXP_DEnsembleModel_Alpha158_csi300_custom_step0_s_20260525_15,455e266aa1544bfc838d0ba193a2d79d,0.069,,,
781,2026-05-25,SH600674,-0.020292525473283633,EXP_DEnsembleModel_Alpha158_csi300_custom_step0_s_20260525_15,455e266aa1544bfc838d0ba193a2d79d,0.069,,,
782,2026-05-25,SH600660,-0.07089206647610512,EXP_DEnsembleModel_Alpha158_csi300_custom_step0_s_20260525_15,455e266aa1544bfc838d0ba193a2d79d,0.069,,,
783,2026-05-25,SH600600,0.04782707902406803,EXP_DEnsembleModel_Alpha158_csi300_custom_step0_s_20260525_15,455e266aa1544bfc838d0ba193a2d79d,0.069,,,
784,2026-05-25,SH600362,-0.10451429447391584,EXP_DEnsembleModel_Alpha158_csi300_custom_step0_s_20260525_15,455e266aa1544bfc838d0ba193a2d79d,0.069,,,
785,2026-05-25,SH600346,-0.07667817830312927,EXP_DEnsembleModel_Alpha158_csi300_custom_step0_s_20260525_15,455e266aa1544bfc838d0ba193a2d79d,0.069,,,
786,2026-05-25,SH600309,-0.021351970940040977,EXP_DEnsembleModel_Alpha158_csi300_custom_step0_s_20260525_15,455e266aa1544bfc838d0ba193a2d79d,0.069,,,
787,2026-05-25,SH600276,-0.06595475804634297,EXP_DEnsembleModel_Alpha158_csi300_custom_step0_s_20260525_15,455e266aa1544bfc838d0ba193a2d79d,0.069,,,
788,2026-05-25,SH600036,-0.013965271133853218,EXP_DEnsembleModel_Alpha158_csi300_custom_step0_s_20260525_15,455e266aa1544bfc838d0ba193a2d79d,0.069,,,
789,2026-05-25,SH600031,-0.11083445061530679,EXP_DEnsembleModel_Alpha158_csi300_custom_step0_s_20260525_15,455e266aa1544bfc838d0ba193a2d79d,0.069,,,
790,2026-05-25,SH600030,0.01303388530330098,EXP_DEnsembleModel_Alpha158_csi300_custom_step0_s_20260525_15,455e266aa1544bfc838d0ba193a2d79d,0.069,,,
791,2026-05-25,SH600029,-0.063302456086451,EXP_DEnsembleModel_Alpha158_csi300_custom_step0_s_20260525_15,455e266aa1544bfc838d0ba193a2d79d,0.069,,,
792,2026-05-25,SH600028,-0.025530700179131508,EXP_DEnsembleModel_Alpha158_csi300_custom_step0_s_20260525_15,455e266aa1544bfc838d0ba193a2d79d,0.069,,,
793,2026-05-25,SH600027,-0.08265273289291074,EXP_DEnsembleModel_Alpha158_csi300_custom_step0_s_20260525_15,455e266aa1544bfc838d0ba193a2d79d,0.069,,,
794,2026-05-25,SH600026,-0.10222209183436627,EXP_DEnsembleModel_Alpha158_csi300_custom_step0_s_20260525_15,455e266aa1544bfc838d0ba193a2d79d,0.069,,,
795,2026-05-25,SH600025,-0.01720226800654691,EXP_DEnsembleModel_Alpha158_csi300_custom_step0_s_20260525_15,455e266aa1544bfc838d0ba193a2d79d,0.069,,,
796,2026-05-25,SH600023,0.022390957351713345,EXP_DEnsembleModel_Alpha158_csi300_custom_step0_s_20260525_15,455e266aa1544bfc838d0ba193a2d79d,0.069,,,
797,2026-05-25,SH600019,-0.03863450871021546,EXP_DEnsembleModel_Alpha158_csi300_custom_step0_s_20260525_15,455e266aa1544bfc838d0ba193a2d79d,0.069,,,
798,2026-05-25,SH600018,0.10492335536518954,EXP_DEnsembleModel_Alpha158_csi300_custom_step0_s_20260525_15,455e266aa1544bfc838d0ba193a2d79d,0.069,,,
799,2026-05-25,SH600016,0.006518850741215767,EXP_DEnsembleModel_Alpha158_csi300_custom_step0_s_20260525_15,455e266aa1544bfc838d0ba193a2d79d,0.069,,,
800,2026-05-25,SH600015,0.05777874110062651,EXP_DEnsembleModel_Alpha158_csi300_custom_step0_s_20260525_15,455e266aa1544bfc838d0ba193a2d79d,0.069,,,
801,2026-05-25,SH600011,-0.06756946091439,EXP_DEnsembleModel_Alpha158_csi300_custom_step0_s_20260525_15,455e266aa1544bfc838d0ba193a2d79d,0.069,,,
802,2026-05-25,SH600010,-0.15062691837612155,EXP_DEnsembleModel_Alpha158_csi300_custom_step0_s_20260525_15,455e266aa1544bfc838d0ba193a2d79d,0.069,,,
803,2026-05-25,SH600039,0.04539257689415169,EXP_DEnsembleModel_Alpha158_csi300_custom_step0_s_20260525_15,455e266aa1544bfc838d0ba193a2d79d,0.069,,,
804,2026-05-25,SH600905,0.05943638161374422,EXP_DEnsembleModel_Alpha158_csi300_custom_step0_s_20260525_15,455e266aa1544bfc838d0ba193a2d79d,0.069,,,
805,2026-05-25,SH600048,-0.12401231595162587,EXP_DEnsembleModel_Alpha158_csi300_custom_step0_s_20260525_15,455e266aa1544bfc838d0ba193a2d79d,0.069,,,
806,2026-05-25,SH600061,-0.058437593113597294,EXP_DEnsembleModel_Alpha158_csi300_custom_step0_s_20260525_15,455e266aa1544bfc838d0ba193a2d79d,0.069,,,
807,2026-05-25,SH600233,0.04531867814243769,EXP_DEnsembleModel_Alpha158_csi300_custom_step0_s_20260525_15,455e266aa1544bfc838d0ba193a2d79d,0.069,,,
808,2026-05-25,SH600219,0.08765616857701404,EXP_DEnsembleModel_Alpha158_csi300_custom_step0_s_20260525_15,455e266aa1544bfc838d0ba193a2d79d,0.069,,,
809,2026-05-25,SH600196,-0.02750407924875557,EXP_DEnsembleModel_Alpha158_csi300_custom_step0_s_20260525_15,455e266aa1544bfc838d0ba193a2d79d,0.069,,,
810,2026-05-25,SH600188,-0.030812104315723943,EXP_DEnsembleModel_Alpha158_csi300_custom_step0_s_20260525_15,455e266aa1544bfc838d0ba193a2d79d,0.069,,,
811,2026-05-25,SH600183,-0.34345871488772994,EXP_DEnsembleModel_Alpha158_csi300_custom_step0_s_20260525_15,455e266aa1544bfc838d0ba193a2d79d,0.069,,,
812,2026-05-25,SH600176,-0.02436363484382056,EXP_DEnsembleModel_Alpha158_csi300_custom_step0_s_20260525_15,455e266aa1544bfc838d0ba193a2d79d,0.069,,,
813,2026-05-25,SH600161,-0.09344325032070742,EXP_DEnsembleModel_Alpha158_csi300_custom_step0_s_20260525_15,455e266aa1544bfc838d0ba193a2d79d,0.069,,,
814,2026-05-25,SH600160,-0.04967765393209977,EXP_DEnsembleModel_Alpha158_csi300_custom_step0_s_20260525_15,455e266aa1544bfc838d0ba193a2d79d,0.069,,,
815,2026-05-25,SH600150,-0.03492185120238053,EXP_DEnsembleModel_Alpha158_csi300_custom_step0_s_20260525_15,455e266aa1544bfc838d0ba193a2d79d,0.069,,,
816,2026-05-25,SH600115,-0.035042031113974255,EXP_DEnsembleModel_Alpha158_csi300_custom_step0_s_20260525_15,455e266aa1544bfc838d0ba193a2d79d,0.069,,,
817,2026-05-25,SH600111,-0.08157306169867962,EXP_DEnsembleModel_Alpha158_csi300_custom_step0_s_20260525_15,455e266aa1544bfc838d0ba193a2d79d,0.069,,,
818,2026-05-25,SH600104,0.036622539286786736,EXP_DEnsembleModel_Alpha158_csi300_custom_step0_s_20260525_15,455e266aa1544bfc838d0ba193a2d79d,0.069,,,
819,2026-05-25,SH600089,-0.13827968664192355,EXP_DEnsembleModel_Alpha158_csi300_custom_step0_s_20260525_15,455e266aa1544bfc838d0ba193a2d79d,0.069,,,
820,2026-05-25,SH600085,0.014993745765457592,EXP_DEnsembleModel_Alpha158_csi300_custom_step0_s_20260525_15,455e266aa1544bfc838d0ba193a2d79d,0.069,,,
821,2026-05-25,SH600066,-0.08231801602621829,EXP_DEnsembleModel_Alpha158_csi300_custom_step0_s_20260525_15,455e266aa1544bfc838d0ba193a2d79d,0.069,,,
822,2026-05-25,SH600050,-0.0908526096775185,EXP_DEnsembleModel_Alpha158_csi300_custom_step0_s_20260525_15,455e266aa1544bfc838d0ba193a2d79d,0.069,,,
823,2026-05-25,SH601916,0.06404740895177839,EXP_DEnsembleModel_Alpha158_csi300_custom_step0_s_20260525_15,455e266aa1544bfc838d0ba193a2d79d,0.069,,,
824,2026-05-25,SH600918,-0.0313826956178601,EXP_DEnsembleModel_Alpha158_csi300_custom_step0_s_20260525_15,455e266aa1544bfc838d0ba193a2d79d,0.069,,,
825,2026-05-25,SH600926,0.0400186431900939,EXP_DEnsembleModel_Alpha158_csi300_custom_step0_s_20260525_15,455e266aa1544bfc838d0ba193a2d79d,0.069,,,
826,2026-05-25,SH601689,-0.06731416499377632,EXP_DEnsembleModel_Alpha158_csi300_custom_step0_s_20260525_15,455e266aa1544bfc838d0ba193a2d79d,0.069,,,
827,2026-05-25,SH601688,-0.08049217439633341,EXP_DEnsembleModel_Alpha158_csi300_custom_step0_s_20260525_15,455e266aa1544bfc838d0ba193a2d79d,0.069,,,
828,2026-05-25,SH601669,-0.08147362708600053,EXP_DEnsembleModel_Alpha158_csi300_custom_step0_s_20260525_15,455e266aa1544bfc838d0ba193a2d79d,0.069,,,
829,2026-05-25,SH601668,0.020155071621464456,EXP_DEnsembleModel_Alpha158_csi300_custom_step0_s_20260525_15,455e266aa1544bfc838d0ba193a2d79d,0.069,,,
830,2026-05-25,SH601658,0.06605563383574344,EXP_DEnsembleModel_Alpha158_csi300_custom_step0_s_20260525_15,455e266aa1544bfc838d0ba193a2d79d,0.069,,,
831,2026-05-25,SH601633,0.010312625954019739,EXP_DEnsembleModel_Alpha158_csi300_custom_step0_s_20260525_15,455e266aa1544bfc838d0ba193a2d79d,0.069,,,
832,2026-05-25,SH601698,-0.042066969424272606,EXP_DEnsembleModel_Alpha158_csi300_custom_step0_s_20260525_15,455e266aa1544bfc838d0ba193a2d79d,0.069,,,
833,2026-05-25,SH601628,-0.09063905470020918,EXP_DEnsembleModel_Alpha158_csi300_custom_step0_s_20260525_15,455e266aa1544bfc838d0ba193a2d79d,0.069,,,
834,2026-05-25,SH601607,0.018175317873819236,EXP_DEnsembleModel_Alpha158_csi300_custom_step0_s_20260525_15,455e266aa1544bfc838d0ba193a2d79d,0.069,,,
835,2026-05-25,SH601601,-0.07659349796632696,EXP_DEnsembleModel_Alpha158_csi300_custom_step0_s_20260525_15,455e266aa1544bfc838d0ba193a2d79d,0.069,,,
836,2026-05-25,SH601600,-0.04797405919864255,EXP_DEnsembleModel_Alpha158_csi300_custom_step0_s_20260525_15,455e266aa1544bfc838d0ba193a2d79d,0.069,,,
837,2026-05-25,SH601456,-0.028991553031626992,EXP_DEnsembleModel_Alpha158_csi300_custom_step0_s_20260525_15,455e266aa1544bfc838d0ba193a2d79d,0.069,,,
838,2026-05-25,SH601398,0.11491535497387084,EXP_DEnsembleModel_Alpha158_csi300_custom_step0_s_20260525_15,455e266aa1544bfc838d0ba193a2d79d,0.069,,,
839,2026-05-25,SH601390,-0.0007772740717461435,EXP_DEnsembleModel_Alpha158_csi300_custom_step0_s_20260525_15,455e266aa1544bfc838d0ba193a2d79d,0.069,,,
840,2026-05-25,SH601618,-0.03929717315116766,EXP_DEnsembleModel_Alpha158_csi300_custom_step0_s_20260525_15,455e266aa1544bfc838d0ba193a2d79d,0.069,,,
841,2026-05-25,SH601728,-0.05077121831483289,EXP_DEnsembleModel_Alpha158_csi300_custom_step0_s_20260525_15,455e266aa1544bfc838d0ba193a2d79d,0.069,,,
842,2026-05-25,SH601766,-0.08895337556497936,EXP_DEnsembleModel_Alpha158_csi300_custom_step0_s_20260525_15,455e266aa1544bfc838d0ba193a2d79d,0.069,,,
843,2026-05-25,SH601788,-0.08072283678651726,EXP_DEnsembleModel_Alpha158_csi300_custom_step0_s_20260525_15,455e266aa1544bfc838d0ba193a2d79d,0.069,,,
844,2026-05-25,SH601899,-0.12548808959067362,EXP_DEnsembleModel_Alpha158_csi300_custom_step0_s_20260525_15,455e266aa1544bfc838d0ba193a2d79d,0.069,,,
845,2026-05-25,SH601898,-0.0420744059504263,EXP_DEnsembleModel_Alpha158_csi300_custom_step0_s_20260525_15,455e266aa1544bfc838d0ba193a2d79d,0.069,,,
846,2026-05-25,SH601888,-0.045642536996968804,EXP_DEnsembleModel_Alpha158_csi300_custom_step0_s_20260525_15,455e266aa1544bfc838d0ba193a2d79d,0.069,,,
847,2026-05-25,SH601881,-0.06797573749107592,EXP_DEnsembleModel_Alpha158_csi300_custom_step0_s_20260525_15,455e266aa1544bfc838d0ba193a2d79d,0.069,,,
848,2026-05-25,SH601878,-0.03300049202478735,EXP_DEnsembleModel_Alpha158_csi300_custom_step0_s_20260525_15,455e266aa1544bfc838d0ba193a2d79d,0.069,,,
849,2026-05-25,SH601877,-0.07121420603822103,EXP_DEnsembleModel_Alpha158_csi300_custom_step0_s_20260525_15,455e266aa1544bfc838d0ba193a2d79d,0.069,,,
850,2026-05-25,SH601872,-0.02696897678067983,EXP_DEnsembleModel_Alpha158_csi300_custom_step0_s_20260525_15,455e266aa1544bfc838d0ba193a2d79d,0.069,,,
851,2026-05-25,SH601868,-0.05328691169000161,EXP_DEnsembleModel_Alpha158_csi300_custom_step0_s_20260525_15,455e266aa1544bfc838d0ba193a2d79d,0.069,,,
852,2026-05-25,SH601857,-0.15328884711927582,EXP_DEnsembleModel_Alpha158_csi300_custom_step0_s_20260525_15,455e266aa1544bfc838d0ba193a2d79d,0.069,,,
853,2026-05-25,SH601838,0.11219708955121513,EXP_DEnsembleModel_Alpha158_csi300_custom_step0_s_20260525_15,455e266aa1544bfc838d0ba193a2d79d,0.069,,,
854,2026-05-25,SH601825,0.06981478681407306,EXP_DEnsembleModel_Alpha158_csi300_custom_step0_s_20260525_15,455e266aa1544bfc838d0ba193a2d79d,0.069,,,
855,2026-05-25,SH601818,0.0999413736808721,EXP_DEnsembleModel_Alpha158_csi300_custom_step0_s_20260525_15,455e266aa1544bfc838d0ba193a2d79d,0.069,,,
856,2026-05-25,SH601816,0.010916263838886432,EXP_DEnsembleModel_Alpha158_csi300_custom_step0_s_20260525_15,455e266aa1544bfc838d0ba193a2d79d,0.069,,,
857,2026-05-25,SH601808,-0.07350456046143944,EXP_DEnsembleModel_Alpha158_csi300_custom_step0_s_20260525_15,455e266aa1544bfc838d0ba193a2d79d,0.069,,,
858,2026-05-25,SH601800,-0.043716135399264305,EXP_DEnsembleModel_Alpha158_csi300_custom_step0_s_20260525_15,455e266aa1544bfc838d0ba193a2d79d,0.069,,,
859,2026-05-25,SH601377,-0.09846190948926155,EXP_DEnsembleModel_Alpha158_csi300_custom_step0_s_20260525_15,455e266aa1544bfc838d0ba193a2d79d,0.069,,,
860,2026-05-25,SH601360,0.002175887460937047,EXP_DEnsembleModel_Alpha158_csi300_custom_step0_s_20260525_15,455e266aa1544bfc838d0ba193a2d79d,0.069,,,
861,2026-05-25,SH601336,-0.16585600589513763,EXP_DEnsembleModel_Alpha158_csi300_custom_step0_s_20260525_15,455e266aa1544bfc838d0ba193a2d79d,0.069,,,
862,2026-05-25,SH601328,0.07788224250372364,EXP_DEnsembleModel_Alpha158_csi300_custom_step0_s_20260525_15,455e266aa1544bfc838d0ba193a2d79d,0.069,,,
863,2026-05-25,SH601077,0.0713751367371841,EXP_DEnsembleModel_Alpha158_csi300_custom_step0_s_20260525_15,455e266aa1544bfc838d0ba193a2d79d,0.069,,,
864,2026-05-25,SH601066,0.005648732134069802,EXP_DEnsembleModel_Alpha158_csi300_custom_step0_s_20260525_15,455e266aa1544bfc838d0ba193a2d79d,0.069,,,
865,2026-05-25,SH601059,0.1227405852868146,EXP_DEnsembleModel_Alpha158_csi300_custom_step0_s_20260525_15,455e266aa1544bfc838d0ba193a2d79d,0.069,,,
866,2026-05-25,SH601058,-0.0527756771931372,EXP_DEnsembleModel_Alpha158_csi300_custom_step0_s_20260525_15,455e266aa1544bfc838d0ba193a2d79d,0.069,,,
867,2026-05-25,SH601021,0.0022213144602402013,EXP_DEnsembleModel_Alpha158_csi300_custom_step0_s_20260525_15,455e266aa1544bfc838d0ba193a2d79d,0.069,,,
868,2026-05-25,SH601018,-0.007940574307622437,EXP_DEnsembleModel_Alpha158_csi300_custom_step0_s_20260525_15,455e266aa1544bfc838d0ba193a2d79d,0.069,,,
869,2026-05-25,SH601012,0.040067319337369685,EXP_DEnsembleModel_Alpha158_csi300_custom_step0_s_20260525_15,455e266aa1544bfc838d0ba193a2d79d,0.069,,,
870,2026-05-25,SH601009,-0.020336833704602108,EXP_DEnsembleModel_Alpha158_csi300_custom_step0_s_20260525_15,455e266aa1544bfc838d0ba193a2d79d,0.069,,,
871,2026-05-25,SH601006,0.10541886051146404,EXP_DEnsembleModel_Alpha158_csi300_custom_step0_s_20260525_15,455e266aa1544bfc838d0ba193a2d79d,0.069,,,
872,2026-05-25,SH600999,-0.018781553223349956,EXP_DEnsembleModel_Alpha158_csi300_custom_step0_s_20260525_15,455e266aa1544bfc838d0ba193a2d79d,0.069,,,
873,2026-05-25,SH600989,-0.008860907816003136,EXP_DEnsembleModel_Alpha158_csi300_custom_step0_s_20260525_15,455e266aa1544bfc838d0ba193a2d79d,0.069,,,
874,2026-05-25,SH600958,-0.10396087703092996,EXP_DEnsembleModel_Alpha158_csi300_custom_step0_s_20260525_15,455e266aa1544bfc838d0ba193a2d79d,0.069,,,
875,2026-05-25,SH600941,-0.024995694304932915,EXP_DEnsembleModel_Alpha158_csi300_custom_step0_s_20260525_15,455e266aa1544bfc838d0ba193a2d79d,0.069,,,
876,2026-05-25,SH600938,-0.12785028192695874,EXP_DEnsembleModel_Alpha158_csi300_custom_step0_s_20260525_15,455e266aa1544bfc838d0ba193a2d79d,0.069,,,
877,2026-05-25,SH600930,-0.0802264258577028,EXP_DEnsembleModel_Alpha158_csi300_custom_step0_s_20260525_15,455e266aa1544bfc838d0ba193a2d79d,0.069,,,
878,2026-05-25,SH601088,0.048203523851716876,EXP_DEnsembleModel_Alpha158_csi300_custom_step0_s_20260525_15,455e266aa1544bfc838d0ba193a2d79d,0.069,,,
879,2026-05-25,SH600919,0.171669734954222,EXP_DEnsembleModel_Alpha158_csi300_custom_step0_s_20260525_15,455e266aa1544bfc838d0ba193a2d79d,0.069,,,
880,2026-05-25,SH601100,-0.09317985422825882,EXP_DEnsembleModel_Alpha158_csi300_custom_step0_s_20260525_15,455e266aa1544bfc838d0ba193a2d79d,0.069,,,
881,2026-05-25,SH601117,-0.11055571306731243,EXP_DEnsembleModel_Alpha158_csi300_custom_step0_s_20260525_15,455e266aa1544bfc838d0ba193a2d79d,0.069,,,
882,2026-05-25,SH601319,-0.0069059043229950925,EXP_DEnsembleModel_Alpha158_csi300_custom_step0_s_20260525_15,455e266aa1544bfc838d0ba193a2d79d,0.069,,,
883,2026-05-25,SH601318,-0.09270210344807554,EXP_DEnsembleModel_Alpha158_csi300_custom_step0_s_20260525_15,455e266aa1544bfc838d0ba193a2d79d,0.069,,,
884,2026-05-25,SH601298,0.11474231543393432,EXP_DEnsembleModel_Alpha158_csi300_custom_step0_s_20260525_15,455e266aa1544bfc838d0ba193a2d79d,0.069,,,
885,2026-05-25,SH601288,0.00692122459982858,EXP_DEnsembleModel_Alpha158_csi300_custom_step0_s_20260525_15,455e266aa1544bfc838d0ba193a2d79d,0.069,,,
886,2026-05-25,SH601238,0.043138681140854396,EXP_DEnsembleModel_Alpha158_csi300_custom_step0_s_20260525_15,455e266aa1544bfc838d0ba193a2d79d,0.069,,,
887,2026-05-25,SH601236,0.022049096269989174,EXP_DEnsembleModel_Alpha158_csi300_custom_step0_s_20260525_15,455e266aa1544bfc838d0ba193a2d79d,0.069,,,
888,2026-05-25,SH601229,-0.02803452265411927,EXP_DEnsembleModel_Alpha158_csi300_custom_step0_s_20260525_15,455e266aa1544bfc838d0ba193a2d79d,0.069,,,
889,2026-05-25,SH601225,0.02278734159347695,EXP_DEnsembleModel_Alpha158_csi300_custom_step0_s_20260525_15,455e266aa1544bfc838d0ba193a2d79d,0.069,,,
890,2026-05-25,SH601211,-0.044999470755523435,EXP_DEnsembleModel_Alpha158_csi300_custom_step0_s_20260525_15,455e266aa1544bfc838d0ba193a2d79d,0.069,,,
891,2026-05-25,SH601186,-0.05302772881160637,EXP_DEnsembleModel_Alpha158_csi300_custom_step0_s_20260525_15,455e266aa1544bfc838d0ba193a2d79d,0.069,,,
892,2026-05-25,SH601169,-0.00948516776212681,EXP_DEnsembleModel_Alpha158_csi300_custom_step0_s_20260525_15,455e266aa1544bfc838d0ba193a2d79d,0.069,,,
893,2026-05-25,SH601166,-0.003349764154357312,EXP_DEnsembleModel_Alpha158_csi300_custom_step0_s_20260525_15,455e266aa1544bfc838d0ba193a2d79d,0.069,,,
894,2026-05-25,SH601138,-0.02690401240343479,EXP_DEnsembleModel_Alpha158_csi300_custom_step0_s_20260525_15,455e266aa1544bfc838d0ba193a2d79d,0.069,,,
895,2026-05-25,SH601136,-0.06336472004266576,EXP_DEnsembleModel_Alpha158_csi300_custom_step0_s_20260525_15,455e266aa1544bfc838d0ba193a2d79d,0.069,,,
896,2026-05-25,SH601127,-0.008184402501715255,EXP_DEnsembleModel_Alpha158_csi300_custom_step0_s_20260525_15,455e266aa1544bfc838d0ba193a2d79d,0.069,,,
897,2026-05-25,SH601111,-0.08551916717681188,EXP_DEnsembleModel_Alpha158_csi300_custom_step0_s_20260525_15,455e266aa1544bfc838d0ba193a2d79d,0.069,,,
898,2026-05-25,SZ302132,-0.04687104108032591,EXP_DEnsembleModel_Alpha158_csi300_custom_step0_s_20260525_15,6d4c07b0e8674e6080690bb2473f0dee,0.08,,,
899,2026-05-25,SZ302132,-0.12152048241624898,EXP_DEnsembleModel_Alpha158_csi300_custom_step0_s_20260525_15,455e266aa1544bfc838d0ba193a2d79d,0.069,,,
900,2026-05-25,SH600009,-0.029648712760506787,EXP_DEnsembleModel_Alpha158_csi300_custom_step0_s_20260525_15,6d4c07b0e8674e6080690bb2473f0dee,0.08,,,
901,2026-05-25,SZ000596,0.04222905619501473,EXP_DEnsembleModel_Alpha158_csi300_custom_step0_s_20260525_15,6d4c07b0e8674e6080690bb2473f0dee,0.08,,,
902,2026-05-25,SZ000568,-0.018420736284575783,EXP_DEnsembleModel_Alpha158_csi300_custom_step0_s_20260525_15,6d4c07b0e8674e6080690bb2473f0dee,0.08,,,
903,2026-05-25,SZ000538,-0.10971298081413866,EXP_DEnsembleModel_Alpha158_csi300_custom_step0_s_20260525_15,6d4c07b0e8674e6080690bb2473f0dee,0.08,,,
904,2026-05-25,SZ000425,0.08987202188068374,EXP_DEnsembleModel_Alpha158_csi300_custom_step0_s_20260525_15,6d4c07b0e8674e6080690bb2473f0dee,0.08,,,
905,2026-05-25,SZ000408,0.10595050475685673,EXP_DEnsembleModel_Alpha158_csi300_custom_step0_s_20260525_15,6d4c07b0e8674e6080690bb2473f0dee,0.08,,,
906,2026-05-25,SZ000338,-0.06740371753353755,EXP_DEnsembleModel_Alpha158_csi300_custom_step0_s_20260525_15,6d4c07b0e8674e6080690bb2473f0dee,0.08,,,
907,2026-05-25,SZ000617,0.04565195581356343,EXP_DEnsembleModel_Alpha158_csi300_custom_step0_s_20260525_15,6d4c07b0e8674e6080690bb2473f0dee,0.08,,,
908,2026-05-25,SZ000333,0.13624018629224485,EXP_DEnsembleModel_Alpha158_csi300_custom_step0_s_20260525_15,6d4c07b0e8674e6080690bb2473f0dee,0.08,,,
909,2026-05-25,SZ000166,-0.06376857532662174,EXP_DEnsembleModel_Alpha158_csi300_custom_step0_s_20260525_15,6d4c07b0e8674e6080690bb2473f0dee,0.08,,,
910,2026-05-25,SZ000157,-0.014861400832612106,EXP_DEnsembleModel_Alpha158_csi300_custom_step0_s_20260525_15,6d4c07b0e8674e6080690bb2473f0dee,0.08,,,
911,2026-05-25,SZ000100,-0.03867806955044738,EXP_DEnsembleModel_Alpha158_csi300_custom_step0_s_20260525_15,6d4c07b0e8674e6080690bb2473f0dee,0.08,,,
912,2026-05-25,SZ000063,0.0968963543843934,EXP_DEnsembleModel_Alpha158_csi300_custom_step0_s_20260525_15,6d4c07b0e8674e6080690bb2473f0dee,0.08,,,
913,2026-05-25,SZ000002,0.08988915563040942,EXP_DEnsembleModel_Alpha158_csi300_custom_step0_s_20260525_15,6d4c07b0e8674e6080690bb2473f0dee,0.08,,,
914,2026-05-25,SZ000001,-0.0771734396456841,EXP_DEnsembleModel_Alpha158_csi300_custom_step0_s_20260525_15,6d4c07b0e8674e6080690bb2473f0dee,0.08,,,
915,2026-05-25,SZ000301,0.13069335265400847,EXP_DEnsembleModel_Alpha158_csi300_custom_step0_s_20260525_15,6d4c07b0e8674e6080690bb2473f0dee,0.08,,,
916,2026-05-25,SZ000625,0.015070791719641229,EXP_DEnsembleModel_Alpha158_csi300_custom_step0_s_20260525_15,6d4c07b0e8674e6080690bb2473f0dee,0.08,,,
917,2026-05-25,SZ000630,0.02691218543445619,EXP_DEnsembleModel_Alpha158_csi300_custom_step0_s_20260525_15,6d4c07b0e8674e6080690bb2473f0dee,0.08,,,
918,2026-05-25,SZ000651,-0.00019494859318429893,EXP_DEnsembleModel_Alpha158_csi300_custom_step0_s_20260525_15,6d4c07b0e8674e6080690bb2473f0dee,0.08,,,
919,2026-05-25,SZ000977,0.18071416784528238,EXP_DEnsembleModel_Alpha158_csi300_custom_step0_s_20260525_15,6d4c07b0e8674e6080690bb2473f0dee,0.08,,,
920,2026-05-25,SZ000975,0.0891665099090403,EXP_DEnsembleModel_Alpha158_csi300_custom_step0_s_20260525_15,6d4c07b0e8674e6080690bb2473f0dee,0.08,,,
921,2026-05-25,SZ000963,0.01803412488650082,EXP_DEnsembleModel_Alpha158_csi300_custom_step0_s_20260525_15,6d4c07b0e8674e6080690bb2473f0dee,0.08,,,
922,2026-05-25,SZ000938,0.10551251927078047,EXP_DEnsembleModel_Alpha158_csi300_custom_step0_s_20260525_15,6d4c07b0e8674e6080690bb2473f0dee,0.08,,,
923,2026-05-25,SZ000895,-0.0006542545437011636,EXP_DEnsembleModel_Alpha158_csi300_custom_step0_s_20260525_15,6d4c07b0e8674e6080690bb2473f0dee,0.08,,,
924,2026-05-25,SZ000876,-0.0274904467086715,EXP_DEnsembleModel_Alpha158_csi300_custom_step0_s_20260525_15,6d4c07b0e8674e6080690bb2473f0dee,0.08,,,
925,2026-05-25,SZ000858,-0.026985211590214383,EXP_DEnsembleModel_Alpha158_csi300_custom_step0_s_20260525_15,6d4c07b0e8674e6080690bb2473f0dee,0.08,,,
926,2026-05-25,SZ000807,0.24569112724939715,EXP_DEnsembleModel_Alpha158_csi300_custom_step0_s_20260525_15,6d4c07b0e8674e6080690bb2473f0dee,0.08,,,
927,2026-05-25,SZ000792,0.11441016460055099,EXP_DEnsembleModel_Alpha158_csi300_custom_step0_s_20260525_15,6d4c07b0e8674e6080690bb2473f0dee,0.08,,,
928,2026-05-25,SZ000786,-0.019639315428760726,EXP_DEnsembleModel_Alpha158_csi300_custom_step0_s_20260525_15,6d4c07b0e8674e6080690bb2473f0dee,0.08,,,
929,2026-05-25,SZ000776,-0.008132609998879268,EXP_DEnsembleModel_Alpha158_csi300_custom_step0_s_20260525_15,6d4c07b0e8674e6080690bb2473f0dee,0.08,,,
930,2026-05-25,SZ000768,0.03256072476840268,EXP_DEnsembleModel_Alpha158_csi300_custom_step0_s_20260525_15,6d4c07b0e8674e6080690bb2473f0dee,0.08,,,
931,2026-05-25,SZ000725,-0.07167683299839313,EXP_DEnsembleModel_Alpha158_csi300_custom_step0_s_20260525_15,6d4c07b0e8674e6080690bb2473f0dee,0.08,,,
932,2026-05-25,SZ000708,0.008977205592761574,EXP_DEnsembleModel_Alpha158_csi300_custom_step0_s_20260525_15,6d4c07b0e8674e6080690bb2473f0dee,0.08,,,
933,2026-05-25,SZ000661,0.025491129048579312,EXP_DEnsembleModel_Alpha158_csi300_custom_step0_s_20260525_15,6d4c07b0e8674e6080690bb2473f0dee,0.08,,,
934,2026-05-25,SH688981,0.15149065015079702,EXP_DEnsembleModel_Alpha158_csi300_custom_step0_s_20260525_15,6d4c07b0e8674e6080690bb2473f0dee,0.08,,,
935,2026-05-25,SH688506,0.19301978945968826,EXP_DEnsembleModel_Alpha158_csi300_custom_step0_s_20260525_15,6d4c07b0e8674e6080690bb2473f0dee,0.08,,,
936,2026-05-25,SH688472,0.07301744561859433,EXP_DEnsembleModel_Alpha158_csi300_custom_step0_s_20260525_15,6d4c07b0e8674e6080690bb2473f0dee,0.08,,,
937,2026-05-25,SH688396,-0.02263556375037273,EXP_DEnsembleModel_Alpha158_csi300_custom_step0_s_20260525_15,6d4c07b0e8674e6080690bb2473f0dee,0.08,,,
938,2026-05-25,SH603893,0.13810773325057124,EXP_DEnsembleModel_Alpha158_csi300_custom_step0_s_20260525_15,6d4c07b0e8674e6080690bb2473f0dee,0.08,,,
939,2026-05-25,SH603799,0.09227658490764329,EXP_DEnsembleModel_Alpha158_csi300_custom_step0_s_20260525_15,6d4c07b0e8674e6080690bb2473f0dee,0.08,,,
940,2026-05-25,SH603501,0.1507706857399542,EXP_DEnsembleModel_Alpha158_csi300_custom_step0_s_20260525_15,6d4c07b0e8674e6080690bb2473f0dee,0.08,,,
941,2026-05-25,SH603392,0.022927387868469883,EXP_DEnsembleModel_Alpha158_csi300_custom_step0_s_20260525_15,6d4c07b0e8674e6080690bb2473f0dee,0.08,,,
942,2026-05-25,SH603369,0.09140291347312049,EXP_DEnsembleModel_Alpha158_csi300_custom_step0_s_20260525_15,6d4c07b0e8674e6080690bb2473f0dee,0.08,,,
943,2026-05-25,SH603296,0.14467397203015653,EXP_DEnsembleModel_Alpha158_csi300_custom_step0_s_20260525_15,6d4c07b0e8674e6080690bb2473f0dee,0.08,,,
944,2026-05-25,SH603288,0.002784392504301579,EXP_DEnsembleModel_Alpha158_csi300_custom_step0_s_20260525_15,6d4c07b0e8674e6080690bb2473f0dee,0.08,,,
945,2026-05-25,SH603260,0.10601053031234205,EXP_DEnsembleModel_Alpha158_csi300_custom_step0_s_20260525_15,6d4c07b0e8674e6080690bb2473f0dee,0.08,,,
946,2026-05-25,SH603259,0.1409757823771094,EXP_DEnsembleModel_Alpha158_csi300_custom_step0_s_20260525_15,6d4c07b0e8674e6080690bb2473f0dee,0.08,,,
947,2026-05-25,SH603195,-0.0025446628923634904,EXP_DEnsembleModel_Alpha158_csi300_custom_step0_s_20260525_15,6d4c07b0e8674e6080690bb2473f0dee,0.08,,,
948,2026-05-25,SH603019,0.13769982881751922,EXP_DEnsembleModel_Alpha158_csi300_custom_step0_s_20260525_15,6d4c07b0e8674e6080690bb2473f0dee,0.08,,,
949,2026-05-25,SH601998,-0.042592931117730055,EXP_DEnsembleModel_Alpha158_csi300_custom_step0_s_20260525_15,6d4c07b0e8674e6080690bb2473f0dee,0.08,,,
950,2026-05-25,SH601995,0.09552884211401064,EXP_DEnsembleModel_Alpha158_csi300_custom_step0_s_20260525_15,6d4c07b0e8674e6080690bb2473f0dee,0.08,,,
951,2026-05-25,SH601988,-0.019605833564698454,EXP_DEnsembleModel_Alpha158_csi300_custom_step0_s_20260525_15,6d4c07b0e8674e6080690bb2473f0dee,0.08,,,
952,2026-05-25,SH601985,-0.01286283847221438,EXP_DEnsembleModel_Alpha158_csi300_custom_step0_s_20260525_15,6d4c07b0e8674e6080690bb2473f0dee,0.08,,,
953,2026-05-25,SH603986,-0.1128832214389806,EXP_DEnsembleModel_Alpha158_csi300_custom_step0_s_20260525_15,6d4c07b0e8674e6080690bb2473f0dee,0.08,,,
954,2026-05-25,SZ000983,0.10835986580399905,EXP_DEnsembleModel_Alpha158_csi300_custom_step0_s_20260525_15,6d4c07b0e8674e6080690bb2473f0dee,0.08,,,
955,2026-05-25,SH603993,0.030232752114951484,EXP_DEnsembleModel_Alpha158_csi300_custom_step0_s_20260525_15,6d4c07b0e8674e6080690bb2473f0dee,0.08,,,
956,2026-05-25,SH605499,0.15767736976583716,EXP_DEnsembleModel_Alpha158_csi300_custom_step0_s_20260525_15,6d4c07b0e8674e6080690bb2473f0dee,0.08,,,
957,2026-05-25,SH688303,0.1279455344793635,EXP_DEnsembleModel_Alpha158_csi300_custom_step0_s_20260525_15,6d4c07b0e8674e6080690bb2473f0dee,0.08,,,
958,2026-05-25,SH688271,-0.08161275533601403,EXP_DEnsembleModel_Alpha158_csi300_custom_step0_s_20260525_15,6d4c07b0e8674e6080690bb2473f0dee,0.08,,,
959,2026-05-25,SH688256,0.23990997031719272,EXP_DEnsembleModel_Alpha158_csi300_custom_step0_s_20260525_15,6d4c07b0e8674e6080690bb2473f0dee,0.08,,,
960,2026-05-25,SH688223,0.09170335452229947,EXP_DEnsembleModel_Alpha158_csi300_custom_step0_s_20260525_15,6d4c07b0e8674e6080690bb2473f0dee,0.08,,,
961,2026-05-25,SH688187,0.022004607985162912,EXP_DEnsembleModel_Alpha158_csi300_custom_step0_s_20260525_15,6d4c07b0e8674e6080690bb2473f0dee,0.08,,,
962,2026-05-25,SH688169,0.01793756745114202,EXP_DEnsembleModel_Alpha158_csi300_custom_step0_s_20260525_15,6d4c07b0e8674e6080690bb2473f0dee,0.08,,,
963,2026-05-25,SH688126,-0.035739395926775705,EXP_DEnsembleModel_Alpha158_csi300_custom_step0_s_20260525_15,6d4c07b0e8674e6080690bb2473f0dee,0.08,,,
964,2026-05-25,SH688111,0.11671947374420588,EXP_DEnsembleModel_Alpha158_csi300_custom_step0_s_20260525_15,6d4c07b0e8674e6080690bb2473f0dee,0.08,,,
965,2026-05-25,SH688082,0.05676459708895142,EXP_DEnsembleModel_Alpha158_csi300_custom_step0_s_20260525_15,6d4c07b0e8674e6080690bb2473f0dee,0.08,,,
966,2026-05-25,SH688047,0.052968290637115036,EXP_DEnsembleModel_Alpha158_csi300_custom_step0_s_20260525_15,6d4c07b0e8674e6080690bb2473f0dee,0.08,,,
967,2026-05-25,SH688041,-0.15327856956175365,EXP_DEnsembleModel_Alpha158_csi300_custom_step0_s_20260525_15,6d4c07b0e8674e6080690bb2473f0dee,0.08,,,
968,2026-05-25,SH688036,0.12262817738029437,EXP_DEnsembleModel_Alpha158_csi300_custom_step0_s_20260525_15,6d4c07b0e8674e6080690bb2473f0dee,0.08,,,
969,2026-05-25,SH688012,-0.22764105485879635,EXP_DEnsembleModel_Alpha158_csi300_custom_step0_s_20260525_15,6d4c07b0e8674e6080690bb2473f0dee,0.08,,,
970,2026-05-25,SH688009,0.012033518980078761,EXP_DEnsembleModel_Alpha158_csi300_custom_step0_s_20260525_15,6d4c07b0e8674e6080690bb2473f0dee,0.08,,,
971,2026-05-25,SH688008,-0.10659161651577415,EXP_DEnsembleModel_Alpha158_csi300_custom_step0_s_20260525_15,6d4c07b0e8674e6080690bb2473f0dee,0.08,,,
972,2026-05-25,SH605117,0.10372136977410522,EXP_DEnsembleModel_Alpha158_csi300_custom_step0_s_20260525_15,6d4c07b0e8674e6080690bb2473f0dee,0.08,,,
973,2026-05-25,SH601939,-0.04297205141792607,EXP_DEnsembleModel_Alpha158_csi300_custom_step0_s_20260525_15,6d4c07b0e8674e6080690bb2473f0dee,0.08,,,
974,2026-05-25,SZ000999,-0.060725403777117805,EXP_DEnsembleModel_Alpha158_csi300_custom_step0_s_20260525_15,6d4c07b0e8674e6080690bb2473f0dee,0.08,,,
975,2026-05-25,SZ001965,0.1436477780411664,EXP_DEnsembleModel_Alpha158_csi300_custom_step0_s_20260525_15,6d4c07b0e8674e6080690bb2473f0dee,0.08,,,
976,2026-05-25,SZ300413,0.036109077676944476,EXP_DEnsembleModel_Alpha158_csi300_custom_step0_s_20260525_15,6d4c07b0e8674e6080690bb2473f0dee,0.08,,,
977,2026-05-25,SZ300408,-0.13878889900625116,EXP_DEnsembleModel_Alpha158_csi300_custom_step0_s_20260525_15,6d4c07b0e8674e6080690bb2473f0dee,0.08,,,
978,2026-05-25,SZ300394,-0.13171160077816124,EXP_DEnsembleModel_Alpha158_csi300_custom_step0_s_20260525_15,6d4c07b0e8674e6080690bb2473f0dee,0.08,,,
979,2026-05-25,SZ300347,0.16362620763803415,EXP_DEnsembleModel_Alpha158_csi300_custom_step0_s_20260525_15,6d4c07b0e8674e6080690bb2473f0dee,0.08,,,
980,2026-05-25,SZ300316,0.13941840733129054,EXP_DEnsembleModel_Alpha158_csi300_custom_step0_s_20260525_15,6d4c07b0e8674e6080690bb2473f0dee,0.08,,,
981,2026-05-25,SZ300308,-0.005456166687807845,EXP_DEnsembleModel_Alpha158_csi300_custom_step0_s_20260525_15,6d4c07b0e8674e6080690bb2473f0dee,0.08,,,
982,2026-05-25,SZ300418,-0.03933419883261132,EXP_DEnsembleModel_Alpha158_csi300_custom_step0_s_20260525_15,6d4c07b0e8674e6080690bb2473f0dee,0.08,,,
983,2026-05-25,SZ300274,0.47522975886618196,EXP_DEnsembleModel_Alpha158_csi300_custom_step0_s_20260525_15,6d4c07b0e8674e6080690bb2473f0dee,0.08,,,
984,2026-05-25,SZ300124,0.23118429650421282,EXP_DEnsembleModel_Alpha158_csi300_custom_step0_s_20260525_15,6d4c07b0e8674e6080690bb2473f0dee,0.08,,,
985,2026-05-25,SZ300122,0.028649828472909426,EXP_DEnsembleModel_Alpha158_csi300_custom_step0_s_20260525_15,6d4c07b0e8674e6080690bb2473f0dee,0.08,,,
986,2026-05-25,SZ300059,0.12509075376650525,EXP_DEnsembleModel_Alpha158_csi300_custom_step0_s_20260525_15,6d4c07b0e8674e6080690bb2473f0dee,0.08,,,
987,2026-05-25,SZ300033,0.0353626352784402,EXP_DEnsembleModel_Alpha158_csi300_custom_step0_s_20260525_15,6d4c07b0e8674e6080690bb2473f0dee,0.08,,,
988,2026-05-25,SZ300015,-0.024726741644692497,EXP_DEnsembleModel_Alpha158_csi300_custom_step0_s_20260525_15,6d4c07b0e8674e6080690bb2473f0dee,0.08,,,
989,2026-05-25,SZ300014,0.15368184025343612,EXP_DEnsembleModel_Alpha158_csi300_custom_step0_s_20260525_15,6d4c07b0e8674e6080690bb2473f0dee,0.08,,,
990,2026-05-25,SZ300251,0.10519055793135919,EXP_DEnsembleModel_Alpha158_csi300_custom_step0_s_20260525_15,6d4c07b0e8674e6080690bb2473f0dee,0.08,,,
991,2026-05-25,SZ300433,0.21075732509536726,EXP_DEnsembleModel_Alpha158_csi300_custom_step0_s_20260525_15,6d4c07b0e8674e6080690bb2473f0dee,0.08,,,
992,2026-05-25,SZ300442,-0.0337789482011138,EXP_DEnsembleModel_Alpha158_csi300_custom_step0_s_20260525_15,6d4c07b0e8674e6080690bb2473f0dee,0.08,,,
993,2026-05-25,SZ300476,-0.05345174232265173,EXP_DEnsembleModel_Alpha158_csi300_custom_step0_s_20260525_15,6d4c07b0e8674e6080690bb2473f0dee,0.08,,,
994,2026-05-25,SZ301236,0.011635350795219337,EXP_DEnsembleModel_Alpha158_csi300_custom_step0_s_20260525_15,6d4c07b0e8674e6080690bb2473f0dee,0.08,,,
995,2026-05-25,SZ300999,-0.05662280944101346,EXP_DEnsembleModel_Alpha158_csi300_custom_step0_s_20260525_15,6d4c07b0e8674e6080690bb2473f0dee,0.08,,,
996,2026-05-25,SZ300979,0.04082639756174917,EXP_DEnsembleModel_Alpha158_csi300_custom_step0_s_20260525_15,6d4c07b0e8674e6080690bb2473f0dee,0.08,,,
997,2026-05-25,SZ300896,-0.040445482418606446,EXP_DEnsembleModel_Alpha158_csi300_custom_step0_s_20260525_15,6d4c07b0e8674e6080690bb2473f0dee,0.08,,,
998,2026-05-25,SZ300866,0.08865857335079434,EXP_DEnsembleModel_Alpha158_csi300_custom_step0_s_20260525_15,6d4c07b0e8674e6080690bb2473f0dee,0.08,,,
999,2026-05-25,SZ300832,0.10480285036282444,EXP_DEnsembleModel_Alpha158_csi300_custom_step0_s_20260525_15,6d4c07b0e8674e6080690bb2473f0dee,0.08,,,
1000,2026-05-25,SZ300803,0.14332248215259788,EXP_DEnsembleModel_Alpha158_csi300_custom_step0_s_20260525_15,6d4c07b0e8674e6080690bb2473f0dee,0.08,,,
1001,2026-05-25,SZ300782,0.05770215285286333,EXP_DEnsembleModel_Alpha158_csi300_custom_step0_s_20260525_15,6d4c07b0e8674e6080690bb2473f0dee,0.08,,,
1002,2026-05-25,SZ300760,0.0032355411962206363,EXP_DEnsembleModel_Alpha158_csi300_custom_step0_s_20260525_15,6d4c07b0e8674e6080690bb2473f0dee,0.08,,,
1003,2026-05-25,SZ300759,0.18646738977562832,EXP_DEnsembleModel_Alpha158_csi300_custom_step0_s_20260525_15,6d4c07b0e8674e6080690bb2473f0dee,0.08,,,
1004,2026-05-25,SZ300750,0.055982135965085424,EXP_DEnsembleModel_Alpha158_csi300_custom_step0_s_20260525_15,6d4c07b0e8674e6080690bb2473f0dee,0.08,,,
1005,2026-05-25,SZ300661,0.1731533958830056,EXP_DEnsembleModel_Alpha158_csi300_custom_step0_s_20260525_15,6d4c07b0e8674e6080690bb2473f0dee,0.08,,,
1006,2026-05-25,SZ300628,0.2502263282560383,EXP_DEnsembleModel_Alpha158_csi300_custom_step0_s_20260525_15,6d4c07b0e8674e6080690bb2473f0dee,0.08,,,
1007,2026-05-25,SZ300502,-0.18919099776924375,EXP_DEnsembleModel_Alpha158_csi300_custom_step0_s_20260525_15,6d4c07b0e8674e6080690bb2473f0dee,0.08,,,
1008,2026-05-25,SZ300498,0.13043631999363156,EXP_DEnsembleModel_Alpha158_csi300_custom_step0_s_20260525_15,6d4c07b0e8674e6080690bb2473f0dee,0.08,,,
1009,2026-05-25,SZ003816,-0.0447902844873837,EXP_DEnsembleModel_Alpha158_csi300_custom_step0_s_20260525_15,6d4c07b0e8674e6080690bb2473f0dee,0.08,,,
1010,2026-05-25,SZ002938,0.05371090349667253,EXP_DEnsembleModel_Alpha158_csi300_custom_step0_s_20260525_15,6d4c07b0e8674e6080690bb2473f0dee,0.08,,,
1011,2026-05-25,SZ002920,-0.012428756053112925,EXP_DEnsembleModel_Alpha158_csi300_custom_step0_s_20260525_15,6d4c07b0e8674e6080690bb2473f0dee,0.08,,,
1012,2026-05-25,SZ002916,-0.10862970454101731,EXP_DEnsembleModel_Alpha158_csi300_custom_step0_s_20260525_15,6d4c07b0e8674e6080690bb2473f0dee,0.08,,,
1013,2026-05-25,SZ002311,-0.07418645324245951,EXP_DEnsembleModel_Alpha158_csi300_custom_step0_s_20260525_15,6d4c07b0e8674e6080690bb2473f0dee,0.08,,,
1014,2026-05-25,SZ002304,-0.03726934693839054,EXP_DEnsembleModel_Alpha158_csi300_custom_step0_s_20260525_15,6d4c07b0e8674e6080690bb2473f0dee,0.08,,,
1015,2026-05-25,SZ002252,-0.08157033930791725,EXP_DEnsembleModel_Alpha158_csi300_custom_step0_s_20260525_15,6d4c07b0e8674e6080690bb2473f0dee,0.08,,,
1016,2026-05-25,SZ002241,0.1448940099273494,EXP_DEnsembleModel_Alpha158_csi300_custom_step0_s_20260525_15,6d4c07b0e8674e6080690bb2473f0dee,0.08,,,
1017,2026-05-25,SZ002236,0.07972092377690997,EXP_DEnsembleModel_Alpha158_csi300_custom_step0_s_20260525_15,6d4c07b0e8674e6080690bb2473f0dee,0.08,,,
1018,2026-05-25,SZ002230,0.028702762879269834,EXP_DEnsembleModel_Alpha158_csi300_custom_step0_s_20260525_15,6d4c07b0e8674e6080690bb2473f0dee,0.08,,,
1019,2026-05-25,SZ002179,0.009667315643616893,EXP_DEnsembleModel_Alpha158_csi300_custom_step0_s_20260525_15,6d4c07b0e8674e6080690bb2473f0dee,0.08,,,
1020,2026-05-25,SZ002142,-0.05992233481357958,EXP_DEnsembleModel_Alpha158_csi300_custom_step0_s_20260525_15,6d4c07b0e8674e6080690bb2473f0dee,0.08,,,
1021,2026-05-25,SZ002074,0.03697326895349246,EXP_DEnsembleModel_Alpha158_csi300_custom_step0_s_20260525_15,6d4c07b0e8674e6080690bb2473f0dee,0.08,,,
1022,2026-05-25,SZ002050,0.10080560936584304,EXP_DEnsembleModel_Alpha158_csi300_custom_step0_s_20260525_15,6d4c07b0e8674e6080690bb2473f0dee,0.08,,,
1023,2026-05-25,SZ002049,0.19919566066609623,EXP_DEnsembleModel_Alpha158_csi300_custom_step0_s_20260525_15,6d4c07b0e8674e6080690bb2473f0dee,0.08,,,
1024,2026-05-25,SZ002028,-0.12383927678571423,EXP_DEnsembleModel_Alpha158_csi300_custom_step0_s_20260525_15,6d4c07b0e8674e6080690bb2473f0dee,0.08,,,
1025,2026-05-25,SZ002027,0.0822783499562589,EXP_DEnsembleModel_Alpha158_csi300_custom_step0_s_20260525_15,6d4c07b0e8674e6080690bb2473f0dee,0.08,,,
1026,2026-05-25,SZ002001,0.158423571336424,EXP_DEnsembleModel_Alpha158_csi300_custom_step0_s_20260525_15,6d4c07b0e8674e6080690bb2473f0dee,0.08,,,
1027,2026-05-25,SZ001979,0.15660603701367648,EXP_DEnsembleModel_Alpha158_csi300_custom_step0_s_20260525_15,6d4c07b0e8674e6080690bb2473f0dee,0.08,,,
1028,2026-05-25,SZ002352,-0.002330756369230968,EXP_DEnsembleModel_Alpha158_csi300_custom_step0_s_20260525_15,6d4c07b0e8674e6080690bb2473f0dee,0.08,,,
1029,2026-05-25,SZ001391,-0.015701371098203402,EXP_DEnsembleModel_Alpha158_csi300_custom_step0_s_20260525_15,6d4c07b0e8674e6080690bb2473f0dee,0.08,,,
1030,2026-05-25,SZ002371,-0.1310844182157941,EXP_DEnsembleModel_Alpha158_csi300_custom_step0_s_20260525_15,6d4c07b0e8674e6080690bb2473f0dee,0.08,,,
1031,2026-05-25,SZ002415,0.029921013429591244,EXP_DEnsembleModel_Alpha158_csi300_custom_step0_s_20260525_15,6d4c07b0e8674e6080690bb2473f0dee,0.08,,,
1032,2026-05-25,SZ002736,-0.07348725009514842,EXP_DEnsembleModel_Alpha158_csi300_custom_step0_s_20260525_15,6d4c07b0e8674e6080690bb2473f0dee,0.08,,,
1033,2026-05-25,SZ002714,0.03413677277994971,EXP_DEnsembleModel_Alpha158_csi300_custom_step0_s_20260525_15,6d4c07b0e8674e6080690bb2473f0dee,0.08,,,
1034,2026-05-25,SZ002709,0.16070895588013145,EXP_DEnsembleModel_Alpha158_csi300_custom_step0_s_20260525_15,6d4c07b0e8674e6080690bb2473f0dee,0.08,,,
1035,2026-05-25,SZ002648,0.1718119115636287,EXP_DEnsembleModel_Alpha158_csi300_custom_step0_s_20260525_15,6d4c07b0e8674e6080690bb2473f0dee,0.08,,,
1036,2026-05-25,SZ002625,0.027735875431084123,EXP_DEnsembleModel_Alpha158_csi300_custom_step0_s_20260525_15,6d4c07b0e8674e6080690bb2473f0dee,0.08,,,
1037,2026-05-25,SZ002601,0.07376385282813706,EXP_DEnsembleModel_Alpha158_csi300_custom_step0_s_20260525_15,6d4c07b0e8674e6080690bb2473f0dee,0.08,,,
1038,2026-05-25,SZ002600,-0.008863759722604,EXP_DEnsembleModel_Alpha158_csi300_custom_step0_s_20260525_15,6d4c07b0e8674e6080690bb2473f0dee,0.08,,,
1039,2026-05-25,SZ002594,0.01614725530770986,EXP_DEnsembleModel_Alpha158_csi300_custom_step0_s_20260525_15,6d4c07b0e8674e6080690bb2473f0dee,0.08,,,
1040,2026-05-25,SZ002493,0.28847404832505735,EXP_DEnsembleModel_Alpha158_csi300_custom_step0_s_20260525_15,6d4c07b0e8674e6080690bb2473f0dee,0.08,,,
1041,2026-05-25,SZ002475,-0.0021186724159499644,EXP_DEnsembleModel_Alpha158_csi300_custom_step0_s_20260525_15,6d4c07b0e8674e6080690bb2473f0dee,0.08,,,
1042,2026-05-25,SZ002466,0.101663756552686,EXP_DEnsembleModel_Alpha158_csi300_custom_step0_s_20260525_15,6d4c07b0e8674e6080690bb2473f0dee,0.08,,,
1043,2026-05-25,SZ002463,-0.03640231369471578,EXP_DEnsembleModel_Alpha158_csi300_custom_step0_s_20260525_15,6d4c07b0e8674e6080690bb2473f0dee,0.08,,,
1044,2026-05-25,SZ002460,0.1545644377978057,EXP_DEnsembleModel_Alpha158_csi300_custom_step0_s_20260525_15,6d4c07b0e8674e6080690bb2473f0dee,0.08,,,
1045,2026-05-25,SZ002459,0.13755078635197152,EXP_DEnsembleModel_Alpha158_csi300_custom_step0_s_20260525_15,6d4c07b0e8674e6080690bb2473f0dee,0.08,,,
1046,2026-05-25,SZ002422,-0.007559166527888469,EXP_DEnsembleModel_Alpha158_csi300_custom_step0_s_20260525_15,6d4c07b0e8674e6080690bb2473f0dee,0.08,,,
1047,2026-05-25,SZ002384,-0.008602533843266256,EXP_DEnsembleModel_Alpha158_csi300_custom_step0_s_20260525_15,6d4c07b0e8674e6080690bb2473f0dee,0.08,,,
1048,2026-05-25,SH600000,-0.14148058449174497,EXP_DEnsembleModel_Alpha158_csi300_custom_step0_s_20260525_15,6d4c07b0e8674e6080690bb2473f0dee,0.08,,,
1049,2026-05-25,SH601919,-0.06549387154998389,EXP_DEnsembleModel_Alpha158_csi300_custom_step0_s_20260525_15,6d4c07b0e8674e6080690bb2473f0dee,0.08,,,
1050,2026-05-25,SH601901,0.06415319363823695,EXP_DEnsembleModel_Alpha158_csi300_custom_step0_s_20260525_15,6d4c07b0e8674e6080690bb2473f0dee,0.08,,,
1051,2026-05-25,SH600547,0.1452227725124322,EXP_DEnsembleModel_Alpha158_csi300_custom_step0_s_20260525_15,6d4c07b0e8674e6080690bb2473f0dee,0.08,,,
1052,2026-05-25,SH600522,0.33664668102343925,EXP_DEnsembleModel_Alpha158_csi300_custom_step0_s_20260525_15,6d4c07b0e8674e6080690bb2473f0dee,0.08,,,
1053,2026-05-25,SH600519,-0.05828753733175991,EXP_DEnsembleModel_Alpha158_csi300_custom_step0_s_20260525_15,6d4c07b0e8674e6080690bb2473f0dee,0.08,,,
1054,2026-05-25,SH600515,-0.03580348864232728,EXP_DEnsembleModel_Alpha158_csi300_custom_step0_s_20260525_15,6d4c07b0e8674e6080690bb2473f0dee,0.08,,,
1055,2026-05-25,SH600489,0.012857951417553058,EXP_DEnsembleModel_Alpha158_csi300_custom_step0_s_20260525_15,6d4c07b0e8674e6080690bb2473f0dee,0.08,,,
1056,2026-05-25,SH600482,-0.05165269609509787,EXP_DEnsembleModel_Alpha158_csi300_custom_step0_s_20260525_15,6d4c07b0e8674e6080690bb2473f0dee,0.08,,,
1057,2026-05-25,SH600570,0.09190251119273311,EXP_DEnsembleModel_Alpha158_csi300_custom_step0_s_20260525_15,6d4c07b0e8674e6080690bb2473f0dee,0.08,,,
1058,2026-05-25,SH600460,0.22437623795787764,EXP_DEnsembleModel_Alpha158_csi300_custom_step0_s_20260525_15,6d4c07b0e8674e6080690bb2473f0dee,0.08,,,
1059,2026-05-25,SH600436,0.016538449022548727,EXP_DEnsembleModel_Alpha158_csi300_custom_step0_s_20260525_15,6d4c07b0e8674e6080690bb2473f0dee,0.08,,,
1060,2026-05-25,SH600426,0.20294322621839825,EXP_DEnsembleModel_Alpha158_csi300_custom_step0_s_20260525_15,6d4c07b0e8674e6080690bb2473f0dee,0.08,,,
1061,2026-05-25,SH600415,-0.021745993443901362,EXP_DEnsembleModel_Alpha158_csi300_custom_step0_s_20260525_15,6d4c07b0e8674e6080690bb2473f0dee,0.08,,,
1062,2026-05-25,SH600406,0.03345348050532668,EXP_DEnsembleModel_Alpha158_csi300_custom_step0_s_20260525_15,6d4c07b0e8674e6080690bb2473f0dee,0.08,,,
1063,2026-05-25,SH600377,0.08127158277867534,EXP_DEnsembleModel_Alpha158_csi300_custom_step0_s_20260525_15,6d4c07b0e8674e6080690bb2473f0dee,0.08,,,
1064,2026-05-25,SH600372,0.01327165358445439,EXP_DEnsembleModel_Alpha158_csi300_custom_step0_s_20260525_15,6d4c07b0e8674e6080690bb2473f0dee,0.08,,,
1065,2026-05-25,SH600438,0.04482359086044194,EXP_DEnsembleModel_Alpha158_csi300_custom_step0_s_20260525_15,6d4c07b0e8674e6080690bb2473f0dee,0.08,,,
1066,2026-05-25,SH600584,-0.1253687157631569,EXP_DEnsembleModel_Alpha158_csi300_custom_step0_s_20260525_15,6d4c07b0e8674e6080690bb2473f0dee,0.08,,,
1067,2026-05-25,SH600585,0.00183126202686864,EXP_DEnsembleModel_Alpha158_csi300_custom_step0_s_20260525_15,6d4c07b0e8674e6080690bb2473f0dee,0.08,,,
1068,2026-05-25,SH600588,0.1343998704842856,EXP_DEnsembleModel_Alpha158_csi300_custom_step0_s_20260525_15,6d4c07b0e8674e6080690bb2473f0dee,0.08,,,
1069,2026-05-25,SH600900,-0.020427426477193023,EXP_DEnsembleModel_Alpha158_csi300_custom_step0_s_20260525_15,6d4c07b0e8674e6080690bb2473f0dee,0.08,,,
1070,2026-05-25,SH600893,0.06417566343396149,EXP_DEnsembleModel_Alpha158_csi300_custom_step0_s_20260525_15,6d4c07b0e8674e6080690bb2473f0dee,0.08,,,
1071,2026-05-25,SH600887,0.0017833472780260748,EXP_DEnsembleModel_Alpha158_csi300_custom_step0_s_20260525_15,6d4c07b0e8674e6080690bb2473f0dee,0.08,,,
1072,2026-05-25,SH600886,-0.035633296437197794,EXP_DEnsembleModel_Alpha158_csi300_custom_step0_s_20260525_15,6d4c07b0e8674e6080690bb2473f0dee,0.08,,,
1073,2026-05-25,SH600875,-0.02233286898719865,EXP_DEnsembleModel_Alpha158_csi300_custom_step0_s_20260525_15,6d4c07b0e8674e6080690bb2473f0dee,0.08,,,
1074,2026-05-25,SH600845,-0.008248265750369958,EXP_DEnsembleModel_Alpha158_csi300_custom_step0_s_20260525_15,6d4c07b0e8674e6080690bb2473f0dee,0.08,,,
1075,2026-05-25,SH600809,0.056757812338537855,EXP_DEnsembleModel_Alpha158_csi300_custom_step0_s_20260525_15,6d4c07b0e8674e6080690bb2473f0dee,0.08,,,
1076,2026-05-25,SH600803,0.017985017476931292,EXP_DEnsembleModel_Alpha158_csi300_custom_step0_s_20260525_15,6d4c07b0e8674e6080690bb2473f0dee,0.08,,,
1077,2026-05-25,SH600795,-0.0018180112618169859,EXP_DEnsembleModel_Alpha158_csi300_custom_step0_s_20260525_15,6d4c07b0e8674e6080690bb2473f0dee,0.08,,,
1078,2026-05-25,SH600760,-0.013672179849814045,EXP_DEnsembleModel_Alpha158_csi300_custom_step0_s_20260525_15,6d4c07b0e8674e6080690bb2473f0dee,0.08,,,
1079,2026-05-25,SH600741,-0.01717799417178979,EXP_DEnsembleModel_Alpha158_csi300_custom_step0_s_20260525_15,6d4c07b0e8674e6080690bb2473f0dee,0.08,,,
1080,2026-05-25,SH600690,-0.048261141695115424,EXP_DEnsembleModel_Alpha158_csi300_custom_step0_s_20260525_15,6d4c07b0e8674e6080690bb2473f0dee,0.08,,,
1081,2026-05-25,SH600674,0.046155942759620525,EXP_DEnsembleModel_Alpha158_csi300_custom_step0_s_20260525_15,6d4c07b0e8674e6080690bb2473f0dee,0.08,,,
1082,2026-05-25,SH600660,-0.07183171526215804,EXP_DEnsembleModel_Alpha158_csi300_custom_step0_s_20260525_15,6d4c07b0e8674e6080690bb2473f0dee,0.08,,,
1083,2026-05-25,SH600600,-0.1150114381307089,EXP_DEnsembleModel_Alpha158_csi300_custom_step0_s_20260525_15,6d4c07b0e8674e6080690bb2473f0dee,0.08,,,
1084,2026-05-25,SH600362,0.06644001539935533,EXP_DEnsembleModel_Alpha158_csi300_custom_step0_s_20260525_15,6d4c07b0e8674e6080690bb2473f0dee,0.08,,,
1085,2026-05-25,SH600346,0.17812321174452989,EXP_DEnsembleModel_Alpha158_csi300_custom_step0_s_20260525_15,6d4c07b0e8674e6080690bb2473f0dee,0.08,,,
1086,2026-05-25,SH600309,0.15310039446169335,EXP_DEnsembleModel_Alpha158_csi300_custom_step0_s_20260525_15,6d4c07b0e8674e6080690bb2473f0dee,0.08,,,
1087,2026-05-25,SH600276,-0.00950094356890662,EXP_DEnsembleModel_Alpha158_csi300_custom_step0_s_20260525_15,6d4c07b0e8674e6080690bb2473f0dee,0.08,,,
1088,2026-05-25,SH600036,-0.10102975220259582,EXP_DEnsembleModel_Alpha158_csi300_custom_step0_s_20260525_15,6d4c07b0e8674e6080690bb2473f0dee,0.08,,,
1089,2026-05-25,SH600031,0.05525504049479084,EXP_DEnsembleModel_Alpha158_csi300_custom_step0_s_20260525_15,6d4c07b0e8674e6080690bb2473f0dee,0.08,,,
1090,2026-05-25,SH600030,0.05805515989606149,EXP_DEnsembleModel_Alpha158_csi300_custom_step0_s_20260525_15,6d4c07b0e8674e6080690bb2473f0dee,0.08,,,
1091,2026-05-25,SH600029,0.06415880829807846,EXP_DEnsembleModel_Alpha158_csi300_custom_step0_s_20260525_15,6d4c07b0e8674e6080690bb2473f0dee,0.08,,,
1092,2026-05-25,SH600028,-0.002890355549675407,EXP_DEnsembleModel_Alpha158_csi300_custom_step0_s_20260525_15,6d4c07b0e8674e6080690bb2473f0dee,0.08,,,
1093,2026-05-25,SH600027,0.08620565047329719,EXP_DEnsembleModel_Alpha158_csi300_custom_step0_s_20260525_15,6d4c07b0e8674e6080690bb2473f0dee,0.08,,,
1094,2026-05-25,SH600026,0.10857355188106643,EXP_DEnsembleModel_Alpha158_csi300_custom_step0_s_20260525_15,6d4c07b0e8674e6080690bb2473f0dee,0.08,,,
1095,2026-05-25,SH600025,-0.04020351350642064,EXP_DEnsembleModel_Alpha158_csi300_custom_step0_s_20260525_15,6d4c07b0e8674e6080690bb2473f0dee,0.08,,,
1096,2026-05-25,SH600023,-0.16685381192394222,EXP_DEnsembleModel_Alpha158_csi300_custom_step0_s_20260525_15,6d4c07b0e8674e6080690bb2473f0dee,0.08,,,
1097,2026-05-25,SH600019,-0.035657808333440906,EXP_DEnsembleModel_Alpha158_csi300_custom_step0_s_20260525_15,6d4c07b0e8674e6080690bb2473f0dee,0.08,,,
1098,2026-05-25,SH600018,0.03310322040313466,EXP_DEnsembleModel_Alpha158_csi300_custom_step0_s_20260525_15,6d4c07b0e8674e6080690bb2473f0dee,0.08,,,
1099,2026-05-25,SH600016,-0.11821435224985806,EXP_DEnsembleModel_Alpha158_csi300_custom_step0_s_20260525_15,6d4c07b0e8674e6080690bb2473f0dee,0.08,,,
1100,2026-05-25,SH600015,-0.09341046541969508,EXP_DEnsembleModel_Alpha158_csi300_custom_step0_s_20260525_15,6d4c07b0e8674e6080690bb2473f0dee,0.08,,,
1101,2026-05-25,SH600011,0.05412905707936596,EXP_DEnsembleModel_Alpha158_csi300_custom_step0_s_20260525_15,6d4c07b0e8674e6080690bb2473f0dee,0.08,,,
1102,2026-05-25,SH600010,0.0673333788520904,EXP_DEnsembleModel_Alpha158_csi300_custom_step0_s_20260525_15,6d4c07b0e8674e6080690bb2473f0dee,0.08,,,
1103,2026-05-25,SH600039,-0.0892372604054966,EXP_DEnsembleModel_Alpha158_csi300_custom_step0_s_20260525_15,6d4c07b0e8674e6080690bb2473f0dee,0.08,,,
1104,2026-05-25,SH600905,0.028358677188780393,EXP_DEnsembleModel_Alpha158_csi300_custom_step0_s_20260525_15,6d4c07b0e8674e6080690bb2473f0dee,0.08,,,
1105,2026-05-25,SH600048,0.05441582810447953,EXP_DEnsembleModel_Alpha158_csi300_custom_step0_s_20260525_15,6d4c07b0e8674e6080690bb2473f0dee,0.08,,,
1106,2026-05-25,SH600061,-0.015075728979550842,EXP_DEnsembleModel_Alpha158_csi300_custom_step0_s_20260525_15,6d4c07b0e8674e6080690bb2473f0dee,0.08,,,
1107,2026-05-25,SH600233,0.057738391226786256,EXP_DEnsembleModel_Alpha158_csi300_custom_step0_s_20260525_15,6d4c07b0e8674e6080690bb2473f0dee,0.08,,,
1108,2026-05-25,SH600219,0.12291982165566248,EXP_DEnsembleModel_Alpha158_csi300_custom_step0_s_20260525_15,6d4c07b0e8674e6080690bb2473f0dee,0.08,,,
1109,2026-05-25,SH600196,-0.035370263346076194,EXP_DEnsembleModel_Alpha158_csi300_custom_step0_s_20260525_15,6d4c07b0e8674e6080690bb2473f0dee,0.08,,,
1110,2026-05-25,SH600188,0.1367228488710259,EXP_DEnsembleModel_Alpha158_csi300_custom_step0_s_20260525_15,6d4c07b0e8674e6080690bb2473f0dee,0.08,,,
1111,2026-05-25,SH600183,-0.08757530928200905,EXP_DEnsembleModel_Alpha158_csi300_custom_step0_s_20260525_15,6d4c07b0e8674e6080690bb2473f0dee,0.08,,,
1112,2026-05-25,SH600176,0.009096347692078033,EXP_DEnsembleModel_Alpha158_csi300_custom_step0_s_20260525_15,6d4c07b0e8674e6080690bb2473f0dee,0.08,,,
1113,2026-05-25,SH600161,-0.10317085957795999,EXP_DEnsembleModel_Alpha158_csi300_custom_step0_s_20260525_15,6d4c07b0e8674e6080690bb2473f0dee,0.08,,,
1114,2026-05-25,SH600160,-0.04799742938802077,EXP_DEnsembleModel_Alpha158_csi300_custom_step0_s_20260525_15,6d4c07b0e8674e6080690bb2473f0dee,0.08,,,
1115,2026-05-25,SH600150,0.3038220576436654,EXP_DEnsembleModel_Alpha158_csi300_custom_step0_s_20260525_15,6d4c07b0e8674e6080690bb2473f0dee,0.08,,,
1116,2026-05-25,SH600115,0.08942675740859864,EXP_DEnsembleModel_Alpha158_csi300_custom_step0_s_20260525_15,6d4c07b0e8674e6080690bb2473f0dee,0.08,,,
1117,2026-05-25,SH600111,0.035909929235951314,EXP_DEnsembleModel_Alpha158_csi300_custom_step0_s_20260525_15,6d4c07b0e8674e6080690bb2473f0dee,0.08,,,
1118,2026-05-25,SH600104,-0.029744508881933304,EXP_DEnsembleModel_Alpha158_csi300_custom_step0_s_20260525_15,6d4c07b0e8674e6080690bb2473f0dee,0.08,,,
1119,2026-05-25,SH600089,0.003821196088574045,EXP_DEnsembleModel_Alpha158_csi300_custom_step0_s_20260525_15,6d4c07b0e8674e6080690bb2473f0dee,0.08,,,
1120,2026-05-25,SH600085,-0.04440303533538417,EXP_DEnsembleModel_Alpha158_csi300_custom_step0_s_20260525_15,6d4c07b0e8674e6080690bb2473f0dee,0.08,,,
1121,2026-05-25,SH600066,0.07463690332858251,EXP_DEnsembleModel_Alpha158_csi300_custom_step0_s_20260525_15,6d4c07b0e8674e6080690bb2473f0dee,0.08,,,
1122,2026-05-25,SH600050,-0.0607832652969439,EXP_DEnsembleModel_Alpha158_csi300_custom_step0_s_20260525_15,6d4c07b0e8674e6080690bb2473f0dee,0.08,,,
1123,2026-05-25,SH601916,-0.022664812432684475,EXP_DEnsembleModel_Alpha158_csi300_custom_step0_s_20260525_15,6d4c07b0e8674e6080690bb2473f0dee,0.08,,,
1124,2026-05-25,SH600918,-0.04001786905032345,EXP_DEnsembleModel_Alpha158_csi300_custom_step0_s_20260525_15,6d4c07b0e8674e6080690bb2473f0dee,0.08,,,
1125,2026-05-25,SH600926,-0.026381795085393487,EXP_DEnsembleModel_Alpha158_csi300_custom_step0_s_20260525_15,6d4c07b0e8674e6080690bb2473f0dee,0.08,,,
1126,2026-05-25,SH601689,0.12462446359196264,EXP_DEnsembleModel_Alpha158_csi300_custom_step0_s_20260525_15,6d4c07b0e8674e6080690bb2473f0dee,0.08,,,
1127,2026-05-25,SH601688,0.02691379694265181,EXP_DEnsembleModel_Alpha158_csi300_custom_step0_s_20260525_15,6d4c07b0e8674e6080690bb2473f0dee,0.08,,,
1128,2026-05-25,SH601669,0.026977884867541446,EXP_DEnsembleModel_Alpha158_csi300_custom_step0_s_20260525_15,6d4c07b0e8674e6080690bb2473f0dee,0.08,,,
1129,2026-05-25,SH601668,-0.07250679252182089,EXP_DEnsembleModel_Alpha158_csi300_custom_step0_s_20260525_15,6d4c07b0e8674e6080690bb2473f0dee,0.08,,,
1130,2026-05-25,SH601658,-0.04439255567755259,EXP_DEnsembleModel_Alpha158_csi300_custom_step0_s_20260525_15,6d4c07b0e8674e6080690bb2473f0dee,0.08,,,
1131,2026-05-25,SH601633,0.0340468876528825,EXP_DEnsembleModel_Alpha158_csi300_custom_step0_s_20260525_15,6d4c07b0e8674e6080690bb2473f0dee,0.08,,,
1132,2026-05-25,SH601698,0.02183992523955218,EXP_DEnsembleModel_Alpha158_csi300_custom_step0_s_20260525_15,6d4c07b0e8674e6080690bb2473f0dee,0.08,,,
1133,2026-05-25,SH601628,-0.015021555105247485,EXP_DEnsembleModel_Alpha158_csi300_custom_step0_s_20260525_15,6d4c07b0e8674e6080690bb2473f0dee,0.08,,,
1134,2026-05-25,SH601607,-0.08710409173748776,EXP_DEnsembleModel_Alpha158_csi300_custom_step0_s_20260525_15,6d4c07b0e8674e6080690bb2473f0dee,0.08,,,
1135,2026-05-25,SH601601,-0.06549213205473059,EXP_DEnsembleModel_Alpha158_csi300_custom_step0_s_20260525_15,6d4c07b0e8674e6080690bb2473f0dee,0.08,,,
1136,2026-05-25,SH601600,0.046263096700179154,EXP_DEnsembleModel_Alpha158_csi300_custom_step0_s_20260525_15,6d4c07b0e8674e6080690bb2473f0dee,0.08,,,
1137,2026-05-25,SH601456,-0.06120128456027014,EXP_DEnsembleModel_Alpha158_csi300_custom_step0_s_20260525_15,6d4c07b0e8674e6080690bb2473f0dee,0.08,,,
1138,2026-05-25,SH601398,-0.018272402373327386,EXP_DEnsembleModel_Alpha158_csi300_custom_step0_s_20260525_15,6d4c07b0e8674e6080690bb2473f0dee,0.08,,,
1139,2026-05-25,SH601390,-0.02494381442183393,EXP_DEnsembleModel_Alpha158_csi300_custom_step0_s_20260525_15,6d4c07b0e8674e6080690bb2473f0dee,0.08,,,
1140,2026-05-25,SH601618,0.07830668027051142,EXP_DEnsembleModel_Alpha158_csi300_custom_step0_s_20260525_15,6d4c07b0e8674e6080690bb2473f0dee,0.08,,,
1141,2026-05-25,SH601728,-0.050983493434561634,EXP_DEnsembleModel_Alpha158_csi300_custom_step0_s_20260525_15,6d4c07b0e8674e6080690bb2473f0dee,0.08,,,
1142,2026-05-25,SH601766,-0.07599019306382127,EXP_DEnsembleModel_Alpha158_csi300_custom_step0_s_20260525_15,6d4c07b0e8674e6080690bb2473f0dee,0.08,,,
1143,2026-05-25,SH601788,0.006622627153646361,EXP_DEnsembleModel_Alpha158_csi300_custom_step0_s_20260525_15,6d4c07b0e8674e6080690bb2473f0dee,0.08,,,
1144,2026-05-25,SH601899,0.038972443446560256,EXP_DEnsembleModel_Alpha158_csi300_custom_step0_s_20260525_15,6d4c07b0e8674e6080690bb2473f0dee,0.08,,,
1145,2026-05-25,SH601898,0.08648482602592729,EXP_DEnsembleModel_Alpha158_csi300_custom_step0_s_20260525_15,6d4c07b0e8674e6080690bb2473f0dee,0.08,,,
1146,2026-05-25,SH601888,-0.006657113778594569,EXP_DEnsembleModel_Alpha158_csi300_custom_step0_s_20260525_15,6d4c07b0e8674e6080690bb2473f0dee,0.08,,,
1147,2026-05-25,SH601881,-0.029146622590452153,EXP_DEnsembleModel_Alpha158_csi300_custom_step0_s_20260525_15,6d4c07b0e8674e6080690bb2473f0dee,0.08,,,
1148,2026-05-25,SH601878,0.014481656878715396,EXP_DEnsembleModel_Alpha158_csi300_custom_step0_s_20260525_15,6d4c07b0e8674e6080690bb2473f0dee,0.08,,,
1149,2026-05-25,SH601877,0.09800867335852284,EXP_DEnsembleModel_Alpha158_csi300_custom_step0_s_20260525_15,6d4c07b0e8674e6080690bb2473f0dee,0.08,,,
1150,2026-05-25,SH601872,0.02096717786679665,EXP_DEnsembleModel_Alpha158_csi300_custom_step0_s_20260525_15,6d4c07b0e8674e6080690bb2473f0dee,0.08,,,
1151,2026-05-25,SH601868,-0.032664855178908055,EXP_DEnsembleModel_Alpha158_csi300_custom_step0_s_20260525_15,6d4c07b0e8674e6080690bb2473f0dee,0.08,,,
1152,2026-05-25,SH601857,0.004874244505938288,EXP_DEnsembleModel_Alpha158_csi300_custom_step0_s_20260525_15,6d4c07b0e8674e6080690bb2473f0dee,0.08,,,
1153,2026-05-25,SH601838,-0.08773455793752347,EXP_DEnsembleModel_Alpha158_csi300_custom_step0_s_20260525_15,6d4c07b0e8674e6080690bb2473f0dee,0.08,,,
1154,2026-05-25,SH601825,-0.049622754738564506,EXP_DEnsembleModel_Alpha158_csi300_custom_step0_s_20260525_15,6d4c07b0e8674e6080690bb2473f0dee,0.08,,,
1155,2026-05-25,SH601818,-0.06799786924487233,EXP_DEnsembleModel_Alpha158_csi300_custom_step0_s_20260525_15,6d4c07b0e8674e6080690bb2473f0dee,0.08,,,
1156,2026-05-25,SH601816,-0.09152169862439,EXP_DEnsembleModel_Alpha158_csi300_custom_step0_s_20260525_15,6d4c07b0e8674e6080690bb2473f0dee,0.08,,,
1157,2026-05-25,SH601808,0.024626159660343372,EXP_DEnsembleModel_Alpha158_csi300_custom_step0_s_20260525_15,6d4c07b0e8674e6080690bb2473f0dee,0.08,,,
1158,2026-05-25,SH601800,-0.0013601832968351652,EXP_DEnsembleModel_Alpha158_csi300_custom_step0_s_20260525_15,6d4c07b0e8674e6080690bb2473f0dee,0.08,,,
1159,2026-05-25,SH601377,-0.012344466401481229,EXP_DEnsembleModel_Alpha158_csi300_custom_step0_s_20260525_15,6d4c07b0e8674e6080690bb2473f0dee,0.08,,,
1160,2026-05-25,SH601360,0.1494014320355158,EXP_DEnsembleModel_Alpha158_csi300_custom_step0_s_20260525_15,6d4c07b0e8674e6080690bb2473f0dee,0.08,,,
1161,2026-05-25,SH601336,-0.00543389264463233,EXP_DEnsembleModel_Alpha158_csi300_custom_step0_s_20260525_15,6d4c07b0e8674e6080690bb2473f0dee,0.08,,,
1162,2026-05-25,SH601328,-0.07924044880133976,EXP_DEnsembleModel_Alpha158_csi300_custom_step0_s_20260525_15,6d4c07b0e8674e6080690bb2473f0dee,0.08,,,
1163,2026-05-25,SH601077,-0.02680374694628783,EXP_DEnsembleModel_Alpha158_csi300_custom_step0_s_20260525_15,6d4c07b0e8674e6080690bb2473f0dee,0.08,,,
1164,2026-05-25,SH601066,0.06357007816842827,EXP_DEnsembleModel_Alpha158_csi300_custom_step0_s_20260525_15,6d4c07b0e8674e6080690bb2473f0dee,0.08,,,
1165,2026-05-25,SH601059,-0.004246672863563167,EXP_DEnsembleModel_Alpha158_csi300_custom_step0_s_20260525_15,6d4c07b0e8674e6080690bb2473f0dee,0.08,,,
1166,2026-05-25,SH601058,-5.000989098584951e-06,EXP_DEnsembleModel_Alpha158_csi300_custom_step0_s_20260525_15,6d4c07b0e8674e6080690bb2473f0dee,0.08,,,
1167,2026-05-25,SH601021,-0.016527691310508876,EXP_DEnsembleModel_Alpha158_csi300_custom_step0_s_20260525_15,6d4c07b0e8674e6080690bb2473f0dee,0.08,,,
1168,2026-05-25,SH601018,-0.09977281803888031,EXP_DEnsembleModel_Alpha158_csi300_custom_step0_s_20260525_15,6d4c07b0e8674e6080690bb2473f0dee,0.08,,,
1169,2026-05-25,SH601012,0.07855582786069963,EXP_DEnsembleModel_Alpha158_csi300_custom_step0_s_20260525_15,6d4c07b0e8674e6080690bb2473f0dee,0.08,,,
1170,2026-05-25,SH601009,-0.07751612520291885,EXP_DEnsembleModel_Alpha158_csi300_custom_step0_s_20260525_15,6d4c07b0e8674e6080690bb2473f0dee,0.08,,,
1171,2026-05-25,SH601006,-0.02314945698886044,EXP_DEnsembleModel_Alpha158_csi300_custom_step0_s_20260525_15,6d4c07b0e8674e6080690bb2473f0dee,0.08,,,
1172,2026-05-25,SH600999,0.029170428825176307,EXP_DEnsembleModel_Alpha158_csi300_custom_step0_s_20260525_15,6d4c07b0e8674e6080690bb2473f0dee,0.08,,,
1173,2026-05-25,SH600989,0.12041278125543246,EXP_DEnsembleModel_Alpha158_csi300_custom_step0_s_20260525_15,6d4c07b0e8674e6080690bb2473f0dee,0.08,,,
1174,2026-05-25,SH600958,0.06938543983989565,EXP_DEnsembleModel_Alpha158_csi300_custom_step0_s_20260525_15,6d4c07b0e8674e6080690bb2473f0dee,0.08,,,
1175,2026-05-25,SH600941,0.005223340187367445,EXP_DEnsembleModel_Alpha158_csi300_custom_step0_s_20260525_15,6d4c07b0e8674e6080690bb2473f0dee,0.08,,,
1176,2026-05-25,SH600938,0.020978352048086683,EXP_DEnsembleModel_Alpha158_csi300_custom_step0_s_20260525_15,6d4c07b0e8674e6080690bb2473f0dee,0.08,,,
1177,2026-05-25,SH600930,0.018138417122791867,EXP_DEnsembleModel_Alpha158_csi300_custom_step0_s_20260525_15,6d4c07b0e8674e6080690bb2473f0dee,0.08,,,
1178,2026-05-25,SH601088,0.05362458888428959,EXP_DEnsembleModel_Alpha158_csi300_custom_step0_s_20260525_15,6d4c07b0e8674e6080690bb2473f0dee,0.08,,,
1179,2026-05-25,SH600919,0.002505411171066217,EXP_DEnsembleModel_Alpha158_csi300_custom_step0_s_20260525_15,6d4c07b0e8674e6080690bb2473f0dee,0.08,,,
1180,2026-05-25,SH601100,0.06856077721770903,EXP_DEnsembleModel_Alpha158_csi300_custom_step0_s_20260525_15,6d4c07b0e8674e6080690bb2473f0dee,0.08,,,
1181,2026-05-25,SH601117,0.0021530922603218406,EXP_DEnsembleModel_Alpha158_csi300_custom_step0_s_20260525_15,6d4c07b0e8674e6080690bb2473f0dee,0.08,,,
1182,2026-05-25,SH601319,-0.005411465373336673,EXP_DEnsembleModel_Alpha158_csi300_custom_step0_s_20260525_15,6d4c07b0e8674e6080690bb2473f0dee,0.08,,,
1183,2026-05-25,SH601318,-0.05627767828607596,EXP_DEnsembleModel_Alpha158_csi300_custom_step0_s_20260525_15,6d4c07b0e8674e6080690bb2473f0dee,0.08,,,
1184,2026-05-25,SH601298,0.015892565213704718,EXP_DEnsembleModel_Alpha158_csi300_custom_step0_s_20260525_15,6d4c07b0e8674e6080690bb2473f0dee,0.08,,,
1185,2026-05-25,SH601288,-0.037830169129554024,EXP_DEnsembleModel_Alpha158_csi300_custom_step0_s_20260525_15,6d4c07b0e8674e6080690bb2473f0dee,0.08,,,
1186,2026-05-25,SH601238,-0.02357372132520471,EXP_DEnsembleModel_Alpha158_csi300_custom_step0_s_20260525_15,6d4c07b0e8674e6080690bb2473f0dee,0.08,,,
1187,2026-05-25,SH601236,-0.023941187321372383,EXP_DEnsembleModel_Alpha158_csi300_custom_step0_s_20260525_15,6d4c07b0e8674e6080690bb2473f0dee,0.08,,,
1188,2026-05-25,SH601229,-0.07830660773678468,EXP_DEnsembleModel_Alpha158_csi300_custom_step0_s_20260525_15,6d4c07b0e8674e6080690bb2473f0dee,0.08,,,
1189,2026-05-25,SH601225,0.03731870037031804,EXP_DEnsembleModel_Alpha158_csi300_custom_step0_s_20260525_15,6d4c07b0e8674e6080690bb2473f0dee,0.08,,,
1190,2026-05-25,SH601211,-0.07257249462492478,EXP_DEnsembleModel_Alpha158_csi300_custom_step0_s_20260525_15,6d4c07b0e8674e6080690bb2473f0dee,0.08,,,
1191,2026-05-25,SH601186,-0.07830984840077704,EXP_DEnsembleModel_Alpha158_csi300_custom_step0_s_20260525_15,6d4c07b0e8674e6080690bb2473f0dee,0.08,,,
1192,2026-05-25,SH601169,-0.10263193559944157,EXP_DEnsembleModel_Alpha158_csi300_custom_step0_s_20260525_15,6d4c07b0e8674e6080690bb2473f0dee,0.08,,,
1193,2026-05-25,SH601166,-0.056351009038245775,EXP_DEnsembleModel_Alpha158_csi300_custom_step0_s_20260525_15,6d4c07b0e8674e6080690bb2473f0dee,0.08,,,
1194,2026-05-25,SH601138,-0.016159314031738373,EXP_DEnsembleModel_Alpha158_csi300_custom_step0_s_20260525_15,6d4c07b0e8674e6080690bb2473f0dee,0.08,,,
1195,2026-05-25,SH601136,0.01652691931019416,EXP_DEnsembleModel_Alpha158_csi300_custom_step0_s_20260525_15,6d4c07b0e8674e6080690bb2473f0dee,0.08,,,
1196,2026-05-25,SH601127,-0.0748613709400578,EXP_DEnsembleModel_Alpha158_csi300_custom_step0_s_20260525_15,6d4c07b0e8674e6080690bb2473f0dee,0.08,,,
1197,2026-05-25,SH601111,-0.020196551311611823,EXP_DEnsembleModel_Alpha158_csi300_custom_step0_s_20260525_15,6d4c07b0e8674e6080690bb2473f0dee,0.08,,,
1198,2026-05-25,SH600009,-0.03424832240615996,EXP_DEnsembleModel_Alpha158_csi300_custom_step0_s_20260525_15,455e266aa1544bfc838d0ba193a2d79d,0.069,,,
1199,2026-05-25,SZ302132,-0.1130601316690445,EXP_LinearModel_Alpha158_csi300_custom_step0_s_20260525_15,97d6a682cf0142849727448c2353b16e,0.085,,,
1200,2026-05-25,SH600009,-0.02063307911157608,EXP_LinearModel_Alpha158_csi300_custom_step0_s_20260525_15,3b76d19853984fd283ea76d7fa70766b,0.02,,,
1201,2026-05-25,SZ000596,-0.028435010462999344,EXP_XGBModel_Alpha158_csi300_custom_step0_s_20260525_15,7ee0bec6bc1a45059f7da14067f8305a,0.055,,,
1202,2026-05-25,SZ000568,-0.026852337643504143,EXP_XGBModel_Alpha158_csi300_custom_step0_s_20260525_15,7ee0bec6bc1a45059f7da14067f8305a,0.055,,,
1203,2026-05-25,SZ000538,0.010628104209899902,EXP_XGBModel_Alpha158_csi300_custom_step0_s_20260525_15,7ee0bec6bc1a45059f7da14067f8305a,0.055,,,
1204,2026-05-25,SZ000425,-0.03812173381447792,EXP_XGBModel_Alpha158_csi300_custom_step0_s_20260525_15,7ee0bec6bc1a45059f7da14067f8305a,0.055,,,
1205,2026-05-25,SZ000408,-0.026318136602640152,EXP_XGBModel_Alpha158_csi300_custom_step0_s_20260525_15,7ee0bec6bc1a45059f7da14067f8305a,0.055,,,
1206,2026-05-25,SZ000338,0.046296533197164536,EXP_XGBModel_Alpha158_csi300_custom_step0_s_20260525_15,7ee0bec6bc1a45059f7da14067f8305a,0.055,,,
1207,2026-05-25,SZ000617,-0.00964286457747221,EXP_XGBModel_Alpha158_csi300_custom_step0_s_20260525_15,7ee0bec6bc1a45059f7da14067f8305a,0.055,,,
1208,2026-05-25,SZ000333,0.023310886695981026,EXP_XGBModel_Alpha158_csi300_custom_step0_s_20260525_15,7ee0bec6bc1a45059f7da14067f8305a,0.055,,,
1209,2026-05-25,SZ000166,-0.017617421224713326,EXP_XGBModel_Alpha158_csi300_custom_step0_s_20260525_15,7ee0bec6bc1a45059f7da14067f8305a,0.055,,,
1210,2026-05-25,SZ000157,-0.04241567850112915,EXP_XGBModel_Alpha158_csi300_custom_step0_s_20260525_15,7ee0bec6bc1a45059f7da14067f8305a,0.055,,,
1211,2026-05-25,SZ000100,-0.01788984052836895,EXP_XGBModel_Alpha158_csi300_custom_step0_s_20260525_15,7ee0bec6bc1a45059f7da14067f8305a,0.055,,,
1212,2026-05-25,SZ000063,-0.0072344886139035225,EXP_XGBModel_Alpha158_csi300_custom_step0_s_20260525_15,7ee0bec6bc1a45059f7da14067f8305a,0.055,,,
1213,2026-05-25,SZ000002,-0.0403931550681591,EXP_XGBModel_Alpha158_csi300_custom_step0_s_20260525_15,7ee0bec6bc1a45059f7da14067f8305a,0.055,,,
1214,2026-05-25,SZ000001,-0.01399112306535244,EXP_XGBModel_Alpha158_csi300_custom_step0_s_20260525_15,7ee0bec6bc1a45059f7da14067f8305a,0.055,,,
1215,2026-05-25,SZ000301,-0.010841571725904942,EXP_XGBModel_Alpha158_csi300_custom_step0_s_20260525_15,7ee0bec6bc1a45059f7da14067f8305a,0.055,,,
1216,2026-05-25,SZ000625,-0.004290549550205469,EXP_XGBModel_Alpha158_csi300_custom_step0_s_20260525_15,7ee0bec6bc1a45059f7da14067f8305a,0.055,,,
1217,2026-05-25,SZ000630,-0.009287454187870026,EXP_XGBModel_Alpha158_csi300_custom_step0_s_20260525_15,7ee0bec6bc1a45059f7da14067f8305a,0.055,,,
1218,2026-05-25,SZ000651,-0.011603533290326595,EXP_XGBModel_Alpha158_csi300_custom_step0_s_20260525_15,7ee0bec6bc1a45059f7da14067f8305a,0.055,,,
1219,2026-05-25,SZ000977,-0.030701350420713425,EXP_XGBModel_Alpha158_csi300_custom_step0_s_20260525_15,7ee0bec6bc1a45059f7da14067f8305a,0.055,,,
1220,2026-05-25,SZ000975,-0.04888654872775078,EXP_XGBModel_Alpha158_csi300_custom_step0_s_20260525_15,7ee0bec6bc1a45059f7da14067f8305a,0.055,,,
1221,2026-05-25,SZ000963,0.002793175633996725,EXP_XGBModel_Alpha158_csi300_custom_step0_s_20260525_15,7ee0bec6bc1a45059f7da14067f8305a,0.055,,,
1222,2026-05-25,SZ000938,-0.014377310872077942,EXP_XGBModel_Alpha158_csi300_custom_step0_s_20260525_15,7ee0bec6bc1a45059f7da14067f8305a,0.055,,,
1223,2026-05-25,SZ000895,0.011735095642507076,EXP_XGBModel_Alpha158_csi300_custom_step0_s_20260525_15,7ee0bec6bc1a45059f7da14067f8305a,0.055,,,
1224,2026-05-25,SZ000876,-0.004233717918395996,EXP_XGBModel_Alpha158_csi300_custom_step0_s_20260525_15,7ee0bec6bc1a45059f7da14067f8305a,0.055,,,
1225,2026-05-25,SZ000858,-0.012034132145345211,EXP_XGBModel_Alpha158_csi300_custom_step0_s_20260525_15,7ee0bec6bc1a45059f7da14067f8305a,0.055,,,
1226,2026-05-25,SZ000807,0.0038100823294371367,EXP_XGBModel_Alpha158_csi300_custom_step0_s_20260525_15,7ee0bec6bc1a45059f7da14067f8305a,0.055,,,
1227,2026-05-25,SZ000792,-0.032244712114334106,EXP_XGBModel_Alpha158_csi300_custom_step0_s_20260525_15,7ee0bec6bc1a45059f7da14067f8305a,0.055,,,
1228,2026-05-25,SZ000786,-0.04141871631145477,EXP_XGBModel_Alpha158_csi300_custom_step0_s_20260525_15,7ee0bec6bc1a45059f7da14067f8305a,0.055,,,
1229,2026-05-25,SZ000776,-0.022609693929553032,EXP_XGBModel_Alpha158_csi300_custom_step0_s_20260525_15,7ee0bec6bc1a45059f7da14067f8305a,0.055,,,
1230,2026-05-25,SZ000768,-0.03772277384996414,EXP_XGBModel_Alpha158_csi300_custom_step0_s_20260525_15,7ee0bec6bc1a45059f7da14067f8305a,0.055,,,
1231,2026-05-25,SZ000725,0.06823897361755371,EXP_XGBModel_Alpha158_csi300_custom_step0_s_20260525_15,7ee0bec6bc1a45059f7da14067f8305a,0.055,,,
1232,2026-05-25,SZ000708,-0.009789914824068546,EXP_XGBModel_Alpha158_csi300_custom_step0_s_20260525_15,7ee0bec6bc1a45059f7da14067f8305a,0.055,,,
1233,2026-05-25,SZ000661,-0.034559011459350586,EXP_XGBModel_Alpha158_csi300_custom_step0_s_20260525_15,7ee0bec6bc1a45059f7da14067f8305a,0.055,,,
1234,2026-05-25,SH688981,0.17310719192028046,EXP_XGBModel_Alpha158_csi300_custom_step0_s_20260525_15,7ee0bec6bc1a45059f7da14067f8305a,0.055,,,
1235,2026-05-25,SH688506,0.0013317711418494582,EXP_XGBModel_Alpha158_csi300_custom_step0_s_20260525_15,7ee0bec6bc1a45059f7da14067f8305a,0.055,,,
1236,2026-05-25,SH688472,-0.039524879306554794,EXP_XGBModel_Alpha158_csi300_custom_step0_s_20260525_15,7ee0bec6bc1a45059f7da14067f8305a,0.055,,,
1237,2026-05-25,SH688396,0.09098397195339203,EXP_XGBModel_Alpha158_csi300_custom_step0_s_20260525_15,7ee0bec6bc1a45059f7da14067f8305a,0.055,,,
1238,2026-05-25,SH603893,-0.032518334686756134,EXP_XGBModel_Alpha158_csi300_custom_step0_s_20260525_15,7ee0bec6bc1a45059f7da14067f8305a,0.055,,,
1239,2026-05-25,SH603799,-0.032502371817827225,EXP_XGBModel_Alpha158_csi300_custom_step0_s_20260525_15,7ee0bec6bc1a45059f7da14067f8305a,0.055,,,
1240,2026-05-25,SH603501,-0.03914500027894974,EXP_XGBModel_Alpha158_csi300_custom_step0_s_20260525_15,7ee0bec6bc1a45059f7da14067f8305a,0.055,,,
1241,2026-05-25,SH603392,-0.07999653369188309,EXP_XGBModel_Alpha158_csi300_custom_step0_s_20260525_15,7ee0bec6bc1a45059f7da14067f8305a,0.055,,,
1242,2026-05-25,SH603369,-0.009581062942743301,EXP_XGBModel_Alpha158_csi300_custom_step0_s_20260525_15,7ee0bec6bc1a45059f7da14067f8305a,0.055,,,
1243,2026-05-25,SH603296,-0.029868267476558685,EXP_XGBModel_Alpha158_csi300_custom_step0_s_20260525_15,7ee0bec6bc1a45059f7da14067f8305a,0.055,,,
1244,2026-05-25,SH603288,-0.03417756035923958,EXP_XGBModel_Alpha158_csi300_custom_step0_s_20260525_15,7ee0bec6bc1a45059f7da14067f8305a,0.055,,,
1245,2026-05-25,SH603260,-0.026086151599884033,EXP_XGBModel_Alpha158_csi300_custom_step0_s_20260525_15,7ee0bec6bc1a45059f7da14067f8305a,0.055,,,
1246,2026-05-25,SH603259,-0.0146564319729805,EXP_XGBModel_Alpha158_csi300_custom_step0_s_20260525_15,7ee0bec6bc1a45059f7da14067f8305a,0.055,,,
1247,2026-05-25,SH603195,0.021568458527326584,EXP_XGBModel_Alpha158_csi300_custom_step0_s_20260525_15,7ee0bec6bc1a45059f7da14067f8305a,0.055,,,
1248,2026-05-25,SH603019,-0.032257307320833206,EXP_XGBModel_Alpha158_csi300_custom_step0_s_20260525_15,7ee0bec6bc1a45059f7da14067f8305a,0.055,,,
1249,2026-05-25,SH601998,0.0012651152210310102,EXP_XGBModel_Alpha158_csi300_custom_step0_s_20260525_15,7ee0bec6bc1a45059f7da14067f8305a,0.055,,,
1250,2026-05-25,SH601995,0.046599503606557846,EXP_XGBModel_Alpha158_csi300_custom_step0_s_20260525_15,7ee0bec6bc1a45059f7da14067f8305a,0.055,,,
1251,2026-05-25,SH601988,0.08502627164125443,EXP_XGBModel_Alpha158_csi300_custom_step0_s_20260525_15,7ee0bec6bc1a45059f7da14067f8305a,0.055,,,
1252,2026-05-25,SH601985,-0.039498526602983475,EXP_XGBModel_Alpha158_csi300_custom_step0_s_20260525_15,7ee0bec6bc1a45059f7da14067f8305a,0.055,,,
1253,2026-05-25,SH603986,-0.3050958216190338,EXP_XGBModel_Alpha158_csi300_custom_step0_s_20260525_15,7ee0bec6bc1a45059f7da14067f8305a,0.055,,,
1254,2026-05-25,SZ000983,-0.02218618243932724,EXP_XGBModel_Alpha158_csi300_custom_step0_s_20260525_15,7ee0bec6bc1a45059f7da14067f8305a,0.055,,,
1255,2026-05-25,SH603993,-0.06743959337472916,EXP_XGBModel_Alpha158_csi300_custom_step0_s_20260525_15,7ee0bec6bc1a45059f7da14067f8305a,0.055,,,
1256,2026-05-25,SH605499,-0.01286978367716074,EXP_XGBModel_Alpha158_csi300_custom_step0_s_20260525_15,7ee0bec6bc1a45059f7da14067f8305a,0.055,,,
1257,2026-05-25,SH688303,-0.02197069302201271,EXP_XGBModel_Alpha158_csi300_custom_step0_s_20260525_15,7ee0bec6bc1a45059f7da14067f8305a,0.055,,,
1258,2026-05-25,SH688271,-0.04466819390654564,EXP_XGBModel_Alpha158_csi300_custom_step0_s_20260525_15,7ee0bec6bc1a45059f7da14067f8305a,0.055,,,
1259,2026-05-25,SH688256,-0.12687784433364868,EXP_XGBModel_Alpha158_csi300_custom_step0_s_20260525_15,7ee0bec6bc1a45059f7da14067f8305a,0.055,,,
1260,2026-05-25,SH688223,-0.05049380660057068,EXP_XGBModel_Alpha158_csi300_custom_step0_s_20260525_15,7ee0bec6bc1a45059f7da14067f8305a,0.055,,,
1261,2026-05-25,SH688187,0.002458336064592004,EXP_XGBModel_Alpha158_csi300_custom_step0_s_20260525_15,7ee0bec6bc1a45059f7da14067f8305a,0.055,,,
1262,2026-05-25,SH688169,-0.06139356642961502,EXP_XGBModel_Alpha158_csi300_custom_step0_s_20260525_15,7ee0bec6bc1a45059f7da14067f8305a,0.055,,,
1263,2026-05-25,SH688126,-0.313128799200058,EXP_XGBModel_Alpha158_csi300_custom_step0_s_20260525_15,7ee0bec6bc1a45059f7da14067f8305a,0.055,,,
1264,2026-05-25,SH688111,-0.030642742291092873,EXP_XGBModel_Alpha158_csi300_custom_step0_s_20260525_15,7ee0bec6bc1a45059f7da14067f8305a,0.055,,,
1265,2026-05-25,SH688082,-0.6285976767539978,EXP_XGBModel_Alpha158_csi300_custom_step0_s_20260525_15,7ee0bec6bc1a45059f7da14067f8305a,0.055,,,
1266,2026-05-25,SH688047,-0.029441947117447853,EXP_XGBModel_Alpha158_csi300_custom_step0_s_20260525_15,7ee0bec6bc1a45059f7da14067f8305a,0.055,,,
1267,2026-05-25,SH688041,-0.12053379416465759,EXP_XGBModel_Alpha158_csi300_custom_step0_s_20260525_15,7ee0bec6bc1a45059f7da14067f8305a,0.055,,,
1268,2026-05-25,SH688036,-0.11539801955223083,EXP_XGBModel_Alpha158_csi300_custom_step0_s_20260525_15,7ee0bec6bc1a45059f7da14067f8305a,0.055,,,
1269,2026-05-25,SH688012,-0.06370564550161362,EXP_XGBModel_Alpha158_csi300_custom_step0_s_20260525_15,7ee0bec6bc1a45059f7da14067f8305a,0.055,,,
1270,2026-05-25,SH688009,-0.08068496733903885,EXP_XGBModel_Alpha158_csi300_custom_step0_s_20260525_15,7ee0bec6bc1a45059f7da14067f8305a,0.055,,,
1271,2026-05-25,SH688008,-0.41334235668182373,EXP_XGBModel_Alpha158_csi300_custom_step0_s_20260525_15,7ee0bec6bc1a45059f7da14067f8305a,0.055,,,
1272,2026-05-25,SH605117,-0.06504417955875397,EXP_XGBModel_Alpha158_csi300_custom_step0_s_20260525_15,7ee0bec6bc1a45059f7da14067f8305a,0.055,,,
1273,2026-05-25,SH601939,0.018011493608355522,EXP_XGBModel_Alpha158_csi300_custom_step0_s_20260525_15,7ee0bec6bc1a45059f7da14067f8305a,0.055,,,
1274,2026-05-25,SZ000999,0.00024606892839074135,EXP_XGBModel_Alpha158_csi300_custom_step0_s_20260525_15,7ee0bec6bc1a45059f7da14067f8305a,0.055,,,
1275,2026-05-25,SZ001965,0.04018571227788925,EXP_XGBModel_Alpha158_csi300_custom_step0_s_20260525_15,7ee0bec6bc1a45059f7da14067f8305a,0.055,,,
1276,2026-05-25,SZ300413,-0.02780815213918686,EXP_XGBModel_Alpha158_csi300_custom_step0_s_20260525_15,7ee0bec6bc1a45059f7da14067f8305a,0.055,,,
1277,2026-05-25,SZ300408,-0.1369263231754303,EXP_XGBModel_Alpha158_csi300_custom_step0_s_20260525_15,7ee0bec6bc1a45059f7da14067f8305a,0.055,,,
1278,2026-05-25,SZ300394,0.0475030355155468,EXP_XGBModel_Alpha158_csi300_custom_step0_s_20260525_15,7ee0bec6bc1a45059f7da14067f8305a,0.055,,,
1279,2026-05-25,SZ300347,-0.035031531006097794,EXP_XGBModel_Alpha158_csi300_custom_step0_s_20260525_15,7ee0bec6bc1a45059f7da14067f8305a,0.055,,,
1280,2026-05-25,SZ300316,0.16799341142177582,EXP_XGBModel_Alpha158_csi300_custom_step0_s_20260525_15,7ee0bec6bc1a45059f7da14067f8305a,0.055,,,
1281,2026-05-25,SZ300308,0.3349887728691101,EXP_XGBModel_Alpha158_csi300_custom_step0_s_20260525_15,7ee0bec6bc1a45059f7da14067f8305a,0.055,,,
1282,2026-05-25,SZ300418,-0.043733540922403336,EXP_XGBModel_Alpha158_csi300_custom_step0_s_20260525_15,7ee0bec6bc1a45059f7da14067f8305a,0.055,,,
1283,2026-05-25,SZ300274,0.026255687698721886,EXP_XGBModel_Alpha158_csi300_custom_step0_s_20260525_15,7ee0bec6bc1a45059f7da14067f8305a,0.055,,,
1284,2026-05-25,SZ300124,-0.007927931845188141,EXP_XGBModel_Alpha158_csi300_custom_step0_s_20260525_15,7ee0bec6bc1a45059f7da14067f8305a,0.055,,,
1285,2026-05-25,SZ300122,-0.09101150929927826,EXP_XGBModel_Alpha158_csi300_custom_step0_s_20260525_15,7ee0bec6bc1a45059f7da14067f8305a,0.055,,,
1286,2026-05-25,SZ300059,-0.032469410449266434,EXP_XGBModel_Alpha158_csi300_custom_step0_s_20260525_15,7ee0bec6bc1a45059f7da14067f8305a,0.055,,,
1287,2026-05-25,SZ300033,-0.04560210183262825,EXP_XGBModel_Alpha158_csi300_custom_step0_s_20260525_15,7ee0bec6bc1a45059f7da14067f8305a,0.055,,,
1288,2026-05-25,SZ300015,-0.04382496699690819,EXP_XGBModel_Alpha158_csi300_custom_step0_s_20260525_15,7ee0bec6bc1a45059f7da14067f8305a,0.055,,,
1289,2026-05-25,SZ300014,-0.008917607367038727,EXP_XGBModel_Alpha158_csi300_custom_step0_s_20260525_15,7ee0bec6bc1a45059f7da14067f8305a,0.055,,,
1290,2026-05-25,SZ300251,-0.06711535155773163,EXP_XGBModel_Alpha158_csi300_custom_step0_s_20260525_15,7ee0bec6bc1a45059f7da14067f8305a,0.055,,,
1291,2026-05-25,SZ300433,0.2978217601776123,EXP_XGBModel_Alpha158_csi300_custom_step0_s_20260525_15,7ee0bec6bc1a45059f7da14067f8305a,0.055,,,
1292,2026-05-25,SZ300442,-0.07108768820762634,EXP_XGBModel_Alpha158_csi300_custom_step0_s_20260525_15,7ee0bec6bc1a45059f7da14067f8305a,0.055,,,
1293,2026-05-25,SZ300476,-0.2752457857131958,EXP_XGBModel_Alpha158_csi300_custom_step0_s_20260525_15,7ee0bec6bc1a45059f7da14067f8305a,0.055,,,
1294,2026-05-25,SZ301236,-0.03541009500622749,EXP_XGBModel_Alpha158_csi300_custom_step0_s_20260525_15,7ee0bec6bc1a45059f7da14067f8305a,0.055,,,
1295,2026-05-25,SZ300999,-0.03501248359680176,EXP_XGBModel_Alpha158_csi300_custom_step0_s_20260525_15,7ee0bec6bc1a45059f7da14067f8305a,0.055,,,
1296,2026-05-25,SZ300979,-0.019541136920452118,EXP_XGBModel_Alpha158_csi300_custom_step0_s_20260525_15,7ee0bec6bc1a45059f7da14067f8305a,0.055,,,
1297,2026-05-25,SZ300896,-0.04082109406590462,EXP_XGBModel_Alpha158_csi300_custom_step0_s_20260525_15,7ee0bec6bc1a45059f7da14067f8305a,0.055,,,
1298,2026-05-25,SZ300866,0.014071780256927013,EXP_XGBModel_Alpha158_csi300_custom_step0_s_20260525_15,7ee0bec6bc1a45059f7da14067f8305a,0.055,,,
1299,2026-05-25,SZ300832,-0.025778625160455704,EXP_XGBModel_Alpha158_csi300_custom_step0_s_20260525_15,7ee0bec6bc1a45059f7da14067f8305a,0.055,,,
1300,2026-05-25,SZ300803,-0.05566567927598953,EXP_XGBModel_Alpha158_csi300_custom_step0_s_20260525_15,7ee0bec6bc1a45059f7da14067f8305a,0.055,,,
1301,2026-05-25,SZ300782,-0.04090869426727295,EXP_XGBModel_Alpha158_csi300_custom_step0_s_20260525_15,7ee0bec6bc1a45059f7da14067f8305a,0.055,,,
1302,2026-05-25,SZ300760,-0.035667456686496735,EXP_XGBModel_Alpha158_csi300_custom_step0_s_20260525_15,7ee0bec6bc1a45059f7da14067f8305a,0.055,,,
1303,2026-05-25,SZ300759,-0.011239860206842422,EXP_XGBModel_Alpha158_csi300_custom_step0_s_20260525_15,7ee0bec6bc1a45059f7da14067f8305a,0.055,,,
1304,2026-05-25,SZ300750,0.007379491813480854,EXP_XGBModel_Alpha158_csi300_custom_step0_s_20260525_15,7ee0bec6bc1a45059f7da14067f8305a,0.055,,,
1305,2026-05-25,SZ300661,-0.23329582810401917,EXP_XGBModel_Alpha158_csi300_custom_step0_s_20260525_15,7ee0bec6bc1a45059f7da14067f8305a,0.055,,,
1306,2026-05-25,SZ300628,-0.010972704738378525,EXP_XGBModel_Alpha158_csi300_custom_step0_s_20260525_15,7ee0bec6bc1a45059f7da14067f8305a,0.055,,,
1307,2026-05-25,SZ300502,-0.21852515637874603,EXP_XGBModel_Alpha158_csi300_custom_step0_s_20260525_15,7ee0bec6bc1a45059f7da14067f8305a,0.055,,,
1308,2026-05-25,SZ300498,-0.034341294318437576,EXP_XGBModel_Alpha158_csi300_custom_step0_s_20260525_15,7ee0bec6bc1a45059f7da14067f8305a,0.055,,,
1309,2026-05-25,SZ003816,-0.056382447481155396,EXP_XGBModel_Alpha158_csi300_custom_step0_s_20260525_15,7ee0bec6bc1a45059f7da14067f8305a,0.055,,,
1310,2026-05-25,SZ002938,-0.6792692542076111,EXP_XGBModel_Alpha158_csi300_custom_step0_s_20260525_15,7ee0bec6bc1a45059f7da14067f8305a,0.055,,,
1311,2026-05-25,SZ002920,-0.06974704563617706,EXP_XGBModel_Alpha158_csi300_custom_step0_s_20260525_15,7ee0bec6bc1a45059f7da14067f8305a,0.055,,,
1312,2026-05-25,SZ002916,-0.2098228931427002,EXP_XGBModel_Alpha158_csi300_custom_step0_s_20260525_15,7ee0bec6bc1a45059f7da14067f8305a,0.055,,,
1313,2026-05-25,SZ002311,-0.030942507088184357,EXP_XGBModel_Alpha158_csi300_custom_step0_s_20260525_15,7ee0bec6bc1a45059f7da14067f8305a,0.055,,,
1314,2026-05-25,SZ002304,-0.03235597163438797,EXP_XGBModel_Alpha158_csi300_custom_step0_s_20260525_15,7ee0bec6bc1a45059f7da14067f8305a,0.055,,,
1315,2026-05-25,SZ002252,-0.030660761520266533,EXP_XGBModel_Alpha158_csi300_custom_step0_s_20260525_15,7ee0bec6bc1a45059f7da14067f8305a,0.055,,,
1316,2026-05-25,SZ002241,0.018676912412047386,EXP_XGBModel_Alpha158_csi300_custom_step0_s_20260525_15,7ee0bec6bc1a45059f7da14067f8305a,0.055,,,
1317,2026-05-25,SZ002236,0.022730832919478416,EXP_XGBModel_Alpha158_csi300_custom_step0_s_20260525_15,7ee0bec6bc1a45059f7da14067f8305a,0.055,,,
1318,2026-05-25,SZ002230,-0.029264751821756363,EXP_XGBModel_Alpha158_csi300_custom_step0_s_20260525_15,7ee0bec6bc1a45059f7da14067f8305a,0.055,,,
1319,2026-05-25,SZ002179,-0.029063668102025986,EXP_XGBModel_Alpha158_csi300_custom_step0_s_20260525_15,7ee0bec6bc1a45059f7da14067f8305a,0.055,,,
1320,2026-05-25,SZ002142,0.02184077352285385,EXP_XGBModel_Alpha158_csi300_custom_step0_s_20260525_15,7ee0bec6bc1a45059f7da14067f8305a,0.055,,,
1321,2026-05-25,SZ002074,-0.020018232986330986,EXP_XGBModel_Alpha158_csi300_custom_step0_s_20260525_15,7ee0bec6bc1a45059f7da14067f8305a,0.055,,,
1322,2026-05-25,SZ002050,-0.01515146717429161,EXP_XGBModel_Alpha158_csi300_custom_step0_s_20260525_15,7ee0bec6bc1a45059f7da14067f8305a,0.055,,,
1323,2026-05-25,SZ002049,0.02204792946577072,EXP_XGBModel_Alpha158_csi300_custom_step0_s_20260525_15,7ee0bec6bc1a45059f7da14067f8305a,0.055,,,
1324,2026-05-25,SZ002028,-0.025591520592570305,EXP_XGBModel_Alpha158_csi300_custom_step0_s_20260525_15,7ee0bec6bc1a45059f7da14067f8305a,0.055,,,
1325,2026-05-25,SZ002027,-0.005561536643654108,EXP_XGBModel_Alpha158_csi300_custom_step0_s_20260525_15,7ee0bec6bc1a45059f7da14067f8305a,0.055,,,
1326,2026-05-25,SZ002001,-0.017369301989674568,EXP_XGBModel_Alpha158_csi300_custom_step0_s_20260525_15,7ee0bec6bc1a45059f7da14067f8305a,0.055,,,
1327,2026-05-25,SZ001979,-0.10907642543315887,EXP_XGBModel_Alpha158_csi300_custom_step0_s_20260525_15,7ee0bec6bc1a45059f7da14067f8305a,0.055,,,
1328,2026-05-25,SZ002352,0.026683520525693893,EXP_XGBModel_Alpha158_csi300_custom_step0_s_20260525_15,7ee0bec6bc1a45059f7da14067f8305a,0.055,,,
1329,2026-05-25,SZ001391,0.009542129002511501,EXP_XGBModel_Alpha158_csi300_custom_step0_s_20260525_15,7ee0bec6bc1a45059f7da14067f8305a,0.055,,,
1330,2026-05-25,SZ002371,-0.14642217755317688,EXP_XGBModel_Alpha158_csi300_custom_step0_s_20260525_15,7ee0bec6bc1a45059f7da14067f8305a,0.055,,,
1331,2026-05-25,SZ002415,-0.029949558898806572,EXP_XGBModel_Alpha158_csi300_custom_step0_s_20260525_15,7ee0bec6bc1a45059f7da14067f8305a,0.055,,,
1332,2026-05-25,SZ002736,-0.02125803753733635,EXP_XGBModel_Alpha158_csi300_custom_step0_s_20260525_15,7ee0bec6bc1a45059f7da14067f8305a,0.055,,,
1333,2026-05-25,SZ002714,-0.0139851663261652,EXP_XGBModel_Alpha158_csi300_custom_step0_s_20260525_15,7ee0bec6bc1a45059f7da14067f8305a,0.055,,,
1334,2026-05-25,SZ002709,-0.0066557032987475395,EXP_XGBModel_Alpha158_csi300_custom_step0_s_20260525_15,7ee0bec6bc1a45059f7da14067f8305a,0.055,,,
1335,2026-05-25,SZ002648,-0.027128925547003746,EXP_XGBModel_Alpha158_csi300_custom_step0_s_20260525_15,7ee0bec6bc1a45059f7da14067f8305a,0.055,,,
1336,2026-05-25,SZ002625,0.11735446006059647,EXP_XGBModel_Alpha158_csi300_custom_step0_s_20260525_15,7ee0bec6bc1a45059f7da14067f8305a,0.055,,,
1337,2026-05-25,SZ002601,-0.05182685703039169,EXP_XGBModel_Alpha158_csi300_custom_step0_s_20260525_15,7ee0bec6bc1a45059f7da14067f8305a,0.055,,,
1338,2026-05-25,SZ002600,-0.07701699435710907,EXP_XGBModel_Alpha158_csi300_custom_step0_s_20260525_15,7ee0bec6bc1a45059f7da14067f8305a,0.055,,,
1339,2026-05-25,SZ002594,-0.02233036980032921,EXP_XGBModel_Alpha158_csi300_custom_step0_s_20260525_15,7ee0bec6bc1a45059f7da14067f8305a,0.055,,,
1340,2026-05-25,SZ002493,-0.1387150138616562,EXP_XGBModel_Alpha158_csi300_custom_step0_s_20260525_15,7ee0bec6bc1a45059f7da14067f8305a,0.055,,,
1341,2026-05-25,SZ002475,-0.1026274561882019,EXP_XGBModel_Alpha158_csi300_custom_step0_s_20260525_15,7ee0bec6bc1a45059f7da14067f8305a,0.055,,,
1342,2026-05-25,SZ002466,-0.00967000238597393,EXP_XGBModel_Alpha158_csi300_custom_step0_s_20260525_15,7ee0bec6bc1a45059f7da14067f8305a,0.055,,,
1343,2026-05-25,SZ002463,-0.26106366515159607,EXP_XGBModel_Alpha158_csi300_custom_step0_s_20260525_15,7ee0bec6bc1a45059f7da14067f8305a,0.055,,,
1344,2026-05-25,SZ002460,-0.019822588190436363,EXP_XGBModel_Alpha158_csi300_custom_step0_s_20260525_15,7ee0bec6bc1a45059f7da14067f8305a,0.055,,,
1345,2026-05-25,SZ002459,-0.031240351498126984,EXP_XGBModel_Alpha158_csi300_custom_step0_s_20260525_15,7ee0bec6bc1a45059f7da14067f8305a,0.055,,,
1346,2026-05-25,SZ002422,-0.02321319840848446,EXP_XGBModel_Alpha158_csi300_custom_step0_s_20260525_15,7ee0bec6bc1a45059f7da14067f8305a,0.055,,,
1347,2026-05-25,SZ002384,0.055378254503011703,EXP_XGBModel_Alpha158_csi300_custom_step0_s_20260525_15,7ee0bec6bc1a45059f7da14067f8305a,0.055,,,
1348,2026-05-25,SZ301269,0.003112180856987834,EXP_XGBModel_Alpha158_csi300_custom_step0_s_20260525_15,7ee0bec6bc1a45059f7da14067f8305a,0.055,,,
1349,2026-05-25,SH601919,0.002650223672389984,EXP_XGBModel_Alpha158_csi300_custom_step0_s_20260525_15,7ee0bec6bc1a45059f7da14067f8305a,0.055,,,
1350,2026-05-25,SH601901,0.042830098420381546,EXP_XGBModel_Alpha158_csi300_custom_step0_s_20260525_15,7ee0bec6bc1a45059f7da14067f8305a,0.055,,,
1351,2026-05-25,SH600547,0.004685191437602043,EXP_XGBModel_Alpha158_csi300_custom_step0_s_20260525_15,7ee0bec6bc1a45059f7da14067f8305a,0.055,,,
1352,2026-05-25,SH600522,0.1937670111656189,EXP_XGBModel_Alpha158_csi300_custom_step0_s_20260525_15,7ee0bec6bc1a45059f7da14067f8305a,0.055,,,
1353,2026-05-25,SH600519,0.00031597045017406344,EXP_XGBModel_Alpha158_csi300_custom_step0_s_20260525_15,7ee0bec6bc1a45059f7da14067f8305a,0.055,,,
1354,2026-05-25,SH600515,-0.0327678881585598,EXP_XGBModel_Alpha158_csi300_custom_step0_s_20260525_15,7ee0bec6bc1a45059f7da14067f8305a,0.055,,,
1355,2026-05-25,SH600489,-0.04447942227125168,EXP_XGBModel_Alpha158_csi300_custom_step0_s_20260525_15,7ee0bec6bc1a45059f7da14067f8305a,0.055,,,
1356,2026-05-25,SH600482,-0.058311767876148224,EXP_XGBModel_Alpha158_csi300_custom_step0_s_20260525_15,7ee0bec6bc1a45059f7da14067f8305a,0.055,,,
1357,2026-05-25,SH600570,-0.016132652759552002,EXP_XGBModel_Alpha158_csi300_custom_step0_s_20260525_15,7ee0bec6bc1a45059f7da14067f8305a,0.055,,,
1358,2026-05-25,SH600460,0.0037616670597344637,EXP_XGBModel_Alpha158_csi300_custom_step0_s_20260525_15,7ee0bec6bc1a45059f7da14067f8305a,0.055,,,
1359,2026-05-25,SH600436,-0.01934599131345749,EXP_XGBModel_Alpha158_csi300_custom_step0_s_20260525_15,7ee0bec6bc1a45059f7da14067f8305a,0.055,,,
1360,2026-05-25,SH600426,0.11528731882572174,EXP_XGBModel_Alpha158_csi300_custom_step0_s_20260525_15,7ee0bec6bc1a45059f7da14067f8305a,0.055,,,
1361,2026-05-25,SH600415,-0.06783012300729752,EXP_XGBModel_Alpha158_csi300_custom_step0_s_20260525_15,7ee0bec6bc1a45059f7da14067f8305a,0.055,,,
1362,2026-05-25,SH600406,-0.03210699185729027,EXP_XGBModel_Alpha158_csi300_custom_step0_s_20260525_15,7ee0bec6bc1a45059f7da14067f8305a,0.055,,,
1363,2026-05-25,SH600377,0.051024191081523895,EXP_XGBModel_Alpha158_csi300_custom_step0_s_20260525_15,7ee0bec6bc1a45059f7da14067f8305a,0.055,,,
1364,2026-05-25,SH600372,-0.042949650436639786,EXP_XGBModel_Alpha158_csi300_custom_step0_s_20260525_15,7ee0bec6bc1a45059f7da14067f8305a,0.055,,,
1365,2026-05-25,SH600438,-0.021082846447825432,EXP_XGBModel_Alpha158_csi300_custom_step0_s_20260525_15,7ee0bec6bc1a45059f7da14067f8305a,0.055,,,
1366,2026-05-25,SH600584,-0.1622237265110016,EXP_XGBModel_Alpha158_csi300_custom_step0_s_20260525_15,7ee0bec6bc1a45059f7da14067f8305a,0.055,,,
1367,2026-05-25,SH600585,-0.019689347594976425,EXP_XGBModel_Alpha158_csi300_custom_step0_s_20260525_15,7ee0bec6bc1a45059f7da14067f8305a,0.055,,,
1368,2026-05-25,SH600588,-0.03364517167210579,EXP_XGBModel_Alpha158_csi300_custom_step0_s_20260525_15,7ee0bec6bc1a45059f7da14067f8305a,0.055,,,
1369,2026-05-25,SH600900,0.05075123533606529,EXP_XGBModel_Alpha158_csi300_custom_step0_s_20260525_15,7ee0bec6bc1a45059f7da14067f8305a,0.055,,,
1370,2026-05-25,SH600893,-0.06767020374536514,EXP_XGBModel_Alpha158_csi300_custom_step0_s_20260525_15,7ee0bec6bc1a45059f7da14067f8305a,0.055,,,
1371,2026-05-25,SH600887,0.0012714223703369498,EXP_XGBModel_Alpha158_csi300_custom_step0_s_20260525_15,7ee0bec6bc1a45059f7da14067f8305a,0.055,,,
1372,2026-05-25,SH600886,0.04469186067581177,EXP_XGBModel_Alpha158_csi300_custom_step0_s_20260525_15,7ee0bec6bc1a45059f7da14067f8305a,0.055,,,
1373,2026-05-25,SH600875,-0.04358857870101929,EXP_XGBModel_Alpha158_csi300_custom_step0_s_20260525_15,7ee0bec6bc1a45059f7da14067f8305a,0.055,,,
1374,2026-05-25,SH600845,-0.020598743110895157,EXP_XGBModel_Alpha158_csi300_custom_step0_s_20260525_15,7ee0bec6bc1a45059f7da14067f8305a,0.055,,,
1375,2026-05-25,SH600809,-0.03683408349752426,EXP_XGBModel_Alpha158_csi300_custom_step0_s_20260525_15,7ee0bec6bc1a45059f7da14067f8305a,0.055,,,
1376,2026-05-25,SH600803,-0.06570406258106232,EXP_XGBModel_Alpha158_csi300_custom_step0_s_20260525_15,7ee0bec6bc1a45059f7da14067f8305a,0.055,,,
1377,2026-05-25,SH600795,0.017507050186395645,EXP_XGBModel_Alpha158_csi300_custom_step0_s_20260525_15,7ee0bec6bc1a45059f7da14067f8305a,0.055,,,
1378,2026-05-25,SH600760,-0.08512905240058899,EXP_XGBModel_Alpha158_csi300_custom_step0_s_20260525_15,7ee0bec6bc1a45059f7da14067f8305a,0.055,,,
1379,2026-05-25,SH600741,-0.0020037388894706964,EXP_XGBModel_Alpha158_csi300_custom_step0_s_20260525_15,7ee0bec6bc1a45059f7da14067f8305a,0.055,,,
1380,2026-05-25,SH600690,-0.04621119424700737,EXP_XGBModel_Alpha158_csi300_custom_step0_s_20260525_15,7ee0bec6bc1a45059f7da14067f8305a,0.055,,,
1381,2026-05-25,SH600674,-0.020847925916314125,EXP_XGBModel_Alpha158_csi300_custom_step0_s_20260525_15,7ee0bec6bc1a45059f7da14067f8305a,0.055,,,
1382,2026-05-25,SH600660,-0.01588406041264534,EXP_XGBModel_Alpha158_csi300_custom_step0_s_20260525_15,7ee0bec6bc1a45059f7da14067f8305a,0.055,,,
1383,2026-05-25,SH600600,0.03522901237010956,EXP_XGBModel_Alpha158_csi300_custom_step0_s_20260525_15,7ee0bec6bc1a45059f7da14067f8305a,0.055,,,
1384,2026-05-25,SH600362,-0.05543378368020058,EXP_XGBModel_Alpha158_csi300_custom_step0_s_20260525_15,7ee0bec6bc1a45059f7da14067f8305a,0.055,,,
1385,2026-05-25,SH600346,0.004563264083117247,EXP_XGBModel_Alpha158_csi300_custom_step0_s_20260525_15,7ee0bec6bc1a45059f7da14067f8305a,0.055,,,
1386,2026-05-25,SH600309,0.0018719459185376763,EXP_XGBModel_Alpha158_csi300_custom_step0_s_20260525_15,7ee0bec6bc1a45059f7da14067f8305a,0.055,,,
1387,2026-05-25,SH600276,-0.008222869597375393,EXP_XGBModel_Alpha158_csi300_custom_step0_s_20260525_15,7ee0bec6bc1a45059f7da14067f8305a,0.055,,,
1388,2026-05-25,SH600036,0.015549956820905209,EXP_XGBModel_Alpha158_csi300_custom_step0_s_20260525_15,7ee0bec6bc1a45059f7da14067f8305a,0.055,,,
1389,2026-05-25,SH600031,-0.029140442609786987,EXP_XGBModel_Alpha158_csi300_custom_step0_s_20260525_15,7ee0bec6bc1a45059f7da14067f8305a,0.055,,,
1390,2026-05-25,SH600030,-0.014181236736476421,EXP_XGBModel_Alpha158_csi300_custom_step0_s_20260525_15,7ee0bec6bc1a45059f7da14067f8305a,0.055,,,
1391,2026-05-25,SH600029,-0.0366172194480896,EXP_XGBModel_Alpha158_csi300_custom_step0_s_20260525_15,7ee0bec6bc1a45059f7da14067f8305a,0.055,,,
1392,2026-05-25,SH600028,-0.025890206918120384,EXP_XGBModel_Alpha158_csi300_custom_step0_s_20260525_15,7ee0bec6bc1a45059f7da14067f8305a,0.055,,,
1393,2026-05-25,SH600027,-0.02835884317755699,EXP_XGBModel_Alpha158_csi300_custom_step0_s_20260525_15,7ee0bec6bc1a45059f7da14067f8305a,0.055,,,
1394,2026-05-25,SH600026,0.0032389042899012566,EXP_XGBModel_Alpha158_csi300_custom_step0_s_20260525_15,7ee0bec6bc1a45059f7da14067f8305a,0.055,,,
1395,2026-05-25,SH600025,-0.02492392063140869,EXP_XGBModel_Alpha158_csi300_custom_step0_s_20260525_15,7ee0bec6bc1a45059f7da14067f8305a,0.055,,,
1396,2026-05-25,SH600023,-0.08239597827196121,EXP_XGBModel_Alpha158_csi300_custom_step0_s_20260525_15,7ee0bec6bc1a45059f7da14067f8305a,0.055,,,
1397,2026-05-25,SH600019,-0.023280160501599312,EXP_XGBModel_Alpha158_csi300_custom_step0_s_20260525_15,7ee0bec6bc1a45059f7da14067f8305a,0.055,,,
1398,2026-05-25,SH600018,0.06657786667346954,EXP_XGBModel_Alpha158_csi300_custom_step0_s_20260525_15,7ee0bec6bc1a45059f7da14067f8305a,0.055,,,
1399,2026-05-25,SH600016,0.009228534996509552,EXP_XGBModel_Alpha158_csi300_custom_step0_s_20260525_15,7ee0bec6bc1a45059f7da14067f8305a,0.055,,,
1400,2026-05-25,SH600015,0.011972449719905853,EXP_XGBModel_Alpha158_csi300_custom_step0_s_20260525_15,7ee0bec6bc1a45059f7da14067f8305a,0.055,,,
1401,2026-05-25,SH600011,-0.02873496524989605,EXP_XGBModel_Alpha158_csi300_custom_step0_s_20260525_15,7ee0bec6bc1a45059f7da14067f8305a,0.055,,,
1402,2026-05-25,SH600010,-0.03360111266374588,EXP_XGBModel_Alpha158_csi300_custom_step0_s_20260525_15,7ee0bec6bc1a45059f7da14067f8305a,0.055,,,
1403,2026-05-25,SH600039,0.026782598346471786,EXP_XGBModel_Alpha158_csi300_custom_step0_s_20260525_15,7ee0bec6bc1a45059f7da14067f8305a,0.055,,,
1404,2026-05-25,SH600905,0.013510093092918396,EXP_XGBModel_Alpha158_csi300_custom_step0_s_20260525_15,7ee0bec6bc1a45059f7da14067f8305a,0.055,,,
1405,2026-05-25,SH600048,-0.06979233771562576,EXP_XGBModel_Alpha158_csi300_custom_step0_s_20260525_15,7ee0bec6bc1a45059f7da14067f8305a,0.055,,,
1406,2026-05-25,SH600061,-0.02459726110100746,EXP_XGBModel_Alpha158_csi300_custom_step0_s_20260525_15,7ee0bec6bc1a45059f7da14067f8305a,0.055,,,
1407,2026-05-25,SH600233,-0.00044399272883310914,EXP_XGBModel_Alpha158_csi300_custom_step0_s_20260525_15,7ee0bec6bc1a45059f7da14067f8305a,0.055,,,
1408,2026-05-25,SH600219,0.008034799247980118,EXP_XGBModel_Alpha158_csi300_custom_step0_s_20260525_15,7ee0bec6bc1a45059f7da14067f8305a,0.055,,,
1409,2026-05-25,SH600196,-0.012069505639374256,EXP_XGBModel_Alpha158_csi300_custom_step0_s_20260525_15,7ee0bec6bc1a45059f7da14067f8305a,0.055,,,
1410,2026-05-25,SH600188,-0.024947000667452812,EXP_XGBModel_Alpha158_csi300_custom_step0_s_20260525_15,7ee0bec6bc1a45059f7da14067f8305a,0.055,,,
1411,2026-05-25,SH600183,-0.6855003237724304,EXP_XGBModel_Alpha158_csi300_custom_step0_s_20260525_15,7ee0bec6bc1a45059f7da14067f8305a,0.055,,,
1412,2026-05-25,SH600176,-0.02334243431687355,EXP_XGBModel_Alpha158_csi300_custom_step0_s_20260525_15,7ee0bec6bc1a45059f7da14067f8305a,0.055,,,
1413,2026-05-25,SH600161,-0.031928472220897675,EXP_XGBModel_Alpha158_csi300_custom_step0_s_20260525_15,7ee0bec6bc1a45059f7da14067f8305a,0.055,,,
1414,2026-05-25,SH600160,-0.02431323193013668,EXP_XGBModel_Alpha158_csi300_custom_step0_s_20260525_15,7ee0bec6bc1a45059f7da14067f8305a,0.055,,,
1415,2026-05-25,SH600150,-0.02790432795882225,EXP_XGBModel_Alpha158_csi300_custom_step0_s_20260525_15,7ee0bec6bc1a45059f7da14067f8305a,0.055,,,
1416,2026-05-25,SH600115,-0.04133603721857071,EXP_XGBModel_Alpha158_csi300_custom_step0_s_20260525_15,7ee0bec6bc1a45059f7da14067f8305a,0.055,,,
1417,2026-05-25,SH600111,-0.04684068635106087,EXP_XGBModel_Alpha158_csi300_custom_step0_s_20260525_15,7ee0bec6bc1a45059f7da14067f8305a,0.055,,,
1418,2026-05-25,SH600104,-0.004346632398664951,EXP_XGBModel_Alpha158_csi300_custom_step0_s_20260525_15,7ee0bec6bc1a45059f7da14067f8305a,0.055,,,
1419,2026-05-25,SH600089,-0.03309096768498421,EXP_XGBModel_Alpha158_csi300_custom_step0_s_20260525_15,7ee0bec6bc1a45059f7da14067f8305a,0.055,,,
1420,2026-05-25,SH600085,-0.011684918776154518,EXP_XGBModel_Alpha158_csi300_custom_step0_s_20260525_15,7ee0bec6bc1a45059f7da14067f8305a,0.055,,,
1421,2026-05-25,SH600066,-0.023806793615221977,EXP_XGBModel_Alpha158_csi300_custom_step0_s_20260525_15,7ee0bec6bc1a45059f7da14067f8305a,0.055,,,
1422,2026-05-25,SH600050,-0.06693558394908905,EXP_XGBModel_Alpha158_csi300_custom_step0_s_20260525_15,7ee0bec6bc1a45059f7da14067f8305a,0.055,,,
1423,2026-05-25,SH601916,0.03775923699140549,EXP_XGBModel_Alpha158_csi300_custom_step0_s_20260525_15,7ee0bec6bc1a45059f7da14067f8305a,0.055,,,
1424,2026-05-25,SH600918,-0.015907999128103256,EXP_XGBModel_Alpha158_csi300_custom_step0_s_20260525_15,7ee0bec6bc1a45059f7da14067f8305a,0.055,,,
1425,2026-05-25,SH600926,0.016973787918686867,EXP_XGBModel_Alpha158_csi300_custom_step0_s_20260525_15,7ee0bec6bc1a45059f7da14067f8305a,0.055,,,
1426,2026-05-25,SH601689,-0.060951486229896545,EXP_XGBModel_Alpha158_csi300_custom_step0_s_20260525_15,7ee0bec6bc1a45059f7da14067f8305a,0.055,,,
1427,2026-05-25,SH601688,-0.03160712495446205,EXP_XGBModel_Alpha158_csi300_custom_step0_s_20260525_15,7ee0bec6bc1a45059f7da14067f8305a,0.055,,,
1428,2026-05-25,SH601669,-0.024028899148106575,EXP_XGBModel_Alpha158_csi300_custom_step0_s_20260525_15,7ee0bec6bc1a45059f7da14067f8305a,0.055,,,
1429,2026-05-25,SH601668,0.017622869461774826,EXP_XGBModel_Alpha158_csi300_custom_step0_s_20260525_15,7ee0bec6bc1a45059f7da14067f8305a,0.055,,,
1430,2026-05-25,SH601658,0.03853534534573555,EXP_XGBModel_Alpha158_csi300_custom_step0_s_20260525_15,7ee0bec6bc1a45059f7da14067f8305a,0.055,,,
1431,2026-05-25,SH601633,-0.01952463388442993,EXP_XGBModel_Alpha158_csi300_custom_step0_s_20260525_15,7ee0bec6bc1a45059f7da14067f8305a,0.055,,,
1432,2026-05-25,SH601698,-0.030501477420330048,EXP_XGBModel_Alpha158_csi300_custom_step0_s_20260525_15,7ee0bec6bc1a45059f7da14067f8305a,0.055,,,
1433,2026-05-25,SH601628,-0.06319815665483475,EXP_XGBModel_Alpha158_csi300_custom_step0_s_20260525_15,7ee0bec6bc1a45059f7da14067f8305a,0.055,,,
1434,2026-05-25,SH601607,0.019762905314564705,EXP_XGBModel_Alpha158_csi300_custom_step0_s_20260525_15,7ee0bec6bc1a45059f7da14067f8305a,0.055,,,
1435,2026-05-25,SH601601,-0.03283647447824478,EXP_XGBModel_Alpha158_csi300_custom_step0_s_20260525_15,7ee0bec6bc1a45059f7da14067f8305a,0.055,,,
1436,2026-05-25,SH601600,-0.0387854166328907,EXP_XGBModel_Alpha158_csi300_custom_step0_s_20260525_15,7ee0bec6bc1a45059f7da14067f8305a,0.055,,,
1437,2026-05-25,SH601456,-0.01735825464129448,EXP_XGBModel_Alpha158_csi300_custom_step0_s_20260525_15,7ee0bec6bc1a45059f7da14067f8305a,0.055,,,
1438,2026-05-25,SH601398,0.04298153519630432,EXP_XGBModel_Alpha158_csi300_custom_step0_s_20260525_15,7ee0bec6bc1a45059f7da14067f8305a,0.055,,,
1439,2026-05-25,SH601390,-0.003887348575517535,EXP_XGBModel_Alpha158_csi300_custom_step0_s_20260525_15,7ee0bec6bc1a45059f7da14067f8305a,0.055,,,
1440,2026-05-25,SH601618,-0.006213948130607605,EXP_XGBModel_Alpha158_csi300_custom_step0_s_20260525_15,7ee0bec6bc1a45059f7da14067f8305a,0.055,,,
1441,2026-05-25,SH601728,-0.016363298520445824,EXP_XGBModel_Alpha158_csi300_custom_step0_s_20260525_15,7ee0bec6bc1a45059f7da14067f8305a,0.055,,,
1442,2026-05-25,SH601766,-0.028088372200727463,EXP_XGBModel_Alpha158_csi300_custom_step0_s_20260525_15,7ee0bec6bc1a45059f7da14067f8305a,0.055,,,
1443,2026-05-25,SH601788,-0.04916251450777054,EXP_XGBModel_Alpha158_csi300_custom_step0_s_20260525_15,7ee0bec6bc1a45059f7da14067f8305a,0.055,,,
1444,2026-05-25,SH601899,-0.03509493172168732,EXP_XGBModel_Alpha158_csi300_custom_step0_s_20260525_15,7ee0bec6bc1a45059f7da14067f8305a,0.055,,,
1445,2026-05-25,SH601898,-0.0497579462826252,EXP_XGBModel_Alpha158_csi300_custom_step0_s_20260525_15,7ee0bec6bc1a45059f7da14067f8305a,0.055,,,
1446,2026-05-25,SH601888,-0.0388917401432991,EXP_XGBModel_Alpha158_csi300_custom_step0_s_20260525_15,7ee0bec6bc1a45059f7da14067f8305a,0.055,,,
1447,2026-05-25,SH601881,-0.03293818235397339,EXP_XGBModel_Alpha158_csi300_custom_step0_s_20260525_15,7ee0bec6bc1a45059f7da14067f8305a,0.055,,,
1448,2026-05-25,SH601878,-0.021200718358159065,EXP_XGBModel_Alpha158_csi300_custom_step0_s_20260525_15,7ee0bec6bc1a45059f7da14067f8305a,0.055,,,
1449,2026-05-25,SH601877,-0.03383524715900421,EXP_XGBModel_Alpha158_csi300_custom_step0_s_20260525_15,7ee0bec6bc1a45059f7da14067f8305a,0.055,,,
1450,2026-05-25,SH601872,0.07239365577697754,EXP_XGBModel_Alpha158_csi300_custom_step0_s_20260525_15,7ee0bec6bc1a45059f7da14067f8305a,0.055,,,
1451,2026-05-25,SH601868,-0.024238381534814835,EXP_XGBModel_Alpha158_csi300_custom_step0_s_20260525_15,7ee0bec6bc1a45059f7da14067f8305a,0.055,,,
1452,2026-05-25,SH601857,-0.05195245519280434,EXP_XGBModel_Alpha158_csi300_custom_step0_s_20260525_15,7ee0bec6bc1a45059f7da14067f8305a,0.055,,,
1453,2026-05-25,SH601838,0.04510321095585823,EXP_XGBModel_Alpha158_csi300_custom_step0_s_20260525_15,7ee0bec6bc1a45059f7da14067f8305a,0.055,,,
1454,2026-05-25,SH601825,0.03508297726511955,EXP_XGBModel_Alpha158_csi300_custom_step0_s_20260525_15,7ee0bec6bc1a45059f7da14067f8305a,0.055,,,
1455,2026-05-25,SH601818,0.04204658791422844,EXP_XGBModel_Alpha158_csi300_custom_step0_s_20260525_15,7ee0bec6bc1a45059f7da14067f8305a,0.055,,,
1456,2026-05-25,SH601816,0.010766962543129921,EXP_XGBModel_Alpha158_csi300_custom_step0_s_20260525_15,7ee0bec6bc1a45059f7da14067f8305a,0.055,,,
1457,2026-05-25,SH601808,-0.035082947462797165,EXP_XGBModel_Alpha158_csi300_custom_step0_s_20260525_15,7ee0bec6bc1a45059f7da14067f8305a,0.055,,,
1458,2026-05-25,SH601800,-0.016268426552414894,EXP_XGBModel_Alpha158_csi300_custom_step0_s_20260525_15,7ee0bec6bc1a45059f7da14067f8305a,0.055,,,
1459,2026-05-25,SH601377,-0.016922058537602425,EXP_XGBModel_Alpha158_csi300_custom_step0_s_20260525_15,7ee0bec6bc1a45059f7da14067f8305a,0.055,,,
1460,2026-05-25,SH601360,-0.008369877934455872,EXP_XGBModel_Alpha158_csi300_custom_step0_s_20260525_15,7ee0bec6bc1a45059f7da14067f8305a,0.055,,,
1461,2026-05-25,SH601336,-0.061482373625040054,EXP_XGBModel_Alpha158_csi300_custom_step0_s_20260525_15,7ee0bec6bc1a45059f7da14067f8305a,0.055,,,
1462,2026-05-25,SH601328,0.02587873861193657,EXP_XGBModel_Alpha158_csi300_custom_step0_s_20260525_15,7ee0bec6bc1a45059f7da14067f8305a,0.055,,,
1463,2026-05-25,SH601077,0.03380490094423294,EXP_XGBModel_Alpha158_csi300_custom_step0_s_20260525_15,7ee0bec6bc1a45059f7da14067f8305a,0.055,,,
1464,2026-05-25,SH601066,0.0020343554206192493,EXP_XGBModel_Alpha158_csi300_custom_step0_s_20260525_15,7ee0bec6bc1a45059f7da14067f8305a,0.055,,,
1465,2026-05-25,SH601059,0.06142565608024597,EXP_XGBModel_Alpha158_csi300_custom_step0_s_20260525_15,7ee0bec6bc1a45059f7da14067f8305a,0.055,,,
1466,2026-05-25,SH601058,-0.02419458143413067,EXP_XGBModel_Alpha158_csi300_custom_step0_s_20260525_15,7ee0bec6bc1a45059f7da14067f8305a,0.055,,,
1467,2026-05-25,SH601021,0.010159156285226345,EXP_XGBModel_Alpha158_csi300_custom_step0_s_20260525_15,7ee0bec6bc1a45059f7da14067f8305a,0.055,,,
1468,2026-05-25,SH601018,-0.010384089313447475,EXP_XGBModel_Alpha158_csi300_custom_step0_s_20260525_15,7ee0bec6bc1a45059f7da14067f8305a,0.055,,,
1469,2026-05-25,SH601012,-0.007242029067128897,EXP_XGBModel_Alpha158_csi300_custom_step0_s_20260525_15,7ee0bec6bc1a45059f7da14067f8305a,0.055,,,
1470,2026-05-25,SH601009,0.014499456621706486,EXP_XGBModel_Alpha158_csi300_custom_step0_s_20260525_15,7ee0bec6bc1a45059f7da14067f8305a,0.055,,,
1471,2026-05-25,SH601006,0.05554696545004845,EXP_XGBModel_Alpha158_csi300_custom_step0_s_20260525_15,7ee0bec6bc1a45059f7da14067f8305a,0.055,,,
1472,2026-05-25,SH600999,-0.012667795643210411,EXP_XGBModel_Alpha158_csi300_custom_step0_s_20260525_15,7ee0bec6bc1a45059f7da14067f8305a,0.055,,,
1473,2026-05-25,SH600989,-0.03978503495454788,EXP_XGBModel_Alpha158_csi300_custom_step0_s_20260525_15,7ee0bec6bc1a45059f7da14067f8305a,0.055,,,
1474,2026-05-25,SH600958,-0.01345532201230526,EXP_XGBModel_Alpha158_csi300_custom_step0_s_20260525_15,7ee0bec6bc1a45059f7da14067f8305a,0.055,,,
1475,2026-05-25,SH600941,-0.02642209082841873,EXP_XGBModel_Alpha158_csi300_custom_step0_s_20260525_15,7ee0bec6bc1a45059f7da14067f8305a,0.055,,,
1476,2026-05-25,SH600938,-0.04677848890423775,EXP_XGBModel_Alpha158_csi300_custom_step0_s_20260525_15,7ee0bec6bc1a45059f7da14067f8305a,0.055,,,
1477,2026-05-25,SH600930,-0.023005438968539238,EXP_XGBModel_Alpha158_csi300_custom_step0_s_20260525_15,7ee0bec6bc1a45059f7da14067f8305a,0.055,,,
1478,2026-05-25,SH601088,0.014912884682416916,EXP_XGBModel_Alpha158_csi300_custom_step0_s_20260525_15,7ee0bec6bc1a45059f7da14067f8305a,0.055,,,
1479,2026-05-25,SH600919,0.05378331243991852,EXP_XGBModel_Alpha158_csi300_custom_step0_s_20260525_15,7ee0bec6bc1a45059f7da14067f8305a,0.055,,,
1480,2026-05-25,SH601100,-0.03583882376551628,EXP_XGBModel_Alpha158_csi300_custom_step0_s_20260525_15,7ee0bec6bc1a45059f7da14067f8305a,0.055,,,
1481,2026-05-25,SH601117,-0.029801025986671448,EXP_XGBModel_Alpha158_csi300_custom_step0_s_20260525_15,7ee0bec6bc1a45059f7da14067f8305a,0.055,,,
1482,2026-05-25,SH601319,-0.032720137387514114,EXP_XGBModel_Alpha158_csi300_custom_step0_s_20260525_15,7ee0bec6bc1a45059f7da14067f8305a,0.055,,,
1483,2026-05-25,SH601318,-0.03862903639674187,EXP_XGBModel_Alpha158_csi300_custom_step0_s_20260525_15,7ee0bec6bc1a45059f7da14067f8305a,0.055,,,
1484,2026-05-25,SH601298,0.03802839294075966,EXP_XGBModel_Alpha158_csi300_custom_step0_s_20260525_15,7ee0bec6bc1a45059f7da14067f8305a,0.055,,,
1485,2026-05-25,SH601288,0.000954990042373538,EXP_XGBModel_Alpha158_csi300_custom_step0_s_20260525_15,7ee0bec6bc1a45059f7da14067f8305a,0.055,,,
1486,2026-05-25,SH601238,-0.01383195724338293,EXP_XGBModel_Alpha158_csi300_custom_step0_s_20260525_15,7ee0bec6bc1a45059f7da14067f8305a,0.055,,,
1487,2026-05-25,SH601236,-0.008590620011091232,EXP_XGBModel_Alpha158_csi300_custom_step0_s_20260525_15,7ee0bec6bc1a45059f7da14067f8305a,0.055,,,
1488,2026-05-25,SH601229,-0.012772376649081707,EXP_XGBModel_Alpha158_csi300_custom_step0_s_20260525_15,7ee0bec6bc1a45059f7da14067f8305a,0.055,,,
1489,2026-05-25,SH601225,-0.0069880117662250996,EXP_XGBModel_Alpha158_csi300_custom_step0_s_20260525_15,7ee0bec6bc1a45059f7da14067f8305a,0.055,,,
1490,2026-05-25,SH601211,-0.034870244562625885,EXP_XGBModel_Alpha158_csi300_custom_step0_s_20260525_15,7ee0bec6bc1a45059f7da14067f8305a,0.055,,,
1491,2026-05-25,SH601186,-0.011128246784210205,EXP_XGBModel_Alpha158_csi300_custom_step0_s_20260525_15,7ee0bec6bc1a45059f7da14067f8305a,0.055,,,
1492,2026-05-25,SH601169,0.017698651179671288,EXP_XGBModel_Alpha158_csi300_custom_step0_s_20260525_15,7ee0bec6bc1a45059f7da14067f8305a,0.055,,,
1493,2026-05-25,SH601166,0.033512018620967865,EXP_XGBModel_Alpha158_csi300_custom_step0_s_20260525_15,7ee0bec6bc1a45059f7da14067f8305a,0.055,,,
1494,2026-05-25,SH601138,-0.01643488183617592,EXP_XGBModel_Alpha158_csi300_custom_step0_s_20260525_15,7ee0bec6bc1a45059f7da14067f8305a,0.055,,,
1495,2026-05-25,SH601136,-0.019680703058838844,EXP_XGBModel_Alpha158_csi300_custom_step0_s_20260525_15,7ee0bec6bc1a45059f7da14067f8305a,0.055,,,
1496,2026-05-25,SH601127,-0.03794994577765465,EXP_XGBModel_Alpha158_csi300_custom_step0_s_20260525_15,7ee0bec6bc1a45059f7da14067f8305a,0.055,,,
1497,2026-05-25,SH601111,-0.04547235742211342,EXP_XGBModel_Alpha158_csi300_custom_step0_s_20260525_15,7ee0bec6bc1a45059f7da14067f8305a,0.055,,,
1498,2026-05-25,SH600009,-0.02031242661178112,EXP_XGBModel_Alpha158_csi300_custom_step0_s_20260525_15,7ee0bec6bc1a45059f7da14067f8305a,0.055,,,
1499,2026-05-25,SZ302132,-0.05365331098437309,EXP_XGBModel_Alpha158_csi300_custom_step0_s_20260525_15,7ee0bec6bc1a45059f7da14067f8305a,0.055,,,
1500,2026-05-25,SH600009,-0.03346908092498779,EXP_XGBModel_Alpha158_csi300_custom_step0_s_20260525_15,68bf6f20127942a79e4b58a718e5e6e2,0.076,,,
1501,2026-05-25,SZ000596,-0.041774194687604904,EXP_XGBModel_Alpha158_csi300_custom_step0_s_20260525_15,68bf6f20127942a79e4b58a718e5e6e2,0.076,,,
1502,2026-05-25,SZ000568,0.030502652749419212,EXP_XGBModel_Alpha158_csi300_custom_step0_s_20260525_15,68bf6f20127942a79e4b58a718e5e6e2,0.076,,,
1503,2026-05-25,SZ000538,-0.06542313098907471,EXP_XGBModel_Alpha158_csi300_custom_step0_s_20260525_15,68bf6f20127942a79e4b58a718e5e6e2,0.076,,,
1504,2026-05-25,SZ000425,0.06534802168607712,EXP_XGBModel_Alpha158_csi300_custom_step0_s_20260525_15,68bf6f20127942a79e4b58a718e5e6e2,0.076,,,
1505,2026-05-25,SZ000408,0.021291209384799004,EXP_XGBModel_Alpha158_csi300_custom_step0_s_20260525_15,68bf6f20127942a79e4b58a718e5e6e2,0.076,,,
1506,2026-05-25,SZ000338,0.19139792025089264,EXP_XGBModel_Alpha158_csi300_custom_step0_s_20260525_15,68bf6f20127942a79e4b58a718e5e6e2,0.076,,,
1507,2026-05-25,SZ000617,0.10946119576692581,EXP_XGBModel_Alpha158_csi300_custom_step0_s_20260525_15,68bf6f20127942a79e4b58a718e5e6e2,0.076,,,
1508,2026-05-25,SZ000333,0.015070046298205853,EXP_XGBModel_Alpha158_csi300_custom_step0_s_20260525_15,68bf6f20127942a79e4b58a718e5e6e2,0.076,,,
1509,2026-05-25,SZ000166,-0.03923559933900833,EXP_XGBModel_Alpha158_csi300_custom_step0_s_20260525_15,68bf6f20127942a79e4b58a718e5e6e2,0.076,,,
1510,2026-05-25,SZ000157,-0.02030996046960354,EXP_XGBModel_Alpha158_csi300_custom_step0_s_20260525_15,68bf6f20127942a79e4b58a718e5e6e2,0.076,,,
1511,2026-05-25,SZ000100,-0.0341590978205204,EXP_XGBModel_Alpha158_csi300_custom_step0_s_20260525_15,68bf6f20127942a79e4b58a718e5e6e2,0.076,,,
1512,2026-05-25,SZ000063,0.004257869906723499,EXP_XGBModel_Alpha158_csi300_custom_step0_s_20260525_15,68bf6f20127942a79e4b58a718e5e6e2,0.076,,,
1513,2026-05-25,SZ000002,0.0745532363653183,EXP_XGBModel_Alpha158_csi300_custom_step0_s_20260525_15,68bf6f20127942a79e4b58a718e5e6e2,0.076,,,
1514,2026-05-25,SZ000001,-0.03163256123661995,EXP_XGBModel_Alpha158_csi300_custom_step0_s_20260525_15,68bf6f20127942a79e4b58a718e5e6e2,0.076,,,
1515,2026-05-25,SZ000301,0.043044958263635635,EXP_XGBModel_Alpha158_csi300_custom_step0_s_20260525_15,68bf6f20127942a79e4b58a718e5e6e2,0.076,,,
1516,2026-05-25,SZ000625,0.14376002550125122,EXP_XGBModel_Alpha158_csi300_custom_step0_s_20260525_15,68bf6f20127942a79e4b58a718e5e6e2,0.076,,,
1517,2026-05-25,SZ000630,0.06862682104110718,EXP_XGBModel_Alpha158_csi300_custom_step0_s_20260525_15,68bf6f20127942a79e4b58a718e5e6e2,0.076,,,
1518,2026-05-25,SZ000651,-0.007322665303945541,EXP_XGBModel_Alpha158_csi300_custom_step0_s_20260525_15,68bf6f20127942a79e4b58a718e5e6e2,0.076,,,
1519,2026-05-25,SZ000977,0.04426601156592369,EXP_XGBModel_Alpha158_csi300_custom_step0_s_20260525_15,68bf6f20127942a79e4b58a718e5e6e2,0.076,,,
1520,2026-05-25,SZ000975,0.10308754444122314,EXP_XGBModel_Alpha158_csi300_custom_step0_s_20260525_15,68bf6f20127942a79e4b58a718e5e6e2,0.076,,,
1521,2026-05-25,SZ000963,-0.008500016294419765,EXP_XGBModel_Alpha158_csi300_custom_step0_s_20260525_15,68bf6f20127942a79e4b58a718e5e6e2,0.076,,,
1522,2026-05-25,SZ000938,-0.06613855808973312,EXP_XGBModel_Alpha158_csi300_custom_step0_s_20260525_15,68bf6f20127942a79e4b58a718e5e6e2,0.076,,,
1523,2026-05-25,SZ000895,-0.010864551179111004,EXP_XGBModel_Alpha158_csi300_custom_step0_s_20260525_15,68bf6f20127942a79e4b58a718e5e6e2,0.076,,,
1524,2026-05-25,SZ000876,-0.039127763360738754,EXP_XGBModel_Alpha158_csi300_custom_step0_s_20260525_15,68bf6f20127942a79e4b58a718e5e6e2,0.076,,,
1525,2026-05-25,SZ000858,-0.013122432865202427,EXP_XGBModel_Alpha158_csi300_custom_step0_s_20260525_15,68bf6f20127942a79e4b58a718e5e6e2,0.076,,,
1526,2026-05-25,SZ000807,0.41575074195861816,EXP_XGBModel_Alpha158_csi300_custom_step0_s_20260525_15,68bf6f20127942a79e4b58a718e5e6e2,0.076,,,
1527,2026-05-25,SZ000792,0.12452790141105652,EXP_XGBModel_Alpha158_csi300_custom_step0_s_20260525_15,68bf6f20127942a79e4b58a718e5e6e2,0.076,,,
1528,2026-05-25,SZ000786,-0.002960402984172106,EXP_XGBModel_Alpha158_csi300_custom_step0_s_20260525_15,68bf6f20127942a79e4b58a718e5e6e2,0.076,,,
1529,2026-05-25,SZ000776,-0.016449090093374252,EXP_XGBModel_Alpha158_csi300_custom_step0_s_20260525_15,68bf6f20127942a79e4b58a718e5e6e2,0.076,,,
1530,2026-05-25,SZ000768,0.2744082808494568,EXP_XGBModel_Alpha158_csi300_custom_step0_s_20260525_15,68bf6f20127942a79e4b58a718e5e6e2,0.076,,,
1531,2026-05-25,SZ000725,0.10367627441883087,EXP_XGBModel_Alpha158_csi300_custom_step0_s_20260525_15,68bf6f20127942a79e4b58a718e5e6e2,0.076,,,
1532,2026-05-25,SZ000708,-0.02021622285246849,EXP_XGBModel_Alpha158_csi300_custom_step0_s_20260525_15,68bf6f20127942a79e4b58a718e5e6e2,0.076,,,
1533,2026-05-25,SZ000661,-0.0010155944619327784,EXP_XGBModel_Alpha158_csi300_custom_step0_s_20260525_15,68bf6f20127942a79e4b58a718e5e6e2,0.076,,,
1534,2026-05-25,SH688981,0.20193709433078766,EXP_XGBModel_Alpha158_csi300_custom_step0_s_20260525_15,68bf6f20127942a79e4b58a718e5e6e2,0.076,,,
1535,2026-05-25,SH688506,0.4032128155231476,EXP_XGBModel_Alpha158_csi300_custom_step0_s_20260525_15,68bf6f20127942a79e4b58a718e5e6e2,0.076,,,
1536,2026-05-25,SH688472,-0.023381372913718224,EXP_XGBModel_Alpha158_csi300_custom_step0_s_20260525_15,68bf6f20127942a79e4b58a718e5e6e2,0.076,,,
1537,2026-05-25,SH688396,0.026948772370815277,EXP_XGBModel_Alpha158_csi300_custom_step0_s_20260525_15,68bf6f20127942a79e4b58a718e5e6e2,0.076,,,
1538,2026-05-25,SH603893,0.02207843028008938,EXP_XGBModel_Alpha158_csi300_custom_step0_s_20260525_15,68bf6f20127942a79e4b58a718e5e6e2,0.076,,,
1539,2026-05-25,SH603799,0.039829447865486145,EXP_XGBModel_Alpha158_csi300_custom_step0_s_20260525_15,68bf6f20127942a79e4b58a718e5e6e2,0.076,,,
1540,2026-05-25,SH603501,0.055106498301029205,EXP_XGBModel_Alpha158_csi300_custom_step0_s_20260525_15,68bf6f20127942a79e4b58a718e5e6e2,0.076,,,
1541,2026-05-25,SH603392,-0.05558227747678757,EXP_XGBModel_Alpha158_csi300_custom_step0_s_20260525_15,68bf6f20127942a79e4b58a718e5e6e2,0.076,,,
1542,2026-05-25,SH603369,0.04655494913458824,EXP_XGBModel_Alpha158_csi300_custom_step0_s_20260525_15,68bf6f20127942a79e4b58a718e5e6e2,0.076,,,
1543,2026-05-25,SH603296,0.06455328315496445,EXP_XGBModel_Alpha158_csi300_custom_step0_s_20260525_15,68bf6f20127942a79e4b58a718e5e6e2,0.076,,,
1544,2026-05-25,SH603288,0.004836391191929579,EXP_XGBModel_Alpha158_csi300_custom_step0_s_20260525_15,68bf6f20127942a79e4b58a718e5e6e2,0.076,,,
1545,2026-05-25,SH603260,-0.023557808250188828,EXP_XGBModel_Alpha158_csi300_custom_step0_s_20260525_15,68bf6f20127942a79e4b58a718e5e6e2,0.076,,,
1546,2026-05-25,SH603259,0.012094116769731045,EXP_XGBModel_Alpha158_csi300_custom_step0_s_20260525_15,68bf6f20127942a79e4b58a718e5e6e2,0.076,,,
1547,2026-05-25,SH603195,0.00898855272680521,EXP_XGBModel_Alpha158_csi300_custom_step0_s_20260525_15,68bf6f20127942a79e4b58a718e5e6e2,0.076,,,
1548,2026-05-25,SH603019,0.03899814933538437,EXP_XGBModel_Alpha158_csi300_custom_step0_s_20260525_15,68bf6f20127942a79e4b58a718e5e6e2,0.076,,,
1549,2026-05-25,SH601998,-0.03895432502031326,EXP_XGBModel_Alpha158_csi300_custom_step0_s_20260525_15,68bf6f20127942a79e4b58a718e5e6e2,0.076,,,
1550,2026-05-25,SH601995,0.004831882193684578,EXP_XGBModel_Alpha158_csi300_custom_step0_s_20260525_15,68bf6f20127942a79e4b58a718e5e6e2,0.076,,,
1551,2026-05-25,SH601988,-0.007861226797103882,EXP_XGBModel_Alpha158_csi300_custom_step0_s_20260525_15,68bf6f20127942a79e4b58a718e5e6e2,0.076,,,
1552,2026-05-25,SH601985,-0.01631619967520237,EXP_XGBModel_Alpha158_csi300_custom_step0_s_20260525_15,68bf6f20127942a79e4b58a718e5e6e2,0.076,,,
1553,2026-05-25,SH603986,-0.0068017300218343735,EXP_XGBModel_Alpha158_csi300_custom_step0_s_20260525_15,68bf6f20127942a79e4b58a718e5e6e2,0.076,,,
1554,2026-05-25,SZ000983,0.0844341367483139,EXP_XGBModel_Alpha158_csi300_custom_step0_s_20260525_15,68bf6f20127942a79e4b58a718e5e6e2,0.076,,,
1555,2026-05-25,SH603993,0.05810483545064926,EXP_XGBModel_Alpha158_csi300_custom_step0_s_20260525_15,68bf6f20127942a79e4b58a718e5e6e2,0.076,,,
1556,2026-05-25,SH605499,0.1535826325416565,EXP_XGBModel_Alpha158_csi300_custom_step0_s_20260525_15,68bf6f20127942a79e4b58a718e5e6e2,0.076,,,
1557,2026-05-25,SH688303,-0.0067415377125144005,EXP_XGBModel_Alpha158_csi300_custom_step0_s_20260525_15,68bf6f20127942a79e4b58a718e5e6e2,0.076,,,
1558,2026-05-25,SH688271,-0.04805394634604454,EXP_XGBModel_Alpha158_csi300_custom_step0_s_20260525_15,68bf6f20127942a79e4b58a718e5e6e2,0.076,,,
1559,2026-05-25,SH688256,0.031934745609760284,EXP_XGBModel_Alpha158_csi300_custom_step0_s_20260525_15,68bf6f20127942a79e4b58a718e5e6e2,0.076,,,
1560,2026-05-25,SH688223,-0.029014509171247482,EXP_XGBModel_Alpha158_csi300_custom_step0_s_20260525_15,68bf6f20127942a79e4b58a718e5e6e2,0.076,,,
1561,2026-05-25,SH688187,-0.06254484504461288,EXP_XGBModel_Alpha158_csi300_custom_step0_s_20260525_15,68bf6f20127942a79e4b58a718e5e6e2,0.076,,,
1562,2026-05-25,SH688169,-0.010405057109892368,EXP_XGBModel_Alpha158_csi300_custom_step0_s_20260525_15,68bf6f20127942a79e4b58a718e5e6e2,0.076,,,
1563,2026-05-25,SH688126,-0.19767352938652039,EXP_XGBModel_Alpha158_csi300_custom_step0_s_20260525_15,68bf6f20127942a79e4b58a718e5e6e2,0.076,,,
1564,2026-05-25,SH688111,0.017527589574456215,EXP_XGBModel_Alpha158_csi300_custom_step0_s_20260525_15,68bf6f20127942a79e4b58a718e5e6e2,0.076,,,
1565,2026-05-25,SH688082,0.40972045063972473,EXP_XGBModel_Alpha158_csi300_custom_step0_s_20260525_15,68bf6f20127942a79e4b58a718e5e6e2,0.076,,,
1566,2026-05-25,SH688047,-0.18964579701423645,EXP_XGBModel_Alpha158_csi300_custom_step0_s_20260525_15,68bf6f20127942a79e4b58a718e5e6e2,0.076,,,
1567,2026-05-25,SH688041,-0.41048887372016907,EXP_XGBModel_Alpha158_csi300_custom_step0_s_20260525_15,68bf6f20127942a79e4b58a718e5e6e2,0.076,,,
1568,2026-05-25,SH688036,0.08770095556974411,EXP_XGBModel_Alpha158_csi300_custom_step0_s_20260525_15,68bf6f20127942a79e4b58a718e5e6e2,0.076,,,
1569,2026-05-25,SH688012,-0.24209342896938324,EXP_XGBModel_Alpha158_csi300_custom_step0_s_20260525_15,68bf6f20127942a79e4b58a718e5e6e2,0.076,,,
1570,2026-05-25,SH688009,-0.018368668854236603,EXP_XGBModel_Alpha158_csi300_custom_step0_s_20260525_15,68bf6f20127942a79e4b58a718e5e6e2,0.076,,,
1571,2026-05-25,SH688008,-0.762920618057251,EXP_XGBModel_Alpha158_csi300_custom_step0_s_20260525_15,68bf6f20127942a79e4b58a718e5e6e2,0.076,,,
1572,2026-05-25,SH605117,0.10329160839319229,EXP_XGBModel_Alpha158_csi300_custom_step0_s_20260525_15,68bf6f20127942a79e4b58a718e5e6e2,0.076,,,
1573,2026-05-25,SH601939,-0.008518248796463013,EXP_XGBModel_Alpha158_csi300_custom_step0_s_20260525_15,68bf6f20127942a79e4b58a718e5e6e2,0.076,,,
1574,2026-05-25,SZ000999,-0.04608063027262688,EXP_XGBModel_Alpha158_csi300_custom_step0_s_20260525_15,68bf6f20127942a79e4b58a718e5e6e2,0.076,,,
1575,2026-05-25,SZ001965,0.004625833127647638,EXP_XGBModel_Alpha158_csi300_custom_step0_s_20260525_15,68bf6f20127942a79e4b58a718e5e6e2,0.076,,,
1576,2026-05-25,SZ300413,0.1788623183965683,EXP_XGBModel_Alpha158_csi300_custom_step0_s_20260525_15,68bf6f20127942a79e4b58a718e5e6e2,0.076,,,
1577,2026-05-25,SZ300408,-0.41675469279289246,EXP_XGBModel_Alpha158_csi300_custom_step0_s_20260525_15,68bf6f20127942a79e4b58a718e5e6e2,0.076,,,
1578,2026-05-25,SZ300394,-0.36978664994239807,EXP_XGBModel_Alpha158_csi300_custom_step0_s_20260525_15,68bf6f20127942a79e4b58a718e5e6e2,0.076,,,
1579,2026-05-25,SZ300347,0.3471202850341797,EXP_XGBModel_Alpha158_csi300_custom_step0_s_20260525_15,68bf6f20127942a79e4b58a718e5e6e2,0.076,,,
1580,2026-05-25,SZ300316,0.033627040684223175,EXP_XGBModel_Alpha158_csi300_custom_step0_s_20260525_15,68bf6f20127942a79e4b58a718e5e6e2,0.076,,,
1581,2026-05-25,SZ300308,0.1475650668144226,EXP_XGBModel_Alpha158_csi300_custom_step0_s_20260525_15,68bf6f20127942a79e4b58a718e5e6e2,0.076,,,
1582,2026-05-25,SZ300418,-0.045059069991111755,EXP_XGBModel_Alpha158_csi300_custom_step0_s_20260525_15,68bf6f20127942a79e4b58a718e5e6e2,0.076,,,
1583,2026-05-25,SZ300274,0.21856145560741425,EXP_XGBModel_Alpha158_csi300_custom_step0_s_20260525_15,68bf6f20127942a79e4b58a718e5e6e2,0.076,,,
1584,2026-05-25,SZ300124,0.26846128702163696,EXP_XGBModel_Alpha158_csi300_custom_step0_s_20260525_15,68bf6f20127942a79e4b58a718e5e6e2,0.076,,,
1585,2026-05-25,SZ300122,-0.02367313764989376,EXP_XGBModel_Alpha158_csi300_custom_step0_s_20260525_15,68bf6f20127942a79e4b58a718e5e6e2,0.076,,,
1586,2026-05-25,SZ300059,0.012606466189026833,EXP_XGBModel_Alpha158_csi300_custom_step0_s_20260525_15,68bf6f20127942a79e4b58a718e5e6e2,0.076,,,
1587,2026-05-25,SZ300033,-0.03004085086286068,EXP_XGBModel_Alpha158_csi300_custom_step0_s_20260525_15,68bf6f20127942a79e4b58a718e5e6e2,0.076,,,
1588,2026-05-25,SZ300015,0.0007465690141543746,EXP_XGBModel_Alpha158_csi300_custom_step0_s_20260525_15,68bf6f20127942a79e4b58a718e5e6e2,0.076,,,
1589,2026-05-25,SZ300014,-0.010900013148784637,EXP_XGBModel_Alpha158_csi300_custom_step0_s_20260525_15,68bf6f20127942a79e4b58a718e5e6e2,0.076,,,
1590,2026-05-25,SZ300251,0.05439652502536774,EXP_XGBModel_Alpha158_csi300_custom_step0_s_20260525_15,68bf6f20127942a79e4b58a718e5e6e2,0.076,,,
1591,2026-05-25,SZ300433,0.2550153136253357,EXP_XGBModel_Alpha158_csi300_custom_step0_s_20260525_15,68bf6f20127942a79e4b58a718e5e6e2,0.076,,,
1592,2026-05-25,SZ300442,-0.02731688879430294,EXP_XGBModel_Alpha158_csi300_custom_step0_s_20260525_15,68bf6f20127942a79e4b58a718e5e6e2,0.076,,,
1593,2026-05-25,SZ300476,-0.014918946661055088,EXP_XGBModel_Alpha158_csi300_custom_step0_s_20260525_15,68bf6f20127942a79e4b58a718e5e6e2,0.076,,,
1594,2026-05-25,SZ301236,-0.05487174540758133,EXP_XGBModel_Alpha158_csi300_custom_step0_s_20260525_15,68bf6f20127942a79e4b58a718e5e6e2,0.076,,,
1595,2026-05-25,SZ300999,-0.043902501463890076,EXP_XGBModel_Alpha158_csi300_custom_step0_s_20260525_15,68bf6f20127942a79e4b58a718e5e6e2,0.076,,,
1596,2026-05-25,SZ300979,-0.004307268653064966,EXP_XGBModel_Alpha158_csi300_custom_step0_s_20260525_15,68bf6f20127942a79e4b58a718e5e6e2,0.076,,,
1597,2026-05-25,SZ300896,0.06294766068458557,EXP_XGBModel_Alpha158_csi300_custom_step0_s_20260525_15,68bf6f20127942a79e4b58a718e5e6e2,0.076,,,
1598,2026-05-25,SZ300866,0.2213943600654602,EXP_XGBModel_Alpha158_csi300_custom_step0_s_20260525_15,68bf6f20127942a79e4b58a718e5e6e2,0.076,,,
1599,2026-05-25,SZ300832,0.030675595626235008,EXP_XGBModel_Alpha158_csi300_custom_step0_s_20260525_15,68bf6f20127942a79e4b58a718e5e6e2,0.076,,,
1600,2026-05-25,SZ300803,0.07853835076093674,EXP_XGBModel_Alpha158_csi300_custom_step0_s_20260525_15,68bf6f20127942a79e4b58a718e5e6e2,0.076,,,
1601,2026-05-25,SZ300782,0.059731632471084595,EXP_XGBModel_Alpha158_csi300_custom_step0_s_20260525_15,68bf6f20127942a79e4b58a718e5e6e2,0.076,,,
1602,2026-05-25,SZ300760,-0.04982566833496094,EXP_XGBModel_Alpha158_csi300_custom_step0_s_20260525_15,68bf6f20127942a79e4b58a718e5e6e2,0.076,,,
1603,2026-05-25,SZ300759,0.08173321932554245,EXP_XGBModel_Alpha158_csi300_custom_step0_s_20260525_15,68bf6f20127942a79e4b58a718e5e6e2,0.076,,,
1604,2026-05-25,SZ300750,-0.01952550932765007,EXP_XGBModel_Alpha158_csi300_custom_step0_s_20260525_15,68bf6f20127942a79e4b58a718e5e6e2,0.076,,,
1605,2026-05-25,SZ300661,0.3859737813472748,EXP_XGBModel_Alpha158_csi300_custom_step0_s_20260525_15,68bf6f20127942a79e4b58a718e5e6e2,0.076,,,
1606,2026-05-25,SZ300628,0.03033473715186119,EXP_XGBModel_Alpha158_csi300_custom_step0_s_20260525_15,68bf6f20127942a79e4b58a718e5e6e2,0.076,,,
1607,2026-05-25,SZ300502,-0.2574015259742737,EXP_XGBModel_Alpha158_csi300_custom_step0_s_20260525_15,68bf6f20127942a79e4b58a718e5e6e2,0.076,,,
1608,2026-05-25,SZ300498,0.1257961243391037,EXP_XGBModel_Alpha158_csi300_custom_step0_s_20260525_15,68bf6f20127942a79e4b58a718e5e6e2,0.076,,,
1609,2026-05-25,SZ003816,-0.03829043358564377,EXP_XGBModel_Alpha158_csi300_custom_step0_s_20260525_15,68bf6f20127942a79e4b58a718e5e6e2,0.076,,,
1610,2026-05-25,SZ002938,0.31918689608573914,EXP_XGBModel_Alpha158_csi300_custom_step0_s_20260525_15,68bf6f20127942a79e4b58a718e5e6e2,0.076,,,
1611,2026-05-25,SZ002920,-0.02726593241095543,EXP_XGBModel_Alpha158_csi300_custom_step0_s_20260525_15,68bf6f20127942a79e4b58a718e5e6e2,0.076,,,
1612,2026-05-25,SZ002916,-0.3233354389667511,EXP_XGBModel_Alpha158_csi300_custom_step0_s_20260525_15,68bf6f20127942a79e4b58a718e5e6e2,0.076,,,
1613,2026-05-25,SZ002311,-0.045356497168540955,EXP_XGBModel_Alpha158_csi300_custom_step0_s_20260525_15,68bf6f20127942a79e4b58a718e5e6e2,0.076,,,
1614,2026-05-25,SZ002304,-0.030742475762963295,EXP_XGBModel_Alpha158_csi300_custom_step0_s_20260525_15,68bf6f20127942a79e4b58a718e5e6e2,0.076,,,
1615,2026-05-25,SZ002252,-0.01977161318063736,EXP_XGBModel_Alpha158_csi300_custom_step0_s_20260525_15,68bf6f20127942a79e4b58a718e5e6e2,0.076,,,
1616,2026-05-25,SZ002241,0.02284844033420086,EXP_XGBModel_Alpha158_csi300_custom_step0_s_20260525_15,68bf6f20127942a79e4b58a718e5e6e2,0.076,,,
1617,2026-05-25,SZ002236,-0.007591382134705782,EXP_XGBModel_Alpha158_csi300_custom_step0_s_20260525_15,68bf6f20127942a79e4b58a718e5e6e2,0.076,,,
1618,2026-05-25,SZ002230,-0.006111994851380587,EXP_XGBModel_Alpha158_csi300_custom_step0_s_20260525_15,68bf6f20127942a79e4b58a718e5e6e2,0.076,,,
1619,2026-05-25,SZ002179,-0.005543983541429043,EXP_XGBModel_Alpha158_csi300_custom_step0_s_20260525_15,68bf6f20127942a79e4b58a718e5e6e2,0.076,,,
1620,2026-05-25,SZ002142,-0.029482580721378326,EXP_XGBModel_Alpha158_csi300_custom_step0_s_20260525_15,68bf6f20127942a79e4b58a718e5e6e2,0.076,,,
1621,2026-05-25,SZ002074,-0.04038514196872711,EXP_XGBModel_Alpha158_csi300_custom_step0_s_20260525_15,68bf6f20127942a79e4b58a718e5e6e2,0.076,,,
1622,2026-05-25,SZ002050,-0.004219776019454002,EXP_XGBModel_Alpha158_csi300_custom_step0_s_20260525_15,68bf6f20127942a79e4b58a718e5e6e2,0.076,,,
1623,2026-05-25,SZ002049,0.13925182819366455,EXP_XGBModel_Alpha158_csi300_custom_step0_s_20260525_15,68bf6f20127942a79e4b58a718e5e6e2,0.076,,,
1624,2026-05-25,SZ002028,-0.024190958589315414,EXP_XGBModel_Alpha158_csi300_custom_step0_s_20260525_15,68bf6f20127942a79e4b58a718e5e6e2,0.076,,,
1625,2026-05-25,SZ002027,-0.05146607384085655,EXP_XGBModel_Alpha158_csi300_custom_step0_s_20260525_15,68bf6f20127942a79e4b58a718e5e6e2,0.076,,,
1626,2026-05-25,SZ002001,0.06666683405637741,EXP_XGBModel_Alpha158_csi300_custom_step0_s_20260525_15,68bf6f20127942a79e4b58a718e5e6e2,0.076,,,
1627,2026-05-25,SZ001979,0.053704120218753815,EXP_XGBModel_Alpha158_csi300_custom_step0_s_20260525_15,68bf6f20127942a79e4b58a718e5e6e2,0.076,,,
1628,2026-05-25,SZ002352,-0.012097005732357502,EXP_XGBModel_Alpha158_csi300_custom_step0_s_20260525_15,68bf6f20127942a79e4b58a718e5e6e2,0.076,,,
1629,2026-05-25,SZ001391,-0.006083462852984667,EXP_XGBModel_Alpha158_csi300_custom_step0_s_20260525_15,68bf6f20127942a79e4b58a718e5e6e2,0.076,,,
1630,2026-05-25,SZ002371,-0.3968483507633209,EXP_XGBModel_Alpha158_csi300_custom_step0_s_20260525_15,68bf6f20127942a79e4b58a718e5e6e2,0.076,,,
1631,2026-05-25,SZ002415,0.016835475340485573,EXP_XGBModel_Alpha158_csi300_custom_step0_s_20260525_15,68bf6f20127942a79e4b58a718e5e6e2,0.076,,,
1632,2026-05-25,SZ002736,-0.02771380916237831,EXP_XGBModel_Alpha158_csi300_custom_step0_s_20260525_15,68bf6f20127942a79e4b58a718e5e6e2,0.076,,,
1633,2026-05-25,SZ002714,0.08231712877750397,EXP_XGBModel_Alpha158_csi300_custom_step0_s_20260525_15,68bf6f20127942a79e4b58a718e5e6e2,0.076,,,
1634,2026-05-25,SZ002709,0.04334967955946922,EXP_XGBModel_Alpha158_csi300_custom_step0_s_20260525_15,68bf6f20127942a79e4b58a718e5e6e2,0.076,,,
1635,2026-05-25,SZ002648,0.19977860152721405,EXP_XGBModel_Alpha158_csi300_custom_step0_s_20260525_15,68bf6f20127942a79e4b58a718e5e6e2,0.076,,,
1636,2026-05-25,SZ002625,-0.2740764915943146,EXP_XGBModel_Alpha158_csi300_custom_step0_s_20260525_15,68bf6f20127942a79e4b58a718e5e6e2,0.076,,,
1637,2026-05-25,SZ002601,0.250097393989563,EXP_XGBModel_Alpha158_csi300_custom_step0_s_20260525_15,68bf6f20127942a79e4b58a718e5e6e2,0.076,,,
1638,2026-05-25,SZ002600,0.11378443241119385,EXP_XGBModel_Alpha158_csi300_custom_step0_s_20260525_15,68bf6f20127942a79e4b58a718e5e6e2,0.076,,,
1639,2026-05-25,SZ002594,0.02522348426282406,EXP_XGBModel_Alpha158_csi300_custom_step0_s_20260525_15,68bf6f20127942a79e4b58a718e5e6e2,0.076,,,
1640,2026-05-25,SZ002493,0.2035944163799286,EXP_XGBModel_Alpha158_csi300_custom_step0_s_20260525_15,68bf6f20127942a79e4b58a718e5e6e2,0.076,,,
1641,2026-05-25,SZ002475,-0.0757874846458435,EXP_XGBModel_Alpha158_csi300_custom_step0_s_20260525_15,68bf6f20127942a79e4b58a718e5e6e2,0.076,,,
1642,2026-05-25,SZ002466,-0.012307963334023952,EXP_XGBModel_Alpha158_csi300_custom_step0_s_20260525_15,68bf6f20127942a79e4b58a718e5e6e2,0.076,,,
1643,2026-05-25,SZ002463,-0.09277554601430893,EXP_XGBModel_Alpha158_csi300_custom_step0_s_20260525_15,68bf6f20127942a79e4b58a718e5e6e2,0.076,,,
1644,2026-05-25,SZ002460,-0.019491374492645264,EXP_XGBModel_Alpha158_csi300_custom_step0_s_20260525_15,68bf6f20127942a79e4b58a718e5e6e2,0.076,,,
1645,2026-05-25,SZ002459,0.2464912235736847,EXP_XGBModel_Alpha158_csi300_custom_step0_s_20260525_15,68bf6f20127942a79e4b58a718e5e6e2,0.076,,,
1646,2026-05-25,SZ002422,-0.007592456415295601,EXP_XGBModel_Alpha158_csi300_custom_step0_s_20260525_15,68bf6f20127942a79e4b58a718e5e6e2,0.076,,,
1647,2026-05-25,SZ002384,-0.04512123018503189,EXP_XGBModel_Alpha158_csi300_custom_step0_s_20260525_15,68bf6f20127942a79e4b58a718e5e6e2,0.076,,,
1648,2026-05-25,SH600000,-0.03271655738353729,EXP_XGBModel_Alpha158_csi300_custom_step0_s_20260525_15,68bf6f20127942a79e4b58a718e5e6e2,0.076,,,
1649,2026-05-25,SH601919,-0.04968474432826042,EXP_XGBModel_Alpha158_csi300_custom_step0_s_20260525_15,68bf6f20127942a79e4b58a718e5e6e2,0.076,,,
1650,2026-05-25,SH601901,-0.006505451165139675,EXP_XGBModel_Alpha158_csi300_custom_step0_s_20260525_15,68bf6f20127942a79e4b58a718e5e6e2,0.076,,,
1651,2026-05-25,SH600547,0.9355488419532776,EXP_XGBModel_Alpha158_csi300_custom_step0_s_20260525_15,68bf6f20127942a79e4b58a718e5e6e2,0.076,,,
1652,2026-05-25,SH600522,0.33709219098091125,EXP_XGBModel_Alpha158_csi300_custom_step0_s_20260525_15,68bf6f20127942a79e4b58a718e5e6e2,0.076,,,
1653,2026-05-25,SH600519,-0.05137750133872032,EXP_XGBModel_Alpha158_csi300_custom_step0_s_20260525_15,68bf6f20127942a79e4b58a718e5e6e2,0.076,,,
1654,2026-05-25,SH600515,-0.016347618773579597,EXP_XGBModel_Alpha158_csi300_custom_step0_s_20260525_15,68bf6f20127942a79e4b58a718e5e6e2,0.076,,,
1655,2026-05-25,SH600489,-0.0011423255782574415,EXP_XGBModel_Alpha158_csi300_custom_step0_s_20260525_15,68bf6f20127942a79e4b58a718e5e6e2,0.076,,,
1656,2026-05-25,SH600482,-0.04060010984539986,EXP_XGBModel_Alpha158_csi300_custom_step0_s_20260525_15,68bf6f20127942a79e4b58a718e5e6e2,0.076,,,
1657,2026-05-25,SH600570,0.0023105619475245476,EXP_XGBModel_Alpha158_csi300_custom_step0_s_20260525_15,68bf6f20127942a79e4b58a718e5e6e2,0.076,,,
1658,2026-05-25,SH600460,0.3894515335559845,EXP_XGBModel_Alpha158_csi300_custom_step0_s_20260525_15,68bf6f20127942a79e4b58a718e5e6e2,0.076,,,
1659,2026-05-25,SH600436,-7.491212454624474e-05,EXP_XGBModel_Alpha158_csi300_custom_step0_s_20260525_15,68bf6f20127942a79e4b58a718e5e6e2,0.076,,,
1660,2026-05-25,SH600426,0.38959962129592896,EXP_XGBModel_Alpha158_csi300_custom_step0_s_20260525_15,68bf6f20127942a79e4b58a718e5e6e2,0.076,,,
1661,2026-05-25,SH600415,0.022855425253510475,EXP_XGBModel_Alpha158_csi300_custom_step0_s_20260525_15,68bf6f20127942a79e4b58a718e5e6e2,0.076,,,
1662,2026-05-25,SH600406,-0.01195412129163742,EXP_XGBModel_Alpha158_csi300_custom_step0_s_20260525_15,68bf6f20127942a79e4b58a718e5e6e2,0.076,,,
1663,2026-05-25,SH600377,0.01603280007839203,EXP_XGBModel_Alpha158_csi300_custom_step0_s_20260525_15,68bf6f20127942a79e4b58a718e5e6e2,0.076,,,
1664,2026-05-25,SH600372,0.03972841054201126,EXP_XGBModel_Alpha158_csi300_custom_step0_s_20260525_15,68bf6f20127942a79e4b58a718e5e6e2,0.076,,,
1665,2026-05-25,SH600438,-0.03062128648161888,EXP_XGBModel_Alpha158_csi300_custom_step0_s_20260525_15,68bf6f20127942a79e4b58a718e5e6e2,0.076,,,
1666,2026-05-25,SH600584,1.0783270597457886,EXP_XGBModel_Alpha158_csi300_custom_step0_s_20260525_15,68bf6f20127942a79e4b58a718e5e6e2,0.076,,,
1667,2026-05-25,SH600585,0.014589725062251091,EXP_XGBModel_Alpha158_csi300_custom_step0_s_20260525_15,68bf6f20127942a79e4b58a718e5e6e2,0.076,,,
1668,2026-05-25,SH600588,0.03596296161413193,EXP_XGBModel_Alpha158_csi300_custom_step0_s_20260525_15,68bf6f20127942a79e4b58a718e5e6e2,0.076,,,
1669,2026-05-25,SH600900,-0.016864966601133347,EXP_XGBModel_Alpha158_csi300_custom_step0_s_20260525_15,68bf6f20127942a79e4b58a718e5e6e2,0.076,,,
1670,2026-05-25,SH600893,-8.940897532738745e-05,EXP_XGBModel_Alpha158_csi300_custom_step0_s_20260525_15,68bf6f20127942a79e4b58a718e5e6e2,0.076,,,
1671,2026-05-25,SH600887,0.018069036304950714,EXP_XGBModel_Alpha158_csi300_custom_step0_s_20260525_15,68bf6f20127942a79e4b58a718e5e6e2,0.076,,,
1672,2026-05-25,SH600886,-0.017062434926629066,EXP_XGBModel_Alpha158_csi300_custom_step0_s_20260525_15,68bf6f20127942a79e4b58a718e5e6e2,0.076,,,
1673,2026-05-25,SH600875,-0.028935540467500687,EXP_XGBModel_Alpha158_csi300_custom_step0_s_20260525_15,68bf6f20127942a79e4b58a718e5e6e2,0.076,,,
1674,2026-05-25,SH600845,-0.02544371597468853,EXP_XGBModel_Alpha158_csi300_custom_step0_s_20260525_15,68bf6f20127942a79e4b58a718e5e6e2,0.076,,,
1675,2026-05-25,SH600809,-0.0018886015750467777,EXP_XGBModel_Alpha158_csi300_custom_step0_s_20260525_15,68bf6f20127942a79e4b58a718e5e6e2,0.076,,,
1676,2026-05-25,SH600803,-0.03849368542432785,EXP_XGBModel_Alpha158_csi300_custom_step0_s_20260525_15,68bf6f20127942a79e4b58a718e5e6e2,0.076,,,
1677,2026-05-25,SH600795,0.005067651625722647,EXP_XGBModel_Alpha158_csi300_custom_step0_s_20260525_15,68bf6f20127942a79e4b58a718e5e6e2,0.076,,,
1678,2026-05-25,SH600760,-0.035356197506189346,EXP_XGBModel_Alpha158_csi300_custom_step0_s_20260525_15,68bf6f20127942a79e4b58a718e5e6e2,0.076,,,
1679,2026-05-25,SH600741,-0.019588463008403778,EXP_XGBModel_Alpha158_csi300_custom_step0_s_20260525_15,68bf6f20127942a79e4b58a718e5e6e2,0.076,,,
1680,2026-05-25,SH600690,-0.018209308385849,EXP_XGBModel_Alpha158_csi300_custom_step0_s_20260525_15,68bf6f20127942a79e4b58a718e5e6e2,0.076,,,
1681,2026-05-25,SH600674,0.010169364511966705,EXP_XGBModel_Alpha158_csi300_custom_step0_s_20260525_15,68bf6f20127942a79e4b58a718e5e6e2,0.076,,,
1682,2026-05-25,SH600660,-0.0531575009226799,EXP_XGBModel_Alpha158_csi300_custom_step0_s_20260525_15,68bf6f20127942a79e4b58a718e5e6e2,0.076,,,
1683,2026-05-25,SH600600,-0.05769291892647743,EXP_XGBModel_Alpha158_csi300_custom_step0_s_20260525_15,68bf6f20127942a79e4b58a718e5e6e2,0.076,,,
1684,2026-05-25,SH600362,-0.008331934921443462,EXP_XGBModel_Alpha158_csi300_custom_step0_s_20260525_15,68bf6f20127942a79e4b58a718e5e6e2,0.076,,,
1685,2026-05-25,SH600346,0.36716005206108093,EXP_XGBModel_Alpha158_csi300_custom_step0_s_20260525_15,68bf6f20127942a79e4b58a718e5e6e2,0.076,,,
1686,2026-05-25,SH600309,-0.019250474870204926,EXP_XGBModel_Alpha158_csi300_custom_step0_s_20260525_15,68bf6f20127942a79e4b58a718e5e6e2,0.076,,,
1687,2026-05-25,SH600276,-0.054357148706912994,EXP_XGBModel_Alpha158_csi300_custom_step0_s_20260525_15,68bf6f20127942a79e4b58a718e5e6e2,0.076,,,
1688,2026-05-25,SH600036,-0.06805732846260071,EXP_XGBModel_Alpha158_csi300_custom_step0_s_20260525_15,68bf6f20127942a79e4b58a718e5e6e2,0.076,,,
1689,2026-05-25,SH600031,0.023930709809064865,EXP_XGBModel_Alpha158_csi300_custom_step0_s_20260525_15,68bf6f20127942a79e4b58a718e5e6e2,0.076,,,
1690,2026-05-25,SH600030,0.003541249316185713,EXP_XGBModel_Alpha158_csi300_custom_step0_s_20260525_15,68bf6f20127942a79e4b58a718e5e6e2,0.076,,,
1691,2026-05-25,SH600029,0.06235698610544205,EXP_XGBModel_Alpha158_csi300_custom_step0_s_20260525_15,68bf6f20127942a79e4b58a718e5e6e2,0.076,,,
1692,2026-05-25,SH600028,-0.035183921456336975,EXP_XGBModel_Alpha158_csi300_custom_step0_s_20260525_15,68bf6f20127942a79e4b58a718e5e6e2,0.076,,,
1693,2026-05-25,SH600027,0.0006979005411267281,EXP_XGBModel_Alpha158_csi300_custom_step0_s_20260525_15,68bf6f20127942a79e4b58a718e5e6e2,0.076,,,
1694,2026-05-25,SH600026,-0.04884375259280205,EXP_XGBModel_Alpha158_csi300_custom_step0_s_20260525_15,68bf6f20127942a79e4b58a718e5e6e2,0.076,,,
1695,2026-05-25,SH600025,-0.023597275838255882,EXP_XGBModel_Alpha158_csi300_custom_step0_s_20260525_15,68bf6f20127942a79e4b58a718e5e6e2,0.076,,,
1696,2026-05-25,SH600023,-0.32630667090415955,EXP_XGBModel_Alpha158_csi300_custom_step0_s_20260525_15,68bf6f20127942a79e4b58a718e5e6e2,0.076,,,
1697,2026-05-25,SH600019,-0.02866113744676113,EXP_XGBModel_Alpha158_csi300_custom_step0_s_20260525_15,68bf6f20127942a79e4b58a718e5e6e2,0.076,,,
1698,2026-05-25,SH600018,-0.0031569763086736202,EXP_XGBModel_Alpha158_csi300_custom_step0_s_20260525_15,68bf6f20127942a79e4b58a718e5e6e2,0.076,,,
1699,2026-05-25,SH600016,-0.054140765219926834,EXP_XGBModel_Alpha158_csi300_custom_step0_s_20260525_15,68bf6f20127942a79e4b58a718e5e6e2,0.076,,,
1700,2026-05-25,SH600015,-0.05553319305181503,EXP_XGBModel_Alpha158_csi300_custom_step0_s_20260525_15,68bf6f20127942a79e4b58a718e5e6e2,0.076,,,
1701,2026-05-25,SH600011,0.008685927838087082,EXP_XGBModel_Alpha158_csi300_custom_step0_s_20260525_15,68bf6f20127942a79e4b58a718e5e6e2,0.076,,,
1702,2026-05-25,SH600010,0.00558052770793438,EXP_XGBModel_Alpha158_csi300_custom_step0_s_20260525_15,68bf6f20127942a79e4b58a718e5e6e2,0.076,,,
1703,2026-05-25,SH600039,-0.12337247282266617,EXP_XGBModel_Alpha158_csi300_custom_step0_s_20260525_15,68bf6f20127942a79e4b58a718e5e6e2,0.076,,,
1704,2026-05-25,SH600905,-0.0247078537940979,EXP_XGBModel_Alpha158_csi300_custom_step0_s_20260525_15,68bf6f20127942a79e4b58a718e5e6e2,0.076,,,
1705,2026-05-25,SH600048,0.02209317684173584,EXP_XGBModel_Alpha158_csi300_custom_step0_s_20260525_15,68bf6f20127942a79e4b58a718e5e6e2,0.076,,,
1706,2026-05-25,SH600061,-0.013703906908631325,EXP_XGBModel_Alpha158_csi300_custom_step0_s_20260525_15,68bf6f20127942a79e4b58a718e5e6e2,0.076,,,
1707,2026-05-25,SH600233,-0.02041969634592533,EXP_XGBModel_Alpha158_csi300_custom_step0_s_20260525_15,68bf6f20127942a79e4b58a718e5e6e2,0.076,,,
1708,2026-05-25,SH600219,0.03961731120944023,EXP_XGBModel_Alpha158_csi300_custom_step0_s_20260525_15,68bf6f20127942a79e4b58a718e5e6e2,0.076,,,
1709,2026-05-25,SH600196,-0.014712219126522541,EXP_XGBModel_Alpha158_csi300_custom_step0_s_20260525_15,68bf6f20127942a79e4b58a718e5e6e2,0.076,,,
1710,2026-05-25,SH600188,0.014693401753902435,EXP_XGBModel_Alpha158_csi300_custom_step0_s_20260525_15,68bf6f20127942a79e4b58a718e5e6e2,0.076,,,
1711,2026-05-25,SH600183,-0.26594510674476624,EXP_XGBModel_Alpha158_csi300_custom_step0_s_20260525_15,68bf6f20127942a79e4b58a718e5e6e2,0.076,,,
1712,2026-05-25,SH600176,0.27130550146102905,EXP_XGBModel_Alpha158_csi300_custom_step0_s_20260525_15,68bf6f20127942a79e4b58a718e5e6e2,0.076,,,
1713,2026-05-25,SH600161,-0.03179285302758217,EXP_XGBModel_Alpha158_csi300_custom_step0_s_20260525_15,68bf6f20127942a79e4b58a718e5e6e2,0.076,,,
1714,2026-05-25,SH600160,0.0722474530339241,EXP_XGBModel_Alpha158_csi300_custom_step0_s_20260525_15,68bf6f20127942a79e4b58a718e5e6e2,0.076,,,
1715,2026-05-25,SH600150,0.08211567252874374,EXP_XGBModel_Alpha158_csi300_custom_step0_s_20260525_15,68bf6f20127942a79e4b58a718e5e6e2,0.076,,,
1716,2026-05-25,SH600115,0.10377892106771469,EXP_XGBModel_Alpha158_csi300_custom_step0_s_20260525_15,68bf6f20127942a79e4b58a718e5e6e2,0.076,,,
1717,2026-05-25,SH600111,0.014605721458792686,EXP_XGBModel_Alpha158_csi300_custom_step0_s_20260525_15,68bf6f20127942a79e4b58a718e5e6e2,0.076,,,
1718,2026-05-25,SH600104,-0.046461332589387894,EXP_XGBModel_Alpha158_csi300_custom_step0_s_20260525_15,68bf6f20127942a79e4b58a718e5e6e2,0.076,,,
1719,2026-05-25,SH600089,-0.017234105616807938,EXP_XGBModel_Alpha158_csi300_custom_step0_s_20260525_15,68bf6f20127942a79e4b58a718e5e6e2,0.076,,,
1720,2026-05-25,SH600085,-0.03050527535378933,EXP_XGBModel_Alpha158_csi300_custom_step0_s_20260525_15,68bf6f20127942a79e4b58a718e5e6e2,0.076,,,
1721,2026-05-25,SH600066,0.022631395608186722,EXP_XGBModel_Alpha158_csi300_custom_step0_s_20260525_15,68bf6f20127942a79e4b58a718e5e6e2,0.076,,,
1722,2026-05-25,SH600050,-0.028446784242987633,EXP_XGBModel_Alpha158_csi300_custom_step0_s_20260525_15,68bf6f20127942a79e4b58a718e5e6e2,0.076,,,
1723,2026-05-25,SH601916,-0.0309466402977705,EXP_XGBModel_Alpha158_csi300_custom_step0_s_20260525_15,68bf6f20127942a79e4b58a718e5e6e2,0.076,,,
1724,2026-05-25,SH600918,-0.03564679995179176,EXP_XGBModel_Alpha158_csi300_custom_step0_s_20260525_15,68bf6f20127942a79e4b58a718e5e6e2,0.076,,,
1725,2026-05-25,SH600926,-0.027041057124733925,EXP_XGBModel_Alpha158_csi300_custom_step0_s_20260525_15,68bf6f20127942a79e4b58a718e5e6e2,0.076,,,
1726,2026-05-25,SH601689,-0.00866116862744093,EXP_XGBModel_Alpha158_csi300_custom_step0_s_20260525_15,68bf6f20127942a79e4b58a718e5e6e2,0.076,,,
1727,2026-05-25,SH601688,-0.006814090069383383,EXP_XGBModel_Alpha158_csi300_custom_step0_s_20260525_15,68bf6f20127942a79e4b58a718e5e6e2,0.076,,,
1728,2026-05-25,SH601669,0.0019878216553479433,EXP_XGBModel_Alpha158_csi300_custom_step0_s_20260525_15,68bf6f20127942a79e4b58a718e5e6e2,0.076,,,
1729,2026-05-25,SH601668,-0.04314315319061279,EXP_XGBModel_Alpha158_csi300_custom_step0_s_20260525_15,68bf6f20127942a79e4b58a718e5e6e2,0.076,,,
1730,2026-05-25,SH601658,-0.02670784294605255,EXP_XGBModel_Alpha158_csi300_custom_step0_s_20260525_15,68bf6f20127942a79e4b58a718e5e6e2,0.076,,,
1731,2026-05-25,SH601633,0.00918264128267765,EXP_XGBModel_Alpha158_csi300_custom_step0_s_20260525_15,68bf6f20127942a79e4b58a718e5e6e2,0.076,,,
1732,2026-05-25,SH601698,0.014508174732327461,EXP_XGBModel_Alpha158_csi300_custom_step0_s_20260525_15,68bf6f20127942a79e4b58a718e5e6e2,0.076,,,
1733,2026-05-25,SH601628,0.024828122928738594,EXP_XGBModel_Alpha158_csi300_custom_step0_s_20260525_15,68bf6f20127942a79e4b58a718e5e6e2,0.076,,,
1734,2026-05-25,SH601607,-0.04205534979701042,EXP_XGBModel_Alpha158_csi300_custom_step0_s_20260525_15,68bf6f20127942a79e4b58a718e5e6e2,0.076,,,
1735,2026-05-25,SH601601,-0.033999644219875336,EXP_XGBModel_Alpha158_csi300_custom_step0_s_20260525_15,68bf6f20127942a79e4b58a718e5e6e2,0.076,,,
1736,2026-05-25,SH601600,0.0594332292675972,EXP_XGBModel_Alpha158_csi300_custom_step0_s_20260525_15,68bf6f20127942a79e4b58a718e5e6e2,0.076,,,
1737,2026-05-25,SH601456,-0.044934649020433426,EXP_XGBModel_Alpha158_csi300_custom_step0_s_20260525_15,68bf6f20127942a79e4b58a718e5e6e2,0.076,,,
1738,2026-05-25,SH601398,-0.03490758687257767,EXP_XGBModel_Alpha158_csi300_custom_step0_s_20260525_15,68bf6f20127942a79e4b58a718e5e6e2,0.076,,,
1739,2026-05-25,SH601390,-0.0351330041885376,EXP_XGBModel_Alpha158_csi300_custom_step0_s_20260525_15,68bf6f20127942a79e4b58a718e5e6e2,0.076,,,
1740,2026-05-25,SH601618,0.013548891060054302,EXP_XGBModel_Alpha158_csi300_custom_step0_s_20260525_15,68bf6f20127942a79e4b58a718e5e6e2,0.076,,,
1741,2026-05-25,SH601728,-0.12406565994024277,EXP_XGBModel_Alpha158_csi300_custom_step0_s_20260525_15,68bf6f20127942a79e4b58a718e5e6e2,0.076,,,
1742,2026-05-25,SH601766,-0.03280675783753395,EXP_XGBModel_Alpha158_csi300_custom_step0_s_20260525_15,68bf6f20127942a79e4b58a718e5e6e2,0.076,,,
1743,2026-05-25,SH601788,-0.012900300323963165,EXP_XGBModel_Alpha158_csi300_custom_step0_s_20260525_15,68bf6f20127942a79e4b58a718e5e6e2,0.076,,,
1744,2026-05-25,SH601899,-0.014148980379104614,EXP_XGBModel_Alpha158_csi300_custom_step0_s_20260525_15,68bf6f20127942a79e4b58a718e5e6e2,0.076,,,
1745,2026-05-25,SH601898,-0.008834985084831715,EXP_XGBModel_Alpha158_csi300_custom_step0_s_20260525_15,68bf6f20127942a79e4b58a718e5e6e2,0.076,,,
1746,2026-05-25,SH601888,0.08639761805534363,EXP_XGBModel_Alpha158_csi300_custom_step0_s_20260525_15,68bf6f20127942a79e4b58a718e5e6e2,0.076,,,
1747,2026-05-25,SH601881,-0.044646408408880234,EXP_XGBModel_Alpha158_csi300_custom_step0_s_20260525_15,68bf6f20127942a79e4b58a718e5e6e2,0.076,,,
1748,2026-05-25,SH601878,-0.008925171568989754,EXP_XGBModel_Alpha158_csi300_custom_step0_s_20260525_15,68bf6f20127942a79e4b58a718e5e6e2,0.076,,,
1749,2026-05-25,SH601877,0.051267459988594055,EXP_XGBModel_Alpha158_csi300_custom_step0_s_20260525_15,68bf6f20127942a79e4b58a718e5e6e2,0.076,,,
1750,2026-05-25,SH601872,-0.22438587248325348,EXP_XGBModel_Alpha158_csi300_custom_step0_s_20260525_15,68bf6f20127942a79e4b58a718e5e6e2,0.076,,,
1751,2026-05-25,SH601868,-0.03257320076227188,EXP_XGBModel_Alpha158_csi300_custom_step0_s_20260525_15,68bf6f20127942a79e4b58a718e5e6e2,0.076,,,
1752,2026-05-25,SH601857,-0.009102157317101955,EXP_XGBModel_Alpha158_csi300_custom_step0_s_20260525_15,68bf6f20127942a79e4b58a718e5e6e2,0.076,,,
1753,2026-05-25,SH601838,-0.02599249966442585,EXP_XGBModel_Alpha158_csi300_custom_step0_s_20260525_15,68bf6f20127942a79e4b58a718e5e6e2,0.076,,,
1754,2026-05-25,SH601825,-0.01800943911075592,EXP_XGBModel_Alpha158_csi300_custom_step0_s_20260525_15,68bf6f20127942a79e4b58a718e5e6e2,0.076,,,
1755,2026-05-25,SH601818,-0.050953786820173264,EXP_XGBModel_Alpha158_csi300_custom_step0_s_20260525_15,68bf6f20127942a79e4b58a718e5e6e2,0.076,,,
1756,2026-05-25,SH601816,-0.04739179089665413,EXP_XGBModel_Alpha158_csi300_custom_step0_s_20260525_15,68bf6f20127942a79e4b58a718e5e6e2,0.076,,,
1757,2026-05-25,SH601808,0.017120203003287315,EXP_XGBModel_Alpha158_csi300_custom_step0_s_20260525_15,68bf6f20127942a79e4b58a718e5e6e2,0.076,,,
1758,2026-05-25,SH601800,0.009731875732541084,EXP_XGBModel_Alpha158_csi300_custom_step0_s_20260525_15,68bf6f20127942a79e4b58a718e5e6e2,0.076,,,
1759,2026-05-25,SH601377,-0.02436053566634655,EXP_XGBModel_Alpha158_csi300_custom_step0_s_20260525_15,68bf6f20127942a79e4b58a718e5e6e2,0.076,,,
1760,2026-05-25,SH601360,0.021007776260375977,EXP_XGBModel_Alpha158_csi300_custom_step0_s_20260525_15,68bf6f20127942a79e4b58a718e5e6e2,0.076,,,
1761,2026-05-25,SH601336,0.007742832414805889,EXP_XGBModel_Alpha158_csi300_custom_step0_s_20260525_15,68bf6f20127942a79e4b58a718e5e6e2,0.076,,,
1762,2026-05-25,SH601328,-0.057349931448698044,EXP_XGBModel_Alpha158_csi300_custom_step0_s_20260525_15,68bf6f20127942a79e4b58a718e5e6e2,0.076,,,
1763,2026-05-25,SH601077,-0.029473792761564255,EXP_XGBModel_Alpha158_csi300_custom_step0_s_20260525_15,68bf6f20127942a79e4b58a718e5e6e2,0.076,,,
1764,2026-05-25,SH601066,0.009069964289665222,EXP_XGBModel_Alpha158_csi300_custom_step0_s_20260525_15,68bf6f20127942a79e4b58a718e5e6e2,0.076,,,
1765,2026-05-25,SH601059,0.00168635044246912,EXP_XGBModel_Alpha158_csi300_custom_step0_s_20260525_15,68bf6f20127942a79e4b58a718e5e6e2,0.076,,,
1766,2026-05-25,SH601058,-0.006339447107166052,EXP_XGBModel_Alpha158_csi300_custom_step0_s_20260525_15,68bf6f20127942a79e4b58a718e5e6e2,0.076,,,
1767,2026-05-25,SH601021,0.004903115332126617,EXP_XGBModel_Alpha158_csi300_custom_step0_s_20260525_15,68bf6f20127942a79e4b58a718e5e6e2,0.076,,,
1768,2026-05-25,SH601018,-0.035235971212387085,EXP_XGBModel_Alpha158_csi300_custom_step0_s_20260525_15,68bf6f20127942a79e4b58a718e5e6e2,0.076,,,
1769,2026-05-25,SH601012,0.0860854908823967,EXP_XGBModel_Alpha158_csi300_custom_step0_s_20260525_15,68bf6f20127942a79e4b58a718e5e6e2,0.076,,,
1770,2026-05-25,SH601009,-0.04478159919381142,EXP_XGBModel_Alpha158_csi300_custom_step0_s_20260525_15,68bf6f20127942a79e4b58a718e5e6e2,0.076,,,
1771,2026-05-25,SH601006,-0.029254091903567314,EXP_XGBModel_Alpha158_csi300_custom_step0_s_20260525_15,68bf6f20127942a79e4b58a718e5e6e2,0.076,,,
1772,2026-05-25,SH600999,0.033874936401844025,EXP_XGBModel_Alpha158_csi300_custom_step0_s_20260525_15,68bf6f20127942a79e4b58a718e5e6e2,0.076,,,
1773,2026-05-25,SH600989,0.06294815242290497,EXP_XGBModel_Alpha158_csi300_custom_step0_s_20260525_15,68bf6f20127942a79e4b58a718e5e6e2,0.076,,,
1774,2026-05-25,SH600958,-0.0037283897399902344,EXP_XGBModel_Alpha158_csi300_custom_step0_s_20260525_15,68bf6f20127942a79e4b58a718e5e6e2,0.076,,,
1775,2026-05-25,SH600941,-0.014581184834241867,EXP_XGBModel_Alpha158_csi300_custom_step0_s_20260525_15,68bf6f20127942a79e4b58a718e5e6e2,0.076,,,
1776,2026-05-25,SH600938,0.006885377690196037,EXP_XGBModel_Alpha158_csi300_custom_step0_s_20260525_15,68bf6f20127942a79e4b58a718e5e6e2,0.076,,,
1777,2026-05-25,SH600930,0.011918195523321629,EXP_XGBModel_Alpha158_csi300_custom_step0_s_20260525_15,68bf6f20127942a79e4b58a718e5e6e2,0.076,,,
1778,2026-05-25,SH601088,0.039176326245069504,EXP_XGBModel_Alpha158_csi300_custom_step0_s_20260525_15,68bf6f20127942a79e4b58a718e5e6e2,0.076,,,
1779,2026-05-25,SH600919,-0.006773612927645445,EXP_XGBModel_Alpha158_csi300_custom_step0_s_20260525_15,68bf6f20127942a79e4b58a718e5e6e2,0.076,,,
1780,2026-05-25,SH601100,-0.023440856486558914,EXP_XGBModel_Alpha158_csi300_custom_step0_s_20260525_15,68bf6f20127942a79e4b58a718e5e6e2,0.076,,,
1781,2026-05-25,SH601117,-0.031207306310534477,EXP_XGBModel_Alpha158_csi300_custom_step0_s_20260525_15,68bf6f20127942a79e4b58a718e5e6e2,0.076,,,
1782,2026-05-25,SH601319,0.006414067931473255,EXP_XGBModel_Alpha158_csi300_custom_step0_s_20260525_15,68bf6f20127942a79e4b58a718e5e6e2,0.076,,,
1783,2026-05-25,SH601318,-0.01593671925365925,EXP_XGBModel_Alpha158_csi300_custom_step0_s_20260525_15,68bf6f20127942a79e4b58a718e5e6e2,0.076,,,
1784,2026-05-25,SH601298,-0.02617400884628296,EXP_XGBModel_Alpha158_csi300_custom_step0_s_20260525_15,68bf6f20127942a79e4b58a718e5e6e2,0.076,,,
1785,2026-05-25,SH601288,-0.029255852103233337,EXP_XGBModel_Alpha158_csi300_custom_step0_s_20260525_15,68bf6f20127942a79e4b58a718e5e6e2,0.076,,,
1786,2026-05-25,SH601238,-0.014315297827124596,EXP_XGBModel_Alpha158_csi300_custom_step0_s_20260525_15,68bf6f20127942a79e4b58a718e5e6e2,0.076,,,
1787,2026-05-25,SH601236,-0.03993868827819824,EXP_XGBModel_Alpha158_csi300_custom_step0_s_20260525_15,68bf6f20127942a79e4b58a718e5e6e2,0.076,,,
1788,2026-05-25,SH601229,-0.04814651608467102,EXP_XGBModel_Alpha158_csi300_custom_step0_s_20260525_15,68bf6f20127942a79e4b58a718e5e6e2,0.076,,,
1789,2026-05-25,SH601225,0.04346400499343872,EXP_XGBModel_Alpha158_csi300_custom_step0_s_20260525_15,68bf6f20127942a79e4b58a718e5e6e2,0.076,,,
1790,2026-05-25,SH601211,-0.03822832927107811,EXP_XGBModel_Alpha158_csi300_custom_step0_s_20260525_15,68bf6f20127942a79e4b58a718e5e6e2,0.076,,,
1791,2026-05-25,SH601186,-0.05329018086194992,EXP_XGBModel_Alpha158_csi300_custom_step0_s_20260525_15,68bf6f20127942a79e4b58a718e5e6e2,0.076,,,
1792,2026-05-25,SH601169,-0.05471349135041237,EXP_XGBModel_Alpha158_csi300_custom_step0_s_20260525_15,68bf6f20127942a79e4b58a718e5e6e2,0.076,,,
1793,2026-05-25,SH601166,-0.027925588190555573,EXP_XGBModel_Alpha158_csi300_custom_step0_s_20260525_15,68bf6f20127942a79e4b58a718e5e6e2,0.076,,,
1794,2026-05-25,SH601138,-0.032073065638542175,EXP_XGBModel_Alpha158_csi300_custom_step0_s_20260525_15,68bf6f20127942a79e4b58a718e5e6e2,0.076,,,
1795,2026-05-25,SH601136,-0.01749122515320778,EXP_XGBModel_Alpha158_csi300_custom_step0_s_20260525_15,68bf6f20127942a79e4b58a718e5e6e2,0.076,,,
1796,2026-05-25,SH601127,-0.018057972192764282,EXP_XGBModel_Alpha158_csi300_custom_step0_s_20260525_15,68bf6f20127942a79e4b58a718e5e6e2,0.076,,,
1797,2026-05-25,SH601111,-0.009591503068804741,EXP_XGBModel_Alpha158_csi300_custom_step0_s_20260525_15,68bf6f20127942a79e4b58a718e5e6e2,0.076,,,
1798,2026-05-25,SH600000,0.031085507944226265,EXP_LinearModel_Alpha158_csi300_custom_step0_s_20260525_15,3b76d19853984fd283ea76d7fa70766b,0.02,,,
1799,2026-05-25,SH600000,0.0004011932178400457,EXP_XGBModel_Alpha158_csi300_custom_step0_s_20260525_15,7ee0bec6bc1a45059f7da14067f8305a,0.055,,,
1800,2026-05-25,SZ301269,-0.027573391795158386,EXP_LinearModel_Alpha158_csi300_custom_step0_s_20260525_15,fdd3a62fda184f699e83d942e7cb168b,0.116,,,
1801,2026-05-25,SZ000596,-0.00023953401250764728,EXP_LinearModel_Alpha158_csi300_custom_step0_s_20260525_15,3b76d19853984fd283ea76d7fa70766b,0.02,,,
1802,2026-05-25,SZ000568,0.030276812613010406,EXP_LinearModel_Alpha158_csi300_custom_step0_s_20260525_15,3b76d19853984fd283ea76d7fa70766b,0.02,,,
1803,2026-05-25,SZ000538,-0.1387132853269577,EXP_LinearModel_Alpha158_csi300_custom_step0_s_20260525_15,3b76d19853984fd283ea76d7fa70766b,0.02,,,
1804,2026-05-25,SZ000425,-0.011874580755829811,EXP_LinearModel_Alpha158_csi300_custom_step0_s_20260525_15,3b76d19853984fd283ea76d7fa70766b,0.02,,,
1805,2026-05-25,SZ000408,0.00737921753898263,EXP_LinearModel_Alpha158_csi300_custom_step0_s_20260525_15,3b76d19853984fd283ea76d7fa70766b,0.02,,,
1806,2026-05-25,SZ000338,0.0918976441025734,EXP_LinearModel_Alpha158_csi300_custom_step0_s_20260525_15,3b76d19853984fd283ea76d7fa70766b,0.02,,,
1807,2026-05-25,SZ000617,-0.05390314757823944,EXP_LinearModel_Alpha158_csi300_custom_step0_s_20260525_15,3b76d19853984fd283ea76d7fa70766b,0.02,,,
1808,2026-05-25,SZ000333,0.02917763963341713,EXP_LinearModel_Alpha158_csi300_custom_step0_s_20260525_15,3b76d19853984fd283ea76d7fa70766b,0.02,,,
1809,2026-05-25,SZ000166,-0.047568827867507935,EXP_LinearModel_Alpha158_csi300_custom_step0_s_20260525_15,3b76d19853984fd283ea76d7fa70766b,0.02,,,
1810,2026-05-25,SZ000157,-0.013026927597820759,EXP_LinearModel_Alpha158_csi300_custom_step0_s_20260525_15,3b76d19853984fd283ea76d7fa70766b,0.02,,,
1811,2026-05-25,SZ000100,0.014589473605155945,EXP_LinearModel_Alpha158_csi300_custom_step0_s_20260525_15,3b76d19853984fd283ea76d7fa70766b,0.02,,,
1812,2026-05-25,SZ000063,0.04646596312522888,EXP_LinearModel_Alpha158_csi300_custom_step0_s_20260525_15,3b76d19853984fd283ea76d7fa70766b,0.02,,,
1813,2026-05-25,SZ000002,0.016703566536307335,EXP_LinearModel_Alpha158_csi300_custom_step0_s_20260525_15,3b76d19853984fd283ea76d7fa70766b,0.02,,,
1814,2026-05-25,SZ000001,-0.09601420909166336,EXP_LinearModel_Alpha158_csi300_custom_step0_s_20260525_15,3b76d19853984fd283ea76d7fa70766b,0.02,,,
1815,2026-05-25,SZ000301,0.021613823249936104,EXP_LinearModel_Alpha158_csi300_custom_step0_s_20260525_15,3b76d19853984fd283ea76d7fa70766b,0.02,,,
1816,2026-05-25,SZ000625,0.021379750221967697,EXP_LinearModel_Alpha158_csi300_custom_step0_s_20260525_15,3b76d19853984fd283ea76d7fa70766b,0.02,,,
1817,2026-05-25,SZ000630,-0.05618327111005783,EXP_LinearModel_Alpha158_csi300_custom_step0_s_20260525_15,3b76d19853984fd283ea76d7fa70766b,0.02,,,
1818,2026-05-25,SZ000651,-0.011342615820467472,EXP_LinearModel_Alpha158_csi300_custom_step0_s_20260525_15,3b76d19853984fd283ea76d7fa70766b,0.02,,,
1819,2026-05-25,SZ000977,0.0529252253472805,EXP_LinearModel_Alpha158_csi300_custom_step0_s_20260525_15,3b76d19853984fd283ea76d7fa70766b,0.02,,,
1820,2026-05-25,SZ000975,-0.015412310138344765,EXP_LinearModel_Alpha158_csi300_custom_step0_s_20260525_15,3b76d19853984fd283ea76d7fa70766b,0.02,,,
1821,2026-05-25,SZ000963,-0.11689822375774384,EXP_LinearModel_Alpha158_csi300_custom_step0_s_20260525_15,3b76d19853984fd283ea76d7fa70766b,0.02,,,
1822,2026-05-25,SZ000938,0.13020944595336914,EXP_LinearModel_Alpha158_csi300_custom_step0_s_20260525_15,3b76d19853984fd283ea76d7fa70766b,0.02,,,
1823,2026-05-25,SZ000895,-0.01969393901526928,EXP_LinearModel_Alpha158_csi300_custom_step0_s_20260525_15,3b76d19853984fd283ea76d7fa70766b,0.02,,,
1824,2026-05-25,SZ000876,-0.04144064337015152,EXP_LinearModel_Alpha158_csi300_custom_step0_s_20260525_15,3b76d19853984fd283ea76d7fa70766b,0.02,,,
1825,2026-05-25,SZ000858,-0.017215512692928314,EXP_LinearModel_Alpha158_csi300_custom_step0_s_20260525_15,3b76d19853984fd283ea76d7fa70766b,0.02,,,
1826,2026-05-25,SZ000807,0.07295501977205276,EXP_LinearModel_Alpha158_csi300_custom_step0_s_20260525_15,3b76d19853984fd283ea76d7fa70766b,0.02,,,
1827,2026-05-25,SZ000792,-0.011100328527390957,EXP_LinearModel_Alpha158_csi300_custom_step0_s_20260525_15,3b76d19853984fd283ea76d7fa70766b,0.02,,,
1828,2026-05-25,SZ000786,0.014795603230595589,EXP_LinearModel_Alpha158_csi300_custom_step0_s_20260525_15,3b76d19853984fd283ea76d7fa70766b,0.02,,,
1829,2026-05-25,SZ000776,-0.0408787801861763,EXP_LinearModel_Alpha158_csi300_custom_step0_s_20260525_15,3b76d19853984fd283ea76d7fa70766b,0.02,,,
1830,2026-05-25,SZ000768,-0.07553732395172119,EXP_LinearModel_Alpha158_csi300_custom_step0_s_20260525_15,3b76d19853984fd283ea76d7fa70766b,0.02,,,
1831,2026-05-25,SZ000725,-0.06625919789075851,EXP_LinearModel_Alpha158_csi300_custom_step0_s_20260525_15,3b76d19853984fd283ea76d7fa70766b,0.02,,,
1832,2026-05-25,SZ000708,0.005587568506598473,EXP_LinearModel_Alpha158_csi300_custom_step0_s_20260525_15,3b76d19853984fd283ea76d7fa70766b,0.02,,,
1833,2026-05-25,SZ000661,-0.017966773360967636,EXP_LinearModel_Alpha158_csi300_custom_step0_s_20260525_15,3b76d19853984fd283ea76d7fa70766b,0.02,,,
1834,2026-05-25,SH688981,0.052297838032245636,EXP_LinearModel_Alpha158_csi300_custom_step0_s_20260525_15,3b76d19853984fd283ea76d7fa70766b,0.02,,,
1835,2026-05-25,SH688506,0.04786727577447891,EXP_LinearModel_Alpha158_csi300_custom_step0_s_20260525_15,3b76d19853984fd283ea76d7fa70766b,0.02,,,
1836,2026-05-25,SH688472,0.03807017579674721,EXP_LinearModel_Alpha158_csi300_custom_step0_s_20260525_15,3b76d19853984fd283ea76d7fa70766b,0.02,,,
1837,2026-05-25,SH688396,0.08504042029380798,EXP_LinearModel_Alpha158_csi300_custom_step0_s_20260525_15,3b76d19853984fd283ea76d7fa70766b,0.02,,,
1838,2026-05-25,SH603893,-0.0561615526676178,EXP_LinearModel_Alpha158_csi300_custom_step0_s_20260525_15,3b76d19853984fd283ea76d7fa70766b,0.02,,,
1839,2026-05-25,SH603799,0.060328226536512375,EXP_LinearModel_Alpha158_csi300_custom_step0_s_20260525_15,3b76d19853984fd283ea76d7fa70766b,0.02,,,
1840,2026-05-25,SH603501,0.04990662261843681,EXP_LinearModel_Alpha158_csi300_custom_step0_s_20260525_15,3b76d19853984fd283ea76d7fa70766b,0.02,,,
1841,2026-05-25,SH603392,0.12037290632724762,EXP_LinearModel_Alpha158_csi300_custom_step0_s_20260525_15,3b76d19853984fd283ea76d7fa70766b,0.02,,,
1842,2026-05-25,SH603369,0.06341804563999176,EXP_LinearModel_Alpha158_csi300_custom_step0_s_20260525_15,3b76d19853984fd283ea76d7fa70766b,0.02,,,
1843,2026-05-25,SH603296,0.048014700412750244,EXP_LinearModel_Alpha158_csi300_custom_step0_s_20260525_15,3b76d19853984fd283ea76d7fa70766b,0.02,,,
1844,2026-05-25,SH603288,-0.09712666273117065,EXP_LinearModel_Alpha158_csi300_custom_step0_s_20260525_15,3b76d19853984fd283ea76d7fa70766b,0.02,,,
1845,2026-05-25,SH603260,0.031584739685058594,EXP_LinearModel_Alpha158_csi300_custom_step0_s_20260525_15,3b76d19853984fd283ea76d7fa70766b,0.02,,,
1846,2026-05-25,SH603259,0.03794591873884201,EXP_LinearModel_Alpha158_csi300_custom_step0_s_20260525_15,3b76d19853984fd283ea76d7fa70766b,0.02,,,
1847,2026-05-25,SH603195,-0.027753686532378197,EXP_LinearModel_Alpha158_csi300_custom_step0_s_20260525_15,3b76d19853984fd283ea76d7fa70766b,0.02,,,
1848,2026-05-25,SH603019,0.024889100342988968,EXP_LinearModel_Alpha158_csi300_custom_step0_s_20260525_15,3b76d19853984fd283ea76d7fa70766b,0.02,,,
1849,2026-05-25,SH601998,-0.12905040383338928,EXP_LinearModel_Alpha158_csi300_custom_step0_s_20260525_15,3b76d19853984fd283ea76d7fa70766b,0.02,,,
1850,2026-05-25,SH601995,0.032998234033584595,EXP_LinearModel_Alpha158_csi300_custom_step0_s_20260525_15,3b76d19853984fd283ea76d7fa70766b,0.02,,,
1851,2026-05-25,SH601988,0.01137104444205761,EXP_LinearModel_Alpha158_csi300_custom_step0_s_20260525_15,3b76d19853984fd283ea76d7fa70766b,0.02,,,
1852,2026-05-25,SH601985,-0.012796904891729355,EXP_LinearModel_Alpha158_csi300_custom_step0_s_20260525_15,3b76d19853984fd283ea76d7fa70766b,0.02,,,
1853,2026-05-25,SH603986,-0.1714649498462677,EXP_LinearModel_Alpha158_csi300_custom_step0_s_20260525_15,3b76d19853984fd283ea76d7fa70766b,0.02,,,
1854,2026-05-25,SZ000983,-0.013212844729423523,EXP_LinearModel_Alpha158_csi300_custom_step0_s_20260525_15,3b76d19853984fd283ea76d7fa70766b,0.02,,,
1855,2026-05-25,SH603993,-0.032070569694042206,EXP_LinearModel_Alpha158_csi300_custom_step0_s_20260525_15,3b76d19853984fd283ea76d7fa70766b,0.02,,,
1856,2026-05-25,SH605499,0.01667061634361744,EXP_LinearModel_Alpha158_csi300_custom_step0_s_20260525_15,3b76d19853984fd283ea76d7fa70766b,0.02,,,
1857,2026-05-25,SH688303,0.039876747876405716,EXP_LinearModel_Alpha158_csi300_custom_step0_s_20260525_15,3b76d19853984fd283ea76d7fa70766b,0.02,,,
1858,2026-05-25,SH688271,0.0497368685901165,EXP_LinearModel_Alpha158_csi300_custom_step0_s_20260525_15,3b76d19853984fd283ea76d7fa70766b,0.02,,,
1859,2026-05-25,SH688256,-0.1567363739013672,EXP_LinearModel_Alpha158_csi300_custom_step0_s_20260525_15,3b76d19853984fd283ea76d7fa70766b,0.02,,,
1860,2026-05-25,SH688223,-0.03844977915287018,EXP_LinearModel_Alpha158_csi300_custom_step0_s_20260525_15,3b76d19853984fd283ea76d7fa70766b,0.02,,,
1861,2026-05-25,SH688187,-0.18812984228134155,EXP_LinearModel_Alpha158_csi300_custom_step0_s_20260525_15,3b76d19853984fd283ea76d7fa70766b,0.02,,,
1862,2026-05-25,SH688169,0.007146582938730717,EXP_LinearModel_Alpha158_csi300_custom_step0_s_20260525_15,3b76d19853984fd283ea76d7fa70766b,0.02,,,
1863,2026-05-25,SH688126,-0.06857798248529434,EXP_LinearModel_Alpha158_csi300_custom_step0_s_20260525_15,3b76d19853984fd283ea76d7fa70766b,0.02,,,
1864,2026-05-25,SH688111,0.010275356471538544,EXP_LinearModel_Alpha158_csi300_custom_step0_s_20260525_15,3b76d19853984fd283ea76d7fa70766b,0.02,,,
1865,2026-05-25,SH688082,0.034894801676273346,EXP_LinearModel_Alpha158_csi300_custom_step0_s_20260525_15,3b76d19853984fd283ea76d7fa70766b,0.02,,,
1866,2026-05-25,SH688047,0.12499921023845673,EXP_LinearModel_Alpha158_csi300_custom_step0_s_20260525_15,3b76d19853984fd283ea76d7fa70766b,0.02,,,
1867,2026-05-25,SH688041,0.13923141360282898,EXP_LinearModel_Alpha158_csi300_custom_step0_s_20260525_15,3b76d19853984fd283ea76d7fa70766b,0.02,,,
1868,2026-05-25,SH688036,0.01161167398095131,EXP_LinearModel_Alpha158_csi300_custom_step0_s_20260525_15,3b76d19853984fd283ea76d7fa70766b,0.02,,,
1869,2026-05-25,SH688012,0.046264905482530594,EXP_LinearModel_Alpha158_csi300_custom_step0_s_20260525_15,3b76d19853984fd283ea76d7fa70766b,0.02,,,
1870,2026-05-25,SH688009,-0.04459512606263161,EXP_LinearModel_Alpha158_csi300_custom_step0_s_20260525_15,3b76d19853984fd283ea76d7fa70766b,0.02,,,
1871,2026-05-25,SH688008,-0.028407679870724678,EXP_LinearModel_Alpha158_csi300_custom_step0_s_20260525_15,3b76d19853984fd283ea76d7fa70766b,0.02,,,
1872,2026-05-25,SH605117,0.005713860969990492,EXP_LinearModel_Alpha158_csi300_custom_step0_s_20260525_15,3b76d19853984fd283ea76d7fa70766b,0.02,,,
1873,2026-05-25,SH601939,0.016977623105049133,EXP_LinearModel_Alpha158_csi300_custom_step0_s_20260525_15,3b76d19853984fd283ea76d7fa70766b,0.02,,,
1874,2026-05-25,SZ000999,-0.015992971137166023,EXP_LinearModel_Alpha158_csi300_custom_step0_s_20260525_15,3b76d19853984fd283ea76d7fa70766b,0.02,,,
1875,2026-05-25,SZ001965,0.05206703394651413,EXP_LinearModel_Alpha158_csi300_custom_step0_s_20260525_15,3b76d19853984fd283ea76d7fa70766b,0.02,,,
1876,2026-05-25,SZ300413,-0.01992439478635788,EXP_LinearModel_Alpha158_csi300_custom_step0_s_20260525_15,3b76d19853984fd283ea76d7fa70766b,0.02,,,
1877,2026-05-25,SZ300408,-0.18831071257591248,EXP_LinearModel_Alpha158_csi300_custom_step0_s_20260525_15,3b76d19853984fd283ea76d7fa70766b,0.02,,,
1878,2026-05-25,SZ300394,-0.05073960870504379,EXP_LinearModel_Alpha158_csi300_custom_step0_s_20260525_15,3b76d19853984fd283ea76d7fa70766b,0.02,,,
1879,2026-05-25,SZ300347,0.10513101518154144,EXP_LinearModel_Alpha158_csi300_custom_step0_s_20260525_15,3b76d19853984fd283ea76d7fa70766b,0.02,,,
1880,2026-05-25,SZ300316,-0.13697554171085358,EXP_LinearModel_Alpha158_csi300_custom_step0_s_20260525_15,3b76d19853984fd283ea76d7fa70766b,0.02,,,
1881,2026-05-25,SZ300308,-0.06620382517576218,EXP_LinearModel_Alpha158_csi300_custom_step0_s_20260525_15,3b76d19853984fd283ea76d7fa70766b,0.02,,,
1882,2026-05-25,SZ300418,0.031652383506298065,EXP_LinearModel_Alpha158_csi300_custom_step0_s_20260525_15,3b76d19853984fd283ea76d7fa70766b,0.02,,,
1883,2026-05-25,SZ300274,-0.12051767110824585,EXP_LinearModel_Alpha158_csi300_custom_step0_s_20260525_15,3b76d19853984fd283ea76d7fa70766b,0.02,,,
1884,2026-05-25,SZ300124,-0.03884784132242203,EXP_LinearModel_Alpha158_csi300_custom_step0_s_20260525_15,3b76d19853984fd283ea76d7fa70766b,0.02,,,
1885,2026-05-25,SZ300122,0.03400823846459389,EXP_LinearModel_Alpha158_csi300_custom_step0_s_20260525_15,3b76d19853984fd283ea76d7fa70766b,0.02,,,
1886,2026-05-25,SZ300059,0.023349884897470474,EXP_LinearModel_Alpha158_csi300_custom_step0_s_20260525_15,3b76d19853984fd283ea76d7fa70766b,0.02,,,
1887,2026-05-25,SZ300033,0.059612371027469635,EXP_LinearModel_Alpha158_csi300_custom_step0_s_20260525_15,3b76d19853984fd283ea76d7fa70766b,0.02,,,
1888,2026-05-25,SZ300015,0.0969386100769043,EXP_LinearModel_Alpha158_csi300_custom_step0_s_20260525_15,3b76d19853984fd283ea76d7fa70766b,0.02,,,
1889,2026-05-25,SZ300014,0.04910743609070778,EXP_LinearModel_Alpha158_csi300_custom_step0_s_20260525_15,3b76d19853984fd283ea76d7fa70766b,0.02,,,
1890,2026-05-25,SZ300251,-0.023706089705228806,EXP_LinearModel_Alpha158_csi300_custom_step0_s_20260525_15,3b76d19853984fd283ea76d7fa70766b,0.02,,,
1891,2026-05-25,SZ300433,-0.05238458514213562,EXP_LinearModel_Alpha158_csi300_custom_step0_s_20260525_15,3b76d19853984fd283ea76d7fa70766b,0.02,,,
1892,2026-05-25,SZ300442,-0.002624240703880787,EXP_LinearModel_Alpha158_csi300_custom_step0_s_20260525_15,3b76d19853984fd283ea76d7fa70766b,0.02,,,
1893,2026-05-25,SZ300476,-0.07823440432548523,EXP_LinearModel_Alpha158_csi300_custom_step0_s_20260525_15,3b76d19853984fd283ea76d7fa70766b,0.02,,,
1894,2026-05-25,SZ301236,0.07091724127531052,EXP_LinearModel_Alpha158_csi300_custom_step0_s_20260525_15,3b76d19853984fd283ea76d7fa70766b,0.02,,,
1895,2026-05-25,SZ300999,-0.10189379006624222,EXP_LinearModel_Alpha158_csi300_custom_step0_s_20260525_15,3b76d19853984fd283ea76d7fa70766b,0.02,,,
1896,2026-05-25,SZ300979,0.05230647698044777,EXP_LinearModel_Alpha158_csi300_custom_step0_s_20260525_15,3b76d19853984fd283ea76d7fa70766b,0.02,,,
1897,2026-05-25,SZ300896,-0.050030697137117386,EXP_LinearModel_Alpha158_csi300_custom_step0_s_20260525_15,3b76d19853984fd283ea76d7fa70766b,0.02,,,
1898,2026-05-25,SZ300866,0.08809502422809601,EXP_LinearModel_Alpha158_csi300_custom_step0_s_20260525_15,3b76d19853984fd283ea76d7fa70766b,0.02,,,
1899,2026-05-25,SZ300832,-0.00758524751290679,EXP_LinearModel_Alpha158_csi300_custom_step0_s_20260525_15,3b76d19853984fd283ea76d7fa70766b,0.02,,,
1900,2026-05-25,SZ300803,0.08807079493999481,EXP_LinearModel_Alpha158_csi300_custom_step0_s_20260525_15,3b76d19853984fd283ea76d7fa70766b,0.02,,,
1901,2026-05-25,SZ300782,-0.044922783970832825,EXP_LinearModel_Alpha158_csi300_custom_step0_s_20260525_15,3b76d19853984fd283ea76d7fa70766b,0.02,,,
1902,2026-05-25,SZ300760,0.05130209028720856,EXP_LinearModel_Alpha158_csi300_custom_step0_s_20260525_15,3b76d19853984fd283ea76d7fa70766b,0.02,,,
1903,2026-05-25,SZ300759,0.035575516521930695,EXP_LinearModel_Alpha158_csi300_custom_step0_s_20260525_15,3b76d19853984fd283ea76d7fa70766b,0.02,,,
1904,2026-05-25,SZ300750,-0.09466441720724106,EXP_LinearModel_Alpha158_csi300_custom_step0_s_20260525_15,3b76d19853984fd283ea76d7fa70766b,0.02,,,
1905,2026-05-25,SZ300661,0.04606318473815918,EXP_LinearModel_Alpha158_csi300_custom_step0_s_20260525_15,3b76d19853984fd283ea76d7fa70766b,0.02,,,
1906,2026-05-25,SZ300628,0.06121623516082764,EXP_LinearModel_Alpha158_csi300_custom_step0_s_20260525_15,3b76d19853984fd283ea76d7fa70766b,0.02,,,
1907,2026-05-25,SZ300502,-0.00019397953292354941,EXP_LinearModel_Alpha158_csi300_custom_step0_s_20260525_15,3b76d19853984fd283ea76d7fa70766b,0.02,,,
1908,2026-05-25,SZ300498,0.009583286009728909,EXP_LinearModel_Alpha158_csi300_custom_step0_s_20260525_15,3b76d19853984fd283ea76d7fa70766b,0.02,,,
1909,2026-05-25,SZ003816,0.08916963636875153,EXP_LinearModel_Alpha158_csi300_custom_step0_s_20260525_15,3b76d19853984fd283ea76d7fa70766b,0.02,,,
1910,2026-05-25,SZ002938,-0.07068096846342087,EXP_LinearModel_Alpha158_csi300_custom_step0_s_20260525_15,3b76d19853984fd283ea76d7fa70766b,0.02,,,
1911,2026-05-25,SZ002920,-0.009299272671341896,EXP_LinearModel_Alpha158_csi300_custom_step0_s_20260525_15,3b76d19853984fd283ea76d7fa70766b,0.02,,,
1912,2026-05-25,SZ002916,-0.0761481299996376,EXP_LinearModel_Alpha158_csi300_custom_step0_s_20260525_15,3b76d19853984fd283ea76d7fa70766b,0.02,,,
1913,2026-05-25,SZ002311,-0.037728823721408844,EXP_LinearModel_Alpha158_csi300_custom_step0_s_20260525_15,3b76d19853984fd283ea76d7fa70766b,0.02,,,
1914,2026-05-25,SZ002304,-0.04447612911462784,EXP_LinearModel_Alpha158_csi300_custom_step0_s_20260525_15,3b76d19853984fd283ea76d7fa70766b,0.02,,,
1915,2026-05-25,SZ002252,-0.010363727807998657,EXP_LinearModel_Alpha158_csi300_custom_step0_s_20260525_15,3b76d19853984fd283ea76d7fa70766b,0.02,,,
1916,2026-05-25,SZ002241,0.03732779249548912,EXP_LinearModel_Alpha158_csi300_custom_step0_s_20260525_15,3b76d19853984fd283ea76d7fa70766b,0.02,,,
1917,2026-05-25,SZ002236,0.05403086915612221,EXP_LinearModel_Alpha158_csi300_custom_step0_s_20260525_15,3b76d19853984fd283ea76d7fa70766b,0.02,,,
1918,2026-05-25,SZ002230,0.058459196239709854,EXP_LinearModel_Alpha158_csi300_custom_step0_s_20260525_15,3b76d19853984fd283ea76d7fa70766b,0.02,,,
1919,2026-05-25,SZ002179,0.046714842319488525,EXP_LinearModel_Alpha158_csi300_custom_step0_s_20260525_15,3b76d19853984fd283ea76d7fa70766b,0.02,,,
1920,2026-05-25,SZ002142,-0.018746456131339073,EXP_LinearModel_Alpha158_csi300_custom_step0_s_20260525_15,3b76d19853984fd283ea76d7fa70766b,0.02,,,
1921,2026-05-25,SZ002074,0.027201373130083084,EXP_LinearModel_Alpha158_csi300_custom_step0_s_20260525_15,3b76d19853984fd283ea76d7fa70766b,0.02,,,
1922,2026-05-25,SZ002050,-0.050671909004449844,EXP_LinearModel_Alpha158_csi300_custom_step0_s_20260525_15,3b76d19853984fd283ea76d7fa70766b,0.02,,,
1923,2026-05-25,SZ002049,0.014092870056629181,EXP_LinearModel_Alpha158_csi300_custom_step0_s_20260525_15,3b76d19853984fd283ea76d7fa70766b,0.02,,,
1924,2026-05-25,SZ002028,-0.06338337808847427,EXP_LinearModel_Alpha158_csi300_custom_step0_s_20260525_15,3b76d19853984fd283ea76d7fa70766b,0.02,,,
1925,2026-05-25,SZ002027,-0.05883517861366272,EXP_LinearModel_Alpha158_csi300_custom_step0_s_20260525_15,3b76d19853984fd283ea76d7fa70766b,0.02,,,
1926,2026-05-25,SZ002001,0.00906316563487053,EXP_LinearModel_Alpha158_csi300_custom_step0_s_20260525_15,3b76d19853984fd283ea76d7fa70766b,0.02,,,
1927,2026-05-25,SZ001979,0.006941795814782381,EXP_LinearModel_Alpha158_csi300_custom_step0_s_20260525_15,3b76d19853984fd283ea76d7fa70766b,0.02,,,
1928,2026-05-25,SZ002352,0.023850122466683388,EXP_LinearModel_Alpha158_csi300_custom_step0_s_20260525_15,3b76d19853984fd283ea76d7fa70766b,0.02,,,
1929,2026-05-25,SZ001391,-0.050190556794404984,EXP_LinearModel_Alpha158_csi300_custom_step0_s_20260525_15,3b76d19853984fd283ea76d7fa70766b,0.02,,,
1930,2026-05-25,SZ002371,-0.026116259396076202,EXP_LinearModel_Alpha158_csi300_custom_step0_s_20260525_15,3b76d19853984fd283ea76d7fa70766b,0.02,,,
1931,2026-05-25,SZ002415,0.029479799792170525,EXP_LinearModel_Alpha158_csi300_custom_step0_s_20260525_15,3b76d19853984fd283ea76d7fa70766b,0.02,,,
1932,2026-05-25,SZ002736,-0.022971270605921745,EXP_LinearModel_Alpha158_csi300_custom_step0_s_20260525_15,3b76d19853984fd283ea76d7fa70766b,0.02,,,
1933,2026-05-25,SZ002714,-0.07881231606006622,EXP_LinearModel_Alpha158_csi300_custom_step0_s_20260525_15,3b76d19853984fd283ea76d7fa70766b,0.02,,,
1934,2026-05-25,SZ002709,0.15493342280387878,EXP_LinearModel_Alpha158_csi300_custom_step0_s_20260525_15,3b76d19853984fd283ea76d7fa70766b,0.02,,,
1935,2026-05-25,SZ002648,0.06217005476355553,EXP_LinearModel_Alpha158_csi300_custom_step0_s_20260525_15,3b76d19853984fd283ea76d7fa70766b,0.02,,,
1936,2026-05-25,SZ002625,0.007918132469058037,EXP_LinearModel_Alpha158_csi300_custom_step0_s_20260525_15,3b76d19853984fd283ea76d7fa70766b,0.02,,,
1937,2026-05-25,SZ002601,-0.01325927209109068,EXP_LinearModel_Alpha158_csi300_custom_step0_s_20260525_15,3b76d19853984fd283ea76d7fa70766b,0.02,,,
1938,2026-05-25,SZ002600,0.026286810636520386,EXP_LinearModel_Alpha158_csi300_custom_step0_s_20260525_15,3b76d19853984fd283ea76d7fa70766b,0.02,,,
1939,2026-05-25,SZ002594,-0.0537363700568676,EXP_LinearModel_Alpha158_csi300_custom_step0_s_20260525_15,3b76d19853984fd283ea76d7fa70766b,0.02,,,
1940,2026-05-25,SZ002493,0.027897434309124947,EXP_LinearModel_Alpha158_csi300_custom_step0_s_20260525_15,3b76d19853984fd283ea76d7fa70766b,0.02,,,
1941,2026-05-25,SZ002475,0.003417255589738488,EXP_LinearModel_Alpha158_csi300_custom_step0_s_20260525_15,3b76d19853984fd283ea76d7fa70766b,0.02,,,
1942,2026-05-25,SZ002466,0.06581577658653259,EXP_LinearModel_Alpha158_csi300_custom_step0_s_20260525_15,3b76d19853984fd283ea76d7fa70766b,0.02,,,
1943,2026-05-25,SZ002463,-0.0740959495306015,EXP_LinearModel_Alpha158_csi300_custom_step0_s_20260525_15,3b76d19853984fd283ea76d7fa70766b,0.02,,,
1944,2026-05-25,SZ002460,0.035822849720716476,EXP_LinearModel_Alpha158_csi300_custom_step0_s_20260525_15,3b76d19853984fd283ea76d7fa70766b,0.02,,,
1945,2026-05-25,SZ002459,-0.06223001703619957,EXP_LinearModel_Alpha158_csi300_custom_step0_s_20260525_15,3b76d19853984fd283ea76d7fa70766b,0.02,,,
1946,2026-05-25,SZ002422,-0.0851362943649292,EXP_LinearModel_Alpha158_csi300_custom_step0_s_20260525_15,3b76d19853984fd283ea76d7fa70766b,0.02,,,
1947,2026-05-25,SZ002384,0.13121891021728516,EXP_LinearModel_Alpha158_csi300_custom_step0_s_20260525_15,3b76d19853984fd283ea76d7fa70766b,0.02,,,
1948,2026-05-25,SZ301269,0.1312565803527832,EXP_LinearModel_Alpha158_csi300_custom_step0_s_20260525_15,3b76d19853984fd283ea76d7fa70766b,0.02,,,
1949,2026-05-25,SH601919,0.004929123446345329,EXP_LinearModel_Alpha158_csi300_custom_step0_s_20260525_15,3b76d19853984fd283ea76d7fa70766b,0.02,,,
1950,2026-05-25,SH601901,0.04788925498723984,EXP_LinearModel_Alpha158_csi300_custom_step0_s_20260525_15,3b76d19853984fd283ea76d7fa70766b,0.02,,,
1951,2026-05-25,SH600547,0.01784914918243885,EXP_LinearModel_Alpha158_csi300_custom_step0_s_20260525_15,3b76d19853984fd283ea76d7fa70766b,0.02,,,
1952,2026-05-25,SH600522,0.25278642773628235,EXP_LinearModel_Alpha158_csi300_custom_step0_s_20260525_15,3b76d19853984fd283ea76d7fa70766b,0.02,,,
1953,2026-05-25,SH600519,-0.07533655315637589,EXP_LinearModel_Alpha158_csi300_custom_step0_s_20260525_15,3b76d19853984fd283ea76d7fa70766b,0.02,,,
1954,2026-05-25,SH600515,-0.05980256199836731,EXP_LinearModel_Alpha158_csi300_custom_step0_s_20260525_15,3b76d19853984fd283ea76d7fa70766b,0.02,,,
1955,2026-05-25,SH600489,-0.022186072543263435,EXP_LinearModel_Alpha158_csi300_custom_step0_s_20260525_15,3b76d19853984fd283ea76d7fa70766b,0.02,,,
1956,2026-05-25,SH600482,-0.0065804654732346535,EXP_LinearModel_Alpha158_csi300_custom_step0_s_20260525_15,3b76d19853984fd283ea76d7fa70766b,0.02,,,
1957,2026-05-25,SH600570,0.03681729733943939,EXP_LinearModel_Alpha158_csi300_custom_step0_s_20260525_15,3b76d19853984fd283ea76d7fa70766b,0.02,,,
1958,2026-05-25,SH600460,0.014364838600158691,EXP_LinearModel_Alpha158_csi300_custom_step0_s_20260525_15,3b76d19853984fd283ea76d7fa70766b,0.02,,,
1959,2026-05-25,SH600436,-0.0911419540643692,EXP_LinearModel_Alpha158_csi300_custom_step0_s_20260525_15,3b76d19853984fd283ea76d7fa70766b,0.02,,,
1960,2026-05-25,SH600426,0.025534147396683693,EXP_LinearModel_Alpha158_csi300_custom_step0_s_20260525_15,3b76d19853984fd283ea76d7fa70766b,0.02,,,
1961,2026-05-25,SH600415,9.601027704775333e-05,EXP_LinearModel_Alpha158_csi300_custom_step0_s_20260525_15,3b76d19853984fd283ea76d7fa70766b,0.02,,,
1962,2026-05-25,SH600406,-0.0030435111839324236,EXP_LinearModel_Alpha158_csi300_custom_step0_s_20260525_15,3b76d19853984fd283ea76d7fa70766b,0.02,,,
1963,2026-05-25,SH600377,0.06323976814746857,EXP_LinearModel_Alpha158_csi300_custom_step0_s_20260525_15,3b76d19853984fd283ea76d7fa70766b,0.02,,,
1964,2026-05-25,SH600372,-0.06269899755716324,EXP_LinearModel_Alpha158_csi300_custom_step0_s_20260525_15,3b76d19853984fd283ea76d7fa70766b,0.02,,,
1965,2026-05-25,SH600438,0.11754970252513885,EXP_LinearModel_Alpha158_csi300_custom_step0_s_20260525_15,3b76d19853984fd283ea76d7fa70766b,0.02,,,
1966,2026-05-25,SH600584,-0.1757250428199768,EXP_LinearModel_Alpha158_csi300_custom_step0_s_20260525_15,3b76d19853984fd283ea76d7fa70766b,0.02,,,
1967,2026-05-25,SH600585,-0.15689560770988464,EXP_LinearModel_Alpha158_csi300_custom_step0_s_20260525_15,3b76d19853984fd283ea76d7fa70766b,0.02,,,
1968,2026-05-25,SH600588,-0.031015299260616302,EXP_LinearModel_Alpha158_csi300_custom_step0_s_20260525_15,3b76d19853984fd283ea76d7fa70766b,0.02,,,
1969,2026-05-25,SH600900,-0.1021387130022049,EXP_LinearModel_Alpha158_csi300_custom_step0_s_20260525_15,3b76d19853984fd283ea76d7fa70766b,0.02,,,
1970,2026-05-25,SH600893,0.042602334171533585,EXP_LinearModel_Alpha158_csi300_custom_step0_s_20260525_15,3b76d19853984fd283ea76d7fa70766b,0.02,,,
1971,2026-05-25,SH600887,-0.060872599482536316,EXP_LinearModel_Alpha158_csi300_custom_step0_s_20260525_15,3b76d19853984fd283ea76d7fa70766b,0.02,,,
1972,2026-05-25,SH600886,-0.010888176038861275,EXP_LinearModel_Alpha158_csi300_custom_step0_s_20260525_15,3b76d19853984fd283ea76d7fa70766b,0.02,,,
1973,2026-05-25,SH600875,0.06532083451747894,EXP_LinearModel_Alpha158_csi300_custom_step0_s_20260525_15,3b76d19853984fd283ea76d7fa70766b,0.02,,,
1974,2026-05-25,SH600845,0.05411988124251366,EXP_LinearModel_Alpha158_csi300_custom_step0_s_20260525_15,3b76d19853984fd283ea76d7fa70766b,0.02,,,
1975,2026-05-25,SH600809,0.011718307621777058,EXP_LinearModel_Alpha158_csi300_custom_step0_s_20260525_15,3b76d19853984fd283ea76d7fa70766b,0.02,,,
1976,2026-05-25,SH600803,-0.005219937302172184,EXP_LinearModel_Alpha158_csi300_custom_step0_s_20260525_15,3b76d19853984fd283ea76d7fa70766b,0.02,,,
1977,2026-05-25,SH600795,0.005002525169402361,EXP_LinearModel_Alpha158_csi300_custom_step0_s_20260525_15,3b76d19853984fd283ea76d7fa70766b,0.02,,,
1978,2026-05-25,SH600760,-0.04448646306991577,EXP_LinearModel_Alpha158_csi300_custom_step0_s_20260525_15,3b76d19853984fd283ea76d7fa70766b,0.02,,,
1979,2026-05-25,SH600741,-0.05444873869419098,EXP_LinearModel_Alpha158_csi300_custom_step0_s_20260525_15,3b76d19853984fd283ea76d7fa70766b,0.02,,,
1980,2026-05-25,SH600690,-0.052332937717437744,EXP_LinearModel_Alpha158_csi300_custom_step0_s_20260525_15,3b76d19853984fd283ea76d7fa70766b,0.02,,,
1981,2026-05-25,SH600674,0.006081647239625454,EXP_LinearModel_Alpha158_csi300_custom_step0_s_20260525_15,3b76d19853984fd283ea76d7fa70766b,0.02,,,
1982,2026-05-25,SH600660,-0.08985281735658646,EXP_LinearModel_Alpha158_csi300_custom_step0_s_20260525_15,3b76d19853984fd283ea76d7fa70766b,0.02,,,
1983,2026-05-25,SH600600,-0.12713176012039185,EXP_LinearModel_Alpha158_csi300_custom_step0_s_20260525_15,3b76d19853984fd283ea76d7fa70766b,0.02,,,
1984,2026-05-25,SH600362,-0.05014466866850853,EXP_LinearModel_Alpha158_csi300_custom_step0_s_20260525_15,3b76d19853984fd283ea76d7fa70766b,0.02,,,
1985,2026-05-25,SH600346,-0.02438550814986229,EXP_LinearModel_Alpha158_csi300_custom_step0_s_20260525_15,3b76d19853984fd283ea76d7fa70766b,0.02,,,
1986,2026-05-25,SH600309,-0.029598837718367577,EXP_LinearModel_Alpha158_csi300_custom_step0_s_20260525_15,3b76d19853984fd283ea76d7fa70766b,0.02,,,
1987,2026-05-25,SH600276,-0.12572726607322693,EXP_LinearModel_Alpha158_csi300_custom_step0_s_20260525_15,3b76d19853984fd283ea76d7fa70766b,0.02,,,
1988,2026-05-25,SH600036,-0.11262534558773041,EXP_LinearModel_Alpha158_csi300_custom_step0_s_20260525_15,3b76d19853984fd283ea76d7fa70766b,0.02,,,
1989,2026-05-25,SH600031,-0.023182377219200134,EXP_LinearModel_Alpha158_csi300_custom_step0_s_20260525_15,3b76d19853984fd283ea76d7fa70766b,0.02,,,
1990,2026-05-25,SH600030,0.02016087993979454,EXP_LinearModel_Alpha158_csi300_custom_step0_s_20260525_15,3b76d19853984fd283ea76d7fa70766b,0.02,,,
1991,2026-05-25,SH600029,-0.07235847413539886,EXP_LinearModel_Alpha158_csi300_custom_step0_s_20260525_15,3b76d19853984fd283ea76d7fa70766b,0.02,,,
1992,2026-05-25,SH600028,-0.1144275963306427,EXP_LinearModel_Alpha158_csi300_custom_step0_s_20260525_15,3b76d19853984fd283ea76d7fa70766b,0.02,,,
1993,2026-05-25,SH600027,0.035718441009521484,EXP_LinearModel_Alpha158_csi300_custom_step0_s_20260525_15,3b76d19853984fd283ea76d7fa70766b,0.02,,,
1994,2026-05-25,SH600026,0.02709372155368328,EXP_LinearModel_Alpha158_csi300_custom_step0_s_20260525_15,3b76d19853984fd283ea76d7fa70766b,0.02,,,
1995,2026-05-25,SH600025,0.0563550740480423,EXP_LinearModel_Alpha158_csi300_custom_step0_s_20260525_15,3b76d19853984fd283ea76d7fa70766b,0.02,,,
1996,2026-05-25,SH600023,0.11567675322294235,EXP_LinearModel_Alpha158_csi300_custom_step0_s_20260525_15,3b76d19853984fd283ea76d7fa70766b,0.02,,,
1997,2026-05-25,SH600019,-0.039583005011081696,EXP_LinearModel_Alpha158_csi300_custom_step0_s_20260525_15,3b76d19853984fd283ea76d7fa70766b,0.02,,,
1998,2026-05-25,SH600018,0.05719570443034172,EXP_LinearModel_Alpha158_csi300_custom_step0_s_20260525_15,3b76d19853984fd283ea76d7fa70766b,0.02,,,
1999,2026-05-25,SH600016,-0.1012626439332962,EXP_LinearModel_Alpha158_csi300_custom_step0_s_20260525_15,3b76d19853984fd283ea76d7fa70766b,0.02,,,
2000,2026-05-25,SH600015,0.0410398505628109,EXP_LinearModel_Alpha158_csi300_custom_step0_s_20260525_15,3b76d19853984fd283ea76d7fa70766b,0.02,,,
2001,2026-05-25,SH600011,0.022634446620941162,EXP_LinearModel_Alpha158_csi300_custom_step0_s_20260525_15,3b76d19853984fd283ea76d7fa70766b,0.02,,,
2002,2026-05-25,SH600010,0.06666972488164902,EXP_LinearModel_Alpha158_csi300_custom_step0_s_20260525_15,3b76d19853984fd283ea76d7fa70766b,0.02,,,
2003,2026-05-25,SH600039,0.1455148458480835,EXP_LinearModel_Alpha158_csi300_custom_step0_s_20260525_15,3b76d19853984fd283ea76d7fa70766b,0.02,,,
2004,2026-05-25,SH600905,-0.013047728687524796,EXP_LinearModel_Alpha158_csi300_custom_step0_s_20260525_15,3b76d19853984fd283ea76d7fa70766b,0.02,,,
2005,2026-05-25,SH600048,-0.02195703610777855,EXP_LinearModel_Alpha158_csi300_custom_step0_s_20260525_15,3b76d19853984fd283ea76d7fa70766b,0.02,,,
2006,2026-05-25,SH600061,-0.007426902186125517,EXP_LinearModel_Alpha158_csi300_custom_step0_s_20260525_15,3b76d19853984fd283ea76d7fa70766b,0.02,,,
2007,2026-05-25,SH600233,0.011250458657741547,EXP_LinearModel_Alpha158_csi300_custom_step0_s_20260525_15,3b76d19853984fd283ea76d7fa70766b,0.02,,,
2008,2026-05-25,SH600219,0.06570512801408768,EXP_LinearModel_Alpha158_csi300_custom_step0_s_20260525_15,3b76d19853984fd283ea76d7fa70766b,0.02,,,
2009,2026-05-25,SH600196,-0.07395243644714355,EXP_LinearModel_Alpha158_csi300_custom_step0_s_20260525_15,3b76d19853984fd283ea76d7fa70766b,0.02,,,
2010,2026-05-25,SH600188,0.06406667083501816,EXP_LinearModel_Alpha158_csi300_custom_step0_s_20260525_15,3b76d19853984fd283ea76d7fa70766b,0.02,,,
2011,2026-05-25,SH600183,-0.1402624547481537,EXP_LinearModel_Alpha158_csi300_custom_step0_s_20260525_15,3b76d19853984fd283ea76d7fa70766b,0.02,,,
2012,2026-05-25,SH600176,-0.09007297456264496,EXP_LinearModel_Alpha158_csi300_custom_step0_s_20260525_15,3b76d19853984fd283ea76d7fa70766b,0.02,,,
2013,2026-05-25,SH600161,0.02430415153503418,EXP_LinearModel_Alpha158_csi300_custom_step0_s_20260525_15,3b76d19853984fd283ea76d7fa70766b,0.02,,,
2014,2026-05-25,SH600160,0.013298967853188515,EXP_LinearModel_Alpha158_csi300_custom_step0_s_20260525_15,3b76d19853984fd283ea76d7fa70766b,0.02,,,
2015,2026-05-25,SH600150,0.14514663815498352,EXP_LinearModel_Alpha158_csi300_custom_step0_s_20260525_15,3b76d19853984fd283ea76d7fa70766b,0.02,,,
2016,2026-05-25,SH600115,-0.0871710479259491,EXP_LinearModel_Alpha158_csi300_custom_step0_s_20260525_15,3b76d19853984fd283ea76d7fa70766b,0.02,,,
2017,2026-05-25,SH600111,0.09702897816896439,EXP_LinearModel_Alpha158_csi300_custom_step0_s_20260525_15,3b76d19853984fd283ea76d7fa70766b,0.02,,,
2018,2026-05-25,SH600104,-0.05217865854501724,EXP_LinearModel_Alpha158_csi300_custom_step0_s_20260525_15,3b76d19853984fd283ea76d7fa70766b,0.02,,,
2019,2026-05-25,SH600089,0.010339882224798203,EXP_LinearModel_Alpha158_csi300_custom_step0_s_20260525_15,3b76d19853984fd283ea76d7fa70766b,0.02,,,
2020,2026-05-25,SH600085,-0.12341989576816559,EXP_LinearModel_Alpha158_csi300_custom_step0_s_20260525_15,3b76d19853984fd283ea76d7fa70766b,0.02,,,
2021,2026-05-25,SH600066,-0.09037511050701141,EXP_LinearModel_Alpha158_csi300_custom_step0_s_20260525_15,3b76d19853984fd283ea76d7fa70766b,0.02,,,
2022,2026-05-25,SH600050,0.1156325712800026,EXP_LinearModel_Alpha158_csi300_custom_step0_s_20260525_15,3b76d19853984fd283ea76d7fa70766b,0.02,,,
2023,2026-05-25,SH601916,0.03403671085834503,EXP_LinearModel_Alpha158_csi300_custom_step0_s_20260525_15,3b76d19853984fd283ea76d7fa70766b,0.02,,,
2024,2026-05-25,SH600918,-0.07980844378471375,EXP_LinearModel_Alpha158_csi300_custom_step0_s_20260525_15,3b76d19853984fd283ea76d7fa70766b,0.02,,,
2025,2026-05-25,SH600926,-0.12928137183189392,EXP_LinearModel_Alpha158_csi300_custom_step0_s_20260525_15,3b76d19853984fd283ea76d7fa70766b,0.02,,,
2026,2026-05-25,SH601689,-0.043001122772693634,EXP_LinearModel_Alpha158_csi300_custom_step0_s_20260525_15,3b76d19853984fd283ea76d7fa70766b,0.02,,,
2027,2026-05-25,SH601688,-0.006716778036206961,EXP_LinearModel_Alpha158_csi300_custom_step0_s_20260525_15,3b76d19853984fd283ea76d7fa70766b,0.02,,,
2028,2026-05-25,SH601669,-0.01004053931683302,EXP_LinearModel_Alpha158_csi300_custom_step0_s_20260525_15,3b76d19853984fd283ea76d7fa70766b,0.02,,,
2029,2026-05-25,SH601668,-0.09599152207374573,EXP_LinearModel_Alpha158_csi300_custom_step0_s_20260525_15,3b76d19853984fd283ea76d7fa70766b,0.02,,,
2030,2026-05-25,SH601658,0.018189452588558197,EXP_LinearModel_Alpha158_csi300_custom_step0_s_20260525_15,3b76d19853984fd283ea76d7fa70766b,0.02,,,
2031,2026-05-25,SH601633,-0.09252826869487762,EXP_LinearModel_Alpha158_csi300_custom_step0_s_20260525_15,3b76d19853984fd283ea76d7fa70766b,0.02,,,
2032,2026-05-25,SH601698,0.08399850875139236,EXP_LinearModel_Alpha158_csi300_custom_step0_s_20260525_15,3b76d19853984fd283ea76d7fa70766b,0.02,,,
2033,2026-05-25,SH601628,-0.10924196988344193,EXP_LinearModel_Alpha158_csi300_custom_step0_s_20260525_15,3b76d19853984fd283ea76d7fa70766b,0.02,,,
2034,2026-05-25,SH601607,-0.0313386507332325,EXP_LinearModel_Alpha158_csi300_custom_step0_s_20260525_15,3b76d19853984fd283ea76d7fa70766b,0.02,,,
2035,2026-05-25,SH601601,-0.07635713368654251,EXP_LinearModel_Alpha158_csi300_custom_step0_s_20260525_15,3b76d19853984fd283ea76d7fa70766b,0.02,,,
2036,2026-05-25,SH601600,0.0630158856511116,EXP_LinearModel_Alpha158_csi300_custom_step0_s_20260525_15,3b76d19853984fd283ea76d7fa70766b,0.02,,,
2037,2026-05-25,SH601456,0.0220622755587101,EXP_LinearModel_Alpha158_csi300_custom_step0_s_20260525_15,3b76d19853984fd283ea76d7fa70766b,0.02,,,
2038,2026-05-25,SH601398,0.05084129050374031,EXP_LinearModel_Alpha158_csi300_custom_step0_s_20260525_15,3b76d19853984fd283ea76d7fa70766b,0.02,,,
2039,2026-05-25,SH601390,-0.05870793014764786,EXP_LinearModel_Alpha158_csi300_custom_step0_s_20260525_15,3b76d19853984fd283ea76d7fa70766b,0.02,,,
2040,2026-05-25,SH601618,-0.09534645825624466,EXP_LinearModel_Alpha158_csi300_custom_step0_s_20260525_15,3b76d19853984fd283ea76d7fa70766b,0.02,,,
2041,2026-05-25,SH601728,0.11291030049324036,EXP_LinearModel_Alpha158_csi300_custom_step0_s_20260525_15,3b76d19853984fd283ea76d7fa70766b,0.02,,,
2042,2026-05-25,SH601766,-0.14275123178958893,EXP_LinearModel_Alpha158_csi300_custom_step0_s_20260525_15,3b76d19853984fd283ea76d7fa70766b,0.02,,,
2043,2026-05-25,SH601788,-0.06776759773492813,EXP_LinearModel_Alpha158_csi300_custom_step0_s_20260525_15,3b76d19853984fd283ea76d7fa70766b,0.02,,,
2044,2026-05-25,SH601899,-0.056197915226221085,EXP_LinearModel_Alpha158_csi300_custom_step0_s_20260525_15,3b76d19853984fd283ea76d7fa70766b,0.02,,,
2045,2026-05-25,SH601898,0.09487044811248779,EXP_LinearModel_Alpha158_csi300_custom_step0_s_20260525_15,3b76d19853984fd283ea76d7fa70766b,0.02,,,
2046,2026-05-25,SH601888,-0.021233130246400833,EXP_LinearModel_Alpha158_csi300_custom_step0_s_20260525_15,3b76d19853984fd283ea76d7fa70766b,0.02,,,
2047,2026-05-25,SH601881,0.01992887258529663,EXP_LinearModel_Alpha158_csi300_custom_step0_s_20260525_15,3b76d19853984fd283ea76d7fa70766b,0.02,,,
2048,2026-05-25,SH601878,0.0032461255323141813,EXP_LinearModel_Alpha158_csi300_custom_step0_s_20260525_15,3b76d19853984fd283ea76d7fa70766b,0.02,,,
2049,2026-05-25,SH601877,-0.05593668296933174,EXP_LinearModel_Alpha158_csi300_custom_step0_s_20260525_15,3b76d19853984fd283ea76d7fa70766b,0.02,,,
2050,2026-05-25,SH601872,0.06460501998662949,EXP_LinearModel_Alpha158_csi300_custom_step0_s_20260525_15,3b76d19853984fd283ea76d7fa70766b,0.02,,,
2051,2026-05-25,SH601868,0.015884947031736374,EXP_LinearModel_Alpha158_csi300_custom_step0_s_20260525_15,3b76d19853984fd283ea76d7fa70766b,0.02,,,
2052,2026-05-25,SH601857,0.060067806392908096,EXP_LinearModel_Alpha158_csi300_custom_step0_s_20260525_15,3b76d19853984fd283ea76d7fa70766b,0.02,,,
2053,2026-05-25,SH601838,0.03469151630997658,EXP_LinearModel_Alpha158_csi300_custom_step0_s_20260525_15,3b76d19853984fd283ea76d7fa70766b,0.02,,,
2054,2026-05-25,SH601825,-0.05586612969636917,EXP_LinearModel_Alpha158_csi300_custom_step0_s_20260525_15,3b76d19853984fd283ea76d7fa70766b,0.02,,,
2055,2026-05-25,SH601818,0.043315041810274124,EXP_LinearModel_Alpha158_csi300_custom_step0_s_20260525_15,3b76d19853984fd283ea76d7fa70766b,0.02,,,
2056,2026-05-25,SH601816,-0.1339540183544159,EXP_LinearModel_Alpha158_csi300_custom_step0_s_20260525_15,3b76d19853984fd283ea76d7fa70766b,0.02,,,
2057,2026-05-25,SH601808,-0.02198067307472229,EXP_LinearModel_Alpha158_csi300_custom_step0_s_20260525_15,3b76d19853984fd283ea76d7fa70766b,0.02,,,
2058,2026-05-25,SH601800,-0.016567468643188477,EXP_LinearModel_Alpha158_csi300_custom_step0_s_20260525_15,3b76d19853984fd283ea76d7fa70766b,0.02,,,
2059,2026-05-25,SH601377,0.00966811366379261,EXP_LinearModel_Alpha158_csi300_custom_step0_s_20260525_15,3b76d19853984fd283ea76d7fa70766b,0.02,,,
2060,2026-05-25,SH601360,-0.008171499706804752,EXP_LinearModel_Alpha158_csi300_custom_step0_s_20260525_15,3b76d19853984fd283ea76d7fa70766b,0.02,,,
2061,2026-05-25,SH601336,-0.008661845698952675,EXP_LinearModel_Alpha158_csi300_custom_step0_s_20260525_15,3b76d19853984fd283ea76d7fa70766b,0.02,,,
2062,2026-05-25,SH601328,0.053436554968357086,EXP_LinearModel_Alpha158_csi300_custom_step0_s_20260525_15,3b76d19853984fd283ea76d7fa70766b,0.02,,,
2063,2026-05-25,SH601077,-0.02735559456050396,EXP_LinearModel_Alpha158_csi300_custom_step0_s_20260525_15,3b76d19853984fd283ea76d7fa70766b,0.02,,,
2064,2026-05-25,SH601066,-0.00426273001357913,EXP_LinearModel_Alpha158_csi300_custom_step0_s_20260525_15,3b76d19853984fd283ea76d7fa70766b,0.02,,,
2065,2026-05-25,SH601059,0.02628498338162899,EXP_LinearModel_Alpha158_csi300_custom_step0_s_20260525_15,3b76d19853984fd283ea76d7fa70766b,0.02,,,
2066,2026-05-25,SH601058,-0.03843189775943756,EXP_LinearModel_Alpha158_csi300_custom_step0_s_20260525_15,3b76d19853984fd283ea76d7fa70766b,0.02,,,
2067,2026-05-25,SH601021,-0.018264295533299446,EXP_LinearModel_Alpha158_csi300_custom_step0_s_20260525_15,3b76d19853984fd283ea76d7fa70766b,0.02,,,
2068,2026-05-25,SH601018,-0.004586523864418268,EXP_LinearModel_Alpha158_csi300_custom_step0_s_20260525_15,3b76d19853984fd283ea76d7fa70766b,0.02,,,
2069,2026-05-25,SH601012,-0.01562613435089588,EXP_LinearModel_Alpha158_csi300_custom_step0_s_20260525_15,3b76d19853984fd283ea76d7fa70766b,0.02,,,
2070,2026-05-25,SH601009,-0.01687663048505783,EXP_LinearModel_Alpha158_csi300_custom_step0_s_20260525_15,3b76d19853984fd283ea76d7fa70766b,0.02,,,
2071,2026-05-25,SH601006,0.008968809619545937,EXP_LinearModel_Alpha158_csi300_custom_step0_s_20260525_15,3b76d19853984fd283ea76d7fa70766b,0.02,,,
2072,2026-05-25,SH600999,0.025478443130850792,EXP_LinearModel_Alpha158_csi300_custom_step0_s_20260525_15,3b76d19853984fd283ea76d7fa70766b,0.02,,,
2073,2026-05-25,SH600989,0.10107949376106262,EXP_LinearModel_Alpha158_csi300_custom_step0_s_20260525_15,3b76d19853984fd283ea76d7fa70766b,0.02,,,
2074,2026-05-25,SH600958,,EXP_LinearModel_Alpha158_csi300_custom_step0_s_20260525_15,3b76d19853984fd283ea76d7fa70766b,0.02,,,
2075,2026-05-25,SH600941,0.035508763045072556,EXP_LinearModel_Alpha158_csi300_custom_step0_s_20260525_15,3b76d19853984fd283ea76d7fa70766b,0.02,,,
2076,2026-05-25,SH600938,0.03737799823284149,EXP_LinearModel_Alpha158_csi300_custom_step0_s_20260525_15,3b76d19853984fd283ea76d7fa70766b,0.02,,,
2077,2026-05-25,SH600930,-0.03394642099738121,EXP_LinearModel_Alpha158_csi300_custom_step0_s_20260525_15,3b76d19853984fd283ea76d7fa70766b,0.02,,,
2078,2026-05-25,SH601088,-0.02181170880794525,EXP_LinearModel_Alpha158_csi300_custom_step0_s_20260525_15,3b76d19853984fd283ea76d7fa70766b,0.02,,,
2079,2026-05-25,SH600919,0.07165852934122086,EXP_LinearModel_Alpha158_csi300_custom_step0_s_20260525_15,3b76d19853984fd283ea76d7fa70766b,0.02,,,
2080,2026-05-25,SH601100,0.07578926533460617,EXP_LinearModel_Alpha158_csi300_custom_step0_s_20260525_15,3b76d19853984fd283ea76d7fa70766b,0.02,,,
2081,2026-05-25,SH601117,-0.01827118918299675,EXP_LinearModel_Alpha158_csi300_custom_step0_s_20260525_15,3b76d19853984fd283ea76d7fa70766b,0.02,,,
2082,2026-05-25,SH601319,0.023211419582366943,EXP_LinearModel_Alpha158_csi300_custom_step0_s_20260525_15,3b76d19853984fd283ea76d7fa70766b,0.02,,,
2083,2026-05-25,SH601318,-0.028492260724306107,EXP_LinearModel_Alpha158_csi300_custom_step0_s_20260525_15,3b76d19853984fd283ea76d7fa70766b,0.02,,,
2084,2026-05-25,SH601298,0.004553935490548611,EXP_LinearModel_Alpha158_csi300_custom_step0_s_20260525_15,3b76d19853984fd283ea76d7fa70766b,0.02,,,
2085,2026-05-25,SH601288,0.0782051607966423,EXP_LinearModel_Alpha158_csi300_custom_step0_s_20260525_15,3b76d19853984fd283ea76d7fa70766b,0.02,,,
2086,2026-05-25,SH601238,-0.0440889336168766,EXP_LinearModel_Alpha158_csi300_custom_step0_s_20260525_15,3b76d19853984fd283ea76d7fa70766b,0.02,,,
2087,2026-05-25,SH601236,-0.03576727211475372,EXP_LinearModel_Alpha158_csi300_custom_step0_s_20260525_15,3b76d19853984fd283ea76d7fa70766b,0.02,,,
2088,2026-05-25,SH601229,-0.029099760577082634,EXP_LinearModel_Alpha158_csi300_custom_step0_s_20260525_15,3b76d19853984fd283ea76d7fa70766b,0.02,,,
2089,2026-05-25,SH601225,0.009226087480783463,EXP_LinearModel_Alpha158_csi300_custom_step0_s_20260525_15,3b76d19853984fd283ea76d7fa70766b,0.02,,,
2090,2026-05-25,SH601211,-0.037524040788412094,EXP_LinearModel_Alpha158_csi300_custom_step0_s_20260525_15,3b76d19853984fd283ea76d7fa70766b,0.02,,,
2091,2026-05-25,SH601186,-0.055095937103033066,EXP_LinearModel_Alpha158_csi300_custom_step0_s_20260525_15,3b76d19853984fd283ea76d7fa70766b,0.02,,,
2092,2026-05-25,SH601169,-0.12023141980171204,EXP_LinearModel_Alpha158_csi300_custom_step0_s_20260525_15,3b76d19853984fd283ea76d7fa70766b,0.02,,,
2093,2026-05-25,SH601166,-0.05923563987016678,EXP_LinearModel_Alpha158_csi300_custom_step0_s_20260525_15,3b76d19853984fd283ea76d7fa70766b,0.02,,,
2094,2026-05-25,SH601138,0.037578683346509933,EXP_LinearModel_Alpha158_csi300_custom_step0_s_20260525_15,3b76d19853984fd283ea76d7fa70766b,0.02,,,
2095,2026-05-25,SH601136,-0.0909472405910492,EXP_LinearModel_Alpha158_csi300_custom_step0_s_20260525_15,3b76d19853984fd283ea76d7fa70766b,0.02,,,
2096,2026-05-25,SH601127,-0.01286863163113594,EXP_LinearModel_Alpha158_csi300_custom_step0_s_20260525_15,3b76d19853984fd283ea76d7fa70766b,0.02,,,
2097,2026-05-25,SH601111,-0.04328033700585365,EXP_LinearModel_Alpha158_csi300_custom_step0_s_20260525_15,3b76d19853984fd283ea76d7fa70766b,0.02,,,
2098,2026-05-25,SZ302132,-0.12321709841489792,EXP_LinearModel_Alpha158_csi300_custom_step0_s_20260525_15,fdd3a62fda184f699e83d942e7cb168b,0.116,,,
2099,2026-05-25,SZ302132,-0.08613775670528412,EXP_LinearModel_Alpha158_csi300_custom_step0_s_20260525_15,3b76d19853984fd283ea76d7fa70766b,0.02,,,
2100,2026-05-25,SH600009,-0.01797328144311905,EXP_LinearModel_Alpha158_csi300_custom_step0_s_20260525_15,fdd3a62fda184f699e83d942e7cb168b,0.116,,,
2101,2026-05-25,SZ000596,0.15400095283985138,EXP_LinearModel_Alpha158_csi300_custom_step0_s_20260525_15,fdd3a62fda184f699e83d942e7cb168b,0.116,,,
2102,2026-05-25,SZ000568,0.07546582072973251,EXP_LinearModel_Alpha158_csi300_custom_step0_s_20260525_15,fdd3a62fda184f699e83d942e7cb168b,0.116,,,
2103,2026-05-25,SZ000538,-0.13627709448337555,EXP_LinearModel_Alpha158_csi300_custom_step0_s_20260525_15,fdd3a62fda184f699e83d942e7cb168b,0.116,,,
2104,2026-05-25,SZ000425,0.17814268171787262,EXP_LinearModel_Alpha158_csi300_custom_step0_s_20260525_15,fdd3a62fda184f699e83d942e7cb168b,0.116,,,
2105,2026-05-25,SZ000408,0.003903627395629883,EXP_LinearModel_Alpha158_csi300_custom_step0_s_20260525_15,fdd3a62fda184f699e83d942e7cb168b,0.116,,,
2106,2026-05-25,SZ000338,0.19758808612823486,EXP_LinearModel_Alpha158_csi300_custom_step0_s_20260525_15,fdd3a62fda184f699e83d942e7cb168b,0.116,,,
2107,2026-05-25,SZ000617,0.17409288883209229,EXP_LinearModel_Alpha158_csi300_custom_step0_s_20260525_15,fdd3a62fda184f699e83d942e7cb168b,0.116,,,
2108,2026-05-25,SZ000333,0.15789324045181274,EXP_LinearModel_Alpha158_csi300_custom_step0_s_20260525_15,fdd3a62fda184f699e83d942e7cb168b,0.116,,,
2109,2026-05-25,SZ000166,-0.0666835606098175,EXP_LinearModel_Alpha158_csi300_custom_step0_s_20260525_15,fdd3a62fda184f699e83d942e7cb168b,0.116,,,
2110,2026-05-25,SZ000157,0.15571101009845734,EXP_LinearModel_Alpha158_csi300_custom_step0_s_20260525_15,fdd3a62fda184f699e83d942e7cb168b,0.116,,,
2111,2026-05-25,SZ000100,0.007210239768028259,EXP_LinearModel_Alpha158_csi300_custom_step0_s_20260525_15,fdd3a62fda184f699e83d942e7cb168b,0.116,,,
2112,2026-05-25,SZ000063,0.13900050520896912,EXP_LinearModel_Alpha158_csi300_custom_step0_s_20260525_15,fdd3a62fda184f699e83d942e7cb168b,0.116,,,
2113,2026-05-25,SZ000002,0.1268589347600937,EXP_LinearModel_Alpha158_csi300_custom_step0_s_20260525_15,fdd3a62fda184f699e83d942e7cb168b,0.116,,,
2114,2026-05-25,SZ000001,-0.14807657897472382,EXP_LinearModel_Alpha158_csi300_custom_step0_s_20260525_15,fdd3a62fda184f699e83d942e7cb168b,0.116,,,
2115,2026-05-25,SZ000301,0.17011649906635284,EXP_LinearModel_Alpha158_csi300_custom_step0_s_20260525_15,fdd3a62fda184f699e83d942e7cb168b,0.116,,,
2116,2026-05-25,SZ000625,-0.009217161685228348,EXP_LinearModel_Alpha158_csi300_custom_step0_s_20260525_15,fdd3a62fda184f699e83d942e7cb168b,0.116,,,
2117,2026-05-25,SZ000630,0.19521868228912354,EXP_LinearModel_Alpha158_csi300_custom_step0_s_20260525_15,fdd3a62fda184f699e83d942e7cb168b,0.116,,,
2118,2026-05-25,SZ000651,-0.04772505164146423,EXP_LinearModel_Alpha158_csi300_custom_step0_s_20260525_15,fdd3a62fda184f699e83d942e7cb168b,0.116,,,
2119,2026-05-25,SZ000977,0.06896016001701355,EXP_LinearModel_Alpha158_csi300_custom_step0_s_20260525_15,fdd3a62fda184f699e83d942e7cb168b,0.116,,,
2120,2026-05-25,SZ000975,0.04573282226920128,EXP_LinearModel_Alpha158_csi300_custom_step0_s_20260525_15,fdd3a62fda184f699e83d942e7cb168b,0.116,,,
2121,2026-05-25,SZ000963,-0.031126275658607483,EXP_LinearModel_Alpha158_csi300_custom_step0_s_20260525_15,fdd3a62fda184f699e83d942e7cb168b,0.116,,,
2122,2026-05-25,SZ000938,0.09270241111516953,EXP_LinearModel_Alpha158_csi300_custom_step0_s_20260525_15,fdd3a62fda184f699e83d942e7cb168b,0.116,,,
2123,2026-05-25,SZ000895,-0.026645109057426453,EXP_LinearModel_Alpha158_csi300_custom_step0_s_20260525_15,fdd3a62fda184f699e83d942e7cb168b,0.116,,,
2124,2026-05-25,SZ000876,-0.012659660540521145,EXP_LinearModel_Alpha158_csi300_custom_step0_s_20260525_15,fdd3a62fda184f699e83d942e7cb168b,0.116,,,
2125,2026-05-25,SZ000858,-0.05646594613790512,EXP_LinearModel_Alpha158_csi300_custom_step0_s_20260525_15,fdd3a62fda184f699e83d942e7cb168b,0.116,,,
2126,2026-05-25,SZ000807,-0.04297788441181183,EXP_LinearModel_Alpha158_csi300_custom_step0_s_20260525_15,fdd3a62fda184f699e83d942e7cb168b,0.116,,,
2127,2026-05-25,SZ000792,-0.08415108919143677,EXP_LinearModel_Alpha158_csi300_custom_step0_s_20260525_15,fdd3a62fda184f699e83d942e7cb168b,0.116,,,
2128,2026-05-25,SZ000786,0.011467902921140194,EXP_LinearModel_Alpha158_csi300_custom_step0_s_20260525_15,fdd3a62fda184f699e83d942e7cb168b,0.116,,,
2129,2026-05-25,SZ000776,-0.012578969821333885,EXP_LinearModel_Alpha158_csi300_custom_step0_s_20260525_15,fdd3a62fda184f699e83d942e7cb168b,0.116,,,
2130,2026-05-25,SZ000768,0.02055717445909977,EXP_LinearModel_Alpha158_csi300_custom_step0_s_20260525_15,fdd3a62fda184f699e83d942e7cb168b,0.116,,,
2131,2026-05-25,SZ000725,-0.10672133415937424,EXP_LinearModel_Alpha158_csi300_custom_step0_s_20260525_15,fdd3a62fda184f699e83d942e7cb168b,0.116,,,
2132,2026-05-25,SZ000708,-0.08879971504211426,EXP_LinearModel_Alpha158_csi300_custom_step0_s_20260525_15,fdd3a62fda184f699e83d942e7cb168b,0.116,,,
2133,2026-05-25,SZ000661,0.06990335881710052,EXP_LinearModel_Alpha158_csi300_custom_step0_s_20260525_15,fdd3a62fda184f699e83d942e7cb168b,0.116,,,
2134,2026-05-25,SH688981,0.04872467368841171,EXP_LinearModel_Alpha158_csi300_custom_step0_s_20260525_15,fdd3a62fda184f699e83d942e7cb168b,0.116,,,
2135,2026-05-25,SH688506,0.15918056666851044,EXP_LinearModel_Alpha158_csi300_custom_step0_s_20260525_15,fdd3a62fda184f699e83d942e7cb168b,0.116,,,
2136,2026-05-25,SH688472,-0.05395004153251648,EXP_LinearModel_Alpha158_csi300_custom_step0_s_20260525_15,fdd3a62fda184f699e83d942e7cb168b,0.116,,,
2137,2026-05-25,SH688396,0.21287894248962402,EXP_LinearModel_Alpha158_csi300_custom_step0_s_20260525_15,fdd3a62fda184f699e83d942e7cb168b,0.116,,,
2138,2026-05-25,SH603893,-0.03201347216963768,EXP_LinearModel_Alpha158_csi300_custom_step0_s_20260525_15,fdd3a62fda184f699e83d942e7cb168b,0.116,,,
2139,2026-05-25,SH603799,0.059882666915655136,EXP_LinearModel_Alpha158_csi300_custom_step0_s_20260525_15,fdd3a62fda184f699e83d942e7cb168b,0.116,,,
2140,2026-05-25,SH603501,0.17435476183891296,EXP_LinearModel_Alpha158_csi300_custom_step0_s_20260525_15,fdd3a62fda184f699e83d942e7cb168b,0.116,,,
2141,2026-05-25,SH603392,0.09813166409730911,EXP_LinearModel_Alpha158_csi300_custom_step0_s_20260525_15,fdd3a62fda184f699e83d942e7cb168b,0.116,,,
2142,2026-05-25,SH603369,0.1946856826543808,EXP_LinearModel_Alpha158_csi300_custom_step0_s_20260525_15,fdd3a62fda184f699e83d942e7cb168b,0.116,,,
2143,2026-05-25,SH603296,0.2010708749294281,EXP_LinearModel_Alpha158_csi300_custom_step0_s_20260525_15,fdd3a62fda184f699e83d942e7cb168b,0.116,,,
2144,2026-05-25,SH603288,-0.003567248582839966,EXP_LinearModel_Alpha158_csi300_custom_step0_s_20260525_15,fdd3a62fda184f699e83d942e7cb168b,0.116,,,
2145,2026-05-25,SH603260,0.07826979458332062,EXP_LinearModel_Alpha158_csi300_custom_step0_s_20260525_15,fdd3a62fda184f699e83d942e7cb168b,0.116,,,
2146,2026-05-25,SH603259,-0.004557250998914242,EXP_LinearModel_Alpha158_csi300_custom_step0_s_20260525_15,fdd3a62fda184f699e83d942e7cb168b,0.116,,,
2147,2026-05-25,SH603195,-0.028761722147464752,EXP_LinearModel_Alpha158_csi300_custom_step0_s_20260525_15,fdd3a62fda184f699e83d942e7cb168b,0.116,,,
2148,2026-05-25,SH603019,0.1235203817486763,EXP_LinearModel_Alpha158_csi300_custom_step0_s_20260525_15,fdd3a62fda184f699e83d942e7cb168b,0.116,,,
2149,2026-05-25,SH601998,-0.020564928650856018,EXP_LinearModel_Alpha158_csi300_custom_step0_s_20260525_15,fdd3a62fda184f699e83d942e7cb168b,0.116,,,
2150,2026-05-25,SH601995,0.038579318672418594,EXP_LinearModel_Alpha158_csi300_custom_step0_s_20260525_15,fdd3a62fda184f699e83d942e7cb168b,0.116,,,
2151,2026-05-25,SH601988,-0.015920046716928482,EXP_LinearModel_Alpha158_csi300_custom_step0_s_20260525_15,fdd3a62fda184f699e83d942e7cb168b,0.116,,,
2152,2026-05-25,SH601985,-0.029083233326673508,EXP_LinearModel_Alpha158_csi300_custom_step0_s_20260525_15,fdd3a62fda184f699e83d942e7cb168b,0.116,,,
2153,2026-05-25,SH603986,0.022777842357754707,EXP_LinearModel_Alpha158_csi300_custom_step0_s_20260525_15,fdd3a62fda184f699e83d942e7cb168b,0.116,,,
2154,2026-05-25,SZ000983,-0.09003151208162308,EXP_LinearModel_Alpha158_csi300_custom_step0_s_20260525_15,fdd3a62fda184f699e83d942e7cb168b,0.116,,,
2155,2026-05-25,SH603993,0.13508692383766174,EXP_LinearModel_Alpha158_csi300_custom_step0_s_20260525_15,fdd3a62fda184f699e83d942e7cb168b,0.116,,,
2156,2026-05-25,SH605499,0.06102960929274559,EXP_LinearModel_Alpha158_csi300_custom_step0_s_20260525_15,fdd3a62fda184f699e83d942e7cb168b,0.116,,,
2157,2026-05-25,SH688303,-0.024005889892578125,EXP_LinearModel_Alpha158_csi300_custom_step0_s_20260525_15,fdd3a62fda184f699e83d942e7cb168b,0.116,,,
2158,2026-05-25,SH688271,-0.0734260231256485,EXP_LinearModel_Alpha158_csi300_custom_step0_s_20260525_15,fdd3a62fda184f699e83d942e7cb168b,0.116,,,
2159,2026-05-25,SH688256,0.0512225404381752,EXP_LinearModel_Alpha158_csi300_custom_step0_s_20260525_15,fdd3a62fda184f699e83d942e7cb168b,0.116,,,
2160,2026-05-25,SH688223,-0.04456883296370506,EXP_LinearModel_Alpha158_csi300_custom_step0_s_20260525_15,fdd3a62fda184f699e83d942e7cb168b,0.116,,,
2161,2026-05-25,SH688187,-0.08709603548049927,EXP_LinearModel_Alpha158_csi300_custom_step0_s_20260525_15,fdd3a62fda184f699e83d942e7cb168b,0.116,,,
2162,2026-05-25,SH688169,0.150772824883461,EXP_LinearModel_Alpha158_csi300_custom_step0_s_20260525_15,fdd3a62fda184f699e83d942e7cb168b,0.116,,,
2163,2026-05-25,SH688126,0.03710872679948807,EXP_LinearModel_Alpha158_csi300_custom_step0_s_20260525_15,fdd3a62fda184f699e83d942e7cb168b,0.116,,,
2164,2026-05-25,SH688111,0.051741376519203186,EXP_LinearModel_Alpha158_csi300_custom_step0_s_20260525_15,fdd3a62fda184f699e83d942e7cb168b,0.116,,,
2165,2026-05-25,SH688082,0.09513182938098907,EXP_LinearModel_Alpha158_csi300_custom_step0_s_20260525_15,fdd3a62fda184f699e83d942e7cb168b,0.116,,,
2166,2026-05-25,SH688047,0.15844282507896423,EXP_LinearModel_Alpha158_csi300_custom_step0_s_20260525_15,fdd3a62fda184f699e83d942e7cb168b,0.116,,,
2167,2026-05-25,SH688041,0.3084011673927307,EXP_LinearModel_Alpha158_csi300_custom_step0_s_20260525_15,fdd3a62fda184f699e83d942e7cb168b,0.116,,,
2168,2026-05-25,SH688036,0.0858534500002861,EXP_LinearModel_Alpha158_csi300_custom_step0_s_20260525_15,fdd3a62fda184f699e83d942e7cb168b,0.116,,,
2169,2026-05-25,SH688012,0.09951646625995636,EXP_LinearModel_Alpha158_csi300_custom_step0_s_20260525_15,fdd3a62fda184f699e83d942e7cb168b,0.116,,,
2170,2026-05-25,SH688009,0.014619043096899986,EXP_LinearModel_Alpha158_csi300_custom_step0_s_20260525_15,fdd3a62fda184f699e83d942e7cb168b,0.116,,,
2171,2026-05-25,SH688008,0.19555126130580902,EXP_LinearModel_Alpha158_csi300_custom_step0_s_20260525_15,fdd3a62fda184f699e83d942e7cb168b,0.116,,,
2172,2026-05-25,SH605117,0.13369981944561005,EXP_LinearModel_Alpha158_csi300_custom_step0_s_20260525_15,fdd3a62fda184f699e83d942e7cb168b,0.116,,,
2173,2026-05-25,SH601939,0.07945821434259415,EXP_LinearModel_Alpha158_csi300_custom_step0_s_20260525_15,fdd3a62fda184f699e83d942e7cb168b,0.116,,,
2174,2026-05-25,SZ000999,-0.10389907658100128,EXP_LinearModel_Alpha158_csi300_custom_step0_s_20260525_15,fdd3a62fda184f699e83d942e7cb168b,0.116,,,
2175,2026-05-25,SZ001965,0.09108328819274902,EXP_LinearModel_Alpha158_csi300_custom_step0_s_20260525_15,fdd3a62fda184f699e83d942e7cb168b,0.116,,,
2176,2026-05-25,SZ300413,0.0006398428231477737,EXP_LinearModel_Alpha158_csi300_custom_step0_s_20260525_15,fdd3a62fda184f699e83d942e7cb168b,0.116,,,
2177,2026-05-25,SZ300408,-0.14142341911792755,EXP_LinearModel_Alpha158_csi300_custom_step0_s_20260525_15,fdd3a62fda184f699e83d942e7cb168b,0.116,,,
2178,2026-05-25,SZ300394,-0.09687068313360214,EXP_LinearModel_Alpha158_csi300_custom_step0_s_20260525_15,fdd3a62fda184f699e83d942e7cb168b,0.116,,,
2179,2026-05-25,SZ300347,0.1757703274488449,EXP_LinearModel_Alpha158_csi300_custom_step0_s_20260525_15,fdd3a62fda184f699e83d942e7cb168b,0.116,,,
2180,2026-05-25,SZ300316,0.01981327496469021,EXP_LinearModel_Alpha158_csi300_custom_step0_s_20260525_15,fdd3a62fda184f699e83d942e7cb168b,0.116,,,
2181,2026-05-25,SZ300308,-0.015771806240081787,EXP_LinearModel_Alpha158_csi300_custom_step0_s_20260525_15,fdd3a62fda184f699e83d942e7cb168b,0.116,,,
2182,2026-05-25,SZ300418,0.15623970329761505,EXP_LinearModel_Alpha158_csi300_custom_step0_s_20260525_15,fdd3a62fda184f699e83d942e7cb168b,0.116,,,
2183,2026-05-25,SZ300274,0.011687515303492546,EXP_LinearModel_Alpha158_csi300_custom_step0_s_20260525_15,fdd3a62fda184f699e83d942e7cb168b,0.116,,,
2184,2026-05-25,SZ300124,0.04542089253664017,EXP_LinearModel_Alpha158_csi300_custom_step0_s_20260525_15,fdd3a62fda184f699e83d942e7cb168b,0.116,,,
2185,2026-05-25,SZ300122,0.028817180544137955,EXP_LinearModel_Alpha158_csi300_custom_step0_s_20260525_15,fdd3a62fda184f699e83d942e7cb168b,0.116,,,
2186,2026-05-25,SZ300059,-0.0021500829607248306,EXP_LinearModel_Alpha158_csi300_custom_step0_s_20260525_15,fdd3a62fda184f699e83d942e7cb168b,0.116,,,
2187,2026-05-25,SZ300033,0.0029939040541648865,EXP_LinearModel_Alpha158_csi300_custom_step0_s_20260525_15,fdd3a62fda184f699e83d942e7cb168b,0.116,,,
2188,2026-05-25,SZ300015,0.2705690562725067,EXP_LinearModel_Alpha158_csi300_custom_step0_s_20260525_15,fdd3a62fda184f699e83d942e7cb168b,0.116,,,
2189,2026-05-25,SZ300014,0.025185715407133102,EXP_LinearModel_Alpha158_csi300_custom_step0_s_20260525_15,fdd3a62fda184f699e83d942e7cb168b,0.116,,,
2190,2026-05-25,SZ300251,0.07113178819417953,EXP_LinearModel_Alpha158_csi300_custom_step0_s_20260525_15,fdd3a62fda184f699e83d942e7cb168b,0.116,,,
2191,2026-05-25,SZ300433,0.1866508424282074,EXP_LinearModel_Alpha158_csi300_custom_step0_s_20260525_15,fdd3a62fda184f699e83d942e7cb168b,0.116,,,
2192,2026-05-25,SZ300442,0.0963267832994461,EXP_LinearModel_Alpha158_csi300_custom_step0_s_20260525_15,fdd3a62fda184f699e83d942e7cb168b,0.116,,,
2193,2026-05-25,SZ300476,0.0020603779703378677,EXP_LinearModel_Alpha158_csi300_custom_step0_s_20260525_15,fdd3a62fda184f699e83d942e7cb168b,0.116,,,
2194,2026-05-25,SZ301236,0.08480896055698395,EXP_LinearModel_Alpha158_csi300_custom_step0_s_20260525_15,fdd3a62fda184f699e83d942e7cb168b,0.116,,,
2195,2026-05-25,SZ300999,-0.040953196585178375,EXP_LinearModel_Alpha158_csi300_custom_step0_s_20260525_15,fdd3a62fda184f699e83d942e7cb168b,0.116,,,
2196,2026-05-25,SZ300979,0.014862895011901855,EXP_LinearModel_Alpha158_csi300_custom_step0_s_20260525_15,fdd3a62fda184f699e83d942e7cb168b,0.116,,,
2197,2026-05-25,SZ300896,0.10727538168430328,EXP_LinearModel_Alpha158_csi300_custom_step0_s_20260525_15,fdd3a62fda184f699e83d942e7cb168b,0.116,,,
2198,2026-05-25,SZ300866,0.0903177261352539,EXP_LinearModel_Alpha158_csi300_custom_step0_s_20260525_15,fdd3a62fda184f699e83d942e7cb168b,0.116,,,
2199,2026-05-25,SZ300832,0.06388841569423676,EXP_LinearModel_Alpha158_csi300_custom_step0_s_20260525_15,fdd3a62fda184f699e83d942e7cb168b,0.116,,,
2200,2026-05-25,SZ300803,-0.004600130021572113,EXP_LinearModel_Alpha158_csi300_custom_step0_s_20260525_15,fdd3a62fda184f699e83d942e7cb168b,0.116,,,
2201,2026-05-25,SZ300782,-0.19317413866519928,EXP_LinearModel_Alpha158_csi300_custom_step0_s_20260525_15,fdd3a62fda184f699e83d942e7cb168b,0.116,,,
2202,2026-05-25,SZ300760,0.03202137351036072,EXP_LinearModel_Alpha158_csi300_custom_step0_s_20260525_15,fdd3a62fda184f699e83d942e7cb168b,0.116,,,
2203,2026-05-25,SZ300759,0.05570298433303833,EXP_LinearModel_Alpha158_csi300_custom_step0_s_20260525_15,fdd3a62fda184f699e83d942e7cb168b,0.116,,,
2204,2026-05-25,SZ300750,-0.08771146833896637,EXP_LinearModel_Alpha158_csi300_custom_step0_s_20260525_15,fdd3a62fda184f699e83d942e7cb168b,0.116,,,
2205,2026-05-25,SZ300661,0.20319843292236328,EXP_LinearModel_Alpha158_csi300_custom_step0_s_20260525_15,fdd3a62fda184f699e83d942e7cb168b,0.116,,,
2206,2026-05-25,SZ300628,0.12622487545013428,EXP_LinearModel_Alpha158_csi300_custom_step0_s_20260525_15,fdd3a62fda184f699e83d942e7cb168b,0.116,,,
2207,2026-05-25,SZ300502,-0.07059260457754135,EXP_LinearModel_Alpha158_csi300_custom_step0_s_20260525_15,fdd3a62fda184f699e83d942e7cb168b,0.116,,,
2208,2026-05-25,SZ300498,0.016827847808599472,EXP_LinearModel_Alpha158_csi300_custom_step0_s_20260525_15,fdd3a62fda184f699e83d942e7cb168b,0.116,,,
2209,2026-05-25,SZ003816,0.08876526355743408,EXP_LinearModel_Alpha158_csi300_custom_step0_s_20260525_15,fdd3a62fda184f699e83d942e7cb168b,0.116,,,
2210,2026-05-25,SZ002938,0.049730170518159866,EXP_LinearModel_Alpha158_csi300_custom_step0_s_20260525_15,fdd3a62fda184f699e83d942e7cb168b,0.116,,,
2211,2026-05-25,SZ002920,0.09887522459030151,EXP_LinearModel_Alpha158_csi300_custom_step0_s_20260525_15,fdd3a62fda184f699e83d942e7cb168b,0.116,,,
2212,2026-05-25,SZ002916,0.05582759156823158,EXP_LinearModel_Alpha158_csi300_custom_step0_s_20260525_15,fdd3a62fda184f699e83d942e7cb168b,0.116,,,
2213,2026-05-25,SZ002311,-0.04636172950267792,EXP_LinearModel_Alpha158_csi300_custom_step0_s_20260525_15,fdd3a62fda184f699e83d942e7cb168b,0.116,,,
2214,2026-05-25,SZ002304,-0.008312420919537544,EXP_LinearModel_Alpha158_csi300_custom_step0_s_20260525_15,fdd3a62fda184f699e83d942e7cb168b,0.116,,,
2215,2026-05-25,SZ002252,-0.013069150038063526,EXP_LinearModel_Alpha158_csi300_custom_step0_s_20260525_15,fdd3a62fda184f699e83d942e7cb168b,0.116,,,
2216,2026-05-25,SZ002241,0.11808440089225769,EXP_LinearModel_Alpha158_csi300_custom_step0_s_20260525_15,fdd3a62fda184f699e83d942e7cb168b,0.116,,,
2217,2026-05-25,SZ002236,0.04077168181538582,EXP_LinearModel_Alpha158_csi300_custom_step0_s_20260525_15,fdd3a62fda184f699e83d942e7cb168b,0.116,,,
2218,2026-05-25,SZ002230,0.0679149180650711,EXP_LinearModel_Alpha158_csi300_custom_step0_s_20260525_15,fdd3a62fda184f699e83d942e7cb168b,0.116,,,
2219,2026-05-25,SZ002179,0.013460516929626465,EXP_LinearModel_Alpha158_csi300_custom_step0_s_20260525_15,fdd3a62fda184f699e83d942e7cb168b,0.116,,,
2220,2026-05-25,SZ002142,0.023225557059049606,EXP_LinearModel_Alpha158_csi300_custom_step0_s_20260525_15,fdd3a62fda184f699e83d942e7cb168b,0.116,,,
2221,2026-05-25,SZ002074,-0.08171139657497406,EXP_LinearModel_Alpha158_csi300_custom_step0_s_20260525_15,fdd3a62fda184f699e83d942e7cb168b,0.116,,,
2222,2026-05-25,SZ002050,0.06778738647699356,EXP_LinearModel_Alpha158_csi300_custom_step0_s_20260525_15,fdd3a62fda184f699e83d942e7cb168b,0.116,,,
2223,2026-05-25,SZ002049,0.1364506334066391,EXP_LinearModel_Alpha158_csi300_custom_step0_s_20260525_15,fdd3a62fda184f699e83d942e7cb168b,0.116,,,
2224,2026-05-25,SZ002028,-0.14365974068641663,EXP_LinearModel_Alpha158_csi300_custom_step0_s_20260525_15,fdd3a62fda184f699e83d942e7cb168b,0.116,,,
2225,2026-05-25,SZ002027,-0.0016911020502448082,EXP_LinearModel_Alpha158_csi300_custom_step0_s_20260525_15,fdd3a62fda184f699e83d942e7cb168b,0.116,,,
2226,2026-05-25,SZ002001,-0.03505325689911842,EXP_LinearModel_Alpha158_csi300_custom_step0_s_20260525_15,fdd3a62fda184f699e83d942e7cb168b,0.116,,,
2227,2026-05-25,SZ001979,0.03425256535410881,EXP_LinearModel_Alpha158_csi300_custom_step0_s_20260525_15,fdd3a62fda184f699e83d942e7cb168b,0.116,,,
2228,2026-05-25,SZ002352,0.03261372819542885,EXP_LinearModel_Alpha158_csi300_custom_step0_s_20260525_15,fdd3a62fda184f699e83d942e7cb168b,0.116,,,
2229,2026-05-25,SZ001391,-0.08064467459917068,EXP_LinearModel_Alpha158_csi300_custom_step0_s_20260525_15,fdd3a62fda184f699e83d942e7cb168b,0.116,,,
2230,2026-05-25,SZ002371,0.09551527351140976,EXP_LinearModel_Alpha158_csi300_custom_step0_s_20260525_15,fdd3a62fda184f699e83d942e7cb168b,0.116,,,
2231,2026-05-25,SZ002415,0.06966321915388107,EXP_LinearModel_Alpha158_csi300_custom_step0_s_20260525_15,fdd3a62fda184f699e83d942e7cb168b,0.116,,,
2232,2026-05-25,SZ002736,-0.07330622524023056,EXP_LinearModel_Alpha158_csi300_custom_step0_s_20260525_15,fdd3a62fda184f699e83d942e7cb168b,0.116,,,
2233,2026-05-25,SZ002714,-0.004212330095469952,EXP_LinearModel_Alpha158_csi300_custom_step0_s_20260525_15,fdd3a62fda184f699e83d942e7cb168b,0.116,,,
2234,2026-05-25,SZ002709,-0.08973897993564606,EXP_LinearModel_Alpha158_csi300_custom_step0_s_20260525_15,fdd3a62fda184f699e83d942e7cb168b,0.116,,,
2235,2026-05-25,SZ002648,-0.002595356199890375,EXP_LinearModel_Alpha158_csi300_custom_step0_s_20260525_15,fdd3a62fda184f699e83d942e7cb168b,0.116,,,
2236,2026-05-25,SZ002625,-0.08404766023159027,EXP_LinearModel_Alpha158_csi300_custom_step0_s_20260525_15,fdd3a62fda184f699e83d942e7cb168b,0.116,,,
2237,2026-05-25,SZ002601,-0.055864155292510986,EXP_LinearModel_Alpha158_csi300_custom_step0_s_20260525_15,fdd3a62fda184f699e83d942e7cb168b,0.116,,,
2238,2026-05-25,SZ002600,0.030007243156433105,EXP_LinearModel_Alpha158_csi300_custom_step0_s_20260525_15,fdd3a62fda184f699e83d942e7cb168b,0.116,,,
2239,2026-05-25,SZ002594,0.01715858094394207,EXP_LinearModel_Alpha158_csi300_custom_step0_s_20260525_15,fdd3a62fda184f699e83d942e7cb168b,0.116,,,
2240,2026-05-25,SZ002493,0.08736356347799301,EXP_LinearModel_Alpha158_csi300_custom_step0_s_20260525_15,fdd3a62fda184f699e83d942e7cb168b,0.116,,,
2241,2026-05-25,SZ002475,0.12000063806772232,EXP_LinearModel_Alpha158_csi300_custom_step0_s_20260525_15,fdd3a62fda184f699e83d942e7cb168b,0.116,,,
2242,2026-05-25,SZ002466,0.19585756957530975,EXP_LinearModel_Alpha158_csi300_custom_step0_s_20260525_15,fdd3a62fda184f699e83d942e7cb168b,0.116,,,
2243,2026-05-25,SZ002463,0.14677561819553375,EXP_LinearModel_Alpha158_csi300_custom_step0_s_20260525_15,fdd3a62fda184f699e83d942e7cb168b,0.116,,,
2244,2026-05-25,SZ002460,0.09131923317909241,EXP_LinearModel_Alpha158_csi300_custom_step0_s_20260525_15,fdd3a62fda184f699e83d942e7cb168b,0.116,,,
2245,2026-05-25,SZ002459,0.00035161059349775314,EXP_LinearModel_Alpha158_csi300_custom_step0_s_20260525_15,fdd3a62fda184f699e83d942e7cb168b,0.116,,,
2246,2026-05-25,SZ002422,-0.10346449911594391,EXP_LinearModel_Alpha158_csi300_custom_step0_s_20260525_15,fdd3a62fda184f699e83d942e7cb168b,0.116,,,
2247,2026-05-25,SZ002384,0.26284387707710266,EXP_LinearModel_Alpha158_csi300_custom_step0_s_20260525_15,fdd3a62fda184f699e83d942e7cb168b,0.116,,,
2248,2026-05-25,SH600000,-0.024197356775403023,EXP_LinearModel_Alpha158_csi300_custom_step0_s_20260525_15,fdd3a62fda184f699e83d942e7cb168b,0.116,,,
2249,2026-05-25,SH601919,-0.022850848734378815,EXP_LinearModel_Alpha158_csi300_custom_step0_s_20260525_15,fdd3a62fda184f699e83d942e7cb168b,0.116,,,
2250,2026-05-25,SH601901,0.026028964668512344,EXP_LinearModel_Alpha158_csi300_custom_step0_s_20260525_15,fdd3a62fda184f699e83d942e7cb168b,0.116,,,
2251,2026-05-25,SH600547,0.2035377323627472,EXP_LinearModel_Alpha158_csi300_custom_step0_s_20260525_15,fdd3a62fda184f699e83d942e7cb168b,0.116,,,
2252,2026-05-25,SH600522,0.11672937124967575,EXP_LinearModel_Alpha158_csi300_custom_step0_s_20260525_15,fdd3a62fda184f699e83d942e7cb168b,0.116,,,
2253,2026-05-25,SH600519,-0.08977654576301575,EXP_LinearModel_Alpha158_csi300_custom_step0_s_20260525_15,fdd3a62fda184f699e83d942e7cb168b,0.116,,,
2254,2026-05-25,SH600515,0.03884616866707802,EXP_LinearModel_Alpha158_csi300_custom_step0_s_20260525_15,fdd3a62fda184f699e83d942e7cb168b,0.116,,,
2255,2026-05-25,SH600489,0.15564393997192383,EXP_LinearModel_Alpha158_csi300_custom_step0_s_20260525_15,fdd3a62fda184f699e83d942e7cb168b,0.116,,,
2256,2026-05-25,SH600482,0.08210033923387527,EXP_LinearModel_Alpha158_csi300_custom_step0_s_20260525_15,fdd3a62fda184f699e83d942e7cb168b,0.116,,,
2257,2026-05-25,SH600570,0.012446604669094086,EXP_LinearModel_Alpha158_csi300_custom_step0_s_20260525_15,fdd3a62fda184f699e83d942e7cb168b,0.116,,,
2258,2026-05-25,SH600460,0.16362959146499634,EXP_LinearModel_Alpha158_csi300_custom_step0_s_20260525_15,fdd3a62fda184f699e83d942e7cb168b,0.116,,,
2259,2026-05-25,SH600436,-0.033420905470848083,EXP_LinearModel_Alpha158_csi300_custom_step0_s_20260525_15,fdd3a62fda184f699e83d942e7cb168b,0.116,,,
2260,2026-05-25,SH600426,0.12993454933166504,EXP_LinearModel_Alpha158_csi300_custom_step0_s_20260525_15,fdd3a62fda184f699e83d942e7cb168b,0.116,,,
2261,2026-05-25,SH600415,0.13964493572711945,EXP_LinearModel_Alpha158_csi300_custom_step0_s_20260525_15,fdd3a62fda184f699e83d942e7cb168b,0.116,,,
2262,2026-05-25,SH600406,-0.025648610666394234,EXP_LinearModel_Alpha158_csi300_custom_step0_s_20260525_15,fdd3a62fda184f699e83d942e7cb168b,0.116,,,
2263,2026-05-25,SH600377,0.09343165904283524,EXP_LinearModel_Alpha158_csi300_custom_step0_s_20260525_15,fdd3a62fda184f699e83d942e7cb168b,0.116,,,
2264,2026-05-25,SH600372,0.052447132766246796,EXP_LinearModel_Alpha158_csi300_custom_step0_s_20260525_15,fdd3a62fda184f699e83d942e7cb168b,0.116,,,
2265,2026-05-25,SH600438,0.04591718688607216,EXP_LinearModel_Alpha158_csi300_custom_step0_s_20260525_15,fdd3a62fda184f699e83d942e7cb168b,0.116,,,
2266,2026-05-25,SH600584,0.013897791504859924,EXP_LinearModel_Alpha158_csi300_custom_step0_s_20260525_15,fdd3a62fda184f699e83d942e7cb168b,0.116,,,
2267,2026-05-25,SH600585,-0.08187093585729599,EXP_LinearModel_Alpha158_csi300_custom_step0_s_20260525_15,fdd3a62fda184f699e83d942e7cb168b,0.116,,,
2268,2026-05-25,SH600588,0.06737503409385681,EXP_LinearModel_Alpha158_csi300_custom_step0_s_20260525_15,fdd3a62fda184f699e83d942e7cb168b,0.116,,,
2269,2026-05-25,SH600900,-0.08245021849870682,EXP_LinearModel_Alpha158_csi300_custom_step0_s_20260525_15,fdd3a62fda184f699e83d942e7cb168b,0.116,,,
2270,2026-05-25,SH600893,0.056972257792949677,EXP_LinearModel_Alpha158_csi300_custom_step0_s_20260525_15,fdd3a62fda184f699e83d942e7cb168b,0.116,,,
2271,2026-05-25,SH600887,-0.08581859618425369,EXP_LinearModel_Alpha158_csi300_custom_step0_s_20260525_15,fdd3a62fda184f699e83d942e7cb168b,0.116,,,
2272,2026-05-25,SH600886,-0.04986961558461189,EXP_LinearModel_Alpha158_csi300_custom_step0_s_20260525_15,fdd3a62fda184f699e83d942e7cb168b,0.116,,,
2273,2026-05-25,SH600875,-0.09239013493061066,EXP_LinearModel_Alpha158_csi300_custom_step0_s_20260525_15,fdd3a62fda184f699e83d942e7cb168b,0.116,,,
2274,2026-05-25,SH600845,-0.012722136452794075,EXP_LinearModel_Alpha158_csi300_custom_step0_s_20260525_15,fdd3a62fda184f699e83d942e7cb168b,0.116,,,
2275,2026-05-25,SH600809,0.11302661895751953,EXP_LinearModel_Alpha158_csi300_custom_step0_s_20260525_15,fdd3a62fda184f699e83d942e7cb168b,0.116,,,
2276,2026-05-25,SH600803,-0.07815790176391602,EXP_LinearModel_Alpha158_csi300_custom_step0_s_20260525_15,fdd3a62fda184f699e83d942e7cb168b,0.116,,,
2277,2026-05-25,SH600795,-0.033949706703424454,EXP_LinearModel_Alpha158_csi300_custom_step0_s_20260525_15,fdd3a62fda184f699e83d942e7cb168b,0.116,,,
2278,2026-05-25,SH600760,-0.03436553478240967,EXP_LinearModel_Alpha158_csi300_custom_step0_s_20260525_15,fdd3a62fda184f699e83d942e7cb168b,0.116,,,
2279,2026-05-25,SH600741,-0.0998590737581253,EXP_LinearModel_Alpha158_csi300_custom_step0_s_20260525_15,fdd3a62fda184f699e83d942e7cb168b,0.116,,,
2280,2026-05-25,SH600690,-0.07196148484945297,EXP_LinearModel_Alpha158_csi300_custom_step0_s_20260525_15,fdd3a62fda184f699e83d942e7cb168b,0.116,,,
2281,2026-05-25,SH600674,0.04837128147482872,EXP_LinearModel_Alpha158_csi300_custom_step0_s_20260525_15,fdd3a62fda184f699e83d942e7cb168b,0.116,,,
2282,2026-05-25,SH600660,-0.10064156353473663,EXP_LinearModel_Alpha158_csi300_custom_step0_s_20260525_15,fdd3a62fda184f699e83d942e7cb168b,0.116,,,
2283,2026-05-25,SH600600,-0.11789394915103912,EXP_LinearModel_Alpha158_csi300_custom_step0_s_20260525_15,fdd3a62fda184f699e83d942e7cb168b,0.116,,,
2284,2026-05-25,SH600362,0.004846485797315836,EXP_LinearModel_Alpha158_csi300_custom_step0_s_20260525_15,fdd3a62fda184f699e83d942e7cb168b,0.116,,,
2285,2026-05-25,SH600346,-0.00822866428643465,EXP_LinearModel_Alpha158_csi300_custom_step0_s_20260525_15,fdd3a62fda184f699e83d942e7cb168b,0.116,,,
2286,2026-05-25,SH600309,0.0034340969286859035,EXP_LinearModel_Alpha158_csi300_custom_step0_s_20260525_15,fdd3a62fda184f699e83d942e7cb168b,0.116,,,
2287,2026-05-25,SH600276,-0.04183269664645195,EXP_LinearModel_Alpha158_csi300_custom_step0_s_20260525_15,fdd3a62fda184f699e83d942e7cb168b,0.116,,,
2288,2026-05-25,SH600036,-0.21637392044067383,EXP_LinearModel_Alpha158_csi300_custom_step0_s_20260525_15,fdd3a62fda184f699e83d942e7cb168b,0.116,,,
2289,2026-05-25,SH600031,-0.009011248126626015,EXP_LinearModel_Alpha158_csi300_custom_step0_s_20260525_15,fdd3a62fda184f699e83d942e7cb168b,0.116,,,
2290,2026-05-25,SH600030,-0.0025291950441896915,EXP_LinearModel_Alpha158_csi300_custom_step0_s_20260525_15,fdd3a62fda184f699e83d942e7cb168b,0.116,,,
2291,2026-05-25,SH600029,0.09656926989555359,EXP_LinearModel_Alpha158_csi300_custom_step0_s_20260525_15,fdd3a62fda184f699e83d942e7cb168b,0.116,,,
2292,2026-05-25,SH600028,-0.022104201838374138,EXP_LinearModel_Alpha158_csi300_custom_step0_s_20260525_15,fdd3a62fda184f699e83d942e7cb168b,0.116,,,
2293,2026-05-25,SH600027,0.14876799285411835,EXP_LinearModel_Alpha158_csi300_custom_step0_s_20260525_15,fdd3a62fda184f699e83d942e7cb168b,0.116,,,
2294,2026-05-25,SH600026,-0.19488199055194855,EXP_LinearModel_Alpha158_csi300_custom_step0_s_20260525_15,fdd3a62fda184f699e83d942e7cb168b,0.116,,,
2295,2026-05-25,SH600025,0.005460986867547035,EXP_LinearModel_Alpha158_csi300_custom_step0_s_20260525_15,fdd3a62fda184f699e83d942e7cb168b,0.116,,,
2296,2026-05-25,SH600023,-0.077654629945755,EXP_LinearModel_Alpha158_csi300_custom_step0_s_20260525_15,fdd3a62fda184f699e83d942e7cb168b,0.116,,,
2297,2026-05-25,SH600019,0.013949483633041382,EXP_LinearModel_Alpha158_csi300_custom_step0_s_20260525_15,fdd3a62fda184f699e83d942e7cb168b,0.116,,,
2298,2026-05-25,SH600018,0.049786802381277084,EXP_LinearModel_Alpha158_csi300_custom_step0_s_20260525_15,fdd3a62fda184f699e83d942e7cb168b,0.116,,,
2299,2026-05-25,SH600016,-0.20417943596839905,EXP_LinearModel_Alpha158_csi300_custom_step0_s_20260525_15,fdd3a62fda184f699e83d942e7cb168b,0.116,,,
2300,2026-05-25,SH600015,-0.04055027291178703,EXP_LinearModel_Alpha158_csi300_custom_step0_s_20260525_15,fdd3a62fda184f699e83d942e7cb168b,0.116,,,
2301,2026-05-25,SH600011,0.06175387278199196,EXP_LinearModel_Alpha158_csi300_custom_step0_s_20260525_15,fdd3a62fda184f699e83d942e7cb168b,0.116,,,
2302,2026-05-25,SH600010,0.09803637117147446,EXP_LinearModel_Alpha158_csi300_custom_step0_s_20260525_15,fdd3a62fda184f699e83d942e7cb168b,0.116,,,
2303,2026-05-25,SH600039,0.03483474999666214,EXP_LinearModel_Alpha158_csi300_custom_step0_s_20260525_15,fdd3a62fda184f699e83d942e7cb168b,0.116,,,
2304,2026-05-25,SH600905,0.006431075744330883,EXP_LinearModel_Alpha158_csi300_custom_step0_s_20260525_15,fdd3a62fda184f699e83d942e7cb168b,0.116,,,
2305,2026-05-25,SH600048,-0.005616378504782915,EXP_LinearModel_Alpha158_csi300_custom_step0_s_20260525_15,fdd3a62fda184f699e83d942e7cb168b,0.116,,,
2306,2026-05-25,SH600061,-0.059240877628326416,EXP_LinearModel_Alpha158_csi300_custom_step0_s_20260525_15,fdd3a62fda184f699e83d942e7cb168b,0.116,,,
2307,2026-05-25,SH600233,0.001085811760276556,EXP_LinearModel_Alpha158_csi300_custom_step0_s_20260525_15,fdd3a62fda184f699e83d942e7cb168b,0.116,,,
2308,2026-05-25,SH600219,0.11009517312049866,EXP_LinearModel_Alpha158_csi300_custom_step0_s_20260525_15,fdd3a62fda184f699e83d942e7cb168b,0.116,,,
2309,2026-05-25,SH600196,-0.08089055866003036,EXP_LinearModel_Alpha158_csi300_custom_step0_s_20260525_15,fdd3a62fda184f699e83d942e7cb168b,0.116,,,
2310,2026-05-25,SH600188,-0.0808318555355072,EXP_LinearModel_Alpha158_csi300_custom_step0_s_20260525_15,fdd3a62fda184f699e83d942e7cb168b,0.116,,,
2311,2026-05-25,SH600183,0.014383209869265556,EXP_LinearModel_Alpha158_csi300_custom_step0_s_20260525_15,fdd3a62fda184f699e83d942e7cb168b,0.116,,,
2312,2026-05-25,SH600176,0.16633889079093933,EXP_LinearModel_Alpha158_csi300_custom_step0_s_20260525_15,fdd3a62fda184f699e83d942e7cb168b,0.116,,,
2313,2026-05-25,SH600161,0.029330965131521225,EXP_LinearModel_Alpha158_csi300_custom_step0_s_20260525_15,fdd3a62fda184f699e83d942e7cb168b,0.116,,,
2314,2026-05-25,SH600160,0.12078732997179031,EXP_LinearModel_Alpha158_csi300_custom_step0_s_20260525_15,fdd3a62fda184f699e83d942e7cb168b,0.116,,,
2315,2026-05-25,SH600150,0.23830032348632812,EXP_LinearModel_Alpha158_csi300_custom_step0_s_20260525_15,fdd3a62fda184f699e83d942e7cb168b,0.116,,,
2316,2026-05-25,SH600115,0.08127255737781525,EXP_LinearModel_Alpha158_csi300_custom_step0_s_20260525_15,fdd3a62fda184f699e83d942e7cb168b,0.116,,,
2317,2026-05-25,SH600111,0.19195407629013062,EXP_LinearModel_Alpha158_csi300_custom_step0_s_20260525_15,fdd3a62fda184f699e83d942e7cb168b,0.116,,,
2318,2026-05-25,SH600104,-0.06189337000250816,EXP_LinearModel_Alpha158_csi300_custom_step0_s_20260525_15,fdd3a62fda184f699e83d942e7cb168b,0.116,,,
2319,2026-05-25,SH600089,-0.007412059232592583,EXP_LinearModel_Alpha158_csi300_custom_step0_s_20260525_15,fdd3a62fda184f699e83d942e7cb168b,0.116,,,
2320,2026-05-25,SH600085,-0.062380533665418625,EXP_LinearModel_Alpha158_csi300_custom_step0_s_20260525_15,fdd3a62fda184f699e83d942e7cb168b,0.116,,,
2321,2026-05-25,SH600066,0.025510726496577263,EXP_LinearModel_Alpha158_csi300_custom_step0_s_20260525_15,fdd3a62fda184f699e83d942e7cb168b,0.116,,,
2322,2026-05-25,SH600050,-0.10964340716600418,EXP_LinearModel_Alpha158_csi300_custom_step0_s_20260525_15,fdd3a62fda184f699e83d942e7cb168b,0.116,,,
2323,2026-05-25,SH601916,-0.019174430519342422,EXP_LinearModel_Alpha158_csi300_custom_step0_s_20260525_15,fdd3a62fda184f699e83d942e7cb168b,0.116,,,
2324,2026-05-25,SH600918,-0.09263738244771957,EXP_LinearModel_Alpha158_csi300_custom_step0_s_20260525_15,fdd3a62fda184f699e83d942e7cb168b,0.116,,,
2325,2026-05-25,SH600926,-0.07103658467531204,EXP_LinearModel_Alpha158_csi300_custom_step0_s_20260525_15,fdd3a62fda184f699e83d942e7cb168b,0.116,,,
2326,2026-05-25,SH601689,0.08830825239419937,EXP_LinearModel_Alpha158_csi300_custom_step0_s_20260525_15,fdd3a62fda184f699e83d942e7cb168b,0.116,,,
2327,2026-05-25,SH601688,0.0070702494122087955,EXP_LinearModel_Alpha158_csi300_custom_step0_s_20260525_15,fdd3a62fda184f699e83d942e7cb168b,0.116,,,
2328,2026-05-25,SH601669,0.026176773011684418,EXP_LinearModel_Alpha158_csi300_custom_step0_s_20260525_15,fdd3a62fda184f699e83d942e7cb168b,0.116,,,
2329,2026-05-25,SH601668,-0.12265104800462723,EXP_LinearModel_Alpha158_csi300_custom_step0_s_20260525_15,fdd3a62fda184f699e83d942e7cb168b,0.116,,,
2330,2026-05-25,SH601658,0.012067437171936035,EXP_LinearModel_Alpha158_csi300_custom_step0_s_20260525_15,fdd3a62fda184f699e83d942e7cb168b,0.116,,,
2331,2026-05-25,SH601633,-0.11681829392910004,EXP_LinearModel_Alpha158_csi300_custom_step0_s_20260525_15,fdd3a62fda184f699e83d942e7cb168b,0.116,,,
2332,2026-05-25,SH601698,0.13275574147701263,EXP_LinearModel_Alpha158_csi300_custom_step0_s_20260525_15,fdd3a62fda184f699e83d942e7cb168b,0.116,,,
2333,2026-05-25,SH601628,-0.06606318056583405,EXP_LinearModel_Alpha158_csi300_custom_step0_s_20260525_15,fdd3a62fda184f699e83d942e7cb168b,0.116,,,
2334,2026-05-25,SH601607,-0.04084456339478493,EXP_LinearModel_Alpha158_csi300_custom_step0_s_20260525_15,fdd3a62fda184f699e83d942e7cb168b,0.116,,,
2335,2026-05-25,SH601601,-0.03350956365466118,EXP_LinearModel_Alpha158_csi300_custom_step0_s_20260525_15,fdd3a62fda184f699e83d942e7cb168b,0.116,,,
2336,2026-05-25,SH601600,0.18948101997375488,EXP_LinearModel_Alpha158_csi300_custom_step0_s_20260525_15,fdd3a62fda184f699e83d942e7cb168b,0.116,,,
2337,2026-05-25,SH601456,0.005045128520578146,EXP_LinearModel_Alpha158_csi300_custom_step0_s_20260525_15,fdd3a62fda184f699e83d942e7cb168b,0.116,,,
2338,2026-05-25,SH601398,-0.05788643658161163,EXP_LinearModel_Alpha158_csi300_custom_step0_s_20260525_15,fdd3a62fda184f699e83d942e7cb168b,0.116,,,
2339,2026-05-25,SH601390,-0.04484409838914871,EXP_LinearModel_Alpha158_csi300_custom_step0_s_20260525_15,fdd3a62fda184f699e83d942e7cb168b,0.116,,,
2340,2026-05-25,SH601618,-0.07375191897153854,EXP_LinearModel_Alpha158_csi300_custom_step0_s_20260525_15,fdd3a62fda184f699e83d942e7cb168b,0.116,,,
2341,2026-05-25,SH601728,-0.15703852474689484,EXP_LinearModel_Alpha158_csi300_custom_step0_s_20260525_15,fdd3a62fda184f699e83d942e7cb168b,0.116,,,
2342,2026-05-25,SH601766,-0.13945280015468597,EXP_LinearModel_Alpha158_csi300_custom_step0_s_20260525_15,fdd3a62fda184f699e83d942e7cb168b,0.116,,,
2343,2026-05-25,SH601788,-0.12920714914798737,EXP_LinearModel_Alpha158_csi300_custom_step0_s_20260525_15,fdd3a62fda184f699e83d942e7cb168b,0.116,,,
2344,2026-05-25,SH601899,0.02349039912223816,EXP_LinearModel_Alpha158_csi300_custom_step0_s_20260525_15,fdd3a62fda184f699e83d942e7cb168b,0.116,,,
2345,2026-05-25,SH601898,-0.08573590219020844,EXP_LinearModel_Alpha158_csi300_custom_step0_s_20260525_15,fdd3a62fda184f699e83d942e7cb168b,0.116,,,
2346,2026-05-25,SH601888,0.05276886373758316,EXP_LinearModel_Alpha158_csi300_custom_step0_s_20260525_15,fdd3a62fda184f699e83d942e7cb168b,0.116,,,
2347,2026-05-25,SH601881,-0.0258320402354002,EXP_LinearModel_Alpha158_csi300_custom_step0_s_20260525_15,fdd3a62fda184f699e83d942e7cb168b,0.116,,,
2348,2026-05-25,SH601878,-0.06316131353378296,EXP_LinearModel_Alpha158_csi300_custom_step0_s_20260525_15,fdd3a62fda184f699e83d942e7cb168b,0.116,,,
2349,2026-05-25,SH601877,-0.13694645464420319,EXP_LinearModel_Alpha158_csi300_custom_step0_s_20260525_15,fdd3a62fda184f699e83d942e7cb168b,0.116,,,
2350,2026-05-25,SH601872,-0.12259802222251892,EXP_LinearModel_Alpha158_csi300_custom_step0_s_20260525_15,fdd3a62fda184f699e83d942e7cb168b,0.116,,,
2351,2026-05-25,SH601868,0.016598111018538475,EXP_LinearModel_Alpha158_csi300_custom_step0_s_20260525_15,fdd3a62fda184f699e83d942e7cb168b,0.116,,,
2352,2026-05-25,SH601857,0.09364714473485947,EXP_LinearModel_Alpha158_csi300_custom_step0_s_20260525_15,fdd3a62fda184f699e83d942e7cb168b,0.116,,,
2353,2026-05-25,SH601838,0.08902457356452942,EXP_LinearModel_Alpha158_csi300_custom_step0_s_20260525_15,fdd3a62fda184f699e83d942e7cb168b,0.116,,,
2354,2026-05-25,SH601825,-0.08521568775177002,EXP_LinearModel_Alpha158_csi300_custom_step0_s_20260525_15,fdd3a62fda184f699e83d942e7cb168b,0.116,,,
2355,2026-05-25,SH601818,-0.11207706481218338,EXP_LinearModel_Alpha158_csi300_custom_step0_s_20260525_15,fdd3a62fda184f699e83d942e7cb168b,0.116,,,
2356,2026-05-25,SH601816,-0.13313472270965576,EXP_LinearModel_Alpha158_csi300_custom_step0_s_20260525_15,fdd3a62fda184f699e83d942e7cb168b,0.116,,,
2357,2026-05-25,SH601808,0.12633909285068512,EXP_LinearModel_Alpha158_csi300_custom_step0_s_20260525_15,fdd3a62fda184f699e83d942e7cb168b,0.116,,,
2358,2026-05-25,SH601800,-0.016140228137373924,EXP_LinearModel_Alpha158_csi300_custom_step0_s_20260525_15,fdd3a62fda184f699e83d942e7cb168b,0.116,,,
2359,2026-05-25,SH601377,-0.06095070019364357,EXP_LinearModel_Alpha158_csi300_custom_step0_s_20260525_15,fdd3a62fda184f699e83d942e7cb168b,0.116,,,
2360,2026-05-25,SH601360,0.05636744201183319,EXP_LinearModel_Alpha158_csi300_custom_step0_s_20260525_15,fdd3a62fda184f699e83d942e7cb168b,0.116,,,
2361,2026-05-25,SH601336,0.04522985965013504,EXP_LinearModel_Alpha158_csi300_custom_step0_s_20260525_15,fdd3a62fda184f699e83d942e7cb168b,0.116,,,
2362,2026-05-25,SH601328,-0.0027722716331481934,EXP_LinearModel_Alpha158_csi300_custom_step0_s_20260525_15,fdd3a62fda184f699e83d942e7cb168b,0.116,,,
2363,2026-05-25,SH601077,-0.049405768513679504,EXP_LinearModel_Alpha158_csi300_custom_step0_s_20260525_15,fdd3a62fda184f699e83d942e7cb168b,0.116,,,
2364,2026-05-25,SH601066,-0.004724354017525911,EXP_LinearModel_Alpha158_csi300_custom_step0_s_20260525_15,fdd3a62fda184f699e83d942e7cb168b,0.116,,,
2365,2026-05-25,SH601059,-0.07255910336971283,EXP_LinearModel_Alpha158_csi300_custom_step0_s_20260525_15,fdd3a62fda184f699e83d942e7cb168b,0.116,,,
2366,2026-05-25,SH601058,0.016037309542298317,EXP_LinearModel_Alpha158_csi300_custom_step0_s_20260525_15,fdd3a62fda184f699e83d942e7cb168b,0.116,,,
2367,2026-05-25,SH601021,0.04632338881492615,EXP_LinearModel_Alpha158_csi300_custom_step0_s_20260525_15,fdd3a62fda184f699e83d942e7cb168b,0.116,,,
2368,2026-05-25,SH601018,-0.05049557611346245,EXP_LinearModel_Alpha158_csi300_custom_step0_s_20260525_15,fdd3a62fda184f699e83d942e7cb168b,0.116,,,
2369,2026-05-25,SH601012,0.011409730650484562,EXP_LinearModel_Alpha158_csi300_custom_step0_s_20260525_15,fdd3a62fda184f699e83d942e7cb168b,0.116,,,
2370,2026-05-25,SH601009,0.0016535446047782898,EXP_LinearModel_Alpha158_csi300_custom_step0_s_20260525_15,fdd3a62fda184f699e83d942e7cb168b,0.116,,,
2371,2026-05-25,SH601006,0.03718123212456703,EXP_LinearModel_Alpha158_csi300_custom_step0_s_20260525_15,fdd3a62fda184f699e83d942e7cb168b,0.116,,,
2372,2026-05-25,SH600999,0.004341520369052887,EXP_LinearModel_Alpha158_csi300_custom_step0_s_20260525_15,fdd3a62fda184f699e83d942e7cb168b,0.116,,,
2373,2026-05-25,SH600989,0.08214607834815979,EXP_LinearModel_Alpha158_csi300_custom_step0_s_20260525_15,fdd3a62fda184f699e83d942e7cb168b,0.116,,,
2374,2026-05-25,SH600958,,EXP_LinearModel_Alpha158_csi300_custom_step0_s_20260525_15,fdd3a62fda184f699e83d942e7cb168b,0.116,,,
2375,2026-05-25,SH600941,0.025837766006588936,EXP_LinearModel_Alpha158_csi300_custom_step0_s_20260525_15,fdd3a62fda184f699e83d942e7cb168b,0.116,,,
2376,2026-05-25,SH600938,0.06805097311735153,EXP_LinearModel_Alpha158_csi300_custom_step0_s_20260525_15,fdd3a62fda184f699e83d942e7cb168b,0.116,,,
2377,2026-05-25,SH600930,0.033955466002225876,EXP_LinearModel_Alpha158_csi300_custom_step0_s_20260525_15,fdd3a62fda184f699e83d942e7cb168b,0.116,,,
2378,2026-05-25,SH601088,-0.12565042078495026,EXP_LinearModel_Alpha158_csi300_custom_step0_s_20260525_15,fdd3a62fda184f699e83d942e7cb168b,0.116,,,
2379,2026-05-25,SH600919,0.006494730245321989,EXP_LinearModel_Alpha158_csi300_custom_step0_s_20260525_15,fdd3a62fda184f699e83d942e7cb168b,0.116,,,
2380,2026-05-25,SH601100,-0.01466620247811079,EXP_LinearModel_Alpha158_csi300_custom_step0_s_20260525_15,fdd3a62fda184f699e83d942e7cb168b,0.116,,,
2381,2026-05-25,SH601117,0.022997748106718063,EXP_LinearModel_Alpha158_csi300_custom_step0_s_20260525_15,fdd3a62fda184f699e83d942e7cb168b,0.116,,,
2382,2026-05-25,SH601319,0.014073962345719337,EXP_LinearModel_Alpha158_csi300_custom_step0_s_20260525_15,fdd3a62fda184f699e83d942e7cb168b,0.116,,,
2383,2026-05-25,SH601318,-0.01040532998740673,EXP_LinearModel_Alpha158_csi300_custom_step0_s_20260525_15,fdd3a62fda184f699e83d942e7cb168b,0.116,,,
2384,2026-05-25,SH601298,-0.06288331747055054,EXP_LinearModel_Alpha158_csi300_custom_step0_s_20260525_15,fdd3a62fda184f699e83d942e7cb168b,0.116,,,
2385,2026-05-25,SH601288,-0.02145262435078621,EXP_LinearModel_Alpha158_csi300_custom_step0_s_20260525_15,fdd3a62fda184f699e83d942e7cb168b,0.116,,,
2386,2026-05-25,SH601238,-0.0465674065053463,EXP_LinearModel_Alpha158_csi300_custom_step0_s_20260525_15,fdd3a62fda184f699e83d942e7cb168b,0.116,,,
2387,2026-05-25,SH601236,-0.04754471778869629,EXP_LinearModel_Alpha158_csi300_custom_step0_s_20260525_15,fdd3a62fda184f699e83d942e7cb168b,0.116,,,
2388,2026-05-25,SH601229,-0.01565789245069027,EXP_LinearModel_Alpha158_csi300_custom_step0_s_20260525_15,fdd3a62fda184f699e83d942e7cb168b,0.116,,,
2389,2026-05-25,SH601225,-0.05806045979261398,EXP_LinearModel_Alpha158_csi300_custom_step0_s_20260525_15,fdd3a62fda184f699e83d942e7cb168b,0.116,,,
2390,2026-05-25,SH601211,-0.09620394557714462,EXP_LinearModel_Alpha158_csi300_custom_step0_s_20260525_15,fdd3a62fda184f699e83d942e7cb168b,0.116,,,
2391,2026-05-25,SH601186,-0.09879793226718903,EXP_LinearModel_Alpha158_csi300_custom_step0_s_20260525_15,fdd3a62fda184f699e83d942e7cb168b,0.116,,,
2392,2026-05-25,SH601169,-0.19237296283245087,EXP_LinearModel_Alpha158_csi300_custom_step0_s_20260525_15,fdd3a62fda184f699e83d942e7cb168b,0.116,,,
2393,2026-05-25,SH601166,-0.0713459849357605,EXP_LinearModel_Alpha158_csi300_custom_step0_s_20260525_15,fdd3a62fda184f699e83d942e7cb168b,0.116,,,
2394,2026-05-25,SH601138,0.25150442123413086,EXP_LinearModel_Alpha158_csi300_custom_step0_s_20260525_15,fdd3a62fda184f699e83d942e7cb168b,0.116,,,
2395,2026-05-25,SH601136,-0.06446528434753418,EXP_LinearModel_Alpha158_csi300_custom_step0_s_20260525_15,fdd3a62fda184f699e83d942e7cb168b,0.116,,,
2396,2026-05-25,SH601127,0.06137249618768692,EXP_LinearModel_Alpha158_csi300_custom_step0_s_20260525_15,fdd3a62fda184f699e83d942e7cb168b,0.116,,,
2397,2026-05-25,SH601111,-0.01193966157734394,EXP_LinearModel_Alpha158_csi300_custom_step0_s_20260525_15,fdd3a62fda184f699e83d942e7cb168b,0.116,,,
2398,2026-05-25,SH600000,-0.033965804566660936,EXP_DEnsembleModel_Alpha158_csi300_custom_step0_s_20260525_15,455e266aa1544bfc838d0ba193a2d79d,0.069,,,
2399,2026-05-25,SZ302132,-0.16985557224468995,EXP_DEnsembleModel_Alpha158_csi300_custom_step0_s_20260525_15,28c0c9eaa2e7444cad012bc616c18292,0.053,,,
2400,2026-05-25,SZ301269,-0.019971456874431647,EXP_DEnsembleModel_Alpha158_csi300_custom_step0_s_20260525_15,28c0c9eaa2e7444cad012bc616c18292,0.053,,,
2401,2026-05-25,SZ000568,-0.014970874438998949,EXP_CatBoostModel_Alpha158_csi300_custom_step0_s_20260525_18,9d84c5399d604820af41c594e73ee3da,0.075,,,
2402,2026-05-25,SZ000538,-0.023957300614218156,EXP_CatBoostModel_Alpha158_csi300_custom_step0_s_20260525_18,9d84c5399d604820af41c594e73ee3da,0.075,,,
2403,2026-05-25,SZ000425,0.02446436566121989,EXP_CatBoostModel_Alpha158_csi300_custom_step0_s_20260525_18,9d84c5399d604820af41c594e73ee3da,0.075,,,
2404,2026-05-25,SZ000408,-0.011593836520362026,EXP_CatBoostModel_Alpha158_csi300_custom_step0_s_20260525_18,9d84c5399d604820af41c594e73ee3da,0.075,,,
2405,2026-05-25,SZ000338,0.004512861700085545,EXP_CatBoostModel_Alpha158_csi300_custom_step0_s_20260525_18,9d84c5399d604820af41c594e73ee3da,0.075,,,
2406,2026-05-25,SZ000333,0.01673522621239213,EXP_CatBoostModel_Alpha158_csi300_custom_step0_s_20260525_18,9d84c5399d604820af41c594e73ee3da,0.075,,,
2407,2026-05-25,SZ000596,0.019690040922244283,EXP_CatBoostModel_Alpha158_csi300_custom_step0_s_20260525_18,9d84c5399d604820af41c594e73ee3da,0.075,,,
2408,2026-05-25,SZ000301,0.009168714570737865,EXP_CatBoostModel_Alpha158_csi300_custom_step0_s_20260525_18,9d84c5399d604820af41c594e73ee3da,0.075,,,
2409,2026-05-25,SZ000157,-0.011240364051571246,EXP_CatBoostModel_Alpha158_csi300_custom_step0_s_20260525_18,9d84c5399d604820af41c594e73ee3da,0.075,,,
2410,2026-05-25,SZ000100,-0.00899555266631137,EXP_CatBoostModel_Alpha158_csi300_custom_step0_s_20260525_18,9d84c5399d604820af41c594e73ee3da,0.075,,,
2411,2026-05-25,SZ000063,0.00024026942054598718,EXP_CatBoostModel_Alpha158_csi300_custom_step0_s_20260525_18,9d84c5399d604820af41c594e73ee3da,0.075,,,
2412,2026-05-25,SZ000002,0.02325646611108528,EXP_CatBoostModel_Alpha158_csi300_custom_step0_s_20260525_18,9d84c5399d604820af41c594e73ee3da,0.075,,,
2413,2026-05-25,SZ000001,-0.01668921000970154,EXP_CatBoostModel_Alpha158_csi300_custom_step0_s_20260525_18,9d84c5399d604820af41c594e73ee3da,0.075,,,
2414,2026-05-25,SH688981,0.10248355436890838,EXP_CatBoostModel_Alpha158_csi300_custom_step0_s_20260525_18,9d84c5399d604820af41c594e73ee3da,0.075,,,
2415,2026-05-25,SZ000166,-0.01940006088901118,EXP_CatBoostModel_Alpha158_csi300_custom_step0_s_20260525_18,9d84c5399d604820af41c594e73ee3da,0.075,,,
2416,2026-05-25,SZ000617,0.04135777972829674,EXP_CatBoostModel_Alpha158_csi300_custom_step0_s_20260525_18,9d84c5399d604820af41c594e73ee3da,0.075,,,
2417,2026-05-25,SZ000625,0.015106337470398964,EXP_CatBoostModel_Alpha158_csi300_custom_step0_s_20260525_18,9d84c5399d604820af41c594e73ee3da,0.075,,,
2418,2026-05-25,SZ000630,-0.005265448481198032,EXP_CatBoostModel_Alpha158_csi300_custom_step0_s_20260525_18,9d84c5399d604820af41c594e73ee3da,0.075,,,
2419,2026-05-25,SZ000975,0.050803797741232885,EXP_CatBoostModel_Alpha158_csi300_custom_step0_s_20260525_18,9d84c5399d604820af41c594e73ee3da,0.075,,,
2420,2026-05-25,SZ000963,0.011876200512266111,EXP_CatBoostModel_Alpha158_csi300_custom_step0_s_20260525_18,9d84c5399d604820af41c594e73ee3da,0.075,,,
2421,2026-05-25,SZ000938,0.04546411867006003,EXP_CatBoostModel_Alpha158_csi300_custom_step0_s_20260525_18,9d84c5399d604820af41c594e73ee3da,0.075,,,
2422,2026-05-25,SZ000895,-0.01736464756207528,EXP_CatBoostModel_Alpha158_csi300_custom_step0_s_20260525_18,9d84c5399d604820af41c594e73ee3da,0.075,,,
2423,2026-05-25,SZ000876,-0.021197732987071696,EXP_CatBoostModel_Alpha158_csi300_custom_step0_s_20260525_18,9d84c5399d604820af41c594e73ee3da,0.075,,,
2424,2026-05-25,SZ000858,0.021255595054741217,EXP_CatBoostModel_Alpha158_csi300_custom_step0_s_20260525_18,9d84c5399d604820af41c594e73ee3da,0.075,,,
2425,2026-05-25,SZ000807,0.03331959188473658,EXP_CatBoostModel_Alpha158_csi300_custom_step0_s_20260525_18,9d84c5399d604820af41c594e73ee3da,0.075,,,
2426,2026-05-25,SZ000792,0.12063889956029006,EXP_CatBoostModel_Alpha158_csi300_custom_step0_s_20260525_18,9d84c5399d604820af41c594e73ee3da,0.075,,,
2427,2026-05-25,SZ000786,-0.008625939642859966,EXP_CatBoostModel_Alpha158_csi300_custom_step0_s_20260525_18,9d84c5399d604820af41c594e73ee3da,0.075,,,
2428,2026-05-25,SZ000776,-0.006197241728913944,EXP_CatBoostModel_Alpha158_csi300_custom_step0_s_20260525_18,9d84c5399d604820af41c594e73ee3da,0.075,,,
2429,2026-05-25,SZ000768,0.00031744838324794674,EXP_CatBoostModel_Alpha158_csi300_custom_step0_s_20260525_18,9d84c5399d604820af41c594e73ee3da,0.075,,,
2430,2026-05-25,SZ000725,-0.019537415357680513,EXP_CatBoostModel_Alpha158_csi300_custom_step0_s_20260525_18,9d84c5399d604820af41c594e73ee3da,0.075,,,
2431,2026-05-25,SZ000708,0.02205654273879789,EXP_CatBoostModel_Alpha158_csi300_custom_step0_s_20260525_18,9d84c5399d604820af41c594e73ee3da,0.075,,,
2432,2026-05-25,SZ000661,-0.007225084253650734,EXP_CatBoostModel_Alpha158_csi300_custom_step0_s_20260525_18,9d84c5399d604820af41c594e73ee3da,0.075,,,
2433,2026-05-25,SZ000651,-0.004982314452378041,EXP_CatBoostModel_Alpha158_csi300_custom_step0_s_20260525_18,9d84c5399d604820af41c594e73ee3da,0.075,,,
2434,2026-05-25,SH688506,0.02695255786395118,EXP_CatBoostModel_Alpha158_csi300_custom_step0_s_20260525_18,9d84c5399d604820af41c594e73ee3da,0.075,,,
2435,2026-05-25,SH688472,-0.011105111116217623,EXP_CatBoostModel_Alpha158_csi300_custom_step0_s_20260525_18,9d84c5399d604820af41c594e73ee3da,0.075,,,
2436,2026-05-25,SH688396,0.06429232868560436,EXP_CatBoostModel_Alpha158_csi300_custom_step0_s_20260525_18,9d84c5399d604820af41c594e73ee3da,0.075,,,
2437,2026-05-25,SH688303,0.018536849390504952,EXP_CatBoostModel_Alpha158_csi300_custom_step0_s_20260525_18,9d84c5399d604820af41c594e73ee3da,0.075,,,
2438,2026-05-25,SH603799,-0.00543280735723943,EXP_CatBoostModel_Alpha158_csi300_custom_step0_s_20260525_18,9d84c5399d604820af41c594e73ee3da,0.075,,,
2439,2026-05-25,SH603501,0.020797491325688727,EXP_CatBoostModel_Alpha158_csi300_custom_step0_s_20260525_18,9d84c5399d604820af41c594e73ee3da,0.075,,,
2440,2026-05-25,SH603392,0.019405955745023254,EXP_CatBoostModel_Alpha158_csi300_custom_step0_s_20260525_18,9d84c5399d604820af41c594e73ee3da,0.075,,,
2441,2026-05-25,SH603369,0.007940119759504224,EXP_CatBoostModel_Alpha158_csi300_custom_step0_s_20260525_18,9d84c5399d604820af41c594e73ee3da,0.075,,,
2442,2026-05-25,SH603296,0.02257701812013923,EXP_CatBoostModel_Alpha158_csi300_custom_step0_s_20260525_18,9d84c5399d604820af41c594e73ee3da,0.075,,,
2443,2026-05-25,SH603288,-0.003161266131931433,EXP_CatBoostModel_Alpha158_csi300_custom_step0_s_20260525_18,9d84c5399d604820af41c594e73ee3da,0.075,,,
2444,2026-05-25,SH603260,0.01597208741312917,EXP_CatBoostModel_Alpha158_csi300_custom_step0_s_20260525_18,9d84c5399d604820af41c594e73ee3da,0.075,,,
2445,2026-05-25,SH603259,0.009276301835079806,EXP_CatBoostModel_Alpha158_csi300_custom_step0_s_20260525_18,9d84c5399d604820af41c594e73ee3da,0.075,,,
2446,2026-05-25,SH603195,-0.002013425132128781,EXP_CatBoostModel_Alpha158_csi300_custom_step0_s_20260525_18,9d84c5399d604820af41c594e73ee3da,0.075,,,
2447,2026-05-25,SH603019,0.018095044438086627,EXP_CatBoostModel_Alpha158_csi300_custom_step0_s_20260525_18,9d84c5399d604820af41c594e73ee3da,0.075,,,
2448,2026-05-25,SH601998,-0.017785455607650682,EXP_CatBoostModel_Alpha158_csi300_custom_step0_s_20260525_18,9d84c5399d604820af41c594e73ee3da,0.075,,,
2449,2026-05-25,SH601995,0.0015083079455006647,EXP_CatBoostModel_Alpha158_csi300_custom_step0_s_20260525_18,9d84c5399d604820af41c594e73ee3da,0.075,,,
2450,2026-05-25,SH601988,-0.005417635312331364,EXP_CatBoostModel_Alpha158_csi300_custom_step0_s_20260525_18,9d84c5399d604820af41c594e73ee3da,0.075,,,
2451,2026-05-25,SH601985,-0.017249939273619504,EXP_CatBoostModel_Alpha158_csi300_custom_step0_s_20260525_18,9d84c5399d604820af41c594e73ee3da,0.075,,,
2452,2026-05-25,SH601939,0.0003506217042764155,EXP_CatBoostModel_Alpha158_csi300_custom_step0_s_20260525_18,9d84c5399d604820af41c594e73ee3da,0.075,,,
2453,2026-05-25,SH603893,0.03257017564880234,EXP_CatBoostModel_Alpha158_csi300_custom_step0_s_20260525_18,9d84c5399d604820af41c594e73ee3da,0.075,,,
2454,2026-05-25,SZ000977,0.003494400708928618,EXP_CatBoostModel_Alpha158_csi300_custom_step0_s_20260525_18,9d84c5399d604820af41c594e73ee3da,0.075,,,
2455,2026-05-25,SH603986,0.02048362626894659,EXP_CatBoostModel_Alpha158_csi300_custom_step0_s_20260525_18,9d84c5399d604820af41c594e73ee3da,0.075,,,
2456,2026-05-25,SH605117,0.023719223821836187,EXP_CatBoostModel_Alpha158_csi300_custom_step0_s_20260525_18,9d84c5399d604820af41c594e73ee3da,0.075,,,
2457,2026-05-25,SH688271,-0.006140993293744508,EXP_CatBoostModel_Alpha158_csi300_custom_step0_s_20260525_18,9d84c5399d604820af41c594e73ee3da,0.075,,,
2458,2026-05-25,SH688256,0.04046029118534358,EXP_CatBoostModel_Alpha158_csi300_custom_step0_s_20260525_18,9d84c5399d604820af41c594e73ee3da,0.075,,,
2459,2026-05-25,SH688223,0.023290250560046653,EXP_CatBoostModel_Alpha158_csi300_custom_step0_s_20260525_18,9d84c5399d604820af41c594e73ee3da,0.075,,,
2460,2026-05-25,SH688187,-0.016462690897594057,EXP_CatBoostModel_Alpha158_csi300_custom_step0_s_20260525_18,9d84c5399d604820af41c594e73ee3da,0.075,,,
2461,2026-05-25,SH688169,0.0020194387132724226,EXP_CatBoostModel_Alpha158_csi300_custom_step0_s_20260525_18,9d84c5399d604820af41c594e73ee3da,0.075,,,
2462,2026-05-25,SH688126,-0.005679772215435048,EXP_CatBoostModel_Alpha158_csi300_custom_step0_s_20260525_18,9d84c5399d604820af41c594e73ee3da,0.075,,,
2463,2026-05-25,SH688111,0.008753718637316067,EXP_CatBoostModel_Alpha158_csi300_custom_step0_s_20260525_18,9d84c5399d604820af41c594e73ee3da,0.075,,,
2464,2026-05-25,SH688082,-0.007737068259053121,EXP_CatBoostModel_Alpha158_csi300_custom_step0_s_20260525_18,9d84c5399d604820af41c594e73ee3da,0.075,,,
2465,2026-05-25,SH688047,-0.0019284342156389517,EXP_CatBoostModel_Alpha158_csi300_custom_step0_s_20260525_18,9d84c5399d604820af41c594e73ee3da,0.075,,,
2466,2026-05-25,SH688041,-0.038539733155641576,EXP_CatBoostModel_Alpha158_csi300_custom_step0_s_20260525_18,9d84c5399d604820af41c594e73ee3da,0.075,,,
2467,2026-05-25,SH688036,0.013348091705199782,EXP_CatBoostModel_Alpha158_csi300_custom_step0_s_20260525_18,9d84c5399d604820af41c594e73ee3da,0.075,,,
2468,2026-05-25,SH688012,-0.02099900111437592,EXP_CatBoostModel_Alpha158_csi300_custom_step0_s_20260525_18,9d84c5399d604820af41c594e73ee3da,0.075,,,
2469,2026-05-25,SH688009,-0.007661770072667585,EXP_CatBoostModel_Alpha158_csi300_custom_step0_s_20260525_18,9d84c5399d604820af41c594e73ee3da,0.075,,,
2470,2026-05-25,SH688008,0.027440863319005086,EXP_CatBoostModel_Alpha158_csi300_custom_step0_s_20260525_18,9d84c5399d604820af41c594e73ee3da,0.075,,,
2471,2026-05-25,SH605499,-0.0017958046288967689,EXP_CatBoostModel_Alpha158_csi300_custom_step0_s_20260525_18,9d84c5399d604820af41c594e73ee3da,0.075,,,
2472,2026-05-25,SH603993,0.011101151288546425,EXP_CatBoostModel_Alpha158_csi300_custom_step0_s_20260525_18,9d84c5399d604820af41c594e73ee3da,0.075,,,
2473,2026-05-25,SH601919,-0.012001036515435949,EXP_CatBoostModel_Alpha158_csi300_custom_step0_s_20260525_18,9d84c5399d604820af41c594e73ee3da,0.075,,,
2474,2026-05-25,SZ000983,4.312988727854533e-05,EXP_CatBoostModel_Alpha158_csi300_custom_step0_s_20260525_18,9d84c5399d604820af41c594e73ee3da,0.075,,,
2475,2026-05-25,SZ001391,-0.005136719410176379,EXP_CatBoostModel_Alpha158_csi300_custom_step0_s_20260525_18,9d84c5399d604820af41c594e73ee3da,0.075,,,
2476,2026-05-25,SZ300408,-0.08904688402712425,EXP_CatBoostModel_Alpha158_csi300_custom_step0_s_20260525_18,9d84c5399d604820af41c594e73ee3da,0.075,,,
2477,2026-05-25,SZ300394,-0.006703158684241449,EXP_CatBoostModel_Alpha158_csi300_custom_step0_s_20260525_18,9d84c5399d604820af41c594e73ee3da,0.075,,,
2478,2026-05-25,SZ300347,0.0379189549040888,EXP_CatBoostModel_Alpha158_csi300_custom_step0_s_20260525_18,9d84c5399d604820af41c594e73ee3da,0.075,,,
2479,2026-05-25,SZ300316,0.06954694986936528,EXP_CatBoostModel_Alpha158_csi300_custom_step0_s_20260525_18,9d84c5399d604820af41c594e73ee3da,0.075,,,
2480,2026-05-25,SZ300308,0.15184757865885423,EXP_CatBoostModel_Alpha158_csi300_custom_step0_s_20260525_18,9d84c5399d604820af41c594e73ee3da,0.075,,,
2481,2026-05-25,SZ300274,0.03631990786071784,EXP_CatBoostModel_Alpha158_csi300_custom_step0_s_20260525_18,9d84c5399d604820af41c594e73ee3da,0.075,,,
2482,2026-05-25,SZ300413,0.01553906133842568,EXP_CatBoostModel_Alpha158_csi300_custom_step0_s_20260525_18,9d84c5399d604820af41c594e73ee3da,0.075,,,
2483,2026-05-25,SZ300251,0.035237455564564486,EXP_CatBoostModel_Alpha158_csi300_custom_step0_s_20260525_18,9d84c5399d604820af41c594e73ee3da,0.075,,,
2484,2026-05-25,SZ300122,0.022847979877346054,EXP_CatBoostModel_Alpha158_csi300_custom_step0_s_20260525_18,9d84c5399d604820af41c594e73ee3da,0.075,,,
2485,2026-05-25,SZ300059,-0.0028612010107981595,EXP_CatBoostModel_Alpha158_csi300_custom_step0_s_20260525_18,9d84c5399d604820af41c594e73ee3da,0.075,,,
2486,2026-05-25,SZ300033,-0.003997640712915925,EXP_CatBoostModel_Alpha158_csi300_custom_step0_s_20260525_18,9d84c5399d604820af41c594e73ee3da,0.075,,,
2487,2026-05-25,SZ300015,0.009917678763228556,EXP_CatBoostModel_Alpha158_csi300_custom_step0_s_20260525_18,9d84c5399d604820af41c594e73ee3da,0.075,,,
2488,2026-05-25,SZ300014,-0.008250812874683383,EXP_CatBoostModel_Alpha158_csi300_custom_step0_s_20260525_18,9d84c5399d604820af41c594e73ee3da,0.075,,,
2489,2026-05-25,SZ003816,0.0014581374368238024,EXP_CatBoostModel_Alpha158_csi300_custom_step0_s_20260525_18,9d84c5399d604820af41c594e73ee3da,0.075,,,
2490,2026-05-25,SZ300124,0.026586132355550435,EXP_CatBoostModel_Alpha158_csi300_custom_step0_s_20260525_18,9d84c5399d604820af41c594e73ee3da,0.075,,,
2491,2026-05-25,SZ300418,-0.01806949684923801,EXP_CatBoostModel_Alpha158_csi300_custom_step0_s_20260525_18,9d84c5399d604820af41c594e73ee3da,0.075,,,
2492,2026-05-25,SZ300433,-0.025655646767439623,EXP_CatBoostModel_Alpha158_csi300_custom_step0_s_20260525_18,9d84c5399d604820af41c594e73ee3da,0.075,,,
2493,2026-05-25,SZ300442,-0.003857732177567601,EXP_CatBoostModel_Alpha158_csi300_custom_step0_s_20260525_18,9d84c5399d604820af41c594e73ee3da,0.075,,,
2494,2026-05-25,SZ300999,-0.008924901343714372,EXP_CatBoostModel_Alpha158_csi300_custom_step0_s_20260525_18,9d84c5399d604820af41c594e73ee3da,0.075,,,
2495,2026-05-25,SZ300979,0.013248808354143543,EXP_CatBoostModel_Alpha158_csi300_custom_step0_s_20260525_18,9d84c5399d604820af41c594e73ee3da,0.075,,,
2496,2026-05-25,SZ300896,0.008351705905208302,EXP_CatBoostModel_Alpha158_csi300_custom_step0_s_20260525_18,9d84c5399d604820af41c594e73ee3da,0.075,,,
2497,2026-05-25,SZ300866,0.028821628267305634,EXP_CatBoostModel_Alpha158_csi300_custom_step0_s_20260525_18,9d84c5399d604820af41c594e73ee3da,0.075,,,
2498,2026-05-25,SZ300832,-0.0035592451681247766,EXP_CatBoostModel_Alpha158_csi300_custom_step0_s_20260525_18,9d84c5399d604820af41c594e73ee3da,0.075,,,
2499,2026-05-25,SZ300803,-0.0017460780938098482,EXP_CatBoostModel_Alpha158_csi300_custom_step0_s_20260525_18,9d84c5399d604820af41c594e73ee3da,0.075,,,
2500,2026-05-25,SZ300782,0.037541895198844086,EXP_CatBoostModel_Alpha158_csi300_custom_step0_s_20260525_18,9d84c5399d604820af41c594e73ee3da,0.075,,,
2501,2026-05-25,SZ300760,-0.011746180773902212,EXP_CatBoostModel_Alpha158_csi300_custom_step0_s_20260525_18,9d84c5399d604820af41c594e73ee3da,0.075,,,
2502,2026-05-25,SZ300759,0.004324721710063934,EXP_CatBoostModel_Alpha158_csi300_custom_step0_s_20260525_18,9d84c5399d604820af41c594e73ee3da,0.075,,,
2503,2026-05-25,SZ300750,-0.00536320511198296,EXP_CatBoostModel_Alpha158_csi300_custom_step0_s_20260525_18,9d84c5399d604820af41c594e73ee3da,0.075,,,
2504,2026-05-25,SZ300661,0.0481036199644493,EXP_CatBoostModel_Alpha158_csi300_custom_step0_s_20260525_18,9d84c5399d604820af41c594e73ee3da,0.075,,,
2505,2026-05-25,SZ300628,0.012809111868945924,EXP_CatBoostModel_Alpha158_csi300_custom_step0_s_20260525_18,9d84c5399d604820af41c594e73ee3da,0.075,,,
2506,2026-05-25,SZ300502,-0.06566900821194398,EXP_CatBoostModel_Alpha158_csi300_custom_step0_s_20260525_18,9d84c5399d604820af41c594e73ee3da,0.075,,,
2507,2026-05-25,SZ300498,0.026299081814141895,EXP_CatBoostModel_Alpha158_csi300_custom_step0_s_20260525_18,9d84c5399d604820af41c594e73ee3da,0.075,,,
2508,2026-05-25,SZ300476,0.054643579517163476,EXP_CatBoostModel_Alpha158_csi300_custom_step0_s_20260525_18,9d84c5399d604820af41c594e73ee3da,0.075,,,
2509,2026-05-25,SZ002938,0.030977010495488226,EXP_CatBoostModel_Alpha158_csi300_custom_step0_s_20260525_18,9d84c5399d604820af41c594e73ee3da,0.075,,,
2510,2026-05-25,SZ002920,-0.010046320396703041,EXP_CatBoostModel_Alpha158_csi300_custom_step0_s_20260525_18,9d84c5399d604820af41c594e73ee3da,0.075,,,
2511,2026-05-25,SZ002916,-0.008581510445336643,EXP_CatBoostModel_Alpha158_csi300_custom_step0_s_20260525_18,9d84c5399d604820af41c594e73ee3da,0.075,,,
2512,2026-05-25,SZ002736,-0.014728898427847565,EXP_CatBoostModel_Alpha158_csi300_custom_step0_s_20260525_18,9d84c5399d604820af41c594e73ee3da,0.075,,,
2513,2026-05-25,SZ002304,-0.010089633227467634,EXP_CatBoostModel_Alpha158_csi300_custom_step0_s_20260525_18,9d84c5399d604820af41c594e73ee3da,0.075,,,
2514,2026-05-25,SZ002252,-0.009863749777976884,EXP_CatBoostModel_Alpha158_csi300_custom_step0_s_20260525_18,9d84c5399d604820af41c594e73ee3da,0.075,,,
2515,2026-05-25,SZ002241,0.00505462042935014,EXP_CatBoostModel_Alpha158_csi300_custom_step0_s_20260525_18,9d84c5399d604820af41c594e73ee3da,0.075,,,
2516,2026-05-25,SZ002236,-0.006128357849079372,EXP_CatBoostModel_Alpha158_csi300_custom_step0_s_20260525_18,9d84c5399d604820af41c594e73ee3da,0.075,,,
2517,2026-05-25,SZ002230,-0.0032448918204374304,EXP_CatBoostModel_Alpha158_csi300_custom_step0_s_20260525_18,9d84c5399d604820af41c594e73ee3da,0.075,,,
2518,2026-05-25,SZ002179,-0.005989955698040967,EXP_CatBoostModel_Alpha158_csi300_custom_step0_s_20260525_18,9d84c5399d604820af41c594e73ee3da,0.075,,,
2519,2026-05-25,SZ002142,-0.013927704294245754,EXP_CatBoostModel_Alpha158_csi300_custom_step0_s_20260525_18,9d84c5399d604820af41c594e73ee3da,0.075,,,
2520,2026-05-25,SZ002074,0.0012227697335696968,EXP_CatBoostModel_Alpha158_csi300_custom_step0_s_20260525_18,9d84c5399d604820af41c594e73ee3da,0.075,,,
2521,2026-05-25,SZ002050,0.016346246689431326,EXP_CatBoostModel_Alpha158_csi300_custom_step0_s_20260525_18,9d84c5399d604820af41c594e73ee3da,0.075,,,
2522,2026-05-25,SZ002049,0.02919053857404344,EXP_CatBoostModel_Alpha158_csi300_custom_step0_s_20260525_18,9d84c5399d604820af41c594e73ee3da,0.075,,,
2523,2026-05-25,SZ002028,-0.02301080428050623,EXP_CatBoostModel_Alpha158_csi300_custom_step0_s_20260525_18,9d84c5399d604820af41c594e73ee3da,0.075,,,
2524,2026-05-25,SZ002027,0.02031895481549874,EXP_CatBoostModel_Alpha158_csi300_custom_step0_s_20260525_18,9d84c5399d604820af41c594e73ee3da,0.075,,,
2525,2026-05-25,SZ002001,0.03418149811911524,EXP_CatBoostModel_Alpha158_csi300_custom_step0_s_20260525_18,9d84c5399d604820af41c594e73ee3da,0.075,,,
2526,2026-05-25,SZ001979,0.004137465769375263,EXP_CatBoostModel_Alpha158_csi300_custom_step0_s_20260525_18,9d84c5399d604820af41c594e73ee3da,0.075,,,
2527,2026-05-25,SZ001965,0.004410203864787707,EXP_CatBoostModel_Alpha158_csi300_custom_step0_s_20260525_18,9d84c5399d604820af41c594e73ee3da,0.075,,,
2528,2026-05-25,SZ002311,-0.01901257503821016,EXP_CatBoostModel_Alpha158_csi300_custom_step0_s_20260525_18,9d84c5399d604820af41c594e73ee3da,0.075,,,
2529,2026-05-25,SZ000999,-0.014553185953680691,EXP_CatBoostModel_Alpha158_csi300_custom_step0_s_20260525_18,9d84c5399d604820af41c594e73ee3da,0.075,,,
2530,2026-05-25,SZ002352,-0.017643181313853337,EXP_CatBoostModel_Alpha158_csi300_custom_step0_s_20260525_18,9d84c5399d604820af41c594e73ee3da,0.075,,,
2531,2026-05-25,SZ002384,-0.0062025607282692324,EXP_CatBoostModel_Alpha158_csi300_custom_step0_s_20260525_18,9d84c5399d604820af41c594e73ee3da,0.075,,,
2532,2026-05-25,SZ002714,0.027408296436293538,EXP_CatBoostModel_Alpha158_csi300_custom_step0_s_20260525_18,9d84c5399d604820af41c594e73ee3da,0.075,,,
2533,2026-05-25,SZ002709,0.045283506251166034,EXP_CatBoostModel_Alpha158_csi300_custom_step0_s_20260525_18,9d84c5399d604820af41c594e73ee3da,0.075,,,
2534,2026-05-25,SZ002648,0.05526072641541263,EXP_CatBoostModel_Alpha158_csi300_custom_step0_s_20260525_18,9d84c5399d604820af41c594e73ee3da,0.075,,,
2535,2026-05-25,SZ002625,-0.04855726309933269,EXP_CatBoostModel_Alpha158_csi300_custom_step0_s_20260525_18,9d84c5399d604820af41c594e73ee3da,0.075,,,
2536,2026-05-25,SZ002601,0.06624212450961105,EXP_CatBoostModel_Alpha158_csi300_custom_step0_s_20260525_18,9d84c5399d604820af41c594e73ee3da,0.075,,,
2537,2026-05-25,SZ002600,0.01970674066246666,EXP_CatBoostModel_Alpha158_csi300_custom_step0_s_20260525_18,9d84c5399d604820af41c594e73ee3da,0.075,,,
2538,2026-05-25,SZ002594,-0.013641721266456476,EXP_CatBoostModel_Alpha158_csi300_custom_step0_s_20260525_18,9d84c5399d604820af41c594e73ee3da,0.075,,,
2539,2026-05-25,SZ002493,0.11456218058770229,EXP_CatBoostModel_Alpha158_csi300_custom_step0_s_20260525_18,9d84c5399d604820af41c594e73ee3da,0.075,,,
2540,2026-05-25,SZ002475,0.024799970741081142,EXP_CatBoostModel_Alpha158_csi300_custom_step0_s_20260525_18,9d84c5399d604820af41c594e73ee3da,0.075,,,
2541,2026-05-25,SZ002466,0.03543592398501902,EXP_CatBoostModel_Alpha158_csi300_custom_step0_s_20260525_18,9d84c5399d604820af41c594e73ee3da,0.075,,,
2542,2026-05-25,SZ002463,-0.03169014960543359,EXP_CatBoostModel_Alpha158_csi300_custom_step0_s_20260525_18,9d84c5399d604820af41c594e73ee3da,0.075,,,
2543,2026-05-25,SZ002460,0.003539761971455086,EXP_CatBoostModel_Alpha158_csi300_custom_step0_s_20260525_18,9d84c5399d604820af41c594e73ee3da,0.075,,,
2544,2026-05-25,SZ002459,0.015671571641466844,EXP_CatBoostModel_Alpha158_csi300_custom_step0_s_20260525_18,9d84c5399d604820af41c594e73ee3da,0.075,,,
2545,2026-05-25,SZ002422,-0.0006046776479720676,EXP_CatBoostModel_Alpha158_csi300_custom_step0_s_20260525_18,9d84c5399d604820af41c594e73ee3da,0.075,,,
2546,2026-05-25,SZ002415,0.0031109929103342354,EXP_CatBoostModel_Alpha158_csi300_custom_step0_s_20260525_18,9d84c5399d604820af41c594e73ee3da,0.075,,,
2547,2026-05-25,SZ002371,0.017081301818396045,EXP_CatBoostModel_Alpha158_csi300_custom_step0_s_20260525_18,9d84c5399d604820af41c594e73ee3da,0.075,,,
2548,2026-05-25,SZ301236,-0.007866045782749229,EXP_CatBoostModel_Alpha158_csi300_custom_step0_s_20260525_18,9d84c5399d604820af41c594e73ee3da,0.075,,,
2549,2026-05-25,SH601916,-0.010661503697812207,EXP_CatBoostModel_Alpha158_csi300_custom_step0_s_20260525_18,9d84c5399d604820af41c594e73ee3da,0.075,,,
2550,2026-05-25,SH601899,-0.001559367420336813,EXP_CatBoostModel_Alpha158_csi300_custom_step0_s_20260525_18,9d84c5399d604820af41c594e73ee3da,0.075,,,
2551,2026-05-25,SH600522,0.09183030080785326,EXP_CatBoostModel_Alpha158_csi300_custom_step0_s_20260525_18,9d84c5399d604820af41c594e73ee3da,0.075,,,
2552,2026-05-25,SH600519,-0.02147158949949149,EXP_CatBoostModel_Alpha158_csi300_custom_step0_s_20260525_18,9d84c5399d604820af41c594e73ee3da,0.075,,,
2553,2026-05-25,SH600515,-0.016052085113172097,EXP_CatBoostModel_Alpha158_csi300_custom_step0_s_20260525_18,9d84c5399d604820af41c594e73ee3da,0.075,,,
2554,2026-05-25,SH600489,0.017357846344941943,EXP_CatBoostModel_Alpha158_csi300_custom_step0_s_20260525_18,9d84c5399d604820af41c594e73ee3da,0.075,,,
2555,2026-05-25,SH600482,-0.025839551811393503,EXP_CatBoostModel_Alpha158_csi300_custom_step0_s_20260525_18,9d84c5399d604820af41c594e73ee3da,0.075,,,
2556,2026-05-25,SH600460,0.10848225933591221,EXP_CatBoostModel_Alpha158_csi300_custom_step0_s_20260525_18,9d84c5399d604820af41c594e73ee3da,0.075,,,
2557,2026-05-25,SH600547,0.2356415472034012,EXP_CatBoostModel_Alpha158_csi300_custom_step0_s_20260525_18,9d84c5399d604820af41c594e73ee3da,0.075,,,
2558,2026-05-25,SH600438,-0.0018074296481522564,EXP_CatBoostModel_Alpha158_csi300_custom_step0_s_20260525_18,9d84c5399d604820af41c594e73ee3da,0.075,,,
2559,2026-05-25,SH600426,0.010779387042743591,EXP_CatBoostModel_Alpha158_csi300_custom_step0_s_20260525_18,9d84c5399d604820af41c594e73ee3da,0.075,,,
2560,2026-05-25,SH600415,0.0038786161448033664,EXP_CatBoostModel_Alpha158_csi300_custom_step0_s_20260525_18,9d84c5399d604820af41c594e73ee3da,0.075,,,
2561,2026-05-25,SH600406,-0.008353141994178664,EXP_CatBoostModel_Alpha158_csi300_custom_step0_s_20260525_18,9d84c5399d604820af41c594e73ee3da,0.075,,,
2562,2026-05-25,SH600377,0.0029479092535421706,EXP_CatBoostModel_Alpha158_csi300_custom_step0_s_20260525_18,9d84c5399d604820af41c594e73ee3da,0.075,,,
2563,2026-05-25,SH600372,-0.0048998658136798386,EXP_CatBoostModel_Alpha158_csi300_custom_step0_s_20260525_18,9d84c5399d604820af41c594e73ee3da,0.075,,,
2564,2026-05-25,SH600362,0.004668092338145002,EXP_CatBoostModel_Alpha158_csi300_custom_step0_s_20260525_18,9d84c5399d604820af41c594e73ee3da,0.075,,,
2565,2026-05-25,SH600436,0.01375935445104786,EXP_CatBoostModel_Alpha158_csi300_custom_step0_s_20260525_18,9d84c5399d604820af41c594e73ee3da,0.075,,,
2566,2026-05-25,SH600570,-0.0021042147002672132,EXP_CatBoostModel_Alpha158_csi300_custom_step0_s_20260525_18,9d84c5399d604820af41c594e73ee3da,0.075,,,
2567,2026-05-25,SH600584,0.017047081316962302,EXP_CatBoostModel_Alpha158_csi300_custom_step0_s_20260525_18,9d84c5399d604820af41c594e73ee3da,0.075,,,
2568,2026-05-25,SH600585,-0.011585065759700265,EXP_CatBoostModel_Alpha158_csi300_custom_step0_s_20260525_18,9d84c5399d604820af41c594e73ee3da,0.075,,,
2569,2026-05-25,SH600893,-0.008534480839020739,EXP_CatBoostModel_Alpha158_csi300_custom_step0_s_20260525_18,9d84c5399d604820af41c594e73ee3da,0.075,,,
2570,2026-05-25,SH600887,0.004445757083958082,EXP_CatBoostModel_Alpha158_csi300_custom_step0_s_20260525_18,9d84c5399d604820af41c594e73ee3da,0.075,,,
2571,2026-05-25,SH600886,-0.00537594618681113,EXP_CatBoostModel_Alpha158_csi300_custom_step0_s_20260525_18,9d84c5399d604820af41c594e73ee3da,0.075,,,
2572,2026-05-25,SH600875,-0.0168358470441629,EXP_CatBoostModel_Alpha158_csi300_custom_step0_s_20260525_18,9d84c5399d604820af41c594e73ee3da,0.075,,,
2573,2026-05-25,SH600845,-0.011219324795004097,EXP_CatBoostModel_Alpha158_csi300_custom_step0_s_20260525_18,9d84c5399d604820af41c594e73ee3da,0.075,,,
2574,2026-05-25,SH600809,-0.009716780351498706,EXP_CatBoostModel_Alpha158_csi300_custom_step0_s_20260525_18,9d84c5399d604820af41c594e73ee3da,0.075,,,
2575,2026-05-25,SH600803,-0.013176496421420377,EXP_CatBoostModel_Alpha158_csi300_custom_step0_s_20260525_18,9d84c5399d604820af41c594e73ee3da,0.075,,,
2576,2026-05-25,SH600795,0.004673176149515515,EXP_CatBoostModel_Alpha158_csi300_custom_step0_s_20260525_18,9d84c5399d604820af41c594e73ee3da,0.075,,,
2577,2026-05-25,SH600760,0.001723219428843125,EXP_CatBoostModel_Alpha158_csi300_custom_step0_s_20260525_18,9d84c5399d604820af41c594e73ee3da,0.075,,,
2578,2026-05-25,SH600741,0.017174451002857104,EXP_CatBoostModel_Alpha158_csi300_custom_step0_s_20260525_18,9d84c5399d604820af41c594e73ee3da,0.075,,,
2579,2026-05-25,SH600690,0.0028014538459159156,EXP_CatBoostModel_Alpha158_csi300_custom_step0_s_20260525_18,9d84c5399d604820af41c594e73ee3da,0.075,,,
2580,2026-05-25,SH600674,0.00048448415446837215,EXP_CatBoostModel_Alpha158_csi300_custom_step0_s_20260525_18,9d84c5399d604820af41c594e73ee3da,0.075,,,
2581,2026-05-25,SH600660,-0.02069893654604715,EXP_CatBoostModel_Alpha158_csi300_custom_step0_s_20260525_18,9d84c5399d604820af41c594e73ee3da,0.075,,,
2582,2026-05-25,SH600600,-0.027630793024813964,EXP_CatBoostModel_Alpha158_csi300_custom_step0_s_20260525_18,9d84c5399d604820af41c594e73ee3da,0.075,,,
2583,2026-05-25,SH600588,0.005039248343994277,EXP_CatBoostModel_Alpha158_csi300_custom_step0_s_20260525_18,9d84c5399d604820af41c594e73ee3da,0.075,,,
2584,2026-05-25,SH600346,0.06817296778131848,EXP_CatBoostModel_Alpha158_csi300_custom_step0_s_20260525_18,9d84c5399d604820af41c594e73ee3da,0.075,,,
2585,2026-05-25,SH600309,0.02833775459014292,EXP_CatBoostModel_Alpha158_csi300_custom_step0_s_20260525_18,9d84c5399d604820af41c594e73ee3da,0.075,,,
2586,2026-05-25,SH600276,0.0032096222925531576,EXP_CatBoostModel_Alpha158_csi300_custom_step0_s_20260525_18,9d84c5399d604820af41c594e73ee3da,0.075,,,
2587,2026-05-25,SH600233,0.0289387423613924,EXP_CatBoostModel_Alpha158_csi300_custom_step0_s_20260525_18,9d84c5399d604820af41c594e73ee3da,0.075,,,
2588,2026-05-25,SH600031,-0.007480948378099316,EXP_CatBoostModel_Alpha158_csi300_custom_step0_s_20260525_18,9d84c5399d604820af41c594e73ee3da,0.075,,,
2589,2026-05-25,SH600030,-0.0023859009581031565,EXP_CatBoostModel_Alpha158_csi300_custom_step0_s_20260525_18,9d84c5399d604820af41c594e73ee3da,0.075,,,
2590,2026-05-25,SH600029,0.0009481879180422645,EXP_CatBoostModel_Alpha158_csi300_custom_step0_s_20260525_18,9d84c5399d604820af41c594e73ee3da,0.075,,,
2591,2026-05-25,SH600028,0.00047686199100558627,EXP_CatBoostModel_Alpha158_csi300_custom_step0_s_20260525_18,9d84c5399d604820af41c594e73ee3da,0.075,,,
2592,2026-05-25,SH600027,-0.0011445933980384787,EXP_CatBoostModel_Alpha158_csi300_custom_step0_s_20260525_18,9d84c5399d604820af41c594e73ee3da,0.075,,,
2593,2026-05-25,SH600026,-0.03294950518133037,EXP_CatBoostModel_Alpha158_csi300_custom_step0_s_20260525_18,9d84c5399d604820af41c594e73ee3da,0.075,,,
2594,2026-05-25,SH600025,-0.012562678498583077,EXP_CatBoostModel_Alpha158_csi300_custom_step0_s_20260525_18,9d84c5399d604820af41c594e73ee3da,0.075,,,
2595,2026-05-25,SH600023,0.06486192081013498,EXP_CatBoostModel_Alpha158_csi300_custom_step0_s_20260525_18,9d84c5399d604820af41c594e73ee3da,0.075,,,
2596,2026-05-25,SH600019,-0.01886925665549583,EXP_CatBoostModel_Alpha158_csi300_custom_step0_s_20260525_18,9d84c5399d604820af41c594e73ee3da,0.075,,,
2597,2026-05-25,SH600018,0.0016544141143914003,EXP_CatBoostModel_Alpha158_csi300_custom_step0_s_20260525_18,9d84c5399d604820af41c594e73ee3da,0.075,,,
2598,2026-05-25,SH600016,-0.01814070406876608,EXP_CatBoostModel_Alpha158_csi300_custom_step0_s_20260525_18,9d84c5399d604820af41c594e73ee3da,0.075,,,
2599,2026-05-25,SH600015,-0.017572955158071748,EXP_CatBoostModel_Alpha158_csi300_custom_step0_s_20260525_18,9d84c5399d604820af41c594e73ee3da,0.075,,,
2600,2026-05-25,SH600011,0.0038786161448033664,EXP_CatBoostModel_Alpha158_csi300_custom_step0_s_20260525_18,9d84c5399d604820af41c594e73ee3da,0.075,,,
2601,2026-05-25,SH600010,-0.007645134245317738,EXP_CatBoostModel_Alpha158_csi300_custom_step0_s_20260525_18,9d84c5399d604820af41c594e73ee3da,0.075,,,
2602,2026-05-25,SH600009,-0.01806279364310624,EXP_CatBoostModel_Alpha158_csi300_custom_step0_s_20260525_18,9d84c5399d604820af41c594e73ee3da,0.075,,,
2603,2026-05-25,SH600036,-0.022151213524089625,EXP_CatBoostModel_Alpha158_csi300_custom_step0_s_20260525_18,9d84c5399d604820af41c594e73ee3da,0.075,,,
2604,2026-05-25,SH600900,-0.0033782356410720347,EXP_CatBoostModel_Alpha158_csi300_custom_step0_s_20260525_18,9d84c5399d604820af41c594e73ee3da,0.075,,,
2605,2026-05-25,SH600039,-0.018854436228215803,EXP_CatBoostModel_Alpha158_csi300_custom_step0_s_20260525_18,9d84c5399d604820af41c594e73ee3da,0.075,,,
2606,2026-05-25,SH600050,-0.017672285344235008,EXP_CatBoostModel_Alpha158_csi300_custom_step0_s_20260525_18,9d84c5399d604820af41c594e73ee3da,0.075,,,
2607,2026-05-25,SH600219,0.01538045120514732,EXP_CatBoostModel_Alpha158_csi300_custom_step0_s_20260525_18,9d84c5399d604820af41c594e73ee3da,0.075,,,
2608,2026-05-25,SH600196,-0.019254369864577063,EXP_CatBoostModel_Alpha158_csi300_custom_step0_s_20260525_18,9d84c5399d604820af41c594e73ee3da,0.075,,,
2609,2026-05-25,SH600188,0.002221806636744084,EXP_CatBoostModel_Alpha158_csi300_custom_step0_s_20260525_18,9d84c5399d604820af41c594e73ee3da,0.075,,,
2610,2026-05-25,SH600183,-0.03440753030692744,EXP_CatBoostModel_Alpha158_csi300_custom_step0_s_20260525_18,9d84c5399d604820af41c594e73ee3da,0.075,,,
2611,2026-05-25,SH600176,-0.016042279236995007,EXP_CatBoostModel_Alpha158_csi300_custom_step0_s_20260525_18,9d84c5399d604820af41c594e73ee3da,0.075,,,
2612,2026-05-25,SH600161,-0.01818124542513412,EXP_CatBoostModel_Alpha158_csi300_custom_step0_s_20260525_18,9d84c5399d604820af41c594e73ee3da,0.075,,,
2613,2026-05-25,SH600160,-0.0021880286823787423,EXP_CatBoostModel_Alpha158_csi300_custom_step0_s_20260525_18,9d84c5399d604820af41c594e73ee3da,0.075,,,
2614,2026-05-25,SH600150,0.021879845135562695,EXP_CatBoostModel_Alpha158_csi300_custom_step0_s_20260525_18,9d84c5399d604820af41c594e73ee3da,0.075,,,
2615,2026-05-25,SH600115,0.016714112007326445,EXP_CatBoostModel_Alpha158_csi300_custom_step0_s_20260525_18,9d84c5399d604820af41c594e73ee3da,0.075,,,
2616,2026-05-25,SH600111,-0.013042674478176721,EXP_CatBoostModel_Alpha158_csi300_custom_step0_s_20260525_18,9d84c5399d604820af41c594e73ee3da,0.075,,,
2617,2026-05-25,SH600104,-0.01602011619145512,EXP_CatBoostModel_Alpha158_csi300_custom_step0_s_20260525_18,9d84c5399d604820af41c594e73ee3da,0.075,,,
2618,2026-05-25,SH600089,-0.015287975071998255,EXP_CatBoostModel_Alpha158_csi300_custom_step0_s_20260525_18,9d84c5399d604820af41c594e73ee3da,0.075,,,
2619,2026-05-25,SH600085,-0.006210799508483652,EXP_CatBoostModel_Alpha158_csi300_custom_step0_s_20260525_18,9d84c5399d604820af41c594e73ee3da,0.075,,,
2620,2026-05-25,SH600066,-0.003210902958179351,EXP_CatBoostModel_Alpha158_csi300_custom_step0_s_20260525_18,9d84c5399d604820af41c594e73ee3da,0.075,,,
2621,2026-05-25,SH600061,-0.01834739076900502,EXP_CatBoostModel_Alpha158_csi300_custom_step0_s_20260525_18,9d84c5399d604820af41c594e73ee3da,0.075,,,
2622,2026-05-25,SH600048,-0.014791107848501083,EXP_CatBoostModel_Alpha158_csi300_custom_step0_s_20260525_18,9d84c5399d604820af41c594e73ee3da,0.075,,,
2623,2026-05-25,SH601901,-0.0050219711972337286,EXP_CatBoostModel_Alpha158_csi300_custom_step0_s_20260525_18,9d84c5399d604820af41c594e73ee3da,0.075,,,
2624,2026-05-25,SH600905,-0.005322354367170472,EXP_CatBoostModel_Alpha158_csi300_custom_step0_s_20260525_18,9d84c5399d604820af41c594e73ee3da,0.075,,,
2625,2026-05-25,SH600919,-0.0015146850505327915,EXP_CatBoostModel_Alpha158_csi300_custom_step0_s_20260525_18,9d84c5399d604820af41c594e73ee3da,0.075,,,
2626,2026-05-25,SH601688,-0.012283352394237385,EXP_CatBoostModel_Alpha158_csi300_custom_step0_s_20260525_18,9d84c5399d604820af41c594e73ee3da,0.075,,,
2627,2026-05-25,SH601669,-0.013140719526565496,EXP_CatBoostModel_Alpha158_csi300_custom_step0_s_20260525_18,9d84c5399d604820af41c594e73ee3da,0.075,,,
2628,2026-05-25,SH601668,-0.022118497019805262,EXP_CatBoostModel_Alpha158_csi300_custom_step0_s_20260525_18,9d84c5399d604820af41c594e73ee3da,0.075,,,
2629,2026-05-25,SH601658,-0.01482053116377128,EXP_CatBoostModel_Alpha158_csi300_custom_step0_s_20260525_18,9d84c5399d604820af41c594e73ee3da,0.075,,,
2630,2026-05-25,SH601633,0.015759009002854894,EXP_CatBoostModel_Alpha158_csi300_custom_step0_s_20260525_18,9d84c5399d604820af41c594e73ee3da,0.075,,,
2631,2026-05-25,SH601628,-0.02062362580212626,EXP_CatBoostModel_Alpha158_csi300_custom_step0_s_20260525_18,9d84c5399d604820af41c594e73ee3da,0.075,,,
2632,2026-05-25,SH601689,0.02539969698357614,EXP_CatBoostModel_Alpha158_csi300_custom_step0_s_20260525_18,9d84c5399d604820af41c594e73ee3da,0.075,,,
2633,2026-05-25,SH601618,-0.005677036477320903,EXP_CatBoostModel_Alpha158_csi300_custom_step0_s_20260525_18,9d84c5399d604820af41c594e73ee3da,0.075,,,
2634,2026-05-25,SH601601,-0.008800203304013309,EXP_CatBoostModel_Alpha158_csi300_custom_step0_s_20260525_18,9d84c5399d604820af41c594e73ee3da,0.075,,,
2635,2026-05-25,SH601600,-0.001559367420336813,EXP_CatBoostModel_Alpha158_csi300_custom_step0_s_20260525_18,9d84c5399d604820af41c594e73ee3da,0.075,,,
2636,2026-05-25,SH601456,-0.014981175675491966,EXP_CatBoostModel_Alpha158_csi300_custom_step0_s_20260525_18,9d84c5399d604820af41c594e73ee3da,0.075,,,
2637,2026-05-25,SH601398,-0.014515760811655402,EXP_CatBoostModel_Alpha158_csi300_custom_step0_s_20260525_18,9d84c5399d604820af41c594e73ee3da,0.075,,,
2638,2026-05-25,SH601390,-0.0054943724972384865,EXP_CatBoostModel_Alpha158_csi300_custom_step0_s_20260525_18,9d84c5399d604820af41c594e73ee3da,0.075,,,
2639,2026-05-25,SH601377,-0.010784300336004925,EXP_CatBoostModel_Alpha158_csi300_custom_step0_s_20260525_18,9d84c5399d604820af41c594e73ee3da,0.075,,,
2640,2026-05-25,SH601607,-0.020928920828192515,EXP_CatBoostModel_Alpha158_csi300_custom_step0_s_20260525_18,9d84c5399d604820af41c594e73ee3da,0.075,,,
2641,2026-05-25,SH601698,0.005626375089026527,EXP_CatBoostModel_Alpha158_csi300_custom_step0_s_20260525_18,9d84c5399d604820af41c594e73ee3da,0.075,,,
2642,2026-05-25,SH601728,0.07687278300166299,EXP_CatBoostModel_Alpha158_csi300_custom_step0_s_20260525_18,9d84c5399d604820af41c594e73ee3da,0.075,,,
2643,2026-05-25,SH601766,-0.019034160456962577,EXP_CatBoostModel_Alpha158_csi300_custom_step0_s_20260525_18,9d84c5399d604820af41c594e73ee3da,0.075,,,
2644,2026-05-25,SH601898,0.021922855466409197,EXP_CatBoostModel_Alpha158_csi300_custom_step0_s_20260525_18,9d84c5399d604820af41c594e73ee3da,0.075,,,
2645,2026-05-25,SH601888,0.05395375142105897,EXP_CatBoostModel_Alpha158_csi300_custom_step0_s_20260525_18,9d84c5399d604820af41c594e73ee3da,0.075,,,
2646,2026-05-25,SH601881,-0.014724117013284783,EXP_CatBoostModel_Alpha158_csi300_custom_step0_s_20260525_18,9d84c5399d604820af41c594e73ee3da,0.075,,,
2647,2026-05-25,SH601878,-0.008350028320113757,EXP_CatBoostModel_Alpha158_csi300_custom_step0_s_20260525_18,9d84c5399d604820af41c594e73ee3da,0.075,,,
2648,2026-05-25,SH601877,-0.006772393585391079,EXP_CatBoostModel_Alpha158_csi300_custom_step0_s_20260525_18,9d84c5399d604820af41c594e73ee3da,0.075,,,
2649,2026-05-25,SH601872,-0.07362869483331062,EXP_CatBoostModel_Alpha158_csi300_custom_step0_s_20260525_18,9d84c5399d604820af41c594e73ee3da,0.075,,,
2650,2026-05-25,SH601868,0.0011303146767287827,EXP_CatBoostModel_Alpha158_csi300_custom_step0_s_20260525_18,9d84c5399d604820af41c594e73ee3da,0.075,,,
2651,2026-05-25,SH601857,-0.004496344911253993,EXP_CatBoostModel_Alpha158_csi300_custom_step0_s_20260525_18,9d84c5399d604820af41c594e73ee3da,0.075,,,
2652,2026-05-25,SH601838,-0.00024295785480036566,EXP_CatBoostModel_Alpha158_csi300_custom_step0_s_20260525_18,9d84c5399d604820af41c594e73ee3da,0.075,,,
2653,2026-05-25,SH601825,-0.019187053894992423,EXP_CatBoostModel_Alpha158_csi300_custom_step0_s_20260525_18,9d84c5399d604820af41c594e73ee3da,0.075,,,
2654,2026-05-25,SH601818,-0.01750422023090159,EXP_CatBoostModel_Alpha158_csi300_custom_step0_s_20260525_18,9d84c5399d604820af41c594e73ee3da,0.075,,,
2655,2026-05-25,SH601816,-0.02396886626333821,EXP_CatBoostModel_Alpha158_csi300_custom_step0_s_20260525_18,9d84c5399d604820af41c594e73ee3da,0.075,,,
2656,2026-05-25,SH601808,0.0036540161225066354,EXP_CatBoostModel_Alpha158_csi300_custom_step0_s_20260525_18,9d84c5399d604820af41c594e73ee3da,0.075,,,
2657,2026-05-25,SH601800,0.017115381503065196,EXP_CatBoostModel_Alpha158_csi300_custom_step0_s_20260525_18,9d84c5399d604820af41c594e73ee3da,0.075,,,
2658,2026-05-25,SH601788,-0.01806436754233562,EXP_CatBoostModel_Alpha158_csi300_custom_step0_s_20260525_18,9d84c5399d604820af41c594e73ee3da,0.075,,,
2659,2026-05-25,SH601360,-0.0002986478495232043,EXP_CatBoostModel_Alpha158_csi300_custom_step0_s_20260525_18,9d84c5399d604820af41c594e73ee3da,0.075,,,
2660,2026-05-25,SH601336,-0.01491948420803677,EXP_CatBoostModel_Alpha158_csi300_custom_step0_s_20260525_18,9d84c5399d604820af41c594e73ee3da,0.075,,,
2661,2026-05-25,SH601328,-0.018256245906216165,EXP_CatBoostModel_Alpha158_csi300_custom_step0_s_20260525_18,9d84c5399d604820af41c594e73ee3da,0.075,,,
2662,2026-05-25,SH601319,-0.013455193573707868,EXP_CatBoostModel_Alpha158_csi300_custom_step0_s_20260525_18,9d84c5399d604820af41c594e73ee3da,0.075,,,
2663,2026-05-25,SH601066,-0.0008277985900272361,EXP_CatBoostModel_Alpha158_csi300_custom_step0_s_20260525_18,9d84c5399d604820af41c594e73ee3da,0.075,,,
2664,2026-05-25,SH601059,-0.0004723094542546089,EXP_CatBoostModel_Alpha158_csi300_custom_step0_s_20260525_18,9d84c5399d604820af41c594e73ee3da,0.075,,,
2665,2026-05-25,SH601058,-0.007779762784680606,EXP_CatBoostModel_Alpha158_csi300_custom_step0_s_20260525_18,9d84c5399d604820af41c594e73ee3da,0.075,,,
2666,2026-05-25,SH601021,-0.004511387039460685,EXP_CatBoostModel_Alpha158_csi300_custom_step0_s_20260525_18,9d84c5399d604820af41c594e73ee3da,0.075,,,
2667,2026-05-25,SH601018,-0.013441471135639716,EXP_CatBoostModel_Alpha158_csi300_custom_step0_s_20260525_18,9d84c5399d604820af41c594e73ee3da,0.075,,,
2668,2026-05-25,SH601012,0.025216427032225146,EXP_CatBoostModel_Alpha158_csi300_custom_step0_s_20260525_18,9d84c5399d604820af41c594e73ee3da,0.075,,,
2669,2026-05-25,SH601009,-0.02267923332591821,EXP_CatBoostModel_Alpha158_csi300_custom_step0_s_20260525_18,9d84c5399d604820af41c594e73ee3da,0.075,,,
2670,2026-05-25,SH601006,-0.0064807028065783775,EXP_CatBoostModel_Alpha158_csi300_custom_step0_s_20260525_18,9d84c5399d604820af41c594e73ee3da,0.075,,,
2671,2026-05-25,SH600999,-0.005539213451558457,EXP_CatBoostModel_Alpha158_csi300_custom_step0_s_20260525_18,9d84c5399d604820af41c594e73ee3da,0.075,,,
2672,2026-05-25,SH600989,0.0238965532389566,EXP_CatBoostModel_Alpha158_csi300_custom_step0_s_20260525_18,9d84c5399d604820af41c594e73ee3da,0.075,,,
2673,2026-05-25,SH600958,0.010899281161239106,EXP_CatBoostModel_Alpha158_csi300_custom_step0_s_20260525_18,9d84c5399d604820af41c594e73ee3da,0.075,,,
2674,2026-05-25,SH600941,-0.001271904804399595,EXP_CatBoostModel_Alpha158_csi300_custom_step0_s_20260525_18,9d84c5399d604820af41c594e73ee3da,0.075,,,
2675,2026-05-25,SH600938,-0.008700223280649868,EXP_CatBoostModel_Alpha158_csi300_custom_step0_s_20260525_18,9d84c5399d604820af41c594e73ee3da,0.075,,,
2676,2026-05-25,SH600930,-0.0025996635996311155,EXP_CatBoostModel_Alpha158_csi300_custom_step0_s_20260525_18,9d84c5399d604820af41c594e73ee3da,0.075,,,
2677,2026-05-25,SH600926,-0.016103337007436356,EXP_CatBoostModel_Alpha158_csi300_custom_step0_s_20260525_18,9d84c5399d604820af41c594e73ee3da,0.075,,,
2678,2026-05-25,SH601077,-0.00817890327928673,EXP_CatBoostModel_Alpha158_csi300_custom_step0_s_20260525_18,9d84c5399d604820af41c594e73ee3da,0.075,,,
2679,2026-05-25,SH600918,-0.013684326764478267,EXP_CatBoostModel_Alpha158_csi300_custom_step0_s_20260525_18,9d84c5399d604820af41c594e73ee3da,0.075,,,
2680,2026-05-25,SH601088,-0.01853740875860478,EXP_CatBoostModel_Alpha158_csi300_custom_step0_s_20260525_18,9d84c5399d604820af41c594e73ee3da,0.075,,,
2681,2026-05-25,SH601111,-0.006317058464212015,EXP_CatBoostModel_Alpha158_csi300_custom_step0_s_20260525_18,9d84c5399d604820af41c594e73ee3da,0.075,,,
2682,2026-05-25,SH601318,-0.02278179453410666,EXP_CatBoostModel_Alpha158_csi300_custom_step0_s_20260525_18,9d84c5399d604820af41c594e73ee3da,0.075,,,
2683,2026-05-25,SH601298,-0.0062416882214516994,EXP_CatBoostModel_Alpha158_csi300_custom_step0_s_20260525_18,9d84c5399d604820af41c594e73ee3da,0.075,,,
2684,2026-05-25,SH601288,-0.014073095532951147,EXP_CatBoostModel_Alpha158_csi300_custom_step0_s_20260525_18,9d84c5399d604820af41c594e73ee3da,0.075,,,
2685,2026-05-25,SH601238,-0.009871236901389012,EXP_CatBoostModel_Alpha158_csi300_custom_step0_s_20260525_18,9d84c5399d604820af41c594e73ee3da,0.075,,,
2686,2026-05-25,SH601236,-0.012668708640671015,EXP_CatBoostModel_Alpha158_csi300_custom_step0_s_20260525_18,9d84c5399d604820af41c594e73ee3da,0.075,,,
2687,2026-05-25,SH601229,-0.02365833891336375,EXP_CatBoostModel_Alpha158_csi300_custom_step0_s_20260525_18,9d84c5399d604820af41c594e73ee3da,0.075,,,
2688,2026-05-25,SH601225,-0.011696877722382966,EXP_CatBoostModel_Alpha158_csi300_custom_step0_s_20260525_18,9d84c5399d604820af41c594e73ee3da,0.075,,,
2689,2026-05-25,SH601211,-0.01191566777180115,EXP_CatBoostModel_Alpha158_csi300_custom_step0_s_20260525_18,9d84c5399d604820af41c594e73ee3da,0.075,,,
2690,2026-05-25,SH601186,-0.02287608994004501,EXP_CatBoostModel_Alpha158_csi300_custom_step0_s_20260525_18,9d84c5399d604820af41c594e73ee3da,0.075,,,
2691,2026-05-25,SH601169,-0.02113784275341979,EXP_CatBoostModel_Alpha158_csi300_custom_step0_s_20260525_18,9d84c5399d604820af41c594e73ee3da,0.075,,,
2692,2026-05-25,SH601166,-0.01809007344621694,EXP_CatBoostModel_Alpha158_csi300_custom_step0_s_20260525_18,9d84c5399d604820af41c594e73ee3da,0.075,,,
2693,2026-05-25,SH601138,0.015915075821992655,EXP_CatBoostModel_Alpha158_csi300_custom_step0_s_20260525_18,9d84c5399d604820af41c594e73ee3da,0.075,,,
2694,2026-05-25,SH601136,-0.013310646907650046,EXP_CatBoostModel_Alpha158_csi300_custom_step0_s_20260525_18,9d84c5399d604820af41c594e73ee3da,0.075,,,
2695,2026-05-25,SH601127,-0.00565599494109854,EXP_CatBoostModel_Alpha158_csi300_custom_step0_s_20260525_18,9d84c5399d604820af41c594e73ee3da,0.075,,,
2696,2026-05-25,SH601117,-0.013608881351114129,EXP_CatBoostModel_Alpha158_csi300_custom_step0_s_20260525_18,9d84c5399d604820af41c594e73ee3da,0.075,,,
2697,2026-05-25,SH601100,-0.015426479434389278,EXP_CatBoostModel_Alpha158_csi300_custom_step0_s_20260525_18,9d84c5399d604820af41c594e73ee3da,0.075,,,
2698,2026-05-25,SH600000,-0.01922510276414081,EXP_CatBoostModel_Alpha158_csi300_custom_step0_s_20260525_18,9d84c5399d604820af41c594e73ee3da,0.075,,,
2699,2026-05-25,SZ301269,-0.20110180388469864,EXP_CatBoostModel_Alpha158_csi300_custom_step0_s_20260525_18,9d84c5399d604820af41c594e73ee3da,0.075,,,
2700,2026-05-25,SH600000,-0.0019574951342104224,EXP_LGBModel_Alpha158_csi300_custom_step0_s_20260525_18,706cac07e9824b028db32aff3941fe6e,0.044,,,
2701,2026-05-25,SZ000568,-0.0016693630394455112,EXP_LGBModel_Alpha158_csi300_custom_step0_s_20260525_18,706cac07e9824b028db32aff3941fe6e,0.044,,,
2702,2026-05-25,SZ000538,-3.279200183646561e-10,EXP_LGBModel_Alpha158_csi300_custom_step0_s_20260525_18,706cac07e9824b028db32aff3941fe6e,0.044,,,
2703,2026-05-25,SZ000425,-0.002448321252007252,EXP_LGBModel_Alpha158_csi300_custom_step0_s_20260525_18,706cac07e9824b028db32aff3941fe6e,0.044,,,
2704,2026-05-25,SZ000408,-0.002448321252007252,EXP_LGBModel_Alpha158_csi300_custom_step0_s_20260525_18,706cac07e9824b028db32aff3941fe6e,0.044,,,
2705,2026-05-25,SZ000338,0.0050546918939844525,EXP_LGBModel_Alpha158_csi300_custom_step0_s_20260525_18,706cac07e9824b028db32aff3941fe6e,0.044,,,
2706,2026-05-25,SZ000333,0.002413057225652406,EXP_LGBModel_Alpha158_csi300_custom_step0_s_20260525_18,706cac07e9824b028db32aff3941fe6e,0.044,,,
2707,2026-05-25,SZ000596,-0.0016693630394455112,EXP_LGBModel_Alpha158_csi300_custom_step0_s_20260525_18,706cac07e9824b028db32aff3941fe6e,0.044,,,
2708,2026-05-25,SZ000301,-0.002448321252007252,EXP_LGBModel_Alpha158_csi300_custom_step0_s_20260525_18,706cac07e9824b028db32aff3941fe6e,0.044,,,
2709,2026-05-25,SZ000157,-0.002448321252007252,EXP_LGBModel_Alpha158_csi300_custom_step0_s_20260525_18,706cac07e9824b028db32aff3941fe6e,0.044,,,
2710,2026-05-25,SZ000100,-0.0016693630394455112,EXP_LGBModel_Alpha158_csi300_custom_step0_s_20260525_18,706cac07e9824b028db32aff3941fe6e,0.044,,,
2711,2026-05-25,SZ000063,-0.002448321252007252,EXP_LGBModel_Alpha158_csi300_custom_step0_s_20260525_18,706cac07e9824b028db32aff3941fe6e,0.044,,,
2712,2026-05-25,SZ000002,-0.002448321252007252,EXP_LGBModel_Alpha158_csi300_custom_step0_s_20260525_18,706cac07e9824b028db32aff3941fe6e,0.044,,,
2713,2026-05-25,SZ000001,-3.279200183646561e-10,EXP_LGBModel_Alpha158_csi300_custom_step0_s_20260525_18,706cac07e9824b028db32aff3941fe6e,0.044,,,
2714,2026-05-25,SH688981,-3.279200183646561e-10,EXP_LGBModel_Alpha158_csi300_custom_step0_s_20260525_18,706cac07e9824b028db32aff3941fe6e,0.044,,,
2715,2026-05-25,SZ000166,-0.002448321252007252,EXP_LGBModel_Alpha158_csi300_custom_step0_s_20260525_18,706cac07e9824b028db32aff3941fe6e,0.044,,,
2716,2026-05-25,SZ000617,-3.279200183646561e-10,EXP_LGBModel_Alpha158_csi300_custom_step0_s_20260525_18,706cac07e9824b028db32aff3941fe6e,0.044,,,
2717,2026-05-25,SZ000625,-3.279200183646561e-10,EXP_LGBModel_Alpha158_csi300_custom_step0_s_20260525_18,706cac07e9824b028db32aff3941fe6e,0.044,,,
2718,2026-05-25,SZ000630,-0.0016693630394455112,EXP_LGBModel_Alpha158_csi300_custom_step0_s_20260525_18,706cac07e9824b028db32aff3941fe6e,0.044,,,
2719,2026-05-25,SZ000975,-3.279200183646561e-10,EXP_LGBModel_Alpha158_csi300_custom_step0_s_20260525_18,706cac07e9824b028db32aff3941fe6e,0.044,,,
2720,2026-05-25,SZ000963,-0.002448321252007252,EXP_LGBModel_Alpha158_csi300_custom_step0_s_20260525_18,706cac07e9824b028db32aff3941fe6e,0.044,,,
2721,2026-05-25,SZ000938,-3.279200183646561e-10,EXP_LGBModel_Alpha158_csi300_custom_step0_s_20260525_18,706cac07e9824b028db32aff3941fe6e,0.044,,,
2722,2026-05-25,SZ000895,-3.279200183646561e-10,EXP_LGBModel_Alpha158_csi300_custom_step0_s_20260525_18,706cac07e9824b028db32aff3941fe6e,0.044,,,
2723,2026-05-25,SZ000876,-0.002448321252007252,EXP_LGBModel_Alpha158_csi300_custom_step0_s_20260525_18,706cac07e9824b028db32aff3941fe6e,0.044,,,
2724,2026-05-25,SZ000858,-3.279200183646561e-10,EXP_LGBModel_Alpha158_csi300_custom_step0_s_20260525_18,706cac07e9824b028db32aff3941fe6e,0.044,,,
2725,2026-05-25,SZ000807,0.0007510784844829556,EXP_LGBModel_Alpha158_csi300_custom_step0_s_20260525_18,706cac07e9824b028db32aff3941fe6e,0.044,,,
2726,2026-05-25,SZ000792,-0.002448321252007252,EXP_LGBModel_Alpha158_csi300_custom_step0_s_20260525_18,706cac07e9824b028db32aff3941fe6e,0.044,,,
2727,2026-05-25,SZ000786,-0.002448321252007252,EXP_LGBModel_Alpha158_csi300_custom_step0_s_20260525_18,706cac07e9824b028db32aff3941fe6e,0.044,,,
2728,2026-05-25,SZ000776,-3.279200183646561e-10,EXP_LGBModel_Alpha158_csi300_custom_step0_s_20260525_18,706cac07e9824b028db32aff3941fe6e,0.044,,,
2729,2026-05-25,SZ000768,-0.002448321252007252,EXP_LGBModel_Alpha158_csi300_custom_step0_s_20260525_18,706cac07e9824b028db32aff3941fe6e,0.044,,,
2730,2026-05-25,SZ000725,-3.279200183646561e-10,EXP_LGBModel_Alpha158_csi300_custom_step0_s_20260525_18,706cac07e9824b028db32aff3941fe6e,0.044,,,
2731,2026-05-25,SZ000708,-3.279200183646561e-10,EXP_LGBModel_Alpha158_csi300_custom_step0_s_20260525_18,706cac07e9824b028db32aff3941fe6e,0.044,,,
2732,2026-05-25,SZ000661,-0.002448321252007252,EXP_LGBModel_Alpha158_csi300_custom_step0_s_20260525_18,706cac07e9824b028db32aff3941fe6e,0.044,,,
2733,2026-05-25,SZ000651,-3.279200183646561e-10,EXP_LGBModel_Alpha158_csi300_custom_step0_s_20260525_18,706cac07e9824b028db32aff3941fe6e,0.044,,,
2734,2026-05-25,SH688506,-3.279200183646561e-10,EXP_LGBModel_Alpha158_csi300_custom_step0_s_20260525_18,706cac07e9824b028db32aff3941fe6e,0.044,,,
2735,2026-05-25,SH688472,-0.002448321252007252,EXP_LGBModel_Alpha158_csi300_custom_step0_s_20260525_18,706cac07e9824b028db32aff3941fe6e,0.044,,,
2736,2026-05-25,SH688396,-3.279200183646561e-10,EXP_LGBModel_Alpha158_csi300_custom_step0_s_20260525_18,706cac07e9824b028db32aff3941fe6e,0.044,,,
2737,2026-05-25,SH688303,-0.002448321252007252,EXP_LGBModel_Alpha158_csi300_custom_step0_s_20260525_18,706cac07e9824b028db32aff3941fe6e,0.044,,,
2738,2026-05-25,SH603799,-0.002448321252007252,EXP_LGBModel_Alpha158_csi300_custom_step0_s_20260525_18,706cac07e9824b028db32aff3941fe6e,0.044,,,
2739,2026-05-25,SH603501,-0.0016693630394455112,EXP_LGBModel_Alpha158_csi300_custom_step0_s_20260525_18,706cac07e9824b028db32aff3941fe6e,0.044,,,
2740,2026-05-25,SH603392,-3.279200183646561e-10,EXP_LGBModel_Alpha158_csi300_custom_step0_s_20260525_18,706cac07e9824b028db32aff3941fe6e,0.044,,,
2741,2026-05-25,SH603369,-0.0016693630394455112,EXP_LGBModel_Alpha158_csi300_custom_step0_s_20260525_18,706cac07e9824b028db32aff3941fe6e,0.044,,,
2742,2026-05-25,SH603296,-0.002448321252007252,EXP_LGBModel_Alpha158_csi300_custom_step0_s_20260525_18,706cac07e9824b028db32aff3941fe6e,0.044,,,
2743,2026-05-25,SH603288,-0.002448321252007252,EXP_LGBModel_Alpha158_csi300_custom_step0_s_20260525_18,706cac07e9824b028db32aff3941fe6e,0.044,,,
2744,2026-05-25,SH603260,-0.002448321252007252,EXP_LGBModel_Alpha158_csi300_custom_step0_s_20260525_18,706cac07e9824b028db32aff3941fe6e,0.044,,,
2745,2026-05-25,SH603259,-0.002448321252007252,EXP_LGBModel_Alpha158_csi300_custom_step0_s_20260525_18,706cac07e9824b028db32aff3941fe6e,0.044,,,
2746,2026-05-25,SH603195,-3.279200183646561e-10,EXP_LGBModel_Alpha158_csi300_custom_step0_s_20260525_18,706cac07e9824b028db32aff3941fe6e,0.044,,,
2747,2026-05-25,SH603019,-0.002448321252007252,EXP_LGBModel_Alpha158_csi300_custom_step0_s_20260525_18,706cac07e9824b028db32aff3941fe6e,0.044,,,
2748,2026-05-25,SH601998,-0.002448321252007252,EXP_LGBModel_Alpha158_csi300_custom_step0_s_20260525_18,706cac07e9824b028db32aff3941fe6e,0.044,,,
2749,2026-05-25,SH601995,0.002413057225652406,EXP_LGBModel_Alpha158_csi300_custom_step0_s_20260525_18,706cac07e9824b028db32aff3941fe6e,0.044,,,
2750,2026-05-25,SH601988,0.002413057225652406,EXP_LGBModel_Alpha158_csi300_custom_step0_s_20260525_18,706cac07e9824b028db32aff3941fe6e,0.044,,,
2751,2026-05-25,SH601985,-0.002448321252007252,EXP_LGBModel_Alpha158_csi300_custom_step0_s_20260525_18,706cac07e9824b028db32aff3941fe6e,0.044,,,
2752,2026-05-25,SH601939,-3.279200183646561e-10,EXP_LGBModel_Alpha158_csi300_custom_step0_s_20260525_18,706cac07e9824b028db32aff3941fe6e,0.044,,,
2753,2026-05-25,SH603893,0.0007510784844829556,EXP_LGBModel_Alpha158_csi300_custom_step0_s_20260525_18,706cac07e9824b028db32aff3941fe6e,0.044,,,
2754,2026-05-25,SZ000977,-0.002448321252007252,EXP_LGBModel_Alpha158_csi300_custom_step0_s_20260525_18,706cac07e9824b028db32aff3941fe6e,0.044,,,
2755,2026-05-25,SH603986,-0.004229849856877637,EXP_LGBModel_Alpha158_csi300_custom_step0_s_20260525_18,706cac07e9824b028db32aff3941fe6e,0.044,,,
2756,2026-05-25,SH605117,-0.002448321252007252,EXP_LGBModel_Alpha158_csi300_custom_step0_s_20260525_18,706cac07e9824b028db32aff3941fe6e,0.044,,,
2757,2026-05-25,SH688271,-3.279200183646561e-10,EXP_LGBModel_Alpha158_csi300_custom_step0_s_20260525_18,706cac07e9824b028db32aff3941fe6e,0.044,,,
2758,2026-05-25,SH688256,-0.004229849856877637,EXP_LGBModel_Alpha158_csi300_custom_step0_s_20260525_18,706cac07e9824b028db32aff3941fe6e,0.044,,,
2759,2026-05-25,SH688223,-0.002448321252007252,EXP_LGBModel_Alpha158_csi300_custom_step0_s_20260525_18,706cac07e9824b028db32aff3941fe6e,0.044,,,
2760,2026-05-25,SH688187,-3.279200183646561e-10,EXP_LGBModel_Alpha158_csi300_custom_step0_s_20260525_18,706cac07e9824b028db32aff3941fe6e,0.044,,,
2761,2026-05-25,SH688169,-0.002448321252007252,EXP_LGBModel_Alpha158_csi300_custom_step0_s_20260525_18,706cac07e9824b028db32aff3941fe6e,0.044,,,
2762,2026-05-25,SH688126,-3.279200183646561e-10,EXP_LGBModel_Alpha158_csi300_custom_step0_s_20260525_18,706cac07e9824b028db32aff3941fe6e,0.044,,,
2763,2026-05-25,SH688111,-0.002448321252007252,EXP_LGBModel_Alpha158_csi300_custom_step0_s_20260525_18,706cac07e9824b028db32aff3941fe6e,0.044,,,
2764,2026-05-25,SH688082,-0.004229849856877637,EXP_LGBModel_Alpha158_csi300_custom_step0_s_20260525_18,706cac07e9824b028db32aff3941fe6e,0.044,,,
2765,2026-05-25,SH688047,0.0050546918939844525,EXP_LGBModel_Alpha158_csi300_custom_step0_s_20260525_18,706cac07e9824b028db32aff3941fe6e,0.044,,,
2766,2026-05-25,SH688041,-3.279200183646561e-10,EXP_LGBModel_Alpha158_csi300_custom_step0_s_20260525_18,706cac07e9824b028db32aff3941fe6e,0.044,,,
2767,2026-05-25,SH688036,-0.002448321252007252,EXP_LGBModel_Alpha158_csi300_custom_step0_s_20260525_18,706cac07e9824b028db32aff3941fe6e,0.044,,,
2768,2026-05-25,SH688012,-0.004229849856877637,EXP_LGBModel_Alpha158_csi300_custom_step0_s_20260525_18,706cac07e9824b028db32aff3941fe6e,0.044,,,
2769,2026-05-25,SH688009,-3.279200183646561e-10,EXP_LGBModel_Alpha158_csi300_custom_step0_s_20260525_18,706cac07e9824b028db32aff3941fe6e,0.044,,,
2770,2026-05-25,SH688008,-0.004229849856877637,EXP_LGBModel_Alpha158_csi300_custom_step0_s_20260525_18,706cac07e9824b028db32aff3941fe6e,0.044,,,
2771,2026-05-25,SH605499,0.002413057225652406,EXP_LGBModel_Alpha158_csi300_custom_step0_s_20260525_18,706cac07e9824b028db32aff3941fe6e,0.044,,,
2772,2026-05-25,SH603993,-0.002448321252007252,EXP_LGBModel_Alpha158_csi300_custom_step0_s_20260525_18,706cac07e9824b028db32aff3941fe6e,0.044,,,
2773,2026-05-25,SH601919,-0.002448321252007252,EXP_LGBModel_Alpha158_csi300_custom_step0_s_20260525_18,706cac07e9824b028db32aff3941fe6e,0.044,,,
2774,2026-05-25,SZ000983,-0.002448321252007252,EXP_LGBModel_Alpha158_csi300_custom_step0_s_20260525_18,706cac07e9824b028db32aff3941fe6e,0.044,,,
2775,2026-05-25,SZ001391,-3.279200183646561e-10,EXP_LGBModel_Alpha158_csi300_custom_step0_s_20260525_18,706cac07e9824b028db32aff3941fe6e,0.044,,,
2776,2026-05-25,SZ300408,-3.279200183646561e-10,EXP_LGBModel_Alpha158_csi300_custom_step0_s_20260525_18,706cac07e9824b028db32aff3941fe6e,0.044,,,
2777,2026-05-25,SZ300394,-3.279200183646561e-10,EXP_LGBModel_Alpha158_csi300_custom_step0_s_20260525_18,706cac07e9824b028db32aff3941fe6e,0.044,,,
2778,2026-05-25,SZ300347,-3.279200183646561e-10,EXP_LGBModel_Alpha158_csi300_custom_step0_s_20260525_18,706cac07e9824b028db32aff3941fe6e,0.044,,,
2779,2026-05-25,SZ300316,-3.279200183646561e-10,EXP_LGBModel_Alpha158_csi300_custom_step0_s_20260525_18,706cac07e9824b028db32aff3941fe6e,0.044,,,
2780,2026-05-25,SZ300308,0.0050546918939844525,EXP_LGBModel_Alpha158_csi300_custom_step0_s_20260525_18,706cac07e9824b028db32aff3941fe6e,0.044,,,
2781,2026-05-25,SZ300274,-0.002448321252007252,EXP_LGBModel_Alpha158_csi300_custom_step0_s_20260525_18,706cac07e9824b028db32aff3941fe6e,0.044,,,
2782,2026-05-25,SZ300413,-3.279200183646561e-10,EXP_LGBModel_Alpha158_csi300_custom_step0_s_20260525_18,706cac07e9824b028db32aff3941fe6e,0.044,,,
2783,2026-05-25,SZ300251,-3.279200183646561e-10,EXP_LGBModel_Alpha158_csi300_custom_step0_s_20260525_18,706cac07e9824b028db32aff3941fe6e,0.044,,,
2784,2026-05-25,SZ300122,-3.279200183646561e-10,EXP_LGBModel_Alpha158_csi300_custom_step0_s_20260525_18,706cac07e9824b028db32aff3941fe6e,0.044,,,
2785,2026-05-25,SZ300059,-0.002448321252007252,EXP_LGBModel_Alpha158_csi300_custom_step0_s_20260525_18,706cac07e9824b028db32aff3941fe6e,0.044,,,
2786,2026-05-25,SZ300033,-0.002448321252007252,EXP_LGBModel_Alpha158_csi300_custom_step0_s_20260525_18,706cac07e9824b028db32aff3941fe6e,0.044,,,
2787,2026-05-25,SZ300015,-0.002448321252007252,EXP_LGBModel_Alpha158_csi300_custom_step0_s_20260525_18,706cac07e9824b028db32aff3941fe6e,0.044,,,
2788,2026-05-25,SZ300014,-0.002448321252007252,EXP_LGBModel_Alpha158_csi300_custom_step0_s_20260525_18,706cac07e9824b028db32aff3941fe6e,0.044,,,
2789,2026-05-25,SZ003816,-3.279200183646561e-10,EXP_LGBModel_Alpha158_csi300_custom_step0_s_20260525_18,706cac07e9824b028db32aff3941fe6e,0.044,,,
2790,2026-05-25,SZ300124,-0.002448321252007252,EXP_LGBModel_Alpha158_csi300_custom_step0_s_20260525_18,706cac07e9824b028db32aff3941fe6e,0.044,,,
2791,2026-05-25,SZ300418,-0.002448321252007252,EXP_LGBModel_Alpha158_csi300_custom_step0_s_20260525_18,706cac07e9824b028db32aff3941fe6e,0.044,,,
2792,2026-05-25,SZ300433,-3.279200183646561e-10,EXP_LGBModel_Alpha158_csi300_custom_step0_s_20260525_18,706cac07e9824b028db32aff3941fe6e,0.044,,,
2793,2026-05-25,SZ300442,-0.002448321252007252,EXP_LGBModel_Alpha158_csi300_custom_step0_s_20260525_18,706cac07e9824b028db32aff3941fe6e,0.044,,,
2794,2026-05-25,SZ300999,-0.002448321252007252,EXP_LGBModel_Alpha158_csi300_custom_step0_s_20260525_18,706cac07e9824b028db32aff3941fe6e,0.044,,,
2795,2026-05-25,SZ300979,-3.279200183646561e-10,EXP_LGBModel_Alpha158_csi300_custom_step0_s_20260525_18,706cac07e9824b028db32aff3941fe6e,0.044,,,
2796,2026-05-25,SZ300896,-0.002448321252007252,EXP_LGBModel_Alpha158_csi300_custom_step0_s_20260525_18,706cac07e9824b028db32aff3941fe6e,0.044,,,
2797,2026-05-25,SZ300866,-0.002448321252007252,EXP_LGBModel_Alpha158_csi300_custom_step0_s_20260525_18,706cac07e9824b028db32aff3941fe6e,0.044,,,
2798,2026-05-25,SZ300832,-0.0016693630394455112,EXP_LGBModel_Alpha158_csi300_custom_step0_s_20260525_18,706cac07e9824b028db32aff3941fe6e,0.044,,,
2799,2026-05-25,SZ300803,-0.002448321252007252,EXP_LGBModel_Alpha158_csi300_custom_step0_s_20260525_18,706cac07e9824b028db32aff3941fe6e,0.044,,,
2800,2026-05-25,SZ300782,-3.279200183646561e-10,EXP_LGBModel_Alpha158_csi300_custom_step0_s_20260525_18,706cac07e9824b028db32aff3941fe6e,0.044,,,
2801,2026-05-25,SZ300760,-0.002448321252007252,EXP_LGBModel_Alpha158_csi300_custom_step0_s_20260525_18,706cac07e9824b028db32aff3941fe6e,0.044,,,
2802,2026-05-25,SZ300759,-0.002448321252007252,EXP_LGBModel_Alpha158_csi300_custom_step0_s_20260525_18,706cac07e9824b028db32aff3941fe6e,0.044,,,
2803,2026-05-25,SZ300750,0.0007510784844829556,EXP_LGBModel_Alpha158_csi300_custom_step0_s_20260525_18,706cac07e9824b028db32aff3941fe6e,0.044,,,
2804,2026-05-25,SZ300661,-0.004229849856877637,EXP_LGBModel_Alpha158_csi300_custom_step0_s_20260525_18,706cac07e9824b028db32aff3941fe6e,0.044,,,
2805,2026-05-25,SZ300628,-0.002448321252007252,EXP_LGBModel_Alpha158_csi300_custom_step0_s_20260525_18,706cac07e9824b028db32aff3941fe6e,0.044,,,
2806,2026-05-25,SZ300502,-3.279200183646561e-10,EXP_LGBModel_Alpha158_csi300_custom_step0_s_20260525_18,706cac07e9824b028db32aff3941fe6e,0.044,,,
2807,2026-05-25,SZ300498,-3.279200183646561e-10,EXP_LGBModel_Alpha158_csi300_custom_step0_s_20260525_18,706cac07e9824b028db32aff3941fe6e,0.044,,,
2808,2026-05-25,SZ300476,0.0007510784844829556,EXP_LGBModel_Alpha158_csi300_custom_step0_s_20260525_18,706cac07e9824b028db32aff3941fe6e,0.044,,,
2809,2026-05-25,SZ002938,-3.279200183646561e-10,EXP_LGBModel_Alpha158_csi300_custom_step0_s_20260525_18,706cac07e9824b028db32aff3941fe6e,0.044,,,
2810,2026-05-25,SZ002920,-3.279200183646561e-10,EXP_LGBModel_Alpha158_csi300_custom_step0_s_20260525_18,706cac07e9824b028db32aff3941fe6e,0.044,,,
2811,2026-05-25,SZ002916,-0.004229849856877637,EXP_LGBModel_Alpha158_csi300_custom_step0_s_20260525_18,706cac07e9824b028db32aff3941fe6e,0.044,,,
2812,2026-05-25,SZ002736,-3.279200183646561e-10,EXP_LGBModel_Alpha158_csi300_custom_step0_s_20260525_18,706cac07e9824b028db32aff3941fe6e,0.044,,,
2813,2026-05-25,SZ002304,-0.0016693630394455112,EXP_LGBModel_Alpha158_csi300_custom_step0_s_20260525_18,706cac07e9824b028db32aff3941fe6e,0.044,,,
2814,2026-05-25,SZ002252,-0.0016693630394455112,EXP_LGBModel_Alpha158_csi300_custom_step0_s_20260525_18,706cac07e9824b028db32aff3941fe6e,0.044,,,
2815,2026-05-25,SZ002241,0.002413057225652406,EXP_LGBModel_Alpha158_csi300_custom_step0_s_20260525_18,706cac07e9824b028db32aff3941fe6e,0.044,,,
2816,2026-05-25,SZ002236,0.002413057225652406,EXP_LGBModel_Alpha158_csi300_custom_step0_s_20260525_18,706cac07e9824b028db32aff3941fe6e,0.044,,,
2817,2026-05-25,SZ002230,-3.279200183646561e-10,EXP_LGBModel_Alpha158_csi300_custom_step0_s_20260525_18,706cac07e9824b028db32aff3941fe6e,0.044,,,
2818,2026-05-25,SZ002179,-0.002448321252007252,EXP_LGBModel_Alpha158_csi300_custom_step0_s_20260525_18,706cac07e9824b028db32aff3941fe6e,0.044,,,
2819,2026-05-25,SZ002142,0.002413057225652406,EXP_LGBModel_Alpha158_csi300_custom_step0_s_20260525_18,706cac07e9824b028db32aff3941fe6e,0.044,,,
2820,2026-05-25,SZ002074,-0.002448321252007252,EXP_LGBModel_Alpha158_csi300_custom_step0_s_20260525_18,706cac07e9824b028db32aff3941fe6e,0.044,,,
2821,2026-05-25,SZ002050,0.0007510784844829556,EXP_LGBModel_Alpha158_csi300_custom_step0_s_20260525_18,706cac07e9824b028db32aff3941fe6e,0.044,,,
2822,2026-05-25,SZ002049,-3.279200183646561e-10,EXP_LGBModel_Alpha158_csi300_custom_step0_s_20260525_18,706cac07e9824b028db32aff3941fe6e,0.044,,,
2823,2026-05-25,SZ002028,-0.002448321252007252,EXP_LGBModel_Alpha158_csi300_custom_step0_s_20260525_18,706cac07e9824b028db32aff3941fe6e,0.044,,,
2824,2026-05-25,SZ002027,-0.002448321252007252,EXP_LGBModel_Alpha158_csi300_custom_step0_s_20260525_18,706cac07e9824b028db32aff3941fe6e,0.044,,,
2825,2026-05-25,SZ002001,-3.279200183646561e-10,EXP_LGBModel_Alpha158_csi300_custom_step0_s_20260525_18,706cac07e9824b028db32aff3941fe6e,0.044,,,
2826,2026-05-25,SZ001979,-0.002448321252007252,EXP_LGBModel_Alpha158_csi300_custom_step0_s_20260525_18,706cac07e9824b028db32aff3941fe6e,0.044,,,
2827,2026-05-25,SZ001965,-3.279200183646561e-10,EXP_LGBModel_Alpha158_csi300_custom_step0_s_20260525_18,706cac07e9824b028db32aff3941fe6e,0.044,,,
2828,2026-05-25,SZ002311,-0.002448321252007252,EXP_LGBModel_Alpha158_csi300_custom_step0_s_20260525_18,706cac07e9824b028db32aff3941fe6e,0.044,,,
2829,2026-05-25,SZ000999,-3.279200183646561e-10,EXP_LGBModel_Alpha158_csi300_custom_step0_s_20260525_18,706cac07e9824b028db32aff3941fe6e,0.044,,,
2830,2026-05-25,SZ002352,0.002413057225652406,EXP_LGBModel_Alpha158_csi300_custom_step0_s_20260525_18,706cac07e9824b028db32aff3941fe6e,0.044,,,
2831,2026-05-25,SZ002384,-3.279200183646561e-10,EXP_LGBModel_Alpha158_csi300_custom_step0_s_20260525_18,706cac07e9824b028db32aff3941fe6e,0.044,,,
2832,2026-05-25,SZ002714,-0.002448321252007252,EXP_LGBModel_Alpha158_csi300_custom_step0_s_20260525_18,706cac07e9824b028db32aff3941fe6e,0.044,,,
2833,2026-05-25,SZ002709,-3.279200183646561e-10,EXP_LGBModel_Alpha158_csi300_custom_step0_s_20260525_18,706cac07e9824b028db32aff3941fe6e,0.044,,,
2834,2026-05-25,SZ002648,-3.279200183646561e-10,EXP_LGBModel_Alpha158_csi300_custom_step0_s_20260525_18,706cac07e9824b028db32aff3941fe6e,0.044,,,
2835,2026-05-25,SZ002625,-0.0016693630394455112,EXP_LGBModel_Alpha158_csi300_custom_step0_s_20260525_18,706cac07e9824b028db32aff3941fe6e,0.044,,,
2836,2026-05-25,SZ002601,-3.279200183646561e-10,EXP_LGBModel_Alpha158_csi300_custom_step0_s_20260525_18,706cac07e9824b028db32aff3941fe6e,0.044,,,
2837,2026-05-25,SZ002600,-0.002448321252007252,EXP_LGBModel_Alpha158_csi300_custom_step0_s_20260525_18,706cac07e9824b028db32aff3941fe6e,0.044,,,
2838,2026-05-25,SZ002594,-0.002448321252007252,EXP_LGBModel_Alpha158_csi300_custom_step0_s_20260525_18,706cac07e9824b028db32aff3941fe6e,0.044,,,
2839,2026-05-25,SZ002493,-0.002448321252007252,EXP_LGBModel_Alpha158_csi300_custom_step0_s_20260525_18,706cac07e9824b028db32aff3941fe6e,0.044,,,
2840,2026-05-25,SZ002475,-3.279200183646561e-10,EXP_LGBModel_Alpha158_csi300_custom_step0_s_20260525_18,706cac07e9824b028db32aff3941fe6e,0.044,,,
2841,2026-05-25,SZ002466,-3.279200183646561e-10,EXP_LGBModel_Alpha158_csi300_custom_step0_s_20260525_18,706cac07e9824b028db32aff3941fe6e,0.044,,,
2842,2026-05-25,SZ002463,-3.279200183646561e-10,EXP_LGBModel_Alpha158_csi300_custom_step0_s_20260525_18,706cac07e9824b028db32aff3941fe6e,0.044,,,
2843,2026-05-25,SZ002460,-3.279200183646561e-10,EXP_LGBModel_Alpha158_csi300_custom_step0_s_20260525_18,706cac07e9824b028db32aff3941fe6e,0.044,,,
2844,2026-05-25,SZ002459,-3.279200183646561e-10,EXP_LGBModel_Alpha158_csi300_custom_step0_s_20260525_18,706cac07e9824b028db32aff3941fe6e,0.044,,,
2845,2026-05-25,SZ002422,-0.002448321252007252,EXP_LGBModel_Alpha158_csi300_custom_step0_s_20260525_18,706cac07e9824b028db32aff3941fe6e,0.044,,,
2846,2026-05-25,SZ002415,-0.002448321252007252,EXP_LGBModel_Alpha158_csi300_custom_step0_s_20260525_18,706cac07e9824b028db32aff3941fe6e,0.044,,,
2847,2026-05-25,SZ002371,-0.004229849856877637,EXP_LGBModel_Alpha158_csi300_custom_step0_s_20260525_18,706cac07e9824b028db32aff3941fe6e,0.044,,,
2848,2026-05-25,SZ302132,-0.004577994235578628,EXP_CatBoostModel_Alpha158_csi300_custom_step0_s_20260525_18,9d84c5399d604820af41c594e73ee3da,0.075,,,
2849,2026-05-25,SH601916,0.002413057225652406,EXP_LGBModel_Alpha158_csi300_custom_step0_s_20260525_18,706cac07e9824b028db32aff3941fe6e,0.044,,,
2850,2026-05-25,SH601899,-0.002448321252007252,EXP_LGBModel_Alpha158_csi300_custom_step0_s_20260525_18,706cac07e9824b028db32aff3941fe6e,0.044,,,
2851,2026-05-25,SH600522,-3.279200183646561e-10,EXP_LGBModel_Alpha158_csi300_custom_step0_s_20260525_18,706cac07e9824b028db32aff3941fe6e,0.044,,,
2852,2026-05-25,SH600519,-0.002448321252007252,EXP_LGBModel_Alpha158_csi300_custom_step0_s_20260525_18,706cac07e9824b028db32aff3941fe6e,0.044,,,
2853,2026-05-25,SH600515,-0.002448321252007252,EXP_LGBModel_Alpha158_csi300_custom_step0_s_20260525_18,706cac07e9824b028db32aff3941fe6e,0.044,,,
2854,2026-05-25,SH600489,-3.279200183646561e-10,EXP_LGBModel_Alpha158_csi300_custom_step0_s_20260525_18,706cac07e9824b028db32aff3941fe6e,0.044,,,
2855,2026-05-25,SH600482,-0.002448321252007252,EXP_LGBModel_Alpha158_csi300_custom_step0_s_20260525_18,706cac07e9824b028db32aff3941fe6e,0.044,,,
2856,2026-05-25,SH600460,-3.279200183646561e-10,EXP_LGBModel_Alpha158_csi300_custom_step0_s_20260525_18,706cac07e9824b028db32aff3941fe6e,0.044,,,
2857,2026-05-25,SH600547,-3.279200183646561e-10,EXP_LGBModel_Alpha158_csi300_custom_step0_s_20260525_18,706cac07e9824b028db32aff3941fe6e,0.044,,,
2858,2026-05-25,SH600438,-0.002448321252007252,EXP_LGBModel_Alpha158_csi300_custom_step0_s_20260525_18,706cac07e9824b028db32aff3941fe6e,0.044,,,
2859,2026-05-25,SH600426,-3.279200183646561e-10,EXP_LGBModel_Alpha158_csi300_custom_step0_s_20260525_18,706cac07e9824b028db32aff3941fe6e,0.044,,,
2860,2026-05-25,SH600415,-0.002448321252007252,EXP_LGBModel_Alpha158_csi300_custom_step0_s_20260525_18,706cac07e9824b028db32aff3941fe6e,0.044,,,
2861,2026-05-25,SH600406,-0.002448321252007252,EXP_LGBModel_Alpha158_csi300_custom_step0_s_20260525_18,706cac07e9824b028db32aff3941fe6e,0.044,,,
2862,2026-05-25,SH600377,0.002413057225652406,EXP_LGBModel_Alpha158_csi300_custom_step0_s_20260525_18,706cac07e9824b028db32aff3941fe6e,0.044,,,
2863,2026-05-25,SH600372,-0.002448321252007252,EXP_LGBModel_Alpha158_csi300_custom_step0_s_20260525_18,706cac07e9824b028db32aff3941fe6e,0.044,,,
2864,2026-05-25,SH600362,-0.002448321252007252,EXP_LGBModel_Alpha158_csi300_custom_step0_s_20260525_18,706cac07e9824b028db32aff3941fe6e,0.044,,,
2865,2026-05-25,SH600436,-0.002448321252007252,EXP_LGBModel_Alpha158_csi300_custom_step0_s_20260525_18,706cac07e9824b028db32aff3941fe6e,0.044,,,
2866,2026-05-25,SH600570,-0.002448321252007252,EXP_LGBModel_Alpha158_csi300_custom_step0_s_20260525_18,706cac07e9824b028db32aff3941fe6e,0.044,,,
2867,2026-05-25,SH600584,-0.004229849856877637,EXP_LGBModel_Alpha158_csi300_custom_step0_s_20260525_18,706cac07e9824b028db32aff3941fe6e,0.044,,,
2868,2026-05-25,SH600585,-0.002448321252007252,EXP_LGBModel_Alpha158_csi300_custom_step0_s_20260525_18,706cac07e9824b028db32aff3941fe6e,0.044,,,
2869,2026-05-25,SH600893,-0.002448321252007252,EXP_LGBModel_Alpha158_csi300_custom_step0_s_20260525_18,706cac07e9824b028db32aff3941fe6e,0.044,,,
2870,2026-05-25,SH600887,-3.279200183646561e-10,EXP_LGBModel_Alpha158_csi300_custom_step0_s_20260525_18,706cac07e9824b028db32aff3941fe6e,0.044,,,
2871,2026-05-25,SH600886,0.002413057225652406,EXP_LGBModel_Alpha158_csi300_custom_step0_s_20260525_18,706cac07e9824b028db32aff3941fe6e,0.044,,,
2872,2026-05-25,SH600875,-0.002448321252007252,EXP_LGBModel_Alpha158_csi300_custom_step0_s_20260525_18,706cac07e9824b028db32aff3941fe6e,0.044,,,
2873,2026-05-25,SH600845,0.0007510784844829556,EXP_LGBModel_Alpha158_csi300_custom_step0_s_20260525_18,706cac07e9824b028db32aff3941fe6e,0.044,,,
2874,2026-05-25,SH600809,-0.0016693630394455112,EXP_LGBModel_Alpha158_csi300_custom_step0_s_20260525_18,706cac07e9824b028db32aff3941fe6e,0.044,,,
2875,2026-05-25,SH600803,-3.279200183646561e-10,EXP_LGBModel_Alpha158_csi300_custom_step0_s_20260525_18,706cac07e9824b028db32aff3941fe6e,0.044,,,
2876,2026-05-25,SH600795,-0.002448321252007252,EXP_LGBModel_Alpha158_csi300_custom_step0_s_20260525_18,706cac07e9824b028db32aff3941fe6e,0.044,,,
2877,2026-05-25,SH600760,-0.002448321252007252,EXP_LGBModel_Alpha158_csi300_custom_step0_s_20260525_18,706cac07e9824b028db32aff3941fe6e,0.044,,,
2878,2026-05-25,SH600741,-3.279200183646561e-10,EXP_LGBModel_Alpha158_csi300_custom_step0_s_20260525_18,706cac07e9824b028db32aff3941fe6e,0.044,,,
2879,2026-05-25,SH600690,-0.002448321252007252,EXP_LGBModel_Alpha158_csi300_custom_step0_s_20260525_18,706cac07e9824b028db32aff3941fe6e,0.044,,,
2880,2026-05-25,SH600674,-0.002448321252007252,EXP_LGBModel_Alpha158_csi300_custom_step0_s_20260525_18,706cac07e9824b028db32aff3941fe6e,0.044,,,
2881,2026-05-25,SH600660,-0.002448321252007252,EXP_LGBModel_Alpha158_csi300_custom_step0_s_20260525_18,706cac07e9824b028db32aff3941fe6e,0.044,,,
2882,2026-05-25,SH600600,0.002413057225652406,EXP_LGBModel_Alpha158_csi300_custom_step0_s_20260525_18,706cac07e9824b028db32aff3941fe6e,0.044,,,
2883,2026-05-25,SH600588,-3.279200183646561e-10,EXP_LGBModel_Alpha158_csi300_custom_step0_s_20260525_18,706cac07e9824b028db32aff3941fe6e,0.044,,,
2884,2026-05-25,SH600346,-3.279200183646561e-10,EXP_LGBModel_Alpha158_csi300_custom_step0_s_20260525_18,706cac07e9824b028db32aff3941fe6e,0.044,,,
2885,2026-05-25,SH600309,-3.279200183646561e-10,EXP_LGBModel_Alpha158_csi300_custom_step0_s_20260525_18,706cac07e9824b028db32aff3941fe6e,0.044,,,
2886,2026-05-25,SH600276,-0.002448321252007252,EXP_LGBModel_Alpha158_csi300_custom_step0_s_20260525_18,706cac07e9824b028db32aff3941fe6e,0.044,,,
2887,2026-05-25,SH600233,-3.279200183646561e-10,EXP_LGBModel_Alpha158_csi300_custom_step0_s_20260525_18,706cac07e9824b028db32aff3941fe6e,0.044,,,
2888,2026-05-25,SH600031,-0.002448321252007252,EXP_LGBModel_Alpha158_csi300_custom_step0_s_20260525_18,706cac07e9824b028db32aff3941fe6e,0.044,,,
2889,2026-05-25,SH600030,-3.279200183646561e-10,EXP_LGBModel_Alpha158_csi300_custom_step0_s_20260525_18,706cac07e9824b028db32aff3941fe6e,0.044,,,
2890,2026-05-25,SH600029,-0.0016693630394455112,EXP_LGBModel_Alpha158_csi300_custom_step0_s_20260525_18,706cac07e9824b028db32aff3941fe6e,0.044,,,
2891,2026-05-25,SH600028,-0.002448321252007252,EXP_LGBModel_Alpha158_csi300_custom_step0_s_20260525_18,706cac07e9824b028db32aff3941fe6e,0.044,,,
2892,2026-05-25,SH600027,-0.002448321252007252,EXP_LGBModel_Alpha158_csi300_custom_step0_s_20260525_18,706cac07e9824b028db32aff3941fe6e,0.044,,,
2893,2026-05-25,SH600026,-0.002448321252007252,EXP_LGBModel_Alpha158_csi300_custom_step0_s_20260525_18,706cac07e9824b028db32aff3941fe6e,0.044,,,
2894,2026-05-25,SH600025,-0.002448321252007252,EXP_LGBModel_Alpha158_csi300_custom_step0_s_20260525_18,706cac07e9824b028db32aff3941fe6e,0.044,,,
2895,2026-05-25,SH600023,-3.279200183646561e-10,EXP_LGBModel_Alpha158_csi300_custom_step0_s_20260525_18,706cac07e9824b028db32aff3941fe6e,0.044,,,
2896,2026-05-25,SH600019,-0.002448321252007252,EXP_LGBModel_Alpha158_csi300_custom_step0_s_20260525_18,706cac07e9824b028db32aff3941fe6e,0.044,,,
2897,2026-05-25,SH600018,0.002413057225652406,EXP_LGBModel_Alpha158_csi300_custom_step0_s_20260525_18,706cac07e9824b028db32aff3941fe6e,0.044,,,
2898,2026-05-25,SH600016,-3.279200183646561e-10,EXP_LGBModel_Alpha158_csi300_custom_step0_s_20260525_18,706cac07e9824b028db32aff3941fe6e,0.044,,,
2899,2026-05-25,SH600015,-0.0019574951342104224,EXP_LGBModel_Alpha158_csi300_custom_step0_s_20260525_18,706cac07e9824b028db32aff3941fe6e,0.044,,,
2900,2026-05-25,SH600011,-0.002448321252007252,EXP_LGBModel_Alpha158_csi300_custom_step0_s_20260525_18,706cac07e9824b028db32aff3941fe6e,0.044,,,
2901,2026-05-25,SH600010,-0.002448321252007252,EXP_LGBModel_Alpha158_csi300_custom_step0_s_20260525_18,706cac07e9824b028db32aff3941fe6e,0.044,,,
2902,2026-05-25,SH600009,-0.0016693630394455112,EXP_LGBModel_Alpha158_csi300_custom_step0_s_20260525_18,706cac07e9824b028db32aff3941fe6e,0.044,,,
2903,2026-05-25,SH600036,-3.279200183646561e-10,EXP_LGBModel_Alpha158_csi300_custom_step0_s_20260525_18,706cac07e9824b028db32aff3941fe6e,0.044,,,
2904,2026-05-25,SH600900,-3.279200183646561e-10,EXP_LGBModel_Alpha158_csi300_custom_step0_s_20260525_18,706cac07e9824b028db32aff3941fe6e,0.044,,,
2905,2026-05-25,SH600039,-3.279200183646561e-10,EXP_LGBModel_Alpha158_csi300_custom_step0_s_20260525_18,706cac07e9824b028db32aff3941fe6e,0.044,,,
2906,2026-05-25,SH600050,-0.002448321252007252,EXP_LGBModel_Alpha158_csi300_custom_step0_s_20260525_18,706cac07e9824b028db32aff3941fe6e,0.044,,,
2907,2026-05-25,SH600219,-3.279200183646561e-10,EXP_LGBModel_Alpha158_csi300_custom_step0_s_20260525_18,706cac07e9824b028db32aff3941fe6e,0.044,,,
2908,2026-05-25,SH600196,-0.002448321252007252,EXP_LGBModel_Alpha158_csi300_custom_step0_s_20260525_18,706cac07e9824b028db32aff3941fe6e,0.044,,,
2909,2026-05-25,SH600188,-0.002448321252007252,EXP_LGBModel_Alpha158_csi300_custom_step0_s_20260525_18,706cac07e9824b028db32aff3941fe6e,0.044,,,
2910,2026-05-25,SH600183,-0.004229849856877637,EXP_LGBModel_Alpha158_csi300_custom_step0_s_20260525_18,706cac07e9824b028db32aff3941fe6e,0.044,,,
2911,2026-05-25,SH600176,0.0007510784844829556,EXP_LGBModel_Alpha158_csi300_custom_step0_s_20260525_18,706cac07e9824b028db32aff3941fe6e,0.044,,,
2912,2026-05-25,SH600161,-0.002448321252007252,EXP_LGBModel_Alpha158_csi300_custom_step0_s_20260525_18,706cac07e9824b028db32aff3941fe6e,0.044,,,
2913,2026-05-25,SH600160,-0.002448321252007252,EXP_LGBModel_Alpha158_csi300_custom_step0_s_20260525_18,706cac07e9824b028db32aff3941fe6e,0.044,,,
2914,2026-05-25,SH600150,-3.279200183646561e-10,EXP_LGBModel_Alpha158_csi300_custom_step0_s_20260525_18,706cac07e9824b028db32aff3941fe6e,0.044,,,
2915,2026-05-25,SH600115,-3.279200183646561e-10,EXP_LGBModel_Alpha158_csi300_custom_step0_s_20260525_18,706cac07e9824b028db32aff3941fe6e,0.044,,,
2916,2026-05-25,SH600111,-0.002448321252007252,EXP_LGBModel_Alpha158_csi300_custom_step0_s_20260525_18,706cac07e9824b028db32aff3941fe6e,0.044,,,
2917,2026-05-25,SH600104,-3.279200183646561e-10,EXP_LGBModel_Alpha158_csi300_custom_step0_s_20260525_18,706cac07e9824b028db32aff3941fe6e,0.044,,,
2918,2026-05-25,SH600089,-0.002448321252007252,EXP_LGBModel_Alpha158_csi300_custom_step0_s_20260525_18,706cac07e9824b028db32aff3941fe6e,0.044,,,
2919,2026-05-25,SH600085,-3.279200183646561e-10,EXP_LGBModel_Alpha158_csi300_custom_step0_s_20260525_18,706cac07e9824b028db32aff3941fe6e,0.044,,,
2920,2026-05-25,SH600066,-0.002448321252007252,EXP_LGBModel_Alpha158_csi300_custom_step0_s_20260525_18,706cac07e9824b028db32aff3941fe6e,0.044,,,
2921,2026-05-25,SH600061,-0.002448321252007252,EXP_LGBModel_Alpha158_csi300_custom_step0_s_20260525_18,706cac07e9824b028db32aff3941fe6e,0.044,,,
2922,2026-05-25,SH600048,-0.002448321252007252,EXP_LGBModel_Alpha158_csi300_custom_step0_s_20260525_18,706cac07e9824b028db32aff3941fe6e,0.044,,,
2923,2026-05-25,SH601901,0.002413057225652406,EXP_LGBModel_Alpha158_csi300_custom_step0_s_20260525_18,706cac07e9824b028db32aff3941fe6e,0.044,,,
2924,2026-05-25,SH600905,0.002413057225652406,EXP_LGBModel_Alpha158_csi300_custom_step0_s_20260525_18,706cac07e9824b028db32aff3941fe6e,0.044,,,
2925,2026-05-25,SH600919,0.002413057225652406,EXP_LGBModel_Alpha158_csi300_custom_step0_s_20260525_18,706cac07e9824b028db32aff3941fe6e,0.044,,,
2926,2026-05-25,SH601688,-0.002448321252007252,EXP_LGBModel_Alpha158_csi300_custom_step0_s_20260525_18,706cac07e9824b028db32aff3941fe6e,0.044,,,
2927,2026-05-25,SH601669,-0.002448321252007252,EXP_LGBModel_Alpha158_csi300_custom_step0_s_20260525_18,706cac07e9824b028db32aff3941fe6e,0.044,,,
2928,2026-05-25,SH601668,-3.279200183646561e-10,EXP_LGBModel_Alpha158_csi300_custom_step0_s_20260525_18,706cac07e9824b028db32aff3941fe6e,0.044,,,
2929,2026-05-25,SH601658,-3.279200183646561e-10,EXP_LGBModel_Alpha158_csi300_custom_step0_s_20260525_18,706cac07e9824b028db32aff3941fe6e,0.044,,,
2930,2026-05-25,SH601633,-3.279200183646561e-10,EXP_LGBModel_Alpha158_csi300_custom_step0_s_20260525_18,706cac07e9824b028db32aff3941fe6e,0.044,,,
2931,2026-05-25,SH601628,-0.002448321252007252,EXP_LGBModel_Alpha158_csi300_custom_step0_s_20260525_18,706cac07e9824b028db32aff3941fe6e,0.044,,,
2932,2026-05-25,SH601689,-0.002448321252007252,EXP_LGBModel_Alpha158_csi300_custom_step0_s_20260525_18,706cac07e9824b028db32aff3941fe6e,0.044,,,
2933,2026-05-25,SH601618,-0.002448321252007252,EXP_LGBModel_Alpha158_csi300_custom_step0_s_20260525_18,706cac07e9824b028db32aff3941fe6e,0.044,,,
2934,2026-05-25,SH601601,-0.002448321252007252,EXP_LGBModel_Alpha158_csi300_custom_step0_s_20260525_18,706cac07e9824b028db32aff3941fe6e,0.044,,,
2935,2026-05-25,SH601600,-0.002448321252007252,EXP_LGBModel_Alpha158_csi300_custom_step0_s_20260525_18,706cac07e9824b028db32aff3941fe6e,0.044,,,
2936,2026-05-25,SH601456,-0.002448321252007252,EXP_LGBModel_Alpha158_csi300_custom_step0_s_20260525_18,706cac07e9824b028db32aff3941fe6e,0.044,,,
2937,2026-05-25,SH601398,0.002413057225652406,EXP_LGBModel_Alpha158_csi300_custom_step0_s_20260525_18,706cac07e9824b028db32aff3941fe6e,0.044,,,
2938,2026-05-25,SH601390,-3.279200183646561e-10,EXP_LGBModel_Alpha158_csi300_custom_step0_s_20260525_18,706cac07e9824b028db32aff3941fe6e,0.044,,,
2939,2026-05-25,SH601377,-0.002448321252007252,EXP_LGBModel_Alpha158_csi300_custom_step0_s_20260525_18,706cac07e9824b028db32aff3941fe6e,0.044,,,
2940,2026-05-25,SH601607,-3.279200183646561e-10,EXP_LGBModel_Alpha158_csi300_custom_step0_s_20260525_18,706cac07e9824b028db32aff3941fe6e,0.044,,,
2941,2026-05-25,SH601698,-0.002448321252007252,EXP_LGBModel_Alpha158_csi300_custom_step0_s_20260525_18,706cac07e9824b028db32aff3941fe6e,0.044,,,
2942,2026-05-25,SH601728,-0.002448321252007252,EXP_LGBModel_Alpha158_csi300_custom_step0_s_20260525_18,706cac07e9824b028db32aff3941fe6e,0.044,,,
2943,2026-05-25,SH601766,-0.002448321252007252,EXP_LGBModel_Alpha158_csi300_custom_step0_s_20260525_18,706cac07e9824b028db32aff3941fe6e,0.044,,,
2944,2026-05-25,SH601898,-0.002448321252007252,EXP_LGBModel_Alpha158_csi300_custom_step0_s_20260525_18,706cac07e9824b028db32aff3941fe6e,0.044,,,
2945,2026-05-25,SH601888,-0.002448321252007252,EXP_LGBModel_Alpha158_csi300_custom_step0_s_20260525_18,706cac07e9824b028db32aff3941fe6e,0.044,,,
2946,2026-05-25,SH601881,-0.002448321252007252,EXP_LGBModel_Alpha158_csi300_custom_step0_s_20260525_18,706cac07e9824b028db32aff3941fe6e,0.044,,,
2947,2026-05-25,SH601878,-3.279200183646561e-10,EXP_LGBModel_Alpha158_csi300_custom_step0_s_20260525_18,706cac07e9824b028db32aff3941fe6e,0.044,,,
2948,2026-05-25,SH601877,-0.002448321252007252,EXP_LGBModel_Alpha158_csi300_custom_step0_s_20260525_18,706cac07e9824b028db32aff3941fe6e,0.044,,,
2949,2026-05-25,SH601872,-0.002448321252007252,EXP_LGBModel_Alpha158_csi300_custom_step0_s_20260525_18,706cac07e9824b028db32aff3941fe6e,0.044,,,
2950,2026-05-25,SH601868,-0.002448321252007252,EXP_LGBModel_Alpha158_csi300_custom_step0_s_20260525_18,706cac07e9824b028db32aff3941fe6e,0.044,,,
2951,2026-05-25,SH601857,-0.002448321252007252,EXP_LGBModel_Alpha158_csi300_custom_step0_s_20260525_18,706cac07e9824b028db32aff3941fe6e,0.044,,,
2952,2026-05-25,SH601838,0.002413057225652406,EXP_LGBModel_Alpha158_csi300_custom_step0_s_20260525_18,706cac07e9824b028db32aff3941fe6e,0.044,,,
2953,2026-05-25,SH601825,0.002413057225652406,EXP_LGBModel_Alpha158_csi300_custom_step0_s_20260525_18,706cac07e9824b028db32aff3941fe6e,0.044,,,
2954,2026-05-25,SH601818,0.002413057225652406,EXP_LGBModel_Alpha158_csi300_custom_step0_s_20260525_18,706cac07e9824b028db32aff3941fe6e,0.044,,,
2955,2026-05-25,SH601816,-3.279200183646561e-10,EXP_LGBModel_Alpha158_csi300_custom_step0_s_20260525_18,706cac07e9824b028db32aff3941fe6e,0.044,,,
2956,2026-05-25,SH601808,-0.002448321252007252,EXP_LGBModel_Alpha158_csi300_custom_step0_s_20260525_18,706cac07e9824b028db32aff3941fe6e,0.044,,,
2957,2026-05-25,SH601800,-0.002448321252007252,EXP_LGBModel_Alpha158_csi300_custom_step0_s_20260525_18,706cac07e9824b028db32aff3941fe6e,0.044,,,
2958,2026-05-25,SH601788,-0.002448321252007252,EXP_LGBModel_Alpha158_csi300_custom_step0_s_20260525_18,706cac07e9824b028db32aff3941fe6e,0.044,,,
2959,2026-05-25,SH601360,-3.279200183646561e-10,EXP_LGBModel_Alpha158_csi300_custom_step0_s_20260525_18,706cac07e9824b028db32aff3941fe6e,0.044,,,
2960,2026-05-25,SH601336,-0.002448321252007252,EXP_LGBModel_Alpha158_csi300_custom_step0_s_20260525_18,706cac07e9824b028db32aff3941fe6e,0.044,,,
2961,2026-05-25,SH601328,-3.279200183646561e-10,EXP_LGBModel_Alpha158_csi300_custom_step0_s_20260525_18,706cac07e9824b028db32aff3941fe6e,0.044,,,
2962,2026-05-25,SH601319,-3.279200183646561e-10,EXP_LGBModel_Alpha158_csi300_custom_step0_s_20260525_18,706cac07e9824b028db32aff3941fe6e,0.044,,,
2963,2026-05-25,SH601066,0.002413057225652406,EXP_LGBModel_Alpha158_csi300_custom_step0_s_20260525_18,706cac07e9824b028db32aff3941fe6e,0.044,,,
2964,2026-05-25,SH601059,0.002413057225652406,EXP_LGBModel_Alpha158_csi300_custom_step0_s_20260525_18,706cac07e9824b028db32aff3941fe6e,0.044,,,
2965,2026-05-25,SH601058,0.0018282844103531895,EXP_LGBModel_Alpha158_csi300_custom_step0_s_20260525_18,706cac07e9824b028db32aff3941fe6e,0.044,,,
2966,2026-05-25,SH601021,-3.279200183646561e-10,EXP_LGBModel_Alpha158_csi300_custom_step0_s_20260525_18,706cac07e9824b028db32aff3941fe6e,0.044,,,
2967,2026-05-25,SH601018,-3.279200183646561e-10,EXP_LGBModel_Alpha158_csi300_custom_step0_s_20260525_18,706cac07e9824b028db32aff3941fe6e,0.044,,,
2968,2026-05-25,SH601012,-3.279200183646561e-10,EXP_LGBModel_Alpha158_csi300_custom_step0_s_20260525_18,706cac07e9824b028db32aff3941fe6e,0.044,,,
2969,2026-05-25,SH601009,-3.279200183646561e-10,EXP_LGBModel_Alpha158_csi300_custom_step0_s_20260525_18,706cac07e9824b028db32aff3941fe6e,0.044,,,
2970,2026-05-25,SH601006,0.002413057225652406,EXP_LGBModel_Alpha158_csi300_custom_step0_s_20260525_18,706cac07e9824b028db32aff3941fe6e,0.044,,,
2971,2026-05-25,SH600999,-0.002448321252007252,EXP_LGBModel_Alpha158_csi300_custom_step0_s_20260525_18,706cac07e9824b028db32aff3941fe6e,0.044,,,
2972,2026-05-25,SH600989,-3.279200183646561e-10,EXP_LGBModel_Alpha158_csi300_custom_step0_s_20260525_18,706cac07e9824b028db32aff3941fe6e,0.044,,,
2973,2026-05-25,SH600958,-0.002448321252007252,EXP_LGBModel_Alpha158_csi300_custom_step0_s_20260525_18,706cac07e9824b028db32aff3941fe6e,0.044,,,
2974,2026-05-25,SH600941,-0.002448321252007252,EXP_LGBModel_Alpha158_csi300_custom_step0_s_20260525_18,706cac07e9824b028db32aff3941fe6e,0.044,,,
2975,2026-05-25,SH600938,-3.279200183646561e-10,EXP_LGBModel_Alpha158_csi300_custom_step0_s_20260525_18,706cac07e9824b028db32aff3941fe6e,0.044,,,
2976,2026-05-25,SH600930,-0.002448321252007252,EXP_LGBModel_Alpha158_csi300_custom_step0_s_20260525_18,706cac07e9824b028db32aff3941fe6e,0.044,,,
2977,2026-05-25,SH600926,-3.279200183646561e-10,EXP_LGBModel_Alpha158_csi300_custom_step0_s_20260525_18,706cac07e9824b028db32aff3941fe6e,0.044,,,
2978,2026-05-25,SH601077,-3.279200183646561e-10,EXP_LGBModel_Alpha158_csi300_custom_step0_s_20260525_18,706cac07e9824b028db32aff3941fe6e,0.044,,,
2979,2026-05-25,SH600918,-0.002448321252007252,EXP_LGBModel_Alpha158_csi300_custom_step0_s_20260525_18,706cac07e9824b028db32aff3941fe6e,0.044,,,
2980,2026-05-25,SH601088,0.002413057225652406,EXP_LGBModel_Alpha158_csi300_custom_step0_s_20260525_18,706cac07e9824b028db32aff3941fe6e,0.044,,,
2981,2026-05-25,SH601111,-0.0016693630394455112,EXP_LGBModel_Alpha158_csi300_custom_step0_s_20260525_18,706cac07e9824b028db32aff3941fe6e,0.044,,,
2982,2026-05-25,SH601318,-0.0016693630394455112,EXP_LGBModel_Alpha158_csi300_custom_step0_s_20260525_18,706cac07e9824b028db32aff3941fe6e,0.044,,,
2983,2026-05-25,SH601298,0.002413057225652406,EXP_LGBModel_Alpha158_csi300_custom_step0_s_20260525_18,706cac07e9824b028db32aff3941fe6e,0.044,,,
2984,2026-05-25,SH601288,-0.002448321252007252,EXP_LGBModel_Alpha158_csi300_custom_step0_s_20260525_18,706cac07e9824b028db32aff3941fe6e,0.044,,,
2985,2026-05-25,SH601238,-3.279200183646561e-10,EXP_LGBModel_Alpha158_csi300_custom_step0_s_20260525_18,706cac07e9824b028db32aff3941fe6e,0.044,,,
2986,2026-05-25,SH601236,-0.002448321252007252,EXP_LGBModel_Alpha158_csi300_custom_step0_s_20260525_18,706cac07e9824b028db32aff3941fe6e,0.044,,,
2987,2026-05-25,SH601229,-3.279200183646561e-10,EXP_LGBModel_Alpha158_csi300_custom_step0_s_20260525_18,706cac07e9824b028db32aff3941fe6e,0.044,,,
2988,2026-05-25,SH601225,-3.279200183646561e-10,EXP_LGBModel_Alpha158_csi300_custom_step0_s_20260525_18,706cac07e9824b028db32aff3941fe6e,0.044,,,
2989,2026-05-25,SH601211,-3.279200183646561e-10,EXP_LGBModel_Alpha158_csi300_custom_step0_s_20260525_18,706cac07e9824b028db32aff3941fe6e,0.044,,,
2990,2026-05-25,SH601186,-0.002448321252007252,EXP_LGBModel_Alpha158_csi300_custom_step0_s_20260525_18,706cac07e9824b028db32aff3941fe6e,0.044,,,
2991,2026-05-25,SH601169,-3.279200183646561e-10,EXP_LGBModel_Alpha158_csi300_custom_step0_s_20260525_18,706cac07e9824b028db32aff3941fe6e,0.044,,,
2992,2026-05-25,SH601166,-3.279200183646561e-10,EXP_LGBModel_Alpha158_csi300_custom_step0_s_20260525_18,706cac07e9824b028db32aff3941fe6e,0.044,,,
2993,2026-05-25,SH601138,-3.279200183646561e-10,EXP_LGBModel_Alpha158_csi300_custom_step0_s_20260525_18,706cac07e9824b028db32aff3941fe6e,0.044,,,
2994,2026-05-25,SH601136,-0.002448321252007252,EXP_LGBModel_Alpha158_csi300_custom_step0_s_20260525_18,706cac07e9824b028db32aff3941fe6e,0.044,,,
2995,2026-05-25,SH601127,-0.002448321252007252,EXP_LGBModel_Alpha158_csi300_custom_step0_s_20260525_18,706cac07e9824b028db32aff3941fe6e,0.044,,,
2996,2026-05-25,SH601117,-0.002448321252007252,EXP_LGBModel_Alpha158_csi300_custom_step0_s_20260525_18,706cac07e9824b028db32aff3941fe6e,0.044,,,
2997,2026-05-25,SH601100,-0.002448321252007252,EXP_LGBModel_Alpha158_csi300_custom_step0_s_20260525_18,706cac07e9824b028db32aff3941fe6e,0.044,,,
2998,2026-05-25,SZ301236,-0.002448321252007252,EXP_LGBModel_Alpha158_csi300_custom_step0_s_20260525_18,706cac07e9824b028db32aff3941fe6e,0.044,,,
2999,2026-05-25,SZ302132,-0.0016638386714869378,EXP_CatBoostModel_Alpha158_csi300_custom_step0_s_20260525_18,7ecf0a5293f244bf8d6c2d7d2af6fcf9,0.062,,,
3000,2026-05-25,SZ301236,-0.0011636198018941414,EXP_CatBoostModel_Alpha158_csi300_custom_step0_s_20260525_18,7ecf0a5293f244bf8d6c2d7d2af6fcf9,0.062,,,
3001,2026-05-25,SZ000568,-0.0008362206285599157,EXP_CatBoostModel_Alpha158_csi300_custom_step0_s_20260525_18,eb2c7a21173e4be4a93d9aeafc5e88ed,0.057,,,
3002,2026-05-25,SZ000538,-0.00016268852373780852,EXP_CatBoostModel_Alpha158_csi300_custom_step0_s_20260525_18,eb2c7a21173e4be4a93d9aeafc5e88ed,0.057,,,
3003,2026-05-25,SZ000425,-0.0008630221192819945,EXP_CatBoostModel_Alpha158_csi300_custom_step0_s_20260525_18,eb2c7a21173e4be4a93d9aeafc5e88ed,0.057,,,
3004,2026-05-25,SZ000408,-0.0008630221192819945,EXP_CatBoostModel_Alpha158_csi300_custom_step0_s_20260525_18,eb2c7a21173e4be4a93d9aeafc5e88ed,0.057,,,
3005,2026-05-25,SZ000338,-0.0019439775476989892,EXP_CatBoostModel_Alpha158_csi300_custom_step0_s_20260525_18,eb2c7a21173e4be4a93d9aeafc5e88ed,0.057,,,
3006,2026-05-25,SZ000333,0.00047015005363294413,EXP_CatBoostModel_Alpha158_csi300_custom_step0_s_20260525_18,eb2c7a21173e4be4a93d9aeafc5e88ed,0.057,,,
3007,2026-05-25,SZ000596,-0.0008362206285599157,EXP_CatBoostModel_Alpha158_csi300_custom_step0_s_20260525_18,eb2c7a21173e4be4a93d9aeafc5e88ed,0.057,,,
3008,2026-05-25,SZ000301,-0.0008630221192819945,EXP_CatBoostModel_Alpha158_csi300_custom_step0_s_20260525_18,eb2c7a21173e4be4a93d9aeafc5e88ed,0.057,,,
3009,2026-05-25,SZ000157,-0.0008362206285599157,EXP_CatBoostModel_Alpha158_csi300_custom_step0_s_20260525_18,eb2c7a21173e4be4a93d9aeafc5e88ed,0.057,,,
3010,2026-05-25,SZ000100,-0.00044570441193717903,EXP_CatBoostModel_Alpha158_csi300_custom_step0_s_20260525_18,eb2c7a21173e4be4a93d9aeafc5e88ed,0.057,,,
3011,2026-05-25,SZ000063,-0.0008362206285599157,EXP_CatBoostModel_Alpha158_csi300_custom_step0_s_20260525_18,eb2c7a21173e4be4a93d9aeafc5e88ed,0.057,,,
3012,2026-05-25,SZ000002,-0.0008362206285599157,EXP_CatBoostModel_Alpha158_csi300_custom_step0_s_20260525_18,eb2c7a21173e4be4a93d9aeafc5e88ed,0.057,,,
3013,2026-05-25,SZ000001,0.00047015005363294413,EXP_CatBoostModel_Alpha158_csi300_custom_step0_s_20260525_18,eb2c7a21173e4be4a93d9aeafc5e88ed,0.057,,,
3014,2026-05-25,SH688981,-0.010155839695922,EXP_CatBoostModel_Alpha158_csi300_custom_step0_s_20260525_18,eb2c7a21173e4be4a93d9aeafc5e88ed,0.057,,,
3015,2026-05-25,SZ000166,-0.00016268852373780852,EXP_CatBoostModel_Alpha158_csi300_custom_step0_s_20260525_18,eb2c7a21173e4be4a93d9aeafc5e88ed,0.057,,,
3016,2026-05-25,SZ000617,-0.00016268852373780852,EXP_CatBoostModel_Alpha158_csi300_custom_step0_s_20260525_18,eb2c7a21173e4be4a93d9aeafc5e88ed,0.057,,,
3017,2026-05-25,SZ000625,-0.00016268852373780852,EXP_CatBoostModel_Alpha158_csi300_custom_step0_s_20260525_18,eb2c7a21173e4be4a93d9aeafc5e88ed,0.057,,,
3018,2026-05-25,SZ000630,0.007866883327452997,EXP_CatBoostModel_Alpha158_csi300_custom_step0_s_20260525_18,eb2c7a21173e4be4a93d9aeafc5e88ed,0.057,,,
3019,2026-05-25,SZ000975,0.0005206120892799527,EXP_CatBoostModel_Alpha158_csi300_custom_step0_s_20260525_18,eb2c7a21173e4be4a93d9aeafc5e88ed,0.057,,,
3020,2026-05-25,SZ000963,-0.00016268852373780852,EXP_CatBoostModel_Alpha158_csi300_custom_step0_s_20260525_18,eb2c7a21173e4be4a93d9aeafc5e88ed,0.057,,,
3021,2026-05-25,SZ000938,-0.0035081692941926466,EXP_CatBoostModel_Alpha158_csi300_custom_step0_s_20260525_18,eb2c7a21173e4be4a93d9aeafc5e88ed,0.057,,,
3022,2026-05-25,SZ000895,-0.0008362206285599157,EXP_CatBoostModel_Alpha158_csi300_custom_step0_s_20260525_18,eb2c7a21173e4be4a93d9aeafc5e88ed,0.057,,,
3023,2026-05-25,SZ000876,-0.0008630221192819945,EXP_CatBoostModel_Alpha158_csi300_custom_step0_s_20260525_18,eb2c7a21173e4be4a93d9aeafc5e88ed,0.057,,,
3024,2026-05-25,SZ000858,-0.0008362206285599157,EXP_CatBoostModel_Alpha158_csi300_custom_step0_s_20260525_18,eb2c7a21173e4be4a93d9aeafc5e88ed,0.057,,,
3025,2026-05-25,SZ000807,-0.00016268852373780852,EXP_CatBoostModel_Alpha158_csi300_custom_step0_s_20260525_18,eb2c7a21173e4be4a93d9aeafc5e88ed,0.057,,,
3026,2026-05-25,SZ000792,-0.00016268852373780852,EXP_CatBoostModel_Alpha158_csi300_custom_step0_s_20260525_18,eb2c7a21173e4be4a93d9aeafc5e88ed,0.057,,,
3027,2026-05-25,SZ000786,-0.0008630221192819945,EXP_CatBoostModel_Alpha158_csi300_custom_step0_s_20260525_18,eb2c7a21173e4be4a93d9aeafc5e88ed,0.057,,,
3028,2026-05-25,SZ000776,-0.0008630221192819945,EXP_CatBoostModel_Alpha158_csi300_custom_step0_s_20260525_18,eb2c7a21173e4be4a93d9aeafc5e88ed,0.057,,,
3029,2026-05-25,SZ000768,-0.0008362206285599157,EXP_CatBoostModel_Alpha158_csi300_custom_step0_s_20260525_18,eb2c7a21173e4be4a93d9aeafc5e88ed,0.057,,,
3030,2026-05-25,SZ000725,-0.003405601951160357,EXP_CatBoostModel_Alpha158_csi300_custom_step0_s_20260525_18,eb2c7a21173e4be4a93d9aeafc5e88ed,0.057,,,
3031,2026-05-25,SZ000708,-0.00016268852373780852,EXP_CatBoostModel_Alpha158_csi300_custom_step0_s_20260525_18,eb2c7a21173e4be4a93d9aeafc5e88ed,0.057,,,
3032,2026-05-25,SZ000661,-0.0008362206285599157,EXP_CatBoostModel_Alpha158_csi300_custom_step0_s_20260525_18,eb2c7a21173e4be4a93d9aeafc5e88ed,0.057,,,
3033,2026-05-25,SZ000651,0.0014343024688522326,EXP_CatBoostModel_Alpha158_csi300_custom_step0_s_20260525_18,eb2c7a21173e4be4a93d9aeafc5e88ed,0.057,,,
3034,2026-05-25,SH688506,0.00251244275647189,EXP_CatBoostModel_Alpha158_csi300_custom_step0_s_20260525_18,eb2c7a21173e4be4a93d9aeafc5e88ed,0.057,,,
3035,2026-05-25,SH688472,-0.00016268852373780852,EXP_CatBoostModel_Alpha158_csi300_custom_step0_s_20260525_18,eb2c7a21173e4be4a93d9aeafc5e88ed,0.057,,,
3036,2026-05-25,SH688396,-0.0035081692941926466,EXP_CatBoostModel_Alpha158_csi300_custom_step0_s_20260525_18,eb2c7a21173e4be4a93d9aeafc5e88ed,0.057,,,
3037,2026-05-25,SH688303,-0.0008630221192819945,EXP_CatBoostModel_Alpha158_csi300_custom_step0_s_20260525_18,eb2c7a21173e4be4a93d9aeafc5e88ed,0.057,,,
3038,2026-05-25,SH603799,-0.0008630221192819945,EXP_CatBoostModel_Alpha158_csi300_custom_step0_s_20260525_18,eb2c7a21173e4be4a93d9aeafc5e88ed,0.057,,,
3039,2026-05-25,SH603501,0.0007659150256479637,EXP_CatBoostModel_Alpha158_csi300_custom_step0_s_20260525_18,eb2c7a21173e4be4a93d9aeafc5e88ed,0.057,,,
3040,2026-05-25,SH603392,-0.0008630221192819945,EXP_CatBoostModel_Alpha158_csi300_custom_step0_s_20260525_18,eb2c7a21173e4be4a93d9aeafc5e88ed,0.057,,,
3041,2026-05-25,SH603369,-0.0008362206285599157,EXP_CatBoostModel_Alpha158_csi300_custom_step0_s_20260525_18,eb2c7a21173e4be4a93d9aeafc5e88ed,0.057,,,
3042,2026-05-25,SH603296,-0.0035081692941926466,EXP_CatBoostModel_Alpha158_csi300_custom_step0_s_20260525_18,eb2c7a21173e4be4a93d9aeafc5e88ed,0.057,,,
3043,2026-05-25,SH603288,-0.0008362206285599157,EXP_CatBoostModel_Alpha158_csi300_custom_step0_s_20260525_18,eb2c7a21173e4be4a93d9aeafc5e88ed,0.057,,,
3044,2026-05-25,SH603260,-0.0008630221192819945,EXP_CatBoostModel_Alpha158_csi300_custom_step0_s_20260525_18,eb2c7a21173e4be4a93d9aeafc5e88ed,0.057,,,
3045,2026-05-25,SH603259,-0.0008630221192819945,EXP_CatBoostModel_Alpha158_csi300_custom_step0_s_20260525_18,eb2c7a21173e4be4a93d9aeafc5e88ed,0.057,,,
3046,2026-05-25,SH603195,0.0014343024688522326,EXP_CatBoostModel_Alpha158_csi300_custom_step0_s_20260525_18,eb2c7a21173e4be4a93d9aeafc5e88ed,0.057,,,
3047,2026-05-25,SH603019,-0.0035081692941926466,EXP_CatBoostModel_Alpha158_csi300_custom_step0_s_20260525_18,eb2c7a21173e4be4a93d9aeafc5e88ed,0.057,,,
3048,2026-05-25,SH601998,-0.00016268852373780852,EXP_CatBoostModel_Alpha158_csi300_custom_step0_s_20260525_18,eb2c7a21173e4be4a93d9aeafc5e88ed,0.057,,,
3049,2026-05-25,SH601995,0.0015642749589001603,EXP_CatBoostModel_Alpha158_csi300_custom_step0_s_20260525_18,eb2c7a21173e4be4a93d9aeafc5e88ed,0.057,,,
3050,2026-05-25,SH601988,0.0030379662276003453,EXP_CatBoostModel_Alpha158_csi300_custom_step0_s_20260525_18,eb2c7a21173e4be4a93d9aeafc5e88ed,0.057,,,
3051,2026-05-25,SH601985,-0.00044570441193717903,EXP_CatBoostModel_Alpha158_csi300_custom_step0_s_20260525_18,eb2c7a21173e4be4a93d9aeafc5e88ed,0.057,,,
3052,2026-05-25,SH601939,0.0030379662276003453,EXP_CatBoostModel_Alpha158_csi300_custom_step0_s_20260525_18,eb2c7a21173e4be4a93d9aeafc5e88ed,0.057,,,
3053,2026-05-25,SH603893,0.0014343024688522326,EXP_CatBoostModel_Alpha158_csi300_custom_step0_s_20260525_18,eb2c7a21173e4be4a93d9aeafc5e88ed,0.057,,,
3054,2026-05-25,SZ000977,-0.0008630221192819945,EXP_CatBoostModel_Alpha158_csi300_custom_step0_s_20260525_18,eb2c7a21173e4be4a93d9aeafc5e88ed,0.057,,,
3055,2026-05-25,SH603986,-0.04889639762711272,EXP_CatBoostModel_Alpha158_csi300_custom_step0_s_20260525_18,eb2c7a21173e4be4a93d9aeafc5e88ed,0.057,,,
3056,2026-05-25,SH605117,0.0014343024688522326,EXP_CatBoostModel_Alpha158_csi300_custom_step0_s_20260525_18,eb2c7a21173e4be4a93d9aeafc5e88ed,0.057,,,
3057,2026-05-25,SH688271,0.0007659150256479637,EXP_CatBoostModel_Alpha158_csi300_custom_step0_s_20260525_18,eb2c7a21173e4be4a93d9aeafc5e88ed,0.057,,,
3058,2026-05-25,SH688256,-0.0035081692941926466,EXP_CatBoostModel_Alpha158_csi300_custom_step0_s_20260525_18,eb2c7a21173e4be4a93d9aeafc5e88ed,0.057,,,
3059,2026-05-25,SH688223,-0.0008630221192819945,EXP_CatBoostModel_Alpha158_csi300_custom_step0_s_20260525_18,eb2c7a21173e4be4a93d9aeafc5e88ed,0.057,,,
3060,2026-05-25,SH688187,0.0007659150256479637,EXP_CatBoostModel_Alpha158_csi300_custom_step0_s_20260525_18,eb2c7a21173e4be4a93d9aeafc5e88ed,0.057,,,
3061,2026-05-25,SH688169,-0.00016268852373780852,EXP_CatBoostModel_Alpha158_csi300_custom_step0_s_20260525_18,eb2c7a21173e4be4a93d9aeafc5e88ed,0.057,,,
3062,2026-05-25,SH688126,-0.003405601951160357,EXP_CatBoostModel_Alpha158_csi300_custom_step0_s_20260525_18,eb2c7a21173e4be4a93d9aeafc5e88ed,0.057,,,
3063,2026-05-25,SH688111,-0.0008362206285599157,EXP_CatBoostModel_Alpha158_csi300_custom_step0_s_20260525_18,eb2c7a21173e4be4a93d9aeafc5e88ed,0.057,,,
3064,2026-05-25,SH688082,-0.04445919266189231,EXP_CatBoostModel_Alpha158_csi300_custom_step0_s_20260525_18,eb2c7a21173e4be4a93d9aeafc5e88ed,0.057,,,
3065,2026-05-25,SH688047,-0.0035081692941926466,EXP_CatBoostModel_Alpha158_csi300_custom_step0_s_20260525_18,eb2c7a21173e4be4a93d9aeafc5e88ed,0.057,,,
3066,2026-05-25,SH688041,-0.0035081692941926466,EXP_CatBoostModel_Alpha158_csi300_custom_step0_s_20260525_18,eb2c7a21173e4be4a93d9aeafc5e88ed,0.057,,,
3067,2026-05-25,SH688036,0.0014343024688522326,EXP_CatBoostModel_Alpha158_csi300_custom_step0_s_20260525_18,eb2c7a21173e4be4a93d9aeafc5e88ed,0.057,,,
3068,2026-05-25,SH688012,-0.003405601951160357,EXP_CatBoostModel_Alpha158_csi300_custom_step0_s_20260525_18,eb2c7a21173e4be4a93d9aeafc5e88ed,0.057,,,
3069,2026-05-25,SH688009,-0.00016268852373780852,EXP_CatBoostModel_Alpha158_csi300_custom_step0_s_20260525_18,eb2c7a21173e4be4a93d9aeafc5e88ed,0.057,,,
3070,2026-05-25,SH688008,-0.008257337310901048,EXP_CatBoostModel_Alpha158_csi300_custom_step0_s_20260525_18,eb2c7a21173e4be4a93d9aeafc5e88ed,0.057,,,
3071,2026-05-25,SH605499,-0.0008362206285599157,EXP_CatBoostModel_Alpha158_csi300_custom_step0_s_20260525_18,eb2c7a21173e4be4a93d9aeafc5e88ed,0.057,,,
3072,2026-05-25,SH603993,-0.0008362206285599157,EXP_CatBoostModel_Alpha158_csi300_custom_step0_s_20260525_18,eb2c7a21173e4be4a93d9aeafc5e88ed,0.057,,,
3073,2026-05-25,SH601919,-0.00016268852373780852,EXP_CatBoostModel_Alpha158_csi300_custom_step0_s_20260525_18,eb2c7a21173e4be4a93d9aeafc5e88ed,0.057,,,
3074,2026-05-25,SZ000983,-0.0008630221192819945,EXP_CatBoostModel_Alpha158_csi300_custom_step0_s_20260525_18,eb2c7a21173e4be4a93d9aeafc5e88ed,0.057,,,
3075,2026-05-25,SZ001391,0.00047015005363294413,EXP_CatBoostModel_Alpha158_csi300_custom_step0_s_20260525_18,eb2c7a21173e4be4a93d9aeafc5e88ed,0.057,,,
3076,2026-05-25,SZ300408,-0.008257337310901048,EXP_CatBoostModel_Alpha158_csi300_custom_step0_s_20260525_18,eb2c7a21173e4be4a93d9aeafc5e88ed,0.057,,,
3077,2026-05-25,SZ300394,-0.0035081692941926466,EXP_CatBoostModel_Alpha158_csi300_custom_step0_s_20260525_18,eb2c7a21173e4be4a93d9aeafc5e88ed,0.057,,,
3078,2026-05-25,SZ300347,-0.0008362206285599157,EXP_CatBoostModel_Alpha158_csi300_custom_step0_s_20260525_18,eb2c7a21173e4be4a93d9aeafc5e88ed,0.057,,,
3079,2026-05-25,SZ300316,-0.0035081692941926466,EXP_CatBoostModel_Alpha158_csi300_custom_step0_s_20260525_18,eb2c7a21173e4be4a93d9aeafc5e88ed,0.057,,,
3080,2026-05-25,SZ300308,-0.0035081692941926466,EXP_CatBoostModel_Alpha158_csi300_custom_step0_s_20260525_18,eb2c7a21173e4be4a93d9aeafc5e88ed,0.057,,,
3081,2026-05-25,SZ300274,-0.0035081692941926466,EXP_CatBoostModel_Alpha158_csi300_custom_step0_s_20260525_18,eb2c7a21173e4be4a93d9aeafc5e88ed,0.057,,,
3082,2026-05-25,SZ300413,-0.00016268852373780852,EXP_CatBoostModel_Alpha158_csi300_custom_step0_s_20260525_18,eb2c7a21173e4be4a93d9aeafc5e88ed,0.057,,,
3083,2026-05-25,SZ300251,0.0005206120892799527,EXP_CatBoostModel_Alpha158_csi300_custom_step0_s_20260525_18,eb2c7a21173e4be4a93d9aeafc5e88ed,0.057,,,
3084,2026-05-25,SZ300122,-0.0008630221192819945,EXP_CatBoostModel_Alpha158_csi300_custom_step0_s_20260525_18,eb2c7a21173e4be4a93d9aeafc5e88ed,0.057,,,
3085,2026-05-25,SZ300059,-0.0008362206285599157,EXP_CatBoostModel_Alpha158_csi300_custom_step0_s_20260525_18,eb2c7a21173e4be4a93d9aeafc5e88ed,0.057,,,
3086,2026-05-25,SZ300033,-0.0008362206285599157,EXP_CatBoostModel_Alpha158_csi300_custom_step0_s_20260525_18,eb2c7a21173e4be4a93d9aeafc5e88ed,0.057,,,
3087,2026-05-25,SZ300015,-0.0008362206285599157,EXP_CatBoostModel_Alpha158_csi300_custom_step0_s_20260525_18,eb2c7a21173e4be4a93d9aeafc5e88ed,0.057,,,
3088,2026-05-25,SZ300014,-0.0008630221192819945,EXP_CatBoostModel_Alpha158_csi300_custom_step0_s_20260525_18,eb2c7a21173e4be4a93d9aeafc5e88ed,0.057,,,
3089,2026-05-25,SZ003816,-0.0008362206285599157,EXP_CatBoostModel_Alpha158_csi300_custom_step0_s_20260525_18,eb2c7a21173e4be4a93d9aeafc5e88ed,0.057,,,
3090,2026-05-25,SZ300124,0.0014343024688522326,EXP_CatBoostModel_Alpha158_csi300_custom_step0_s_20260525_18,eb2c7a21173e4be4a93d9aeafc5e88ed,0.057,,,
3091,2026-05-25,SZ300418,-0.0008362206285599157,EXP_CatBoostModel_Alpha158_csi300_custom_step0_s_20260525_18,eb2c7a21173e4be4a93d9aeafc5e88ed,0.057,,,
3092,2026-05-25,SZ300433,-0.04445919266189231,EXP_CatBoostModel_Alpha158_csi300_custom_step0_s_20260525_18,eb2c7a21173e4be4a93d9aeafc5e88ed,0.057,,,
3093,2026-05-25,SZ300442,-0.0008362206285599157,EXP_CatBoostModel_Alpha158_csi300_custom_step0_s_20260525_18,eb2c7a21173e4be4a93d9aeafc5e88ed,0.057,,,
3094,2026-05-25,SZ300999,-0.00016268852373780852,EXP_CatBoostModel_Alpha158_csi300_custom_step0_s_20260525_18,eb2c7a21173e4be4a93d9aeafc5e88ed,0.057,,,
3095,2026-05-25,SZ300979,-0.00016268852373780852,EXP_CatBoostModel_Alpha158_csi300_custom_step0_s_20260525_18,eb2c7a21173e4be4a93d9aeafc5e88ed,0.057,,,
3096,2026-05-25,SZ300896,-0.0008630221192819945,EXP_CatBoostModel_Alpha158_csi300_custom_step0_s_20260525_18,eb2c7a21173e4be4a93d9aeafc5e88ed,0.057,,,
3097,2026-05-25,SZ300866,-0.00016268852373780852,EXP_CatBoostModel_Alpha158_csi300_custom_step0_s_20260525_18,eb2c7a21173e4be4a93d9aeafc5e88ed,0.057,,,
3098,2026-05-25,SZ300832,-0.00016268852373780852,EXP_CatBoostModel_Alpha158_csi300_custom_step0_s_20260525_18,eb2c7a21173e4be4a93d9aeafc5e88ed,0.057,,,
3099,2026-05-25,SZ300803,-0.0008362206285599157,EXP_CatBoostModel_Alpha158_csi300_custom_step0_s_20260525_18,eb2c7a21173e4be4a93d9aeafc5e88ed,0.057,,,
3100,2026-05-25,SZ300782,0.00251244275647189,EXP_CatBoostModel_Alpha158_csi300_custom_step0_s_20260525_18,eb2c7a21173e4be4a93d9aeafc5e88ed,0.057,,,
3101,2026-05-25,SZ300760,-0.0008362206285599157,EXP_CatBoostModel_Alpha158_csi300_custom_step0_s_20260525_18,eb2c7a21173e4be4a93d9aeafc5e88ed,0.057,,,
3102,2026-05-25,SZ300759,-0.00016268852373780852,EXP_CatBoostModel_Alpha158_csi300_custom_step0_s_20260525_18,eb2c7a21173e4be4a93d9aeafc5e88ed,0.057,,,
3103,2026-05-25,SZ300750,-0.0008630221192819945,EXP_CatBoostModel_Alpha158_csi300_custom_step0_s_20260525_18,eb2c7a21173e4be4a93d9aeafc5e88ed,0.057,,,
3104,2026-05-25,SZ300661,-0.0035081692941926466,EXP_CatBoostModel_Alpha158_csi300_custom_step0_s_20260525_18,eb2c7a21173e4be4a93d9aeafc5e88ed,0.057,,,
3105,2026-05-25,SZ300628,0.0014343024688522326,EXP_CatBoostModel_Alpha158_csi300_custom_step0_s_20260525_18,eb2c7a21173e4be4a93d9aeafc5e88ed,0.057,,,
3106,2026-05-25,SZ300502,-0.0035081692941926466,EXP_CatBoostModel_Alpha158_csi300_custom_step0_s_20260525_18,eb2c7a21173e4be4a93d9aeafc5e88ed,0.057,,,
3107,2026-05-25,SZ300498,-0.0008362206285599157,EXP_CatBoostModel_Alpha158_csi300_custom_step0_s_20260525_18,eb2c7a21173e4be4a93d9aeafc5e88ed,0.057,,,
3108,2026-05-25,SZ300476,0.0014343024688522326,EXP_CatBoostModel_Alpha158_csi300_custom_step0_s_20260525_18,eb2c7a21173e4be4a93d9aeafc5e88ed,0.057,,,
3109,2026-05-25,SZ002938,-0.010155839695922,EXP_CatBoostModel_Alpha158_csi300_custom_step0_s_20260525_18,eb2c7a21173e4be4a93d9aeafc5e88ed,0.057,,,
3110,2026-05-25,SZ002920,0.0007659150256479637,EXP_CatBoostModel_Alpha158_csi300_custom_step0_s_20260525_18,eb2c7a21173e4be4a93d9aeafc5e88ed,0.057,,,
3111,2026-05-25,SZ002916,0.0014343024688522326,EXP_CatBoostModel_Alpha158_csi300_custom_step0_s_20260525_18,eb2c7a21173e4be4a93d9aeafc5e88ed,0.057,,,
3112,2026-05-25,SZ002736,-0.00016268852373780852,EXP_CatBoostModel_Alpha158_csi300_custom_step0_s_20260525_18,eb2c7a21173e4be4a93d9aeafc5e88ed,0.057,,,
3113,2026-05-25,SZ002304,0.0007659150256479637,EXP_CatBoostModel_Alpha158_csi300_custom_step0_s_20260525_18,eb2c7a21173e4be4a93d9aeafc5e88ed,0.057,,,
3114,2026-05-25,SZ002252,-0.00016268852373780852,EXP_CatBoostModel_Alpha158_csi300_custom_step0_s_20260525_18,eb2c7a21173e4be4a93d9aeafc5e88ed,0.057,,,
3115,2026-05-25,SZ002241,0.0014343024688522326,EXP_CatBoostModel_Alpha158_csi300_custom_step0_s_20260525_18,eb2c7a21173e4be4a93d9aeafc5e88ed,0.057,,,
3116,2026-05-25,SZ002236,-0.0008362206285599157,EXP_CatBoostModel_Alpha158_csi300_custom_step0_s_20260525_18,eb2c7a21173e4be4a93d9aeafc5e88ed,0.057,,,
3117,2026-05-25,SZ002230,0.002550355680179219,EXP_CatBoostModel_Alpha158_csi300_custom_step0_s_20260525_18,eb2c7a21173e4be4a93d9aeafc5e88ed,0.057,,,
3118,2026-05-25,SZ002179,0.0014343024688522326,EXP_CatBoostModel_Alpha158_csi300_custom_step0_s_20260525_18,eb2c7a21173e4be4a93d9aeafc5e88ed,0.057,,,
3119,2026-05-25,SZ002142,-0.0008630221192819945,EXP_CatBoostModel_Alpha158_csi300_custom_step0_s_20260525_18,eb2c7a21173e4be4a93d9aeafc5e88ed,0.057,,,
3120,2026-05-25,SZ002074,-0.00016268852373780852,EXP_CatBoostModel_Alpha158_csi300_custom_step0_s_20260525_18,eb2c7a21173e4be4a93d9aeafc5e88ed,0.057,,,
3121,2026-05-25,SZ002050,0.0014343024688522326,EXP_CatBoostModel_Alpha158_csi300_custom_step0_s_20260525_18,eb2c7a21173e4be4a93d9aeafc5e88ed,0.057,,,
3122,2026-05-25,SZ002049,0.0007659150256479637,EXP_CatBoostModel_Alpha158_csi300_custom_step0_s_20260525_18,eb2c7a21173e4be4a93d9aeafc5e88ed,0.057,,,
3123,2026-05-25,SZ002028,-0.0008362206285599157,EXP_CatBoostModel_Alpha158_csi300_custom_step0_s_20260525_18,eb2c7a21173e4be4a93d9aeafc5e88ed,0.057,,,
3124,2026-05-25,SZ002027,-0.00016268852373780852,EXP_CatBoostModel_Alpha158_csi300_custom_step0_s_20260525_18,eb2c7a21173e4be4a93d9aeafc5e88ed,0.057,,,
3125,2026-05-25,SZ002001,-0.00016268852373780852,EXP_CatBoostModel_Alpha158_csi300_custom_step0_s_20260525_18,eb2c7a21173e4be4a93d9aeafc5e88ed,0.057,,,
3126,2026-05-25,SZ001979,-0.0008362206285599157,EXP_CatBoostModel_Alpha158_csi300_custom_step0_s_20260525_18,eb2c7a21173e4be4a93d9aeafc5e88ed,0.057,,,
3127,2026-05-25,SZ001965,-0.0035081692941926466,EXP_CatBoostModel_Alpha158_csi300_custom_step0_s_20260525_18,eb2c7a21173e4be4a93d9aeafc5e88ed,0.057,,,
3128,2026-05-25,SZ002311,-0.00016268852373780852,EXP_CatBoostModel_Alpha158_csi300_custom_step0_s_20260525_18,eb2c7a21173e4be4a93d9aeafc5e88ed,0.057,,,
3129,2026-05-25,SZ000999,-0.00016268852373780852,EXP_CatBoostModel_Alpha158_csi300_custom_step0_s_20260525_18,eb2c7a21173e4be4a93d9aeafc5e88ed,0.057,,,
3130,2026-05-25,SZ002352,0.002550355680179219,EXP_CatBoostModel_Alpha158_csi300_custom_step0_s_20260525_18,eb2c7a21173e4be4a93d9aeafc5e88ed,0.057,,,
3131,2026-05-25,SZ002384,-0.0035081692941926466,EXP_CatBoostModel_Alpha158_csi300_custom_step0_s_20260525_18,eb2c7a21173e4be4a93d9aeafc5e88ed,0.057,,,
3132,2026-05-25,SZ002714,-0.00016268852373780852,EXP_CatBoostModel_Alpha158_csi300_custom_step0_s_20260525_18,eb2c7a21173e4be4a93d9aeafc5e88ed,0.057,,,
3133,2026-05-25,SZ002709,0.00251244275647189,EXP_CatBoostModel_Alpha158_csi300_custom_step0_s_20260525_18,eb2c7a21173e4be4a93d9aeafc5e88ed,0.057,,,
3134,2026-05-25,SZ002648,-0.0008630221192819945,EXP_CatBoostModel_Alpha158_csi300_custom_step0_s_20260525_18,eb2c7a21173e4be4a93d9aeafc5e88ed,0.057,,,
3135,2026-05-25,SZ002625,0.0007659150256479637,EXP_CatBoostModel_Alpha158_csi300_custom_step0_s_20260525_18,eb2c7a21173e4be4a93d9aeafc5e88ed,0.057,,,
3136,2026-05-25,SZ002601,-0.00016268852373780852,EXP_CatBoostModel_Alpha158_csi300_custom_step0_s_20260525_18,eb2c7a21173e4be4a93d9aeafc5e88ed,0.057,,,
3137,2026-05-25,SZ002600,-0.00016268852373780852,EXP_CatBoostModel_Alpha158_csi300_custom_step0_s_20260525_18,eb2c7a21173e4be4a93d9aeafc5e88ed,0.057,,,
3138,2026-05-25,SZ002594,-0.0008362206285599157,EXP_CatBoostModel_Alpha158_csi300_custom_step0_s_20260525_18,eb2c7a21173e4be4a93d9aeafc5e88ed,0.057,,,
3139,2026-05-25,SZ002493,-0.0008630221192819945,EXP_CatBoostModel_Alpha158_csi300_custom_step0_s_20260525_18,eb2c7a21173e4be4a93d9aeafc5e88ed,0.057,,,
3140,2026-05-25,SZ002475,-0.0035081692941926466,EXP_CatBoostModel_Alpha158_csi300_custom_step0_s_20260525_18,eb2c7a21173e4be4a93d9aeafc5e88ed,0.057,,,
3141,2026-05-25,SZ002466,-0.0008630221192819945,EXP_CatBoostModel_Alpha158_csi300_custom_step0_s_20260525_18,eb2c7a21173e4be4a93d9aeafc5e88ed,0.057,,,
3142,2026-05-25,SZ002463,-0.0035081692941926466,EXP_CatBoostModel_Alpha158_csi300_custom_step0_s_20260525_18,eb2c7a21173e4be4a93d9aeafc5e88ed,0.057,,,
3143,2026-05-25,SZ002460,-0.0008630221192819945,EXP_CatBoostModel_Alpha158_csi300_custom_step0_s_20260525_18,eb2c7a21173e4be4a93d9aeafc5e88ed,0.057,,,
3144,2026-05-25,SZ002459,-0.00016268852373780852,EXP_CatBoostModel_Alpha158_csi300_custom_step0_s_20260525_18,eb2c7a21173e4be4a93d9aeafc5e88ed,0.057,,,
3145,2026-05-25,SZ002422,-0.0008630221192819945,EXP_CatBoostModel_Alpha158_csi300_custom_step0_s_20260525_18,eb2c7a21173e4be4a93d9aeafc5e88ed,0.057,,,
3146,2026-05-25,SZ002415,-0.0008362206285599157,EXP_CatBoostModel_Alpha158_csi300_custom_step0_s_20260525_18,eb2c7a21173e4be4a93d9aeafc5e88ed,0.057,,,
3147,2026-05-25,SZ002371,-0.003405601951160357,EXP_CatBoostModel_Alpha158_csi300_custom_step0_s_20260525_18,eb2c7a21173e4be4a93d9aeafc5e88ed,0.057,,,
3148,2026-05-25,SZ301236,-0.0008362206285599157,EXP_CatBoostModel_Alpha158_csi300_custom_step0_s_20260525_18,eb2c7a21173e4be4a93d9aeafc5e88ed,0.057,,,
3149,2026-05-25,SH601916,0.009379230416520053,EXP_CatBoostModel_Alpha158_csi300_custom_step0_s_20260525_18,eb2c7a21173e4be4a93d9aeafc5e88ed,0.057,,,
3150,2026-05-25,SH601899,-0.00016268852373780852,EXP_CatBoostModel_Alpha158_csi300_custom_step0_s_20260525_18,eb2c7a21173e4be4a93d9aeafc5e88ed,0.057,,,
3151,2026-05-25,SH600522,-0.006492007446964984,EXP_CatBoostModel_Alpha158_csi300_custom_step0_s_20260525_18,eb2c7a21173e4be4a93d9aeafc5e88ed,0.057,,,
3152,2026-05-25,SH600519,-0.00016268852373780852,EXP_CatBoostModel_Alpha158_csi300_custom_step0_s_20260525_18,eb2c7a21173e4be4a93d9aeafc5e88ed,0.057,,,
3153,2026-05-25,SH600515,-0.0008362206285599157,EXP_CatBoostModel_Alpha158_csi300_custom_step0_s_20260525_18,eb2c7a21173e4be4a93d9aeafc5e88ed,0.057,,,
3154,2026-05-25,SH600489,-0.00016268852373780852,EXP_CatBoostModel_Alpha158_csi300_custom_step0_s_20260525_18,eb2c7a21173e4be4a93d9aeafc5e88ed,0.057,,,
3155,2026-05-25,SH600482,-0.0008362206285599157,EXP_CatBoostModel_Alpha158_csi300_custom_step0_s_20260525_18,eb2c7a21173e4be4a93d9aeafc5e88ed,0.057,,,
3156,2026-05-25,SH600460,0.0007659150256479637,EXP_CatBoostModel_Alpha158_csi300_custom_step0_s_20260525_18,eb2c7a21173e4be4a93d9aeafc5e88ed,0.057,,,
3157,2026-05-25,SH600547,0.0005206120892799527,EXP_CatBoostModel_Alpha158_csi300_custom_step0_s_20260525_18,eb2c7a21173e4be4a93d9aeafc5e88ed,0.057,,,
3158,2026-05-25,SH600438,-0.0008630221192819945,EXP_CatBoostModel_Alpha158_csi300_custom_step0_s_20260525_18,eb2c7a21173e4be4a93d9aeafc5e88ed,0.057,,,
3159,2026-05-25,SH600426,-0.00016268852373780852,EXP_CatBoostModel_Alpha158_csi300_custom_step0_s_20260525_18,eb2c7a21173e4be4a93d9aeafc5e88ed,0.057,,,
3160,2026-05-25,SH600415,-0.0008362206285599157,EXP_CatBoostModel_Alpha158_csi300_custom_step0_s_20260525_18,eb2c7a21173e4be4a93d9aeafc5e88ed,0.057,,,
3161,2026-05-25,SH600406,-0.00044570441193717903,EXP_CatBoostModel_Alpha158_csi300_custom_step0_s_20260525_18,eb2c7a21173e4be4a93d9aeafc5e88ed,0.057,,,
3162,2026-05-25,SH600377,-0.0008362206285599157,EXP_CatBoostModel_Alpha158_csi300_custom_step0_s_20260525_18,eb2c7a21173e4be4a93d9aeafc5e88ed,0.057,,,
3163,2026-05-25,SH600372,-0.0008362206285599157,EXP_CatBoostModel_Alpha158_csi300_custom_step0_s_20260525_18,eb2c7a21173e4be4a93d9aeafc5e88ed,0.057,,,
3164,2026-05-25,SH600362,-0.0008630221192819945,EXP_CatBoostModel_Alpha158_csi300_custom_step0_s_20260525_18,eb2c7a21173e4be4a93d9aeafc5e88ed,0.057,,,
3165,2026-05-25,SH600436,-0.00016268852373780852,EXP_CatBoostModel_Alpha158_csi300_custom_step0_s_20260525_18,eb2c7a21173e4be4a93d9aeafc5e88ed,0.057,,,
3166,2026-05-25,SH600570,-0.00044570441193717903,EXP_CatBoostModel_Alpha158_csi300_custom_step0_s_20260525_18,eb2c7a21173e4be4a93d9aeafc5e88ed,0.057,,,
3167,2026-05-25,SH600584,-0.04445919266189231,EXP_CatBoostModel_Alpha158_csi300_custom_step0_s_20260525_18,eb2c7a21173e4be4a93d9aeafc5e88ed,0.057,,,
3168,2026-05-25,SH600585,-0.00016268852373780852,EXP_CatBoostModel_Alpha158_csi300_custom_step0_s_20260525_18,eb2c7a21173e4be4a93d9aeafc5e88ed,0.057,,,
3169,2026-05-25,SH600893,-0.00016268852373780852,EXP_CatBoostModel_Alpha158_csi300_custom_step0_s_20260525_18,eb2c7a21173e4be4a93d9aeafc5e88ed,0.057,,,
3170,2026-05-25,SH600887,0.001845962990575807,EXP_CatBoostModel_Alpha158_csi300_custom_step0_s_20260525_18,eb2c7a21173e4be4a93d9aeafc5e88ed,0.057,,,
3171,2026-05-25,SH600886,0.0015642749589001603,EXP_CatBoostModel_Alpha158_csi300_custom_step0_s_20260525_18,eb2c7a21173e4be4a93d9aeafc5e88ed,0.057,,,
3172,2026-05-25,SH600875,-0.0008362206285599157,EXP_CatBoostModel_Alpha158_csi300_custom_step0_s_20260525_18,eb2c7a21173e4be4a93d9aeafc5e88ed,0.057,,,
3173,2026-05-25,SH600845,-0.0008630221192819945,EXP_CatBoostModel_Alpha158_csi300_custom_step0_s_20260525_18,eb2c7a21173e4be4a93d9aeafc5e88ed,0.057,,,
3174,2026-05-25,SH600809,-0.0008362206285599157,EXP_CatBoostModel_Alpha158_csi300_custom_step0_s_20260525_18,eb2c7a21173e4be4a93d9aeafc5e88ed,0.057,,,
3175,2026-05-25,SH600803,-0.0008630221192819945,EXP_CatBoostModel_Alpha158_csi300_custom_step0_s_20260525_18,eb2c7a21173e4be4a93d9aeafc5e88ed,0.057,,,
3176,2026-05-25,SH600795,-0.006217292300580879,EXP_CatBoostModel_Alpha158_csi300_custom_step0_s_20260525_18,eb2c7a21173e4be4a93d9aeafc5e88ed,0.057,,,
3177,2026-05-25,SH600760,-0.00016268852373780852,EXP_CatBoostModel_Alpha158_csi300_custom_step0_s_20260525_18,eb2c7a21173e4be4a93d9aeafc5e88ed,0.057,,,
3178,2026-05-25,SH600741,-0.00016268852373780852,EXP_CatBoostModel_Alpha158_csi300_custom_step0_s_20260525_18,eb2c7a21173e4be4a93d9aeafc5e88ed,0.057,,,
3179,2026-05-25,SH600690,-0.00044570441193717903,EXP_CatBoostModel_Alpha158_csi300_custom_step0_s_20260525_18,eb2c7a21173e4be4a93d9aeafc5e88ed,0.057,,,
3180,2026-05-25,SH600674,-0.00044570441193717903,EXP_CatBoostModel_Alpha158_csi300_custom_step0_s_20260525_18,eb2c7a21173e4be4a93d9aeafc5e88ed,0.057,,,
3181,2026-05-25,SH600660,-0.0008630221192819945,EXP_CatBoostModel_Alpha158_csi300_custom_step0_s_20260525_18,eb2c7a21173e4be4a93d9aeafc5e88ed,0.057,,,
3182,2026-05-25,SH600600,-0.0003897818610355087,EXP_CatBoostModel_Alpha158_csi300_custom_step0_s_20260525_18,eb2c7a21173e4be4a93d9aeafc5e88ed,0.057,,,
3183,2026-05-25,SH600588,-0.00016268852373780852,EXP_CatBoostModel_Alpha158_csi300_custom_step0_s_20260525_18,eb2c7a21173e4be4a93d9aeafc5e88ed,0.057,,,
3184,2026-05-25,SH600346,0.0005206120892799527,EXP_CatBoostModel_Alpha158_csi300_custom_step0_s_20260525_18,eb2c7a21173e4be4a93d9aeafc5e88ed,0.057,,,
3185,2026-05-25,SH600309,-0.00016268852373780852,EXP_CatBoostModel_Alpha158_csi300_custom_step0_s_20260525_18,eb2c7a21173e4be4a93d9aeafc5e88ed,0.057,,,
3186,2026-05-25,SH600276,-0.00016268852373780852,EXP_CatBoostModel_Alpha158_csi300_custom_step0_s_20260525_18,eb2c7a21173e4be4a93d9aeafc5e88ed,0.057,,,
3187,2026-05-25,SH600233,-0.0008630221192819945,EXP_CatBoostModel_Alpha158_csi300_custom_step0_s_20260525_18,eb2c7a21173e4be4a93d9aeafc5e88ed,0.057,,,
3188,2026-05-25,SH600031,-0.0008630221192819945,EXP_CatBoostModel_Alpha158_csi300_custom_step0_s_20260525_18,eb2c7a21173e4be4a93d9aeafc5e88ed,0.057,,,
3189,2026-05-25,SH600030,-0.0008362206285599157,EXP_CatBoostModel_Alpha158_csi300_custom_step0_s_20260525_18,eb2c7a21173e4be4a93d9aeafc5e88ed,0.057,,,
3190,2026-05-25,SH600029,0.0007659150256479637,EXP_CatBoostModel_Alpha158_csi300_custom_step0_s_20260525_18,eb2c7a21173e4be4a93d9aeafc5e88ed,0.057,,,
3191,2026-05-25,SH600028,-0.00016268852373780852,EXP_CatBoostModel_Alpha158_csi300_custom_step0_s_20260525_18,eb2c7a21173e4be4a93d9aeafc5e88ed,0.057,,,
3192,2026-05-25,SH600027,-0.0008362206285599157,EXP_CatBoostModel_Alpha158_csi300_custom_step0_s_20260525_18,eb2c7a21173e4be4a93d9aeafc5e88ed,0.057,,,
3193,2026-05-25,SH600026,-0.0008630221192819945,EXP_CatBoostModel_Alpha158_csi300_custom_step0_s_20260525_18,eb2c7a21173e4be4a93d9aeafc5e88ed,0.057,,,
3194,2026-05-25,SH600025,-0.006217292300580879,EXP_CatBoostModel_Alpha158_csi300_custom_step0_s_20260525_18,eb2c7a21173e4be4a93d9aeafc5e88ed,0.057,,,
3195,2026-05-25,SH600023,-0.0008362206285599157,EXP_CatBoostModel_Alpha158_csi300_custom_step0_s_20260525_18,eb2c7a21173e4be4a93d9aeafc5e88ed,0.057,,,
3196,2026-05-25,SH600019,-0.0008362206285599157,EXP_CatBoostModel_Alpha158_csi300_custom_step0_s_20260525_18,eb2c7a21173e4be4a93d9aeafc5e88ed,0.057,,,
3197,2026-05-25,SH600018,0.0015497945945873804,EXP_CatBoostModel_Alpha158_csi300_custom_step0_s_20260525_18,eb2c7a21173e4be4a93d9aeafc5e88ed,0.057,,,
3198,2026-05-25,SH600016,0.0012892918247001685,EXP_CatBoostModel_Alpha158_csi300_custom_step0_s_20260525_18,eb2c7a21173e4be4a93d9aeafc5e88ed,0.057,,,
3199,2026-05-25,SH600015,-0.00016268852373780852,EXP_CatBoostModel_Alpha158_csi300_custom_step0_s_20260525_18,eb2c7a21173e4be4a93d9aeafc5e88ed,0.057,,,
3200,2026-05-25,SH600011,-0.0008362206285599157,EXP_CatBoostModel_Alpha158_csi300_custom_step0_s_20260525_18,eb2c7a21173e4be4a93d9aeafc5e88ed,0.057,,,
3201,2026-05-25,SH600010,-0.00016268852373780852,EXP_CatBoostModel_Alpha158_csi300_custom_step0_s_20260525_18,eb2c7a21173e4be4a93d9aeafc5e88ed,0.057,,,
3202,2026-05-25,SH600009,-0.00016268852373780852,EXP_CatBoostModel_Alpha158_csi300_custom_step0_s_20260525_18,eb2c7a21173e4be4a93d9aeafc5e88ed,0.057,,,
3203,2026-05-25,SH600036,0.0014343024688522326,EXP_CatBoostModel_Alpha158_csi300_custom_step0_s_20260525_18,eb2c7a21173e4be4a93d9aeafc5e88ed,0.057,,,
3204,2026-05-25,SH600900,-0.0003897818610355087,EXP_CatBoostModel_Alpha158_csi300_custom_step0_s_20260525_18,eb2c7a21173e4be4a93d9aeafc5e88ed,0.057,,,
3205,2026-05-25,SH600039,-0.0008362206285599157,EXP_CatBoostModel_Alpha158_csi300_custom_step0_s_20260525_18,eb2c7a21173e4be4a93d9aeafc5e88ed,0.057,,,
3206,2026-05-25,SH600050,-0.0008630221192819945,EXP_CatBoostModel_Alpha158_csi300_custom_step0_s_20260525_18,eb2c7a21173e4be4a93d9aeafc5e88ed,0.057,,,
3207,2026-05-25,SH600219,-0.00016268852373780852,EXP_CatBoostModel_Alpha158_csi300_custom_step0_s_20260525_18,eb2c7a21173e4be4a93d9aeafc5e88ed,0.057,,,
3208,2026-05-25,SH600196,-0.00016268852373780852,EXP_CatBoostModel_Alpha158_csi300_custom_step0_s_20260525_18,eb2c7a21173e4be4a93d9aeafc5e88ed,0.057,,,
3209,2026-05-25,SH600188,-0.0008630221192819945,EXP_CatBoostModel_Alpha158_csi300_custom_step0_s_20260525_18,eb2c7a21173e4be4a93d9aeafc5e88ed,0.057,,,
3210,2026-05-25,SH600183,-0.010155839695922,EXP_CatBoostModel_Alpha158_csi300_custom_step0_s_20260525_18,eb2c7a21173e4be4a93d9aeafc5e88ed,0.057,,,
3211,2026-05-25,SH600176,-0.0035081692941926466,EXP_CatBoostModel_Alpha158_csi300_custom_step0_s_20260525_18,eb2c7a21173e4be4a93d9aeafc5e88ed,0.057,,,
3212,2026-05-25,SH600161,-0.0008362206285599157,EXP_CatBoostModel_Alpha158_csi300_custom_step0_s_20260525_18,eb2c7a21173e4be4a93d9aeafc5e88ed,0.057,,,
3213,2026-05-25,SH600160,-0.0008630221192819945,EXP_CatBoostModel_Alpha158_csi300_custom_step0_s_20260525_18,eb2c7a21173e4be4a93d9aeafc5e88ed,0.057,,,
3214,2026-05-25,SH600150,-0.00016268852373780852,EXP_CatBoostModel_Alpha158_csi300_custom_step0_s_20260525_18,eb2c7a21173e4be4a93d9aeafc5e88ed,0.057,,,
3215,2026-05-25,SH600115,0.0007659150256479637,EXP_CatBoostModel_Alpha158_csi300_custom_step0_s_20260525_18,eb2c7a21173e4be4a93d9aeafc5e88ed,0.057,,,
3216,2026-05-25,SH600111,-0.0008630221192819945,EXP_CatBoostModel_Alpha158_csi300_custom_step0_s_20260525_18,eb2c7a21173e4be4a93d9aeafc5e88ed,0.057,,,
3217,2026-05-25,SH600104,-0.00016268852373780852,EXP_CatBoostModel_Alpha158_csi300_custom_step0_s_20260525_18,eb2c7a21173e4be4a93d9aeafc5e88ed,0.057,,,
3218,2026-05-25,SH600089,-0.0008362206285599157,EXP_CatBoostModel_Alpha158_csi300_custom_step0_s_20260525_18,eb2c7a21173e4be4a93d9aeafc5e88ed,0.057,,,
3219,2026-05-25,SH600085,-0.00016268852373780852,EXP_CatBoostModel_Alpha158_csi300_custom_step0_s_20260525_18,eb2c7a21173e4be4a93d9aeafc5e88ed,0.057,,,
3220,2026-05-25,SH600066,-0.0008362206285599157,EXP_CatBoostModel_Alpha158_csi300_custom_step0_s_20260525_18,eb2c7a21173e4be4a93d9aeafc5e88ed,0.057,,,
3221,2026-05-25,SH600061,-0.0008362206285599157,EXP_CatBoostModel_Alpha158_csi300_custom_step0_s_20260525_18,eb2c7a21173e4be4a93d9aeafc5e88ed,0.057,,,
3222,2026-05-25,SH600048,-0.0008362206285599157,EXP_CatBoostModel_Alpha158_csi300_custom_step0_s_20260525_18,eb2c7a21173e4be4a93d9aeafc5e88ed,0.057,,,
3223,2026-05-25,SH601901,0.002550355680179219,EXP_CatBoostModel_Alpha158_csi300_custom_step0_s_20260525_18,eb2c7a21173e4be4a93d9aeafc5e88ed,0.057,,,
3224,2026-05-25,SH600905,-0.0003897818610355087,EXP_CatBoostModel_Alpha158_csi300_custom_step0_s_20260525_18,eb2c7a21173e4be4a93d9aeafc5e88ed,0.057,,,
3225,2026-05-25,SH600919,0.002550355680179219,EXP_CatBoostModel_Alpha158_csi300_custom_step0_s_20260525_18,eb2c7a21173e4be4a93d9aeafc5e88ed,0.057,,,
3226,2026-05-25,SH601688,-0.00044570441193717903,EXP_CatBoostModel_Alpha158_csi300_custom_step0_s_20260525_18,eb2c7a21173e4be4a93d9aeafc5e88ed,0.057,,,
3227,2026-05-25,SH601669,-0.0008630221192819945,EXP_CatBoostModel_Alpha158_csi300_custom_step0_s_20260525_18,eb2c7a21173e4be4a93d9aeafc5e88ed,0.057,,,
3228,2026-05-25,SH601668,-0.0003897818610355087,EXP_CatBoostModel_Alpha158_csi300_custom_step0_s_20260525_18,eb2c7a21173e4be4a93d9aeafc5e88ed,0.057,,,
3229,2026-05-25,SH601658,0.0012892918247001685,EXP_CatBoostModel_Alpha158_csi300_custom_step0_s_20260525_18,eb2c7a21173e4be4a93d9aeafc5e88ed,0.057,,,
3230,2026-05-25,SH601633,-0.00016268852373780852,EXP_CatBoostModel_Alpha158_csi300_custom_step0_s_20260525_18,eb2c7a21173e4be4a93d9aeafc5e88ed,0.057,,,
3231,2026-05-25,SH601628,-0.00016268852373780852,EXP_CatBoostModel_Alpha158_csi300_custom_step0_s_20260525_18,eb2c7a21173e4be4a93d9aeafc5e88ed,0.057,,,
3232,2026-05-25,SH601689,0.0014343024688522326,EXP_CatBoostModel_Alpha158_csi300_custom_step0_s_20260525_18,eb2c7a21173e4be4a93d9aeafc5e88ed,0.057,,,
3233,2026-05-25,SH601618,-0.00044570441193717903,EXP_CatBoostModel_Alpha158_csi300_custom_step0_s_20260525_18,eb2c7a21173e4be4a93d9aeafc5e88ed,0.057,,,
3234,2026-05-25,SH601601,-0.0008362206285599157,EXP_CatBoostModel_Alpha158_csi300_custom_step0_s_20260525_18,eb2c7a21173e4be4a93d9aeafc5e88ed,0.057,,,
3235,2026-05-25,SH601600,-0.00016268852373780852,EXP_CatBoostModel_Alpha158_csi300_custom_step0_s_20260525_18,eb2c7a21173e4be4a93d9aeafc5e88ed,0.057,,,
3236,2026-05-25,SH601456,-0.00044570441193717903,EXP_CatBoostModel_Alpha158_csi300_custom_step0_s_20260525_18,eb2c7a21173e4be4a93d9aeafc5e88ed,0.057,,,
3237,2026-05-25,SH601398,0.002550355680179219,EXP_CatBoostModel_Alpha158_csi300_custom_step0_s_20260525_18,eb2c7a21173e4be4a93d9aeafc5e88ed,0.057,,,
3238,2026-05-25,SH601390,-0.00016268852373780852,EXP_CatBoostModel_Alpha158_csi300_custom_step0_s_20260525_18,eb2c7a21173e4be4a93d9aeafc5e88ed,0.057,,,
3239,2026-05-25,SH601377,-0.00044570441193717903,EXP_CatBoostModel_Alpha158_csi300_custom_step0_s_20260525_18,eb2c7a21173e4be4a93d9aeafc5e88ed,0.057,,,
3240,2026-05-25,SH601607,-0.0003897818610355087,EXP_CatBoostModel_Alpha158_csi300_custom_step0_s_20260525_18,eb2c7a21173e4be4a93d9aeafc5e88ed,0.057,,,
3241,2026-05-25,SH601698,-0.0008630221192819945,EXP_CatBoostModel_Alpha158_csi300_custom_step0_s_20260525_18,eb2c7a21173e4be4a93d9aeafc5e88ed,0.057,,,
3242,2026-05-25,SH601728,-0.00016268852373780852,EXP_CatBoostModel_Alpha158_csi300_custom_step0_s_20260525_18,eb2c7a21173e4be4a93d9aeafc5e88ed,0.057,,,
3243,2026-05-25,SH601766,-0.00016268852373780852,EXP_CatBoostModel_Alpha158_csi300_custom_step0_s_20260525_18,eb2c7a21173e4be4a93d9aeafc5e88ed,0.057,,,
3244,2026-05-25,SH601898,-0.0008630221192819945,EXP_CatBoostModel_Alpha158_csi300_custom_step0_s_20260525_18,eb2c7a21173e4be4a93d9aeafc5e88ed,0.057,,,
3245,2026-05-25,SH601888,-0.0008362206285599157,EXP_CatBoostModel_Alpha158_csi300_custom_step0_s_20260525_18,eb2c7a21173e4be4a93d9aeafc5e88ed,0.057,,,
3246,2026-05-25,SH601881,-0.00044570441193717903,EXP_CatBoostModel_Alpha158_csi300_custom_step0_s_20260525_18,eb2c7a21173e4be4a93d9aeafc5e88ed,0.057,,,
3247,2026-05-25,SH601878,-0.00044570441193717903,EXP_CatBoostModel_Alpha158_csi300_custom_step0_s_20260525_18,eb2c7a21173e4be4a93d9aeafc5e88ed,0.057,,,
3248,2026-05-25,SH601877,-0.0008630221192819945,EXP_CatBoostModel_Alpha158_csi300_custom_step0_s_20260525_18,eb2c7a21173e4be4a93d9aeafc5e88ed,0.057,,,
3249,2026-05-25,SH601872,-0.0008630221192819945,EXP_CatBoostModel_Alpha158_csi300_custom_step0_s_20260525_18,eb2c7a21173e4be4a93d9aeafc5e88ed,0.057,,,
3250,2026-05-25,SH601868,-0.0008362206285599157,EXP_CatBoostModel_Alpha158_csi300_custom_step0_s_20260525_18,eb2c7a21173e4be4a93d9aeafc5e88ed,0.057,,,
3251,2026-05-25,SH601857,-0.0008630221192819945,EXP_CatBoostModel_Alpha158_csi300_custom_step0_s_20260525_18,eb2c7a21173e4be4a93d9aeafc5e88ed,0.057,,,
3252,2026-05-25,SH601838,0.0014343024688522326,EXP_CatBoostModel_Alpha158_csi300_custom_step0_s_20260525_18,eb2c7a21173e4be4a93d9aeafc5e88ed,0.057,,,
3253,2026-05-25,SH601825,0.0014343024688522326,EXP_CatBoostModel_Alpha158_csi300_custom_step0_s_20260525_18,eb2c7a21173e4be4a93d9aeafc5e88ed,0.057,,,
3254,2026-05-25,SH601818,0.0012892918247001685,EXP_CatBoostModel_Alpha158_csi300_custom_step0_s_20260525_18,eb2c7a21173e4be4a93d9aeafc5e88ed,0.057,,,
3255,2026-05-25,SH601816,-0.0003897818610355087,EXP_CatBoostModel_Alpha158_csi300_custom_step0_s_20260525_18,eb2c7a21173e4be4a93d9aeafc5e88ed,0.057,,,
3256,2026-05-25,SH601808,-0.00016268852373780852,EXP_CatBoostModel_Alpha158_csi300_custom_step0_s_20260525_18,eb2c7a21173e4be4a93d9aeafc5e88ed,0.057,,,
3257,2026-05-25,SH601800,-0.00016268852373780852,EXP_CatBoostModel_Alpha158_csi300_custom_step0_s_20260525_18,eb2c7a21173e4be4a93d9aeafc5e88ed,0.057,,,
3258,2026-05-25,SH601788,-0.0008630221192819945,EXP_CatBoostModel_Alpha158_csi300_custom_step0_s_20260525_18,eb2c7a21173e4be4a93d9aeafc5e88ed,0.057,,,
3259,2026-05-25,SH601360,-0.0008630221192819945,EXP_CatBoostModel_Alpha158_csi300_custom_step0_s_20260525_18,eb2c7a21173e4be4a93d9aeafc5e88ed,0.057,,,
3260,2026-05-25,SH601336,-0.0008362206285599157,EXP_CatBoostModel_Alpha158_csi300_custom_step0_s_20260525_18,eb2c7a21173e4be4a93d9aeafc5e88ed,0.057,,,
3261,2026-05-25,SH601328,0.002550355680179219,EXP_CatBoostModel_Alpha158_csi300_custom_step0_s_20260525_18,eb2c7a21173e4be4a93d9aeafc5e88ed,0.057,,,
3262,2026-05-25,SH601319,-0.0008362206285599157,EXP_CatBoostModel_Alpha158_csi300_custom_step0_s_20260525_18,eb2c7a21173e4be4a93d9aeafc5e88ed,0.057,,,
3263,2026-05-25,SH601066,-0.0008362206285599157,EXP_CatBoostModel_Alpha158_csi300_custom_step0_s_20260525_18,eb2c7a21173e4be4a93d9aeafc5e88ed,0.057,,,
3264,2026-05-25,SH601059,0.0030379662276003453,EXP_CatBoostModel_Alpha158_csi300_custom_step0_s_20260525_18,eb2c7a21173e4be4a93d9aeafc5e88ed,0.057,,,
3265,2026-05-25,SH601058,-0.0008362206285599157,EXP_CatBoostModel_Alpha158_csi300_custom_step0_s_20260525_18,eb2c7a21173e4be4a93d9aeafc5e88ed,0.057,,,
3266,2026-05-25,SH601021,0.0015497945945873804,EXP_CatBoostModel_Alpha158_csi300_custom_step0_s_20260525_18,eb2c7a21173e4be4a93d9aeafc5e88ed,0.057,,,
3267,2026-05-25,SH601018,-0.0008362206285599157,EXP_CatBoostModel_Alpha158_csi300_custom_step0_s_20260525_18,eb2c7a21173e4be4a93d9aeafc5e88ed,0.057,,,
3268,2026-05-25,SH601012,-0.00016268852373780852,EXP_CatBoostModel_Alpha158_csi300_custom_step0_s_20260525_18,eb2c7a21173e4be4a93d9aeafc5e88ed,0.057,,,
3269,2026-05-25,SH601009,-0.0008630221192819945,EXP_CatBoostModel_Alpha158_csi300_custom_step0_s_20260525_18,eb2c7a21173e4be4a93d9aeafc5e88ed,0.057,,,
3270,2026-05-25,SH601006,0.004647066935121306,EXP_CatBoostModel_Alpha158_csi300_custom_step0_s_20260525_18,eb2c7a21173e4be4a93d9aeafc5e88ed,0.057,,,
3271,2026-05-25,SH600999,0.0014343024688522326,EXP_CatBoostModel_Alpha158_csi300_custom_step0_s_20260525_18,eb2c7a21173e4be4a93d9aeafc5e88ed,0.057,,,
3272,2026-05-25,SH600989,-0.0008630221192819945,EXP_CatBoostModel_Alpha158_csi300_custom_step0_s_20260525_18,eb2c7a21173e4be4a93d9aeafc5e88ed,0.057,,,
3273,2026-05-25,SH600958,0.0014343024688522326,EXP_CatBoostModel_Alpha158_csi300_custom_step0_s_20260525_18,eb2c7a21173e4be4a93d9aeafc5e88ed,0.057,,,
3274,2026-05-25,SH600941,-0.0003897818610355087,EXP_CatBoostModel_Alpha158_csi300_custom_step0_s_20260525_18,eb2c7a21173e4be4a93d9aeafc5e88ed,0.057,,,
3275,2026-05-25,SH600938,-0.0008630221192819945,EXP_CatBoostModel_Alpha158_csi300_custom_step0_s_20260525_18,eb2c7a21173e4be4a93d9aeafc5e88ed,0.057,,,
3276,2026-05-25,SH600930,-0.0008362206285599157,EXP_CatBoostModel_Alpha158_csi300_custom_step0_s_20260525_18,eb2c7a21173e4be4a93d9aeafc5e88ed,0.057,,,
3277,2026-05-25,SH600926,-0.0008362206285599157,EXP_CatBoostModel_Alpha158_csi300_custom_step0_s_20260525_18,eb2c7a21173e4be4a93d9aeafc5e88ed,0.057,,,
3278,2026-05-25,SH601077,-0.00016268852373780852,EXP_CatBoostModel_Alpha158_csi300_custom_step0_s_20260525_18,eb2c7a21173e4be4a93d9aeafc5e88ed,0.057,,,
3279,2026-05-25,SH600918,-0.00016268852373780852,EXP_CatBoostModel_Alpha158_csi300_custom_step0_s_20260525_18,eb2c7a21173e4be4a93d9aeafc5e88ed,0.057,,,
3280,2026-05-25,SH601088,0.0015642749589001603,EXP_CatBoostModel_Alpha158_csi300_custom_step0_s_20260525_18,eb2c7a21173e4be4a93d9aeafc5e88ed,0.057,,,
3281,2026-05-25,SH601111,0.0007659150256479637,EXP_CatBoostModel_Alpha158_csi300_custom_step0_s_20260525_18,eb2c7a21173e4be4a93d9aeafc5e88ed,0.057,,,
3282,2026-05-25,SH601318,-0.0008362206285599157,EXP_CatBoostModel_Alpha158_csi300_custom_step0_s_20260525_18,eb2c7a21173e4be4a93d9aeafc5e88ed,0.057,,,
3283,2026-05-25,SH601298,0.0015642749589001603,EXP_CatBoostModel_Alpha158_csi300_custom_step0_s_20260525_18,eb2c7a21173e4be4a93d9aeafc5e88ed,0.057,,,
3284,2026-05-25,SH601288,-0.0008630221192819945,EXP_CatBoostModel_Alpha158_csi300_custom_step0_s_20260525_18,eb2c7a21173e4be4a93d9aeafc5e88ed,0.057,,,
3285,2026-05-25,SH601238,-0.00016268852373780852,EXP_CatBoostModel_Alpha158_csi300_custom_step0_s_20260525_18,eb2c7a21173e4be4a93d9aeafc5e88ed,0.057,,,
3286,2026-05-25,SH601236,-0.00016268852373780852,EXP_CatBoostModel_Alpha158_csi300_custom_step0_s_20260525_18,eb2c7a21173e4be4a93d9aeafc5e88ed,0.057,,,
3287,2026-05-25,SH601229,-0.00016268852373780852,EXP_CatBoostModel_Alpha158_csi300_custom_step0_s_20260525_18,eb2c7a21173e4be4a93d9aeafc5e88ed,0.057,,,
3288,2026-05-25,SH601225,-0.0008630221192819945,EXP_CatBoostModel_Alpha158_csi300_custom_step0_s_20260525_18,eb2c7a21173e4be4a93d9aeafc5e88ed,0.057,,,
3289,2026-05-25,SH601211,-0.00016268852373780852,EXP_CatBoostModel_Alpha158_csi300_custom_step0_s_20260525_18,eb2c7a21173e4be4a93d9aeafc5e88ed,0.057,,,
3290,2026-05-25,SH601186,-0.00016268852373780852,EXP_CatBoostModel_Alpha158_csi300_custom_step0_s_20260525_18,eb2c7a21173e4be4a93d9aeafc5e88ed,0.057,,,
3291,2026-05-25,SH601169,0.0014343024688522326,EXP_CatBoostModel_Alpha158_csi300_custom_step0_s_20260525_18,eb2c7a21173e4be4a93d9aeafc5e88ed,0.057,,,
3292,2026-05-25,SH601166,-0.0008362206285599157,EXP_CatBoostModel_Alpha158_csi300_custom_step0_s_20260525_18,eb2c7a21173e4be4a93d9aeafc5e88ed,0.057,,,
3293,2026-05-25,SH601138,-0.0035081692941926466,EXP_CatBoostModel_Alpha158_csi300_custom_step0_s_20260525_18,eb2c7a21173e4be4a93d9aeafc5e88ed,0.057,,,
3294,2026-05-25,SH601136,-0.0008630221192819945,EXP_CatBoostModel_Alpha158_csi300_custom_step0_s_20260525_18,eb2c7a21173e4be4a93d9aeafc5e88ed,0.057,,,
3295,2026-05-25,SH601127,-0.00016268852373780852,EXP_CatBoostModel_Alpha158_csi300_custom_step0_s_20260525_18,eb2c7a21173e4be4a93d9aeafc5e88ed,0.057,,,
3296,2026-05-25,SH601117,-0.00016268852373780852,EXP_CatBoostModel_Alpha158_csi300_custom_step0_s_20260525_18,eb2c7a21173e4be4a93d9aeafc5e88ed,0.057,,,
3297,2026-05-25,SH601100,0.0014343024688522326,EXP_CatBoostModel_Alpha158_csi300_custom_step0_s_20260525_18,eb2c7a21173e4be4a93d9aeafc5e88ed,0.057,,,
3298,2026-05-25,SZ301269,0.0009543336006429412,EXP_CatBoostModel_Alpha158_csi300_custom_step0_s_20260525_18,7ecf0a5293f244bf8d6c2d7d2af6fcf9,0.062,,,
3299,2026-05-25,SZ301269,-0.010155839695922,EXP_CatBoostModel_Alpha158_csi300_custom_step0_s_20260525_18,eb2c7a21173e4be4a93d9aeafc5e88ed,0.057,,,
3300,2026-05-25,SH600000,0.0006337176834253092,EXP_CatBoostModel_Alpha158_csi300_custom_step0_s_20260525_18,7ecf0a5293f244bf8d6c2d7d2af6fcf9,0.062,,,
3301,2026-05-25,SZ000568,-0.0016638386714869378,EXP_CatBoostModel_Alpha158_csi300_custom_step0_s_20260525_18,7ecf0a5293f244bf8d6c2d7d2af6fcf9,0.062,,,
3302,2026-05-25,SZ000538,0.0006337176834253092,EXP_CatBoostModel_Alpha158_csi300_custom_step0_s_20260525_18,7ecf0a5293f244bf8d6c2d7d2af6fcf9,0.062,,,
3303,2026-05-25,SZ000425,-0.0016638386714869378,EXP_CatBoostModel_Alpha158_csi300_custom_step0_s_20260525_18,7ecf0a5293f244bf8d6c2d7d2af6fcf9,0.062,,,
3304,2026-05-25,SZ000408,-0.0016638386714869378,EXP_CatBoostModel_Alpha158_csi300_custom_step0_s_20260525_18,7ecf0a5293f244bf8d6c2d7d2af6fcf9,0.062,,,
3305,2026-05-25,SZ000338,-0.0011636198018941414,EXP_CatBoostModel_Alpha158_csi300_custom_step0_s_20260525_18,7ecf0a5293f244bf8d6c2d7d2af6fcf9,0.062,,,
3306,2026-05-25,SZ000333,0.0006337176834253092,EXP_CatBoostModel_Alpha158_csi300_custom_step0_s_20260525_18,7ecf0a5293f244bf8d6c2d7d2af6fcf9,0.062,,,
3307,2026-05-25,SZ000596,0.0009543336006429412,EXP_CatBoostModel_Alpha158_csi300_custom_step0_s_20260525_18,7ecf0a5293f244bf8d6c2d7d2af6fcf9,0.062,,,
3308,2026-05-25,SZ000301,-0.0011636198018941414,EXP_CatBoostModel_Alpha158_csi300_custom_step0_s_20260525_18,7ecf0a5293f244bf8d6c2d7d2af6fcf9,0.062,,,
3309,2026-05-25,SZ000157,-0.0016638386714869378,EXP_CatBoostModel_Alpha158_csi300_custom_step0_s_20260525_18,7ecf0a5293f244bf8d6c2d7d2af6fcf9,0.062,,,
3310,2026-05-25,SZ000100,0.0014570101925490807,EXP_CatBoostModel_Alpha158_csi300_custom_step0_s_20260525_18,7ecf0a5293f244bf8d6c2d7d2af6fcf9,0.062,,,
3311,2026-05-25,SZ000063,-0.0011636198018941414,EXP_CatBoostModel_Alpha158_csi300_custom_step0_s_20260525_18,7ecf0a5293f244bf8d6c2d7d2af6fcf9,0.062,,,
3312,2026-05-25,SZ000002,-0.0016638386714869378,EXP_CatBoostModel_Alpha158_csi300_custom_step0_s_20260525_18,7ecf0a5293f244bf8d6c2d7d2af6fcf9,0.062,,,
3313,2026-05-25,SZ000001,0.0016968446566231008,EXP_CatBoostModel_Alpha158_csi300_custom_step0_s_20260525_18,7ecf0a5293f244bf8d6c2d7d2af6fcf9,0.062,,,
3314,2026-05-25,SH688981,0.0009543336006429412,EXP_CatBoostModel_Alpha158_csi300_custom_step0_s_20260525_18,7ecf0a5293f244bf8d6c2d7d2af6fcf9,0.062,,,
3315,2026-05-25,SZ000166,-0.0016638386714869378,EXP_CatBoostModel_Alpha158_csi300_custom_step0_s_20260525_18,7ecf0a5293f244bf8d6c2d7d2af6fcf9,0.062,,,
3316,2026-05-25,SZ000617,-0.0016638386714869378,EXP_CatBoostModel_Alpha158_csi300_custom_step0_s_20260525_18,7ecf0a5293f244bf8d6c2d7d2af6fcf9,0.062,,,
3317,2026-05-25,SZ000625,-0.0016638386714869378,EXP_CatBoostModel_Alpha158_csi300_custom_step0_s_20260525_18,7ecf0a5293f244bf8d6c2d7d2af6fcf9,0.062,,,
3318,2026-05-25,SZ000630,0.0009543336006429412,EXP_CatBoostModel_Alpha158_csi300_custom_step0_s_20260525_18,7ecf0a5293f244bf8d6c2d7d2af6fcf9,0.062,,,
3319,2026-05-25,SZ000975,-0.0016638386714869378,EXP_CatBoostModel_Alpha158_csi300_custom_step0_s_20260525_18,7ecf0a5293f244bf8d6c2d7d2af6fcf9,0.062,,,
3320,2026-05-25,SZ000963,-0.0016638386714869378,EXP_CatBoostModel_Alpha158_csi300_custom_step0_s_20260525_18,7ecf0a5293f244bf8d6c2d7d2af6fcf9,0.062,,,
3321,2026-05-25,SZ000938,-0.0011636198018941414,EXP_CatBoostModel_Alpha158_csi300_custom_step0_s_20260525_18,7ecf0a5293f244bf8d6c2d7d2af6fcf9,0.062,,,
3322,2026-05-25,SZ000895,0.0006337176834253092,EXP_CatBoostModel_Alpha158_csi300_custom_step0_s_20260525_18,7ecf0a5293f244bf8d6c2d7d2af6fcf9,0.062,,,
3323,2026-05-25,SZ000876,-0.0011636198018941414,EXP_CatBoostModel_Alpha158_csi300_custom_step0_s_20260525_18,7ecf0a5293f244bf8d6c2d7d2af6fcf9,0.062,,,
3324,2026-05-25,SZ000858,-0.0016638386714869378,EXP_CatBoostModel_Alpha158_csi300_custom_step0_s_20260525_18,7ecf0a5293f244bf8d6c2d7d2af6fcf9,0.062,,,
3325,2026-05-25,SZ000807,0.0009543336006429412,EXP_CatBoostModel_Alpha158_csi300_custom_step0_s_20260525_18,7ecf0a5293f244bf8d6c2d7d2af6fcf9,0.062,,,
3326,2026-05-25,SZ000792,-0.0011636198018941414,EXP_CatBoostModel_Alpha158_csi300_custom_step0_s_20260525_18,7ecf0a5293f244bf8d6c2d7d2af6fcf9,0.062,,,
3327,2026-05-25,SZ000786,-0.0011636198018941414,EXP_CatBoostModel_Alpha158_csi300_custom_step0_s_20260525_18,7ecf0a5293f244bf8d6c2d7d2af6fcf9,0.062,,,
3328,2026-05-25,SZ000776,-0.0016638386714869378,EXP_CatBoostModel_Alpha158_csi300_custom_step0_s_20260525_18,7ecf0a5293f244bf8d6c2d7d2af6fcf9,0.062,,,
3329,2026-05-25,SZ000768,-0.0011636198018941414,EXP_CatBoostModel_Alpha158_csi300_custom_step0_s_20260525_18,7ecf0a5293f244bf8d6c2d7d2af6fcf9,0.062,,,
3330,2026-05-25,SZ000725,0.0009543336006429412,EXP_CatBoostModel_Alpha158_csi300_custom_step0_s_20260525_18,7ecf0a5293f244bf8d6c2d7d2af6fcf9,0.062,,,
3331,2026-05-25,SZ000708,-0.0011636198018941414,EXP_CatBoostModel_Alpha158_csi300_custom_step0_s_20260525_18,7ecf0a5293f244bf8d6c2d7d2af6fcf9,0.062,,,
3332,2026-05-25,SZ000661,-0.0016638386714869378,EXP_CatBoostModel_Alpha158_csi300_custom_step0_s_20260525_18,7ecf0a5293f244bf8d6c2d7d2af6fcf9,0.062,,,
3333,2026-05-25,SZ000651,0.0006337176834253092,EXP_CatBoostModel_Alpha158_csi300_custom_step0_s_20260525_18,7ecf0a5293f244bf8d6c2d7d2af6fcf9,0.062,,,
3334,2026-05-25,SH688506,-0.0016638386714869378,EXP_CatBoostModel_Alpha158_csi300_custom_step0_s_20260525_18,7ecf0a5293f244bf8d6c2d7d2af6fcf9,0.062,,,
3335,2026-05-25,SH688472,-0.0011636198018941414,EXP_CatBoostModel_Alpha158_csi300_custom_step0_s_20260525_18,7ecf0a5293f244bf8d6c2d7d2af6fcf9,0.062,,,
3336,2026-05-25,SH688396,0.0009543336006429412,EXP_CatBoostModel_Alpha158_csi300_custom_step0_s_20260525_18,7ecf0a5293f244bf8d6c2d7d2af6fcf9,0.062,,,
3337,2026-05-25,SH688303,-0.0011636198018941414,EXP_CatBoostModel_Alpha158_csi300_custom_step0_s_20260525_18,7ecf0a5293f244bf8d6c2d7d2af6fcf9,0.062,,,
3338,2026-05-25,SH603799,-0.0016638386714869378,EXP_CatBoostModel_Alpha158_csi300_custom_step0_s_20260525_18,7ecf0a5293f244bf8d6c2d7d2af6fcf9,0.062,,,
3339,2026-05-25,SH603501,0.0009543336006429412,EXP_CatBoostModel_Alpha158_csi300_custom_step0_s_20260525_18,7ecf0a5293f244bf8d6c2d7d2af6fcf9,0.062,,,
3340,2026-05-25,SH603392,-0.0011636198018941414,EXP_CatBoostModel_Alpha158_csi300_custom_step0_s_20260525_18,7ecf0a5293f244bf8d6c2d7d2af6fcf9,0.062,,,
3341,2026-05-25,SH603369,0.0006337176834253092,EXP_CatBoostModel_Alpha158_csi300_custom_step0_s_20260525_18,7ecf0a5293f244bf8d6c2d7d2af6fcf9,0.062,,,
3342,2026-05-25,SH603296,-0.0011636198018941414,EXP_CatBoostModel_Alpha158_csi300_custom_step0_s_20260525_18,7ecf0a5293f244bf8d6c2d7d2af6fcf9,0.062,,,
3343,2026-05-25,SH603288,-0.0016638386714869378,EXP_CatBoostModel_Alpha158_csi300_custom_step0_s_20260525_18,7ecf0a5293f244bf8d6c2d7d2af6fcf9,0.062,,,
3344,2026-05-25,SH603260,-0.0011636198018941414,EXP_CatBoostModel_Alpha158_csi300_custom_step0_s_20260525_18,7ecf0a5293f244bf8d6c2d7d2af6fcf9,0.062,,,
3345,2026-05-25,SH603259,-0.0011636198018941414,EXP_CatBoostModel_Alpha158_csi300_custom_step0_s_20260525_18,7ecf0a5293f244bf8d6c2d7d2af6fcf9,0.062,,,
3346,2026-05-25,SH603195,0.0006337176834253092,EXP_CatBoostModel_Alpha158_csi300_custom_step0_s_20260525_18,7ecf0a5293f244bf8d6c2d7d2af6fcf9,0.062,,,
3347,2026-05-25,SH603019,-0.0011636198018941414,EXP_CatBoostModel_Alpha158_csi300_custom_step0_s_20260525_18,7ecf0a5293f244bf8d6c2d7d2af6fcf9,0.062,,,
3348,2026-05-25,SH601998,-0.0011636198018941414,EXP_CatBoostModel_Alpha158_csi300_custom_step0_s_20260525_18,7ecf0a5293f244bf8d6c2d7d2af6fcf9,0.062,,,
3349,2026-05-25,SH601995,0.0006709650475411412,EXP_CatBoostModel_Alpha158_csi300_custom_step0_s_20260525_18,7ecf0a5293f244bf8d6c2d7d2af6fcf9,0.062,,,
3350,2026-05-25,SH601988,0.0014570101925490807,EXP_CatBoostModel_Alpha158_csi300_custom_step0_s_20260525_18,7ecf0a5293f244bf8d6c2d7d2af6fcf9,0.062,,,
3351,2026-05-25,SH601985,0.0006709650475411412,EXP_CatBoostModel_Alpha158_csi300_custom_step0_s_20260525_18,7ecf0a5293f244bf8d6c2d7d2af6fcf9,0.062,,,
3352,2026-05-25,SH601939,-0.0011636198018941414,EXP_CatBoostModel_Alpha158_csi300_custom_step0_s_20260525_18,7ecf0a5293f244bf8d6c2d7d2af6fcf9,0.062,,,
3353,2026-05-25,SH603893,-0.0011636198018941414,EXP_CatBoostModel_Alpha158_csi300_custom_step0_s_20260525_18,7ecf0a5293f244bf8d6c2d7d2af6fcf9,0.062,,,
3354,2026-05-25,SZ000977,-0.0011636198018941414,EXP_CatBoostModel_Alpha158_csi300_custom_step0_s_20260525_18,7ecf0a5293f244bf8d6c2d7d2af6fcf9,0.062,,,
3355,2026-05-25,SH603986,-0.027359424032664635,EXP_CatBoostModel_Alpha158_csi300_custom_step0_s_20260525_18,7ecf0a5293f244bf8d6c2d7d2af6fcf9,0.062,,,
3356,2026-05-25,SH605117,-0.0011636198018941414,EXP_CatBoostModel_Alpha158_csi300_custom_step0_s_20260525_18,7ecf0a5293f244bf8d6c2d7d2af6fcf9,0.062,,,
3357,2026-05-25,SH688271,-0.0011636198018941414,EXP_CatBoostModel_Alpha158_csi300_custom_step0_s_20260525_18,7ecf0a5293f244bf8d6c2d7d2af6fcf9,0.062,,,
3358,2026-05-25,SH688256,0.00023700010785863526,EXP_CatBoostModel_Alpha158_csi300_custom_step0_s_20260525_18,7ecf0a5293f244bf8d6c2d7d2af6fcf9,0.062,,,
3359,2026-05-25,SH688223,-0.0011636198018941414,EXP_CatBoostModel_Alpha158_csi300_custom_step0_s_20260525_18,7ecf0a5293f244bf8d6c2d7d2af6fcf9,0.062,,,
3360,2026-05-25,SH688187,-0.0011636198018941414,EXP_CatBoostModel_Alpha158_csi300_custom_step0_s_20260525_18,7ecf0a5293f244bf8d6c2d7d2af6fcf9,0.062,,,
3361,2026-05-25,SH688169,-0.0033088348706769395,EXP_CatBoostModel_Alpha158_csi300_custom_step0_s_20260525_18,7ecf0a5293f244bf8d6c2d7d2af6fcf9,0.062,,,
3362,2026-05-25,SH688126,0.0033840815986554487,EXP_CatBoostModel_Alpha158_csi300_custom_step0_s_20260525_18,7ecf0a5293f244bf8d6c2d7d2af6fcf9,0.062,,,
3363,2026-05-25,SH688111,-0.0011636198018941414,EXP_CatBoostModel_Alpha158_csi300_custom_step0_s_20260525_18,7ecf0a5293f244bf8d6c2d7d2af6fcf9,0.062,,,
3364,2026-05-25,SH688082,0.0009543336006429412,EXP_CatBoostModel_Alpha158_csi300_custom_step0_s_20260525_18,7ecf0a5293f244bf8d6c2d7d2af6fcf9,0.062,,,
3365,2026-05-25,SH688047,-0.0011636198018941414,EXP_CatBoostModel_Alpha158_csi300_custom_step0_s_20260525_18,7ecf0a5293f244bf8d6c2d7d2af6fcf9,0.062,,,
3366,2026-05-25,SH688041,0.0033840815986554487,EXP_CatBoostModel_Alpha158_csi300_custom_step0_s_20260525_18,7ecf0a5293f244bf8d6c2d7d2af6fcf9,0.062,,,
3367,2026-05-25,SH688036,-0.0011636198018941414,EXP_CatBoostModel_Alpha158_csi300_custom_step0_s_20260525_18,7ecf0a5293f244bf8d6c2d7d2af6fcf9,0.062,,,
3368,2026-05-25,SH688012,0.0033840815986554487,EXP_CatBoostModel_Alpha158_csi300_custom_step0_s_20260525_18,7ecf0a5293f244bf8d6c2d7d2af6fcf9,0.062,,,
3369,2026-05-25,SH688009,-0.0016638386714869378,EXP_CatBoostModel_Alpha158_csi300_custom_step0_s_20260525_18,7ecf0a5293f244bf8d6c2d7d2af6fcf9,0.062,,,
3370,2026-05-25,SH688008,0.00023700010785863526,EXP_CatBoostModel_Alpha158_csi300_custom_step0_s_20260525_18,7ecf0a5293f244bf8d6c2d7d2af6fcf9,0.062,,,
3371,2026-05-25,SH605499,0.0006337176834253092,EXP_CatBoostModel_Alpha158_csi300_custom_step0_s_20260525_18,7ecf0a5293f244bf8d6c2d7d2af6fcf9,0.062,,,
3372,2026-05-25,SH603993,-0.0033088348706769395,EXP_CatBoostModel_Alpha158_csi300_custom_step0_s_20260525_18,7ecf0a5293f244bf8d6c2d7d2af6fcf9,0.062,,,
3373,2026-05-25,SH601919,-0.0011636198018941414,EXP_CatBoostModel_Alpha158_csi300_custom_step0_s_20260525_18,7ecf0a5293f244bf8d6c2d7d2af6fcf9,0.062,,,
3374,2026-05-25,SZ000983,-0.0016638386714869378,EXP_CatBoostModel_Alpha158_csi300_custom_step0_s_20260525_18,7ecf0a5293f244bf8d6c2d7d2af6fcf9,0.062,,,
3375,2026-05-25,SZ001391,0.00011844934206180781,EXP_CatBoostModel_Alpha158_csi300_custom_step0_s_20260525_18,7ecf0a5293f244bf8d6c2d7d2af6fcf9,0.062,,,
3376,2026-05-25,SZ300408,-0.02649866020248996,EXP_CatBoostModel_Alpha158_csi300_custom_step0_s_20260525_18,7ecf0a5293f244bf8d6c2d7d2af6fcf9,0.062,,,
3377,2026-05-25,SZ300394,0.0009543336006429412,EXP_CatBoostModel_Alpha158_csi300_custom_step0_s_20260525_18,7ecf0a5293f244bf8d6c2d7d2af6fcf9,0.062,,,
3378,2026-05-25,SZ300347,0.0033840815986554487,EXP_CatBoostModel_Alpha158_csi300_custom_step0_s_20260525_18,7ecf0a5293f244bf8d6c2d7d2af6fcf9,0.062,,,
3379,2026-05-25,SZ300316,-0.0011636198018941414,EXP_CatBoostModel_Alpha158_csi300_custom_step0_s_20260525_18,7ecf0a5293f244bf8d6c2d7d2af6fcf9,0.062,,,
3380,2026-05-25,SZ300308,0.0009543336006429412,EXP_CatBoostModel_Alpha158_csi300_custom_step0_s_20260525_18,7ecf0a5293f244bf8d6c2d7d2af6fcf9,0.062,,,
3381,2026-05-25,SZ300274,-0.0011636198018941414,EXP_CatBoostModel_Alpha158_csi300_custom_step0_s_20260525_18,7ecf0a5293f244bf8d6c2d7d2af6fcf9,0.062,,,
3382,2026-05-25,SZ300413,-0.0016638386714869378,EXP_CatBoostModel_Alpha158_csi300_custom_step0_s_20260525_18,7ecf0a5293f244bf8d6c2d7d2af6fcf9,0.062,,,
3383,2026-05-25,SZ300251,-0.0016638386714869378,EXP_CatBoostModel_Alpha158_csi300_custom_step0_s_20260525_18,7ecf0a5293f244bf8d6c2d7d2af6fcf9,0.062,,,
3384,2026-05-25,SZ300122,-0.0016638386714869378,EXP_CatBoostModel_Alpha158_csi300_custom_step0_s_20260525_18,7ecf0a5293f244bf8d6c2d7d2af6fcf9,0.062,,,
3385,2026-05-25,SZ300059,-0.0011636198018941414,EXP_CatBoostModel_Alpha158_csi300_custom_step0_s_20260525_18,7ecf0a5293f244bf8d6c2d7d2af6fcf9,0.062,,,
3386,2026-05-25,SZ300033,-0.0011636198018941414,EXP_CatBoostModel_Alpha158_csi300_custom_step0_s_20260525_18,7ecf0a5293f244bf8d6c2d7d2af6fcf9,0.062,,,
3387,2026-05-25,SZ300015,-0.0016638386714869378,EXP_CatBoostModel_Alpha158_csi300_custom_step0_s_20260525_18,7ecf0a5293f244bf8d6c2d7d2af6fcf9,0.062,,,
3388,2026-05-25,SZ300014,-0.0011636198018941414,EXP_CatBoostModel_Alpha158_csi300_custom_step0_s_20260525_18,7ecf0a5293f244bf8d6c2d7d2af6fcf9,0.062,,,
3389,2026-05-25,SZ003816,-0.0011636198018941414,EXP_CatBoostModel_Alpha158_csi300_custom_step0_s_20260525_18,7ecf0a5293f244bf8d6c2d7d2af6fcf9,0.062,,,
3390,2026-05-25,SZ300124,0.0006337176834253092,EXP_CatBoostModel_Alpha158_csi300_custom_step0_s_20260525_18,7ecf0a5293f244bf8d6c2d7d2af6fcf9,0.062,,,
3391,2026-05-25,SZ300418,-0.0011636198018941414,EXP_CatBoostModel_Alpha158_csi300_custom_step0_s_20260525_18,7ecf0a5293f244bf8d6c2d7d2af6fcf9,0.062,,,
3392,2026-05-25,SZ300433,0.017230825466822707,EXP_CatBoostModel_Alpha158_csi300_custom_step0_s_20260525_18,7ecf0a5293f244bf8d6c2d7d2af6fcf9,0.062,,,
3393,2026-05-25,SZ300442,-0.0016638386714869378,EXP_CatBoostModel_Alpha158_csi300_custom_step0_s_20260525_18,7ecf0a5293f244bf8d6c2d7d2af6fcf9,0.062,,,
3394,2026-05-25,SZ300999,-0.0016638386714869378,EXP_CatBoostModel_Alpha158_csi300_custom_step0_s_20260525_18,7ecf0a5293f244bf8d6c2d7d2af6fcf9,0.062,,,
3395,2026-05-25,SZ300979,-0.0016638386714869378,EXP_CatBoostModel_Alpha158_csi300_custom_step0_s_20260525_18,7ecf0a5293f244bf8d6c2d7d2af6fcf9,0.062,,,
3396,2026-05-25,SZ300896,-0.0016638386714869378,EXP_CatBoostModel_Alpha158_csi300_custom_step0_s_20260525_18,7ecf0a5293f244bf8d6c2d7d2af6fcf9,0.062,,,
3397,2026-05-25,SZ300866,-0.0011636198018941414,EXP_CatBoostModel_Alpha158_csi300_custom_step0_s_20260525_18,7ecf0a5293f244bf8d6c2d7d2af6fcf9,0.062,,,
3398,2026-05-25,SZ300832,0.0009543336006429412,EXP_CatBoostModel_Alpha158_csi300_custom_step0_s_20260525_18,7ecf0a5293f244bf8d6c2d7d2af6fcf9,0.062,,,
3399,2026-05-25,SZ300803,-0.0011636198018941414,EXP_CatBoostModel_Alpha158_csi300_custom_step0_s_20260525_18,7ecf0a5293f244bf8d6c2d7d2af6fcf9,0.062,,,
3400,2026-05-25,SZ300782,-0.0011636198018941414,EXP_CatBoostModel_Alpha158_csi300_custom_step0_s_20260525_18,7ecf0a5293f244bf8d6c2d7d2af6fcf9,0.062,,,
3401,2026-05-25,SZ300760,-0.0011636198018941414,EXP_CatBoostModel_Alpha158_csi300_custom_step0_s_20260525_18,7ecf0a5293f244bf8d6c2d7d2af6fcf9,0.062,,,
3402,2026-05-25,SZ300759,-0.0011636198018941414,EXP_CatBoostModel_Alpha158_csi300_custom_step0_s_20260525_18,7ecf0a5293f244bf8d6c2d7d2af6fcf9,0.062,,,
3403,2026-05-25,SZ300750,0.0009543336006429412,EXP_CatBoostModel_Alpha158_csi300_custom_step0_s_20260525_18,7ecf0a5293f244bf8d6c2d7d2af6fcf9,0.062,,,
3404,2026-05-25,SZ300661,0.017230825466822707,EXP_CatBoostModel_Alpha158_csi300_custom_step0_s_20260525_18,7ecf0a5293f244bf8d6c2d7d2af6fcf9,0.062,,,
3405,2026-05-25,SZ300628,-0.0011636198018941414,EXP_CatBoostModel_Alpha158_csi300_custom_step0_s_20260525_18,7ecf0a5293f244bf8d6c2d7d2af6fcf9,0.062,,,
3406,2026-05-25,SZ300502,0.0009543336006429412,EXP_CatBoostModel_Alpha158_csi300_custom_step0_s_20260525_18,7ecf0a5293f244bf8d6c2d7d2af6fcf9,0.062,,,
3407,2026-05-25,SZ300498,-0.0011636198018941414,EXP_CatBoostModel_Alpha158_csi300_custom_step0_s_20260525_18,7ecf0a5293f244bf8d6c2d7d2af6fcf9,0.062,,,
3408,2026-05-25,SZ300476,0.0009543336006429412,EXP_CatBoostModel_Alpha158_csi300_custom_step0_s_20260525_18,7ecf0a5293f244bf8d6c2d7d2af6fcf9,0.062,,,
3409,2026-05-25,SZ002938,0.00023700010785863526,EXP_CatBoostModel_Alpha158_csi300_custom_step0_s_20260525_18,7ecf0a5293f244bf8d6c2d7d2af6fcf9,0.062,,,
3410,2026-05-25,SZ002920,0.0009543336006429412,EXP_CatBoostModel_Alpha158_csi300_custom_step0_s_20260525_18,7ecf0a5293f244bf8d6c2d7d2af6fcf9,0.062,,,
3411,2026-05-25,SZ002916,0.0009543336006429412,EXP_CatBoostModel_Alpha158_csi300_custom_step0_s_20260525_18,7ecf0a5293f244bf8d6c2d7d2af6fcf9,0.062,,,
3412,2026-05-25,SZ002736,-0.0016638386714869378,EXP_CatBoostModel_Alpha158_csi300_custom_step0_s_20260525_18,7ecf0a5293f244bf8d6c2d7d2af6fcf9,0.062,,,
3413,2026-05-25,SZ002304,-0.0016638386714869378,EXP_CatBoostModel_Alpha158_csi300_custom_step0_s_20260525_18,7ecf0a5293f244bf8d6c2d7d2af6fcf9,0.062,,,
3414,2026-05-25,SZ002252,-0.0016638386714869378,EXP_CatBoostModel_Alpha158_csi300_custom_step0_s_20260525_18,7ecf0a5293f244bf8d6c2d7d2af6fcf9,0.062,,,
3415,2026-05-25,SZ002241,0.0006337176834253092,EXP_CatBoostModel_Alpha158_csi300_custom_step0_s_20260525_18,7ecf0a5293f244bf8d6c2d7d2af6fcf9,0.062,,,
3416,2026-05-25,SZ002236,0.0006337176834253092,EXP_CatBoostModel_Alpha158_csi300_custom_step0_s_20260525_18,7ecf0a5293f244bf8d6c2d7d2af6fcf9,0.062,,,
3417,2026-05-25,SZ002230,0.002977064758724916,EXP_CatBoostModel_Alpha158_csi300_custom_step0_s_20260525_18,7ecf0a5293f244bf8d6c2d7d2af6fcf9,0.062,,,
3418,2026-05-25,SZ002179,-0.0011636198018941414,EXP_CatBoostModel_Alpha158_csi300_custom_step0_s_20260525_18,7ecf0a5293f244bf8d6c2d7d2af6fcf9,0.062,,,
3419,2026-05-25,SZ002142,0.0006337176834253092,EXP_CatBoostModel_Alpha158_csi300_custom_step0_s_20260525_18,7ecf0a5293f244bf8d6c2d7d2af6fcf9,0.062,,,
3420,2026-05-25,SZ002074,-0.0011636198018941414,EXP_CatBoostModel_Alpha158_csi300_custom_step0_s_20260525_18,7ecf0a5293f244bf8d6c2d7d2af6fcf9,0.062,,,
3421,2026-05-25,SZ002050,-0.0011636198018941414,EXP_CatBoostModel_Alpha158_csi300_custom_step0_s_20260525_18,7ecf0a5293f244bf8d6c2d7d2af6fcf9,0.062,,,
3422,2026-05-25,SZ002049,0.0009543336006429412,EXP_CatBoostModel_Alpha158_csi300_custom_step0_s_20260525_18,7ecf0a5293f244bf8d6c2d7d2af6fcf9,0.062,,,
3423,2026-05-25,SZ002028,-0.0011636198018941414,EXP_CatBoostModel_Alpha158_csi300_custom_step0_s_20260525_18,7ecf0a5293f244bf8d6c2d7d2af6fcf9,0.062,,,
3424,2026-05-25,SZ002027,-0.0016638386714869378,EXP_CatBoostModel_Alpha158_csi300_custom_step0_s_20260525_18,7ecf0a5293f244bf8d6c2d7d2af6fcf9,0.062,,,
3425,2026-05-25,SZ002001,-0.0011636198018941414,EXP_CatBoostModel_Alpha158_csi300_custom_step0_s_20260525_18,7ecf0a5293f244bf8d6c2d7d2af6fcf9,0.062,,,
3426,2026-05-25,SZ001979,-0.0016638386714869378,EXP_CatBoostModel_Alpha158_csi300_custom_step0_s_20260525_18,7ecf0a5293f244bf8d6c2d7d2af6fcf9,0.062,,,
3427,2026-05-25,SZ001965,0.0006337176834253092,EXP_CatBoostModel_Alpha158_csi300_custom_step0_s_20260525_18,7ecf0a5293f244bf8d6c2d7d2af6fcf9,0.062,,,
3428,2026-05-25,SZ002311,-0.0016638386714869378,EXP_CatBoostModel_Alpha158_csi300_custom_step0_s_20260525_18,7ecf0a5293f244bf8d6c2d7d2af6fcf9,0.062,,,
3429,2026-05-25,SZ000999,0.0006337176834253092,EXP_CatBoostModel_Alpha158_csi300_custom_step0_s_20260525_18,7ecf0a5293f244bf8d6c2d7d2af6fcf9,0.062,,,
3430,2026-05-25,SZ002352,0.0006709650475411412,EXP_CatBoostModel_Alpha158_csi300_custom_step0_s_20260525_18,7ecf0a5293f244bf8d6c2d7d2af6fcf9,0.062,,,
3431,2026-05-25,SZ002384,0.017230825466822707,EXP_CatBoostModel_Alpha158_csi300_custom_step0_s_20260525_18,7ecf0a5293f244bf8d6c2d7d2af6fcf9,0.062,,,
3432,2026-05-25,SZ002714,-0.0011636198018941414,EXP_CatBoostModel_Alpha158_csi300_custom_step0_s_20260525_18,7ecf0a5293f244bf8d6c2d7d2af6fcf9,0.062,,,
3433,2026-05-25,SZ002709,0.0009543336006429412,EXP_CatBoostModel_Alpha158_csi300_custom_step0_s_20260525_18,7ecf0a5293f244bf8d6c2d7d2af6fcf9,0.062,,,
3434,2026-05-25,SZ002648,-0.0011636198018941414,EXP_CatBoostModel_Alpha158_csi300_custom_step0_s_20260525_18,7ecf0a5293f244bf8d6c2d7d2af6fcf9,0.062,,,
3435,2026-05-25,SZ002625,0.0009543336006429412,EXP_CatBoostModel_Alpha158_csi300_custom_step0_s_20260525_18,7ecf0a5293f244bf8d6c2d7d2af6fcf9,0.062,,,
3436,2026-05-25,SZ002601,-0.0011636198018941414,EXP_CatBoostModel_Alpha158_csi300_custom_step0_s_20260525_18,7ecf0a5293f244bf8d6c2d7d2af6fcf9,0.062,,,
3437,2026-05-25,SZ002600,-0.0011636198018941414,EXP_CatBoostModel_Alpha158_csi300_custom_step0_s_20260525_18,7ecf0a5293f244bf8d6c2d7d2af6fcf9,0.062,,,
3438,2026-05-25,SZ002594,-0.0016638386714869378,EXP_CatBoostModel_Alpha158_csi300_custom_step0_s_20260525_18,7ecf0a5293f244bf8d6c2d7d2af6fcf9,0.062,,,
3439,2026-05-25,SZ002493,-0.0016638386714869378,EXP_CatBoostModel_Alpha158_csi300_custom_step0_s_20260525_18,7ecf0a5293f244bf8d6c2d7d2af6fcf9,0.062,,,
3440,2026-05-25,SZ002475,-0.0011636198018941414,EXP_CatBoostModel_Alpha158_csi300_custom_step0_s_20260525_18,7ecf0a5293f244bf8d6c2d7d2af6fcf9,0.062,,,
3441,2026-05-25,SZ002466,-0.0011636198018941414,EXP_CatBoostModel_Alpha158_csi300_custom_step0_s_20260525_18,7ecf0a5293f244bf8d6c2d7d2af6fcf9,0.062,,,
3442,2026-05-25,SZ002463,0.0009543336006429412,EXP_CatBoostModel_Alpha158_csi300_custom_step0_s_20260525_18,7ecf0a5293f244bf8d6c2d7d2af6fcf9,0.062,,,
3443,2026-05-25,SZ002460,-0.0011636198018941414,EXP_CatBoostModel_Alpha158_csi300_custom_step0_s_20260525_18,7ecf0a5293f244bf8d6c2d7d2af6fcf9,0.062,,,
3444,2026-05-25,SZ002459,-0.0011636198018941414,EXP_CatBoostModel_Alpha158_csi300_custom_step0_s_20260525_18,7ecf0a5293f244bf8d6c2d7d2af6fcf9,0.062,,,
3445,2026-05-25,SZ002422,-0.0011636198018941414,EXP_CatBoostModel_Alpha158_csi300_custom_step0_s_20260525_18,7ecf0a5293f244bf8d6c2d7d2af6fcf9,0.062,,,
3446,2026-05-25,SZ002415,-0.0011636198018941414,EXP_CatBoostModel_Alpha158_csi300_custom_step0_s_20260525_18,7ecf0a5293f244bf8d6c2d7d2af6fcf9,0.062,,,
3447,2026-05-25,SZ002371,0.0009543336006429412,EXP_CatBoostModel_Alpha158_csi300_custom_step0_s_20260525_18,7ecf0a5293f244bf8d6c2d7d2af6fcf9,0.062,,,
3448,2026-05-25,SZ302132,-0.0008630221192819945,EXP_CatBoostModel_Alpha158_csi300_custom_step0_s_20260525_18,eb2c7a21173e4be4a93d9aeafc5e88ed,0.057,,,
3449,2026-05-25,SH601916,0.00011844934206180781,EXP_CatBoostModel_Alpha158_csi300_custom_step0_s_20260525_18,7ecf0a5293f244bf8d6c2d7d2af6fcf9,0.062,,,
3450,2026-05-25,SH601899,-0.0011636198018941414,EXP_CatBoostModel_Alpha158_csi300_custom_step0_s_20260525_18,7ecf0a5293f244bf8d6c2d7d2af6fcf9,0.062,,,
3451,2026-05-25,SH600522,0.0033840815986554487,EXP_CatBoostModel_Alpha158_csi300_custom_step0_s_20260525_18,7ecf0a5293f244bf8d6c2d7d2af6fcf9,0.062,,,
3452,2026-05-25,SH600519,0.0006337176834253092,EXP_CatBoostModel_Alpha158_csi300_custom_step0_s_20260525_18,7ecf0a5293f244bf8d6c2d7d2af6fcf9,0.062,,,
3453,2026-05-25,SH600515,-0.0016638386714869378,EXP_CatBoostModel_Alpha158_csi300_custom_step0_s_20260525_18,7ecf0a5293f244bf8d6c2d7d2af6fcf9,0.062,,,
3454,2026-05-25,SH600489,-0.0016638386714869378,EXP_CatBoostModel_Alpha158_csi300_custom_step0_s_20260525_18,7ecf0a5293f244bf8d6c2d7d2af6fcf9,0.062,,,
3455,2026-05-25,SH600482,-0.0011636198018941414,EXP_CatBoostModel_Alpha158_csi300_custom_step0_s_20260525_18,7ecf0a5293f244bf8d6c2d7d2af6fcf9,0.062,,,
3456,2026-05-25,SH600460,0.0009543336006429412,EXP_CatBoostModel_Alpha158_csi300_custom_step0_s_20260525_18,7ecf0a5293f244bf8d6c2d7d2af6fcf9,0.062,,,
3457,2026-05-25,SH600547,-0.0016638386714869378,EXP_CatBoostModel_Alpha158_csi300_custom_step0_s_20260525_18,7ecf0a5293f244bf8d6c2d7d2af6fcf9,0.062,,,
3458,2026-05-25,SH600438,-0.0016638386714869378,EXP_CatBoostModel_Alpha158_csi300_custom_step0_s_20260525_18,7ecf0a5293f244bf8d6c2d7d2af6fcf9,0.062,,,
3459,2026-05-25,SH600426,0.0009543336006429412,EXP_CatBoostModel_Alpha158_csi300_custom_step0_s_20260525_18,7ecf0a5293f244bf8d6c2d7d2af6fcf9,0.062,,,
3460,2026-05-25,SH600415,-0.0033088348706769395,EXP_CatBoostModel_Alpha158_csi300_custom_step0_s_20260525_18,7ecf0a5293f244bf8d6c2d7d2af6fcf9,0.062,,,
3461,2026-05-25,SH600406,0.0016968446566231008,EXP_CatBoostModel_Alpha158_csi300_custom_step0_s_20260525_18,7ecf0a5293f244bf8d6c2d7d2af6fcf9,0.062,,,
3462,2026-05-25,SH600377,0.0006337176834253092,EXP_CatBoostModel_Alpha158_csi300_custom_step0_s_20260525_18,7ecf0a5293f244bf8d6c2d7d2af6fcf9,0.062,,,
3463,2026-05-25,SH600372,-0.0011636198018941414,EXP_CatBoostModel_Alpha158_csi300_custom_step0_s_20260525_18,7ecf0a5293f244bf8d6c2d7d2af6fcf9,0.062,,,
3464,2026-05-25,SH600362,-0.0016638386714869378,EXP_CatBoostModel_Alpha158_csi300_custom_step0_s_20260525_18,7ecf0a5293f244bf8d6c2d7d2af6fcf9,0.062,,,
3465,2026-05-25,SH600436,-0.0016638386714869378,EXP_CatBoostModel_Alpha158_csi300_custom_step0_s_20260525_18,7ecf0a5293f244bf8d6c2d7d2af6fcf9,0.062,,,
3466,2026-05-25,SH600570,0.0016968446566231008,EXP_CatBoostModel_Alpha158_csi300_custom_step0_s_20260525_18,7ecf0a5293f244bf8d6c2d7d2af6fcf9,0.062,,,
3467,2026-05-25,SH600584,-0.02649866020248996,EXP_CatBoostModel_Alpha158_csi300_custom_step0_s_20260525_18,7ecf0a5293f244bf8d6c2d7d2af6fcf9,0.062,,,
3468,2026-05-25,SH600585,-0.0016638386714869378,EXP_CatBoostModel_Alpha158_csi300_custom_step0_s_20260525_18,7ecf0a5293f244bf8d6c2d7d2af6fcf9,0.062,,,
3469,2026-05-25,SH600893,-0.0016638386714869378,EXP_CatBoostModel_Alpha158_csi300_custom_step0_s_20260525_18,7ecf0a5293f244bf8d6c2d7d2af6fcf9,0.062,,,
3470,2026-05-25,SH600887,-0.0011636198018941414,EXP_CatBoostModel_Alpha158_csi300_custom_step0_s_20260525_18,7ecf0a5293f244bf8d6c2d7d2af6fcf9,0.062,,,
3471,2026-05-25,SH600886,0.002977064758724916,EXP_CatBoostModel_Alpha158_csi300_custom_step0_s_20260525_18,7ecf0a5293f244bf8d6c2d7d2af6fcf9,0.062,,,
3472,2026-05-25,SH600875,-0.0011636198018941414,EXP_CatBoostModel_Alpha158_csi300_custom_step0_s_20260525_18,7ecf0a5293f244bf8d6c2d7d2af6fcf9,0.062,,,
3473,2026-05-25,SH600845,0.0009543336006429412,EXP_CatBoostModel_Alpha158_csi300_custom_step0_s_20260525_18,7ecf0a5293f244bf8d6c2d7d2af6fcf9,0.062,,,
3474,2026-05-25,SH600809,-0.0016638386714869378,EXP_CatBoostModel_Alpha158_csi300_custom_step0_s_20260525_18,7ecf0a5293f244bf8d6c2d7d2af6fcf9,0.062,,,
3475,2026-05-25,SH600803,-0.0011636198018941414,EXP_CatBoostModel_Alpha158_csi300_custom_step0_s_20260525_18,7ecf0a5293f244bf8d6c2d7d2af6fcf9,0.062,,,
3476,2026-05-25,SH600795,0.002977064758724916,EXP_CatBoostModel_Alpha158_csi300_custom_step0_s_20260525_18,7ecf0a5293f244bf8d6c2d7d2af6fcf9,0.062,,,
3477,2026-05-25,SH600760,-0.0016638386714869378,EXP_CatBoostModel_Alpha158_csi300_custom_step0_s_20260525_18,7ecf0a5293f244bf8d6c2d7d2af6fcf9,0.062,,,
3478,2026-05-25,SH600741,-0.0016638386714869378,EXP_CatBoostModel_Alpha158_csi300_custom_step0_s_20260525_18,7ecf0a5293f244bf8d6c2d7d2af6fcf9,0.062,,,
3479,2026-05-25,SH600690,0.0016968446566231008,EXP_CatBoostModel_Alpha158_csi300_custom_step0_s_20260525_18,7ecf0a5293f244bf8d6c2d7d2af6fcf9,0.062,,,
3480,2026-05-25,SH600674,0.0006709650475411412,EXP_CatBoostModel_Alpha158_csi300_custom_step0_s_20260525_18,7ecf0a5293f244bf8d6c2d7d2af6fcf9,0.062,,,
3481,2026-05-25,SH600660,-0.0011636198018941414,EXP_CatBoostModel_Alpha158_csi300_custom_step0_s_20260525_18,7ecf0a5293f244bf8d6c2d7d2af6fcf9,0.062,,,
3482,2026-05-25,SH600600,0.0016968446566231008,EXP_CatBoostModel_Alpha158_csi300_custom_step0_s_20260525_18,7ecf0a5293f244bf8d6c2d7d2af6fcf9,0.062,,,
3483,2026-05-25,SH600588,-0.0011636198018941414,EXP_CatBoostModel_Alpha158_csi300_custom_step0_s_20260525_18,7ecf0a5293f244bf8d6c2d7d2af6fcf9,0.062,,,
3484,2026-05-25,SH600346,-0.0011636198018941414,EXP_CatBoostModel_Alpha158_csi300_custom_step0_s_20260525_18,7ecf0a5293f244bf8d6c2d7d2af6fcf9,0.062,,,
3485,2026-05-25,SH600309,-0.0011636198018941414,EXP_CatBoostModel_Alpha158_csi300_custom_step0_s_20260525_18,7ecf0a5293f244bf8d6c2d7d2af6fcf9,0.062,,,
3486,2026-05-25,SH600276,-0.0016638386714869378,EXP_CatBoostModel_Alpha158_csi300_custom_step0_s_20260525_18,7ecf0a5293f244bf8d6c2d7d2af6fcf9,0.062,,,
3487,2026-05-25,SH600233,-0.0011636198018941414,EXP_CatBoostModel_Alpha158_csi300_custom_step0_s_20260525_18,7ecf0a5293f244bf8d6c2d7d2af6fcf9,0.062,,,
3488,2026-05-25,SH600031,-0.0016638386714869378,EXP_CatBoostModel_Alpha158_csi300_custom_step0_s_20260525_18,7ecf0a5293f244bf8d6c2d7d2af6fcf9,0.062,,,
3489,2026-05-25,SH600030,0.0006337176834253092,EXP_CatBoostModel_Alpha158_csi300_custom_step0_s_20260525_18,7ecf0a5293f244bf8d6c2d7d2af6fcf9,0.062,,,
3490,2026-05-25,SH600029,-0.0033088348706769395,EXP_CatBoostModel_Alpha158_csi300_custom_step0_s_20260525_18,7ecf0a5293f244bf8d6c2d7d2af6fcf9,0.062,,,
3491,2026-05-25,SH600028,-0.0016638386714869378,EXP_CatBoostModel_Alpha158_csi300_custom_step0_s_20260525_18,7ecf0a5293f244bf8d6c2d7d2af6fcf9,0.062,,,
3492,2026-05-25,SH600027,-0.0011636198018941414,EXP_CatBoostModel_Alpha158_csi300_custom_step0_s_20260525_18,7ecf0a5293f244bf8d6c2d7d2af6fcf9,0.062,,,
3493,2026-05-25,SH600026,-0.0011636198018941414,EXP_CatBoostModel_Alpha158_csi300_custom_step0_s_20260525_18,7ecf0a5293f244bf8d6c2d7d2af6fcf9,0.062,,,
3494,2026-05-25,SH600025,-0.000569741610109757,EXP_CatBoostModel_Alpha158_csi300_custom_step0_s_20260525_18,7ecf0a5293f244bf8d6c2d7d2af6fcf9,0.062,,,
3495,2026-05-25,SH600023,-0.0011636198018941414,EXP_CatBoostModel_Alpha158_csi300_custom_step0_s_20260525_18,7ecf0a5293f244bf8d6c2d7d2af6fcf9,0.062,,,
3496,2026-05-25,SH600019,-0.0011636198018941414,EXP_CatBoostModel_Alpha158_csi300_custom_step0_s_20260525_18,7ecf0a5293f244bf8d6c2d7d2af6fcf9,0.062,,,
3497,2026-05-25,SH600018,0.0006709650475411412,EXP_CatBoostModel_Alpha158_csi300_custom_step0_s_20260525_18,7ecf0a5293f244bf8d6c2d7d2af6fcf9,0.062,,,
3498,2026-05-25,SH600016,0.0009780621094699828,EXP_CatBoostModel_Alpha158_csi300_custom_step0_s_20260525_18,7ecf0a5293f244bf8d6c2d7d2af6fcf9,0.062,,,
3499,2026-05-25,SH600015,0.0006337176834253092,EXP_CatBoostModel_Alpha158_csi300_custom_step0_s_20260525_18,7ecf0a5293f244bf8d6c2d7d2af6fcf9,0.062,,,
3500,2026-05-25,SH600011,-0.0011636198018941414,EXP_CatBoostModel_Alpha158_csi300_custom_step0_s_20260525_18,7ecf0a5293f244bf8d6c2d7d2af6fcf9,0.062,,,
3501,2026-05-25,SH600010,-0.0016638386714869378,EXP_CatBoostModel_Alpha158_csi300_custom_step0_s_20260525_18,7ecf0a5293f244bf8d6c2d7d2af6fcf9,0.062,,,
3502,2026-05-25,SH600009,-0.0016638386714869378,EXP_CatBoostModel_Alpha158_csi300_custom_step0_s_20260525_18,7ecf0a5293f244bf8d6c2d7d2af6fcf9,0.062,,,
3503,2026-05-25,SH600036,0.0006337176834253092,EXP_CatBoostModel_Alpha158_csi300_custom_step0_s_20260525_18,7ecf0a5293f244bf8d6c2d7d2af6fcf9,0.062,,,
3504,2026-05-25,SH600900,0.0006709650475411412,EXP_CatBoostModel_Alpha158_csi300_custom_step0_s_20260525_18,7ecf0a5293f244bf8d6c2d7d2af6fcf9,0.062,,,
3505,2026-05-25,SH600039,-0.0019114251742704423,EXP_CatBoostModel_Alpha158_csi300_custom_step0_s_20260525_18,7ecf0a5293f244bf8d6c2d7d2af6fcf9,0.062,,,
3506,2026-05-25,SH600050,-0.0011636198018941414,EXP_CatBoostModel_Alpha158_csi300_custom_step0_s_20260525_18,7ecf0a5293f244bf8d6c2d7d2af6fcf9,0.062,,,
3507,2026-05-25,SH600219,-0.0016638386714869378,EXP_CatBoostModel_Alpha158_csi300_custom_step0_s_20260525_18,7ecf0a5293f244bf8d6c2d7d2af6fcf9,0.062,,,
3508,2026-05-25,SH600196,-0.0016638386714869378,EXP_CatBoostModel_Alpha158_csi300_custom_step0_s_20260525_18,7ecf0a5293f244bf8d6c2d7d2af6fcf9,0.062,,,
3509,2026-05-25,SH600188,-0.0011636198018941414,EXP_CatBoostModel_Alpha158_csi300_custom_step0_s_20260525_18,7ecf0a5293f244bf8d6c2d7d2af6fcf9,0.062,,,
3510,2026-05-25,SH600183,0.00023700010785863526,EXP_CatBoostModel_Alpha158_csi300_custom_step0_s_20260525_18,7ecf0a5293f244bf8d6c2d7d2af6fcf9,0.062,,,
3511,2026-05-25,SH600176,0.0009543336006429412,EXP_CatBoostModel_Alpha158_csi300_custom_step0_s_20260525_18,7ecf0a5293f244bf8d6c2d7d2af6fcf9,0.062,,,
3512,2026-05-25,SH600161,-0.0016638386714869378,EXP_CatBoostModel_Alpha158_csi300_custom_step0_s_20260525_18,7ecf0a5293f244bf8d6c2d7d2af6fcf9,0.062,,,
3513,2026-05-25,SH600160,-0.0011636198018941414,EXP_CatBoostModel_Alpha158_csi300_custom_step0_s_20260525_18,7ecf0a5293f244bf8d6c2d7d2af6fcf9,0.062,,,
3514,2026-05-25,SH600150,-0.0011636198018941414,EXP_CatBoostModel_Alpha158_csi300_custom_step0_s_20260525_18,7ecf0a5293f244bf8d6c2d7d2af6fcf9,0.062,,,
3515,2026-05-25,SH600115,-0.0033088348706769395,EXP_CatBoostModel_Alpha158_csi300_custom_step0_s_20260525_18,7ecf0a5293f244bf8d6c2d7d2af6fcf9,0.062,,,
3516,2026-05-25,SH600111,-0.0011636198018941414,EXP_CatBoostModel_Alpha158_csi300_custom_step0_s_20260525_18,7ecf0a5293f244bf8d6c2d7d2af6fcf9,0.062,,,
3517,2026-05-25,SH600104,-0.0016638386714869378,EXP_CatBoostModel_Alpha158_csi300_custom_step0_s_20260525_18,7ecf0a5293f244bf8d6c2d7d2af6fcf9,0.062,,,
3518,2026-05-25,SH600089,-0.0011636198018941414,EXP_CatBoostModel_Alpha158_csi300_custom_step0_s_20260525_18,7ecf0a5293f244bf8d6c2d7d2af6fcf9,0.062,,,
3519,2026-05-25,SH600085,-0.0016638386714869378,EXP_CatBoostModel_Alpha158_csi300_custom_step0_s_20260525_18,7ecf0a5293f244bf8d6c2d7d2af6fcf9,0.062,,,
3520,2026-05-25,SH600066,-0.0011636198018941414,EXP_CatBoostModel_Alpha158_csi300_custom_step0_s_20260525_18,7ecf0a5293f244bf8d6c2d7d2af6fcf9,0.062,,,
3521,2026-05-25,SH600061,-0.0016638386714869378,EXP_CatBoostModel_Alpha158_csi300_custom_step0_s_20260525_18,7ecf0a5293f244bf8d6c2d7d2af6fcf9,0.062,,,
3522,2026-05-25,SH600048,-0.0016638386714869378,EXP_CatBoostModel_Alpha158_csi300_custom_step0_s_20260525_18,7ecf0a5293f244bf8d6c2d7d2af6fcf9,0.062,,,
3523,2026-05-25,SH601901,0.002977064758724916,EXP_CatBoostModel_Alpha158_csi300_custom_step0_s_20260525_18,7ecf0a5293f244bf8d6c2d7d2af6fcf9,0.062,,,
3524,2026-05-25,SH600905,0.00011844934206180781,EXP_CatBoostModel_Alpha158_csi300_custom_step0_s_20260525_18,7ecf0a5293f244bf8d6c2d7d2af6fcf9,0.062,,,
3525,2026-05-25,SH600919,0.0006709650475411412,EXP_CatBoostModel_Alpha158_csi300_custom_step0_s_20260525_18,7ecf0a5293f244bf8d6c2d7d2af6fcf9,0.062,,,
3526,2026-05-25,SH601688,0.0016968446566231008,EXP_CatBoostModel_Alpha158_csi300_custom_step0_s_20260525_18,7ecf0a5293f244bf8d6c2d7d2af6fcf9,0.062,,,
3527,2026-05-25,SH601669,-0.0011636198018941414,EXP_CatBoostModel_Alpha158_csi300_custom_step0_s_20260525_18,7ecf0a5293f244bf8d6c2d7d2af6fcf9,0.062,,,
3528,2026-05-25,SH601668,0.0016968446566231008,EXP_CatBoostModel_Alpha158_csi300_custom_step0_s_20260525_18,7ecf0a5293f244bf8d6c2d7d2af6fcf9,0.062,,,
3529,2026-05-25,SH601658,0.002977064758724916,EXP_CatBoostModel_Alpha158_csi300_custom_step0_s_20260525_18,7ecf0a5293f244bf8d6c2d7d2af6fcf9,0.062,,,
3530,2026-05-25,SH601633,-0.0016638386714869378,EXP_CatBoostModel_Alpha158_csi300_custom_step0_s_20260525_18,7ecf0a5293f244bf8d6c2d7d2af6fcf9,0.062,,,
3531,2026-05-25,SH601628,-0.0016638386714869378,EXP_CatBoostModel_Alpha158_csi300_custom_step0_s_20260525_18,7ecf0a5293f244bf8d6c2d7d2af6fcf9,0.062,,,
3532,2026-05-25,SH601689,-0.0033088348706769395,EXP_CatBoostModel_Alpha158_csi300_custom_step0_s_20260525_18,7ecf0a5293f244bf8d6c2d7d2af6fcf9,0.062,,,
3533,2026-05-25,SH601618,0.0006709650475411412,EXP_CatBoostModel_Alpha158_csi300_custom_step0_s_20260525_18,7ecf0a5293f244bf8d6c2d7d2af6fcf9,0.062,,,
3534,2026-05-25,SH601601,-0.0016638386714869378,EXP_CatBoostModel_Alpha158_csi300_custom_step0_s_20260525_18,7ecf0a5293f244bf8d6c2d7d2af6fcf9,0.062,,,
3535,2026-05-25,SH601600,-0.0011636198018941414,EXP_CatBoostModel_Alpha158_csi300_custom_step0_s_20260525_18,7ecf0a5293f244bf8d6c2d7d2af6fcf9,0.062,,,
3536,2026-05-25,SH601456,0.0016968446566231008,EXP_CatBoostModel_Alpha158_csi300_custom_step0_s_20260525_18,7ecf0a5293f244bf8d6c2d7d2af6fcf9,0.062,,,
3537,2026-05-25,SH601398,0.0016968446566231008,EXP_CatBoostModel_Alpha158_csi300_custom_step0_s_20260525_18,7ecf0a5293f244bf8d6c2d7d2af6fcf9,0.062,,,
3538,2026-05-25,SH601390,-0.0016638386714869378,EXP_CatBoostModel_Alpha158_csi300_custom_step0_s_20260525_18,7ecf0a5293f244bf8d6c2d7d2af6fcf9,0.062,,,
3539,2026-05-25,SH601377,0.0016968446566231008,EXP_CatBoostModel_Alpha158_csi300_custom_step0_s_20260525_18,7ecf0a5293f244bf8d6c2d7d2af6fcf9,0.062,,,
3540,2026-05-25,SH601607,0.0009780621094699828,EXP_CatBoostModel_Alpha158_csi300_custom_step0_s_20260525_18,7ecf0a5293f244bf8d6c2d7d2af6fcf9,0.062,,,
3541,2026-05-25,SH601698,-0.0011636198018941414,EXP_CatBoostModel_Alpha158_csi300_custom_step0_s_20260525_18,7ecf0a5293f244bf8d6c2d7d2af6fcf9,0.062,,,
3542,2026-05-25,SH601728,-0.0011636198018941414,EXP_CatBoostModel_Alpha158_csi300_custom_step0_s_20260525_18,7ecf0a5293f244bf8d6c2d7d2af6fcf9,0.062,,,
3543,2026-05-25,SH601766,-0.0016638386714869378,EXP_CatBoostModel_Alpha158_csi300_custom_step0_s_20260525_18,7ecf0a5293f244bf8d6c2d7d2af6fcf9,0.062,,,
3544,2026-05-25,SH601898,-0.0011636198018941414,EXP_CatBoostModel_Alpha158_csi300_custom_step0_s_20260525_18,7ecf0a5293f244bf8d6c2d7d2af6fcf9,0.062,,,
3545,2026-05-25,SH601888,-0.0016638386714869378,EXP_CatBoostModel_Alpha158_csi300_custom_step0_s_20260525_18,7ecf0a5293f244bf8d6c2d7d2af6fcf9,0.062,,,
3546,2026-05-25,SH601881,-0.0016638386714869378,EXP_CatBoostModel_Alpha158_csi300_custom_step0_s_20260525_18,7ecf0a5293f244bf8d6c2d7d2af6fcf9,0.062,,,
3547,2026-05-25,SH601878,0.00011844934206180781,EXP_CatBoostModel_Alpha158_csi300_custom_step0_s_20260525_18,7ecf0a5293f244bf8d6c2d7d2af6fcf9,0.062,,,
3548,2026-05-25,SH601877,-0.0011636198018941414,EXP_CatBoostModel_Alpha158_csi300_custom_step0_s_20260525_18,7ecf0a5293f244bf8d6c2d7d2af6fcf9,0.062,,,
3549,2026-05-25,SH601872,0.0006337176834253092,EXP_CatBoostModel_Alpha158_csi300_custom_step0_s_20260525_18,7ecf0a5293f244bf8d6c2d7d2af6fcf9,0.062,,,
3550,2026-05-25,SH601868,-0.0011636198018941414,EXP_CatBoostModel_Alpha158_csi300_custom_step0_s_20260525_18,7ecf0a5293f244bf8d6c2d7d2af6fcf9,0.062,,,
3551,2026-05-25,SH601857,-0.0011636198018941414,EXP_CatBoostModel_Alpha158_csi300_custom_step0_s_20260525_18,7ecf0a5293f244bf8d6c2d7d2af6fcf9,0.062,,,
3552,2026-05-25,SH601838,0.0006337176834253092,EXP_CatBoostModel_Alpha158_csi300_custom_step0_s_20260525_18,7ecf0a5293f244bf8d6c2d7d2af6fcf9,0.062,,,
3553,2026-05-25,SH601825,0.0006337176834253092,EXP_CatBoostModel_Alpha158_csi300_custom_step0_s_20260525_18,7ecf0a5293f244bf8d6c2d7d2af6fcf9,0.062,,,
3554,2026-05-25,SH601818,0.0006709650475411412,EXP_CatBoostModel_Alpha158_csi300_custom_step0_s_20260525_18,7ecf0a5293f244bf8d6c2d7d2af6fcf9,0.062,,,
3555,2026-05-25,SH601816,0.0016968446566231008,EXP_CatBoostModel_Alpha158_csi300_custom_step0_s_20260525_18,7ecf0a5293f244bf8d6c2d7d2af6fcf9,0.062,,,
3556,2026-05-25,SH601808,-0.0016638386714869378,EXP_CatBoostModel_Alpha158_csi300_custom_step0_s_20260525_18,7ecf0a5293f244bf8d6c2d7d2af6fcf9,0.062,,,
3557,2026-05-25,SH601800,-0.0016638386714869378,EXP_CatBoostModel_Alpha158_csi300_custom_step0_s_20260525_18,7ecf0a5293f244bf8d6c2d7d2af6fcf9,0.062,,,
3558,2026-05-25,SH601788,-0.0016638386714869378,EXP_CatBoostModel_Alpha158_csi300_custom_step0_s_20260525_18,7ecf0a5293f244bf8d6c2d7d2af6fcf9,0.062,,,
3559,2026-05-25,SH601360,-0.0011636198018941414,EXP_CatBoostModel_Alpha158_csi300_custom_step0_s_20260525_18,7ecf0a5293f244bf8d6c2d7d2af6fcf9,0.062,,,
3560,2026-05-25,SH601336,-0.0016638386714869378,EXP_CatBoostModel_Alpha158_csi300_custom_step0_s_20260525_18,7ecf0a5293f244bf8d6c2d7d2af6fcf9,0.062,,,
3561,2026-05-25,SH601328,0.0006709650475411412,EXP_CatBoostModel_Alpha158_csi300_custom_step0_s_20260525_18,7ecf0a5293f244bf8d6c2d7d2af6fcf9,0.062,,,
3562,2026-05-25,SH601319,-0.0016638386714869378,EXP_CatBoostModel_Alpha158_csi300_custom_step0_s_20260525_18,7ecf0a5293f244bf8d6c2d7d2af6fcf9,0.062,,,
3563,2026-05-25,SH601066,0.0006337176834253092,EXP_CatBoostModel_Alpha158_csi300_custom_step0_s_20260525_18,7ecf0a5293f244bf8d6c2d7d2af6fcf9,0.062,,,
3564,2026-05-25,SH601059,0.002977064758724916,EXP_CatBoostModel_Alpha158_csi300_custom_step0_s_20260525_18,7ecf0a5293f244bf8d6c2d7d2af6fcf9,0.062,,,
3565,2026-05-25,SH601058,-0.0016638386714869378,EXP_CatBoostModel_Alpha158_csi300_custom_step0_s_20260525_18,7ecf0a5293f244bf8d6c2d7d2af6fcf9,0.062,,,
3566,2026-05-25,SH601021,0.0014570101925490807,EXP_CatBoostModel_Alpha158_csi300_custom_step0_s_20260525_18,7ecf0a5293f244bf8d6c2d7d2af6fcf9,0.062,,,
3567,2026-05-25,SH601018,0.0006337176834253092,EXP_CatBoostModel_Alpha158_csi300_custom_step0_s_20260525_18,7ecf0a5293f244bf8d6c2d7d2af6fcf9,0.062,,,
3568,2026-05-25,SH601012,-0.0011636198018941414,EXP_CatBoostModel_Alpha158_csi300_custom_step0_s_20260525_18,7ecf0a5293f244bf8d6c2d7d2af6fcf9,0.062,,,
3569,2026-05-25,SH601009,0.0006337176834253092,EXP_CatBoostModel_Alpha158_csi300_custom_step0_s_20260525_18,7ecf0a5293f244bf8d6c2d7d2af6fcf9,0.062,,,
3570,2026-05-25,SH601006,0.0009780621094699828,EXP_CatBoostModel_Alpha158_csi300_custom_step0_s_20260525_18,7ecf0a5293f244bf8d6c2d7d2af6fcf9,0.062,,,
3571,2026-05-25,SH600999,-0.0011636198018941414,EXP_CatBoostModel_Alpha158_csi300_custom_step0_s_20260525_18,7ecf0a5293f244bf8d6c2d7d2af6fcf9,0.062,,,
3572,2026-05-25,SH600989,-0.0011636198018941414,EXP_CatBoostModel_Alpha158_csi300_custom_step0_s_20260525_18,7ecf0a5293f244bf8d6c2d7d2af6fcf9,0.062,,,
3573,2026-05-25,SH600958,0.0006337176834253092,EXP_CatBoostModel_Alpha158_csi300_custom_step0_s_20260525_18,7ecf0a5293f244bf8d6c2d7d2af6fcf9,0.062,,,
3574,2026-05-25,SH600941,0.0006709650475411412,EXP_CatBoostModel_Alpha158_csi300_custom_step0_s_20260525_18,7ecf0a5293f244bf8d6c2d7d2af6fcf9,0.062,,,
3575,2026-05-25,SH600938,-0.0011636198018941414,EXP_CatBoostModel_Alpha158_csi300_custom_step0_s_20260525_18,7ecf0a5293f244bf8d6c2d7d2af6fcf9,0.062,,,
3576,2026-05-25,SH600930,-0.0011636198018941414,EXP_CatBoostModel_Alpha158_csi300_custom_step0_s_20260525_18,7ecf0a5293f244bf8d6c2d7d2af6fcf9,0.062,,,
3577,2026-05-25,SH600926,0.0006337176834253092,EXP_CatBoostModel_Alpha158_csi300_custom_step0_s_20260525_18,7ecf0a5293f244bf8d6c2d7d2af6fcf9,0.062,,,
3578,2026-05-25,SH601077,0.0006337176834253092,EXP_CatBoostModel_Alpha158_csi300_custom_step0_s_20260525_18,7ecf0a5293f244bf8d6c2d7d2af6fcf9,0.062,,,
3579,2026-05-25,SH600918,-0.0011636198018941414,EXP_CatBoostModel_Alpha158_csi300_custom_step0_s_20260525_18,7ecf0a5293f244bf8d6c2d7d2af6fcf9,0.062,,,
3580,2026-05-25,SH601088,0.0016968446566231008,EXP_CatBoostModel_Alpha158_csi300_custom_step0_s_20260525_18,7ecf0a5293f244bf8d6c2d7d2af6fcf9,0.062,,,
3581,2026-05-25,SH601111,-0.0033088348706769395,EXP_CatBoostModel_Alpha158_csi300_custom_step0_s_20260525_18,7ecf0a5293f244bf8d6c2d7d2af6fcf9,0.062,,,
3582,2026-05-25,SH601318,-0.0016638386714869378,EXP_CatBoostModel_Alpha158_csi300_custom_step0_s_20260525_18,7ecf0a5293f244bf8d6c2d7d2af6fcf9,0.062,,,
3583,2026-05-25,SH601298,0.0006709650475411412,EXP_CatBoostModel_Alpha158_csi300_custom_step0_s_20260525_18,7ecf0a5293f244bf8d6c2d7d2af6fcf9,0.062,,,
3584,2026-05-25,SH601288,0.0006337176834253092,EXP_CatBoostModel_Alpha158_csi300_custom_step0_s_20260525_18,7ecf0a5293f244bf8d6c2d7d2af6fcf9,0.062,,,
3585,2026-05-25,SH601238,-0.0016638386714869378,EXP_CatBoostModel_Alpha158_csi300_custom_step0_s_20260525_18,7ecf0a5293f244bf8d6c2d7d2af6fcf9,0.062,,,
3586,2026-05-25,SH601236,-0.0011636198018941414,EXP_CatBoostModel_Alpha158_csi300_custom_step0_s_20260525_18,7ecf0a5293f244bf8d6c2d7d2af6fcf9,0.062,,,
3587,2026-05-25,SH601229,-0.0016638386714869378,EXP_CatBoostModel_Alpha158_csi300_custom_step0_s_20260525_18,7ecf0a5293f244bf8d6c2d7d2af6fcf9,0.062,,,
3588,2026-05-25,SH601225,0.0006337176834253092,EXP_CatBoostModel_Alpha158_csi300_custom_step0_s_20260525_18,7ecf0a5293f244bf8d6c2d7d2af6fcf9,0.062,,,
3589,2026-05-25,SH601211,-0.0016638386714869378,EXP_CatBoostModel_Alpha158_csi300_custom_step0_s_20260525_18,7ecf0a5293f244bf8d6c2d7d2af6fcf9,0.062,,,
3590,2026-05-25,SH601186,-0.0016638386714869378,EXP_CatBoostModel_Alpha158_csi300_custom_step0_s_20260525_18,7ecf0a5293f244bf8d6c2d7d2af6fcf9,0.062,,,
3591,2026-05-25,SH601169,0.0006337176834253092,EXP_CatBoostModel_Alpha158_csi300_custom_step0_s_20260525_18,7ecf0a5293f244bf8d6c2d7d2af6fcf9,0.062,,,
3592,2026-05-25,SH601166,0.0006337176834253092,EXP_CatBoostModel_Alpha158_csi300_custom_step0_s_20260525_18,7ecf0a5293f244bf8d6c2d7d2af6fcf9,0.062,,,
3593,2026-05-25,SH601138,0.0009543336006429412,EXP_CatBoostModel_Alpha158_csi300_custom_step0_s_20260525_18,7ecf0a5293f244bf8d6c2d7d2af6fcf9,0.062,,,
3594,2026-05-25,SH601136,-0.0016638386714869378,EXP_CatBoostModel_Alpha158_csi300_custom_step0_s_20260525_18,7ecf0a5293f244bf8d6c2d7d2af6fcf9,0.062,,,
3595,2026-05-25,SH601127,-0.0016638386714869378,EXP_CatBoostModel_Alpha158_csi300_custom_step0_s_20260525_18,7ecf0a5293f244bf8d6c2d7d2af6fcf9,0.062,,,
3596,2026-05-25,SH601117,-0.0016638386714869378,EXP_CatBoostModel_Alpha158_csi300_custom_step0_s_20260525_18,7ecf0a5293f244bf8d6c2d7d2af6fcf9,0.062,,,
3597,2026-05-25,SH601100,-0.0011636198018941414,EXP_CatBoostModel_Alpha158_csi300_custom_step0_s_20260525_18,7ecf0a5293f244bf8d6c2d7d2af6fcf9,0.062,,,
3598,2026-05-25,SZ301269,-3.279200183646561e-10,EXP_LGBModel_Alpha158_csi300_custom_step0_s_20260525_18,706cac07e9824b028db32aff3941fe6e,0.044,,,
3599,2026-05-25,SZ302132,-0.002448321252007252,EXP_LGBModel_Alpha158_csi300_custom_step0_s_20260525_18,706cac07e9824b028db32aff3941fe6e,0.044,,,
3600,2026-05-25,SH600000,-0.0027205983008637227,EXP_LGBModel_Alpha158_csi300_custom_step0_s_20260525_18,979a131ba2504def9431af2a4272e389,0.011,,,
3601,2026-05-25,SZ000596,-0.12494574032051452,EXP_DEnsembleModel_Alpha158_csi300_custom_step0_s_20260525_15,87440dfec6114430a2cb49d201f180b2,0.058,,,
3602,2026-05-25,SZ000568,-0.09854971277671926,EXP_DEnsembleModel_Alpha158_csi300_custom_step0_s_20260525_15,87440dfec6114430a2cb49d201f180b2,0.058,,,
3603,2026-05-25,SZ000538,0.027672140361497337,EXP_DEnsembleModel_Alpha158_csi300_custom_step0_s_20260525_15,87440dfec6114430a2cb49d201f180b2,0.058,,,
3604,2026-05-25,SZ000425,-0.08536534651305092,EXP_DEnsembleModel_Alpha158_csi300_custom_step0_s_20260525_15,87440dfec6114430a2cb49d201f180b2,0.058,,,
3605,2026-05-25,SZ000408,-0.12070156461504895,EXP_DEnsembleModel_Alpha158_csi300_custom_step0_s_20260525_15,87440dfec6114430a2cb49d201f180b2,0.058,,,
3606,2026-05-25,SZ000338,-0.1671074373663403,EXP_DEnsembleModel_Alpha158_csi300_custom_step0_s_20260525_15,87440dfec6114430a2cb49d201f180b2,0.058,,,
3607,2026-05-25,SZ000617,0.06440279576500538,EXP_DEnsembleModel_Alpha158_csi300_custom_step0_s_20260525_15,87440dfec6114430a2cb49d201f180b2,0.058,,,
3608,2026-05-25,SZ000333,0.08432634402894389,EXP_DEnsembleModel_Alpha158_csi300_custom_step0_s_20260525_15,87440dfec6114430a2cb49d201f180b2,0.058,,,
3609,2026-05-25,SZ000166,-0.04527654297535197,EXP_DEnsembleModel_Alpha158_csi300_custom_step0_s_20260525_15,87440dfec6114430a2cb49d201f180b2,0.058,,,
3610,2026-05-25,SZ000157,-0.04365478171277219,EXP_DEnsembleModel_Alpha158_csi300_custom_step0_s_20260525_15,87440dfec6114430a2cb49d201f180b2,0.058,,,
3611,2026-05-25,SZ000100,-0.0019248486637325516,EXP_DEnsembleModel_Alpha158_csi300_custom_step0_s_20260525_15,87440dfec6114430a2cb49d201f180b2,0.058,,,
3612,2026-05-25,SZ000063,-0.055013356027442006,EXP_DEnsembleModel_Alpha158_csi300_custom_step0_s_20260525_15,87440dfec6114430a2cb49d201f180b2,0.058,,,
3613,2026-05-25,SZ000002,-0.091806107125335,EXP_DEnsembleModel_Alpha158_csi300_custom_step0_s_20260525_15,87440dfec6114430a2cb49d201f180b2,0.058,,,
3614,2026-05-25,SZ000001,0.007868789073393664,EXP_DEnsembleModel_Alpha158_csi300_custom_step0_s_20260525_15,87440dfec6114430a2cb49d201f180b2,0.058,,,
3615,2026-05-25,SZ000301,-0.051719436373422245,EXP_DEnsembleModel_Alpha158_csi300_custom_step0_s_20260525_15,87440dfec6114430a2cb49d201f180b2,0.058,,,
3616,2026-05-25,SZ000625,0.03573381921283603,EXP_DEnsembleModel_Alpha158_csi300_custom_step0_s_20260525_15,87440dfec6114430a2cb49d201f180b2,0.058,,,
3617,2026-05-25,SZ000630,0.018112814483100325,EXP_DEnsembleModel_Alpha158_csi300_custom_step0_s_20260525_15,87440dfec6114430a2cb49d201f180b2,0.058,,,
3618,2026-05-25,SZ000651,0.03423799610020166,EXP_DEnsembleModel_Alpha158_csi300_custom_step0_s_20260525_15,87440dfec6114430a2cb49d201f180b2,0.058,,,
3619,2026-05-25,SZ000977,-0.029863920621012063,EXP_DEnsembleModel_Alpha158_csi300_custom_step0_s_20260525_15,87440dfec6114430a2cb49d201f180b2,0.058,,,
3620,2026-05-25,SZ000975,0.0524755455946528,EXP_DEnsembleModel_Alpha158_csi300_custom_step0_s_20260525_15,87440dfec6114430a2cb49d201f180b2,0.058,,,
3621,2026-05-25,SZ000963,-0.0017121894105415344,EXP_DEnsembleModel_Alpha158_csi300_custom_step0_s_20260525_15,87440dfec6114430a2cb49d201f180b2,0.058,,,
3622,2026-05-25,SZ000938,-0.001958735953175728,EXP_DEnsembleModel_Alpha158_csi300_custom_step0_s_20260525_15,87440dfec6114430a2cb49d201f180b2,0.058,,,
3623,2026-05-25,SZ000895,0.00493231185860384,EXP_DEnsembleModel_Alpha158_csi300_custom_step0_s_20260525_15,87440dfec6114430a2cb49d201f180b2,0.058,,,
3624,2026-05-25,SZ000876,-0.04411569770544703,EXP_DEnsembleModel_Alpha158_csi300_custom_step0_s_20260525_15,87440dfec6114430a2cb49d201f180b2,0.058,,,
3625,2026-05-25,SZ000858,-0.04614361764936516,EXP_DEnsembleModel_Alpha158_csi300_custom_step0_s_20260525_15,87440dfec6114430a2cb49d201f180b2,0.058,,,
3626,2026-05-25,SZ000807,-0.040800664135880425,EXP_DEnsembleModel_Alpha158_csi300_custom_step0_s_20260525_15,87440dfec6114430a2cb49d201f180b2,0.058,,,
3627,2026-05-25,SZ000792,-0.0056312443864317205,EXP_DEnsembleModel_Alpha158_csi300_custom_step0_s_20260525_15,87440dfec6114430a2cb49d201f180b2,0.058,,,
3628,2026-05-25,SZ000786,-0.08779740926360768,EXP_DEnsembleModel_Alpha158_csi300_custom_step0_s_20260525_15,87440dfec6114430a2cb49d201f180b2,0.058,,,
3629,2026-05-25,SZ000776,-0.008470898784022565,EXP_DEnsembleModel_Alpha158_csi300_custom_step0_s_20260525_15,87440dfec6114430a2cb49d201f180b2,0.058,,,
3630,2026-05-25,SZ000768,-0.06065297434422584,EXP_DEnsembleModel_Alpha158_csi300_custom_step0_s_20260525_15,87440dfec6114430a2cb49d201f180b2,0.058,,,
3631,2026-05-25,SZ000725,0.02378963538758042,EXP_DEnsembleModel_Alpha158_csi300_custom_step0_s_20260525_15,87440dfec6114430a2cb49d201f180b2,0.058,,,
3632,2026-05-25,SZ000708,-0.02404860705492956,EXP_DEnsembleModel_Alpha158_csi300_custom_step0_s_20260525_15,87440dfec6114430a2cb49d201f180b2,0.058,,,
3633,2026-05-25,SZ000661,-0.14135631337191243,EXP_DEnsembleModel_Alpha158_csi300_custom_step0_s_20260525_15,87440dfec6114430a2cb49d201f180b2,0.058,,,
3634,2026-05-25,SH688981,0.015936101555183598,EXP_DEnsembleModel_Alpha158_csi300_custom_step0_s_20260525_15,87440dfec6114430a2cb49d201f180b2,0.058,,,
3635,2026-05-25,SH688506,-0.00688837310121254,EXP_DEnsembleModel_Alpha158_csi300_custom_step0_s_20260525_15,87440dfec6114430a2cb49d201f180b2,0.058,,,
3636,2026-05-25,SH688472,-0.08153857008077732,EXP_DEnsembleModel_Alpha158_csi300_custom_step0_s_20260525_15,87440dfec6114430a2cb49d201f180b2,0.058,,,
3637,2026-05-25,SH688396,-0.15853250107251712,EXP_DEnsembleModel_Alpha158_csi300_custom_step0_s_20260525_15,87440dfec6114430a2cb49d201f180b2,0.058,,,
3638,2026-05-25,SH603893,-0.03978172051251203,EXP_DEnsembleModel_Alpha158_csi300_custom_step0_s_20260525_15,87440dfec6114430a2cb49d201f180b2,0.058,,,
3639,2026-05-25,SH603799,-0.11464626083730393,EXP_DEnsembleModel_Alpha158_csi300_custom_step0_s_20260525_15,87440dfec6114430a2cb49d201f180b2,0.058,,,
3640,2026-05-25,SH603501,-0.1020269687834736,EXP_DEnsembleModel_Alpha158_csi300_custom_step0_s_20260525_15,87440dfec6114430a2cb49d201f180b2,0.058,,,
3641,2026-05-25,SH603392,-0.12922616851697985,EXP_DEnsembleModel_Alpha158_csi300_custom_step0_s_20260525_15,87440dfec6114430a2cb49d201f180b2,0.058,,,
3642,2026-05-25,SH603369,-0.10584856246726321,EXP_DEnsembleModel_Alpha158_csi300_custom_step0_s_20260525_15,87440dfec6114430a2cb49d201f180b2,0.058,,,
3643,2026-05-25,SH603296,-0.07431980859344917,EXP_DEnsembleModel_Alpha158_csi300_custom_step0_s_20260525_15,87440dfec6114430a2cb49d201f180b2,0.058,,,
3644,2026-05-25,SH603288,-0.05915617087709901,EXP_DEnsembleModel_Alpha158_csi300_custom_step0_s_20260525_15,87440dfec6114430a2cb49d201f180b2,0.058,,,
3645,2026-05-25,SH603260,-0.10634501741808315,EXP_DEnsembleModel_Alpha158_csi300_custom_step0_s_20260525_15,87440dfec6114430a2cb49d201f180b2,0.058,,,
3646,2026-05-25,SH603259,-0.010319069684496656,EXP_DEnsembleModel_Alpha158_csi300_custom_step0_s_20260525_15,87440dfec6114430a2cb49d201f180b2,0.058,,,
3647,2026-05-25,SH603195,-0.0015505871940860278,EXP_DEnsembleModel_Alpha158_csi300_custom_step0_s_20260525_15,87440dfec6114430a2cb49d201f180b2,0.058,,,
3648,2026-05-25,SH603019,-0.07515756253626248,EXP_DEnsembleModel_Alpha158_csi300_custom_step0_s_20260525_15,87440dfec6114430a2cb49d201f180b2,0.058,,,
3649,2026-05-25,SH601998,0.04596375078967453,EXP_DEnsembleModel_Alpha158_csi300_custom_step0_s_20260525_15,87440dfec6114430a2cb49d201f180b2,0.058,,,
3650,2026-05-25,SH601995,0.06938859477580546,EXP_DEnsembleModel_Alpha158_csi300_custom_step0_s_20260525_15,87440dfec6114430a2cb49d201f180b2,0.058,,,
3651,2026-05-25,SH601988,0.18343362293446097,EXP_DEnsembleModel_Alpha158_csi300_custom_step0_s_20260525_15,87440dfec6114430a2cb49d201f180b2,0.058,,,
3652,2026-05-25,SH601985,0.06320933217812175,EXP_DEnsembleModel_Alpha158_csi300_custom_step0_s_20260525_15,87440dfec6114430a2cb49d201f180b2,0.058,,,
3653,2026-05-25,SH603986,-0.34834478509757155,EXP_DEnsembleModel_Alpha158_csi300_custom_step0_s_20260525_15,87440dfec6114430a2cb49d201f180b2,0.058,,,
3654,2026-05-25,SZ000983,-0.04200420945037352,EXP_DEnsembleModel_Alpha158_csi300_custom_step0_s_20260525_15,87440dfec6114430a2cb49d201f180b2,0.058,,,
3655,2026-05-25,SH603993,-0.10536012258275322,EXP_DEnsembleModel_Alpha158_csi300_custom_step0_s_20260525_15,87440dfec6114430a2cb49d201f180b2,0.058,,,
3656,2026-05-25,SH605499,-0.038688601807277505,EXP_DEnsembleModel_Alpha158_csi300_custom_step0_s_20260525_15,87440dfec6114430a2cb49d201f180b2,0.058,,,
3657,2026-05-25,SH688303,-0.20055050620536433,EXP_DEnsembleModel_Alpha158_csi300_custom_step0_s_20260525_15,87440dfec6114430a2cb49d201f180b2,0.058,,,
3658,2026-05-25,SH688271,-0.013666803531162453,EXP_DEnsembleModel_Alpha158_csi300_custom_step0_s_20260525_15,87440dfec6114430a2cb49d201f180b2,0.058,,,
3659,2026-05-25,SH688256,-0.23810512138043957,EXP_DEnsembleModel_Alpha158_csi300_custom_step0_s_20260525_15,87440dfec6114430a2cb49d201f180b2,0.058,,,
3660,2026-05-25,SH688223,-0.08434366908931919,EXP_DEnsembleModel_Alpha158_csi300_custom_step0_s_20260525_15,87440dfec6114430a2cb49d201f180b2,0.058,,,
3661,2026-05-25,SH688187,0.049673626374543395,EXP_DEnsembleModel_Alpha158_csi300_custom_step0_s_20260525_15,87440dfec6114430a2cb49d201f180b2,0.058,,,
3662,2026-05-25,SH688169,-0.07589150174396206,EXP_DEnsembleModel_Alpha158_csi300_custom_step0_s_20260525_15,87440dfec6114430a2cb49d201f180b2,0.058,,,
3663,2026-05-25,SH688126,-0.051154713547491355,EXP_DEnsembleModel_Alpha158_csi300_custom_step0_s_20260525_15,87440dfec6114430a2cb49d201f180b2,0.058,,,
3664,2026-05-25,SH688111,-0.1370957644753856,EXP_DEnsembleModel_Alpha158_csi300_custom_step0_s_20260525_15,87440dfec6114430a2cb49d201f180b2,0.058,,,
3665,2026-05-25,SH688082,-0.3412096023127819,EXP_DEnsembleModel_Alpha158_csi300_custom_step0_s_20260525_15,87440dfec6114430a2cb49d201f180b2,0.058,,,
3666,2026-05-25,SH688047,-0.09238017149768113,EXP_DEnsembleModel_Alpha158_csi300_custom_step0_s_20260525_15,87440dfec6114430a2cb49d201f180b2,0.058,,,
3667,2026-05-25,SH688041,-0.1523983519109946,EXP_DEnsembleModel_Alpha158_csi300_custom_step0_s_20260525_15,87440dfec6114430a2cb49d201f180b2,0.058,,,
3668,2026-05-25,SH688036,-0.03538201990849332,EXP_DEnsembleModel_Alpha158_csi300_custom_step0_s_20260525_15,87440dfec6114430a2cb49d201f180b2,0.058,,,
3669,2026-05-25,SH688012,-0.11242433691379068,EXP_DEnsembleModel_Alpha158_csi300_custom_step0_s_20260525_15,87440dfec6114430a2cb49d201f180b2,0.058,,,
3670,2026-05-25,SH688009,-0.029356308328964038,EXP_DEnsembleModel_Alpha158_csi300_custom_step0_s_20260525_15,87440dfec6114430a2cb49d201f180b2,0.058,,,
3671,2026-05-25,SH688008,-0.29118275773397506,EXP_DEnsembleModel_Alpha158_csi300_custom_step0_s_20260525_15,87440dfec6114430a2cb49d201f180b2,0.058,,,
3672,2026-05-25,SH605117,-0.1545220440269063,EXP_DEnsembleModel_Alpha158_csi300_custom_step0_s_20260525_15,87440dfec6114430a2cb49d201f180b2,0.058,,,
3673,2026-05-25,SH601939,0.09879877056585865,EXP_DEnsembleModel_Alpha158_csi300_custom_step0_s_20260525_15,87440dfec6114430a2cb49d201f180b2,0.058,,,
3674,2026-05-25,SZ000999,0.008366629841309226,EXP_DEnsembleModel_Alpha158_csi300_custom_step0_s_20260525_15,87440dfec6114430a2cb49d201f180b2,0.058,,,
3675,2026-05-25,SZ001965,0.03355055916562449,EXP_DEnsembleModel_Alpha158_csi300_custom_step0_s_20260525_15,87440dfec6114430a2cb49d201f180b2,0.058,,,
3676,2026-05-25,SZ300413,0.03558913178026555,EXP_DEnsembleModel_Alpha158_csi300_custom_step0_s_20260525_15,87440dfec6114430a2cb49d201f180b2,0.058,,,
3677,2026-05-25,SZ300408,-0.03753095473626049,EXP_DEnsembleModel_Alpha158_csi300_custom_step0_s_20260525_15,87440dfec6114430a2cb49d201f180b2,0.058,,,
3678,2026-05-25,SZ300394,-0.029982151815067134,EXP_DEnsembleModel_Alpha158_csi300_custom_step0_s_20260525_15,87440dfec6114430a2cb49d201f180b2,0.058,,,
3679,2026-05-25,SZ300347,0.04714491645820182,EXP_DEnsembleModel_Alpha158_csi300_custom_step0_s_20260525_15,87440dfec6114430a2cb49d201f180b2,0.058,,,
3680,2026-05-25,SZ300316,-0.16858415436412083,EXP_DEnsembleModel_Alpha158_csi300_custom_step0_s_20260525_15,87440dfec6114430a2cb49d201f180b2,0.058,,,
3681,2026-05-25,SZ300308,-0.1095176816837208,EXP_DEnsembleModel_Alpha158_csi300_custom_step0_s_20260525_15,87440dfec6114430a2cb49d201f180b2,0.058,,,
3682,2026-05-25,SZ300418,-0.08928195687180243,EXP_DEnsembleModel_Alpha158_csi300_custom_step0_s_20260525_15,87440dfec6114430a2cb49d201f180b2,0.058,,,
3683,2026-05-25,SZ300274,-0.17413284881576196,EXP_DEnsembleModel_Alpha158_csi300_custom_step0_s_20260525_15,87440dfec6114430a2cb49d201f180b2,0.058,,,
3684,2026-05-25,SZ300124,0.0438335325608346,EXP_DEnsembleModel_Alpha158_csi300_custom_step0_s_20260525_15,87440dfec6114430a2cb49d201f180b2,0.058,,,
3685,2026-05-25,SZ300122,-0.18431076208246008,EXP_DEnsembleModel_Alpha158_csi300_custom_step0_s_20260525_15,87440dfec6114430a2cb49d201f180b2,0.058,,,
3686,2026-05-25,SZ300059,-0.1214775902977968,EXP_DEnsembleModel_Alpha158_csi300_custom_step0_s_20260525_15,87440dfec6114430a2cb49d201f180b2,0.058,,,
3687,2026-05-25,SZ300033,-0.09905431672371069,EXP_DEnsembleModel_Alpha158_csi300_custom_step0_s_20260525_15,87440dfec6114430a2cb49d201f180b2,0.058,,,
3688,2026-05-25,SZ300015,-0.1475534455759936,EXP_DEnsembleModel_Alpha158_csi300_custom_step0_s_20260525_15,87440dfec6114430a2cb49d201f180b2,0.058,,,
3689,2026-05-25,SZ300014,-0.04799379873619494,EXP_DEnsembleModel_Alpha158_csi300_custom_step0_s_20260525_15,87440dfec6114430a2cb49d201f180b2,0.058,,,
3690,2026-05-25,SZ300251,-0.09426905105220786,EXP_DEnsembleModel_Alpha158_csi300_custom_step0_s_20260525_15,87440dfec6114430a2cb49d201f180b2,0.058,,,
3691,2026-05-25,SZ300433,0.06958727401809824,EXP_DEnsembleModel_Alpha158_csi300_custom_step0_s_20260525_15,87440dfec6114430a2cb49d201f180b2,0.058,,,
3692,2026-05-25,SZ300442,-0.09365021494380261,EXP_DEnsembleModel_Alpha158_csi300_custom_step0_s_20260525_15,87440dfec6114430a2cb49d201f180b2,0.058,,,
3693,2026-05-25,SZ300476,-0.00407858184201122,EXP_DEnsembleModel_Alpha158_csi300_custom_step0_s_20260525_15,87440dfec6114430a2cb49d201f180b2,0.058,,,
3694,2026-05-25,SZ301236,-0.08279779699963213,EXP_DEnsembleModel_Alpha158_csi300_custom_step0_s_20260525_15,87440dfec6114430a2cb49d201f180b2,0.058,,,
3695,2026-05-25,SZ300999,-0.01678630639539816,EXP_DEnsembleModel_Alpha158_csi300_custom_step0_s_20260525_15,87440dfec6114430a2cb49d201f180b2,0.058,,,
3696,2026-05-25,SZ300979,-0.00014516472479714088,EXP_DEnsembleModel_Alpha158_csi300_custom_step0_s_20260525_15,87440dfec6114430a2cb49d201f180b2,0.058,,,
3697,2026-05-25,SZ300896,-0.032857121387315474,EXP_DEnsembleModel_Alpha158_csi300_custom_step0_s_20260525_15,87440dfec6114430a2cb49d201f180b2,0.058,,,
3698,2026-05-25,SZ300866,0.058260598555284655,EXP_DEnsembleModel_Alpha158_csi300_custom_step0_s_20260525_15,87440dfec6114430a2cb49d201f180b2,0.058,,,
3699,2026-05-25,SZ300832,-0.0732588620397536,EXP_DEnsembleModel_Alpha158_csi300_custom_step0_s_20260525_15,87440dfec6114430a2cb49d201f180b2,0.058,,,
3700,2026-05-25,SZ300803,-0.13576395160601276,EXP_DEnsembleModel_Alpha158_csi300_custom_step0_s_20260525_15,87440dfec6114430a2cb49d201f180b2,0.058,,,
3701,2026-05-25,SZ300782,0.13781350889825666,EXP_DEnsembleModel_Alpha158_csi300_custom_step0_s_20260525_15,87440dfec6114430a2cb49d201f180b2,0.058,,,
3702,2026-05-25,SZ300760,-0.1113469957234891,EXP_DEnsembleModel_Alpha158_csi300_custom_step0_s_20260525_15,87440dfec6114430a2cb49d201f180b2,0.058,,,
3703,2026-05-25,SZ300759,-0.002213182475466783,EXP_DEnsembleModel_Alpha158_csi300_custom_step0_s_20260525_15,87440dfec6114430a2cb49d201f180b2,0.058,,,
3704,2026-05-25,SZ300750,0.0491184918721452,EXP_DEnsembleModel_Alpha158_csi300_custom_step0_s_20260525_15,87440dfec6114430a2cb49d201f180b2,0.058,,,
3705,2026-05-25,SZ300661,-0.14930970434984112,EXP_DEnsembleModel_Alpha158_csi300_custom_step0_s_20260525_15,87440dfec6114430a2cb49d201f180b2,0.058,,,
3706,2026-05-25,SZ300628,-0.031146381254073263,EXP_DEnsembleModel_Alpha158_csi300_custom_step0_s_20260525_15,87440dfec6114430a2cb49d201f180b2,0.058,,,
3707,2026-05-25,SZ300502,-0.13612751189804878,EXP_DEnsembleModel_Alpha158_csi300_custom_step0_s_20260525_15,87440dfec6114430a2cb49d201f180b2,0.058,,,
3708,2026-05-25,SZ300498,-0.03315320494313412,EXP_DEnsembleModel_Alpha158_csi300_custom_step0_s_20260525_15,87440dfec6114430a2cb49d201f180b2,0.058,,,
3709,2026-05-25,SZ003816,-0.024453818032411475,EXP_DEnsembleModel_Alpha158_csi300_custom_step0_s_20260525_15,87440dfec6114430a2cb49d201f180b2,0.058,,,
3710,2026-05-25,SZ002938,-0.20814418935740492,EXP_DEnsembleModel_Alpha158_csi300_custom_step0_s_20260525_15,87440dfec6114430a2cb49d201f180b2,0.058,,,
3711,2026-05-25,SZ002920,-0.03889854498292808,EXP_DEnsembleModel_Alpha158_csi300_custom_step0_s_20260525_15,87440dfec6114430a2cb49d201f180b2,0.058,,,
3712,2026-05-25,SZ002916,-0.0802298877616951,EXP_DEnsembleModel_Alpha158_csi300_custom_step0_s_20260525_15,87440dfec6114430a2cb49d201f180b2,0.058,,,
3713,2026-05-25,SZ002311,0.06703750170829463,EXP_DEnsembleModel_Alpha158_csi300_custom_step0_s_20260525_15,87440dfec6114430a2cb49d201f180b2,0.058,,,
3714,2026-05-25,SZ002304,-0.08722540062304204,EXP_DEnsembleModel_Alpha158_csi300_custom_step0_s_20260525_15,87440dfec6114430a2cb49d201f180b2,0.058,,,
3715,2026-05-25,SZ002252,-0.04600978982626015,EXP_DEnsembleModel_Alpha158_csi300_custom_step0_s_20260525_15,87440dfec6114430a2cb49d201f180b2,0.058,,,
3716,2026-05-25,SZ002241,-0.005049726177551257,EXP_DEnsembleModel_Alpha158_csi300_custom_step0_s_20260525_15,87440dfec6114430a2cb49d201f180b2,0.058,,,
3717,2026-05-25,SZ002236,-0.008631260347761913,EXP_DEnsembleModel_Alpha158_csi300_custom_step0_s_20260525_15,87440dfec6114430a2cb49d201f180b2,0.058,,,
3718,2026-05-25,SZ002230,-0.017229072179947475,EXP_DEnsembleModel_Alpha158_csi300_custom_step0_s_20260525_15,87440dfec6114430a2cb49d201f180b2,0.058,,,
3719,2026-05-25,SZ002179,0.02203908280911952,EXP_DEnsembleModel_Alpha158_csi300_custom_step0_s_20260525_15,87440dfec6114430a2cb49d201f180b2,0.058,,,
3720,2026-05-25,SZ002142,0.04053098033028433,EXP_DEnsembleModel_Alpha158_csi300_custom_step0_s_20260525_15,87440dfec6114430a2cb49d201f180b2,0.058,,,
3721,2026-05-25,SZ002074,-0.10324982446661964,EXP_DEnsembleModel_Alpha158_csi300_custom_step0_s_20260525_15,87440dfec6114430a2cb49d201f180b2,0.058,,,
3722,2026-05-25,SZ002050,0.07163027926804884,EXP_DEnsembleModel_Alpha158_csi300_custom_step0_s_20260525_15,87440dfec6114430a2cb49d201f180b2,0.058,,,
3723,2026-05-25,SZ002049,-0.027170325737440007,EXP_DEnsembleModel_Alpha158_csi300_custom_step0_s_20260525_15,87440dfec6114430a2cb49d201f180b2,0.058,,,
3724,2026-05-25,SZ002028,-0.057508934357312864,EXP_DEnsembleModel_Alpha158_csi300_custom_step0_s_20260525_15,87440dfec6114430a2cb49d201f180b2,0.058,,,
3725,2026-05-25,SZ002027,-0.008047130238188574,EXP_DEnsembleModel_Alpha158_csi300_custom_step0_s_20260525_15,87440dfec6114430a2cb49d201f180b2,0.058,,,
3726,2026-05-25,SZ002001,-0.01627156380103174,EXP_DEnsembleModel_Alpha158_csi300_custom_step0_s_20260525_15,87440dfec6114430a2cb49d201f180b2,0.058,,,
3727,2026-05-25,SZ001979,-0.1559844122012765,EXP_DEnsembleModel_Alpha158_csi300_custom_step0_s_20260525_15,87440dfec6114430a2cb49d201f180b2,0.058,,,
3728,2026-05-25,SZ002352,-0.007705848028390209,EXP_DEnsembleModel_Alpha158_csi300_custom_step0_s_20260525_15,87440dfec6114430a2cb49d201f180b2,0.058,,,
3729,2026-05-25,SZ001391,0.002199025868640043,EXP_DEnsembleModel_Alpha158_csi300_custom_step0_s_20260525_15,87440dfec6114430a2cb49d201f180b2,0.058,,,
3730,2026-05-25,SZ002371,-0.22389220943674937,EXP_DEnsembleModel_Alpha158_csi300_custom_step0_s_20260525_15,87440dfec6114430a2cb49d201f180b2,0.058,,,
3731,2026-05-25,SZ002415,-0.04252559980570697,EXP_DEnsembleModel_Alpha158_csi300_custom_step0_s_20260525_15,87440dfec6114430a2cb49d201f180b2,0.058,,,
3732,2026-05-25,SZ002736,-0.03334579771623977,EXP_DEnsembleModel_Alpha158_csi300_custom_step0_s_20260525_15,87440dfec6114430a2cb49d201f180b2,0.058,,,
3733,2026-05-25,SZ002714,0.058693502286709415,EXP_DEnsembleModel_Alpha158_csi300_custom_step0_s_20260525_15,87440dfec6114430a2cb49d201f180b2,0.058,,,
3734,2026-05-25,SZ002709,0.19358138700269256,EXP_DEnsembleModel_Alpha158_csi300_custom_step0_s_20260525_15,87440dfec6114430a2cb49d201f180b2,0.058,,,
3735,2026-05-25,SZ002648,0.01856669633662885,EXP_DEnsembleModel_Alpha158_csi300_custom_step0_s_20260525_15,87440dfec6114430a2cb49d201f180b2,0.058,,,
3736,2026-05-25,SZ002625,0.03484526210627099,EXP_DEnsembleModel_Alpha158_csi300_custom_step0_s_20260525_15,87440dfec6114430a2cb49d201f180b2,0.058,,,
3737,2026-05-25,SZ002601,0.06502134051939348,EXP_DEnsembleModel_Alpha158_csi300_custom_step0_s_20260525_15,87440dfec6114430a2cb49d201f180b2,0.058,,,
3738,2026-05-25,SZ002600,0.0627698228103811,EXP_DEnsembleModel_Alpha158_csi300_custom_step0_s_20260525_15,87440dfec6114430a2cb49d201f180b2,0.058,,,
3739,2026-05-25,SZ002594,-0.04309929520209173,EXP_DEnsembleModel_Alpha158_csi300_custom_step0_s_20260525_15,87440dfec6114430a2cb49d201f180b2,0.058,,,
3740,2026-05-25,SZ002493,-0.11428413969363545,EXP_DEnsembleModel_Alpha158_csi300_custom_step0_s_20260525_15,87440dfec6114430a2cb49d201f180b2,0.058,,,
3741,2026-05-25,SZ002475,-0.1690389784668361,EXP_DEnsembleModel_Alpha158_csi300_custom_step0_s_20260525_15,87440dfec6114430a2cb49d201f180b2,0.058,,,
3742,2026-05-25,SZ002466,0.01610212617323698,EXP_DEnsembleModel_Alpha158_csi300_custom_step0_s_20260525_15,87440dfec6114430a2cb49d201f180b2,0.058,,,
3743,2026-05-25,SZ002463,-0.19705094501375825,EXP_DEnsembleModel_Alpha158_csi300_custom_step0_s_20260525_15,87440dfec6114430a2cb49d201f180b2,0.058,,,
3744,2026-05-25,SZ002460,0.031501993366630725,EXP_DEnsembleModel_Alpha158_csi300_custom_step0_s_20260525_15,87440dfec6114430a2cb49d201f180b2,0.058,,,
3745,2026-05-25,SZ002459,0.024677034810914444,EXP_DEnsembleModel_Alpha158_csi300_custom_step0_s_20260525_15,87440dfec6114430a2cb49d201f180b2,0.058,,,
3746,2026-05-25,SZ002422,0.004764781425121133,EXP_DEnsembleModel_Alpha158_csi300_custom_step0_s_20260525_15,87440dfec6114430a2cb49d201f180b2,0.058,,,
3747,2026-05-25,SZ002384,-0.08647392842899779,EXP_DEnsembleModel_Alpha158_csi300_custom_step0_s_20260525_15,87440dfec6114430a2cb49d201f180b2,0.058,,,
3748,2026-05-25,SZ301269,-0.11187043397064507,EXP_DEnsembleModel_Alpha158_csi300_custom_step0_s_20260525_15,87440dfec6114430a2cb49d201f180b2,0.058,,,
3749,2026-05-25,SH601919,0.030778631994906432,EXP_DEnsembleModel_Alpha158_csi300_custom_step0_s_20260525_15,87440dfec6114430a2cb49d201f180b2,0.058,,,
3750,2026-05-25,SH601901,0.03203434965783984,EXP_DEnsembleModel_Alpha158_csi300_custom_step0_s_20260525_15,87440dfec6114430a2cb49d201f180b2,0.058,,,
3751,2026-05-25,SH600547,-0.0376404441056046,EXP_DEnsembleModel_Alpha158_csi300_custom_step0_s_20260525_15,87440dfec6114430a2cb49d201f180b2,0.058,,,
3752,2026-05-25,SH600522,0.15732498725423527,EXP_DEnsembleModel_Alpha158_csi300_custom_step0_s_20260525_15,87440dfec6114430a2cb49d201f180b2,0.058,,,
3753,2026-05-25,SH600519,-0.023185681849966513,EXP_DEnsembleModel_Alpha158_csi300_custom_step0_s_20260525_15,87440dfec6114430a2cb49d201f180b2,0.058,,,
3754,2026-05-25,SH600515,-0.05966257989049258,EXP_DEnsembleModel_Alpha158_csi300_custom_step0_s_20260525_15,87440dfec6114430a2cb49d201f180b2,0.058,,,
3755,2026-05-25,SH600489,-0.022838266863117896,EXP_DEnsembleModel_Alpha158_csi300_custom_step0_s_20260525_15,87440dfec6114430a2cb49d201f180b2,0.058,,,
3756,2026-05-25,SH600482,-0.08831327237407303,EXP_DEnsembleModel_Alpha158_csi300_custom_step0_s_20260525_15,87440dfec6114430a2cb49d201f180b2,0.058,,,
3757,2026-05-25,SH600570,-0.04266132577345995,EXP_DEnsembleModel_Alpha158_csi300_custom_step0_s_20260525_15,87440dfec6114430a2cb49d201f180b2,0.058,,,
3758,2026-05-25,SH600460,-0.11273299189437262,EXP_DEnsembleModel_Alpha158_csi300_custom_step0_s_20260525_15,87440dfec6114430a2cb49d201f180b2,0.058,,,
3759,2026-05-25,SH600436,-0.014738133088945315,EXP_DEnsembleModel_Alpha158_csi300_custom_step0_s_20260525_15,87440dfec6114430a2cb49d201f180b2,0.058,,,
3760,2026-05-25,SH600426,0.17309645612790692,EXP_DEnsembleModel_Alpha158_csi300_custom_step0_s_20260525_15,87440dfec6114430a2cb49d201f180b2,0.058,,,
3761,2026-05-25,SH600415,-0.15936414869798607,EXP_DEnsembleModel_Alpha158_csi300_custom_step0_s_20260525_15,87440dfec6114430a2cb49d201f180b2,0.058,,,
3762,2026-05-25,SH600406,-0.06093247295154145,EXP_DEnsembleModel_Alpha158_csi300_custom_step0_s_20260525_15,87440dfec6114430a2cb49d201f180b2,0.058,,,
3763,2026-05-25,SH600377,0.0751967723118473,EXP_DEnsembleModel_Alpha158_csi300_custom_step0_s_20260525_15,87440dfec6114430a2cb49d201f180b2,0.058,,,
3764,2026-05-25,SH600372,-0.10440370385376249,EXP_DEnsembleModel_Alpha158_csi300_custom_step0_s_20260525_15,87440dfec6114430a2cb49d201f180b2,0.058,,,
3765,2026-05-25,SH600438,-0.11393447831922048,EXP_DEnsembleModel_Alpha158_csi300_custom_step0_s_20260525_15,87440dfec6114430a2cb49d201f180b2,0.058,,,
3766,2026-05-25,SH600584,-0.3492421949122508,EXP_DEnsembleModel_Alpha158_csi300_custom_step0_s_20260525_15,87440dfec6114430a2cb49d201f180b2,0.058,,,
3767,2026-05-25,SH600585,0.011741069950330158,EXP_DEnsembleModel_Alpha158_csi300_custom_step0_s_20260525_15,87440dfec6114430a2cb49d201f180b2,0.058,,,
3768,2026-05-25,SH600588,-0.05317614474825926,EXP_DEnsembleModel_Alpha158_csi300_custom_step0_s_20260525_15,87440dfec6114430a2cb49d201f180b2,0.058,,,
3769,2026-05-25,SH600900,0.09540123314517264,EXP_DEnsembleModel_Alpha158_csi300_custom_step0_s_20260525_15,87440dfec6114430a2cb49d201f180b2,0.058,,,
3770,2026-05-25,SH600893,-0.0056464152035047835,EXP_DEnsembleModel_Alpha158_csi300_custom_step0_s_20260525_15,87440dfec6114430a2cb49d201f180b2,0.058,,,
3771,2026-05-25,SH600887,0.01675132527195153,EXP_DEnsembleModel_Alpha158_csi300_custom_step0_s_20260525_15,87440dfec6114430a2cb49d201f180b2,0.058,,,
3772,2026-05-25,SH600886,0.08266226794892802,EXP_DEnsembleModel_Alpha158_csi300_custom_step0_s_20260525_15,87440dfec6114430a2cb49d201f180b2,0.058,,,
3773,2026-05-25,SH600875,-0.050690545958278516,EXP_DEnsembleModel_Alpha158_csi300_custom_step0_s_20260525_15,87440dfec6114430a2cb49d201f180b2,0.058,,,
3774,2026-05-25,SH600845,-0.12931703924551896,EXP_DEnsembleModel_Alpha158_csi300_custom_step0_s_20260525_15,87440dfec6114430a2cb49d201f180b2,0.058,,,
3775,2026-05-25,SH600809,-0.09112633575356549,EXP_DEnsembleModel_Alpha158_csi300_custom_step0_s_20260525_15,87440dfec6114430a2cb49d201f180b2,0.058,,,
3776,2026-05-25,SH600803,-0.043262652438428154,EXP_DEnsembleModel_Alpha158_csi300_custom_step0_s_20260525_15,87440dfec6114430a2cb49d201f180b2,0.058,,,
3777,2026-05-25,SH600795,0.05139426771122845,EXP_DEnsembleModel_Alpha158_csi300_custom_step0_s_20260525_15,87440dfec6114430a2cb49d201f180b2,0.058,,,
3778,2026-05-25,SH600760,-0.17181288270047032,EXP_DEnsembleModel_Alpha158_csi300_custom_step0_s_20260525_15,87440dfec6114430a2cb49d201f180b2,0.058,,,
3779,2026-05-25,SH600741,-0.018774067176860837,EXP_DEnsembleModel_Alpha158_csi300_custom_step0_s_20260525_15,87440dfec6114430a2cb49d201f180b2,0.058,,,
3780,2026-05-25,SH600690,-0.026866734705397338,EXP_DEnsembleModel_Alpha158_csi300_custom_step0_s_20260525_15,87440dfec6114430a2cb49d201f180b2,0.058,,,
3781,2026-05-25,SH600674,0.027072511962617018,EXP_DEnsembleModel_Alpha158_csi300_custom_step0_s_20260525_15,87440dfec6114430a2cb49d201f180b2,0.058,,,
3782,2026-05-25,SH600660,-0.12420404980722852,EXP_DEnsembleModel_Alpha158_csi300_custom_step0_s_20260525_15,87440dfec6114430a2cb49d201f180b2,0.058,,,
3783,2026-05-25,SH600600,0.023277290045062453,EXP_DEnsembleModel_Alpha158_csi300_custom_step0_s_20260525_15,87440dfec6114430a2cb49d201f180b2,0.058,,,
3784,2026-05-25,SH600362,-0.1510731985594008,EXP_DEnsembleModel_Alpha158_csi300_custom_step0_s_20260525_15,87440dfec6114430a2cb49d201f180b2,0.058,,,
3785,2026-05-25,SH600346,-0.09199462589948512,EXP_DEnsembleModel_Alpha158_csi300_custom_step0_s_20260525_15,87440dfec6114430a2cb49d201f180b2,0.058,,,
3786,2026-05-25,SH600309,-0.012809100569229768,EXP_DEnsembleModel_Alpha158_csi300_custom_step0_s_20260525_15,87440dfec6114430a2cb49d201f180b2,0.058,,,
3787,2026-05-25,SH600276,-0.04894348129782557,EXP_DEnsembleModel_Alpha158_csi300_custom_step0_s_20260525_15,87440dfec6114430a2cb49d201f180b2,0.058,,,
3788,2026-05-25,SH600036,0.00432260503725781,EXP_DEnsembleModel_Alpha158_csi300_custom_step0_s_20260525_15,87440dfec6114430a2cb49d201f180b2,0.058,,,
3789,2026-05-25,SH600031,-0.13550058940991913,EXP_DEnsembleModel_Alpha158_csi300_custom_step0_s_20260525_15,87440dfec6114430a2cb49d201f180b2,0.058,,,
3790,2026-05-25,SH600030,-0.04976471920913548,EXP_DEnsembleModel_Alpha158_csi300_custom_step0_s_20260525_15,87440dfec6114430a2cb49d201f180b2,0.058,,,
3791,2026-05-25,SH600029,-0.015166262323609434,EXP_DEnsembleModel_Alpha158_csi300_custom_step0_s_20260525_15,87440dfec6114430a2cb49d201f180b2,0.058,,,
3792,2026-05-25,SH600028,0.011969971956251968,EXP_DEnsembleModel_Alpha158_csi300_custom_step0_s_20260525_15,87440dfec6114430a2cb49d201f180b2,0.058,,,
3793,2026-05-25,SH600027,-0.06142329787699005,EXP_DEnsembleModel_Alpha158_csi300_custom_step0_s_20260525_15,87440dfec6114430a2cb49d201f180b2,0.058,,,
3794,2026-05-25,SH600026,-0.03831756444374684,EXP_DEnsembleModel_Alpha158_csi300_custom_step0_s_20260525_15,87440dfec6114430a2cb49d201f180b2,0.058,,,
3795,2026-05-25,SH600025,0.0014574848569660953,EXP_DEnsembleModel_Alpha158_csi300_custom_step0_s_20260525_15,87440dfec6114430a2cb49d201f180b2,0.058,,,
3796,2026-05-25,SH600023,0.012880049766147005,EXP_DEnsembleModel_Alpha158_csi300_custom_step0_s_20260525_15,87440dfec6114430a2cb49d201f180b2,0.058,,,
3797,2026-05-25,SH600019,-0.042258835976870295,EXP_DEnsembleModel_Alpha158_csi300_custom_step0_s_20260525_15,87440dfec6114430a2cb49d201f180b2,0.058,,,
3798,2026-05-25,SH600018,0.1090831677300636,EXP_DEnsembleModel_Alpha158_csi300_custom_step0_s_20260525_15,87440dfec6114430a2cb49d201f180b2,0.058,,,
3799,2026-05-25,SH600016,0.0020870763518609802,EXP_DEnsembleModel_Alpha158_csi300_custom_step0_s_20260525_15,87440dfec6114430a2cb49d201f180b2,0.058,,,
3800,2026-05-25,SH600015,0.04920243394875509,EXP_DEnsembleModel_Alpha158_csi300_custom_step0_s_20260525_15,87440dfec6114430a2cb49d201f180b2,0.058,,,
3801,2026-05-25,SH600011,-0.04780627709850685,EXP_DEnsembleModel_Alpha158_csi300_custom_step0_s_20260525_15,87440dfec6114430a2cb49d201f180b2,0.058,,,
3802,2026-05-25,SH600010,-0.07773955310466256,EXP_DEnsembleModel_Alpha158_csi300_custom_step0_s_20260525_15,87440dfec6114430a2cb49d201f180b2,0.058,,,
3803,2026-05-25,SH600039,0.009297440456886009,EXP_DEnsembleModel_Alpha158_csi300_custom_step0_s_20260525_15,87440dfec6114430a2cb49d201f180b2,0.058,,,
3804,2026-05-25,SH600905,0.08329758999481157,EXP_DEnsembleModel_Alpha158_csi300_custom_step0_s_20260525_15,87440dfec6114430a2cb49d201f180b2,0.058,,,
3805,2026-05-25,SH600048,-0.14073733313713024,EXP_DEnsembleModel_Alpha158_csi300_custom_step0_s_20260525_15,87440dfec6114430a2cb49d201f180b2,0.058,,,
3806,2026-05-25,SH600061,-0.09534828755480602,EXP_DEnsembleModel_Alpha158_csi300_custom_step0_s_20260525_15,87440dfec6114430a2cb49d201f180b2,0.058,,,
3807,2026-05-25,SH600233,0.013332831738069251,EXP_DEnsembleModel_Alpha158_csi300_custom_step0_s_20260525_15,87440dfec6114430a2cb49d201f180b2,0.058,,,
3808,2026-05-25,SH600219,0.0830054332628794,EXP_DEnsembleModel_Alpha158_csi300_custom_step0_s_20260525_15,87440dfec6114430a2cb49d201f180b2,0.058,,,
3809,2026-05-25,SH600196,-0.007499119920123284,EXP_DEnsembleModel_Alpha158_csi300_custom_step0_s_20260525_15,87440dfec6114430a2cb49d201f180b2,0.058,,,
3810,2026-05-25,SH600188,-0.05171197413865087,EXP_DEnsembleModel_Alpha158_csi300_custom_step0_s_20260525_15,87440dfec6114430a2cb49d201f180b2,0.058,,,
3811,2026-05-25,SH600183,-0.3077143276754294,EXP_DEnsembleModel_Alpha158_csi300_custom_step0_s_20260525_15,87440dfec6114430a2cb49d201f180b2,0.058,,,
3812,2026-05-25,SH600176,-0.07282011427732271,EXP_DEnsembleModel_Alpha158_csi300_custom_step0_s_20260525_15,87440dfec6114430a2cb49d201f180b2,0.058,,,
3813,2026-05-25,SH600161,-0.12098678057850779,EXP_DEnsembleModel_Alpha158_csi300_custom_step0_s_20260525_15,87440dfec6114430a2cb49d201f180b2,0.058,,,
3814,2026-05-25,SH600160,-0.07067269575948518,EXP_DEnsembleModel_Alpha158_csi300_custom_step0_s_20260525_15,87440dfec6114430a2cb49d201f180b2,0.058,,,
3815,2026-05-25,SH600150,-0.030772420445144347,EXP_DEnsembleModel_Alpha158_csi300_custom_step0_s_20260525_15,87440dfec6114430a2cb49d201f180b2,0.058,,,
3816,2026-05-25,SH600115,-0.039740116539802445,EXP_DEnsembleModel_Alpha158_csi300_custom_step0_s_20260525_15,87440dfec6114430a2cb49d201f180b2,0.058,,,
3817,2026-05-25,SH600111,-0.12570877916894754,EXP_DEnsembleModel_Alpha158_csi300_custom_step0_s_20260525_15,87440dfec6114430a2cb49d201f180b2,0.058,,,
3818,2026-05-25,SH600104,0.00197325883451208,EXP_DEnsembleModel_Alpha158_csi300_custom_step0_s_20260525_15,87440dfec6114430a2cb49d201f180b2,0.058,,,
3819,2026-05-25,SH600089,-0.08772564578177108,EXP_DEnsembleModel_Alpha158_csi300_custom_step0_s_20260525_15,87440dfec6114430a2cb49d201f180b2,0.058,,,
3820,2026-05-25,SH600085,0.0006051194018406532,EXP_DEnsembleModel_Alpha158_csi300_custom_step0_s_20260525_15,87440dfec6114430a2cb49d201f180b2,0.058,,,
3821,2026-05-25,SH600066,-0.058160889241231084,EXP_DEnsembleModel_Alpha158_csi300_custom_step0_s_20260525_15,87440dfec6114430a2cb49d201f180b2,0.058,,,
3822,2026-05-25,SH600050,-0.026564191158118013,EXP_DEnsembleModel_Alpha158_csi300_custom_step0_s_20260525_15,87440dfec6114430a2cb49d201f180b2,0.058,,,
3823,2026-05-25,SH601916,0.10511094077310157,EXP_DEnsembleModel_Alpha158_csi300_custom_step0_s_20260525_15,87440dfec6114430a2cb49d201f180b2,0.058,,,
3824,2026-05-25,SH600918,-0.03896600325106333,EXP_DEnsembleModel_Alpha158_csi300_custom_step0_s_20260525_15,87440dfec6114430a2cb49d201f180b2,0.058,,,
3825,2026-05-25,SH600926,-0.04331688085714928,EXP_DEnsembleModel_Alpha158_csi300_custom_step0_s_20260525_15,87440dfec6114430a2cb49d201f180b2,0.058,,,
3826,2026-05-25,SH601689,0.024128385309380395,EXP_DEnsembleModel_Alpha158_csi300_custom_step0_s_20260525_15,87440dfec6114430a2cb49d201f180b2,0.058,,,
3827,2026-05-25,SH601688,-0.10525349311860109,EXP_DEnsembleModel_Alpha158_csi300_custom_step0_s_20260525_15,87440dfec6114430a2cb49d201f180b2,0.058,,,
3828,2026-05-25,SH601669,-0.03341122128962733,EXP_DEnsembleModel_Alpha158_csi300_custom_step0_s_20260525_15,87440dfec6114430a2cb49d201f180b2,0.058,,,
3829,2026-05-25,SH601668,0.024526070595633005,EXP_DEnsembleModel_Alpha158_csi300_custom_step0_s_20260525_15,87440dfec6114430a2cb49d201f180b2,0.058,,,
3830,2026-05-25,SH601658,0.04799022276119082,EXP_DEnsembleModel_Alpha158_csi300_custom_step0_s_20260525_15,87440dfec6114430a2cb49d201f180b2,0.058,,,
3831,2026-05-25,SH601633,-0.02686997273418834,EXP_DEnsembleModel_Alpha158_csi300_custom_step0_s_20260525_15,87440dfec6114430a2cb49d201f180b2,0.058,,,
3832,2026-05-25,SH601698,-0.032636649812293965,EXP_DEnsembleModel_Alpha158_csi300_custom_step0_s_20260525_15,87440dfec6114430a2cb49d201f180b2,0.058,,,
3833,2026-05-25,SH601628,-0.08686425724944308,EXP_DEnsembleModel_Alpha158_csi300_custom_step0_s_20260525_15,87440dfec6114430a2cb49d201f180b2,0.058,,,
3834,2026-05-25,SH601607,-0.0016309274741589418,EXP_DEnsembleModel_Alpha158_csi300_custom_step0_s_20260525_15,87440dfec6114430a2cb49d201f180b2,0.058,,,
3835,2026-05-25,SH601601,-0.12258759181202109,EXP_DEnsembleModel_Alpha158_csi300_custom_step0_s_20260525_15,87440dfec6114430a2cb49d201f180b2,0.058,,,
3836,2026-05-25,SH601600,0.0066585995166079165,EXP_DEnsembleModel_Alpha158_csi300_custom_step0_s_20260525_15,87440dfec6114430a2cb49d201f180b2,0.058,,,
3837,2026-05-25,SH601456,-0.0403587209195624,EXP_DEnsembleModel_Alpha158_csi300_custom_step0_s_20260525_15,87440dfec6114430a2cb49d201f180b2,0.058,,,
3838,2026-05-25,SH601398,0.08209798967254885,EXP_DEnsembleModel_Alpha158_csi300_custom_step0_s_20260525_15,87440dfec6114430a2cb49d201f180b2,0.058,,,
3839,2026-05-25,SH601390,0.011475978283595714,EXP_DEnsembleModel_Alpha158_csi300_custom_step0_s_20260525_15,87440dfec6114430a2cb49d201f180b2,0.058,,,
3840,2026-05-25,SH601618,-0.009943872296625243,EXP_DEnsembleModel_Alpha158_csi300_custom_step0_s_20260525_15,87440dfec6114430a2cb49d201f180b2,0.058,,,
3841,2026-05-25,SH601728,-0.04290653243386348,EXP_DEnsembleModel_Alpha158_csi300_custom_step0_s_20260525_15,87440dfec6114430a2cb49d201f180b2,0.058,,,
3842,2026-05-25,SH601766,-0.04182784143420094,EXP_DEnsembleModel_Alpha158_csi300_custom_step0_s_20260525_15,87440dfec6114430a2cb49d201f180b2,0.058,,,
3843,2026-05-25,SH601788,-0.0878954282680078,EXP_DEnsembleModel_Alpha158_csi300_custom_step0_s_20260525_15,87440dfec6114430a2cb49d201f180b2,0.058,,,
3844,2026-05-25,SH601899,-0.11137753802460827,EXP_DEnsembleModel_Alpha158_csi300_custom_step0_s_20260525_15,87440dfec6114430a2cb49d201f180b2,0.058,,,
3845,2026-05-25,SH601898,0.0030432051853065993,EXP_DEnsembleModel_Alpha158_csi300_custom_step0_s_20260525_15,87440dfec6114430a2cb49d201f180b2,0.058,,,
3846,2026-05-25,SH601888,-0.04897710070367952,EXP_DEnsembleModel_Alpha158_csi300_custom_step0_s_20260525_15,87440dfec6114430a2cb49d201f180b2,0.058,,,
3847,2026-05-25,SH601881,-0.09213384314887918,EXP_DEnsembleModel_Alpha158_csi300_custom_step0_s_20260525_15,87440dfec6114430a2cb49d201f180b2,0.058,,,
3848,2026-05-25,SH601878,-0.06324390351213556,EXP_DEnsembleModel_Alpha158_csi300_custom_step0_s_20260525_15,87440dfec6114430a2cb49d201f180b2,0.058,,,
3849,2026-05-25,SH601877,-0.028110038067730953,EXP_DEnsembleModel_Alpha158_csi300_custom_step0_s_20260525_15,87440dfec6114430a2cb49d201f180b2,0.058,,,
3850,2026-05-25,SH601872,-0.05351306227707921,EXP_DEnsembleModel_Alpha158_csi300_custom_step0_s_20260525_15,87440dfec6114430a2cb49d201f180b2,0.058,,,
3851,2026-05-25,SH601868,-0.04711746618382255,EXP_DEnsembleModel_Alpha158_csi300_custom_step0_s_20260525_15,87440dfec6114430a2cb49d201f180b2,0.058,,,
3852,2026-05-25,SH601857,-0.12512562092990048,EXP_DEnsembleModel_Alpha158_csi300_custom_step0_s_20260525_15,87440dfec6114430a2cb49d201f180b2,0.058,,,
3853,2026-05-25,SH601838,0.1385298698044148,EXP_DEnsembleModel_Alpha158_csi300_custom_step0_s_20260525_15,87440dfec6114430a2cb49d201f180b2,0.058,,,
3854,2026-05-25,SH601825,0.08262960090951006,EXP_DEnsembleModel_Alpha158_csi300_custom_step0_s_20260525_15,87440dfec6114430a2cb49d201f180b2,0.058,,,
3855,2026-05-25,SH601818,0.0819561889538056,EXP_DEnsembleModel_Alpha158_csi300_custom_step0_s_20260525_15,87440dfec6114430a2cb49d201f180b2,0.058,,,
3856,2026-05-25,SH601816,-0.002820166975602572,EXP_DEnsembleModel_Alpha158_csi300_custom_step0_s_20260525_15,87440dfec6114430a2cb49d201f180b2,0.058,,,
3857,2026-05-25,SH601808,0.017153127631244405,EXP_DEnsembleModel_Alpha158_csi300_custom_step0_s_20260525_15,87440dfec6114430a2cb49d201f180b2,0.058,,,
3858,2026-05-25,SH601800,-0.019119169125571503,EXP_DEnsembleModel_Alpha158_csi300_custom_step0_s_20260525_15,87440dfec6114430a2cb49d201f180b2,0.058,,,
3859,2026-05-25,SH601377,-0.08349177783741582,EXP_DEnsembleModel_Alpha158_csi300_custom_step0_s_20260525_15,87440dfec6114430a2cb49d201f180b2,0.058,,,
3860,2026-05-25,SH601360,0.006314916924999437,EXP_DEnsembleModel_Alpha158_csi300_custom_step0_s_20260525_15,87440dfec6114430a2cb49d201f180b2,0.058,,,
3861,2026-05-25,SH601336,-0.13011186033274777,EXP_DEnsembleModel_Alpha158_csi300_custom_step0_s_20260525_15,87440dfec6114430a2cb49d201f180b2,0.058,,,
3862,2026-05-25,SH601328,0.04464315369782616,EXP_DEnsembleModel_Alpha158_csi300_custom_step0_s_20260525_15,87440dfec6114430a2cb49d201f180b2,0.058,,,
3863,2026-05-25,SH601077,0.016700992341151213,EXP_DEnsembleModel_Alpha158_csi300_custom_step0_s_20260525_15,87440dfec6114430a2cb49d201f180b2,0.058,,,
3864,2026-05-25,SH601066,-0.04450746432897602,EXP_DEnsembleModel_Alpha158_csi300_custom_step0_s_20260525_15,87440dfec6114430a2cb49d201f180b2,0.058,,,
3865,2026-05-25,SH601059,0.05982968309068468,EXP_DEnsembleModel_Alpha158_csi300_custom_step0_s_20260525_15,87440dfec6114430a2cb49d201f180b2,0.058,,,
3866,2026-05-25,SH601058,-0.08271988276178421,EXP_DEnsembleModel_Alpha158_csi300_custom_step0_s_20260525_15,87440dfec6114430a2cb49d201f180b2,0.058,,,
3867,2026-05-25,SH601021,-0.05944738394838794,EXP_DEnsembleModel_Alpha158_csi300_custom_step0_s_20260525_15,87440dfec6114430a2cb49d201f180b2,0.058,,,
3868,2026-05-25,SH601018,-0.021340204632682134,EXP_DEnsembleModel_Alpha158_csi300_custom_step0_s_20260525_15,87440dfec6114430a2cb49d201f180b2,0.058,,,
3869,2026-05-25,SH601012,-6.548799293718597e-05,EXP_DEnsembleModel_Alpha158_csi300_custom_step0_s_20260525_15,87440dfec6114430a2cb49d201f180b2,0.058,,,
3870,2026-05-25,SH601009,-0.024352210262177557,EXP_DEnsembleModel_Alpha158_csi300_custom_step0_s_20260525_15,87440dfec6114430a2cb49d201f180b2,0.058,,,
3871,2026-05-25,SH601006,0.1473051583644925,EXP_DEnsembleModel_Alpha158_csi300_custom_step0_s_20260525_15,87440dfec6114430a2cb49d201f180b2,0.058,,,
3872,2026-05-25,SH600999,0.055128107322065245,EXP_DEnsembleModel_Alpha158_csi300_custom_step0_s_20260525_15,87440dfec6114430a2cb49d201f180b2,0.058,,,
3873,2026-05-25,SH600989,0.026069776762530642,EXP_DEnsembleModel_Alpha158_csi300_custom_step0_s_20260525_15,87440dfec6114430a2cb49d201f180b2,0.058,,,
3874,2026-05-25,SH600958,-0.06177022249605288,EXP_DEnsembleModel_Alpha158_csi300_custom_step0_s_20260525_15,87440dfec6114430a2cb49d201f180b2,0.058,,,
3875,2026-05-25,SH600941,-0.025392305424820814,EXP_DEnsembleModel_Alpha158_csi300_custom_step0_s_20260525_15,87440dfec6114430a2cb49d201f180b2,0.058,,,
3876,2026-05-25,SH600938,-0.04538616204013803,EXP_DEnsembleModel_Alpha158_csi300_custom_step0_s_20260525_15,87440dfec6114430a2cb49d201f180b2,0.058,,,
3877,2026-05-25,SH600930,-0.02573022973987261,EXP_DEnsembleModel_Alpha158_csi300_custom_step0_s_20260525_15,87440dfec6114430a2cb49d201f180b2,0.058,,,
3878,2026-05-25,SH601088,-0.012542900537331756,EXP_DEnsembleModel_Alpha158_csi300_custom_step0_s_20260525_15,87440dfec6114430a2cb49d201f180b2,0.058,,,
3879,2026-05-25,SH600919,0.15343157237732388,EXP_DEnsembleModel_Alpha158_csi300_custom_step0_s_20260525_15,87440dfec6114430a2cb49d201f180b2,0.058,,,
3880,2026-05-25,SH601100,0.025301192419991105,EXP_DEnsembleModel_Alpha158_csi300_custom_step0_s_20260525_15,87440dfec6114430a2cb49d201f180b2,0.058,,,
3881,2026-05-25,SH601117,-0.039085220310641294,EXP_DEnsembleModel_Alpha158_csi300_custom_step0_s_20260525_15,87440dfec6114430a2cb49d201f180b2,0.058,,,
3882,2026-05-25,SH601319,-0.0356024585360095,EXP_DEnsembleModel_Alpha158_csi300_custom_step0_s_20260525_15,87440dfec6114430a2cb49d201f180b2,0.058,,,
3883,2026-05-25,SH601318,-0.12644254549099412,EXP_DEnsembleModel_Alpha158_csi300_custom_step0_s_20260525_15,87440dfec6114430a2cb49d201f180b2,0.058,,,
3884,2026-05-25,SH601298,0.09617620572561802,EXP_DEnsembleModel_Alpha158_csi300_custom_step0_s_20260525_15,87440dfec6114430a2cb49d201f180b2,0.058,,,
3885,2026-05-25,SH601288,0.04878404347048434,EXP_DEnsembleModel_Alpha158_csi300_custom_step0_s_20260525_15,87440dfec6114430a2cb49d201f180b2,0.058,,,
3886,2026-05-25,SH601238,-0.009558162029545885,EXP_DEnsembleModel_Alpha158_csi300_custom_step0_s_20260525_15,87440dfec6114430a2cb49d201f180b2,0.058,,,
3887,2026-05-25,SH601236,-0.011109722325087121,EXP_DEnsembleModel_Alpha158_csi300_custom_step0_s_20260525_15,87440dfec6114430a2cb49d201f180b2,0.058,,,
3888,2026-05-25,SH601229,0.006743445331293321,EXP_DEnsembleModel_Alpha158_csi300_custom_step0_s_20260525_15,87440dfec6114430a2cb49d201f180b2,0.058,,,
3889,2026-05-25,SH601225,0.006999712365964371,EXP_DEnsembleModel_Alpha158_csi300_custom_step0_s_20260525_15,87440dfec6114430a2cb49d201f180b2,0.058,,,
3890,2026-05-25,SH601211,-0.056134242985962285,EXP_DEnsembleModel_Alpha158_csi300_custom_step0_s_20260525_15,87440dfec6114430a2cb49d201f180b2,0.058,,,
3891,2026-05-25,SH601186,-0.03163498616850244,EXP_DEnsembleModel_Alpha158_csi300_custom_step0_s_20260525_15,87440dfec6114430a2cb49d201f180b2,0.058,,,
3892,2026-05-25,SH601169,0.0006979381553930824,EXP_DEnsembleModel_Alpha158_csi300_custom_step0_s_20260525_15,87440dfec6114430a2cb49d201f180b2,0.058,,,
3893,2026-05-25,SH601166,0.04328498334359689,EXP_DEnsembleModel_Alpha158_csi300_custom_step0_s_20260525_15,87440dfec6114430a2cb49d201f180b2,0.058,,,
3894,2026-05-25,SH601138,-0.06373774859374186,EXP_DEnsembleModel_Alpha158_csi300_custom_step0_s_20260525_15,87440dfec6114430a2cb49d201f180b2,0.058,,,
3895,2026-05-25,SH601136,-0.1122669141927509,EXP_DEnsembleModel_Alpha158_csi300_custom_step0_s_20260525_15,87440dfec6114430a2cb49d201f180b2,0.058,,,
3896,2026-05-25,SH601127,-0.09460987896836469,EXP_DEnsembleModel_Alpha158_csi300_custom_step0_s_20260525_15,87440dfec6114430a2cb49d201f180b2,0.058,,,
3897,2026-05-25,SH601111,-0.02004098936313505,EXP_DEnsembleModel_Alpha158_csi300_custom_step0_s_20260525_15,87440dfec6114430a2cb49d201f180b2,0.058,,,
3898,2026-05-25,SH600009,-0.05447898573607542,EXP_DEnsembleModel_Alpha158_csi300_custom_step0_s_20260525_15,87440dfec6114430a2cb49d201f180b2,0.058,,,
3899,2026-05-25,SZ302132,-0.18748081672200567,EXP_DEnsembleModel_Alpha158_csi300_custom_step0_s_20260525_15,87440dfec6114430a2cb49d201f180b2,0.058,,,
3900,2026-05-25,SH600009,-0.02450333684260635,EXP_DEnsembleModel_Alpha158_csi300_custom_step0_s_20260525_15,28c0c9eaa2e7444cad012bc616c18292,0.053,,,
3901,2026-05-25,SZ000596,-0.11413368219021745,EXP_DEnsembleModel_Alpha158_csi300_custom_step0_s_20260525_15,28c0c9eaa2e7444cad012bc616c18292,0.053,,,
3902,2026-05-25,SZ000568,-0.08862111554211005,EXP_DEnsembleModel_Alpha158_csi300_custom_step0_s_20260525_15,28c0c9eaa2e7444cad012bc616c18292,0.053,,,
3903,2026-05-25,SZ000538,0.06177580120515109,EXP_DEnsembleModel_Alpha158_csi300_custom_step0_s_20260525_15,28c0c9eaa2e7444cad012bc616c18292,0.053,,,
3904,2026-05-25,SZ000425,-0.056920883371912485,EXP_DEnsembleModel_Alpha158_csi300_custom_step0_s_20260525_15,28c0c9eaa2e7444cad012bc616c18292,0.053,,,
3905,2026-05-25,SZ000408,-0.10162697602110388,EXP_DEnsembleModel_Alpha158_csi300_custom_step0_s_20260525_15,28c0c9eaa2e7444cad012bc616c18292,0.053,,,
3906,2026-05-25,SZ000338,-0.051266429179672196,EXP_DEnsembleModel_Alpha158_csi300_custom_step0_s_20260525_15,28c0c9eaa2e7444cad012bc616c18292,0.053,,,
3907,2026-05-25,SZ000617,0.046130163950251955,EXP_DEnsembleModel_Alpha158_csi300_custom_step0_s_20260525_15,28c0c9eaa2e7444cad012bc616c18292,0.053,,,
3908,2026-05-25,SZ000333,0.06911837380233463,EXP_DEnsembleModel_Alpha158_csi300_custom_step0_s_20260525_15,28c0c9eaa2e7444cad012bc616c18292,0.053,,,
3909,2026-05-25,SZ000166,0.002376702569977473,EXP_DEnsembleModel_Alpha158_csi300_custom_step0_s_20260525_15,28c0c9eaa2e7444cad012bc616c18292,0.053,,,
3910,2026-05-25,SZ000157,0.012154719914830438,EXP_DEnsembleModel_Alpha158_csi300_custom_step0_s_20260525_15,28c0c9eaa2e7444cad012bc616c18292,0.053,,,
3911,2026-05-25,SZ000100,-0.06112910007936496,EXP_DEnsembleModel_Alpha158_csi300_custom_step0_s_20260525_15,28c0c9eaa2e7444cad012bc616c18292,0.053,,,
3912,2026-05-25,SZ000063,-0.07539741457870419,EXP_DEnsembleModel_Alpha158_csi300_custom_step0_s_20260525_15,28c0c9eaa2e7444cad012bc616c18292,0.053,,,
3913,2026-05-25,SZ000002,-0.10684618827276106,EXP_DEnsembleModel_Alpha158_csi300_custom_step0_s_20260525_15,28c0c9eaa2e7444cad012bc616c18292,0.053,,,
3914,2026-05-25,SZ000001,-0.0026684240012162263,EXP_DEnsembleModel_Alpha158_csi300_custom_step0_s_20260525_15,28c0c9eaa2e7444cad012bc616c18292,0.053,,,
3915,2026-05-25,SZ000301,-0.08364130246394473,EXP_DEnsembleModel_Alpha158_csi300_custom_step0_s_20260525_15,28c0c9eaa2e7444cad012bc616c18292,0.053,,,
3916,2026-05-25,SZ000625,0.03783509778523593,EXP_DEnsembleModel_Alpha158_csi300_custom_step0_s_20260525_15,28c0c9eaa2e7444cad012bc616c18292,0.053,,,
3917,2026-05-25,SZ000630,-0.10416593410019233,EXP_DEnsembleModel_Alpha158_csi300_custom_step0_s_20260525_15,28c0c9eaa2e7444cad012bc616c18292,0.053,,,
3918,2026-05-25,SZ000651,0.022395521912204546,EXP_DEnsembleModel_Alpha158_csi300_custom_step0_s_20260525_15,28c0c9eaa2e7444cad012bc616c18292,0.053,,,
3919,2026-05-25,SZ000977,-0.06054918573090069,EXP_DEnsembleModel_Alpha158_csi300_custom_step0_s_20260525_15,28c0c9eaa2e7444cad012bc616c18292,0.053,,,
3920,2026-05-25,SZ000975,0.021187899113298887,EXP_DEnsembleModel_Alpha158_csi300_custom_step0_s_20260525_15,28c0c9eaa2e7444cad012bc616c18292,0.053,,,
3921,2026-05-25,SZ000963,-0.013789108950098586,EXP_DEnsembleModel_Alpha158_csi300_custom_step0_s_20260525_15,28c0c9eaa2e7444cad012bc616c18292,0.053,,,
3922,2026-05-25,SZ000938,-0.06530844683462968,EXP_DEnsembleModel_Alpha158_csi300_custom_step0_s_20260525_15,28c0c9eaa2e7444cad012bc616c18292,0.053,,,
3923,2026-05-25,SZ000895,0.008988391191927883,EXP_DEnsembleModel_Alpha158_csi300_custom_step0_s_20260525_15,28c0c9eaa2e7444cad012bc616c18292,0.053,,,
3924,2026-05-25,SZ000876,-0.03658024458876808,EXP_DEnsembleModel_Alpha158_csi300_custom_step0_s_20260525_15,28c0c9eaa2e7444cad012bc616c18292,0.053,,,
3925,2026-05-25,SZ000858,0.015318004713448517,EXP_DEnsembleModel_Alpha158_csi300_custom_step0_s_20260525_15,28c0c9eaa2e7444cad012bc616c18292,0.053,,,
3926,2026-05-25,SZ000807,-0.00871414090728722,EXP_DEnsembleModel_Alpha158_csi300_custom_step0_s_20260525_15,28c0c9eaa2e7444cad012bc616c18292,0.053,,,
3927,2026-05-25,SZ000792,-0.06621444230211666,EXP_DEnsembleModel_Alpha158_csi300_custom_step0_s_20260525_15,28c0c9eaa2e7444cad012bc616c18292,0.053,,,
3928,2026-05-25,SZ000786,-0.10497352245837571,EXP_DEnsembleModel_Alpha158_csi300_custom_step0_s_20260525_15,28c0c9eaa2e7444cad012bc616c18292,0.053,,,
3929,2026-05-25,SZ000776,-0.012310422675373288,EXP_DEnsembleModel_Alpha158_csi300_custom_step0_s_20260525_15,28c0c9eaa2e7444cad012bc616c18292,0.053,,,
3930,2026-05-25,SZ000768,-0.03423641372216327,EXP_DEnsembleModel_Alpha158_csi300_custom_step0_s_20260525_15,28c0c9eaa2e7444cad012bc616c18292,0.053,,,
3931,2026-05-25,SZ000725,0.09378738445461964,EXP_DEnsembleModel_Alpha158_csi300_custom_step0_s_20260525_15,28c0c9eaa2e7444cad012bc616c18292,0.053,,,
3932,2026-05-25,SZ000708,0.0150778342551537,EXP_DEnsembleModel_Alpha158_csi300_custom_step0_s_20260525_15,28c0c9eaa2e7444cad012bc616c18292,0.053,,,
3933,2026-05-25,SZ000661,-0.1399018088723129,EXP_DEnsembleModel_Alpha158_csi300_custom_step0_s_20260525_15,28c0c9eaa2e7444cad012bc616c18292,0.053,,,
3934,2026-05-25,SH688981,0.059978174245894064,EXP_DEnsembleModel_Alpha158_csi300_custom_step0_s_20260525_15,28c0c9eaa2e7444cad012bc616c18292,0.053,,,
3935,2026-05-25,SH688506,-0.0011495960950412625,EXP_DEnsembleModel_Alpha158_csi300_custom_step0_s_20260525_15,28c0c9eaa2e7444cad012bc616c18292,0.053,,,
3936,2026-05-25,SH688472,-0.16700882050937757,EXP_DEnsembleModel_Alpha158_csi300_custom_step0_s_20260525_15,28c0c9eaa2e7444cad012bc616c18292,0.053,,,
3937,2026-05-25,SH688396,0.021115530962580387,EXP_DEnsembleModel_Alpha158_csi300_custom_step0_s_20260525_15,28c0c9eaa2e7444cad012bc616c18292,0.053,,,
3938,2026-05-25,SH603893,-0.05535813035163629,EXP_DEnsembleModel_Alpha158_csi300_custom_step0_s_20260525_15,28c0c9eaa2e7444cad012bc616c18292,0.053,,,
3939,2026-05-25,SH603799,-0.07903586520607346,EXP_DEnsembleModel_Alpha158_csi300_custom_step0_s_20260525_15,28c0c9eaa2e7444cad012bc616c18292,0.053,,,
3940,2026-05-25,SH603501,-0.05830046031073541,EXP_DEnsembleModel_Alpha158_csi300_custom_step0_s_20260525_15,28c0c9eaa2e7444cad012bc616c18292,0.053,,,
3941,2026-05-25,SH603392,-0.1362215293183721,EXP_DEnsembleModel_Alpha158_csi300_custom_step0_s_20260525_15,28c0c9eaa2e7444cad012bc616c18292,0.053,,,
3942,2026-05-25,SH603369,-0.058769018883196425,EXP_DEnsembleModel_Alpha158_csi300_custom_step0_s_20260525_15,28c0c9eaa2e7444cad012bc616c18292,0.053,,,
3943,2026-05-25,SH603296,-0.058017662341293554,EXP_DEnsembleModel_Alpha158_csi300_custom_step0_s_20260525_15,28c0c9eaa2e7444cad012bc616c18292,0.053,,,
3944,2026-05-25,SH603288,-0.08485813887877708,EXP_DEnsembleModel_Alpha158_csi300_custom_step0_s_20260525_15,28c0c9eaa2e7444cad012bc616c18292,0.053,,,
3945,2026-05-25,SH603260,-0.06058677806412956,EXP_DEnsembleModel_Alpha158_csi300_custom_step0_s_20260525_15,28c0c9eaa2e7444cad012bc616c18292,0.053,,,
3946,2026-05-25,SH603259,-0.03470573326337155,EXP_DEnsembleModel_Alpha158_csi300_custom_step0_s_20260525_15,28c0c9eaa2e7444cad012bc616c18292,0.053,,,
3947,2026-05-25,SH603195,-0.012683559116774734,EXP_DEnsembleModel_Alpha158_csi300_custom_step0_s_20260525_15,28c0c9eaa2e7444cad012bc616c18292,0.053,,,
3948,2026-05-25,SH603019,-0.08217342400535256,EXP_DEnsembleModel_Alpha158_csi300_custom_step0_s_20260525_15,28c0c9eaa2e7444cad012bc616c18292,0.053,,,
3949,2026-05-25,SH601998,0.07498942121266118,EXP_DEnsembleModel_Alpha158_csi300_custom_step0_s_20260525_15,28c0c9eaa2e7444cad012bc616c18292,0.053,,,
3950,2026-05-25,SH601995,0.07680571895558504,EXP_DEnsembleModel_Alpha158_csi300_custom_step0_s_20260525_15,28c0c9eaa2e7444cad012bc616c18292,0.053,,,
3951,2026-05-25,SH601988,0.15938924214933933,EXP_DEnsembleModel_Alpha158_csi300_custom_step0_s_20260525_15,28c0c9eaa2e7444cad012bc616c18292,0.053,,,
3952,2026-05-25,SH601985,0.06323745626557141,EXP_DEnsembleModel_Alpha158_csi300_custom_step0_s_20260525_15,28c0c9eaa2e7444cad012bc616c18292,0.053,,,
3953,2026-05-25,SH603986,-0.4277129746494446,EXP_DEnsembleModel_Alpha158_csi300_custom_step0_s_20260525_15,28c0c9eaa2e7444cad012bc616c18292,0.053,,,
3954,2026-05-25,SZ000983,-0.09645894215779918,EXP_DEnsembleModel_Alpha158_csi300_custom_step0_s_20260525_15,28c0c9eaa2e7444cad012bc616c18292,0.053,,,
3955,2026-05-25,SH603993,-0.17481749162829674,EXP_DEnsembleModel_Alpha158_csi300_custom_step0_s_20260525_15,28c0c9eaa2e7444cad012bc616c18292,0.053,,,
3956,2026-05-25,SH605499,0.04822708145726958,EXP_DEnsembleModel_Alpha158_csi300_custom_step0_s_20260525_15,28c0c9eaa2e7444cad012bc616c18292,0.053,,,
3957,2026-05-25,SH688303,-0.17774601243300167,EXP_DEnsembleModel_Alpha158_csi300_custom_step0_s_20260525_15,28c0c9eaa2e7444cad012bc616c18292,0.053,,,
3958,2026-05-25,SH688271,-0.027110804515110987,EXP_DEnsembleModel_Alpha158_csi300_custom_step0_s_20260525_15,28c0c9eaa2e7444cad012bc616c18292,0.053,,,
3959,2026-05-25,SH688256,-0.3160567664224763,EXP_DEnsembleModel_Alpha158_csi300_custom_step0_s_20260525_15,28c0c9eaa2e7444cad012bc616c18292,0.053,,,
3960,2026-05-25,SH688223,-0.14311758200071517,EXP_DEnsembleModel_Alpha158_csi300_custom_step0_s_20260525_15,28c0c9eaa2e7444cad012bc616c18292,0.053,,,
3961,2026-05-25,SH688187,0.10193568997433505,EXP_DEnsembleModel_Alpha158_csi300_custom_step0_s_20260525_15,28c0c9eaa2e7444cad012bc616c18292,0.053,,,
3962,2026-05-25,SH688169,-0.11856158905853345,EXP_DEnsembleModel_Alpha158_csi300_custom_step0_s_20260525_15,28c0c9eaa2e7444cad012bc616c18292,0.053,,,
3963,2026-05-25,SH688126,-0.14270233231471532,EXP_DEnsembleModel_Alpha158_csi300_custom_step0_s_20260525_15,28c0c9eaa2e7444cad012bc616c18292,0.053,,,
3964,2026-05-25,SH688111,-0.13712902230953794,EXP_DEnsembleModel_Alpha158_csi300_custom_step0_s_20260525_15,28c0c9eaa2e7444cad012bc616c18292,0.053,,,
3965,2026-05-25,SH688082,-0.3340704122746386,EXP_DEnsembleModel_Alpha158_csi300_custom_step0_s_20260525_15,28c0c9eaa2e7444cad012bc616c18292,0.053,,,
3966,2026-05-25,SH688047,-0.0918516689758805,EXP_DEnsembleModel_Alpha158_csi300_custom_step0_s_20260525_15,28c0c9eaa2e7444cad012bc616c18292,0.053,,,
3967,2026-05-25,SH688041,-0.1582829613737481,EXP_DEnsembleModel_Alpha158_csi300_custom_step0_s_20260525_15,28c0c9eaa2e7444cad012bc616c18292,0.053,,,
3968,2026-05-25,SH688036,-0.043140201143795846,EXP_DEnsembleModel_Alpha158_csi300_custom_step0_s_20260525_15,28c0c9eaa2e7444cad012bc616c18292,0.053,,,
3969,2026-05-25,SH688012,-0.2555305041593931,EXP_DEnsembleModel_Alpha158_csi300_custom_step0_s_20260525_15,28c0c9eaa2e7444cad012bc616c18292,0.053,,,
3970,2026-05-25,SH688009,-0.037274504431627234,EXP_DEnsembleModel_Alpha158_csi300_custom_step0_s_20260525_15,28c0c9eaa2e7444cad012bc616c18292,0.053,,,
3971,2026-05-25,SH688008,-0.34808681306211287,EXP_DEnsembleModel_Alpha158_csi300_custom_step0_s_20260525_15,28c0c9eaa2e7444cad012bc616c18292,0.053,,,
3972,2026-05-25,SH605117,-0.1550806143268628,EXP_DEnsembleModel_Alpha158_csi300_custom_step0_s_20260525_15,28c0c9eaa2e7444cad012bc616c18292,0.053,,,
3973,2026-05-25,SH601939,0.13635823097024444,EXP_DEnsembleModel_Alpha158_csi300_custom_step0_s_20260525_15,28c0c9eaa2e7444cad012bc616c18292,0.053,,,
3974,2026-05-25,SZ000999,0.008798457106886128,EXP_DEnsembleModel_Alpha158_csi300_custom_step0_s_20260525_15,28c0c9eaa2e7444cad012bc616c18292,0.053,,,
3975,2026-05-25,SZ001965,0.006995062170503326,EXP_DEnsembleModel_Alpha158_csi300_custom_step0_s_20260525_15,28c0c9eaa2e7444cad012bc616c18292,0.053,,,
3976,2026-05-25,SZ300413,0.04731245127634764,EXP_DEnsembleModel_Alpha158_csi300_custom_step0_s_20260525_15,28c0c9eaa2e7444cad012bc616c18292,0.053,,,
3977,2026-05-25,SZ300408,-0.10583958336278167,EXP_DEnsembleModel_Alpha158_csi300_custom_step0_s_20260525_15,28c0c9eaa2e7444cad012bc616c18292,0.053,,,
3978,2026-05-25,SZ300394,0.09797579821086012,EXP_DEnsembleModel_Alpha158_csi300_custom_step0_s_20260525_15,28c0c9eaa2e7444cad012bc616c18292,0.053,,,
3979,2026-05-25,SZ300347,0.07838348004548243,EXP_DEnsembleModel_Alpha158_csi300_custom_step0_s_20260525_15,28c0c9eaa2e7444cad012bc616c18292,0.053,,,
3980,2026-05-25,SZ300316,-0.10494273946219008,EXP_DEnsembleModel_Alpha158_csi300_custom_step0_s_20260525_15,28c0c9eaa2e7444cad012bc616c18292,0.053,,,
3981,2026-05-25,SZ300308,-0.07960225331308775,EXP_DEnsembleModel_Alpha158_csi300_custom_step0_s_20260525_15,28c0c9eaa2e7444cad012bc616c18292,0.053,,,
3982,2026-05-25,SZ300418,-0.13696356256405948,EXP_DEnsembleModel_Alpha158_csi300_custom_step0_s_20260525_15,28c0c9eaa2e7444cad012bc616c18292,0.053,,,
3983,2026-05-25,SZ300274,-0.21444612191645254,EXP_DEnsembleModel_Alpha158_csi300_custom_step0_s_20260525_15,28c0c9eaa2e7444cad012bc616c18292,0.053,,,
3984,2026-05-25,SZ300124,0.02119026312123304,EXP_DEnsembleModel_Alpha158_csi300_custom_step0_s_20260525_15,28c0c9eaa2e7444cad012bc616c18292,0.053,,,
3985,2026-05-25,SZ300122,-0.17344768107557615,EXP_DEnsembleModel_Alpha158_csi300_custom_step0_s_20260525_15,28c0c9eaa2e7444cad012bc616c18292,0.053,,,
3986,2026-05-25,SZ300059,-0.10915044321339835,EXP_DEnsembleModel_Alpha158_csi300_custom_step0_s_20260525_15,28c0c9eaa2e7444cad012bc616c18292,0.053,,,
3987,2026-05-25,SZ300033,-0.1183964100047618,EXP_DEnsembleModel_Alpha158_csi300_custom_step0_s_20260525_15,28c0c9eaa2e7444cad012bc616c18292,0.053,,,
3988,2026-05-25,SZ300015,-0.17432803106243758,EXP_DEnsembleModel_Alpha158_csi300_custom_step0_s_20260525_15,28c0c9eaa2e7444cad012bc616c18292,0.053,,,
3989,2026-05-25,SZ300014,-0.0003866364161072057,EXP_DEnsembleModel_Alpha158_csi300_custom_step0_s_20260525_15,28c0c9eaa2e7444cad012bc616c18292,0.053,,,
3990,2026-05-25,SZ300251,-0.04633552033557755,EXP_DEnsembleModel_Alpha158_csi300_custom_step0_s_20260525_15,28c0c9eaa2e7444cad012bc616c18292,0.053,,,
3991,2026-05-25,SZ300433,0.09506685488126786,EXP_DEnsembleModel_Alpha158_csi300_custom_step0_s_20260525_15,28c0c9eaa2e7444cad012bc616c18292,0.053,,,
3992,2026-05-25,SZ300442,-0.1731399843974619,EXP_DEnsembleModel_Alpha158_csi300_custom_step0_s_20260525_15,28c0c9eaa2e7444cad012bc616c18292,0.053,,,
3993,2026-05-25,SZ300476,-0.028172856788960896,EXP_DEnsembleModel_Alpha158_csi300_custom_step0_s_20260525_15,28c0c9eaa2e7444cad012bc616c18292,0.053,,,
3994,2026-05-25,SZ301236,-0.04823226117006938,EXP_DEnsembleModel_Alpha158_csi300_custom_step0_s_20260525_15,28c0c9eaa2e7444cad012bc616c18292,0.053,,,
3995,2026-05-25,SZ300999,-0.03936734781326281,EXP_DEnsembleModel_Alpha158_csi300_custom_step0_s_20260525_15,28c0c9eaa2e7444cad012bc616c18292,0.053,,,
3996,2026-05-25,SZ300979,0.032447752412268924,EXP_DEnsembleModel_Alpha158_csi300_custom_step0_s_20260525_15,28c0c9eaa2e7444cad012bc616c18292,0.053,,,
3997,2026-05-25,SZ300896,-0.04449509119895515,EXP_DEnsembleModel_Alpha158_csi300_custom_step0_s_20260525_15,28c0c9eaa2e7444cad012bc616c18292,0.053,,,
3998,2026-05-25,SZ300866,0.06176390950801051,EXP_DEnsembleModel_Alpha158_csi300_custom_step0_s_20260525_15,28c0c9eaa2e7444cad012bc616c18292,0.053,,,
3999,2026-05-25,SZ300832,-0.11281567963038365,EXP_DEnsembleModel_Alpha158_csi300_custom_step0_s_20260525_15,28c0c9eaa2e7444cad012bc616c18292,0.053,,,
4000,2026-05-25,SZ300803,-0.1591628305632247,EXP_DEnsembleModel_Alpha158_csi300_custom_step0_s_20260525_15,28c0c9eaa2e7444cad012bc616c18292,0.053,,,
4001,2026-05-25,SZ300782,0.08643951563144138,EXP_DEnsembleModel_Alpha158_csi300_custom_step0_s_20260525_15,28c0c9eaa2e7444cad012bc616c18292,0.053,,,
4002,2026-05-25,SZ300760,-0.09032361569854454,EXP_DEnsembleModel_Alpha158_csi300_custom_step0_s_20260525_15,28c0c9eaa2e7444cad012bc616c18292,0.053,,,
4003,2026-05-25,SZ300759,0.028126323074161495,EXP_DEnsembleModel_Alpha158_csi300_custom_step0_s_20260525_15,28c0c9eaa2e7444cad012bc616c18292,0.053,,,
4004,2026-05-25,SZ300750,0.025824521754271693,EXP_DEnsembleModel_Alpha158_csi300_custom_step0_s_20260525_15,28c0c9eaa2e7444cad012bc616c18292,0.053,,,
4005,2026-05-25,SZ300661,-0.26409034886704047,EXP_DEnsembleModel_Alpha158_csi300_custom_step0_s_20260525_15,28c0c9eaa2e7444cad012bc616c18292,0.053,,,
4006,2026-05-25,SZ300628,-0.062396734669622145,EXP_DEnsembleModel_Alpha158_csi300_custom_step0_s_20260525_15,28c0c9eaa2e7444cad012bc616c18292,0.053,,,
4007,2026-05-25,SZ300502,-0.13234213780572618,EXP_DEnsembleModel_Alpha158_csi300_custom_step0_s_20260525_15,28c0c9eaa2e7444cad012bc616c18292,0.053,,,
4008,2026-05-25,SZ300498,-0.042576915926928964,EXP_DEnsembleModel_Alpha158_csi300_custom_step0_s_20260525_15,28c0c9eaa2e7444cad012bc616c18292,0.053,,,
4009,2026-05-25,SZ003816,0.004361394192562258,EXP_DEnsembleModel_Alpha158_csi300_custom_step0_s_20260525_15,28c0c9eaa2e7444cad012bc616c18292,0.053,,,
4010,2026-05-25,SZ002938,-0.2547720446535155,EXP_DEnsembleModel_Alpha158_csi300_custom_step0_s_20260525_15,28c0c9eaa2e7444cad012bc616c18292,0.053,,,
4011,2026-05-25,SZ002920,-0.04474451303123658,EXP_DEnsembleModel_Alpha158_csi300_custom_step0_s_20260525_15,28c0c9eaa2e7444cad012bc616c18292,0.053,,,
4012,2026-05-25,SZ002916,-0.12433401954231271,EXP_DEnsembleModel_Alpha158_csi300_custom_step0_s_20260525_15,28c0c9eaa2e7444cad012bc616c18292,0.053,,,
4013,2026-05-25,SZ002311,0.019480585550691567,EXP_DEnsembleModel_Alpha158_csi300_custom_step0_s_20260525_15,28c0c9eaa2e7444cad012bc616c18292,0.053,,,
4014,2026-05-25,SZ002304,-0.10619810973084388,EXP_DEnsembleModel_Alpha158_csi300_custom_step0_s_20260525_15,28c0c9eaa2e7444cad012bc616c18292,0.053,,,
4015,2026-05-25,SZ002252,0.011838338388224049,EXP_DEnsembleModel_Alpha158_csi300_custom_step0_s_20260525_15,28c0c9eaa2e7444cad012bc616c18292,0.053,,,
4016,2026-05-25,SZ002241,-0.0009918714063408415,EXP_DEnsembleModel_Alpha158_csi300_custom_step0_s_20260525_15,28c0c9eaa2e7444cad012bc616c18292,0.053,,,
4017,2026-05-25,SZ002236,-0.018309388071886902,EXP_DEnsembleModel_Alpha158_csi300_custom_step0_s_20260525_15,28c0c9eaa2e7444cad012bc616c18292,0.053,,,
4018,2026-05-25,SZ002230,-0.009177170857141302,EXP_DEnsembleModel_Alpha158_csi300_custom_step0_s_20260525_15,28c0c9eaa2e7444cad012bc616c18292,0.053,,,
4019,2026-05-25,SZ002179,0.01788046529360497,EXP_DEnsembleModel_Alpha158_csi300_custom_step0_s_20260525_15,28c0c9eaa2e7444cad012bc616c18292,0.053,,,
4020,2026-05-25,SZ002142,0.07692338383137808,EXP_DEnsembleModel_Alpha158_csi300_custom_step0_s_20260525_15,28c0c9eaa2e7444cad012bc616c18292,0.053,,,
4021,2026-05-25,SZ002074,-0.10267412376578446,EXP_DEnsembleModel_Alpha158_csi300_custom_step0_s_20260525_15,28c0c9eaa2e7444cad012bc616c18292,0.053,,,
4022,2026-05-25,SZ002050,-0.03727538899654541,EXP_DEnsembleModel_Alpha158_csi300_custom_step0_s_20260525_15,28c0c9eaa2e7444cad012bc616c18292,0.053,,,
4023,2026-05-25,SZ002049,-0.0016823116745071417,EXP_DEnsembleModel_Alpha158_csi300_custom_step0_s_20260525_15,28c0c9eaa2e7444cad012bc616c18292,0.053,,,
4024,2026-05-25,SZ002028,-0.07465307716873212,EXP_DEnsembleModel_Alpha158_csi300_custom_step0_s_20260525_15,28c0c9eaa2e7444cad012bc616c18292,0.053,,,
4025,2026-05-25,SZ002027,0.024940007114033404,EXP_DEnsembleModel_Alpha158_csi300_custom_step0_s_20260525_15,28c0c9eaa2e7444cad012bc616c18292,0.053,,,
4026,2026-05-25,SZ002001,0.05110792298318829,EXP_DEnsembleModel_Alpha158_csi300_custom_step0_s_20260525_15,28c0c9eaa2e7444cad012bc616c18292,0.053,,,
4027,2026-05-25,SZ001979,-0.248204005172507,EXP_DEnsembleModel_Alpha158_csi300_custom_step0_s_20260525_15,28c0c9eaa2e7444cad012bc616c18292,0.053,,,
4028,2026-05-25,SZ002352,0.05907902101956306,EXP_DEnsembleModel_Alpha158_csi300_custom_step0_s_20260525_15,28c0c9eaa2e7444cad012bc616c18292,0.053,,,
4029,2026-05-25,SZ001391,0.021162525629180775,EXP_DEnsembleModel_Alpha158_csi300_custom_step0_s_20260525_15,28c0c9eaa2e7444cad012bc616c18292,0.053,,,
4030,2026-05-25,SZ002371,-0.31542320436041626,EXP_DEnsembleModel_Alpha158_csi300_custom_step0_s_20260525_15,28c0c9eaa2e7444cad012bc616c18292,0.053,,,
4031,2026-05-25,SZ002415,-0.086306945980668,EXP_DEnsembleModel_Alpha158_csi300_custom_step0_s_20260525_15,28c0c9eaa2e7444cad012bc616c18292,0.053,,,
4032,2026-05-25,SZ002736,-0.027664419695828366,EXP_DEnsembleModel_Alpha158_csi300_custom_step0_s_20260525_15,28c0c9eaa2e7444cad012bc616c18292,0.053,,,
4033,2026-05-25,SZ002714,0.038019964941967625,EXP_DEnsembleModel_Alpha158_csi300_custom_step0_s_20260525_15,28c0c9eaa2e7444cad012bc616c18292,0.053,,,
4034,2026-05-25,SZ002709,0.17966130729262153,EXP_DEnsembleModel_Alpha158_csi300_custom_step0_s_20260525_15,28c0c9eaa2e7444cad012bc616c18292,0.053,,,
4035,2026-05-25,SZ002648,0.07632728696904613,EXP_DEnsembleModel_Alpha158_csi300_custom_step0_s_20260525_15,28c0c9eaa2e7444cad012bc616c18292,0.053,,,
4036,2026-05-25,SZ002625,0.005451915796281373,EXP_DEnsembleModel_Alpha158_csi300_custom_step0_s_20260525_15,28c0c9eaa2e7444cad012bc616c18292,0.053,,,
4037,2026-05-25,SZ002601,-0.027100938395928975,EXP_DEnsembleModel_Alpha158_csi300_custom_step0_s_20260525_15,28c0c9eaa2e7444cad012bc616c18292,0.053,,,
4038,2026-05-25,SZ002600,-0.02883785501335982,EXP_DEnsembleModel_Alpha158_csi300_custom_step0_s_20260525_15,28c0c9eaa2e7444cad012bc616c18292,0.053,,,
4039,2026-05-25,SZ002594,-0.06975411274637647,EXP_DEnsembleModel_Alpha158_csi300_custom_step0_s_20260525_15,28c0c9eaa2e7444cad012bc616c18292,0.053,,,
4040,2026-05-25,SZ002493,-0.1869724347981753,EXP_DEnsembleModel_Alpha158_csi300_custom_step0_s_20260525_15,28c0c9eaa2e7444cad012bc616c18292,0.053,,,
4041,2026-05-25,SZ002475,-0.27074786119363725,EXP_DEnsembleModel_Alpha158_csi300_custom_step0_s_20260525_15,28c0c9eaa2e7444cad012bc616c18292,0.053,,,
4042,2026-05-25,SZ002466,-0.03012518443102705,EXP_DEnsembleModel_Alpha158_csi300_custom_step0_s_20260525_15,28c0c9eaa2e7444cad012bc616c18292,0.053,,,
4043,2026-05-25,SZ002463,-0.14321995097458018,EXP_DEnsembleModel_Alpha158_csi300_custom_step0_s_20260525_15,28c0c9eaa2e7444cad012bc616c18292,0.053,,,
4044,2026-05-25,SZ002460,0.0096463705400618,EXP_DEnsembleModel_Alpha158_csi300_custom_step0_s_20260525_15,28c0c9eaa2e7444cad012bc616c18292,0.053,,,
4045,2026-05-25,SZ002459,-0.02435883842450729,EXP_DEnsembleModel_Alpha158_csi300_custom_step0_s_20260525_15,28c0c9eaa2e7444cad012bc616c18292,0.053,,,
4046,2026-05-25,SZ002422,0.01569384744953694,EXP_DEnsembleModel_Alpha158_csi300_custom_step0_s_20260525_15,28c0c9eaa2e7444cad012bc616c18292,0.053,,,
4047,2026-05-25,SZ002384,-0.02183091821961233,EXP_DEnsembleModel_Alpha158_csi300_custom_step0_s_20260525_15,28c0c9eaa2e7444cad012bc616c18292,0.053,,,
4048,2026-05-25,SH600000,0.015968575953654657,EXP_DEnsembleModel_Alpha158_csi300_custom_step0_s_20260525_15,28c0c9eaa2e7444cad012bc616c18292,0.053,,,
4049,2026-05-25,SH601919,0.02360750069903475,EXP_DEnsembleModel_Alpha158_csi300_custom_step0_s_20260525_15,28c0c9eaa2e7444cad012bc616c18292,0.053,,,
4050,2026-05-25,SH601901,0.09515442708816686,EXP_DEnsembleModel_Alpha158_csi300_custom_step0_s_20260525_15,28c0c9eaa2e7444cad012bc616c18292,0.053,,,
4051,2026-05-25,SH600547,-0.030098091688003235,EXP_DEnsembleModel_Alpha158_csi300_custom_step0_s_20260525_15,28c0c9eaa2e7444cad012bc616c18292,0.053,,,
4052,2026-05-25,SH600522,0.15797089105063566,EXP_DEnsembleModel_Alpha158_csi300_custom_step0_s_20260525_15,28c0c9eaa2e7444cad012bc616c18292,0.053,,,
4053,2026-05-25,SH600519,0.030639992817370135,EXP_DEnsembleModel_Alpha158_csi300_custom_step0_s_20260525_15,28c0c9eaa2e7444cad012bc616c18292,0.053,,,
4054,2026-05-25,SH600515,-0.04150842073375261,EXP_DEnsembleModel_Alpha158_csi300_custom_step0_s_20260525_15,28c0c9eaa2e7444cad012bc616c18292,0.053,,,
4055,2026-05-25,SH600489,-0.051135867640682654,EXP_DEnsembleModel_Alpha158_csi300_custom_step0_s_20260525_15,28c0c9eaa2e7444cad012bc616c18292,0.053,,,
4056,2026-05-25,SH600482,-0.11392237398917199,EXP_DEnsembleModel_Alpha158_csi300_custom_step0_s_20260525_15,28c0c9eaa2e7444cad012bc616c18292,0.053,,,
4057,2026-05-25,SH600570,-0.025082395233656258,EXP_DEnsembleModel_Alpha158_csi300_custom_step0_s_20260525_15,28c0c9eaa2e7444cad012bc616c18292,0.053,,,
4058,2026-05-25,SH600460,-0.06256983995417316,EXP_DEnsembleModel_Alpha158_csi300_custom_step0_s_20260525_15,28c0c9eaa2e7444cad012bc616c18292,0.053,,,
4059,2026-05-25,SH600436,-0.007719805263696133,EXP_DEnsembleModel_Alpha158_csi300_custom_step0_s_20260525_15,28c0c9eaa2e7444cad012bc616c18292,0.053,,,
4060,2026-05-25,SH600426,0.2035851870382811,EXP_DEnsembleModel_Alpha158_csi300_custom_step0_s_20260525_15,28c0c9eaa2e7444cad012bc616c18292,0.053,,,
4061,2026-05-25,SH600415,-0.2062702637702627,EXP_DEnsembleModel_Alpha158_csi300_custom_step0_s_20260525_15,28c0c9eaa2e7444cad012bc616c18292,0.053,,,
4062,2026-05-25,SH600406,-0.06825865804096078,EXP_DEnsembleModel_Alpha158_csi300_custom_step0_s_20260525_15,28c0c9eaa2e7444cad012bc616c18292,0.053,,,
4063,2026-05-25,SH600377,0.08739910970243124,EXP_DEnsembleModel_Alpha158_csi300_custom_step0_s_20260525_15,28c0c9eaa2e7444cad012bc616c18292,0.053,,,
4064,2026-05-25,SH600372,-0.08475409561761758,EXP_DEnsembleModel_Alpha158_csi300_custom_step0_s_20260525_15,28c0c9eaa2e7444cad012bc616c18292,0.053,,,
4065,2026-05-25,SH600438,-0.08985494075133363,EXP_DEnsembleModel_Alpha158_csi300_custom_step0_s_20260525_15,28c0c9eaa2e7444cad012bc616c18292,0.053,,,
4066,2026-05-25,SH600584,-0.32456767271293757,EXP_DEnsembleModel_Alpha158_csi300_custom_step0_s_20260525_15,28c0c9eaa2e7444cad012bc616c18292,0.053,,,
4067,2026-05-25,SH600585,0.015616498215218771,EXP_DEnsembleModel_Alpha158_csi300_custom_step0_s_20260525_15,28c0c9eaa2e7444cad012bc616c18292,0.053,,,
4068,2026-05-25,SH600588,-0.014621430518013633,EXP_DEnsembleModel_Alpha158_csi300_custom_step0_s_20260525_15,28c0c9eaa2e7444cad012bc616c18292,0.053,,,
4069,2026-05-25,SH600900,0.1001201124614806,EXP_DEnsembleModel_Alpha158_csi300_custom_step0_s_20260525_15,28c0c9eaa2e7444cad012bc616c18292,0.053,,,
4070,2026-05-25,SH600893,-0.046761282476805756,EXP_DEnsembleModel_Alpha158_csi300_custom_step0_s_20260525_15,28c0c9eaa2e7444cad012bc616c18292,0.053,,,
4071,2026-05-25,SH600887,0.033849312823545065,EXP_DEnsembleModel_Alpha158_csi300_custom_step0_s_20260525_15,28c0c9eaa2e7444cad012bc616c18292,0.053,,,
4072,2026-05-25,SH600886,0.10684556620526406,EXP_DEnsembleModel_Alpha158_csi300_custom_step0_s_20260525_15,28c0c9eaa2e7444cad012bc616c18292,0.053,,,
4073,2026-05-25,SH600875,-0.03838432683564967,EXP_DEnsembleModel_Alpha158_csi300_custom_step0_s_20260525_15,28c0c9eaa2e7444cad012bc616c18292,0.053,,,
4074,2026-05-25,SH600845,-0.11083861222380495,EXP_DEnsembleModel_Alpha158_csi300_custom_step0_s_20260525_15,28c0c9eaa2e7444cad012bc616c18292,0.053,,,
4075,2026-05-25,SH600809,-0.06780447148598258,EXP_DEnsembleModel_Alpha158_csi300_custom_step0_s_20260525_15,28c0c9eaa2e7444cad012bc616c18292,0.053,,,
4076,2026-05-25,SH600803,-0.051639769003865583,EXP_DEnsembleModel_Alpha158_csi300_custom_step0_s_20260525_15,28c0c9eaa2e7444cad012bc616c18292,0.053,,,
4077,2026-05-25,SH600795,0.06156266508028386,EXP_DEnsembleModel_Alpha158_csi300_custom_step0_s_20260525_15,28c0c9eaa2e7444cad012bc616c18292,0.053,,,
4078,2026-05-25,SH600760,-0.1746016682372508,EXP_DEnsembleModel_Alpha158_csi300_custom_step0_s_20260525_15,28c0c9eaa2e7444cad012bc616c18292,0.053,,,
4079,2026-05-25,SH600741,0.029290430693853464,EXP_DEnsembleModel_Alpha158_csi300_custom_step0_s_20260525_15,28c0c9eaa2e7444cad012bc616c18292,0.053,,,
4080,2026-05-25,SH600690,-0.01636288529064621,EXP_DEnsembleModel_Alpha158_csi300_custom_step0_s_20260525_15,28c0c9eaa2e7444cad012bc616c18292,0.053,,,
4081,2026-05-25,SH600674,0.022391742658501003,EXP_DEnsembleModel_Alpha158_csi300_custom_step0_s_20260525_15,28c0c9eaa2e7444cad012bc616c18292,0.053,,,
4082,2026-05-25,SH600660,-0.059566242554660594,EXP_DEnsembleModel_Alpha158_csi300_custom_step0_s_20260525_15,28c0c9eaa2e7444cad012bc616c18292,0.053,,,
4083,2026-05-25,SH600600,0.06130382377138377,EXP_DEnsembleModel_Alpha158_csi300_custom_step0_s_20260525_15,28c0c9eaa2e7444cad012bc616c18292,0.053,,,
4084,2026-05-25,SH600362,-0.13666214708723579,EXP_DEnsembleModel_Alpha158_csi300_custom_step0_s_20260525_15,28c0c9eaa2e7444cad012bc616c18292,0.053,,,
4085,2026-05-25,SH600346,-0.07873867709414946,EXP_DEnsembleModel_Alpha158_csi300_custom_step0_s_20260525_15,28c0c9eaa2e7444cad012bc616c18292,0.053,,,
4086,2026-05-25,SH600309,0.006175155847743155,EXP_DEnsembleModel_Alpha158_csi300_custom_step0_s_20260525_15,28c0c9eaa2e7444cad012bc616c18292,0.053,,,
4087,2026-05-25,SH600276,-0.034692660631938495,EXP_DEnsembleModel_Alpha158_csi300_custom_step0_s_20260525_15,28c0c9eaa2e7444cad012bc616c18292,0.053,,,
4088,2026-05-25,SH600036,0.030787870071806885,EXP_DEnsembleModel_Alpha158_csi300_custom_step0_s_20260525_15,28c0c9eaa2e7444cad012bc616c18292,0.053,,,
4089,2026-05-25,SH600031,-0.12480112659274252,EXP_DEnsembleModel_Alpha158_csi300_custom_step0_s_20260525_15,28c0c9eaa2e7444cad012bc616c18292,0.053,,,
4090,2026-05-25,SH600030,-0.059248743698366774,EXP_DEnsembleModel_Alpha158_csi300_custom_step0_s_20260525_15,28c0c9eaa2e7444cad012bc616c18292,0.053,,,
4091,2026-05-25,SH600029,-0.017472896062485872,EXP_DEnsembleModel_Alpha158_csi300_custom_step0_s_20260525_15,28c0c9eaa2e7444cad012bc616c18292,0.053,,,
4092,2026-05-25,SH600028,-0.037525330815311723,EXP_DEnsembleModel_Alpha158_csi300_custom_step0_s_20260525_15,28c0c9eaa2e7444cad012bc616c18292,0.053,,,
4093,2026-05-25,SH600027,-0.10663818885731545,EXP_DEnsembleModel_Alpha158_csi300_custom_step0_s_20260525_15,28c0c9eaa2e7444cad012bc616c18292,0.053,,,
4094,2026-05-25,SH600026,-0.029499955082483587,EXP_DEnsembleModel_Alpha158_csi300_custom_step0_s_20260525_15,28c0c9eaa2e7444cad012bc616c18292,0.053,,,
4095,2026-05-25,SH600025,0.030179374747643897,EXP_DEnsembleModel_Alpha158_csi300_custom_step0_s_20260525_15,28c0c9eaa2e7444cad012bc616c18292,0.053,,,
4096,2026-05-25,SH600023,-0.0364081961962618,EXP_DEnsembleModel_Alpha158_csi300_custom_step0_s_20260525_15,28c0c9eaa2e7444cad012bc616c18292,0.053,,,
4097,2026-05-25,SH600019,-0.017366077281391733,EXP_DEnsembleModel_Alpha158_csi300_custom_step0_s_20260525_15,28c0c9eaa2e7444cad012bc616c18292,0.053,,,
4098,2026-05-25,SH600018,0.13563519834287147,EXP_DEnsembleModel_Alpha158_csi300_custom_step0_s_20260525_15,28c0c9eaa2e7444cad012bc616c18292,0.053,,,
4099,2026-05-25,SH600016,0.03919638722376692,EXP_DEnsembleModel_Alpha158_csi300_custom_step0_s_20260525_15,28c0c9eaa2e7444cad012bc616c18292,0.053,,,
4100,2026-05-25,SH600015,0.07746724865046943,EXP_DEnsembleModel_Alpha158_csi300_custom_step0_s_20260525_15,28c0c9eaa2e7444cad012bc616c18292,0.053,,,
4101,2026-05-25,SH600011,-0.041706590066784545,EXP_DEnsembleModel_Alpha158_csi300_custom_step0_s_20260525_15,28c0c9eaa2e7444cad012bc616c18292,0.053,,,
4102,2026-05-25,SH600010,-0.07449828135264784,EXP_DEnsembleModel_Alpha158_csi300_custom_step0_s_20260525_15,28c0c9eaa2e7444cad012bc616c18292,0.053,,,
4103,2026-05-25,SH600039,0.052185009416402695,EXP_DEnsembleModel_Alpha158_csi300_custom_step0_s_20260525_15,28c0c9eaa2e7444cad012bc616c18292,0.053,,,
4104,2026-05-25,SH600905,0.09420342580118295,EXP_DEnsembleModel_Alpha158_csi300_custom_step0_s_20260525_15,28c0c9eaa2e7444cad012bc616c18292,0.053,,,
4105,2026-05-25,SH600048,-0.16375288153274112,EXP_DEnsembleModel_Alpha158_csi300_custom_step0_s_20260525_15,28c0c9eaa2e7444cad012bc616c18292,0.053,,,
4106,2026-05-25,SH600061,-0.033993580752813564,EXP_DEnsembleModel_Alpha158_csi300_custom_step0_s_20260525_15,28c0c9eaa2e7444cad012bc616c18292,0.053,,,
4107,2026-05-25,SH600233,0.0041198439266066445,EXP_DEnsembleModel_Alpha158_csi300_custom_step0_s_20260525_15,28c0c9eaa2e7444cad012bc616c18292,0.053,,,
4108,2026-05-25,SH600219,0.05921616577192582,EXP_DEnsembleModel_Alpha158_csi300_custom_step0_s_20260525_15,28c0c9eaa2e7444cad012bc616c18292,0.053,,,
4109,2026-05-25,SH600196,0.02159126764736427,EXP_DEnsembleModel_Alpha158_csi300_custom_step0_s_20260525_15,28c0c9eaa2e7444cad012bc616c18292,0.053,,,
4110,2026-05-25,SH600188,-0.05751036124681778,EXP_DEnsembleModel_Alpha158_csi300_custom_step0_s_20260525_15,28c0c9eaa2e7444cad012bc616c18292,0.053,,,
4111,2026-05-25,SH600183,-0.3820374514839783,EXP_DEnsembleModel_Alpha158_csi300_custom_step0_s_20260525_15,28c0c9eaa2e7444cad012bc616c18292,0.053,,,
4112,2026-05-25,SH600176,-0.12505685358670968,EXP_DEnsembleModel_Alpha158_csi300_custom_step0_s_20260525_15,28c0c9eaa2e7444cad012bc616c18292,0.053,,,
4113,2026-05-25,SH600161,-0.10434371321601045,EXP_DEnsembleModel_Alpha158_csi300_custom_step0_s_20260525_15,28c0c9eaa2e7444cad012bc616c18292,0.053,,,
4114,2026-05-25,SH600160,-0.04242053760561954,EXP_DEnsembleModel_Alpha158_csi300_custom_step0_s_20260525_15,28c0c9eaa2e7444cad012bc616c18292,0.053,,,
4115,2026-05-25,SH600150,-0.12173773057314238,EXP_DEnsembleModel_Alpha158_csi300_custom_step0_s_20260525_15,28c0c9eaa2e7444cad012bc616c18292,0.053,,,
4116,2026-05-25,SH600115,-0.011298325216019457,EXP_DEnsembleModel_Alpha158_csi300_custom_step0_s_20260525_15,28c0c9eaa2e7444cad012bc616c18292,0.053,,,
4117,2026-05-25,SH600111,-0.10227946739677807,EXP_DEnsembleModel_Alpha158_csi300_custom_step0_s_20260525_15,28c0c9eaa2e7444cad012bc616c18292,0.053,,,
4118,2026-05-25,SH600104,0.006038438344579023,EXP_DEnsembleModel_Alpha158_csi300_custom_step0_s_20260525_15,28c0c9eaa2e7444cad012bc616c18292,0.053,,,
4119,2026-05-25,SH600089,-0.1512151192505293,EXP_DEnsembleModel_Alpha158_csi300_custom_step0_s_20260525_15,28c0c9eaa2e7444cad012bc616c18292,0.053,,,
4120,2026-05-25,SH600085,0.03529853477158055,EXP_DEnsembleModel_Alpha158_csi300_custom_step0_s_20260525_15,28c0c9eaa2e7444cad012bc616c18292,0.053,,,
4121,2026-05-25,SH600066,-0.08760671781441233,EXP_DEnsembleModel_Alpha158_csi300_custom_step0_s_20260525_15,28c0c9eaa2e7444cad012bc616c18292,0.053,,,
4122,2026-05-25,SH600050,-0.051311479965591746,EXP_DEnsembleModel_Alpha158_csi300_custom_step0_s_20260525_15,28c0c9eaa2e7444cad012bc616c18292,0.053,,,
4123,2026-05-25,SH601916,0.11973895692503993,EXP_DEnsembleModel_Alpha158_csi300_custom_step0_s_20260525_15,28c0c9eaa2e7444cad012bc616c18292,0.053,,,
4124,2026-05-25,SH600918,-0.011958665048376161,EXP_DEnsembleModel_Alpha158_csi300_custom_step0_s_20260525_15,28c0c9eaa2e7444cad012bc616c18292,0.053,,,
4125,2026-05-25,SH600926,0.04528346372250709,EXP_DEnsembleModel_Alpha158_csi300_custom_step0_s_20260525_15,28c0c9eaa2e7444cad012bc616c18292,0.053,,,
4126,2026-05-25,SH601689,-0.08676164629160885,EXP_DEnsembleModel_Alpha158_csi300_custom_step0_s_20260525_15,28c0c9eaa2e7444cad012bc616c18292,0.053,,,
4127,2026-05-25,SH601688,-0.08709893793378327,EXP_DEnsembleModel_Alpha158_csi300_custom_step0_s_20260525_15,28c0c9eaa2e7444cad012bc616c18292,0.053,,,
4128,2026-05-25,SH601669,-0.07809412876674676,EXP_DEnsembleModel_Alpha158_csi300_custom_step0_s_20260525_15,28c0c9eaa2e7444cad012bc616c18292,0.053,,,
4129,2026-05-25,SH601668,0.041580514371752045,EXP_DEnsembleModel_Alpha158_csi300_custom_step0_s_20260525_15,28c0c9eaa2e7444cad012bc616c18292,0.053,,,
4130,2026-05-25,SH601658,0.08397689859349285,EXP_DEnsembleModel_Alpha158_csi300_custom_step0_s_20260525_15,28c0c9eaa2e7444cad012bc616c18292,0.053,,,
4131,2026-05-25,SH601633,0.007227845132306265,EXP_DEnsembleModel_Alpha158_csi300_custom_step0_s_20260525_15,28c0c9eaa2e7444cad012bc616c18292,0.053,,,
4132,2026-05-25,SH601698,-0.04371800512090284,EXP_DEnsembleModel_Alpha158_csi300_custom_step0_s_20260525_15,28c0c9eaa2e7444cad012bc616c18292,0.053,,,
4133,2026-05-25,SH601628,-0.03803109802121802,EXP_DEnsembleModel_Alpha158_csi300_custom_step0_s_20260525_15,28c0c9eaa2e7444cad012bc616c18292,0.053,,,
4134,2026-05-25,SH601607,0.025761860602784386,EXP_DEnsembleModel_Alpha158_csi300_custom_step0_s_20260525_15,28c0c9eaa2e7444cad012bc616c18292,0.053,,,
4135,2026-05-25,SH601601,-0.1202254780402253,EXP_DEnsembleModel_Alpha158_csi300_custom_step0_s_20260525_15,28c0c9eaa2e7444cad012bc616c18292,0.053,,,
4136,2026-05-25,SH601600,-0.15101991786322874,EXP_DEnsembleModel_Alpha158_csi300_custom_step0_s_20260525_15,28c0c9eaa2e7444cad012bc616c18292,0.053,,,
4137,2026-05-25,SH601456,0.003860120581177411,EXP_DEnsembleModel_Alpha158_csi300_custom_step0_s_20260525_15,28c0c9eaa2e7444cad012bc616c18292,0.053,,,
4138,2026-05-25,SH601398,0.10317274969664345,EXP_DEnsembleModel_Alpha158_csi300_custom_step0_s_20260525_15,28c0c9eaa2e7444cad012bc616c18292,0.053,,,
4139,2026-05-25,SH601390,0.02024753995932544,EXP_DEnsembleModel_Alpha158_csi300_custom_step0_s_20260525_15,28c0c9eaa2e7444cad012bc616c18292,0.053,,,
4140,2026-05-25,SH601618,0.015015351726670064,EXP_DEnsembleModel_Alpha158_csi300_custom_step0_s_20260525_15,28c0c9eaa2e7444cad012bc616c18292,0.053,,,
4141,2026-05-25,SH601728,-0.06778263117349513,EXP_DEnsembleModel_Alpha158_csi300_custom_step0_s_20260525_15,28c0c9eaa2e7444cad012bc616c18292,0.053,,,
4142,2026-05-25,SH601766,-0.03425213175651641,EXP_DEnsembleModel_Alpha158_csi300_custom_step0_s_20260525_15,28c0c9eaa2e7444cad012bc616c18292,0.053,,,
4143,2026-05-25,SH601788,-0.022681072615819527,EXP_DEnsembleModel_Alpha158_csi300_custom_step0_s_20260525_15,28c0c9eaa2e7444cad012bc616c18292,0.053,,,
4144,2026-05-25,SH601899,-0.08173789175465057,EXP_DEnsembleModel_Alpha158_csi300_custom_step0_s_20260525_15,28c0c9eaa2e7444cad012bc616c18292,0.053,,,
4145,2026-05-25,SH601898,-0.012877479638469433,EXP_DEnsembleModel_Alpha158_csi300_custom_step0_s_20260525_15,28c0c9eaa2e7444cad012bc616c18292,0.053,,,
4146,2026-05-25,SH601888,-0.020606750334456726,EXP_DEnsembleModel_Alpha158_csi300_custom_step0_s_20260525_15,28c0c9eaa2e7444cad012bc616c18292,0.053,,,
4147,2026-05-25,SH601881,-0.03987881400644718,EXP_DEnsembleModel_Alpha158_csi300_custom_step0_s_20260525_15,28c0c9eaa2e7444cad012bc616c18292,0.053,,,
4148,2026-05-25,SH601878,-0.025106292176552133,EXP_DEnsembleModel_Alpha158_csi300_custom_step0_s_20260525_15,28c0c9eaa2e7444cad012bc616c18292,0.053,,,
4149,2026-05-25,SH601877,-7.316823955994283e-05,EXP_DEnsembleModel_Alpha158_csi300_custom_step0_s_20260525_15,28c0c9eaa2e7444cad012bc616c18292,0.053,,,
4150,2026-05-25,SH601872,-0.09030476146194853,EXP_DEnsembleModel_Alpha158_csi300_custom_step0_s_20260525_15,28c0c9eaa2e7444cad012bc616c18292,0.053,,,
4151,2026-05-25,SH601868,-0.07688624011092467,EXP_DEnsembleModel_Alpha158_csi300_custom_step0_s_20260525_15,28c0c9eaa2e7444cad012bc616c18292,0.053,,,
4152,2026-05-25,SH601857,-0.09939770039367356,EXP_DEnsembleModel_Alpha158_csi300_custom_step0_s_20260525_15,28c0c9eaa2e7444cad012bc616c18292,0.053,,,
4153,2026-05-25,SH601838,0.16872963367824106,EXP_DEnsembleModel_Alpha158_csi300_custom_step0_s_20260525_15,28c0c9eaa2e7444cad012bc616c18292,0.053,,,
4154,2026-05-25,SH601825,0.1059639050014155,EXP_DEnsembleModel_Alpha158_csi300_custom_step0_s_20260525_15,28c0c9eaa2e7444cad012bc616c18292,0.053,,,
4155,2026-05-25,SH601818,0.09953936745420783,EXP_DEnsembleModel_Alpha158_csi300_custom_step0_s_20260525_15,28c0c9eaa2e7444cad012bc616c18292,0.053,,,
4156,2026-05-25,SH601816,0.031935397999061116,EXP_DEnsembleModel_Alpha158_csi300_custom_step0_s_20260525_15,28c0c9eaa2e7444cad012bc616c18292,0.053,,,
4157,2026-05-25,SH601808,-0.0015231544580046731,EXP_DEnsembleModel_Alpha158_csi300_custom_step0_s_20260525_15,28c0c9eaa2e7444cad012bc616c18292,0.053,,,
4158,2026-05-25,SH601800,-0.0098838335098598,EXP_DEnsembleModel_Alpha158_csi300_custom_step0_s_20260525_15,28c0c9eaa2e7444cad012bc616c18292,0.053,,,
4159,2026-05-25,SH601377,-0.043546185118065996,EXP_DEnsembleModel_Alpha158_csi300_custom_step0_s_20260525_15,28c0c9eaa2e7444cad012bc616c18292,0.053,,,
4160,2026-05-25,SH601360,-0.02422319181759917,EXP_DEnsembleModel_Alpha158_csi300_custom_step0_s_20260525_15,28c0c9eaa2e7444cad012bc616c18292,0.053,,,
4161,2026-05-25,SH601336,-0.14072950610486443,EXP_DEnsembleModel_Alpha158_csi300_custom_step0_s_20260525_15,28c0c9eaa2e7444cad012bc616c18292,0.053,,,
4162,2026-05-25,SH601328,0.09596932942347426,EXP_DEnsembleModel_Alpha158_csi300_custom_step0_s_20260525_15,28c0c9eaa2e7444cad012bc616c18292,0.053,,,
4163,2026-05-25,SH601077,0.09247519598322457,EXP_DEnsembleModel_Alpha158_csi300_custom_step0_s_20260525_15,28c0c9eaa2e7444cad012bc616c18292,0.053,,,
4164,2026-05-25,SH601066,-0.04427738811304399,EXP_DEnsembleModel_Alpha158_csi300_custom_step0_s_20260525_15,28c0c9eaa2e7444cad012bc616c18292,0.053,,,
4165,2026-05-25,SH601059,0.12477443116081888,EXP_DEnsembleModel_Alpha158_csi300_custom_step0_s_20260525_15,28c0c9eaa2e7444cad012bc616c18292,0.053,,,
4166,2026-05-25,SH601058,-0.04455490758537409,EXP_DEnsembleModel_Alpha158_csi300_custom_step0_s_20260525_15,28c0c9eaa2e7444cad012bc616c18292,0.053,,,
4167,2026-05-25,SH601021,0.005061894592470455,EXP_DEnsembleModel_Alpha158_csi300_custom_step0_s_20260525_15,28c0c9eaa2e7444cad012bc616c18292,0.053,,,
4168,2026-05-25,SH601018,0.038004239904865386,EXP_DEnsembleModel_Alpha158_csi300_custom_step0_s_20260525_15,28c0c9eaa2e7444cad012bc616c18292,0.053,,,
4169,2026-05-25,SH601012,-7.556199578568659e-06,EXP_DEnsembleModel_Alpha158_csi300_custom_step0_s_20260525_15,28c0c9eaa2e7444cad012bc616c18292,0.053,,,
4170,2026-05-25,SH601009,0.015607104501585055,EXP_DEnsembleModel_Alpha158_csi300_custom_step0_s_20260525_15,28c0c9eaa2e7444cad012bc616c18292,0.053,,,
4171,2026-05-25,SH601006,0.14151481725398118,EXP_DEnsembleModel_Alpha158_csi300_custom_step0_s_20260525_15,28c0c9eaa2e7444cad012bc616c18292,0.053,,,
4172,2026-05-25,SH600999,0.05373463406474094,EXP_DEnsembleModel_Alpha158_csi300_custom_step0_s_20260525_15,28c0c9eaa2e7444cad012bc616c18292,0.053,,,
4173,2026-05-25,SH600989,0.011303082896478432,EXP_DEnsembleModel_Alpha158_csi300_custom_step0_s_20260525_15,28c0c9eaa2e7444cad012bc616c18292,0.053,,,
4174,2026-05-25,SH600958,-0.04741026396030884,EXP_DEnsembleModel_Alpha158_csi300_custom_step0_s_20260525_15,28c0c9eaa2e7444cad012bc616c18292,0.053,,,
4175,2026-05-25,SH600941,-0.01792172000352155,EXP_DEnsembleModel_Alpha158_csi300_custom_step0_s_20260525_15,28c0c9eaa2e7444cad012bc616c18292,0.053,,,
4176,2026-05-25,SH600938,-0.05553664359089559,EXP_DEnsembleModel_Alpha158_csi300_custom_step0_s_20260525_15,28c0c9eaa2e7444cad012bc616c18292,0.053,,,
4177,2026-05-25,SH600930,-0.06770326050764357,EXP_DEnsembleModel_Alpha158_csi300_custom_step0_s_20260525_15,28c0c9eaa2e7444cad012bc616c18292,0.053,,,
4178,2026-05-25,SH601088,0.018422927799441047,EXP_DEnsembleModel_Alpha158_csi300_custom_step0_s_20260525_15,28c0c9eaa2e7444cad012bc616c18292,0.053,,,
4179,2026-05-25,SH600919,0.14434236853540702,EXP_DEnsembleModel_Alpha158_csi300_custom_step0_s_20260525_15,28c0c9eaa2e7444cad012bc616c18292,0.053,,,
4180,2026-05-25,SH601100,0.012512492324125447,EXP_DEnsembleModel_Alpha158_csi300_custom_step0_s_20260525_15,28c0c9eaa2e7444cad012bc616c18292,0.053,,,
4181,2026-05-25,SH601117,-0.0686087614831001,EXP_DEnsembleModel_Alpha158_csi300_custom_step0_s_20260525_15,28c0c9eaa2e7444cad012bc616c18292,0.053,,,
4182,2026-05-25,SH601319,-0.011007004784909217,EXP_DEnsembleModel_Alpha158_csi300_custom_step0_s_20260525_15,28c0c9eaa2e7444cad012bc616c18292,0.053,,,
4183,2026-05-25,SH601318,-0.09333084940642741,EXP_DEnsembleModel_Alpha158_csi300_custom_step0_s_20260525_15,28c0c9eaa2e7444cad012bc616c18292,0.053,,,
4184,2026-05-25,SH601298,0.13464765699843637,EXP_DEnsembleModel_Alpha158_csi300_custom_step0_s_20260525_15,28c0c9eaa2e7444cad012bc616c18292,0.053,,,
4185,2026-05-25,SH601288,0.04949675079021904,EXP_DEnsembleModel_Alpha158_csi300_custom_step0_s_20260525_15,28c0c9eaa2e7444cad012bc616c18292,0.053,,,
4186,2026-05-25,SH601238,0.022241276547032552,EXP_DEnsembleModel_Alpha158_csi300_custom_step0_s_20260525_15,28c0c9eaa2e7444cad012bc616c18292,0.053,,,
4187,2026-05-25,SH601236,-0.002775302553415328,EXP_DEnsembleModel_Alpha158_csi300_custom_step0_s_20260525_15,28c0c9eaa2e7444cad012bc616c18292,0.053,,,
4188,2026-05-25,SH601229,-0.01800727559264564,EXP_DEnsembleModel_Alpha158_csi300_custom_step0_s_20260525_15,28c0c9eaa2e7444cad012bc616c18292,0.053,,,
4189,2026-05-25,SH601225,0.023837183446485173,EXP_DEnsembleModel_Alpha158_csi300_custom_step0_s_20260525_15,28c0c9eaa2e7444cad012bc616c18292,0.053,,,
4190,2026-05-25,SH601211,-0.04201799794125462,EXP_DEnsembleModel_Alpha158_csi300_custom_step0_s_20260525_15,28c0c9eaa2e7444cad012bc616c18292,0.053,,,
4191,2026-05-25,SH601186,-0.011156276055514744,EXP_DEnsembleModel_Alpha158_csi300_custom_step0_s_20260525_15,28c0c9eaa2e7444cad012bc616c18292,0.053,,,
4192,2026-05-25,SH601169,0.030625291222130837,EXP_DEnsembleModel_Alpha158_csi300_custom_step0_s_20260525_15,28c0c9eaa2e7444cad012bc616c18292,0.053,,,
4193,2026-05-25,SH601166,0.0652075346617262,EXP_DEnsembleModel_Alpha158_csi300_custom_step0_s_20260525_15,28c0c9eaa2e7444cad012bc616c18292,0.053,,,
4194,2026-05-25,SH601138,-0.05661286845753303,EXP_DEnsembleModel_Alpha158_csi300_custom_step0_s_20260525_15,28c0c9eaa2e7444cad012bc616c18292,0.053,,,
4195,2026-05-25,SH601136,-0.07255608949998603,EXP_DEnsembleModel_Alpha158_csi300_custom_step0_s_20260525_15,28c0c9eaa2e7444cad012bc616c18292,0.053,,,
4196,2026-05-25,SH601127,-0.06971002843078944,EXP_DEnsembleModel_Alpha158_csi300_custom_step0_s_20260525_15,28c0c9eaa2e7444cad012bc616c18292,0.053,,,
4197,2026-05-25,SH601111,-0.0642247125552084,EXP_DEnsembleModel_Alpha158_csi300_custom_step0_s_20260525_15,28c0c9eaa2e7444cad012bc616c18292,0.053,,,
4198,2026-05-25,SH600000,-0.019700617494833705,EXP_DEnsembleModel_Alpha158_csi300_custom_step0_s_20260525_15,87440dfec6114430a2cb49d201f180b2,0.058,,,
4199,2026-05-25,SZ302132,-0.01268493002715613,EXP_LGBModel_Alpha158_csi300_custom_step0_s_20260525_18,ac7b67eb988e435aa60c0d25d19a589f,0.07,,,
4200,2026-05-25,SZ301269,0.004700397134466482,EXP_LGBModel_Alpha158_csi300_custom_step0_s_20260525_18,ac7b67eb988e435aa60c0d25d19a589f,0.07,,,
4201,2026-05-25,SZ000568,-0.0020832922613104534,EXP_LGBModel_Alpha158_csi300_custom_step0_s_20260525_18,979a131ba2504def9431af2a4272e389,0.011,,,
4202,2026-05-25,SZ000538,-0.001779400811032985,EXP_LGBModel_Alpha158_csi300_custom_step0_s_20260525_18,979a131ba2504def9431af2a4272e389,0.011,,,
4203,2026-05-25,SZ000425,-0.004200782314976352,EXP_LGBModel_Alpha158_csi300_custom_step0_s_20260525_18,979a131ba2504def9431af2a4272e389,0.011,,,
4204,2026-05-25,SZ000408,-5.392432725775036e-10,EXP_LGBModel_Alpha158_csi300_custom_step0_s_20260525_18,979a131ba2504def9431af2a4272e389,0.011,,,
4205,2026-05-25,SZ000338,-0.0026012407112966066,EXP_LGBModel_Alpha158_csi300_custom_step0_s_20260525_18,979a131ba2504def9431af2a4272e389,0.011,,,
4206,2026-05-25,SZ000333,-5.392432725775036e-10,EXP_LGBModel_Alpha158_csi300_custom_step0_s_20260525_18,979a131ba2504def9431af2a4272e389,0.011,,,
4207,2026-05-25,SZ000596,-0.004200782314976352,EXP_LGBModel_Alpha158_csi300_custom_step0_s_20260525_18,979a131ba2504def9431af2a4272e389,0.011,,,
4208,2026-05-25,SZ000301,-0.004200782314976352,EXP_LGBModel_Alpha158_csi300_custom_step0_s_20260525_18,979a131ba2504def9431af2a4272e389,0.011,,,
4209,2026-05-25,SZ000157,-0.004200782314976352,EXP_LGBModel_Alpha158_csi300_custom_step0_s_20260525_18,979a131ba2504def9431af2a4272e389,0.011,,,
4210,2026-05-25,SZ000100,-5.392432725775036e-10,EXP_LGBModel_Alpha158_csi300_custom_step0_s_20260525_18,979a131ba2504def9431af2a4272e389,0.011,,,
4211,2026-05-25,SZ000063,-0.003896890864698884,EXP_LGBModel_Alpha158_csi300_custom_step0_s_20260525_18,979a131ba2504def9431af2a4272e389,0.011,,,
4212,2026-05-25,SZ000002,-0.0020832922613104534,EXP_LGBModel_Alpha158_csi300_custom_step0_s_20260525_18,979a131ba2504def9431af2a4272e389,0.011,,,
4213,2026-05-25,SZ000001,-5.392432725775036e-10,EXP_LGBModel_Alpha158_csi300_custom_step0_s_20260525_18,979a131ba2504def9431af2a4272e389,0.011,,,
4214,2026-05-25,SH688981,-5.392432725775036e-10,EXP_LGBModel_Alpha158_csi300_custom_step0_s_20260525_18,979a131ba2504def9431af2a4272e389,0.011,,,
4215,2026-05-25,SZ000166,-0.001779400811032985,EXP_LGBModel_Alpha158_csi300_custom_step0_s_20260525_18,979a131ba2504def9431af2a4272e389,0.011,,,
4216,2026-05-25,SZ000617,-5.392432725775036e-10,EXP_LGBModel_Alpha158_csi300_custom_step0_s_20260525_18,979a131ba2504def9431af2a4272e389,0.011,,,
4217,2026-05-25,SZ000625,-0.002117490592909172,EXP_LGBModel_Alpha158_csi300_custom_step0_s_20260525_18,979a131ba2504def9431af2a4272e389,0.011,,,
4218,2026-05-25,SZ000630,-5.392432725775036e-10,EXP_LGBModel_Alpha158_csi300_custom_step0_s_20260525_18,979a131ba2504def9431af2a4272e389,0.011,,,
4219,2026-05-25,SZ000975,-5.392432725775036e-10,EXP_LGBModel_Alpha158_csi300_custom_step0_s_20260525_18,979a131ba2504def9431af2a4272e389,0.011,,,
4220,2026-05-25,SZ000963,-5.392432725775036e-10,EXP_LGBModel_Alpha158_csi300_custom_step0_s_20260525_18,979a131ba2504def9431af2a4272e389,0.011,,,
4221,2026-05-25,SZ000938,-0.004200782314976352,EXP_LGBModel_Alpha158_csi300_custom_step0_s_20260525_18,979a131ba2504def9431af2a4272e389,0.011,,,
4222,2026-05-25,SZ000895,-5.392432725775036e-10,EXP_LGBModel_Alpha158_csi300_custom_step0_s_20260525_18,979a131ba2504def9431af2a4272e389,0.011,,,
4223,2026-05-25,SZ000876,-5.392432725775036e-10,EXP_LGBModel_Alpha158_csi300_custom_step0_s_20260525_18,979a131ba2504def9431af2a4272e389,0.011,,,
4224,2026-05-25,SZ000858,0.0054849080471083235,EXP_LGBModel_Alpha158_csi300_custom_step0_s_20260525_18,979a131ba2504def9431af2a4272e389,0.011,,,
4225,2026-05-25,SZ000807,-5.392432725775036e-10,EXP_LGBModel_Alpha158_csi300_custom_step0_s_20260525_18,979a131ba2504def9431af2a4272e389,0.011,,,
4226,2026-05-25,SZ000792,-5.392432725775036e-10,EXP_LGBModel_Alpha158_csi300_custom_step0_s_20260525_18,979a131ba2504def9431af2a4272e389,0.011,,,
4227,2026-05-25,SZ000786,-0.003896890864698884,EXP_LGBModel_Alpha158_csi300_custom_step0_s_20260525_18,979a131ba2504def9431af2a4272e389,0.011,,,
4228,2026-05-25,SZ000776,-0.002117490592909172,EXP_LGBModel_Alpha158_csi300_custom_step0_s_20260525_18,979a131ba2504def9431af2a4272e389,0.011,,,
4229,2026-05-25,SZ000768,-0.002117490592909172,EXP_LGBModel_Alpha158_csi300_custom_step0_s_20260525_18,979a131ba2504def9431af2a4272e389,0.011,,,
4230,2026-05-25,SZ000725,-5.392432725775036e-10,EXP_LGBModel_Alpha158_csi300_custom_step0_s_20260525_18,979a131ba2504def9431af2a4272e389,0.011,,,
4231,2026-05-25,SZ000708,-0.002117490592909172,EXP_LGBModel_Alpha158_csi300_custom_step0_s_20260525_18,979a131ba2504def9431af2a4272e389,0.011,,,
4232,2026-05-25,SZ000661,-0.004200782314976352,EXP_LGBModel_Alpha158_csi300_custom_step0_s_20260525_18,979a131ba2504def9431af2a4272e389,0.011,,,
4233,2026-05-25,SZ000651,-5.392432725775036e-10,EXP_LGBModel_Alpha158_csi300_custom_step0_s_20260525_18,979a131ba2504def9431af2a4272e389,0.011,,,
4234,2026-05-25,SH688506,0.0124701271340805,EXP_LGBModel_Alpha158_csi300_custom_step0_s_20260525_18,979a131ba2504def9431af2a4272e389,0.011,,,
4235,2026-05-25,SH688472,-0.004200782314976352,EXP_LGBModel_Alpha158_csi300_custom_step0_s_20260525_18,979a131ba2504def9431af2a4272e389,0.011,,,
4236,2026-05-25,SH688396,-0.0026012407112966066,EXP_LGBModel_Alpha158_csi300_custom_step0_s_20260525_18,979a131ba2504def9431af2a4272e389,0.011,,,
4237,2026-05-25,SH688303,-5.392432725775036e-10,EXP_LGBModel_Alpha158_csi300_custom_step0_s_20260525_18,979a131ba2504def9431af2a4272e389,0.011,,,
4238,2026-05-25,SH603799,-5.392432725775036e-10,EXP_LGBModel_Alpha158_csi300_custom_step0_s_20260525_18,979a131ba2504def9431af2a4272e389,0.011,,,
4239,2026-05-25,SH603501,0.0030240306170205957,EXP_LGBModel_Alpha158_csi300_custom_step0_s_20260525_18,979a131ba2504def9431af2a4272e389,0.011,,,
4240,2026-05-25,SH603392,-5.392432725775036e-10,EXP_LGBModel_Alpha158_csi300_custom_step0_s_20260525_18,979a131ba2504def9431af2a4272e389,0.011,,,
4241,2026-05-25,SH603369,-0.004200782314976352,EXP_LGBModel_Alpha158_csi300_custom_step0_s_20260525_18,979a131ba2504def9431af2a4272e389,0.011,,,
4242,2026-05-25,SH603296,-0.0020832922613104534,EXP_LGBModel_Alpha158_csi300_custom_step0_s_20260525_18,979a131ba2504def9431af2a4272e389,0.011,,,
4243,2026-05-25,SH603288,-0.0020832922613104534,EXP_LGBModel_Alpha158_csi300_custom_step0_s_20260525_18,979a131ba2504def9431af2a4272e389,0.011,,,
4244,2026-05-25,SH603260,-0.004200782314976352,EXP_LGBModel_Alpha158_csi300_custom_step0_s_20260525_18,979a131ba2504def9431af2a4272e389,0.011,,,
4245,2026-05-25,SH603259,-0.004200782314976352,EXP_LGBModel_Alpha158_csi300_custom_step0_s_20260525_18,979a131ba2504def9431af2a4272e389,0.011,,,
4246,2026-05-25,SH603195,-0.0027205983008637227,EXP_LGBModel_Alpha158_csi300_custom_step0_s_20260525_18,979a131ba2504def9431af2a4272e389,0.011,,,
4247,2026-05-25,SH603019,-0.004200782314976352,EXP_LGBModel_Alpha158_csi300_custom_step0_s_20260525_18,979a131ba2504def9431af2a4272e389,0.011,,,
4248,2026-05-25,SH601998,-0.003896890864698884,EXP_LGBModel_Alpha158_csi300_custom_step0_s_20260525_18,979a131ba2504def9431af2a4272e389,0.011,,,
4249,2026-05-25,SH601995,0.00512936255228409,EXP_LGBModel_Alpha158_csi300_custom_step0_s_20260525_18,979a131ba2504def9431af2a4272e389,0.011,,,
4250,2026-05-25,SH601988,0.0034195142297893145,EXP_LGBModel_Alpha158_csi300_custom_step0_s_20260525_18,979a131ba2504def9431af2a4272e389,0.011,,,
4251,2026-05-25,SH601985,-0.001779400811032985,EXP_LGBModel_Alpha158_csi300_custom_step0_s_20260525_18,979a131ba2504def9431af2a4272e389,0.011,,,
4252,2026-05-25,SH601939,0.00036957639538987746,EXP_LGBModel_Alpha158_csi300_custom_step0_s_20260525_18,979a131ba2504def9431af2a4272e389,0.011,,,
4253,2026-05-25,SH603893,-5.392432725775036e-10,EXP_LGBModel_Alpha158_csi300_custom_step0_s_20260525_18,979a131ba2504def9431af2a4272e389,0.011,,,
4254,2026-05-25,SZ000977,-0.004200782314976352,EXP_LGBModel_Alpha158_csi300_custom_step0_s_20260525_18,979a131ba2504def9431af2a4272e389,0.011,,,
4255,2026-05-25,SH603986,-0.00020253495996624385,EXP_LGBModel_Alpha158_csi300_custom_step0_s_20260525_18,979a131ba2504def9431af2a4272e389,0.011,,,
4256,2026-05-25,SH605117,-0.004200782314976352,EXP_LGBModel_Alpha158_csi300_custom_step0_s_20260525_18,979a131ba2504def9431af2a4272e389,0.011,,,
4257,2026-05-25,SH688271,-0.0020832922613104534,EXP_LGBModel_Alpha158_csi300_custom_step0_s_20260525_18,979a131ba2504def9431af2a4272e389,0.011,,,
4258,2026-05-25,SH688256,-0.00020253495996624385,EXP_LGBModel_Alpha158_csi300_custom_step0_s_20260525_18,979a131ba2504def9431af2a4272e389,0.011,,,
4259,2026-05-25,SH688223,-0.002117490592909172,EXP_LGBModel_Alpha158_csi300_custom_step0_s_20260525_18,979a131ba2504def9431af2a4272e389,0.011,,,
4260,2026-05-25,SH688187,-5.392432725775036e-10,EXP_LGBModel_Alpha158_csi300_custom_step0_s_20260525_18,979a131ba2504def9431af2a4272e389,0.011,,,
4261,2026-05-25,SH688169,-0.003896890864698884,EXP_LGBModel_Alpha158_csi300_custom_step0_s_20260525_18,979a131ba2504def9431af2a4272e389,0.011,,,
4262,2026-05-25,SH688126,-5.392432725775036e-10,EXP_LGBModel_Alpha158_csi300_custom_step0_s_20260525_18,979a131ba2504def9431af2a4272e389,0.011,,,
4263,2026-05-25,SH688111,-0.004200782314976352,EXP_LGBModel_Alpha158_csi300_custom_step0_s_20260525_18,979a131ba2504def9431af2a4272e389,0.011,,,
4264,2026-05-25,SH688082,-0.00020253495996624385,EXP_LGBModel_Alpha158_csi300_custom_step0_s_20260525_18,979a131ba2504def9431af2a4272e389,0.011,,,
4265,2026-05-25,SH688047,0.0034016163250411425,EXP_LGBModel_Alpha158_csi300_custom_step0_s_20260525_18,979a131ba2504def9431af2a4272e389,0.011,,,
4266,2026-05-25,SH688041,-0.00020253495996624385,EXP_LGBModel_Alpha158_csi300_custom_step0_s_20260525_18,979a131ba2504def9431af2a4272e389,0.011,,,
4267,2026-05-25,SH688036,-0.002117490592909172,EXP_LGBModel_Alpha158_csi300_custom_step0_s_20260525_18,979a131ba2504def9431af2a4272e389,0.011,,,
4268,2026-05-25,SH688012,-5.392432725775036e-10,EXP_LGBModel_Alpha158_csi300_custom_step0_s_20260525_18,979a131ba2504def9431af2a4272e389,0.011,,,
4269,2026-05-25,SH688009,-0.003896890864698884,EXP_LGBModel_Alpha158_csi300_custom_step0_s_20260525_18,979a131ba2504def9431af2a4272e389,0.011,,,
4270,2026-05-25,SH688008,-5.392432725775036e-10,EXP_LGBModel_Alpha158_csi300_custom_step0_s_20260525_18,979a131ba2504def9431af2a4272e389,0.011,,,
4271,2026-05-25,SH605499,-0.0020832922613104534,EXP_LGBModel_Alpha158_csi300_custom_step0_s_20260525_18,979a131ba2504def9431af2a4272e389,0.011,,,
4272,2026-05-25,SH603993,-0.0020832922613104534,EXP_LGBModel_Alpha158_csi300_custom_step0_s_20260525_18,979a131ba2504def9431af2a4272e389,0.011,,,
4273,2026-05-25,SH601919,-0.002117490592909172,EXP_LGBModel_Alpha158_csi300_custom_step0_s_20260525_18,979a131ba2504def9431af2a4272e389,0.011,,,
4274,2026-05-25,SZ000983,-0.002117490592909172,EXP_LGBModel_Alpha158_csi300_custom_step0_s_20260525_18,979a131ba2504def9431af2a4272e389,0.011,,,
4275,2026-05-25,SZ001391,-5.392432725775036e-10,EXP_LGBModel_Alpha158_csi300_custom_step0_s_20260525_18,979a131ba2504def9431af2a4272e389,0.011,,,
4276,2026-05-25,SZ300408,-0.0035414374036526505,EXP_LGBModel_Alpha158_csi300_custom_step0_s_20260525_18,979a131ba2504def9431af2a4272e389,0.011,,,
4277,2026-05-25,SZ300394,-0.002117490592909172,EXP_LGBModel_Alpha158_csi300_custom_step0_s_20260525_18,979a131ba2504def9431af2a4272e389,0.011,,,
4278,2026-05-25,SZ300347,0.0124701271340805,EXP_LGBModel_Alpha158_csi300_custom_step0_s_20260525_18,979a131ba2504def9431af2a4272e389,0.011,,,
4279,2026-05-25,SZ300316,-0.0035414374036526505,EXP_LGBModel_Alpha158_csi300_custom_step0_s_20260525_18,979a131ba2504def9431af2a4272e389,0.011,,,
4280,2026-05-25,SZ300308,-0.00020253495996624385,EXP_LGBModel_Alpha158_csi300_custom_step0_s_20260525_18,979a131ba2504def9431af2a4272e389,0.011,,,
4281,2026-05-25,SZ300274,-0.004718730764962506,EXP_LGBModel_Alpha158_csi300_custom_step0_s_20260525_18,979a131ba2504def9431af2a4272e389,0.011,,,
4282,2026-05-25,SZ300413,-0.004200782314976352,EXP_LGBModel_Alpha158_csi300_custom_step0_s_20260525_18,979a131ba2504def9431af2a4272e389,0.011,,,
4283,2026-05-25,SZ300251,0.0054849080471083235,EXP_LGBModel_Alpha158_csi300_custom_step0_s_20260525_18,979a131ba2504def9431af2a4272e389,0.011,,,
4284,2026-05-25,SZ300122,-5.392432725775036e-10,EXP_LGBModel_Alpha158_csi300_custom_step0_s_20260525_18,979a131ba2504def9431af2a4272e389,0.011,,,
4285,2026-05-25,SZ300059,-0.0020832922613104534,EXP_LGBModel_Alpha158_csi300_custom_step0_s_20260525_18,979a131ba2504def9431af2a4272e389,0.011,,,
4286,2026-05-25,SZ300033,-0.004200782314976352,EXP_LGBModel_Alpha158_csi300_custom_step0_s_20260525_18,979a131ba2504def9431af2a4272e389,0.011,,,
4287,2026-05-25,SZ300015,-0.0020832922613104534,EXP_LGBModel_Alpha158_csi300_custom_step0_s_20260525_18,979a131ba2504def9431af2a4272e389,0.011,,,
4288,2026-05-25,SZ300014,-0.004200782314976352,EXP_LGBModel_Alpha158_csi300_custom_step0_s_20260525_18,979a131ba2504def9431af2a4272e389,0.011,,,
4289,2026-05-25,SZ003816,-0.004200782314976352,EXP_LGBModel_Alpha158_csi300_custom_step0_s_20260525_18,979a131ba2504def9431af2a4272e389,0.011,,,
4290,2026-05-25,SZ300124,-0.002117490592909172,EXP_LGBModel_Alpha158_csi300_custom_step0_s_20260525_18,979a131ba2504def9431af2a4272e389,0.011,,,
4291,2026-05-25,SZ300418,-0.004200782314976352,EXP_LGBModel_Alpha158_csi300_custom_step0_s_20260525_18,979a131ba2504def9431af2a4272e389,0.011,,,
4292,2026-05-25,SZ300433,-5.392432725775036e-10,EXP_LGBModel_Alpha158_csi300_custom_step0_s_20260525_18,979a131ba2504def9431af2a4272e389,0.011,,,
4293,2026-05-25,SZ300442,-0.004200782314976352,EXP_LGBModel_Alpha158_csi300_custom_step0_s_20260525_18,979a131ba2504def9431af2a4272e389,0.011,,,
4294,2026-05-25,SZ300999,-0.002117490592909172,EXP_LGBModel_Alpha158_csi300_custom_step0_s_20260525_18,979a131ba2504def9431af2a4272e389,0.011,,,
4295,2026-05-25,SZ300979,-0.003896890864698884,EXP_LGBModel_Alpha158_csi300_custom_step0_s_20260525_18,979a131ba2504def9431af2a4272e389,0.011,,,
4296,2026-05-25,SZ300896,-5.392432725775036e-10,EXP_LGBModel_Alpha158_csi300_custom_step0_s_20260525_18,979a131ba2504def9431af2a4272e389,0.011,,,
4297,2026-05-25,SZ300866,-0.002117490592909172,EXP_LGBModel_Alpha158_csi300_custom_step0_s_20260525_18,979a131ba2504def9431af2a4272e389,0.011,,,
4298,2026-05-25,SZ300832,-0.002117490592909172,EXP_LGBModel_Alpha158_csi300_custom_step0_s_20260525_18,979a131ba2504def9431af2a4272e389,0.011,,,
4299,2026-05-25,SZ300803,-0.004200782314976352,EXP_LGBModel_Alpha158_csi300_custom_step0_s_20260525_18,979a131ba2504def9431af2a4272e389,0.011,,,
4300,2026-05-25,SZ300782,0.0124701271340805,EXP_LGBModel_Alpha158_csi300_custom_step0_s_20260525_18,979a131ba2504def9431af2a4272e389,0.011,,,
4301,2026-05-25,SZ300760,-0.004200782314976352,EXP_LGBModel_Alpha158_csi300_custom_step0_s_20260525_18,979a131ba2504def9431af2a4272e389,0.011,,,
4302,2026-05-25,SZ300759,-0.002117490592909172,EXP_LGBModel_Alpha158_csi300_custom_step0_s_20260525_18,979a131ba2504def9431af2a4272e389,0.011,,,
4303,2026-05-25,SZ300750,-0.004200782314976352,EXP_LGBModel_Alpha158_csi300_custom_step0_s_20260525_18,979a131ba2504def9431af2a4272e389,0.011,,,
4304,2026-05-25,SZ300661,-5.392432725775036e-10,EXP_LGBModel_Alpha158_csi300_custom_step0_s_20260525_18,979a131ba2504def9431af2a4272e389,0.011,,,
4305,2026-05-25,SZ300628,-0.002117490592909172,EXP_LGBModel_Alpha158_csi300_custom_step0_s_20260525_18,979a131ba2504def9431af2a4272e389,0.011,,,
4306,2026-05-25,SZ300502,-0.004718730764962506,EXP_LGBModel_Alpha158_csi300_custom_step0_s_20260525_18,979a131ba2504def9431af2a4272e389,0.011,,,
4307,2026-05-25,SZ300498,-5.392432725775036e-10,EXP_LGBModel_Alpha158_csi300_custom_step0_s_20260525_18,979a131ba2504def9431af2a4272e389,0.011,,,
4308,2026-05-25,SZ300476,-0.004718730764962506,EXP_LGBModel_Alpha158_csi300_custom_step0_s_20260525_18,979a131ba2504def9431af2a4272e389,0.011,,,
4309,2026-05-25,SZ002938,-0.00020253495996624385,EXP_LGBModel_Alpha158_csi300_custom_step0_s_20260525_18,979a131ba2504def9431af2a4272e389,0.011,,,
4310,2026-05-25,SZ002920,-0.0026012407112966066,EXP_LGBModel_Alpha158_csi300_custom_step0_s_20260525_18,979a131ba2504def9431af2a4272e389,0.011,,,
4311,2026-05-25,SZ002916,-0.0026012407112966066,EXP_LGBModel_Alpha158_csi300_custom_step0_s_20260525_18,979a131ba2504def9431af2a4272e389,0.011,,,
4312,2026-05-25,SZ002736,-0.003896890864698884,EXP_LGBModel_Alpha158_csi300_custom_step0_s_20260525_18,979a131ba2504def9431af2a4272e389,0.011,,,
4313,2026-05-25,SZ002304,-0.004200782314976352,EXP_LGBModel_Alpha158_csi300_custom_step0_s_20260525_18,979a131ba2504def9431af2a4272e389,0.011,,,
4314,2026-05-25,SZ002252,-0.002117490592909172,EXP_LGBModel_Alpha158_csi300_custom_step0_s_20260525_18,979a131ba2504def9431af2a4272e389,0.011,,,
4315,2026-05-25,SZ002241,0.0034195142297893145,EXP_LGBModel_Alpha158_csi300_custom_step0_s_20260525_18,979a131ba2504def9431af2a4272e389,0.011,,,
4316,2026-05-25,SZ002236,0.00512936255228409,EXP_LGBModel_Alpha158_csi300_custom_step0_s_20260525_18,979a131ba2504def9431af2a4272e389,0.011,,,
4317,2026-05-25,SZ002230,-5.392432725775036e-10,EXP_LGBModel_Alpha158_csi300_custom_step0_s_20260525_18,979a131ba2504def9431af2a4272e389,0.011,,,
4318,2026-05-25,SZ002179,-0.002117490592909172,EXP_LGBModel_Alpha158_csi300_custom_step0_s_20260525_18,979a131ba2504def9431af2a4272e389,0.011,,,
4319,2026-05-25,SZ002142,-5.392432725775036e-10,EXP_LGBModel_Alpha158_csi300_custom_step0_s_20260525_18,979a131ba2504def9431af2a4272e389,0.011,,,
4320,2026-05-25,SZ002074,-0.002117490592909172,EXP_LGBModel_Alpha158_csi300_custom_step0_s_20260525_18,979a131ba2504def9431af2a4272e389,0.011,,,
4321,2026-05-25,SZ002050,-0.002117490592909172,EXP_LGBModel_Alpha158_csi300_custom_step0_s_20260525_18,979a131ba2504def9431af2a4272e389,0.011,,,
4322,2026-05-25,SZ002049,0.0016280529489141422,EXP_LGBModel_Alpha158_csi300_custom_step0_s_20260525_18,979a131ba2504def9431af2a4272e389,0.011,,,
4323,2026-05-25,SZ002028,-0.004200782314976352,EXP_LGBModel_Alpha158_csi300_custom_step0_s_20260525_18,979a131ba2504def9431af2a4272e389,0.011,,,
4324,2026-05-25,SZ002027,-0.004200782314976352,EXP_LGBModel_Alpha158_csi300_custom_step0_s_20260525_18,979a131ba2504def9431af2a4272e389,0.011,,,
4325,2026-05-25,SZ002001,-0.002117490592909172,EXP_LGBModel_Alpha158_csi300_custom_step0_s_20260525_18,979a131ba2504def9431af2a4272e389,0.011,,,
4326,2026-05-25,SZ001979,-0.0020832922613104534,EXP_LGBModel_Alpha158_csi300_custom_step0_s_20260525_18,979a131ba2504def9431af2a4272e389,0.011,,,
4327,2026-05-25,SZ001965,0.0009324472414902653,EXP_LGBModel_Alpha158_csi300_custom_step0_s_20260525_18,979a131ba2504def9431af2a4272e389,0.011,,,
4328,2026-05-25,SZ002311,-0.004200782314976352,EXP_LGBModel_Alpha158_csi300_custom_step0_s_20260525_18,979a131ba2504def9431af2a4272e389,0.011,,,
4329,2026-05-25,SZ000999,-0.002117490592909172,EXP_LGBModel_Alpha158_csi300_custom_step0_s_20260525_18,979a131ba2504def9431af2a4272e389,0.011,,,
4330,2026-05-25,SZ002352,-0.0006373065787965419,EXP_LGBModel_Alpha158_csi300_custom_step0_s_20260525_18,979a131ba2504def9431af2a4272e389,0.011,,,
4331,2026-05-25,SZ002384,-0.00020253495996624385,EXP_LGBModel_Alpha158_csi300_custom_step0_s_20260525_18,979a131ba2504def9431af2a4272e389,0.011,,,
4332,2026-05-25,SZ002714,-5.392432725775036e-10,EXP_LGBModel_Alpha158_csi300_custom_step0_s_20260525_18,979a131ba2504def9431af2a4272e389,0.011,,,
4333,2026-05-25,SZ002709,0.0124701271340805,EXP_LGBModel_Alpha158_csi300_custom_step0_s_20260525_18,979a131ba2504def9431af2a4272e389,0.011,,,
4334,2026-05-25,SZ002648,-5.392432725775036e-10,EXP_LGBModel_Alpha158_csi300_custom_step0_s_20260525_18,979a131ba2504def9431af2a4272e389,0.011,,,
4335,2026-05-25,SZ002625,-5.392432725775036e-10,EXP_LGBModel_Alpha158_csi300_custom_step0_s_20260525_18,979a131ba2504def9431af2a4272e389,0.011,,,
4336,2026-05-25,SZ002601,-5.392432725775036e-10,EXP_LGBModel_Alpha158_csi300_custom_step0_s_20260525_18,979a131ba2504def9431af2a4272e389,0.011,,,
4337,2026-05-25,SZ002600,-0.004200782314976352,EXP_LGBModel_Alpha158_csi300_custom_step0_s_20260525_18,979a131ba2504def9431af2a4272e389,0.011,,,
4338,2026-05-25,SZ002594,-0.0020832922613104534,EXP_LGBModel_Alpha158_csi300_custom_step0_s_20260525_18,979a131ba2504def9431af2a4272e389,0.011,,,
4339,2026-05-25,SZ002493,-5.392432725775036e-10,EXP_LGBModel_Alpha158_csi300_custom_step0_s_20260525_18,979a131ba2504def9431af2a4272e389,0.011,,,
4340,2026-05-25,SZ002475,-0.0020832922613104534,EXP_LGBModel_Alpha158_csi300_custom_step0_s_20260525_18,979a131ba2504def9431af2a4272e389,0.011,,,
4341,2026-05-25,SZ002466,0.0054849080471083235,EXP_LGBModel_Alpha158_csi300_custom_step0_s_20260525_18,979a131ba2504def9431af2a4272e389,0.011,,,
4342,2026-05-25,SZ002463,-0.004718730764962506,EXP_LGBModel_Alpha158_csi300_custom_step0_s_20260525_18,979a131ba2504def9431af2a4272e389,0.011,,,
4343,2026-05-25,SZ002460,-0.002117490592909172,EXP_LGBModel_Alpha158_csi300_custom_step0_s_20260525_18,979a131ba2504def9431af2a4272e389,0.011,,,
4344,2026-05-25,SZ002459,-0.0020832922613104534,EXP_LGBModel_Alpha158_csi300_custom_step0_s_20260525_18,979a131ba2504def9431af2a4272e389,0.011,,,
4345,2026-05-25,SZ002422,-0.002117490592909172,EXP_LGBModel_Alpha158_csi300_custom_step0_s_20260525_18,979a131ba2504def9431af2a4272e389,0.011,,,
4346,2026-05-25,SZ002415,-0.003896890864698884,EXP_LGBModel_Alpha158_csi300_custom_step0_s_20260525_18,979a131ba2504def9431af2a4272e389,0.011,,,
4347,2026-05-25,SZ002371,-0.00020253495996624385,EXP_LGBModel_Alpha158_csi300_custom_step0_s_20260525_18,979a131ba2504def9431af2a4272e389,0.011,,,
4348,2026-05-25,SZ301236,-0.004200782314976352,EXP_LGBModel_Alpha158_csi300_custom_step0_s_20260525_18,979a131ba2504def9431af2a4272e389,0.011,,,
4349,2026-05-25,SH601916,0.00512936255228409,EXP_LGBModel_Alpha158_csi300_custom_step0_s_20260525_18,979a131ba2504def9431af2a4272e389,0.011,,,
4350,2026-05-25,SH601899,-0.0020832922613104534,EXP_LGBModel_Alpha158_csi300_custom_step0_s_20260525_18,979a131ba2504def9431af2a4272e389,0.011,,,
4351,2026-05-25,SH600522,0.0124701271340805,EXP_LGBModel_Alpha158_csi300_custom_step0_s_20260525_18,979a131ba2504def9431af2a4272e389,0.011,,,
4352,2026-05-25,SH600519,-0.002117490592909172,EXP_LGBModel_Alpha158_csi300_custom_step0_s_20260525_18,979a131ba2504def9431af2a4272e389,0.011,,,
4353,2026-05-25,SH600515,-0.003896890864698884,EXP_LGBModel_Alpha158_csi300_custom_step0_s_20260525_18,979a131ba2504def9431af2a4272e389,0.011,,,
4354,2026-05-25,SH600489,-5.392432725775036e-10,EXP_LGBModel_Alpha158_csi300_custom_step0_s_20260525_18,979a131ba2504def9431af2a4272e389,0.011,,,
4355,2026-05-25,SH600482,-0.004200782314976352,EXP_LGBModel_Alpha158_csi300_custom_step0_s_20260525_18,979a131ba2504def9431af2a4272e389,0.011,,,
4356,2026-05-25,SH600460,0.0016280529489141422,EXP_LGBModel_Alpha158_csi300_custom_step0_s_20260525_18,979a131ba2504def9431af2a4272e389,0.011,,,
4357,2026-05-25,SH600547,0.0124701271340805,EXP_LGBModel_Alpha158_csi300_custom_step0_s_20260525_18,979a131ba2504def9431af2a4272e389,0.011,,,
4358,2026-05-25,SH600438,-0.002117490592909172,EXP_LGBModel_Alpha158_csi300_custom_step0_s_20260525_18,979a131ba2504def9431af2a4272e389,0.011,,,
4359,2026-05-25,SH600426,0.0054849080471083235,EXP_LGBModel_Alpha158_csi300_custom_step0_s_20260525_18,979a131ba2504def9431af2a4272e389,0.011,,,
4360,2026-05-25,SH600415,-0.004200782314976352,EXP_LGBModel_Alpha158_csi300_custom_step0_s_20260525_18,979a131ba2504def9431af2a4272e389,0.011,,,
4361,2026-05-25,SH600406,-0.003896890864698884,EXP_LGBModel_Alpha158_csi300_custom_step0_s_20260525_18,979a131ba2504def9431af2a4272e389,0.011,,,
4362,2026-05-25,SH600377,0.00512936255228409,EXP_LGBModel_Alpha158_csi300_custom_step0_s_20260525_18,979a131ba2504def9431af2a4272e389,0.011,,,
4363,2026-05-25,SH600372,-0.002117490592909172,EXP_LGBModel_Alpha158_csi300_custom_step0_s_20260525_18,979a131ba2504def9431af2a4272e389,0.011,,,
4364,2026-05-25,SH600362,-0.0020832922613104534,EXP_LGBModel_Alpha158_csi300_custom_step0_s_20260525_18,979a131ba2504def9431af2a4272e389,0.011,,,
4365,2026-05-25,SH600436,-5.392432725775036e-10,EXP_LGBModel_Alpha158_csi300_custom_step0_s_20260525_18,979a131ba2504def9431af2a4272e389,0.011,,,
4366,2026-05-25,SH600570,-0.0020832922613104534,EXP_LGBModel_Alpha158_csi300_custom_step0_s_20260525_18,979a131ba2504def9431af2a4272e389,0.011,,,
4367,2026-05-25,SH600584,-0.00020253495996624385,EXP_LGBModel_Alpha158_csi300_custom_step0_s_20260525_18,979a131ba2504def9431af2a4272e389,0.011,,,
4368,2026-05-25,SH600585,-0.003896890864698884,EXP_LGBModel_Alpha158_csi300_custom_step0_s_20260525_18,979a131ba2504def9431af2a4272e389,0.011,,,
4369,2026-05-25,SH600893,-0.004200782314976352,EXP_LGBModel_Alpha158_csi300_custom_step0_s_20260525_18,979a131ba2504def9431af2a4272e389,0.011,,,
4370,2026-05-25,SH600887,-0.001779400811032985,EXP_LGBModel_Alpha158_csi300_custom_step0_s_20260525_18,979a131ba2504def9431af2a4272e389,0.011,,,
4371,2026-05-25,SH600886,0.0009324472414902653,EXP_LGBModel_Alpha158_csi300_custom_step0_s_20260525_18,979a131ba2504def9431af2a4272e389,0.011,,,
4372,2026-05-25,SH600875,-5.392432725775036e-10,EXP_LGBModel_Alpha158_csi300_custom_step0_s_20260525_18,979a131ba2504def9431af2a4272e389,0.011,,,
4373,2026-05-25,SH600845,-0.004200782314976352,EXP_LGBModel_Alpha158_csi300_custom_step0_s_20260525_18,979a131ba2504def9431af2a4272e389,0.011,,,
4374,2026-05-25,SH600809,-0.002117490592909172,EXP_LGBModel_Alpha158_csi300_custom_step0_s_20260525_18,979a131ba2504def9431af2a4272e389,0.011,,,
4375,2026-05-25,SH600803,-0.004200782314976352,EXP_LGBModel_Alpha158_csi300_custom_step0_s_20260525_18,979a131ba2504def9431af2a4272e389,0.011,,,
4376,2026-05-25,SH600795,0.002487066449055777,EXP_LGBModel_Alpha158_csi300_custom_step0_s_20260525_18,979a131ba2504def9431af2a4272e389,0.011,,,
4377,2026-05-25,SH600760,-0.004200782314976352,EXP_LGBModel_Alpha158_csi300_custom_step0_s_20260525_18,979a131ba2504def9431af2a4272e389,0.011,,,
4378,2026-05-25,SH600741,0.0054849080471083235,EXP_LGBModel_Alpha158_csi300_custom_step0_s_20260525_18,979a131ba2504def9431af2a4272e389,0.011,,,
4379,2026-05-25,SH600690,-0.002117490592909172,EXP_LGBModel_Alpha158_csi300_custom_step0_s_20260525_18,979a131ba2504def9431af2a4272e389,0.011,,,
4380,2026-05-25,SH600674,-5.392432725775036e-10,EXP_LGBModel_Alpha158_csi300_custom_step0_s_20260525_18,979a131ba2504def9431af2a4272e389,0.011,,,
4381,2026-05-25,SH600660,-0.0020832922613104534,EXP_LGBModel_Alpha158_csi300_custom_step0_s_20260525_18,979a131ba2504def9431af2a4272e389,0.011,,,
4382,2026-05-25,SH600600,-0.0006373065787965419,EXP_LGBModel_Alpha158_csi300_custom_step0_s_20260525_18,979a131ba2504def9431af2a4272e389,0.011,,,
4383,2026-05-25,SH600588,-0.004200782314976352,EXP_LGBModel_Alpha158_csi300_custom_step0_s_20260525_18,979a131ba2504def9431af2a4272e389,0.011,,,
4384,2026-05-25,SH600346,0.0124701271340805,EXP_LGBModel_Alpha158_csi300_custom_step0_s_20260525_18,979a131ba2504def9431af2a4272e389,0.011,,,
4385,2026-05-25,SH600309,-0.002117490592909172,EXP_LGBModel_Alpha158_csi300_custom_step0_s_20260525_18,979a131ba2504def9431af2a4272e389,0.011,,,
4386,2026-05-25,SH600276,-0.002117490592909172,EXP_LGBModel_Alpha158_csi300_custom_step0_s_20260525_18,979a131ba2504def9431af2a4272e389,0.011,,,
4387,2026-05-25,SH600233,-5.392432725775036e-10,EXP_LGBModel_Alpha158_csi300_custom_step0_s_20260525_18,979a131ba2504def9431af2a4272e389,0.011,,,
4388,2026-05-25,SH600031,-0.004200782314976352,EXP_LGBModel_Alpha158_csi300_custom_step0_s_20260525_18,979a131ba2504def9431af2a4272e389,0.011,,,
4389,2026-05-25,SH600030,-5.392432725775036e-10,EXP_LGBModel_Alpha158_csi300_custom_step0_s_20260525_18,979a131ba2504def9431af2a4272e389,0.011,,,
4390,2026-05-25,SH600029,-0.004200782314976352,EXP_LGBModel_Alpha158_csi300_custom_step0_s_20260525_18,979a131ba2504def9431af2a4272e389,0.011,,,
4391,2026-05-25,SH600028,-0.002117490592909172,EXP_LGBModel_Alpha158_csi300_custom_step0_s_20260525_18,979a131ba2504def9431af2a4272e389,0.011,,,
4392,2026-05-25,SH600027,-0.002117490592909172,EXP_LGBModel_Alpha158_csi300_custom_step0_s_20260525_18,979a131ba2504def9431af2a4272e389,0.011,,,
4393,2026-05-25,SH600026,-5.392432725775036e-10,EXP_LGBModel_Alpha158_csi300_custom_step0_s_20260525_18,979a131ba2504def9431af2a4272e389,0.011,,,
4394,2026-05-25,SH600025,-0.003896890864698884,EXP_LGBModel_Alpha158_csi300_custom_step0_s_20260525_18,979a131ba2504def9431af2a4272e389,0.011,,,
4395,2026-05-25,SH600023,-0.004200782314976352,EXP_LGBModel_Alpha158_csi300_custom_step0_s_20260525_18,979a131ba2504def9431af2a4272e389,0.011,,,
4396,2026-05-25,SH600019,-0.003896890864698884,EXP_LGBModel_Alpha158_csi300_custom_step0_s_20260525_18,979a131ba2504def9431af2a4272e389,0.011,,,
4397,2026-05-25,SH600018,0.0034195142297893145,EXP_LGBModel_Alpha158_csi300_custom_step0_s_20260525_18,979a131ba2504def9431af2a4272e389,0.011,,,
4398,2026-05-25,SH600016,-5.392432725775036e-10,EXP_LGBModel_Alpha158_csi300_custom_step0_s_20260525_18,979a131ba2504def9431af2a4272e389,0.011,,,
4399,2026-05-25,SH600015,0.0026422955639850403,EXP_LGBModel_Alpha158_csi300_custom_step0_s_20260525_18,979a131ba2504def9431af2a4272e389,0.011,,,
4400,2026-05-25,SH600011,-0.004200782314976352,EXP_LGBModel_Alpha158_csi300_custom_step0_s_20260525_18,979a131ba2504def9431af2a4272e389,0.011,,,
4401,2026-05-25,SH600010,-0.002117490592909172,EXP_LGBModel_Alpha158_csi300_custom_step0_s_20260525_18,979a131ba2504def9431af2a4272e389,0.011,,,
4402,2026-05-25,SH600009,-0.002117490592909172,EXP_LGBModel_Alpha158_csi300_custom_step0_s_20260525_18,979a131ba2504def9431af2a4272e389,0.011,,,
4403,2026-05-25,SH600036,-0.0006373065787965419,EXP_LGBModel_Alpha158_csi300_custom_step0_s_20260525_18,979a131ba2504def9431af2a4272e389,0.011,,,
4404,2026-05-25,SH600900,0.002487066449055777,EXP_LGBModel_Alpha158_csi300_custom_step0_s_20260525_18,979a131ba2504def9431af2a4272e389,0.011,,,
4405,2026-05-25,SH600039,-5.392432725775036e-10,EXP_LGBModel_Alpha158_csi300_custom_step0_s_20260525_18,979a131ba2504def9431af2a4272e389,0.011,,,
4406,2026-05-25,SH600050,-0.003896890864698884,EXP_LGBModel_Alpha158_csi300_custom_step0_s_20260525_18,979a131ba2504def9431af2a4272e389,0.011,,,
4407,2026-05-25,SH600219,-0.004200782314976352,EXP_LGBModel_Alpha158_csi300_custom_step0_s_20260525_18,979a131ba2504def9431af2a4272e389,0.011,,,
4408,2026-05-25,SH600196,-0.002117490592909172,EXP_LGBModel_Alpha158_csi300_custom_step0_s_20260525_18,979a131ba2504def9431af2a4272e389,0.011,,,
4409,2026-05-25,SH600188,-0.004200782314976352,EXP_LGBModel_Alpha158_csi300_custom_step0_s_20260525_18,979a131ba2504def9431af2a4272e389,0.011,,,
4410,2026-05-25,SH600183,-0.00020253495996624385,EXP_LGBModel_Alpha158_csi300_custom_step0_s_20260525_18,979a131ba2504def9431af2a4272e389,0.011,,,
4411,2026-05-25,SH600176,-0.004718730764962506,EXP_LGBModel_Alpha158_csi300_custom_step0_s_20260525_18,979a131ba2504def9431af2a4272e389,0.011,,,
4412,2026-05-25,SH600161,-0.0020832922613104534,EXP_LGBModel_Alpha158_csi300_custom_step0_s_20260525_18,979a131ba2504def9431af2a4272e389,0.011,,,
4413,2026-05-25,SH600160,-0.004200782314976352,EXP_LGBModel_Alpha158_csi300_custom_step0_s_20260525_18,979a131ba2504def9431af2a4272e389,0.011,,,
4414,2026-05-25,SH600150,0.0034016163250411425,EXP_LGBModel_Alpha158_csi300_custom_step0_s_20260525_18,979a131ba2504def9431af2a4272e389,0.011,,,
4415,2026-05-25,SH600115,-0.004200782314976352,EXP_LGBModel_Alpha158_csi300_custom_step0_s_20260525_18,979a131ba2504def9431af2a4272e389,0.011,,,
4416,2026-05-25,SH600111,-0.004200782314976352,EXP_LGBModel_Alpha158_csi300_custom_step0_s_20260525_18,979a131ba2504def9431af2a4272e389,0.011,,,
4417,2026-05-25,SH600104,-0.0020832922613104534,EXP_LGBModel_Alpha158_csi300_custom_step0_s_20260525_18,979a131ba2504def9431af2a4272e389,0.011,,,
4418,2026-05-25,SH600089,-0.004200782314976352,EXP_LGBModel_Alpha158_csi300_custom_step0_s_20260525_18,979a131ba2504def9431af2a4272e389,0.011,,,
4419,2026-05-25,SH600085,-0.003896890864698884,EXP_LGBModel_Alpha158_csi300_custom_step0_s_20260525_18,979a131ba2504def9431af2a4272e389,0.011,,,
4420,2026-05-25,SH600066,-0.004200782314976352,EXP_LGBModel_Alpha158_csi300_custom_step0_s_20260525_18,979a131ba2504def9431af2a4272e389,0.011,,,
4421,2026-05-25,SH600061,-0.002117490592909172,EXP_LGBModel_Alpha158_csi300_custom_step0_s_20260525_18,979a131ba2504def9431af2a4272e389,0.011,,,
4422,2026-05-25,SH600048,-0.004200782314976352,EXP_LGBModel_Alpha158_csi300_custom_step0_s_20260525_18,979a131ba2504def9431af2a4272e389,0.011,,,
4423,2026-05-25,SH601901,0.0034195142297893145,EXP_LGBModel_Alpha158_csi300_custom_step0_s_20260525_18,979a131ba2504def9431af2a4272e389,0.011,,,
4424,2026-05-25,SH600905,0.002487066449055777,EXP_LGBModel_Alpha158_csi300_custom_step0_s_20260525_18,979a131ba2504def9431af2a4272e389,0.011,,,
4425,2026-05-25,SH600919,0.0034195142297893145,EXP_LGBModel_Alpha158_csi300_custom_step0_s_20260525_18,979a131ba2504def9431af2a4272e389,0.011,,,
4426,2026-05-25,SH601688,-0.002117490592909172,EXP_LGBModel_Alpha158_csi300_custom_step0_s_20260525_18,979a131ba2504def9431af2a4272e389,0.011,,,
4427,2026-05-25,SH601669,-0.003896890864698884,EXP_LGBModel_Alpha158_csi300_custom_step0_s_20260525_18,979a131ba2504def9431af2a4272e389,0.011,,,
4428,2026-05-25,SH601668,-5.392432725775036e-10,EXP_LGBModel_Alpha158_csi300_custom_step0_s_20260525_18,979a131ba2504def9431af2a4272e389,0.011,,,
4429,2026-05-25,SH601658,0.00512936255228409,EXP_LGBModel_Alpha158_csi300_custom_step0_s_20260525_18,979a131ba2504def9431af2a4272e389,0.011,,,
4430,2026-05-25,SH601633,-5.392432725775036e-10,EXP_LGBModel_Alpha158_csi300_custom_step0_s_20260525_18,979a131ba2504def9431af2a4272e389,0.011,,,
4431,2026-05-25,SH601628,-0.004200782314976352,EXP_LGBModel_Alpha158_csi300_custom_step0_s_20260525_18,979a131ba2504def9431af2a4272e389,0.011,,,
4432,2026-05-25,SH601689,-0.002117490592909172,EXP_LGBModel_Alpha158_csi300_custom_step0_s_20260525_18,979a131ba2504def9431af2a4272e389,0.011,,,
4433,2026-05-25,SH601618,-0.0020832922613104534,EXP_LGBModel_Alpha158_csi300_custom_step0_s_20260525_18,979a131ba2504def9431af2a4272e389,0.011,,,
4434,2026-05-25,SH601601,-0.004200782314976352,EXP_LGBModel_Alpha158_csi300_custom_step0_s_20260525_18,979a131ba2504def9431af2a4272e389,0.011,,,
4435,2026-05-25,SH601600,-0.004200782314976352,EXP_LGBModel_Alpha158_csi300_custom_step0_s_20260525_18,979a131ba2504def9431af2a4272e389,0.011,,,
4436,2026-05-25,SH601456,-0.001779400811032985,EXP_LGBModel_Alpha158_csi300_custom_step0_s_20260525_18,979a131ba2504def9431af2a4272e389,0.011,,,
4437,2026-05-25,SH601398,0.00512936255228409,EXP_LGBModel_Alpha158_csi300_custom_step0_s_20260525_18,979a131ba2504def9431af2a4272e389,0.011,,,
4438,2026-05-25,SH601390,-0.003896890864698884,EXP_LGBModel_Alpha158_csi300_custom_step0_s_20260525_18,979a131ba2504def9431af2a4272e389,0.011,,,
4439,2026-05-25,SH601377,-0.004200782314976352,EXP_LGBModel_Alpha158_csi300_custom_step0_s_20260525_18,979a131ba2504def9431af2a4272e389,0.011,,,
4440,2026-05-25,SH601607,-0.0006373065787965419,EXP_LGBModel_Alpha158_csi300_custom_step0_s_20260525_18,979a131ba2504def9431af2a4272e389,0.011,,,
4441,2026-05-25,SH601698,-0.002117490592909172,EXP_LGBModel_Alpha158_csi300_custom_step0_s_20260525_18,979a131ba2504def9431af2a4272e389,0.011,,,
4442,2026-05-25,SH601728,-0.002117490592909172,EXP_LGBModel_Alpha158_csi300_custom_step0_s_20260525_18,979a131ba2504def9431af2a4272e389,0.011,,,
4443,2026-05-25,SH601766,-5.392432725775036e-10,EXP_LGBModel_Alpha158_csi300_custom_step0_s_20260525_18,979a131ba2504def9431af2a4272e389,0.011,,,
4444,2026-05-25,SH601898,-5.392432725775036e-10,EXP_LGBModel_Alpha158_csi300_custom_step0_s_20260525_18,979a131ba2504def9431af2a4272e389,0.011,,,
4445,2026-05-25,SH601888,-0.002117490592909172,EXP_LGBModel_Alpha158_csi300_custom_step0_s_20260525_18,979a131ba2504def9431af2a4272e389,0.011,,,
4446,2026-05-25,SH601881,-5.392432725775036e-10,EXP_LGBModel_Alpha158_csi300_custom_step0_s_20260525_18,979a131ba2504def9431af2a4272e389,0.011,,,
4447,2026-05-25,SH601878,-0.002117490592909172,EXP_LGBModel_Alpha158_csi300_custom_step0_s_20260525_18,979a131ba2504def9431af2a4272e389,0.011,,,
4448,2026-05-25,SH601877,-0.002117490592909172,EXP_LGBModel_Alpha158_csi300_custom_step0_s_20260525_18,979a131ba2504def9431af2a4272e389,0.011,,,
4449,2026-05-25,SH601872,-0.004200782314976352,EXP_LGBModel_Alpha158_csi300_custom_step0_s_20260525_18,979a131ba2504def9431af2a4272e389,0.011,,,
4450,2026-05-25,SH601868,-0.004200782314976352,EXP_LGBModel_Alpha158_csi300_custom_step0_s_20260525_18,979a131ba2504def9431af2a4272e389,0.011,,,
4451,2026-05-25,SH601857,-0.004200782314976352,EXP_LGBModel_Alpha158_csi300_custom_step0_s_20260525_18,979a131ba2504def9431af2a4272e389,0.011,,,
4452,2026-05-25,SH601838,0.0009324472414902653,EXP_LGBModel_Alpha158_csi300_custom_step0_s_20260525_18,979a131ba2504def9431af2a4272e389,0.011,,,
4453,2026-05-25,SH601825,-0.0006373065787965419,EXP_LGBModel_Alpha158_csi300_custom_step0_s_20260525_18,979a131ba2504def9431af2a4272e389,0.011,,,
4454,2026-05-25,SH601818,0.0026422955639850403,EXP_LGBModel_Alpha158_csi300_custom_step0_s_20260525_18,979a131ba2504def9431af2a4272e389,0.011,,,
4455,2026-05-25,SH601816,-0.001779400811032985,EXP_LGBModel_Alpha158_csi300_custom_step0_s_20260525_18,979a131ba2504def9431af2a4272e389,0.011,,,
4456,2026-05-25,SH601808,-0.002117490592909172,EXP_LGBModel_Alpha158_csi300_custom_step0_s_20260525_18,979a131ba2504def9431af2a4272e389,0.011,,,
4457,2026-05-25,SH601800,-0.002117490592909172,EXP_LGBModel_Alpha158_csi300_custom_step0_s_20260525_18,979a131ba2504def9431af2a4272e389,0.011,,,
4458,2026-05-25,SH601788,-0.004200782314976352,EXP_LGBModel_Alpha158_csi300_custom_step0_s_20260525_18,979a131ba2504def9431af2a4272e389,0.011,,,
4459,2026-05-25,SH601360,-5.392432725775036e-10,EXP_LGBModel_Alpha158_csi300_custom_step0_s_20260525_18,979a131ba2504def9431af2a4272e389,0.011,,,
4460,2026-05-25,SH601336,-0.0020832922613104534,EXP_LGBModel_Alpha158_csi300_custom_step0_s_20260525_18,979a131ba2504def9431af2a4272e389,0.011,,,
4461,2026-05-25,SH601328,-0.0006373065787965419,EXP_LGBModel_Alpha158_csi300_custom_step0_s_20260525_18,979a131ba2504def9431af2a4272e389,0.011,,,
4462,2026-05-25,SH601319,-0.003896890864698884,EXP_LGBModel_Alpha158_csi300_custom_step0_s_20260525_18,979a131ba2504def9431af2a4272e389,0.011,,,
4463,2026-05-25,SH601066,0.0034195142297893145,EXP_LGBModel_Alpha158_csi300_custom_step0_s_20260525_18,979a131ba2504def9431af2a4272e389,0.011,,,
4464,2026-05-25,SH601059,0.002487066449055777,EXP_LGBModel_Alpha158_csi300_custom_step0_s_20260525_18,979a131ba2504def9431af2a4272e389,0.011,,,
4465,2026-05-25,SH601058,-0.004200782314976352,EXP_LGBModel_Alpha158_csi300_custom_step0_s_20260525_18,979a131ba2504def9431af2a4272e389,0.011,,,
4466,2026-05-25,SH601021,0.001395977128863181,EXP_LGBModel_Alpha158_csi300_custom_step0_s_20260525_18,979a131ba2504def9431af2a4272e389,0.011,,,
4467,2026-05-25,SH601018,-0.002117490592909172,EXP_LGBModel_Alpha158_csi300_custom_step0_s_20260525_18,979a131ba2504def9431af2a4272e389,0.011,,,
4468,2026-05-25,SH601012,-0.004200782314976352,EXP_LGBModel_Alpha158_csi300_custom_step0_s_20260525_18,979a131ba2504def9431af2a4272e389,0.011,,,
4469,2026-05-25,SH601009,-5.392432725775036e-10,EXP_LGBModel_Alpha158_csi300_custom_step0_s_20260525_18,979a131ba2504def9431af2a4272e389,0.011,,,
4470,2026-05-25,SH601006,0.0009324472414902653,EXP_LGBModel_Alpha158_csi300_custom_step0_s_20260525_18,979a131ba2504def9431af2a4272e389,0.011,,,
4471,2026-05-25,SH600999,-5.392432725775036e-10,EXP_LGBModel_Alpha158_csi300_custom_step0_s_20260525_18,979a131ba2504def9431af2a4272e389,0.011,,,
4472,2026-05-25,SH600989,-5.392432725775036e-10,EXP_LGBModel_Alpha158_csi300_custom_step0_s_20260525_18,979a131ba2504def9431af2a4272e389,0.011,,,
4473,2026-05-25,SH600958,-0.004200782314976352,EXP_LGBModel_Alpha158_csi300_custom_step0_s_20260525_18,979a131ba2504def9431af2a4272e389,0.011,,,
4474,2026-05-25,SH600941,-0.001779400811032985,EXP_LGBModel_Alpha158_csi300_custom_step0_s_20260525_18,979a131ba2504def9431af2a4272e389,0.011,,,
4475,2026-05-25,SH600938,-0.004200782314976352,EXP_LGBModel_Alpha158_csi300_custom_step0_s_20260525_18,979a131ba2504def9431af2a4272e389,0.011,,,
4476,2026-05-25,SH600930,-0.003896890864698884,EXP_LGBModel_Alpha158_csi300_custom_step0_s_20260525_18,979a131ba2504def9431af2a4272e389,0.011,,,
4477,2026-05-25,SH600926,-0.0006373065787965419,EXP_LGBModel_Alpha158_csi300_custom_step0_s_20260525_18,979a131ba2504def9431af2a4272e389,0.011,,,
4478,2026-05-25,SH601077,-0.0006373065787965419,EXP_LGBModel_Alpha158_csi300_custom_step0_s_20260525_18,979a131ba2504def9431af2a4272e389,0.011,,,
4479,2026-05-25,SH600918,-5.392432725775036e-10,EXP_LGBModel_Alpha158_csi300_custom_step0_s_20260525_18,979a131ba2504def9431af2a4272e389,0.011,,,
4480,2026-05-25,SH601088,-0.0027205983008637227,EXP_LGBModel_Alpha158_csi300_custom_step0_s_20260525_18,979a131ba2504def9431af2a4272e389,0.011,,,
4481,2026-05-25,SH601111,-0.002117490592909172,EXP_LGBModel_Alpha158_csi300_custom_step0_s_20260525_18,979a131ba2504def9431af2a4272e389,0.011,,,
4482,2026-05-25,SH601318,-0.004200782314976352,EXP_LGBModel_Alpha158_csi300_custom_step0_s_20260525_18,979a131ba2504def9431af2a4272e389,0.011,,,
4483,2026-05-25,SH601298,0.0009324472414902653,EXP_LGBModel_Alpha158_csi300_custom_step0_s_20260525_18,979a131ba2504def9431af2a4272e389,0.011,,,
4484,2026-05-25,SH601288,-5.392432725775036e-10,EXP_LGBModel_Alpha158_csi300_custom_step0_s_20260525_18,979a131ba2504def9431af2a4272e389,0.011,,,
4485,2026-05-25,SH601238,-0.002117490592909172,EXP_LGBModel_Alpha158_csi300_custom_step0_s_20260525_18,979a131ba2504def9431af2a4272e389,0.011,,,
4486,2026-05-25,SH601236,-0.003896890864698884,EXP_LGBModel_Alpha158_csi300_custom_step0_s_20260525_18,979a131ba2504def9431af2a4272e389,0.011,,,
4487,2026-05-25,SH601229,-0.001779400811032985,EXP_LGBModel_Alpha158_csi300_custom_step0_s_20260525_18,979a131ba2504def9431af2a4272e389,0.011,,,
4488,2026-05-25,SH601225,-0.004200782314976352,EXP_LGBModel_Alpha158_csi300_custom_step0_s_20260525_18,979a131ba2504def9431af2a4272e389,0.011,,,
4489,2026-05-25,SH601211,-0.002117490592909172,EXP_LGBModel_Alpha158_csi300_custom_step0_s_20260525_18,979a131ba2504def9431af2a4272e389,0.011,,,
4490,2026-05-25,SH601186,-5.392432725775036e-10,EXP_LGBModel_Alpha158_csi300_custom_step0_s_20260525_18,979a131ba2504def9431af2a4272e389,0.011,,,
4491,2026-05-25,SH601169,-0.0006373065787965419,EXP_LGBModel_Alpha158_csi300_custom_step0_s_20260525_18,979a131ba2504def9431af2a4272e389,0.011,,,
4492,2026-05-25,SH601166,0.0026422955639850403,EXP_LGBModel_Alpha158_csi300_custom_step0_s_20260525_18,979a131ba2504def9431af2a4272e389,0.011,,,
4493,2026-05-25,SH601138,-0.0020832922613104534,EXP_LGBModel_Alpha158_csi300_custom_step0_s_20260525_18,979a131ba2504def9431af2a4272e389,0.011,,,
4494,2026-05-25,SH601136,-0.004200782314976352,EXP_LGBModel_Alpha158_csi300_custom_step0_s_20260525_18,979a131ba2504def9431af2a4272e389,0.011,,,
4495,2026-05-25,SH601127,-0.003896890864698884,EXP_LGBModel_Alpha158_csi300_custom_step0_s_20260525_18,979a131ba2504def9431af2a4272e389,0.011,,,
4496,2026-05-25,SH601117,-5.392432725775036e-10,EXP_LGBModel_Alpha158_csi300_custom_step0_s_20260525_18,979a131ba2504def9431af2a4272e389,0.011,,,
4497,2026-05-25,SH601100,-0.0020832922613104534,EXP_LGBModel_Alpha158_csi300_custom_step0_s_20260525_18,979a131ba2504def9431af2a4272e389,0.011,,,
4498,2026-05-25,SZ301269,0.001395977128863181,EXP_LGBModel_Alpha158_csi300_custom_step0_s_20260525_18,979a131ba2504def9431af2a4272e389,0.011,,,
4499,2026-05-25,SZ302132,-0.004200782314976352,EXP_LGBModel_Alpha158_csi300_custom_step0_s_20260525_18,979a131ba2504def9431af2a4272e389,0.011,,,
4500,2026-05-25,SH600000,-0.02832424543159113,EXP_LGBModel_Alpha158_csi300_custom_step0_s_20260525_18,ac7b67eb988e435aa60c0d25d19a589f,0.07,,,
4501,2026-05-25,SZ000596,0.0029550737407017342,EXP_LGBModel_Alpha158_csi300_custom_step0_s_20260525_18,ac7b67eb988e435aa60c0d25d19a589f,0.07,,,
4502,2026-05-25,SZ000568,-0.01735061028231765,EXP_LGBModel_Alpha158_csi300_custom_step0_s_20260525_18,ac7b67eb988e435aa60c0d25d19a589f,0.07,,,
4503,2026-05-25,SZ000538,-0.02488104416229957,EXP_LGBModel_Alpha158_csi300_custom_step0_s_20260525_18,ac7b67eb988e435aa60c0d25d19a589f,0.07,,,
4504,2026-05-25,SZ000425,-0.0009266062310242276,EXP_LGBModel_Alpha158_csi300_custom_step0_s_20260525_18,ac7b67eb988e435aa60c0d25d19a589f,0.07,,,
4505,2026-05-25,SZ000408,-0.002575406580383288,EXP_LGBModel_Alpha158_csi300_custom_step0_s_20260525_18,ac7b67eb988e435aa60c0d25d19a589f,0.07,,,
4506,2026-05-25,SZ000338,0.019638753799075773,EXP_LGBModel_Alpha158_csi300_custom_step0_s_20260525_18,ac7b67eb988e435aa60c0d25d19a589f,0.07,,,
4507,2026-05-25,SZ000617,0.005098730850758089,EXP_LGBModel_Alpha158_csi300_custom_step0_s_20260525_18,ac7b67eb988e435aa60c0d25d19a589f,0.07,,,
4508,2026-05-25,SZ000333,0.02013772186449989,EXP_LGBModel_Alpha158_csi300_custom_step0_s_20260525_18,ac7b67eb988e435aa60c0d25d19a589f,0.07,,,
4509,2026-05-25,SZ000166,-0.0176880187826201,EXP_LGBModel_Alpha158_csi300_custom_step0_s_20260525_18,ac7b67eb988e435aa60c0d25d19a589f,0.07,,,
4510,2026-05-25,SZ000157,-0.0035979545142293566,EXP_LGBModel_Alpha158_csi300_custom_step0_s_20260525_18,ac7b67eb988e435aa60c0d25d19a589f,0.07,,,
4511,2026-05-25,SZ000100,0.0003417021016355753,EXP_LGBModel_Alpha158_csi300_custom_step0_s_20260525_18,ac7b67eb988e435aa60c0d25d19a589f,0.07,,,
4512,2026-05-25,SZ000063,0.020803768850574313,EXP_LGBModel_Alpha158_csi300_custom_step0_s_20260525_18,ac7b67eb988e435aa60c0d25d19a589f,0.07,,,
4513,2026-05-25,SZ000002,0.0068364313569738815,EXP_LGBModel_Alpha158_csi300_custom_step0_s_20260525_18,ac7b67eb988e435aa60c0d25d19a589f,0.07,,,
4514,2026-05-25,SZ000001,-0.013335707220088592,EXP_LGBModel_Alpha158_csi300_custom_step0_s_20260525_18,ac7b67eb988e435aa60c0d25d19a589f,0.07,,,
4515,2026-05-25,SZ000301,0.016661655907283107,EXP_LGBModel_Alpha158_csi300_custom_step0_s_20260525_18,ac7b67eb988e435aa60c0d25d19a589f,0.07,,,
4516,2026-05-25,SZ000625,-0.0005107444740183724,EXP_LGBModel_Alpha158_csi300_custom_step0_s_20260525_18,ac7b67eb988e435aa60c0d25d19a589f,0.07,,,
4517,2026-05-25,SZ000630,0.003265175206319689,EXP_LGBModel_Alpha158_csi300_custom_step0_s_20260525_18,ac7b67eb988e435aa60c0d25d19a589f,0.07,,,
4518,2026-05-25,SZ000651,0.000873978657593473,EXP_LGBModel_Alpha158_csi300_custom_step0_s_20260525_18,ac7b67eb988e435aa60c0d25d19a589f,0.07,,,
4519,2026-05-25,SZ000977,0.04481574304414033,EXP_LGBModel_Alpha158_csi300_custom_step0_s_20260525_18,ac7b67eb988e435aa60c0d25d19a589f,0.07,,,
4520,2026-05-25,SZ000975,0.053662255323700316,EXP_LGBModel_Alpha158_csi300_custom_step0_s_20260525_18,ac7b67eb988e435aa60c0d25d19a589f,0.07,,,
4521,2026-05-25,SZ000963,0.002588331528496122,EXP_LGBModel_Alpha158_csi300_custom_step0_s_20260525_18,ac7b67eb988e435aa60c0d25d19a589f,0.07,,,
4522,2026-05-25,SZ000938,0.06265641815771025,EXP_LGBModel_Alpha158_csi300_custom_step0_s_20260525_18,ac7b67eb988e435aa60c0d25d19a589f,0.07,,,
4523,2026-05-25,SZ000895,-0.006234757314102372,EXP_LGBModel_Alpha158_csi300_custom_step0_s_20260525_18,ac7b67eb988e435aa60c0d25d19a589f,0.07,,,
4524,2026-05-25,SZ000876,-0.020970964152954012,EXP_LGBModel_Alpha158_csi300_custom_step0_s_20260525_18,ac7b67eb988e435aa60c0d25d19a589f,0.07,,,
4525,2026-05-25,SZ000858,0.0007279700269562485,EXP_LGBModel_Alpha158_csi300_custom_step0_s_20260525_18,ac7b67eb988e435aa60c0d25d19a589f,0.07,,,
4526,2026-05-25,SZ000807,0.01587873416024616,EXP_LGBModel_Alpha158_csi300_custom_step0_s_20260525_18,ac7b67eb988e435aa60c0d25d19a589f,0.07,,,
4527,2026-05-25,SZ000792,0.01917886610870561,EXP_LGBModel_Alpha158_csi300_custom_step0_s_20260525_18,ac7b67eb988e435aa60c0d25d19a589f,0.07,,,
4528,2026-05-25,SZ000786,-0.01218418317111357,EXP_LGBModel_Alpha158_csi300_custom_step0_s_20260525_18,ac7b67eb988e435aa60c0d25d19a589f,0.07,,,
4529,2026-05-25,SZ000776,-0.006916291644882269,EXP_LGBModel_Alpha158_csi300_custom_step0_s_20260525_18,ac7b67eb988e435aa60c0d25d19a589f,0.07,,,
4530,2026-05-25,SZ000768,-0.005461891428870613,EXP_LGBModel_Alpha158_csi300_custom_step0_s_20260525_18,ac7b67eb988e435aa60c0d25d19a589f,0.07,,,
4531,2026-05-25,SZ000725,-0.0008318548174046309,EXP_LGBModel_Alpha158_csi300_custom_step0_s_20260525_18,ac7b67eb988e435aa60c0d25d19a589f,0.07,,,
4532,2026-05-25,SZ000708,-0.0011297411246957482,EXP_LGBModel_Alpha158_csi300_custom_step0_s_20260525_18,ac7b67eb988e435aa60c0d25d19a589f,0.07,,,
4533,2026-05-25,SZ000661,-0.008591478103938614,EXP_LGBModel_Alpha158_csi300_custom_step0_s_20260525_18,ac7b67eb988e435aa60c0d25d19a589f,0.07,,,
4534,2026-05-25,SH688981,-9.442230226494255e-10,EXP_LGBModel_Alpha158_csi300_custom_step0_s_20260525_18,ac7b67eb988e435aa60c0d25d19a589f,0.07,,,
4535,2026-05-25,SH688506,0.017919698575990742,EXP_LGBModel_Alpha158_csi300_custom_step0_s_20260525_18,ac7b67eb988e435aa60c0d25d19a589f,0.07,,,
4536,2026-05-25,SH688472,0.0010302118660138492,EXP_LGBModel_Alpha158_csi300_custom_step0_s_20260525_18,ac7b67eb988e435aa60c0d25d19a589f,0.07,,,
4537,2026-05-25,SH688396,0.022150170382750245,EXP_LGBModel_Alpha158_csi300_custom_step0_s_20260525_18,ac7b67eb988e435aa60c0d25d19a589f,0.07,,,
4538,2026-05-25,SH603893,0.05153284300023376,EXP_LGBModel_Alpha158_csi300_custom_step0_s_20260525_18,ac7b67eb988e435aa60c0d25d19a589f,0.07,,,
4539,2026-05-25,SH603799,-0.008579061686772726,EXP_LGBModel_Alpha158_csi300_custom_step0_s_20260525_18,ac7b67eb988e435aa60c0d25d19a589f,0.07,,,
4540,2026-05-25,SH603501,0.02031844836487161,EXP_LGBModel_Alpha158_csi300_custom_step0_s_20260525_18,ac7b67eb988e435aa60c0d25d19a589f,0.07,,,
4541,2026-05-25,SH603392,0.0010646457257566576,EXP_LGBModel_Alpha158_csi300_custom_step0_s_20260525_18,ac7b67eb988e435aa60c0d25d19a589f,0.07,,,
4542,2026-05-25,SH603369,0.03963127225650142,EXP_LGBModel_Alpha158_csi300_custom_step0_s_20260525_18,ac7b67eb988e435aa60c0d25d19a589f,0.07,,,
4543,2026-05-25,SH603296,0.033853512551039154,EXP_LGBModel_Alpha158_csi300_custom_step0_s_20260525_18,ac7b67eb988e435aa60c0d25d19a589f,0.07,,,
4544,2026-05-25,SH603288,-0.0032007399035478955,EXP_LGBModel_Alpha158_csi300_custom_step0_s_20260525_18,ac7b67eb988e435aa60c0d25d19a589f,0.07,,,
4545,2026-05-25,SH603260,-0.008775735618590798,EXP_LGBModel_Alpha158_csi300_custom_step0_s_20260525_18,ac7b67eb988e435aa60c0d25d19a589f,0.07,,,
4546,2026-05-25,SH603259,-0.006483611317559266,EXP_LGBModel_Alpha158_csi300_custom_step0_s_20260525_18,ac7b67eb988e435aa60c0d25d19a589f,0.07,,,
4547,2026-05-25,SH603195,-0.01207390517436943,EXP_LGBModel_Alpha158_csi300_custom_step0_s_20260525_18,ac7b67eb988e435aa60c0d25d19a589f,0.07,,,
4548,2026-05-25,SH603019,0.03159388517742565,EXP_LGBModel_Alpha158_csi300_custom_step0_s_20260525_18,ac7b67eb988e435aa60c0d25d19a589f,0.07,,,
4549,2026-05-25,SH601998,-0.015531185794025779,EXP_LGBModel_Alpha158_csi300_custom_step0_s_20260525_18,ac7b67eb988e435aa60c0d25d19a589f,0.07,,,
4550,2026-05-25,SH601995,0.015235266972756317,EXP_LGBModel_Alpha158_csi300_custom_step0_s_20260525_18,ac7b67eb988e435aa60c0d25d19a589f,0.07,,,
4551,2026-05-25,SH601988,0.004384914652341869,EXP_LGBModel_Alpha158_csi300_custom_step0_s_20260525_18,ac7b67eb988e435aa60c0d25d19a589f,0.07,,,
4552,2026-05-25,SH601985,-0.003134977546543346,EXP_LGBModel_Alpha158_csi300_custom_step0_s_20260525_18,ac7b67eb988e435aa60c0d25d19a589f,0.07,,,
4553,2026-05-25,SH603986,-0.009901302797504737,EXP_LGBModel_Alpha158_csi300_custom_step0_s_20260525_18,ac7b67eb988e435aa60c0d25d19a589f,0.07,,,
4554,2026-05-25,SZ000983,0.014167211967305297,EXP_LGBModel_Alpha158_csi300_custom_step0_s_20260525_18,ac7b67eb988e435aa60c0d25d19a589f,0.07,,,
4555,2026-05-25,SH603993,0.0020589535373042255,EXP_LGBModel_Alpha158_csi300_custom_step0_s_20260525_18,ac7b67eb988e435aa60c0d25d19a589f,0.07,,,
4556,2026-05-25,SH605499,-0.00999591676561877,EXP_LGBModel_Alpha158_csi300_custom_step0_s_20260525_18,ac7b67eb988e435aa60c0d25d19a589f,0.07,,,
4557,2026-05-25,SH688303,0.002588331528496122,EXP_LGBModel_Alpha158_csi300_custom_step0_s_20260525_18,ac7b67eb988e435aa60c0d25d19a589f,0.07,,,
4558,2026-05-25,SH688271,-0.00883442457776222,EXP_LGBModel_Alpha158_csi300_custom_step0_s_20260525_18,ac7b67eb988e435aa60c0d25d19a589f,0.07,,,
4559,2026-05-25,SH688256,0.03745636478657303,EXP_LGBModel_Alpha158_csi300_custom_step0_s_20260525_18,ac7b67eb988e435aa60c0d25d19a589f,0.07,,,
4560,2026-05-25,SH688223,-0.012983572459074944,EXP_LGBModel_Alpha158_csi300_custom_step0_s_20260525_18,ac7b67eb988e435aa60c0d25d19a589f,0.07,,,
4561,2026-05-25,SH688187,0.002059554857512494,EXP_LGBModel_Alpha158_csi300_custom_step0_s_20260525_18,ac7b67eb988e435aa60c0d25d19a589f,0.07,,,
4562,2026-05-25,SH688169,0.011743444564480936,EXP_LGBModel_Alpha158_csi300_custom_step0_s_20260525_18,ac7b67eb988e435aa60c0d25d19a589f,0.07,,,
4563,2026-05-25,SH688126,-0.015198911174522519,EXP_LGBModel_Alpha158_csi300_custom_step0_s_20260525_18,ac7b67eb988e435aa60c0d25d19a589f,0.07,,,
4564,2026-05-25,SH688111,0.03182890448396914,EXP_LGBModel_Alpha158_csi300_custom_step0_s_20260525_18,ac7b67eb988e435aa60c0d25d19a589f,0.07,,,
4565,2026-05-25,SH688082,-9.442230226494255e-10,EXP_LGBModel_Alpha158_csi300_custom_step0_s_20260525_18,ac7b67eb988e435aa60c0d25d19a589f,0.07,,,
4566,2026-05-25,SH688047,0.030509862255901354,EXP_LGBModel_Alpha158_csi300_custom_step0_s_20260525_18,ac7b67eb988e435aa60c0d25d19a589f,0.07,,,
4567,2026-05-25,SH688041,0.0008882311083128531,EXP_LGBModel_Alpha158_csi300_custom_step0_s_20260525_18,ac7b67eb988e435aa60c0d25d19a589f,0.07,,,
4568,2026-05-25,SH688036,0.04294018982885521,EXP_LGBModel_Alpha158_csi300_custom_step0_s_20260525_18,ac7b67eb988e435aa60c0d25d19a589f,0.07,,,
4569,2026-05-25,SH688012,-0.009620477573110176,EXP_LGBModel_Alpha158_csi300_custom_step0_s_20260525_18,ac7b67eb988e435aa60c0d25d19a589f,0.07,,,
4570,2026-05-25,SH688009,-0.014132136270276974,EXP_LGBModel_Alpha158_csi300_custom_step0_s_20260525_18,ac7b67eb988e435aa60c0d25d19a589f,0.07,,,
4571,2026-05-25,SH688008,0.007979420433191699,EXP_LGBModel_Alpha158_csi300_custom_step0_s_20260525_18,ac7b67eb988e435aa60c0d25d19a589f,0.07,,,
4572,2026-05-25,SH605117,0.06411793428266192,EXP_LGBModel_Alpha158_csi300_custom_step0_s_20260525_18,ac7b67eb988e435aa60c0d25d19a589f,0.07,,,
4573,2026-05-25,SH601939,-0.010355488893114606,EXP_LGBModel_Alpha158_csi300_custom_step0_s_20260525_18,ac7b67eb988e435aa60c0d25d19a589f,0.07,,,
4574,2026-05-25,SZ000999,-0.008162837195114566,EXP_LGBModel_Alpha158_csi300_custom_step0_s_20260525_18,ac7b67eb988e435aa60c0d25d19a589f,0.07,,,
4575,2026-05-25,SZ001965,0.02503494708880413,EXP_LGBModel_Alpha158_csi300_custom_step0_s_20260525_18,ac7b67eb988e435aa60c0d25d19a589f,0.07,,,
4576,2026-05-25,SZ300413,0.005350731832210207,EXP_LGBModel_Alpha158_csi300_custom_step0_s_20260525_18,ac7b67eb988e435aa60c0d25d19a589f,0.07,,,
4577,2026-05-25,SZ300408,0.027871074775902407,EXP_LGBModel_Alpha158_csi300_custom_step0_s_20260525_18,ac7b67eb988e435aa60c0d25d19a589f,0.07,,,
4578,2026-05-25,SZ300394,0.012677257783763407,EXP_LGBModel_Alpha158_csi300_custom_step0_s_20260525_18,ac7b67eb988e435aa60c0d25d19a589f,0.07,,,
4579,2026-05-25,SZ300347,0.015287408968851912,EXP_LGBModel_Alpha158_csi300_custom_step0_s_20260525_18,ac7b67eb988e435aa60c0d25d19a589f,0.07,,,
4580,2026-05-25,SZ300316,0.05117751025811893,EXP_LGBModel_Alpha158_csi300_custom_step0_s_20260525_18,ac7b67eb988e435aa60c0d25d19a589f,0.07,,,
4581,2026-05-25,SZ300308,-0.0006354546944266111,EXP_LGBModel_Alpha158_csi300_custom_step0_s_20260525_18,ac7b67eb988e435aa60c0d25d19a589f,0.07,,,
4582,2026-05-25,SZ300418,0.0009170676058675312,EXP_LGBModel_Alpha158_csi300_custom_step0_s_20260525_18,ac7b67eb988e435aa60c0d25d19a589f,0.07,,,
4583,2026-05-25,SZ300274,0.12225211530774382,EXP_LGBModel_Alpha158_csi300_custom_step0_s_20260525_18,ac7b67eb988e435aa60c0d25d19a589f,0.07,,,
4584,2026-05-25,SZ300124,0.01717188571493426,EXP_LGBModel_Alpha158_csi300_custom_step0_s_20260525_18,ac7b67eb988e435aa60c0d25d19a589f,0.07,,,
4585,2026-05-25,SZ300122,0.0010646457257566576,EXP_LGBModel_Alpha158_csi300_custom_step0_s_20260525_18,ac7b67eb988e435aa60c0d25d19a589f,0.07,,,
4586,2026-05-25,SZ300059,0.014794791417915964,EXP_LGBModel_Alpha158_csi300_custom_step0_s_20260525_18,ac7b67eb988e435aa60c0d25d19a589f,0.07,,,
4587,2026-05-25,SZ300033,0.0008701936621335882,EXP_LGBModel_Alpha158_csi300_custom_step0_s_20260525_18,ac7b67eb988e435aa60c0d25d19a589f,0.07,,,
4588,2026-05-25,SZ300015,-0.001357051569744468,EXP_LGBModel_Alpha158_csi300_custom_step0_s_20260525_18,ac7b67eb988e435aa60c0d25d19a589f,0.07,,,
4589,2026-05-25,SZ300014,0.01357449618277525,EXP_LGBModel_Alpha158_csi300_custom_step0_s_20260525_18,ac7b67eb988e435aa60c0d25d19a589f,0.07,,,
4590,2026-05-25,SZ300251,0.015157298272276656,EXP_LGBModel_Alpha158_csi300_custom_step0_s_20260525_18,ac7b67eb988e435aa60c0d25d19a589f,0.07,,,
4591,2026-05-25,SZ300433,0.02027420754927936,EXP_LGBModel_Alpha158_csi300_custom_step0_s_20260525_18,ac7b67eb988e435aa60c0d25d19a589f,0.07,,,
4592,2026-05-25,SZ300442,-0.0020217498081109894,EXP_LGBModel_Alpha158_csi300_custom_step0_s_20260525_18,ac7b67eb988e435aa60c0d25d19a589f,0.07,,,
4593,2026-05-25,SZ300476,0.10498660188320769,EXP_LGBModel_Alpha158_csi300_custom_step0_s_20260525_18,ac7b67eb988e435aa60c0d25d19a589f,0.07,,,
4594,2026-05-25,SZ301236,-0.01736357096091621,EXP_LGBModel_Alpha158_csi300_custom_step0_s_20260525_18,ac7b67eb988e435aa60c0d25d19a589f,0.07,,,
4595,2026-05-25,SZ300999,-0.002076993267220826,EXP_LGBModel_Alpha158_csi300_custom_step0_s_20260525_18,ac7b67eb988e435aa60c0d25d19a589f,0.07,,,
4596,2026-05-25,SZ300979,0.0038270460294707424,EXP_LGBModel_Alpha158_csi300_custom_step0_s_20260525_18,ac7b67eb988e435aa60c0d25d19a589f,0.07,,,
4597,2026-05-25,SZ300896,-0.007960825735077528,EXP_LGBModel_Alpha158_csi300_custom_step0_s_20260525_18,ac7b67eb988e435aa60c0d25d19a589f,0.07,,,
4598,2026-05-25,SZ300866,0.021018203414493897,EXP_LGBModel_Alpha158_csi300_custom_step0_s_20260525_18,ac7b67eb988e435aa60c0d25d19a589f,0.07,,,
4599,2026-05-25,SZ300832,0.025964945440369647,EXP_LGBModel_Alpha158_csi300_custom_step0_s_20260525_18,ac7b67eb988e435aa60c0d25d19a589f,0.07,,,
4600,2026-05-25,SZ300803,0.002567176521120843,EXP_LGBModel_Alpha158_csi300_custom_step0_s_20260525_18,ac7b67eb988e435aa60c0d25d19a589f,0.07,,,
4601,2026-05-25,SZ300782,0.12225211530774382,EXP_LGBModel_Alpha158_csi300_custom_step0_s_20260525_18,ac7b67eb988e435aa60c0d25d19a589f,0.07,,,
4602,2026-05-25,SZ300760,-0.007513318935968111,EXP_LGBModel_Alpha158_csi300_custom_step0_s_20260525_18,ac7b67eb988e435aa60c0d25d19a589f,0.07,,,
4603,2026-05-25,SZ300759,0.06268811081182982,EXP_LGBModel_Alpha158_csi300_custom_step0_s_20260525_18,ac7b67eb988e435aa60c0d25d19a589f,0.07,,,
4604,2026-05-25,SZ300750,-0.008375178339968627,EXP_LGBModel_Alpha158_csi300_custom_step0_s_20260525_18,ac7b67eb988e435aa60c0d25d19a589f,0.07,,,
4605,2026-05-25,SZ300661,0.07343470716852993,EXP_LGBModel_Alpha158_csi300_custom_step0_s_20260525_18,ac7b67eb988e435aa60c0d25d19a589f,0.07,,,
4606,2026-05-25,SZ300628,0.0337113804910918,EXP_LGBModel_Alpha158_csi300_custom_step0_s_20260525_18,ac7b67eb988e435aa60c0d25d19a589f,0.07,,,
4607,2026-05-25,SZ300502,-9.442230226494255e-10,EXP_LGBModel_Alpha158_csi300_custom_step0_s_20260525_18,ac7b67eb988e435aa60c0d25d19a589f,0.07,,,
4608,2026-05-25,SZ300498,0.0011874449744765732,EXP_LGBModel_Alpha158_csi300_custom_step0_s_20260525_18,ac7b67eb988e435aa60c0d25d19a589f,0.07,,,
4609,2026-05-25,SZ003816,0.00217608070965906,EXP_LGBModel_Alpha158_csi300_custom_step0_s_20260525_18,ac7b67eb988e435aa60c0d25d19a589f,0.07,,,
4610,2026-05-25,SZ002938,0.006080482567824589,EXP_LGBModel_Alpha158_csi300_custom_step0_s_20260525_18,ac7b67eb988e435aa60c0d25d19a589f,0.07,,,
4611,2026-05-25,SZ002920,-0.0032054190134614196,EXP_LGBModel_Alpha158_csi300_custom_step0_s_20260525_18,ac7b67eb988e435aa60c0d25d19a589f,0.07,,,
4612,2026-05-25,SZ002916,0.07154306275462691,EXP_LGBModel_Alpha158_csi300_custom_step0_s_20260525_18,ac7b67eb988e435aa60c0d25d19a589f,0.07,,,
4613,2026-05-25,SZ002311,-0.023091049706444947,EXP_LGBModel_Alpha158_csi300_custom_step0_s_20260525_18,ac7b67eb988e435aa60c0d25d19a589f,0.07,,,
4614,2026-05-25,SZ002304,-0.016496709099149555,EXP_LGBModel_Alpha158_csi300_custom_step0_s_20260525_18,ac7b67eb988e435aa60c0d25d19a589f,0.07,,,
4615,2026-05-25,SZ002252,-0.021841560659456676,EXP_LGBModel_Alpha158_csi300_custom_step0_s_20260525_18,ac7b67eb988e435aa60c0d25d19a589f,0.07,,,
4616,2026-05-25,SZ002241,0.02237539850838676,EXP_LGBModel_Alpha158_csi300_custom_step0_s_20260525_18,ac7b67eb988e435aa60c0d25d19a589f,0.07,,,
4617,2026-05-25,SZ002236,0.002809075529791711,EXP_LGBModel_Alpha158_csi300_custom_step0_s_20260525_18,ac7b67eb988e435aa60c0d25d19a589f,0.07,,,
4618,2026-05-25,SZ002230,-0.017582109153566162,EXP_LGBModel_Alpha158_csi300_custom_step0_s_20260525_18,ac7b67eb988e435aa60c0d25d19a589f,0.07,,,
4619,2026-05-25,SZ002179,0.037554089282474945,EXP_LGBModel_Alpha158_csi300_custom_step0_s_20260525_18,ac7b67eb988e435aa60c0d25d19a589f,0.07,,,
4620,2026-05-25,SZ002142,-0.04021476030941968,EXP_LGBModel_Alpha158_csi300_custom_step0_s_20260525_18,ac7b67eb988e435aa60c0d25d19a589f,0.07,,,
4621,2026-05-25,SZ002074,0.002588331528496122,EXP_LGBModel_Alpha158_csi300_custom_step0_s_20260525_18,ac7b67eb988e435aa60c0d25d19a589f,0.07,,,
4622,2026-05-25,SZ002050,0.0005906138973590784,EXP_LGBModel_Alpha158_csi300_custom_step0_s_20260525_18,ac7b67eb988e435aa60c0d25d19a589f,0.07,,,
4623,2026-05-25,SZ002049,0.03627301237733786,EXP_LGBModel_Alpha158_csi300_custom_step0_s_20260525_18,ac7b67eb988e435aa60c0d25d19a589f,0.07,,,
4624,2026-05-25,SZ002028,-0.009782562002440173,EXP_LGBModel_Alpha158_csi300_custom_step0_s_20260525_18,ac7b67eb988e435aa60c0d25d19a589f,0.07,,,
4625,2026-05-25,SZ002027,0.004286085162230526,EXP_LGBModel_Alpha158_csi300_custom_step0_s_20260525_18,ac7b67eb988e435aa60c0d25d19a589f,0.07,,,
4626,2026-05-25,SZ002001,0.002588331528496122,EXP_LGBModel_Alpha158_csi300_custom_step0_s_20260525_18,ac7b67eb988e435aa60c0d25d19a589f,0.07,,,
4627,2026-05-25,SZ001979,0.032747990180886664,EXP_LGBModel_Alpha158_csi300_custom_step0_s_20260525_18,ac7b67eb988e435aa60c0d25d19a589f,0.07,,,
4628,2026-05-25,SZ002352,-0.009611610464345298,EXP_LGBModel_Alpha158_csi300_custom_step0_s_20260525_18,ac7b67eb988e435aa60c0d25d19a589f,0.07,,,
4629,2026-05-25,SZ001391,-0.005822552526018631,EXP_LGBModel_Alpha158_csi300_custom_step0_s_20260525_18,ac7b67eb988e435aa60c0d25d19a589f,0.07,,,
4630,2026-05-25,SZ002371,0.020548387176972237,EXP_LGBModel_Alpha158_csi300_custom_step0_s_20260525_18,ac7b67eb988e435aa60c0d25d19a589f,0.07,,,
4631,2026-05-25,SZ002415,0.03110592988264836,EXP_LGBModel_Alpha158_csi300_custom_step0_s_20260525_18,ac7b67eb988e435aa60c0d25d19a589f,0.07,,,
4632,2026-05-25,SZ002736,0.0023863200684590825,EXP_LGBModel_Alpha158_csi300_custom_step0_s_20260525_18,ac7b67eb988e435aa60c0d25d19a589f,0.07,,,
4633,2026-05-25,SZ002714,0.002588331528496122,EXP_LGBModel_Alpha158_csi300_custom_step0_s_20260525_18,ac7b67eb988e435aa60c0d25d19a589f,0.07,,,
4634,2026-05-25,SZ002709,0.02614689093004176,EXP_LGBModel_Alpha158_csi300_custom_step0_s_20260525_18,ac7b67eb988e435aa60c0d25d19a589f,0.07,,,
4635,2026-05-25,SZ002648,0.009384816957211639,EXP_LGBModel_Alpha158_csi300_custom_step0_s_20260525_18,ac7b67eb988e435aa60c0d25d19a589f,0.07,,,
4636,2026-05-25,SZ002625,0.004587557245896396,EXP_LGBModel_Alpha158_csi300_custom_step0_s_20260525_18,ac7b67eb988e435aa60c0d25d19a589f,0.07,,,
4637,2026-05-25,SZ002601,0.002588331528496122,EXP_LGBModel_Alpha158_csi300_custom_step0_s_20260525_18,ac7b67eb988e435aa60c0d25d19a589f,0.07,,,
4638,2026-05-25,SZ002600,0.0034949227577942385,EXP_LGBModel_Alpha158_csi300_custom_step0_s_20260525_18,ac7b67eb988e435aa60c0d25d19a589f,0.07,,,
4639,2026-05-25,SZ002594,-0.008280474813705372,EXP_LGBModel_Alpha158_csi300_custom_step0_s_20260525_18,ac7b67eb988e435aa60c0d25d19a589f,0.07,,,
4640,2026-05-25,SZ002493,0.006778010754059732,EXP_LGBModel_Alpha158_csi300_custom_step0_s_20260525_18,ac7b67eb988e435aa60c0d25d19a589f,0.07,,,
4641,2026-05-25,SZ002475,0.019638753799075773,EXP_LGBModel_Alpha158_csi300_custom_step0_s_20260525_18,ac7b67eb988e435aa60c0d25d19a589f,0.07,,,
4642,2026-05-25,SZ002466,0.026096149248686168,EXP_LGBModel_Alpha158_csi300_custom_step0_s_20260525_18,ac7b67eb988e435aa60c0d25d19a589f,0.07,,,
4643,2026-05-25,SZ002463,0.009794967452036472,EXP_LGBModel_Alpha158_csi300_custom_step0_s_20260525_18,ac7b67eb988e435aa60c0d25d19a589f,0.07,,,
4644,2026-05-25,SZ002460,-0.008579061686772726,EXP_LGBModel_Alpha158_csi300_custom_step0_s_20260525_18,ac7b67eb988e435aa60c0d25d19a589f,0.07,,,
4645,2026-05-25,SZ002459,0.0036560944913758674,EXP_LGBModel_Alpha158_csi300_custom_step0_s_20260525_18,ac7b67eb988e435aa60c0d25d19a589f,0.07,,,
4646,2026-05-25,SZ002422,-0.0027030648269416434,EXP_LGBModel_Alpha158_csi300_custom_step0_s_20260525_18,ac7b67eb988e435aa60c0d25d19a589f,0.07,,,
4647,2026-05-25,SZ002384,0.0054450288176210015,EXP_LGBModel_Alpha158_csi300_custom_step0_s_20260525_18,ac7b67eb988e435aa60c0d25d19a589f,0.07,,,
4648,2026-05-25,SH601919,-0.015053536194024388,EXP_LGBModel_Alpha158_csi300_custom_step0_s_20260525_18,ac7b67eb988e435aa60c0d25d19a589f,0.07,,,
4649,2026-05-25,SH601916,-0.014694265218519147,EXP_LGBModel_Alpha158_csi300_custom_step0_s_20260525_18,ac7b67eb988e435aa60c0d25d19a589f,0.07,,,
4650,2026-05-25,SH601901,-0.007817907080846159,EXP_LGBModel_Alpha158_csi300_custom_step0_s_20260525_18,ac7b67eb988e435aa60c0d25d19a589f,0.07,,,
4651,2026-05-25,SH600522,0.08860562804306675,EXP_LGBModel_Alpha158_csi300_custom_step0_s_20260525_18,ac7b67eb988e435aa60c0d25d19a589f,0.07,,,
4652,2026-05-25,SH600519,-0.030208243207064448,EXP_LGBModel_Alpha158_csi300_custom_step0_s_20260525_18,ac7b67eb988e435aa60c0d25d19a589f,0.07,,,
4653,2026-05-25,SH600515,-0.0071147059453637905,EXP_LGBModel_Alpha158_csi300_custom_step0_s_20260525_18,ac7b67eb988e435aa60c0d25d19a589f,0.07,,,
4654,2026-05-25,SH600489,-0.0020234362565805532,EXP_LGBModel_Alpha158_csi300_custom_step0_s_20260525_18,ac7b67eb988e435aa60c0d25d19a589f,0.07,,,
4655,2026-05-25,SH600482,-0.003506869244431659,EXP_LGBModel_Alpha158_csi300_custom_step0_s_20260525_18,ac7b67eb988e435aa60c0d25d19a589f,0.07,,,
4656,2026-05-25,SH600460,0.029074087948239673,EXP_LGBModel_Alpha158_csi300_custom_step0_s_20260525_18,ac7b67eb988e435aa60c0d25d19a589f,0.07,,,
4657,2026-05-25,SH600547,0.015157298272276656,EXP_LGBModel_Alpha158_csi300_custom_step0_s_20260525_18,ac7b67eb988e435aa60c0d25d19a589f,0.07,,,
4658,2026-05-25,SH600438,-0.007744621023788798,EXP_LGBModel_Alpha158_csi300_custom_step0_s_20260525_18,ac7b67eb988e435aa60c0d25d19a589f,0.07,,,
4659,2026-05-25,SH600426,0.03061877601634653,EXP_LGBModel_Alpha158_csi300_custom_step0_s_20260525_18,ac7b67eb988e435aa60c0d25d19a589f,0.07,,,
4660,2026-05-25,SH600415,0.0016893431447232016,EXP_LGBModel_Alpha158_csi300_custom_step0_s_20260525_18,ac7b67eb988e435aa60c0d25d19a589f,0.07,,,
4661,2026-05-25,SH600406,-0.007737120390025044,EXP_LGBModel_Alpha158_csi300_custom_step0_s_20260525_18,ac7b67eb988e435aa60c0d25d19a589f,0.07,,,
4662,2026-05-25,SH600377,0.023997724387185938,EXP_LGBModel_Alpha158_csi300_custom_step0_s_20260525_18,ac7b67eb988e435aa60c0d25d19a589f,0.07,,,
4663,2026-05-25,SH600372,-0.004534362016639154,EXP_LGBModel_Alpha158_csi300_custom_step0_s_20260525_18,ac7b67eb988e435aa60c0d25d19a589f,0.07,,,
4664,2026-05-25,SH600362,-0.01633537304824472,EXP_LGBModel_Alpha158_csi300_custom_step0_s_20260525_18,ac7b67eb988e435aa60c0d25d19a589f,0.07,,,
4665,2026-05-25,SH600436,0.009380306987211248,EXP_LGBModel_Alpha158_csi300_custom_step0_s_20260525_18,ac7b67eb988e435aa60c0d25d19a589f,0.07,,,
4666,2026-05-25,SH600570,-0.007367070292294845,EXP_LGBModel_Alpha158_csi300_custom_step0_s_20260525_18,ac7b67eb988e435aa60c0d25d19a589f,0.07,,,
4667,2026-05-25,SH600584,-0.01245557028658435,EXP_LGBModel_Alpha158_csi300_custom_step0_s_20260525_18,ac7b67eb988e435aa60c0d25d19a589f,0.07,,,
4668,2026-05-25,SH600585,-0.011597624550551999,EXP_LGBModel_Alpha158_csi300_custom_step0_s_20260525_18,ac7b67eb988e435aa60c0d25d19a589f,0.07,,,
4669,2026-05-25,SH600893,0.005871548209124328,EXP_LGBModel_Alpha158_csi300_custom_step0_s_20260525_18,ac7b67eb988e435aa60c0d25d19a589f,0.07,,,
4670,2026-05-25,SH600887,0.006512066577851523,EXP_LGBModel_Alpha158_csi300_custom_step0_s_20260525_18,ac7b67eb988e435aa60c0d25d19a589f,0.07,,,
4671,2026-05-25,SH600886,-0.017524805098557188,EXP_LGBModel_Alpha158_csi300_custom_step0_s_20260525_18,ac7b67eb988e435aa60c0d25d19a589f,0.07,,,
4672,2026-05-25,SH600875,0.0028283723790340333,EXP_LGBModel_Alpha158_csi300_custom_step0_s_20260525_18,ac7b67eb988e435aa60c0d25d19a589f,0.07,,,
4673,2026-05-25,SH600845,-0.014844649406024299,EXP_LGBModel_Alpha158_csi300_custom_step0_s_20260525_18,ac7b67eb988e435aa60c0d25d19a589f,0.07,,,
4674,2026-05-25,SH600809,0.0008147863805650904,EXP_LGBModel_Alpha158_csi300_custom_step0_s_20260525_18,ac7b67eb988e435aa60c0d25d19a589f,0.07,,,
4675,2026-05-25,SH600803,-0.002076993267220826,EXP_LGBModel_Alpha158_csi300_custom_step0_s_20260525_18,ac7b67eb988e435aa60c0d25d19a589f,0.07,,,
4676,2026-05-25,SH600795,0.02293372755275789,EXP_LGBModel_Alpha158_csi300_custom_step0_s_20260525_18,ac7b67eb988e435aa60c0d25d19a589f,0.07,,,
4677,2026-05-25,SH600760,-0.008775735618590798,EXP_LGBModel_Alpha158_csi300_custom_step0_s_20260525_18,ac7b67eb988e435aa60c0d25d19a589f,0.07,,,
4678,2026-05-25,SH600741,-0.0020344302767578365,EXP_LGBModel_Alpha158_csi300_custom_step0_s_20260525_18,ac7b67eb988e435aa60c0d25d19a589f,0.07,,,
4679,2026-05-25,SH600690,-0.016255228747841945,EXP_LGBModel_Alpha158_csi300_custom_step0_s_20260525_18,ac7b67eb988e435aa60c0d25d19a589f,0.07,,,
4680,2026-05-25,SH600674,0.01214333500776056,EXP_LGBModel_Alpha158_csi300_custom_step0_s_20260525_18,ac7b67eb988e435aa60c0d25d19a589f,0.07,,,
4681,2026-05-25,SH600660,-0.043902991406401574,EXP_LGBModel_Alpha158_csi300_custom_step0_s_20260525_18,ac7b67eb988e435aa60c0d25d19a589f,0.07,,,
4682,2026-05-25,SH600600,-0.04563831927058345,EXP_LGBModel_Alpha158_csi300_custom_step0_s_20260525_18,ac7b67eb988e435aa60c0d25d19a589f,0.07,,,
4683,2026-05-25,SH600588,0.0003469076493457328,EXP_LGBModel_Alpha158_csi300_custom_step0_s_20260525_18,ac7b67eb988e435aa60c0d25d19a589f,0.07,,,
4684,2026-05-25,SH600346,0.009578864670864313,EXP_LGBModel_Alpha158_csi300_custom_step0_s_20260525_18,ac7b67eb988e435aa60c0d25d19a589f,0.07,,,
4685,2026-05-25,SH600309,0.002588331528496122,EXP_LGBModel_Alpha158_csi300_custom_step0_s_20260525_18,ac7b67eb988e435aa60c0d25d19a589f,0.07,,,
4686,2026-05-25,SH600276,-0.006312400942662661,EXP_LGBModel_Alpha158_csi300_custom_step0_s_20260525_18,ac7b67eb988e435aa60c0d25d19a589f,0.07,,,
4687,2026-05-25,SH600233,0.005350731832210207,EXP_LGBModel_Alpha158_csi300_custom_step0_s_20260525_18,ac7b67eb988e435aa60c0d25d19a589f,0.07,,,
4688,2026-05-25,SH600031,-0.0011297411246957482,EXP_LGBModel_Alpha158_csi300_custom_step0_s_20260525_18,ac7b67eb988e435aa60c0d25d19a589f,0.07,,,
4689,2026-05-25,SH600030,0.01263870806871101,EXP_LGBModel_Alpha158_csi300_custom_step0_s_20260525_18,ac7b67eb988e435aa60c0d25d19a589f,0.07,,,
4690,2026-05-25,SH600029,-0.0012642351881240698,EXP_LGBModel_Alpha158_csi300_custom_step0_s_20260525_18,ac7b67eb988e435aa60c0d25d19a589f,0.07,,,
4691,2026-05-25,SH600028,0.0010646457257566576,EXP_LGBModel_Alpha158_csi300_custom_step0_s_20260525_18,ac7b67eb988e435aa60c0d25d19a589f,0.07,,,
4692,2026-05-25,SH600027,0.016556315521205383,EXP_LGBModel_Alpha158_csi300_custom_step0_s_20260525_18,ac7b67eb988e435aa60c0d25d19a589f,0.07,,,
4693,2026-05-25,SH600026,0.010779557297469718,EXP_LGBModel_Alpha158_csi300_custom_step0_s_20260525_18,ac7b67eb988e435aa60c0d25d19a589f,0.07,,,
4694,2026-05-25,SH600025,-0.02071561047079848,EXP_LGBModel_Alpha158_csi300_custom_step0_s_20260525_18,ac7b67eb988e435aa60c0d25d19a589f,0.07,,,
4695,2026-05-25,SH600023,0.004197188107615339,EXP_LGBModel_Alpha158_csi300_custom_step0_s_20260525_18,ac7b67eb988e435aa60c0d25d19a589f,0.07,,,
4696,2026-05-25,SH600019,-0.0016158119615220928,EXP_LGBModel_Alpha158_csi300_custom_step0_s_20260525_18,ac7b67eb988e435aa60c0d25d19a589f,0.07,,,
4697,2026-05-25,SH600018,-0.01019290098428799,EXP_LGBModel_Alpha158_csi300_custom_step0_s_20260525_18,ac7b67eb988e435aa60c0d25d19a589f,0.07,,,
4698,2026-05-25,SH600016,-0.016665004090484006,EXP_LGBModel_Alpha158_csi300_custom_step0_s_20260525_18,ac7b67eb988e435aa60c0d25d19a589f,0.07,,,
4699,2026-05-25,SH600015,-0.024165188645982733,EXP_LGBModel_Alpha158_csi300_custom_step0_s_20260525_18,ac7b67eb988e435aa60c0d25d19a589f,0.07,,,
4700,2026-05-25,SH600011,0.01985611104218005,EXP_LGBModel_Alpha158_csi300_custom_step0_s_20260525_18,ac7b67eb988e435aa60c0d25d19a589f,0.07,,,
4701,2026-05-25,SH600010,-0.0025863828744325875,EXP_LGBModel_Alpha158_csi300_custom_step0_s_20260525_18,ac7b67eb988e435aa60c0d25d19a589f,0.07,,,
4702,2026-05-25,SH600009,-0.025606942281018043,EXP_LGBModel_Alpha158_csi300_custom_step0_s_20260525_18,ac7b67eb988e435aa60c0d25d19a589f,0.07,,,
4703,2026-05-25,SH600036,-0.02822329111928615,EXP_LGBModel_Alpha158_csi300_custom_step0_s_20260525_18,ac7b67eb988e435aa60c0d25d19a589f,0.07,,,
4704,2026-05-25,SH600900,-0.013318742863480502,EXP_LGBModel_Alpha158_csi300_custom_step0_s_20260525_18,ac7b67eb988e435aa60c0d25d19a589f,0.07,,,
4705,2026-05-25,SH600039,-0.004617299587658252,EXP_LGBModel_Alpha158_csi300_custom_step0_s_20260525_18,ac7b67eb988e435aa60c0d25d19a589f,0.07,,,
4706,2026-05-25,SH600050,-0.003919884609036068,EXP_LGBModel_Alpha158_csi300_custom_step0_s_20260525_18,ac7b67eb988e435aa60c0d25d19a589f,0.07,,,
4707,2026-05-25,SH600219,0.047230445044507796,EXP_LGBModel_Alpha158_csi300_custom_step0_s_20260525_18,ac7b67eb988e435aa60c0d25d19a589f,0.07,,,
4708,2026-05-25,SH600196,-0.012806444047680936,EXP_LGBModel_Alpha158_csi300_custom_step0_s_20260525_18,ac7b67eb988e435aa60c0d25d19a589f,0.07,,,
4709,2026-05-25,SH600188,0.03404699987518649,EXP_LGBModel_Alpha158_csi300_custom_step0_s_20260525_18,ac7b67eb988e435aa60c0d25d19a589f,0.07,,,
4710,2026-05-25,SH600183,0.01201813108517303,EXP_LGBModel_Alpha158_csi300_custom_step0_s_20260525_18,ac7b67eb988e435aa60c0d25d19a589f,0.07,,,
4711,2026-05-25,SH600176,0.015936283031134313,EXP_LGBModel_Alpha158_csi300_custom_step0_s_20260525_18,ac7b67eb988e435aa60c0d25d19a589f,0.07,,,
4712,2026-05-25,SH600161,-0.022664340124193466,EXP_LGBModel_Alpha158_csi300_custom_step0_s_20260525_18,ac7b67eb988e435aa60c0d25d19a589f,0.07,,,
4713,2026-05-25,SH600160,-0.004847941720760286,EXP_LGBModel_Alpha158_csi300_custom_step0_s_20260525_18,ac7b67eb988e435aa60c0d25d19a589f,0.07,,,
4714,2026-05-25,SH600150,0.09614499458740595,EXP_LGBModel_Alpha158_csi300_custom_step0_s_20260525_18,ac7b67eb988e435aa60c0d25d19a589f,0.07,,,
4715,2026-05-25,SH600115,0.0009842602121021907,EXP_LGBModel_Alpha158_csi300_custom_step0_s_20260525_18,ac7b67eb988e435aa60c0d25d19a589f,0.07,,,
4716,2026-05-25,SH600111,-0.003126112198486353,EXP_LGBModel_Alpha158_csi300_custom_step0_s_20260525_18,ac7b67eb988e435aa60c0d25d19a589f,0.07,,,
4717,2026-05-25,SH600104,-0.01430643240512332,EXP_LGBModel_Alpha158_csi300_custom_step0_s_20260525_18,ac7b67eb988e435aa60c0d25d19a589f,0.07,,,
4718,2026-05-25,SH600089,-0.01578974784489495,EXP_LGBModel_Alpha158_csi300_custom_step0_s_20260525_18,ac7b67eb988e435aa60c0d25d19a589f,0.07,,,
4719,2026-05-25,SH600085,-0.011656811058031067,EXP_LGBModel_Alpha158_csi300_custom_step0_s_20260525_18,ac7b67eb988e435aa60c0d25d19a589f,0.07,,,
4720,2026-05-25,SH600066,0.011500507152829973,EXP_LGBModel_Alpha158_csi300_custom_step0_s_20260525_18,ac7b67eb988e435aa60c0d25d19a589f,0.07,,,
4721,2026-05-25,SH600061,-0.007951277991092612,EXP_LGBModel_Alpha158_csi300_custom_step0_s_20260525_18,ac7b67eb988e435aa60c0d25d19a589f,0.07,,,
4722,2026-05-25,SH600048,0.007136532287375659,EXP_LGBModel_Alpha158_csi300_custom_step0_s_20260525_18,ac7b67eb988e435aa60c0d25d19a589f,0.07,,,
4723,2026-05-25,SH600905,0.001164631634073766,EXP_LGBModel_Alpha158_csi300_custom_step0_s_20260525_18,ac7b67eb988e435aa60c0d25d19a589f,0.07,,,
4724,2026-05-25,SH600918,-0.011179619559212121,EXP_LGBModel_Alpha158_csi300_custom_step0_s_20260525_18,ac7b67eb988e435aa60c0d25d19a589f,0.07,,,
4725,2026-05-25,SH600919,0.0032062921420667532,EXP_LGBModel_Alpha158_csi300_custom_step0_s_20260525_18,ac7b67eb988e435aa60c0d25d19a589f,0.07,,,
4726,2026-05-25,SH601689,0.10319144867154421,EXP_LGBModel_Alpha158_csi300_custom_step0_s_20260525_18,ac7b67eb988e435aa60c0d25d19a589f,0.07,,,
4727,2026-05-25,SH601688,-0.0022004124428778174,EXP_LGBModel_Alpha158_csi300_custom_step0_s_20260525_18,ac7b67eb988e435aa60c0d25d19a589f,0.07,,,
4728,2026-05-25,SH601669,-0.002076993267220826,EXP_LGBModel_Alpha158_csi300_custom_step0_s_20260525_18,ac7b67eb988e435aa60c0d25d19a589f,0.07,,,
4729,2026-05-25,SH601668,-0.019679451255882146,EXP_LGBModel_Alpha158_csi300_custom_step0_s_20260525_18,ac7b67eb988e435aa60c0d25d19a589f,0.07,,,
4730,2026-05-25,SH601658,-0.012190554823050927,EXP_LGBModel_Alpha158_csi300_custom_step0_s_20260525_18,ac7b67eb988e435aa60c0d25d19a589f,0.07,,,
4731,2026-05-25,SH601633,0.002588331528496122,EXP_LGBModel_Alpha158_csi300_custom_step0_s_20260525_18,ac7b67eb988e435aa60c0d25d19a589f,0.07,,,
4732,2026-05-25,SH601628,-0.0024830740331684645,EXP_LGBModel_Alpha158_csi300_custom_step0_s_20260525_18,ac7b67eb988e435aa60c0d25d19a589f,0.07,,,
4733,2026-05-25,SH601618,-0.0036881793901128645,EXP_LGBModel_Alpha158_csi300_custom_step0_s_20260525_18,ac7b67eb988e435aa60c0d25d19a589f,0.07,,,
4734,2026-05-25,SH601607,-0.02471335090073188,EXP_LGBModel_Alpha158_csi300_custom_step0_s_20260525_18,ac7b67eb988e435aa60c0d25d19a589f,0.07,,,
4735,2026-05-25,SH601601,-0.007057157284575868,EXP_LGBModel_Alpha158_csi300_custom_step0_s_20260525_18,ac7b67eb988e435aa60c0d25d19a589f,0.07,,,
4736,2026-05-25,SH601600,-0.01188066590550518,EXP_LGBModel_Alpha158_csi300_custom_step0_s_20260525_18,ac7b67eb988e435aa60c0d25d19a589f,0.07,,,
4737,2026-05-25,SH601456,-0.028527219644593,EXP_LGBModel_Alpha158_csi300_custom_step0_s_20260525_18,ac7b67eb988e435aa60c0d25d19a589f,0.07,,,
4738,2026-05-25,SH601398,-0.015330679652254495,EXP_LGBModel_Alpha158_csi300_custom_step0_s_20260525_18,ac7b67eb988e435aa60c0d25d19a589f,0.07,,,
4739,2026-05-25,SH601390,-0.0005514448302291246,EXP_LGBModel_Alpha158_csi300_custom_step0_s_20260525_18,ac7b67eb988e435aa60c0d25d19a589f,0.07,,,
4740,2026-05-25,SH601377,-0.014089203291135067,EXP_LGBModel_Alpha158_csi300_custom_step0_s_20260525_18,ac7b67eb988e435aa60c0d25d19a589f,0.07,,,
4741,2026-05-25,SH601698,-0.012149080494076404,EXP_LGBModel_Alpha158_csi300_custom_step0_s_20260525_18,ac7b67eb988e435aa60c0d25d19a589f,0.07,,,
4742,2026-05-25,SH601360,0.0016438039417019774,EXP_LGBModel_Alpha158_csi300_custom_step0_s_20260525_18,ac7b67eb988e435aa60c0d25d19a589f,0.07,,,
4743,2026-05-25,SH601728,-0.002442116086173143,EXP_LGBModel_Alpha158_csi300_custom_step0_s_20260525_18,ac7b67eb988e435aa60c0d25d19a589f,0.07,,,
4744,2026-05-25,SH601788,-0.017471810949494192,EXP_LGBModel_Alpha158_csi300_custom_step0_s_20260525_18,ac7b67eb988e435aa60c0d25d19a589f,0.07,,,
4745,2026-05-25,SH601899,-0.008133177508124183,EXP_LGBModel_Alpha158_csi300_custom_step0_s_20260525_18,ac7b67eb988e435aa60c0d25d19a589f,0.07,,,
4746,2026-05-25,SH601898,0.01357449618277525,EXP_LGBModel_Alpha158_csi300_custom_step0_s_20260525_18,ac7b67eb988e435aa60c0d25d19a589f,0.07,,,
4747,2026-05-25,SH601888,0.009578864670864313,EXP_LGBModel_Alpha158_csi300_custom_step0_s_20260525_18,ac7b67eb988e435aa60c0d25d19a589f,0.07,,,
4748,2026-05-25,SH601881,-0.011526951813205785,EXP_LGBModel_Alpha158_csi300_custom_step0_s_20260525_18,ac7b67eb988e435aa60c0d25d19a589f,0.07,,,
4749,2026-05-25,SH601878,-0.0029320614534215183,EXP_LGBModel_Alpha158_csi300_custom_step0_s_20260525_18,ac7b67eb988e435aa60c0d25d19a589f,0.07,,,
4750,2026-05-25,SH601877,0.01081521217196123,EXP_LGBModel_Alpha158_csi300_custom_step0_s_20260525_18,ac7b67eb988e435aa60c0d25d19a589f,0.07,,,
4751,2026-05-25,SH601872,0.011685541365333335,EXP_LGBModel_Alpha158_csi300_custom_step0_s_20260525_18,ac7b67eb988e435aa60c0d25d19a589f,0.07,,,
4752,2026-05-25,SH601868,-0.002417369109788038,EXP_LGBModel_Alpha158_csi300_custom_step0_s_20260525_18,ac7b67eb988e435aa60c0d25d19a589f,0.07,,,
4753,2026-05-25,SH601857,-1.8635784752597674e-06,EXP_LGBModel_Alpha158_csi300_custom_step0_s_20260525_18,ac7b67eb988e435aa60c0d25d19a589f,0.07,,,
4754,2026-05-25,SH601838,-0.018471824895061044,EXP_LGBModel_Alpha158_csi300_custom_step0_s_20260525_18,ac7b67eb988e435aa60c0d25d19a589f,0.07,,,
4755,2026-05-25,SH601825,-0.01907555391943689,EXP_LGBModel_Alpha158_csi300_custom_step0_s_20260525_18,ac7b67eb988e435aa60c0d25d19a589f,0.07,,,
4756,2026-05-25,SH601818,-0.009146370127812118,EXP_LGBModel_Alpha158_csi300_custom_step0_s_20260525_18,ac7b67eb988e435aa60c0d25d19a589f,0.07,,,
4757,2026-05-25,SH601816,-0.02298157926447761,EXP_LGBModel_Alpha158_csi300_custom_step0_s_20260525_18,ac7b67eb988e435aa60c0d25d19a589f,0.07,,,
4758,2026-05-25,SH601808,0.0008626342657196182,EXP_LGBModel_Alpha158_csi300_custom_step0_s_20260525_18,ac7b67eb988e435aa60c0d25d19a589f,0.07,,,
4759,2026-05-25,SH601800,0.002588331528496122,EXP_LGBModel_Alpha158_csi300_custom_step0_s_20260525_18,ac7b67eb988e435aa60c0d25d19a589f,0.07,,,
4760,2026-05-25,SH601766,-0.03131481405700999,EXP_LGBModel_Alpha158_csi300_custom_step0_s_20260525_18,ac7b67eb988e435aa60c0d25d19a589f,0.07,,,
4761,2026-05-25,SZ301269,-0.9757446050643921,EXP_XGBModel_Alpha158_csi300_custom_step0_s_20260525_15,68bf6f20127942a79e4b58a718e5e6e2,0.076,,,
4762,2026-05-25,SH601336,-0.005481767084800838,EXP_LGBModel_Alpha158_csi300_custom_step0_s_20260525_18,ac7b67eb988e435aa60c0d25d19a589f,0.07,,,
4763,2026-05-25,SH601319,-0.00989766143131922,EXP_LGBModel_Alpha158_csi300_custom_step0_s_20260525_18,ac7b67eb988e435aa60c0d25d19a589f,0.07,,,
4764,2026-05-25,SH601066,0.01965360984555587,EXP_LGBModel_Alpha158_csi300_custom_step0_s_20260525_18,ac7b67eb988e435aa60c0d25d19a589f,0.07,,,
4765,2026-05-25,SH601059,0.005372753768557983,EXP_LGBModel_Alpha158_csi300_custom_step0_s_20260525_18,ac7b67eb988e435aa60c0d25d19a589f,0.07,,,
4766,2026-05-25,SH601058,0.0028338941766537524,EXP_LGBModel_Alpha158_csi300_custom_step0_s_20260525_18,ac7b67eb988e435aa60c0d25d19a589f,0.07,,,
4767,2026-05-25,SH601021,-0.0044995813002303535,EXP_LGBModel_Alpha158_csi300_custom_step0_s_20260525_18,ac7b67eb988e435aa60c0d25d19a589f,0.07,,,
4768,2026-05-25,SH601018,-0.030275754380290502,EXP_LGBModel_Alpha158_csi300_custom_step0_s_20260525_18,ac7b67eb988e435aa60c0d25d19a589f,0.07,,,
4769,2026-05-25,SH601012,-0.000958789586600873,EXP_LGBModel_Alpha158_csi300_custom_step0_s_20260525_18,ac7b67eb988e435aa60c0d25d19a589f,0.07,,,
4770,2026-05-25,SH601009,-0.015224357253879332,EXP_LGBModel_Alpha158_csi300_custom_step0_s_20260525_18,ac7b67eb988e435aa60c0d25d19a589f,0.07,,,
4771,2026-05-25,SH601006,-0.01606770772545462,EXP_LGBModel_Alpha158_csi300_custom_step0_s_20260525_18,ac7b67eb988e435aa60c0d25d19a589f,0.07,,,
4772,2026-05-25,SH600999,0.0017494822836270512,EXP_LGBModel_Alpha158_csi300_custom_step0_s_20260525_18,ac7b67eb988e435aa60c0d25d19a589f,0.07,,,
4773,2026-05-25,SH600989,0.006622416653497554,EXP_LGBModel_Alpha158_csi300_custom_step0_s_20260525_18,ac7b67eb988e435aa60c0d25d19a589f,0.07,,,
4774,2026-05-25,SH600958,0.005600783208547531,EXP_LGBModel_Alpha158_csi300_custom_step0_s_20260525_18,ac7b67eb988e435aa60c0d25d19a589f,0.07,,,
4775,2026-05-25,SH600941,-0.001956715440632555,EXP_LGBModel_Alpha158_csi300_custom_step0_s_20260525_18,ac7b67eb988e435aa60c0d25d19a589f,0.07,,,
4776,2026-05-25,SH600938,-0.004006759835907929,EXP_LGBModel_Alpha158_csi300_custom_step0_s_20260525_18,ac7b67eb988e435aa60c0d25d19a589f,0.07,,,
4777,2026-05-25,SH600930,0.018406932099591874,EXP_LGBModel_Alpha158_csi300_custom_step0_s_20260525_18,ac7b67eb988e435aa60c0d25d19a589f,0.07,,,
4778,2026-05-25,SH600926,-0.01427856465564502,EXP_LGBModel_Alpha158_csi300_custom_step0_s_20260525_18,ac7b67eb988e435aa60c0d25d19a589f,0.07,,,
4779,2026-05-25,SH601077,-0.020995562915344598,EXP_LGBModel_Alpha158_csi300_custom_step0_s_20260525_18,ac7b67eb988e435aa60c0d25d19a589f,0.07,,,
4780,2026-05-25,SH601328,-0.028527219644593,EXP_LGBModel_Alpha158_csi300_custom_step0_s_20260525_18,ac7b67eb988e435aa60c0d25d19a589f,0.07,,,
4781,2026-05-25,SH601088,-0.0037085143401814286,EXP_LGBModel_Alpha158_csi300_custom_step0_s_20260525_18,ac7b67eb988e435aa60c0d25d19a589f,0.07,,,
4782,2026-05-25,SH601111,0.004811594091493671,EXP_LGBModel_Alpha158_csi300_custom_step0_s_20260525_18,ac7b67eb988e435aa60c0d25d19a589f,0.07,,,
4783,2026-05-25,SH601318,-0.011306247805179637,EXP_LGBModel_Alpha158_csi300_custom_step0_s_20260525_18,ac7b67eb988e435aa60c0d25d19a589f,0.07,,,
4784,2026-05-25,SH601298,-0.011817179217052413,EXP_LGBModel_Alpha158_csi300_custom_step0_s_20260525_18,ac7b67eb988e435aa60c0d25d19a589f,0.07,,,
4785,2026-05-25,SH601288,-0.015330679652254495,EXP_LGBModel_Alpha158_csi300_custom_step0_s_20260525_18,ac7b67eb988e435aa60c0d25d19a589f,0.07,,,
4786,2026-05-25,SH601238,-0.01079917093094833,EXP_LGBModel_Alpha158_csi300_custom_step0_s_20260525_18,ac7b67eb988e435aa60c0d25d19a589f,0.07,,,
4787,2026-05-25,SH601236,-0.010129470596008928,EXP_LGBModel_Alpha158_csi300_custom_step0_s_20260525_18,ac7b67eb988e435aa60c0d25d19a589f,0.07,,,
4788,2026-05-25,SH601229,-0.0168326973520517,EXP_LGBModel_Alpha158_csi300_custom_step0_s_20260525_18,ac7b67eb988e435aa60c0d25d19a589f,0.07,,,
4789,2026-05-25,SH601225,-0.012686947627199116,EXP_LGBModel_Alpha158_csi300_custom_step0_s_20260525_18,ac7b67eb988e435aa60c0d25d19a589f,0.07,,,
4790,2026-05-25,SH601211,-0.01263412125154832,EXP_LGBModel_Alpha158_csi300_custom_step0_s_20260525_18,ac7b67eb988e435aa60c0d25d19a589f,0.07,,,
4791,2026-05-25,SH601186,-0.019871743279840426,EXP_LGBModel_Alpha158_csi300_custom_step0_s_20260525_18,ac7b67eb988e435aa60c0d25d19a589f,0.07,,,
4792,2026-05-25,SH601169,-0.039938766837215374,EXP_LGBModel_Alpha158_csi300_custom_step0_s_20260525_18,ac7b67eb988e435aa60c0d25d19a589f,0.07,,,
4793,2026-05-25,SH601166,-0.026445309221167095,EXP_LGBModel_Alpha158_csi300_custom_step0_s_20260525_18,ac7b67eb988e435aa60c0d25d19a589f,0.07,,,
4794,2026-05-25,SH601138,0.04611309820629681,EXP_LGBModel_Alpha158_csi300_custom_step0_s_20260525_18,ac7b67eb988e435aa60c0d25d19a589f,0.07,,,
4795,2026-05-25,SH601136,-0.002746294693908663,EXP_LGBModel_Alpha158_csi300_custom_step0_s_20260525_18,ac7b67eb988e435aa60c0d25d19a589f,0.07,,,
4796,2026-05-25,SH601127,-0.02418282037922277,EXP_LGBModel_Alpha158_csi300_custom_step0_s_20260525_18,ac7b67eb988e435aa60c0d25d19a589f,0.07,,,
4797,2026-05-25,SH601117,-0.012432109791511282,EXP_LGBModel_Alpha158_csi300_custom_step0_s_20260525_18,ac7b67eb988e435aa60c0d25d19a589f,0.07,,,
4798,2026-05-25,SH601100,0.0054258398469384,EXP_LGBModel_Alpha158_csi300_custom_step0_s_20260525_18,ac7b67eb988e435aa60c0d25d19a589f,0.07,,,
4799,2026-05-25,SZ302132,-0.056083694100379944,EXP_XGBModel_Alpha158_csi300_custom_step0_s_20260525_15,68bf6f20127942a79e4b58a718e5e6e2,0.076,,,
