,datetime,instrument,score,exp_name,rid,weight,real_label,error,abs_error
0,2026-05-19,SH600000,-0.00015935669501669126,EXP_CatBoostModel_Alpha158_csi300_custom_step0_s_20260519_18,0035978bbdc44a738dd0774360e2af7b,0.043,,,
1,2026-05-19,SH601225,0.06021367013454437,EXP_LinearModel_Alpha158_csi300_custom_step0_s_20260519_15,ee7e8fbaf0974ef8937330ed5351e2be,0.083,,,
2,2026-05-19,SH601211,-0.08889440447092056,EXP_LinearModel_Alpha158_csi300_custom_step0_s_20260519_15,ee7e8fbaf0974ef8937330ed5351e2be,0.083,,,
3,2026-05-19,SH601186,0.032548483461141586,EXP_LinearModel_Alpha158_csi300_custom_step0_s_20260519_15,ee7e8fbaf0974ef8937330ed5351e2be,0.083,,,
4,2026-05-19,SH601169,0.028983747586607933,EXP_LinearModel_Alpha158_csi300_custom_step0_s_20260519_15,ee7e8fbaf0974ef8937330ed5351e2be,0.083,,,
5,2026-05-19,SH601166,-0.04814999923110008,EXP_LinearModel_Alpha158_csi300_custom_step0_s_20260519_15,ee7e8fbaf0974ef8937330ed5351e2be,0.083,,,
6,2026-05-19,SH601138,-0.0728592574596405,EXP_LinearModel_Alpha158_csi300_custom_step0_s_20260519_15,ee7e8fbaf0974ef8937330ed5351e2be,0.083,,,
7,2026-05-19,SH601136,-0.07013654708862305,EXP_LinearModel_Alpha158_csi300_custom_step0_s_20260519_15,ee7e8fbaf0974ef8937330ed5351e2be,0.083,,,
8,2026-05-19,SH601127,-0.056907813996076584,EXP_LinearModel_Alpha158_csi300_custom_step0_s_20260519_15,ee7e8fbaf0974ef8937330ed5351e2be,0.083,,,
9,2026-05-19,SH601117,-0.05133103206753731,EXP_LinearModel_Alpha158_csi300_custom_step0_s_20260519_15,ee7e8fbaf0974ef8937330ed5351e2be,0.083,,,
10,2026-05-19,SH601111,-0.09319835156202316,EXP_LinearModel_Alpha158_csi300_custom_step0_s_20260519_15,ee7e8fbaf0974ef8937330ed5351e2be,0.083,,,
11,2026-05-19,SH601100,-0.01429235003888607,EXP_LinearModel_Alpha158_csi300_custom_step0_s_20260519_15,ee7e8fbaf0974ef8937330ed5351e2be,0.083,,,
12,2026-05-19,SH601088,0.04574998468160629,EXP_LinearModel_Alpha158_csi300_custom_step0_s_20260519_15,ee7e8fbaf0974ef8937330ed5351e2be,0.083,,,
13,2026-05-19,SH601077,-0.09568825364112854,EXP_LinearModel_Alpha158_csi300_custom_step0_s_20260519_15,ee7e8fbaf0974ef8937330ed5351e2be,0.083,,,
14,2026-05-19,SH601066,-0.09198927879333496,EXP_LinearModel_Alpha158_csi300_custom_step0_s_20260519_15,ee7e8fbaf0974ef8937330ed5351e2be,0.083,,,
15,2026-05-19,SH601059,0.06292717158794403,EXP_LinearModel_Alpha158_csi300_custom_step0_s_20260519_15,ee7e8fbaf0974ef8937330ed5351e2be,0.083,,,
16,2026-05-19,SH601229,-0.05148926004767418,EXP_LinearModel_Alpha158_csi300_custom_step0_s_20260519_15,ee7e8fbaf0974ef8937330ed5351e2be,0.083,,,
17,2026-05-19,SH601236,-0.06483637541532516,EXP_LinearModel_Alpha158_csi300_custom_step0_s_20260519_15,ee7e8fbaf0974ef8937330ed5351e2be,0.083,,,
18,2026-05-19,SH601238,-0.036347921937704086,EXP_LinearModel_Alpha158_csi300_custom_step0_s_20260519_15,ee7e8fbaf0974ef8937330ed5351e2be,0.083,,,
19,2026-05-19,SH601288,-0.008227026090025902,EXP_LinearModel_Alpha158_csi300_custom_step0_s_20260519_15,ee7e8fbaf0974ef8937330ed5351e2be,0.083,,,
20,2026-05-19,SH601633,-0.04339086636900902,EXP_LinearModel_Alpha158_csi300_custom_step0_s_20260519_15,ee7e8fbaf0974ef8937330ed5351e2be,0.083,,,
21,2026-05-19,SH601628,-0.1029709205031395,EXP_LinearModel_Alpha158_csi300_custom_step0_s_20260519_15,ee7e8fbaf0974ef8937330ed5351e2be,0.083,,,
22,2026-05-19,SH601618,0.09763665497303009,EXP_LinearModel_Alpha158_csi300_custom_step0_s_20260519_15,ee7e8fbaf0974ef8937330ed5351e2be,0.083,,,
23,2026-05-19,SH601607,-0.01562553271651268,EXP_LinearModel_Alpha158_csi300_custom_step0_s_20260519_15,ee7e8fbaf0974ef8937330ed5351e2be,0.083,,,
24,2026-05-19,SH601601,-0.03151915967464447,EXP_LinearModel_Alpha158_csi300_custom_step0_s_20260519_15,ee7e8fbaf0974ef8937330ed5351e2be,0.083,,,
25,2026-05-19,SH601600,-0.04762660339474678,EXP_LinearModel_Alpha158_csi300_custom_step0_s_20260519_15,ee7e8fbaf0974ef8937330ed5351e2be,0.083,,,
26,2026-05-19,SH601456,-0.029649052768945694,EXP_LinearModel_Alpha158_csi300_custom_step0_s_20260519_15,ee7e8fbaf0974ef8937330ed5351e2be,0.083,,,
27,2026-05-19,SH601058,-0.0853915736079216,EXP_LinearModel_Alpha158_csi300_custom_step0_s_20260519_15,ee7e8fbaf0974ef8937330ed5351e2be,0.083,,,
28,2026-05-19,SH601398,0.014813482761383057,EXP_LinearModel_Alpha158_csi300_custom_step0_s_20260519_15,ee7e8fbaf0974ef8937330ed5351e2be,0.083,,,
29,2026-05-19,SH601377,-0.06592197716236115,EXP_LinearModel_Alpha158_csi300_custom_step0_s_20260519_15,ee7e8fbaf0974ef8937330ed5351e2be,0.083,,,
30,2026-05-19,SH601360,-0.09945394098758698,EXP_LinearModel_Alpha158_csi300_custom_step0_s_20260519_15,ee7e8fbaf0974ef8937330ed5351e2be,0.083,,,
31,2026-05-19,SH601336,-0.08621668815612793,EXP_LinearModel_Alpha158_csi300_custom_step0_s_20260519_15,ee7e8fbaf0974ef8937330ed5351e2be,0.083,,,
32,2026-05-19,SH601328,-0.011893265880644321,EXP_LinearModel_Alpha158_csi300_custom_step0_s_20260519_15,ee7e8fbaf0974ef8937330ed5351e2be,0.083,,,
33,2026-05-19,SH601319,0.012494822964072227,EXP_LinearModel_Alpha158_csi300_custom_step0_s_20260519_15,ee7e8fbaf0974ef8937330ed5351e2be,0.083,,,
34,2026-05-19,SH601318,-0.04485755413770676,EXP_LinearModel_Alpha158_csi300_custom_step0_s_20260519_15,ee7e8fbaf0974ef8937330ed5351e2be,0.083,,,
35,2026-05-19,SH601298,0.03485707566142082,EXP_LinearModel_Alpha158_csi300_custom_step0_s_20260519_15,ee7e8fbaf0974ef8937330ed5351e2be,0.083,,,
36,2026-05-19,SH601390,0.07221251726150513,EXP_LinearModel_Alpha158_csi300_custom_step0_s_20260519_15,ee7e8fbaf0974ef8937330ed5351e2be,0.083,,,
37,2026-05-19,SH601021,-0.05980784073472023,EXP_LinearModel_Alpha158_csi300_custom_step0_s_20260519_15,ee7e8fbaf0974ef8937330ed5351e2be,0.083,,,
38,2026-05-19,SH601018,0.05383656173944473,EXP_LinearModel_Alpha158_csi300_custom_step0_s_20260519_15,ee7e8fbaf0974ef8937330ed5351e2be,0.083,,,
39,2026-05-19,SH601012,-0.00896428432315588,EXP_LinearModel_Alpha158_csi300_custom_step0_s_20260519_15,ee7e8fbaf0974ef8937330ed5351e2be,0.083,,,
40,2026-05-19,SH600795,0.08048801124095917,EXP_LinearModel_Alpha158_csi300_custom_step0_s_20260519_15,ee7e8fbaf0974ef8937330ed5351e2be,0.083,,,
41,2026-05-19,SH600760,-0.07188557088375092,EXP_LinearModel_Alpha158_csi300_custom_step0_s_20260519_15,ee7e8fbaf0974ef8937330ed5351e2be,0.083,,,
42,2026-05-19,SH600741,-0.05985686928033829,EXP_LinearModel_Alpha158_csi300_custom_step0_s_20260519_15,ee7e8fbaf0974ef8937330ed5351e2be,0.083,,,
43,2026-05-19,SH600690,-0.02425740659236908,EXP_LinearModel_Alpha158_csi300_custom_step0_s_20260519_15,ee7e8fbaf0974ef8937330ed5351e2be,0.083,,,
44,2026-05-19,SH600674,0.06957463175058365,EXP_LinearModel_Alpha158_csi300_custom_step0_s_20260519_15,ee7e8fbaf0974ef8937330ed5351e2be,0.083,,,
45,2026-05-19,SH600660,-0.050610072910785675,EXP_LinearModel_Alpha158_csi300_custom_step0_s_20260519_15,ee7e8fbaf0974ef8937330ed5351e2be,0.083,,,
46,2026-05-19,SH600600,-0.01801939681172371,EXP_LinearModel_Alpha158_csi300_custom_step0_s_20260519_15,ee7e8fbaf0974ef8937330ed5351e2be,0.083,,,
47,2026-05-19,SH600803,0.09383243322372437,EXP_LinearModel_Alpha158_csi300_custom_step0_s_20260519_15,ee7e8fbaf0974ef8937330ed5351e2be,0.083,,,
48,2026-05-19,SH600588,-0.061210960149765015,EXP_LinearModel_Alpha158_csi300_custom_step0_s_20260519_15,ee7e8fbaf0974ef8937330ed5351e2be,0.083,,,
49,2026-05-19,SH600584,0.022257855162024498,EXP_LinearModel_Alpha158_csi300_custom_step0_s_20260519_15,ee7e8fbaf0974ef8937330ed5351e2be,0.083,,,
50,2026-05-19,SH600570,-0.1054372787475586,EXP_LinearModel_Alpha158_csi300_custom_step0_s_20260519_15,ee7e8fbaf0974ef8937330ed5351e2be,0.083,,,
51,2026-05-19,SH600547,-0.021875422447919846,EXP_LinearModel_Alpha158_csi300_custom_step0_s_20260519_15,ee7e8fbaf0974ef8937330ed5351e2be,0.083,,,
52,2026-05-19,SH600522,0.005937617272138596,EXP_LinearModel_Alpha158_csi300_custom_step0_s_20260519_15,ee7e8fbaf0974ef8937330ed5351e2be,0.083,,,
53,2026-05-19,SH600519,-0.06427498161792755,EXP_LinearModel_Alpha158_csi300_custom_step0_s_20260519_15,ee7e8fbaf0974ef8937330ed5351e2be,0.083,,,
54,2026-05-19,SH600515,-0.047332264482975006,EXP_LinearModel_Alpha158_csi300_custom_step0_s_20260519_15,ee7e8fbaf0974ef8937330ed5351e2be,0.083,,,
55,2026-05-19,SH600489,-0.03750834986567497,EXP_LinearModel_Alpha158_csi300_custom_step0_s_20260519_15,ee7e8fbaf0974ef8937330ed5351e2be,0.083,,,
56,2026-05-19,SH600585,-0.07134978473186493,EXP_LinearModel_Alpha158_csi300_custom_step0_s_20260519_15,ee7e8fbaf0974ef8937330ed5351e2be,0.083,,,
57,2026-05-19,SH601658,-0.03809379041194916,EXP_LinearModel_Alpha158_csi300_custom_step0_s_20260519_15,ee7e8fbaf0974ef8937330ed5351e2be,0.083,,,
58,2026-05-19,SH600809,-0.06583673506975174,EXP_LinearModel_Alpha158_csi300_custom_step0_s_20260519_15,ee7e8fbaf0974ef8937330ed5351e2be,0.083,,,
59,2026-05-19,SH600875,-0.01484281662851572,EXP_LinearModel_Alpha158_csi300_custom_step0_s_20260519_15,ee7e8fbaf0974ef8937330ed5351e2be,0.083,,,
60,2026-05-19,SH601009,-0.06303666532039642,EXP_LinearModel_Alpha158_csi300_custom_step0_s_20260519_15,ee7e8fbaf0974ef8937330ed5351e2be,0.083,,,
61,2026-05-19,SH601006,0.08253815025091171,EXP_LinearModel_Alpha158_csi300_custom_step0_s_20260519_15,ee7e8fbaf0974ef8937330ed5351e2be,0.083,,,
62,2026-05-19,SH600999,0.07110927253961563,EXP_LinearModel_Alpha158_csi300_custom_step0_s_20260519_15,ee7e8fbaf0974ef8937330ed5351e2be,0.083,,,
63,2026-05-19,SH600989,0.009024394676089287,EXP_LinearModel_Alpha158_csi300_custom_step0_s_20260519_15,ee7e8fbaf0974ef8937330ed5351e2be,0.083,,,
64,2026-05-19,SH600958,,EXP_LinearModel_Alpha158_csi300_custom_step0_s_20260519_15,ee7e8fbaf0974ef8937330ed5351e2be,0.083,,,
65,2026-05-19,SH600941,0.032276663929224014,EXP_LinearModel_Alpha158_csi300_custom_step0_s_20260519_15,ee7e8fbaf0974ef8937330ed5351e2be,0.083,,,
66,2026-05-19,SH600938,0.07428667694330215,EXP_LinearModel_Alpha158_csi300_custom_step0_s_20260519_15,ee7e8fbaf0974ef8937330ed5351e2be,0.083,,,
67,2026-05-19,SH600845,0.026467889547348022,EXP_LinearModel_Alpha158_csi300_custom_step0_s_20260519_15,ee7e8fbaf0974ef8937330ed5351e2be,0.083,,,
68,2026-05-19,SH600930,-0.006115684285759926,EXP_LinearModel_Alpha158_csi300_custom_step0_s_20260519_15,ee7e8fbaf0974ef8937330ed5351e2be,0.083,,,
69,2026-05-19,SH600919,0.03653925657272339,EXP_LinearModel_Alpha158_csi300_custom_step0_s_20260519_15,ee7e8fbaf0974ef8937330ed5351e2be,0.083,,,
70,2026-05-19,SH600918,-0.0657203420996666,EXP_LinearModel_Alpha158_csi300_custom_step0_s_20260519_15,ee7e8fbaf0974ef8937330ed5351e2be,0.083,,,
71,2026-05-19,SH600905,-0.007375647313892841,EXP_LinearModel_Alpha158_csi300_custom_step0_s_20260519_15,ee7e8fbaf0974ef8937330ed5351e2be,0.083,,,
72,2026-05-19,SH600900,0.08166314661502838,EXP_LinearModel_Alpha158_csi300_custom_step0_s_20260519_15,ee7e8fbaf0974ef8937330ed5351e2be,0.083,,,
73,2026-05-19,SH600893,-0.04431850463151932,EXP_LinearModel_Alpha158_csi300_custom_step0_s_20260519_15,ee7e8fbaf0974ef8937330ed5351e2be,0.083,,,
74,2026-05-19,SH600887,0.06724720448255539,EXP_LinearModel_Alpha158_csi300_custom_step0_s_20260519_15,ee7e8fbaf0974ef8937330ed5351e2be,0.083,,,
75,2026-05-19,SH600886,0.0595330148935318,EXP_LinearModel_Alpha158_csi300_custom_step0_s_20260519_15,ee7e8fbaf0974ef8937330ed5351e2be,0.083,,,
76,2026-05-19,SH600926,-0.05544770136475563,EXP_LinearModel_Alpha158_csi300_custom_step0_s_20260519_15,ee7e8fbaf0974ef8937330ed5351e2be,0.083,,,
77,2026-05-19,SH601668,0.09486472606658936,EXP_LinearModel_Alpha158_csi300_custom_step0_s_20260519_15,ee7e8fbaf0974ef8937330ed5351e2be,0.083,,,
78,2026-05-19,SH601669,-0.02779417112469673,EXP_LinearModel_Alpha158_csi300_custom_step0_s_20260519_15,ee7e8fbaf0974ef8937330ed5351e2be,0.083,,,
79,2026-05-19,SH601688,-0.0638972669839859,EXP_LinearModel_Alpha158_csi300_custom_step0_s_20260519_15,ee7e8fbaf0974ef8937330ed5351e2be,0.083,,,
80,2026-05-19,SH688256,-0.022662797942757607,EXP_LinearModel_Alpha158_csi300_custom_step0_s_20260519_15,ee7e8fbaf0974ef8937330ed5351e2be,0.083,,,
81,2026-05-19,SH688223,-0.08331459015607834,EXP_LinearModel_Alpha158_csi300_custom_step0_s_20260519_15,ee7e8fbaf0974ef8937330ed5351e2be,0.083,,,
82,2026-05-19,SH688187,-0.09246108680963516,EXP_LinearModel_Alpha158_csi300_custom_step0_s_20260519_15,ee7e8fbaf0974ef8937330ed5351e2be,0.083,,,
83,2026-05-19,SH688169,-0.11143652349710464,EXP_LinearModel_Alpha158_csi300_custom_step0_s_20260519_15,ee7e8fbaf0974ef8937330ed5351e2be,0.083,,,
84,2026-05-19,SH688126,0.10639321804046631,EXP_LinearModel_Alpha158_csi300_custom_step0_s_20260519_15,ee7e8fbaf0974ef8937330ed5351e2be,0.083,,,
85,2026-05-19,SH688111,-0.09296587854623795,EXP_LinearModel_Alpha158_csi300_custom_step0_s_20260519_15,ee7e8fbaf0974ef8937330ed5351e2be,0.083,,,
86,2026-05-19,SH688082,-0.04375024884939194,EXP_LinearModel_Alpha158_csi300_custom_step0_s_20260519_15,ee7e8fbaf0974ef8937330ed5351e2be,0.083,,,
87,2026-05-19,SH688271,-0.05246720463037491,EXP_LinearModel_Alpha158_csi300_custom_step0_s_20260519_15,ee7e8fbaf0974ef8937330ed5351e2be,0.083,,,
88,2026-05-19,SH688047,-0.03600075840950012,EXP_LinearModel_Alpha158_csi300_custom_step0_s_20260519_15,ee7e8fbaf0974ef8937330ed5351e2be,0.083,,,
89,2026-05-19,SH688036,-0.037636928260326385,EXP_LinearModel_Alpha158_csi300_custom_step0_s_20260519_15,ee7e8fbaf0974ef8937330ed5351e2be,0.083,,,
90,2026-05-19,SH688012,-0.08039100468158722,EXP_LinearModel_Alpha158_csi300_custom_step0_s_20260519_15,ee7e8fbaf0974ef8937330ed5351e2be,0.083,,,
91,2026-05-19,SH688009,-0.01366234477609396,EXP_LinearModel_Alpha158_csi300_custom_step0_s_20260519_15,ee7e8fbaf0974ef8937330ed5351e2be,0.083,,,
92,2026-05-19,SH688008,0.022281832993030548,EXP_LinearModel_Alpha158_csi300_custom_step0_s_20260519_15,ee7e8fbaf0974ef8937330ed5351e2be,0.083,,,
93,2026-05-19,SH605499,-0.07452143728733063,EXP_LinearModel_Alpha158_csi300_custom_step0_s_20260519_15,ee7e8fbaf0974ef8937330ed5351e2be,0.083,,,
94,2026-05-19,SH605117,-0.0486530177295208,EXP_LinearModel_Alpha158_csi300_custom_step0_s_20260519_15,ee7e8fbaf0974ef8937330ed5351e2be,0.083,,,
95,2026-05-19,SH603993,-0.05140111222863197,EXP_LinearModel_Alpha158_csi300_custom_step0_s_20260519_15,ee7e8fbaf0974ef8937330ed5351e2be,0.083,,,
96,2026-05-19,SH688041,0.008284121751785278,EXP_LinearModel_Alpha158_csi300_custom_step0_s_20260519_15,ee7e8fbaf0974ef8937330ed5351e2be,0.083,,,
97,2026-05-19,SH603986,-0.09173379838466644,EXP_LinearModel_Alpha158_csi300_custom_step0_s_20260519_15,ee7e8fbaf0974ef8937330ed5351e2be,0.083,,,
98,2026-05-19,SH688303,-0.1012241467833519,EXP_LinearModel_Alpha158_csi300_custom_step0_s_20260519_15,ee7e8fbaf0974ef8937330ed5351e2be,0.083,,,
99,2026-05-19,SH688472,-0.0009719290537759662,EXP_LinearModel_Alpha158_csi300_custom_step0_s_20260519_15,ee7e8fbaf0974ef8937330ed5351e2be,0.083,,,
100,2026-05-19,SZ000596,-0.05259748548269272,EXP_LinearModel_Alpha158_csi300_custom_step0_s_20260519_15,ee7e8fbaf0974ef8937330ed5351e2be,0.083,,,
101,2026-05-19,SZ000568,-0.06171467900276184,EXP_LinearModel_Alpha158_csi300_custom_step0_s_20260519_15,ee7e8fbaf0974ef8937330ed5351e2be,0.083,,,
102,2026-05-19,SZ000538,-0.06593696027994156,EXP_LinearModel_Alpha158_csi300_custom_step0_s_20260519_15,ee7e8fbaf0974ef8937330ed5351e2be,0.083,,,
103,2026-05-19,SZ000425,-0.026812521740794182,EXP_LinearModel_Alpha158_csi300_custom_step0_s_20260519_15,ee7e8fbaf0974ef8937330ed5351e2be,0.083,,,
104,2026-05-19,SZ000408,-0.08082982897758484,EXP_LinearModel_Alpha158_csi300_custom_step0_s_20260519_15,ee7e8fbaf0974ef8937330ed5351e2be,0.083,,,
105,2026-05-19,SZ000338,0.02197210118174553,EXP_LinearModel_Alpha158_csi300_custom_step0_s_20260519_15,ee7e8fbaf0974ef8937330ed5351e2be,0.083,,,
106,2026-05-19,SZ000333,-0.007695028092712164,EXP_LinearModel_Alpha158_csi300_custom_step0_s_20260519_15,ee7e8fbaf0974ef8937330ed5351e2be,0.083,,,
107,2026-05-19,SH688396,-0.028045807033777237,EXP_LinearModel_Alpha158_csi300_custom_step0_s_20260519_15,ee7e8fbaf0974ef8937330ed5351e2be,0.083,,,
108,2026-05-19,SZ000301,-0.013728981837630272,EXP_LinearModel_Alpha158_csi300_custom_step0_s_20260519_15,ee7e8fbaf0974ef8937330ed5351e2be,0.083,,,
109,2026-05-19,SZ000157,-0.041825998574495316,EXP_LinearModel_Alpha158_csi300_custom_step0_s_20260519_15,ee7e8fbaf0974ef8937330ed5351e2be,0.083,,,
110,2026-05-19,SZ000100,-0.06438732147216797,EXP_LinearModel_Alpha158_csi300_custom_step0_s_20260519_15,ee7e8fbaf0974ef8937330ed5351e2be,0.083,,,
111,2026-05-19,SZ000063,-0.024176213890314102,EXP_LinearModel_Alpha158_csi300_custom_step0_s_20260519_15,ee7e8fbaf0974ef8937330ed5351e2be,0.083,,,
112,2026-05-19,SZ000002,-0.013766909949481487,EXP_LinearModel_Alpha158_csi300_custom_step0_s_20260519_15,ee7e8fbaf0974ef8937330ed5351e2be,0.083,,,
113,2026-05-19,SZ000001,-0.0052451989613473415,EXP_LinearModel_Alpha158_csi300_custom_step0_s_20260519_15,ee7e8fbaf0974ef8937330ed5351e2be,0.083,,,
114,2026-05-19,SH688981,-0.0035726320929825306,EXP_LinearModel_Alpha158_csi300_custom_step0_s_20260519_15,ee7e8fbaf0974ef8937330ed5351e2be,0.083,,,
115,2026-05-19,SH688506,-0.04359133169054985,EXP_LinearModel_Alpha158_csi300_custom_step0_s_20260519_15,ee7e8fbaf0974ef8937330ed5351e2be,0.083,,,
116,2026-05-19,SZ000166,-0.047679752111434937,EXP_LinearModel_Alpha158_csi300_custom_step0_s_20260519_15,ee7e8fbaf0974ef8937330ed5351e2be,0.083,,,
117,2026-05-19,SH600482,-0.08028470724821091,EXP_LinearModel_Alpha158_csi300_custom_step0_s_20260519_15,ee7e8fbaf0974ef8937330ed5351e2be,0.083,,,
118,2026-05-19,SH603893,0.03474593535065651,EXP_LinearModel_Alpha158_csi300_custom_step0_s_20260519_15,ee7e8fbaf0974ef8937330ed5351e2be,0.083,,,
119,2026-05-19,SH603501,-0.010291751474142075,EXP_LinearModel_Alpha158_csi300_custom_step0_s_20260519_15,ee7e8fbaf0974ef8937330ed5351e2be,0.083,,,
120,2026-05-19,SH601878,-0.06462066620588303,EXP_LinearModel_Alpha158_csi300_custom_step0_s_20260519_15,ee7e8fbaf0974ef8937330ed5351e2be,0.083,,,
121,2026-05-19,SH601877,-0.012912053614854813,EXP_LinearModel_Alpha158_csi300_custom_step0_s_20260519_15,ee7e8fbaf0974ef8937330ed5351e2be,0.083,,,
122,2026-05-19,SH601872,-0.022484011948108673,EXP_LinearModel_Alpha158_csi300_custom_step0_s_20260519_15,ee7e8fbaf0974ef8937330ed5351e2be,0.083,,,
123,2026-05-19,SH601868,-0.04036601260304451,EXP_LinearModel_Alpha158_csi300_custom_step0_s_20260519_15,ee7e8fbaf0974ef8937330ed5351e2be,0.083,,,
124,2026-05-19,SH601857,0.03127831593155861,EXP_LinearModel_Alpha158_csi300_custom_step0_s_20260519_15,ee7e8fbaf0974ef8937330ed5351e2be,0.083,,,
125,2026-05-19,SH601838,0.010044058784842491,EXP_LinearModel_Alpha158_csi300_custom_step0_s_20260519_15,ee7e8fbaf0974ef8937330ed5351e2be,0.083,,,
126,2026-05-19,SH601825,0.018422579392790794,EXP_LinearModel_Alpha158_csi300_custom_step0_s_20260519_15,ee7e8fbaf0974ef8937330ed5351e2be,0.083,,,
127,2026-05-19,SH601881,-0.04451677203178406,EXP_LinearModel_Alpha158_csi300_custom_step0_s_20260519_15,ee7e8fbaf0974ef8937330ed5351e2be,0.083,,,
128,2026-05-19,SH601818,0.11837774515151978,EXP_LinearModel_Alpha158_csi300_custom_step0_s_20260519_15,ee7e8fbaf0974ef8937330ed5351e2be,0.083,,,
129,2026-05-19,SH601808,-0.020438749343156815,EXP_LinearModel_Alpha158_csi300_custom_step0_s_20260519_15,ee7e8fbaf0974ef8937330ed5351e2be,0.083,,,
130,2026-05-19,SH601800,-0.04578044265508652,EXP_LinearModel_Alpha158_csi300_custom_step0_s_20260519_15,ee7e8fbaf0974ef8937330ed5351e2be,0.083,,,
131,2026-05-19,SH601788,-0.08624082803726196,EXP_LinearModel_Alpha158_csi300_custom_step0_s_20260519_15,ee7e8fbaf0974ef8937330ed5351e2be,0.083,,,
132,2026-05-19,SH601766,-0.03191090747714043,EXP_LinearModel_Alpha158_csi300_custom_step0_s_20260519_15,ee7e8fbaf0974ef8937330ed5351e2be,0.083,,,
133,2026-05-19,SH601728,0.011413989588618279,EXP_LinearModel_Alpha158_csi300_custom_step0_s_20260519_15,ee7e8fbaf0974ef8937330ed5351e2be,0.083,,,
134,2026-05-19,SH601698,-0.04306967929005623,EXP_LinearModel_Alpha158_csi300_custom_step0_s_20260519_15,ee7e8fbaf0974ef8937330ed5351e2be,0.083,,,
135,2026-05-19,SH601689,-0.033745937049388885,EXP_LinearModel_Alpha158_csi300_custom_step0_s_20260519_15,ee7e8fbaf0974ef8937330ed5351e2be,0.083,,,
136,2026-05-19,SH601816,0.009688718244433403,EXP_LinearModel_Alpha158_csi300_custom_step0_s_20260519_15,ee7e8fbaf0974ef8937330ed5351e2be,0.083,,,
137,2026-05-19,SH603799,-0.07040612399578094,EXP_LinearModel_Alpha158_csi300_custom_step0_s_20260519_15,ee7e8fbaf0974ef8937330ed5351e2be,0.083,,,
138,2026-05-19,SH601888,-0.05096336826682091,EXP_LinearModel_Alpha158_csi300_custom_step0_s_20260519_15,ee7e8fbaf0974ef8937330ed5351e2be,0.083,,,
139,2026-05-19,SH601899,-0.047836460173130035,EXP_LinearModel_Alpha158_csi300_custom_step0_s_20260519_15,ee7e8fbaf0974ef8937330ed5351e2be,0.083,,,
140,2026-05-19,SH603392,-0.08017534017562866,EXP_LinearModel_Alpha158_csi300_custom_step0_s_20260519_15,ee7e8fbaf0974ef8937330ed5351e2be,0.083,,,
141,2026-05-19,SH603369,-0.03802337870001793,EXP_LinearModel_Alpha158_csi300_custom_step0_s_20260519_15,ee7e8fbaf0974ef8937330ed5351e2be,0.083,,,
142,2026-05-19,SH603296,-0.025857999920845032,EXP_LinearModel_Alpha158_csi300_custom_step0_s_20260519_15,ee7e8fbaf0974ef8937330ed5351e2be,0.083,,,
143,2026-05-19,SH603288,-0.07496774941682816,EXP_LinearModel_Alpha158_csi300_custom_step0_s_20260519_15,ee7e8fbaf0974ef8937330ed5351e2be,0.083,,,
144,2026-05-19,SH603260,-0.03767365589737892,EXP_LinearModel_Alpha158_csi300_custom_step0_s_20260519_15,ee7e8fbaf0974ef8937330ed5351e2be,0.083,,,
145,2026-05-19,SH603259,-0.0008174247341230512,EXP_LinearModel_Alpha158_csi300_custom_step0_s_20260519_15,ee7e8fbaf0974ef8937330ed5351e2be,0.083,,,
146,2026-05-19,SH603195,-0.024103328585624695,EXP_LinearModel_Alpha158_csi300_custom_step0_s_20260519_15,ee7e8fbaf0974ef8937330ed5351e2be,0.083,,,
147,2026-05-19,SH601898,0.017236461862921715,EXP_LinearModel_Alpha158_csi300_custom_step0_s_20260519_15,ee7e8fbaf0974ef8937330ed5351e2be,0.083,,,
148,2026-05-19,SH603019,-0.02337873913347721,EXP_LinearModel_Alpha158_csi300_custom_step0_s_20260519_15,ee7e8fbaf0974ef8937330ed5351e2be,0.083,,,
149,2026-05-19,SH601995,0.017018692567944527,EXP_LinearModel_Alpha158_csi300_custom_step0_s_20260519_15,ee7e8fbaf0974ef8937330ed5351e2be,0.083,,,
150,2026-05-19,SH601988,0.054910339415073395,EXP_LinearModel_Alpha158_csi300_custom_step0_s_20260519_15,ee7e8fbaf0974ef8937330ed5351e2be,0.083,,,
151,2026-05-19,SH601985,0.05850779637694359,EXP_LinearModel_Alpha158_csi300_custom_step0_s_20260519_15,ee7e8fbaf0974ef8937330ed5351e2be,0.083,,,
152,2026-05-19,SH601939,0.014792725443840027,EXP_LinearModel_Alpha158_csi300_custom_step0_s_20260519_15,ee7e8fbaf0974ef8937330ed5351e2be,0.083,,,
153,2026-05-19,SH601919,-0.007597633637487888,EXP_LinearModel_Alpha158_csi300_custom_step0_s_20260519_15,ee7e8fbaf0974ef8937330ed5351e2be,0.083,,,
154,2026-05-19,SH601916,0.11014886200428009,EXP_LinearModel_Alpha158_csi300_custom_step0_s_20260519_15,ee7e8fbaf0974ef8937330ed5351e2be,0.083,,,
155,2026-05-19,SH601901,-0.06770245730876923,EXP_LinearModel_Alpha158_csi300_custom_step0_s_20260519_15,ee7e8fbaf0974ef8937330ed5351e2be,0.083,,,
156,2026-05-19,SH601998,-0.03419424220919609,EXP_LinearModel_Alpha158_csi300_custom_step0_s_20260519_15,ee7e8fbaf0974ef8937330ed5351e2be,0.083,,,
157,2026-05-19,SZ000617,-0.02354545332491398,EXP_LinearModel_Alpha158_csi300_custom_step0_s_20260519_15,ee7e8fbaf0974ef8937330ed5351e2be,0.083,,,
158,2026-05-19,SH600460,-0.015331058762967587,EXP_LinearModel_Alpha158_csi300_custom_step0_s_20260519_15,ee7e8fbaf0974ef8937330ed5351e2be,0.083,,,
159,2026-05-19,SH600436,-0.05878085643053055,EXP_LinearModel_Alpha158_csi300_custom_step0_s_20260519_15,ee7e8fbaf0974ef8937330ed5351e2be,0.083,,,
160,2026-05-19,SZ002384,-0.04490283103860914,EXP_DEnsembleModel_Alpha158_csi300_custom_step0_s_20260519_15,699c999730254f81a96fa2d56fd18281,0.053,,,
161,2026-05-19,SZ002371,0.14627420598194166,EXP_DEnsembleModel_Alpha158_csi300_custom_step0_s_20260519_15,699c999730254f81a96fa2d56fd18281,0.053,,,
162,2026-05-19,SZ002352,-0.07887300958249364,EXP_DEnsembleModel_Alpha158_csi300_custom_step0_s_20260519_15,699c999730254f81a96fa2d56fd18281,0.053,,,
163,2026-05-19,SZ002311,0.017761867162330865,EXP_DEnsembleModel_Alpha158_csi300_custom_step0_s_20260519_15,699c999730254f81a96fa2d56fd18281,0.053,,,
164,2026-05-19,SZ002304,-0.048223498870863524,EXP_DEnsembleModel_Alpha158_csi300_custom_step0_s_20260519_15,699c999730254f81a96fa2d56fd18281,0.053,,,
165,2026-05-19,SZ002252,-0.008096016849355177,EXP_DEnsembleModel_Alpha158_csi300_custom_step0_s_20260519_15,699c999730254f81a96fa2d56fd18281,0.053,,,
166,2026-05-19,SZ002241,0.09365156128170539,EXP_DEnsembleModel_Alpha158_csi300_custom_step0_s_20260519_15,699c999730254f81a96fa2d56fd18281,0.053,,,
167,2026-05-19,SZ002236,-0.04593592984538057,EXP_DEnsembleModel_Alpha158_csi300_custom_step0_s_20260519_15,699c999730254f81a96fa2d56fd18281,0.053,,,
168,2026-05-19,SZ002230,0.08372476801529603,EXP_DEnsembleModel_Alpha158_csi300_custom_step0_s_20260519_15,699c999730254f81a96fa2d56fd18281,0.053,,,
169,2026-05-19,SZ002179,-0.13787808412162483,EXP_DEnsembleModel_Alpha158_csi300_custom_step0_s_20260519_15,699c999730254f81a96fa2d56fd18281,0.053,,,
170,2026-05-19,SZ002142,0.08255618890118799,EXP_DEnsembleModel_Alpha158_csi300_custom_step0_s_20260519_15,699c999730254f81a96fa2d56fd18281,0.053,,,
171,2026-05-19,SZ002074,0.009081543005379564,EXP_DEnsembleModel_Alpha158_csi300_custom_step0_s_20260519_15,699c999730254f81a96fa2d56fd18281,0.053,,,
172,2026-05-19,SZ002050,0.0845749476662147,EXP_DEnsembleModel_Alpha158_csi300_custom_step0_s_20260519_15,699c999730254f81a96fa2d56fd18281,0.053,,,
173,2026-05-19,SZ002049,0.04269276357086054,EXP_DEnsembleModel_Alpha158_csi300_custom_step0_s_20260519_15,699c999730254f81a96fa2d56fd18281,0.053,,,
174,2026-05-19,SZ002028,-0.022583122321405864,EXP_DEnsembleModel_Alpha158_csi300_custom_step0_s_20260519_15,699c999730254f81a96fa2d56fd18281,0.053,,,
175,2026-05-19,SZ002415,0.01979977686100313,EXP_DEnsembleModel_Alpha158_csi300_custom_step0_s_20260519_15,699c999730254f81a96fa2d56fd18281,0.053,,,
176,2026-05-19,SZ002422,0.04152277028478016,EXP_DEnsembleModel_Alpha158_csi300_custom_step0_s_20260519_15,699c999730254f81a96fa2d56fd18281,0.053,,,
177,2026-05-19,SZ002459,0.018118110468800908,EXP_DEnsembleModel_Alpha158_csi300_custom_step0_s_20260519_15,699c999730254f81a96fa2d56fd18281,0.053,,,
178,2026-05-19,SZ002460,0.18706278293125017,EXP_DEnsembleModel_Alpha158_csi300_custom_step0_s_20260519_15,699c999730254f81a96fa2d56fd18281,0.053,,,
179,2026-05-19,SZ003816,-0.021979135887169234,EXP_DEnsembleModel_Alpha158_csi300_custom_step0_s_20260519_15,699c999730254f81a96fa2d56fd18281,0.053,,,
180,2026-05-19,SZ002938,-0.04333219150904166,EXP_DEnsembleModel_Alpha158_csi300_custom_step0_s_20260519_15,699c999730254f81a96fa2d56fd18281,0.053,,,
181,2026-05-19,SZ002920,-0.014014245156543046,EXP_DEnsembleModel_Alpha158_csi300_custom_step0_s_20260519_15,699c999730254f81a96fa2d56fd18281,0.053,,,
182,2026-05-19,SZ002916,0.12366090333609192,EXP_DEnsembleModel_Alpha158_csi300_custom_step0_s_20260519_15,699c999730254f81a96fa2d56fd18281,0.053,,,
183,2026-05-19,SZ002736,-0.03062593641224637,EXP_DEnsembleModel_Alpha158_csi300_custom_step0_s_20260519_15,699c999730254f81a96fa2d56fd18281,0.053,,,
184,2026-05-19,SZ002714,0.19338372533559203,EXP_DEnsembleModel_Alpha158_csi300_custom_step0_s_20260519_15,699c999730254f81a96fa2d56fd18281,0.053,,,
185,2026-05-19,SZ002709,0.3794947804835586,EXP_DEnsembleModel_Alpha158_csi300_custom_step0_s_20260519_15,699c999730254f81a96fa2d56fd18281,0.053,,,
186,2026-05-19,SZ002027,-0.00045858137918367714,EXP_DEnsembleModel_Alpha158_csi300_custom_step0_s_20260519_15,699c999730254f81a96fa2d56fd18281,0.053,,,
187,2026-05-19,SZ002648,0.08923606733434758,EXP_DEnsembleModel_Alpha158_csi300_custom_step0_s_20260519_15,699c999730254f81a96fa2d56fd18281,0.053,,,
188,2026-05-19,SZ002601,-0.010342083150828773,EXP_DEnsembleModel_Alpha158_csi300_custom_step0_s_20260519_15,699c999730254f81a96fa2d56fd18281,0.053,,,
189,2026-05-19,SZ002600,0.04744579352811338,EXP_DEnsembleModel_Alpha158_csi300_custom_step0_s_20260519_15,699c999730254f81a96fa2d56fd18281,0.053,,,
190,2026-05-19,SZ002594,0.07156546390249302,EXP_DEnsembleModel_Alpha158_csi300_custom_step0_s_20260519_15,699c999730254f81a96fa2d56fd18281,0.053,,,
191,2026-05-19,SZ002493,0.07531219258454787,EXP_DEnsembleModel_Alpha158_csi300_custom_step0_s_20260519_15,699c999730254f81a96fa2d56fd18281,0.053,,,
192,2026-05-19,SZ002475,0.06117201806843441,EXP_DEnsembleModel_Alpha158_csi300_custom_step0_s_20260519_15,699c999730254f81a96fa2d56fd18281,0.053,,,
193,2026-05-19,SZ002466,0.1317472017842638,EXP_DEnsembleModel_Alpha158_csi300_custom_step0_s_20260519_15,699c999730254f81a96fa2d56fd18281,0.053,,,
194,2026-05-19,SZ002463,0.04371637974172215,EXP_DEnsembleModel_Alpha158_csi300_custom_step0_s_20260519_15,699c999730254f81a96fa2d56fd18281,0.053,,,
195,2026-05-19,SZ002625,0.0689579943902681,EXP_DEnsembleModel_Alpha158_csi300_custom_step0_s_20260519_15,699c999730254f81a96fa2d56fd18281,0.053,,,
196,2026-05-19,SZ002001,0.18734784397372128,EXP_DEnsembleModel_Alpha158_csi300_custom_step0_s_20260519_15,699c999730254f81a96fa2d56fd18281,0.053,,,
197,2026-05-19,SZ001979,-0.04795696966319324,EXP_DEnsembleModel_Alpha158_csi300_custom_step0_s_20260519_15,699c999730254f81a96fa2d56fd18281,0.053,,,
198,2026-05-19,SZ001965,0.08610908289607788,EXP_DEnsembleModel_Alpha158_csi300_custom_step0_s_20260519_15,699c999730254f81a96fa2d56fd18281,0.053,,,
199,2026-05-19,SZ000625,0.06416020699916938,EXP_DEnsembleModel_Alpha158_csi300_custom_step0_s_20260519_15,699c999730254f81a96fa2d56fd18281,0.053,,,
200,2026-05-19,SZ000617,0.07419324139631306,EXP_DEnsembleModel_Alpha158_csi300_custom_step0_s_20260519_15,699c999730254f81a96fa2d56fd18281,0.053,,,
201,2026-05-19,SZ000596,0.0810709705396783,EXP_DEnsembleModel_Alpha158_csi300_custom_step0_s_20260519_15,699c999730254f81a96fa2d56fd18281,0.053,,,
202,2026-05-19,SZ000568,0.023660169531516017,EXP_DEnsembleModel_Alpha158_csi300_custom_step0_s_20260519_15,699c999730254f81a96fa2d56fd18281,0.053,,,
203,2026-05-19,SZ000538,-0.10536854407522848,EXP_DEnsembleModel_Alpha158_csi300_custom_step0_s_20260519_15,699c999730254f81a96fa2d56fd18281,0.053,,,
204,2026-05-19,SZ000425,-0.007979672651710842,EXP_DEnsembleModel_Alpha158_csi300_custom_step0_s_20260519_15,699c999730254f81a96fa2d56fd18281,0.053,,,
205,2026-05-19,SZ000408,0.02224248288201734,EXP_DEnsembleModel_Alpha158_csi300_custom_step0_s_20260519_15,699c999730254f81a96fa2d56fd18281,0.053,,,
206,2026-05-19,SZ000630,0.017687960016859502,EXP_DEnsembleModel_Alpha158_csi300_custom_step0_s_20260519_15,699c999730254f81a96fa2d56fd18281,0.053,,,
207,2026-05-19,SZ000338,0.3378984263097799,EXP_DEnsembleModel_Alpha158_csi300_custom_step0_s_20260519_15,699c999730254f81a96fa2d56fd18281,0.053,,,
208,2026-05-19,SZ000301,0.17576352876418602,EXP_DEnsembleModel_Alpha158_csi300_custom_step0_s_20260519_15,699c999730254f81a96fa2d56fd18281,0.053,,,
209,2026-05-19,SZ000166,-0.00018395945951352798,EXP_DEnsembleModel_Alpha158_csi300_custom_step0_s_20260519_15,699c999730254f81a96fa2d56fd18281,0.053,,,
210,2026-05-19,SZ000157,-0.024504998140175805,EXP_DEnsembleModel_Alpha158_csi300_custom_step0_s_20260519_15,699c999730254f81a96fa2d56fd18281,0.053,,,
211,2026-05-19,SZ000100,-0.07216647263663523,EXP_DEnsembleModel_Alpha158_csi300_custom_step0_s_20260519_15,699c999730254f81a96fa2d56fd18281,0.053,,,
212,2026-05-19,SZ000063,0.06489743734017864,EXP_DEnsembleModel_Alpha158_csi300_custom_step0_s_20260519_15,699c999730254f81a96fa2d56fd18281,0.053,,,
213,2026-05-19,SZ000002,0.002207912729303881,EXP_DEnsembleModel_Alpha158_csi300_custom_step0_s_20260519_15,699c999730254f81a96fa2d56fd18281,0.053,,,
214,2026-05-19,SZ000001,-0.051241925443448445,EXP_DEnsembleModel_Alpha158_csi300_custom_step0_s_20260519_15,699c999730254f81a96fa2d56fd18281,0.053,,,
215,2026-05-19,SZ000333,0.1015332321345585,EXP_DEnsembleModel_Alpha158_csi300_custom_step0_s_20260519_15,699c999730254f81a96fa2d56fd18281,0.053,,,
216,2026-05-19,SZ300014,0.1206190901247564,EXP_DEnsembleModel_Alpha158_csi300_custom_step0_s_20260519_15,699c999730254f81a96fa2d56fd18281,0.053,,,
217,2026-05-19,SZ000651,0.04231760545213791,EXP_DEnsembleModel_Alpha158_csi300_custom_step0_s_20260519_15,699c999730254f81a96fa2d56fd18281,0.053,,,
218,2026-05-19,SZ000708,0.05116430208473925,EXP_DEnsembleModel_Alpha158_csi300_custom_step0_s_20260519_15,699c999730254f81a96fa2d56fd18281,0.053,,,
219,2026-05-19,SZ001391,-0.058280972390627225,EXP_DEnsembleModel_Alpha158_csi300_custom_step0_s_20260519_15,699c999730254f81a96fa2d56fd18281,0.053,,,
220,2026-05-19,SZ000999,-0.034928375265707017,EXP_DEnsembleModel_Alpha158_csi300_custom_step0_s_20260519_15,699c999730254f81a96fa2d56fd18281,0.053,,,
221,2026-05-19,SZ000983,0.057226025958811044,EXP_DEnsembleModel_Alpha158_csi300_custom_step0_s_20260519_15,699c999730254f81a96fa2d56fd18281,0.053,,,
222,2026-05-19,SZ000977,-0.20904455587764822,EXP_DEnsembleModel_Alpha158_csi300_custom_step0_s_20260519_15,699c999730254f81a96fa2d56fd18281,0.053,,,
223,2026-05-19,SZ000975,0.08419440773962979,EXP_DEnsembleModel_Alpha158_csi300_custom_step0_s_20260519_15,699c999730254f81a96fa2d56fd18281,0.053,,,
224,2026-05-19,SZ000963,-0.00830155305270471,EXP_DEnsembleModel_Alpha158_csi300_custom_step0_s_20260519_15,699c999730254f81a96fa2d56fd18281,0.053,,,
225,2026-05-19,SZ000938,-0.03985521170392255,EXP_DEnsembleModel_Alpha158_csi300_custom_step0_s_20260519_15,699c999730254f81a96fa2d56fd18281,0.053,,,
226,2026-05-19,SZ000661,-0.029733009233386766,EXP_DEnsembleModel_Alpha158_csi300_custom_step0_s_20260519_15,699c999730254f81a96fa2d56fd18281,0.053,,,
227,2026-05-19,SZ000895,-0.07073097942596121,EXP_DEnsembleModel_Alpha158_csi300_custom_step0_s_20260519_15,699c999730254f81a96fa2d56fd18281,0.053,,,
228,2026-05-19,SZ000858,0.012344834425710959,EXP_DEnsembleModel_Alpha158_csi300_custom_step0_s_20260519_15,699c999730254f81a96fa2d56fd18281,0.053,,,
229,2026-05-19,SZ000807,0.018861202395170813,EXP_DEnsembleModel_Alpha158_csi300_custom_step0_s_20260519_15,699c999730254f81a96fa2d56fd18281,0.053,,,
230,2026-05-19,SZ000792,0.08674969019621809,EXP_DEnsembleModel_Alpha158_csi300_custom_step0_s_20260519_15,699c999730254f81a96fa2d56fd18281,0.053,,,
231,2026-05-19,SZ000786,0.036620417076295556,EXP_DEnsembleModel_Alpha158_csi300_custom_step0_s_20260519_15,699c999730254f81a96fa2d56fd18281,0.053,,,
232,2026-05-19,SZ000776,0.046882552102104375,EXP_DEnsembleModel_Alpha158_csi300_custom_step0_s_20260519_15,699c999730254f81a96fa2d56fd18281,0.053,,,
233,2026-05-19,SZ000768,-0.05372385765352943,EXP_DEnsembleModel_Alpha158_csi300_custom_step0_s_20260519_15,699c999730254f81a96fa2d56fd18281,0.053,,,
234,2026-05-19,SZ000725,0.09181003972296735,EXP_DEnsembleModel_Alpha158_csi300_custom_step0_s_20260519_15,699c999730254f81a96fa2d56fd18281,0.053,,,
235,2026-05-19,SZ000876,-0.009789131768820111,EXP_DEnsembleModel_Alpha158_csi300_custom_step0_s_20260519_15,699c999730254f81a96fa2d56fd18281,0.053,,,
236,2026-05-19,SZ300015,-0.05108594419807494,EXP_DEnsembleModel_Alpha158_csi300_custom_step0_s_20260519_15,699c999730254f81a96fa2d56fd18281,0.053,,,
237,2026-05-19,SZ300033,-0.019294493126193153,EXP_DEnsembleModel_Alpha158_csi300_custom_step0_s_20260519_15,699c999730254f81a96fa2d56fd18281,0.053,,,
238,2026-05-19,SZ300059,-0.00961407409063392,EXP_DEnsembleModel_Alpha158_csi300_custom_step0_s_20260519_15,699c999730254f81a96fa2d56fd18281,0.053,,,
239,2026-05-19,SH600104,-0.013999265618622303,EXP_LinearModel_Alpha158_csi300_custom_step0_s_20260519_15,ee7e8fbaf0974ef8937330ed5351e2be,0.083,,,
240,2026-05-19,SH600089,-0.038110967725515366,EXP_LinearModel_Alpha158_csi300_custom_step0_s_20260519_15,ee7e8fbaf0974ef8937330ed5351e2be,0.083,,,
241,2026-05-19,SH600085,-0.0181045550853014,EXP_LinearModel_Alpha158_csi300_custom_step0_s_20260519_15,ee7e8fbaf0974ef8937330ed5351e2be,0.083,,,
242,2026-05-19,SH600066,0.00492465402930975,EXP_LinearModel_Alpha158_csi300_custom_step0_s_20260519_15,ee7e8fbaf0974ef8937330ed5351e2be,0.083,,,
243,2026-05-19,SH600061,-0.03258569538593292,EXP_LinearModel_Alpha158_csi300_custom_step0_s_20260519_15,ee7e8fbaf0974ef8937330ed5351e2be,0.083,,,
244,2026-05-19,SH600050,0.001033887267112732,EXP_LinearModel_Alpha158_csi300_custom_step0_s_20260519_15,ee7e8fbaf0974ef8937330ed5351e2be,0.083,,,
245,2026-05-19,SH600048,-0.020586136728525162,EXP_LinearModel_Alpha158_csi300_custom_step0_s_20260519_15,ee7e8fbaf0974ef8937330ed5351e2be,0.083,,,
246,2026-05-19,SH600111,-0.0420055128633976,EXP_LinearModel_Alpha158_csi300_custom_step0_s_20260519_15,ee7e8fbaf0974ef8937330ed5351e2be,0.083,,,
247,2026-05-19,SH600039,0.1179799735546112,EXP_LinearModel_Alpha158_csi300_custom_step0_s_20260519_15,ee7e8fbaf0974ef8937330ed5351e2be,0.083,,,
248,2026-05-19,SH600031,-0.03761028125882149,EXP_LinearModel_Alpha158_csi300_custom_step0_s_20260519_15,ee7e8fbaf0974ef8937330ed5351e2be,0.083,,,
249,2026-05-19,SH600030,-0.03264571353793144,EXP_LinearModel_Alpha158_csi300_custom_step0_s_20260519_15,ee7e8fbaf0974ef8937330ed5351e2be,0.083,,,
250,2026-05-19,SH600029,-0.09693878889083862,EXP_LinearModel_Alpha158_csi300_custom_step0_s_20260519_15,ee7e8fbaf0974ef8937330ed5351e2be,0.083,,,
251,2026-05-19,SH600028,-0.05804121866822243,EXP_LinearModel_Alpha158_csi300_custom_step0_s_20260519_15,ee7e8fbaf0974ef8937330ed5351e2be,0.083,,,
252,2026-05-19,SH600027,0.05377660319209099,EXP_LinearModel_Alpha158_csi300_custom_step0_s_20260519_15,ee7e8fbaf0974ef8937330ed5351e2be,0.083,,,
253,2026-05-19,SH600026,-0.01219884492456913,EXP_LinearModel_Alpha158_csi300_custom_step0_s_20260519_15,ee7e8fbaf0974ef8937330ed5351e2be,0.083,,,
254,2026-05-19,SH600025,0.12129613757133484,EXP_LinearModel_Alpha158_csi300_custom_step0_s_20260519_15,ee7e8fbaf0974ef8937330ed5351e2be,0.083,,,
255,2026-05-19,SH600036,-0.04216852784156799,EXP_LinearModel_Alpha158_csi300_custom_step0_s_20260519_15,ee7e8fbaf0974ef8937330ed5351e2be,0.083,,,
256,2026-05-19,SH600023,0.09278246015310287,EXP_LinearModel_Alpha158_csi300_custom_step0_s_20260519_15,ee7e8fbaf0974ef8937330ed5351e2be,0.083,,,
257,2026-05-19,SH600115,-0.10491030663251877,EXP_LinearModel_Alpha158_csi300_custom_step0_s_20260519_15,ee7e8fbaf0974ef8937330ed5351e2be,0.083,,,
258,2026-05-19,SH600160,-0.0003733346238732338,EXP_LinearModel_Alpha158_csi300_custom_step0_s_20260519_15,ee7e8fbaf0974ef8937330ed5351e2be,0.083,,,
259,2026-05-19,SH600426,0.011969666928052902,EXP_LinearModel_Alpha158_csi300_custom_step0_s_20260519_15,ee7e8fbaf0974ef8937330ed5351e2be,0.083,,,
260,2026-05-19,SH600415,-0.018191559240221977,EXP_LinearModel_Alpha158_csi300_custom_step0_s_20260519_15,ee7e8fbaf0974ef8937330ed5351e2be,0.083,,,
261,2026-05-19,SH600406,-0.07754872739315033,EXP_LinearModel_Alpha158_csi300_custom_step0_s_20260519_15,ee7e8fbaf0974ef8937330ed5351e2be,0.083,,,
262,2026-05-19,SH600377,0.012186294421553612,EXP_LinearModel_Alpha158_csi300_custom_step0_s_20260519_15,ee7e8fbaf0974ef8937330ed5351e2be,0.083,,,
263,2026-05-19,SH600372,-0.02040630206465721,EXP_LinearModel_Alpha158_csi300_custom_step0_s_20260519_15,ee7e8fbaf0974ef8937330ed5351e2be,0.083,,,
264,2026-05-19,SH600362,-0.018942251801490784,EXP_LinearModel_Alpha158_csi300_custom_step0_s_20260519_15,ee7e8fbaf0974ef8937330ed5351e2be,0.083,,,
265,2026-05-19,SH600346,-0.021515360102057457,EXP_LinearModel_Alpha158_csi300_custom_step0_s_20260519_15,ee7e8fbaf0974ef8937330ed5351e2be,0.083,,,
266,2026-05-19,SH600150,-0.02978052757680416,EXP_LinearModel_Alpha158_csi300_custom_step0_s_20260519_15,ee7e8fbaf0974ef8937330ed5351e2be,0.083,,,
267,2026-05-19,SH600309,-0.009649918414652348,EXP_LinearModel_Alpha158_csi300_custom_step0_s_20260519_15,ee7e8fbaf0974ef8937330ed5351e2be,0.083,,,
268,2026-05-19,SH600233,0.012993371114134789,EXP_LinearModel_Alpha158_csi300_custom_step0_s_20260519_15,ee7e8fbaf0974ef8937330ed5351e2be,0.083,,,
269,2026-05-19,SH600219,0.051797352731227875,EXP_LinearModel_Alpha158_csi300_custom_step0_s_20260519_15,ee7e8fbaf0974ef8937330ed5351e2be,0.083,,,
270,2026-05-19,SH600196,-0.06433779746294022,EXP_LinearModel_Alpha158_csi300_custom_step0_s_20260519_15,ee7e8fbaf0974ef8937330ed5351e2be,0.083,,,
271,2026-05-19,SH600188,0.008231130428612232,EXP_LinearModel_Alpha158_csi300_custom_step0_s_20260519_15,ee7e8fbaf0974ef8937330ed5351e2be,0.083,,,
272,2026-05-19,SH600183,-0.12093814462423325,EXP_LinearModel_Alpha158_csi300_custom_step0_s_20260519_15,ee7e8fbaf0974ef8937330ed5351e2be,0.083,,,
273,2026-05-19,SH600176,0.021714486181735992,EXP_LinearModel_Alpha158_csi300_custom_step0_s_20260519_15,ee7e8fbaf0974ef8937330ed5351e2be,0.083,,,
274,2026-05-19,SH600161,-0.019427422434091568,EXP_LinearModel_Alpha158_csi300_custom_step0_s_20260519_15,ee7e8fbaf0974ef8937330ed5351e2be,0.083,,,
275,2026-05-19,SH600276,-0.038702789694070816,EXP_LinearModel_Alpha158_csi300_custom_step0_s_20260519_15,ee7e8fbaf0974ef8937330ed5351e2be,0.083,,,
276,2026-05-19,SH600438,-0.005872569512575865,EXP_LinearModel_Alpha158_csi300_custom_step0_s_20260519_15,ee7e8fbaf0974ef8937330ed5351e2be,0.083,,,
277,2026-05-19,SH600019,0.03918948769569397,EXP_LinearModel_Alpha158_csi300_custom_step0_s_20260519_15,ee7e8fbaf0974ef8937330ed5351e2be,0.083,,,
278,2026-05-19,SH600016,0.025935113430023193,EXP_LinearModel_Alpha158_csi300_custom_step0_s_20260519_15,ee7e8fbaf0974ef8937330ed5351e2be,0.083,,,
279,2026-05-19,SZ300502,0.1200273613560655,EXP_DEnsembleModel_Alpha158_csi300_custom_step0_s_20260519_15,699c999730254f81a96fa2d56fd18281,0.053,,,
280,2026-05-19,SZ300498,0.1418374938822208,EXP_DEnsembleModel_Alpha158_csi300_custom_step0_s_20260519_15,699c999730254f81a96fa2d56fd18281,0.053,,,
281,2026-05-19,SZ300476,0.10977156346485742,EXP_DEnsembleModel_Alpha158_csi300_custom_step0_s_20260519_15,699c999730254f81a96fa2d56fd18281,0.053,,,
282,2026-05-19,SZ300442,0.0039784200645400425,EXP_DEnsembleModel_Alpha158_csi300_custom_step0_s_20260519_15,699c999730254f81a96fa2d56fd18281,0.053,,,
283,2026-05-19,SZ300433,-0.08509658557286386,EXP_DEnsembleModel_Alpha158_csi300_custom_step0_s_20260519_15,699c999730254f81a96fa2d56fd18281,0.053,,,
284,2026-05-19,SZ300418,-0.075957322262133,EXP_DEnsembleModel_Alpha158_csi300_custom_step0_s_20260519_15,699c999730254f81a96fa2d56fd18281,0.053,,,
285,2026-05-19,SZ300413,-0.017738874061108464,EXP_DEnsembleModel_Alpha158_csi300_custom_step0_s_20260519_15,699c999730254f81a96fa2d56fd18281,0.053,,,
286,2026-05-19,SZ300628,0.10346736291318091,EXP_DEnsembleModel_Alpha158_csi300_custom_step0_s_20260519_15,699c999730254f81a96fa2d56fd18281,0.053,,,
287,2026-05-19,SZ300408,0.12726739381089838,EXP_DEnsembleModel_Alpha158_csi300_custom_step0_s_20260519_15,699c999730254f81a96fa2d56fd18281,0.053,,,
288,2026-05-19,SZ300347,0.13741145575876512,EXP_DEnsembleModel_Alpha158_csi300_custom_step0_s_20260519_15,699c999730254f81a96fa2d56fd18281,0.053,,,
289,2026-05-19,SZ300316,-0.05075303908988806,EXP_DEnsembleModel_Alpha158_csi300_custom_step0_s_20260519_15,699c999730254f81a96fa2d56fd18281,0.053,,,
290,2026-05-19,SZ300308,0.16757705740343298,EXP_DEnsembleModel_Alpha158_csi300_custom_step0_s_20260519_15,699c999730254f81a96fa2d56fd18281,0.053,,,
291,2026-05-19,SZ300274,0.19843767502231066,EXP_DEnsembleModel_Alpha158_csi300_custom_step0_s_20260519_15,699c999730254f81a96fa2d56fd18281,0.053,,,
292,2026-05-19,SZ300251,0.1493769070112365,EXP_DEnsembleModel_Alpha158_csi300_custom_step0_s_20260519_15,699c999730254f81a96fa2d56fd18281,0.053,,,
293,2026-05-19,SZ300124,0.08718978730466463,EXP_DEnsembleModel_Alpha158_csi300_custom_step0_s_20260519_15,699c999730254f81a96fa2d56fd18281,0.053,,,
294,2026-05-19,SZ300122,-0.02259780179970922,EXP_DEnsembleModel_Alpha158_csi300_custom_step0_s_20260519_15,699c999730254f81a96fa2d56fd18281,0.053,,,
295,2026-05-19,SZ300394,0.07274684278527142,EXP_DEnsembleModel_Alpha158_csi300_custom_step0_s_20260519_15,699c999730254f81a96fa2d56fd18281,0.053,,,
296,2026-05-19,SH600018,0.07569292932748795,EXP_LinearModel_Alpha158_csi300_custom_step0_s_20260519_15,ee7e8fbaf0974ef8937330ed5351e2be,0.083,,,
297,2026-05-19,SZ300661,0.035569521885727706,EXP_DEnsembleModel_Alpha158_csi300_custom_step0_s_20260519_15,699c999730254f81a96fa2d56fd18281,0.053,,,
298,2026-05-19,SZ300759,0.04215834003724072,EXP_DEnsembleModel_Alpha158_csi300_custom_step0_s_20260519_15,699c999730254f81a96fa2d56fd18281,0.053,,,
299,2026-05-19,SH600015,-0.020117901265621185,EXP_LinearModel_Alpha158_csi300_custom_step0_s_20260519_15,ee7e8fbaf0974ef8937330ed5351e2be,0.083,,,
300,2026-05-19,SH600011,0.10076362639665604,EXP_LinearModel_Alpha158_csi300_custom_step0_s_20260519_15,ee7e8fbaf0974ef8937330ed5351e2be,0.083,,,
301,2026-05-19,SH600010,-0.03755098581314087,EXP_LinearModel_Alpha158_csi300_custom_step0_s_20260519_15,ee7e8fbaf0974ef8937330ed5351e2be,0.083,,,
302,2026-05-19,SH600009,-0.07115733623504639,EXP_LinearModel_Alpha158_csi300_custom_step0_s_20260519_15,ee7e8fbaf0974ef8937330ed5351e2be,0.083,,,
303,2026-05-19,SH600000,-0.04078363627195358,EXP_LinearModel_Alpha158_csi300_custom_step0_s_20260519_15,ee7e8fbaf0974ef8937330ed5351e2be,0.083,,,
304,2026-05-19,SZ302132,-0.09111388679314736,EXP_DEnsembleModel_Alpha158_csi300_custom_step0_s_20260519_15,699c999730254f81a96fa2d56fd18281,0.053,,,
305,2026-05-19,SZ301269,0.1760531629642709,EXP_DEnsembleModel_Alpha158_csi300_custom_step0_s_20260519_15,699c999730254f81a96fa2d56fd18281,0.053,,,
306,2026-05-19,SZ300750,0.05505275851453747,EXP_DEnsembleModel_Alpha158_csi300_custom_step0_s_20260519_15,699c999730254f81a96fa2d56fd18281,0.053,,,
307,2026-05-19,SZ301236,0.030964524948282276,EXP_DEnsembleModel_Alpha158_csi300_custom_step0_s_20260519_15,699c999730254f81a96fa2d56fd18281,0.053,,,
308,2026-05-19,SZ300979,-0.11065178922433125,EXP_DEnsembleModel_Alpha158_csi300_custom_step0_s_20260519_15,699c999730254f81a96fa2d56fd18281,0.053,,,
309,2026-05-19,SZ300896,-0.010895597430960788,EXP_DEnsembleModel_Alpha158_csi300_custom_step0_s_20260519_15,699c999730254f81a96fa2d56fd18281,0.053,,,
310,2026-05-19,SZ300866,0.2563496945235541,EXP_DEnsembleModel_Alpha158_csi300_custom_step0_s_20260519_15,699c999730254f81a96fa2d56fd18281,0.053,,,
311,2026-05-19,SZ300832,0.11685102982154698,EXP_DEnsembleModel_Alpha158_csi300_custom_step0_s_20260519_15,699c999730254f81a96fa2d56fd18281,0.053,,,
312,2026-05-19,SZ300803,-0.031948307934216796,EXP_DEnsembleModel_Alpha158_csi300_custom_step0_s_20260519_15,699c999730254f81a96fa2d56fd18281,0.053,,,
313,2026-05-19,SZ300782,-0.05462754137801836,EXP_DEnsembleModel_Alpha158_csi300_custom_step0_s_20260519_15,699c999730254f81a96fa2d56fd18281,0.053,,,
314,2026-05-19,SZ300760,0.030691571458062845,EXP_DEnsembleModel_Alpha158_csi300_custom_step0_s_20260519_15,699c999730254f81a96fa2d56fd18281,0.053,,,
315,2026-05-19,SZ300999,0.038104348023998875,EXP_DEnsembleModel_Alpha158_csi300_custom_step0_s_20260519_15,699c999730254f81a96fa2d56fd18281,0.053,,,
316,2026-05-19,SZ000625,-0.06453342735767365,EXP_LinearModel_Alpha158_csi300_custom_step0_s_20260519_15,ee7e8fbaf0974ef8937330ed5351e2be,0.083,,,
317,2026-05-19,SZ000630,-0.02320840023458004,EXP_LinearModel_Alpha158_csi300_custom_step0_s_20260519_15,ee7e8fbaf0974ef8937330ed5351e2be,0.083,,,
318,2026-05-19,SZ000651,0.11677157878875732,EXP_LinearModel_Alpha158_csi300_custom_step0_s_20260519_15,ee7e8fbaf0974ef8937330ed5351e2be,0.083,,,
319,2026-05-19,SH601628,-0.10094957053661346,EXP_LinearModel_Alpha158_csi300_custom_step0_s_20260519_15,dd70fe95cbcc49979825778b78cd4677,0.098,,,
320,2026-05-19,SH601618,0.0712113231420517,EXP_LinearModel_Alpha158_csi300_custom_step0_s_20260519_15,dd70fe95cbcc49979825778b78cd4677,0.098,,,
321,2026-05-19,SH601607,-0.018221648409962654,EXP_LinearModel_Alpha158_csi300_custom_step0_s_20260519_15,dd70fe95cbcc49979825778b78cd4677,0.098,,,
322,2026-05-19,SH601601,-0.056077368557453156,EXP_LinearModel_Alpha158_csi300_custom_step0_s_20260519_15,dd70fe95cbcc49979825778b78cd4677,0.098,,,
323,2026-05-19,SH601600,-0.06655893474817276,EXP_LinearModel_Alpha158_csi300_custom_step0_s_20260519_15,dd70fe95cbcc49979825778b78cd4677,0.098,,,
324,2026-05-19,SH601456,-0.017811523750424385,EXP_LinearModel_Alpha158_csi300_custom_step0_s_20260519_15,dd70fe95cbcc49979825778b78cd4677,0.098,,,
325,2026-05-19,SH601398,0.04315156489610672,EXP_LinearModel_Alpha158_csi300_custom_step0_s_20260519_15,dd70fe95cbcc49979825778b78cd4677,0.098,,,
326,2026-05-19,SH601390,0.018858233466744423,EXP_LinearModel_Alpha158_csi300_custom_step0_s_20260519_15,dd70fe95cbcc49979825778b78cd4677,0.098,,,
327,2026-05-19,SH601377,-0.03827430307865143,EXP_LinearModel_Alpha158_csi300_custom_step0_s_20260519_15,dd70fe95cbcc49979825778b78cd4677,0.098,,,
328,2026-05-19,SH601360,-0.09918297827243805,EXP_LinearModel_Alpha158_csi300_custom_step0_s_20260519_15,dd70fe95cbcc49979825778b78cd4677,0.098,,,
329,2026-05-19,SH601336,-0.0742700845003128,EXP_LinearModel_Alpha158_csi300_custom_step0_s_20260519_15,dd70fe95cbcc49979825778b78cd4677,0.098,,,
330,2026-05-19,SH601328,0.045183006674051285,EXP_LinearModel_Alpha158_csi300_custom_step0_s_20260519_15,dd70fe95cbcc49979825778b78cd4677,0.098,,,
331,2026-05-19,SH601319,-0.005499738268554211,EXP_LinearModel_Alpha158_csi300_custom_step0_s_20260519_15,dd70fe95cbcc49979825778b78cd4677,0.098,,,
332,2026-05-19,SH601318,-0.024150744080543518,EXP_LinearModel_Alpha158_csi300_custom_step0_s_20260519_15,dd70fe95cbcc49979825778b78cd4677,0.098,,,
333,2026-05-19,SH601298,0.03498244285583496,EXP_LinearModel_Alpha158_csi300_custom_step0_s_20260519_15,dd70fe95cbcc49979825778b78cd4677,0.098,,,
334,2026-05-19,SH601633,-0.03416686877608299,EXP_LinearModel_Alpha158_csi300_custom_step0_s_20260519_15,dd70fe95cbcc49979825778b78cd4677,0.098,,,
335,2026-05-19,SH601658,0.018855005502700806,EXP_LinearModel_Alpha158_csi300_custom_step0_s_20260519_15,dd70fe95cbcc49979825778b78cd4677,0.098,,,
336,2026-05-19,SH601668,0.10354365408420563,EXP_LinearModel_Alpha158_csi300_custom_step0_s_20260519_15,dd70fe95cbcc49979825778b78cd4677,0.098,,,
337,2026-05-19,SH601669,-0.06697787344455719,EXP_LinearModel_Alpha158_csi300_custom_step0_s_20260519_15,dd70fe95cbcc49979825778b78cd4677,0.098,,,
338,2026-05-19,SH601877,0.020028557628393173,EXP_LinearModel_Alpha158_csi300_custom_step0_s_20260519_15,dd70fe95cbcc49979825778b78cd4677,0.098,,,
339,2026-05-19,SH601872,0.023834984749555588,EXP_LinearModel_Alpha158_csi300_custom_step0_s_20260519_15,dd70fe95cbcc49979825778b78cd4677,0.098,,,
340,2026-05-19,SH601868,0.03933414816856384,EXP_LinearModel_Alpha158_csi300_custom_step0_s_20260519_15,dd70fe95cbcc49979825778b78cd4677,0.098,,,
341,2026-05-19,SH601857,0.052715741097927094,EXP_LinearModel_Alpha158_csi300_custom_step0_s_20260519_15,dd70fe95cbcc49979825778b78cd4677,0.098,,,
342,2026-05-19,SH601838,0.04513731971383095,EXP_LinearModel_Alpha158_csi300_custom_step0_s_20260519_15,dd70fe95cbcc49979825778b78cd4677,0.098,,,
343,2026-05-19,SH601825,0.04678048938512802,EXP_LinearModel_Alpha158_csi300_custom_step0_s_20260519_15,dd70fe95cbcc49979825778b78cd4677,0.098,,,
344,2026-05-19,SH601818,0.12867078185081482,EXP_LinearModel_Alpha158_csi300_custom_step0_s_20260519_15,dd70fe95cbcc49979825778b78cd4677,0.098,,,
345,2026-05-19,SH601288,0.07118473947048187,EXP_LinearModel_Alpha158_csi300_custom_step0_s_20260519_15,dd70fe95cbcc49979825778b78cd4677,0.098,,,
346,2026-05-19,SH601816,0.009372907690703869,EXP_LinearModel_Alpha158_csi300_custom_step0_s_20260519_15,dd70fe95cbcc49979825778b78cd4677,0.098,,,
347,2026-05-19,SH601800,-0.016582634299993515,EXP_LinearModel_Alpha158_csi300_custom_step0_s_20260519_15,dd70fe95cbcc49979825778b78cd4677,0.098,,,
348,2026-05-19,SH601788,-0.06723160296678543,EXP_LinearModel_Alpha158_csi300_custom_step0_s_20260519_15,dd70fe95cbcc49979825778b78cd4677,0.098,,,
349,2026-05-19,SH601766,-0.012762373313307762,EXP_LinearModel_Alpha158_csi300_custom_step0_s_20260519_15,dd70fe95cbcc49979825778b78cd4677,0.098,,,
350,2026-05-19,SH601728,-0.011902937665581703,EXP_LinearModel_Alpha158_csi300_custom_step0_s_20260519_15,dd70fe95cbcc49979825778b78cd4677,0.098,,,
351,2026-05-19,SH601698,-0.03288887068629265,EXP_LinearModel_Alpha158_csi300_custom_step0_s_20260519_15,dd70fe95cbcc49979825778b78cd4677,0.098,,,
352,2026-05-19,SH601689,-0.11103756725788116,EXP_LinearModel_Alpha158_csi300_custom_step0_s_20260519_15,dd70fe95cbcc49979825778b78cd4677,0.098,,,
353,2026-05-19,SH601688,-0.06580986827611923,EXP_LinearModel_Alpha158_csi300_custom_step0_s_20260519_15,dd70fe95cbcc49979825778b78cd4677,0.098,,,
354,2026-05-19,SH601808,-0.040031515061855316,EXP_LinearModel_Alpha158_csi300_custom_step0_s_20260519_15,dd70fe95cbcc49979825778b78cd4677,0.098,,,
355,2026-05-19,SH601238,-0.0026376438327133656,EXP_LinearModel_Alpha158_csi300_custom_step0_s_20260519_15,dd70fe95cbcc49979825778b78cd4677,0.098,,,
356,2026-05-19,SH601236,-0.0412261076271534,EXP_LinearModel_Alpha158_csi300_custom_step0_s_20260519_15,dd70fe95cbcc49979825778b78cd4677,0.098,,,
357,2026-05-19,SH601229,-0.00976303406059742,EXP_LinearModel_Alpha158_csi300_custom_step0_s_20260519_15,dd70fe95cbcc49979825778b78cd4677,0.098,,,
358,2026-05-19,SH601006,0.03517790138721466,EXP_LinearModel_Alpha158_csi300_custom_step0_s_20260519_15,dd70fe95cbcc49979825778b78cd4677,0.098,,,
359,2026-05-19,SH600999,0.07032012939453125,EXP_LinearModel_Alpha158_csi300_custom_step0_s_20260519_15,dd70fe95cbcc49979825778b78cd4677,0.098,,,
360,2026-05-19,SH600989,0.03599705547094345,EXP_LinearModel_Alpha158_csi300_custom_step0_s_20260519_15,dd70fe95cbcc49979825778b78cd4677,0.098,,,
361,2026-05-19,SH600958,,EXP_LinearModel_Alpha158_csi300_custom_step0_s_20260519_15,dd70fe95cbcc49979825778b78cd4677,0.098,,,
362,2026-05-19,SH600941,0.042488329112529755,EXP_LinearModel_Alpha158_csi300_custom_step0_s_20260519_15,dd70fe95cbcc49979825778b78cd4677,0.098,,,
363,2026-05-19,SH600938,0.11047723889350891,EXP_LinearModel_Alpha158_csi300_custom_step0_s_20260519_15,dd70fe95cbcc49979825778b78cd4677,0.098,,,
364,2026-05-19,SH600930,0.003029832849279046,EXP_LinearModel_Alpha158_csi300_custom_step0_s_20260519_15,dd70fe95cbcc49979825778b78cd4677,0.098,,,
365,2026-05-19,SH601009,-0.02232140488922596,EXP_LinearModel_Alpha158_csi300_custom_step0_s_20260519_15,dd70fe95cbcc49979825778b78cd4677,0.098,,,
366,2026-05-19,SH600926,-0.03434424102306366,EXP_LinearModel_Alpha158_csi300_custom_step0_s_20260519_15,dd70fe95cbcc49979825778b78cd4677,0.098,,,
367,2026-05-19,SH600918,-0.05154071003198624,EXP_LinearModel_Alpha158_csi300_custom_step0_s_20260519_15,dd70fe95cbcc49979825778b78cd4677,0.098,,,
368,2026-05-19,SH600905,-0.009450641460716724,EXP_LinearModel_Alpha158_csi300_custom_step0_s_20260519_15,dd70fe95cbcc49979825778b78cd4677,0.098,,,
369,2026-05-19,SH600900,0.04734405130147934,EXP_LinearModel_Alpha158_csi300_custom_step0_s_20260519_15,dd70fe95cbcc49979825778b78cd4677,0.098,,,
370,2026-05-19,SH600893,-0.0634331926703453,EXP_LinearModel_Alpha158_csi300_custom_step0_s_20260519_15,dd70fe95cbcc49979825778b78cd4677,0.098,,,
371,2026-05-19,SH600887,0.04027342423796654,EXP_LinearModel_Alpha158_csi300_custom_step0_s_20260519_15,dd70fe95cbcc49979825778b78cd4677,0.098,,,
372,2026-05-19,SH600886,0.05890034884214401,EXP_LinearModel_Alpha158_csi300_custom_step0_s_20260519_15,dd70fe95cbcc49979825778b78cd4677,0.098,,,
373,2026-05-19,SH600875,0.014520381577312946,EXP_LinearModel_Alpha158_csi300_custom_step0_s_20260519_15,dd70fe95cbcc49979825778b78cd4677,0.098,,,
374,2026-05-19,SH600919,0.056067124009132385,EXP_LinearModel_Alpha158_csi300_custom_step0_s_20260519_15,dd70fe95cbcc49979825778b78cd4677,0.098,,,
375,2026-05-19,SH601878,-0.05802658200263977,EXP_LinearModel_Alpha158_csi300_custom_step0_s_20260519_15,dd70fe95cbcc49979825778b78cd4677,0.098,,,
376,2026-05-19,SH601012,-0.02289949357509613,EXP_LinearModel_Alpha158_csi300_custom_step0_s_20260519_15,dd70fe95cbcc49979825778b78cd4677,0.098,,,
377,2026-05-19,SH601021,-0.03030487149953842,EXP_LinearModel_Alpha158_csi300_custom_step0_s_20260519_15,dd70fe95cbcc49979825778b78cd4677,0.098,,,
378,2026-05-19,SH601225,0.07785382121801376,EXP_LinearModel_Alpha158_csi300_custom_step0_s_20260519_15,dd70fe95cbcc49979825778b78cd4677,0.098,,,
379,2026-05-19,SH601211,-0.06878174096345901,EXP_LinearModel_Alpha158_csi300_custom_step0_s_20260519_15,dd70fe95cbcc49979825778b78cd4677,0.098,,,
380,2026-05-19,SH601186,0.025881724432110786,EXP_LinearModel_Alpha158_csi300_custom_step0_s_20260519_15,dd70fe95cbcc49979825778b78cd4677,0.098,,,
381,2026-05-19,SH601169,0.03157522901892662,EXP_LinearModel_Alpha158_csi300_custom_step0_s_20260519_15,dd70fe95cbcc49979825778b78cd4677,0.098,,,
382,2026-05-19,SH601166,-0.030536632984876633,EXP_LinearModel_Alpha158_csi300_custom_step0_s_20260519_15,dd70fe95cbcc49979825778b78cd4677,0.098,,,
383,2026-05-19,SH601138,-0.0514938123524189,EXP_LinearModel_Alpha158_csi300_custom_step0_s_20260519_15,dd70fe95cbcc49979825778b78cd4677,0.098,,,
384,2026-05-19,SH601136,-0.037840209901332855,EXP_LinearModel_Alpha158_csi300_custom_step0_s_20260519_15,dd70fe95cbcc49979825778b78cd4677,0.098,,,
385,2026-05-19,SH601018,0.05624232813715935,EXP_LinearModel_Alpha158_csi300_custom_step0_s_20260519_15,dd70fe95cbcc49979825778b78cd4677,0.098,,,
386,2026-05-19,SH601127,-0.0900668352842331,EXP_LinearModel_Alpha158_csi300_custom_step0_s_20260519_15,dd70fe95cbcc49979825778b78cd4677,0.098,,,
387,2026-05-19,SH601111,-0.09083099663257599,EXP_LinearModel_Alpha158_csi300_custom_step0_s_20260519_15,dd70fe95cbcc49979825778b78cd4677,0.098,,,
388,2026-05-19,SH601100,-0.04603748768568039,EXP_LinearModel_Alpha158_csi300_custom_step0_s_20260519_15,dd70fe95cbcc49979825778b78cd4677,0.098,,,
389,2026-05-19,SH601088,0.07067231088876724,EXP_LinearModel_Alpha158_csi300_custom_step0_s_20260519_15,dd70fe95cbcc49979825778b78cd4677,0.098,,,
390,2026-05-19,SH601077,0.006737623363733292,EXP_LinearModel_Alpha158_csi300_custom_step0_s_20260519_15,dd70fe95cbcc49979825778b78cd4677,0.098,,,
391,2026-05-19,SH601066,-0.08019327372312546,EXP_LinearModel_Alpha158_csi300_custom_step0_s_20260519_15,dd70fe95cbcc49979825778b78cd4677,0.098,,,
392,2026-05-19,SH601059,0.00546110887080431,EXP_LinearModel_Alpha158_csi300_custom_step0_s_20260519_15,dd70fe95cbcc49979825778b78cd4677,0.098,,,
393,2026-05-19,SH601058,-0.07904626429080963,EXP_LinearModel_Alpha158_csi300_custom_step0_s_20260519_15,dd70fe95cbcc49979825778b78cd4677,0.098,,,
394,2026-05-19,SH601117,-0.035154327750205994,EXP_LinearModel_Alpha158_csi300_custom_step0_s_20260519_15,dd70fe95cbcc49979825778b78cd4677,0.098,,,
395,2026-05-19,SH601881,-0.03558611869812012,EXP_LinearModel_Alpha158_csi300_custom_step0_s_20260519_15,dd70fe95cbcc49979825778b78cd4677,0.098,,,
396,2026-05-19,SH601888,-0.1004754975438118,EXP_LinearModel_Alpha158_csi300_custom_step0_s_20260519_15,dd70fe95cbcc49979825778b78cd4677,0.098,,,
397,2026-05-19,SH601898,0.07358614355325699,EXP_LinearModel_Alpha158_csi300_custom_step0_s_20260519_15,dd70fe95cbcc49979825778b78cd4677,0.098,,,
398,2026-05-19,SZ000568,-0.03051207959651947,EXP_LinearModel_Alpha158_csi300_custom_step0_s_20260519_15,dd70fe95cbcc49979825778b78cd4677,0.098,,,
399,2026-05-19,SZ000538,-0.02497859112918377,EXP_LinearModel_Alpha158_csi300_custom_step0_s_20260519_15,dd70fe95cbcc49979825778b78cd4677,0.098,,,
400,2026-05-19,SZ000425,-0.05077032744884491,EXP_LinearModel_Alpha158_csi300_custom_step0_s_20260519_15,dd70fe95cbcc49979825778b78cd4677,0.098,,,
401,2026-05-19,SZ000408,-0.020887281745672226,EXP_LinearModel_Alpha158_csi300_custom_step0_s_20260519_15,dd70fe95cbcc49979825778b78cd4677,0.098,,,
402,2026-05-19,SZ000338,0.07395616173744202,EXP_LinearModel_Alpha158_csi300_custom_step0_s_20260519_15,dd70fe95cbcc49979825778b78cd4677,0.098,,,
403,2026-05-19,SZ000333,0.020917359739542007,EXP_LinearModel_Alpha158_csi300_custom_step0_s_20260519_15,dd70fe95cbcc49979825778b78cd4677,0.098,,,
404,2026-05-19,SZ000301,0.032704420387744904,EXP_LinearModel_Alpha158_csi300_custom_step0_s_20260519_15,dd70fe95cbcc49979825778b78cd4677,0.098,,,
405,2026-05-19,SZ000596,-0.055427297949790955,EXP_LinearModel_Alpha158_csi300_custom_step0_s_20260519_15,dd70fe95cbcc49979825778b78cd4677,0.098,,,
406,2026-05-19,SZ000166,-0.02598392218351364,EXP_LinearModel_Alpha158_csi300_custom_step0_s_20260519_15,dd70fe95cbcc49979825778b78cd4677,0.098,,,
407,2026-05-19,SZ000100,-0.031192969530820847,EXP_LinearModel_Alpha158_csi300_custom_step0_s_20260519_15,dd70fe95cbcc49979825778b78cd4677,0.098,,,
408,2026-05-19,SZ000063,-0.07810008525848389,EXP_LinearModel_Alpha158_csi300_custom_step0_s_20260519_15,dd70fe95cbcc49979825778b78cd4677,0.098,,,
409,2026-05-19,SZ000002,-0.03727637231349945,EXP_LinearModel_Alpha158_csi300_custom_step0_s_20260519_15,dd70fe95cbcc49979825778b78cd4677,0.098,,,
410,2026-05-19,SZ000001,-0.00017914152704179287,EXP_LinearModel_Alpha158_csi300_custom_step0_s_20260519_15,dd70fe95cbcc49979825778b78cd4677,0.098,,,
411,2026-05-19,SH688981,-0.01351819559931755,EXP_LinearModel_Alpha158_csi300_custom_step0_s_20260519_15,dd70fe95cbcc49979825778b78cd4677,0.098,,,
412,2026-05-19,SH688506,-0.05808384343981743,EXP_LinearModel_Alpha158_csi300_custom_step0_s_20260519_15,dd70fe95cbcc49979825778b78cd4677,0.098,,,
413,2026-05-19,SH688472,-0.012583369389176369,EXP_LinearModel_Alpha158_csi300_custom_step0_s_20260519_15,dd70fe95cbcc49979825778b78cd4677,0.098,,,
414,2026-05-19,SZ000157,-0.09024893492460251,EXP_LinearModel_Alpha158_csi300_custom_step0_s_20260519_15,dd70fe95cbcc49979825778b78cd4677,0.098,,,
415,2026-05-19,SH688396,-0.0020501650869846344,EXP_LinearModel_Alpha158_csi300_custom_step0_s_20260519_15,dd70fe95cbcc49979825778b78cd4677,0.098,,,
416,2026-05-19,SZ000617,-0.022464578971266747,EXP_LinearModel_Alpha158_csi300_custom_step0_s_20260519_15,dd70fe95cbcc49979825778b78cd4677,0.098,,,
417,2026-05-19,SZ000630,-0.10498562455177307,EXP_LinearModel_Alpha158_csi300_custom_step0_s_20260519_15,dd70fe95cbcc49979825778b78cd4677,0.098,,,
418,2026-05-19,SZ000977,-0.09596102684736252,EXP_LinearModel_Alpha158_csi300_custom_step0_s_20260519_15,dd70fe95cbcc49979825778b78cd4677,0.098,,,
419,2026-05-19,SZ000975,-0.04029184952378273,EXP_LinearModel_Alpha158_csi300_custom_step0_s_20260519_15,dd70fe95cbcc49979825778b78cd4677,0.098,,,
420,2026-05-19,SZ000963,-0.035113126039505005,EXP_LinearModel_Alpha158_csi300_custom_step0_s_20260519_15,dd70fe95cbcc49979825778b78cd4677,0.098,,,
421,2026-05-19,SZ000938,0.009657654911279678,EXP_LinearModel_Alpha158_csi300_custom_step0_s_20260519_15,dd70fe95cbcc49979825778b78cd4677,0.098,,,
422,2026-05-19,SZ000895,0.0007348536164499819,EXP_LinearModel_Alpha158_csi300_custom_step0_s_20260519_15,dd70fe95cbcc49979825778b78cd4677,0.098,,,
423,2026-05-19,SZ000876,0.027568139135837555,EXP_LinearModel_Alpha158_csi300_custom_step0_s_20260519_15,dd70fe95cbcc49979825778b78cd4677,0.098,,,
424,2026-05-19,SZ000858,0.04250834882259369,EXP_LinearModel_Alpha158_csi300_custom_step0_s_20260519_15,dd70fe95cbcc49979825778b78cd4677,0.098,,,
425,2026-05-19,SZ000625,-0.003483382984995842,EXP_LinearModel_Alpha158_csi300_custom_step0_s_20260519_15,dd70fe95cbcc49979825778b78cd4677,0.098,,,
426,2026-05-19,SZ000807,-0.035346608608961105,EXP_LinearModel_Alpha158_csi300_custom_step0_s_20260519_15,dd70fe95cbcc49979825778b78cd4677,0.098,,,
427,2026-05-19,SZ000786,-0.04276540130376816,EXP_LinearModel_Alpha158_csi300_custom_step0_s_20260519_15,dd70fe95cbcc49979825778b78cd4677,0.098,,,
428,2026-05-19,SZ000776,-0.03687423840165138,EXP_LinearModel_Alpha158_csi300_custom_step0_s_20260519_15,dd70fe95cbcc49979825778b78cd4677,0.098,,,
429,2026-05-19,SZ000768,-0.07596676051616669,EXP_LinearModel_Alpha158_csi300_custom_step0_s_20260519_15,dd70fe95cbcc49979825778b78cd4677,0.098,,,
430,2026-05-19,SZ000725,0.0181521438062191,EXP_LinearModel_Alpha158_csi300_custom_step0_s_20260519_15,dd70fe95cbcc49979825778b78cd4677,0.098,,,
431,2026-05-19,SZ000708,0.003735392354428768,EXP_LinearModel_Alpha158_csi300_custom_step0_s_20260519_15,dd70fe95cbcc49979825778b78cd4677,0.098,,,
432,2026-05-19,SZ000661,-0.09625488519668579,EXP_LinearModel_Alpha158_csi300_custom_step0_s_20260519_15,dd70fe95cbcc49979825778b78cd4677,0.098,,,
433,2026-05-19,SZ000651,0.07071944326162338,EXP_LinearModel_Alpha158_csi300_custom_step0_s_20260519_15,dd70fe95cbcc49979825778b78cd4677,0.098,,,
434,2026-05-19,SZ000792,-0.06861604005098343,EXP_LinearModel_Alpha158_csi300_custom_step0_s_20260519_15,dd70fe95cbcc49979825778b78cd4677,0.098,,,
435,2026-05-19,SH600845,-0.0020537986420094967,EXP_LinearModel_Alpha158_csi300_custom_step0_s_20260519_15,dd70fe95cbcc49979825778b78cd4677,0.098,,,
436,2026-05-19,SH688303,-0.07917395979166031,EXP_LinearModel_Alpha158_csi300_custom_step0_s_20260519_15,dd70fe95cbcc49979825778b78cd4677,0.098,,,
437,2026-05-19,SH688256,0.02083449997007847,EXP_LinearModel_Alpha158_csi300_custom_step0_s_20260519_15,dd70fe95cbcc49979825778b78cd4677,0.098,,,
438,2026-05-19,SH603369,-0.01764930970966816,EXP_LinearModel_Alpha158_csi300_custom_step0_s_20260519_15,dd70fe95cbcc49979825778b78cd4677,0.098,,,
439,2026-05-19,SH603296,-0.07003236562013626,EXP_LinearModel_Alpha158_csi300_custom_step0_s_20260519_15,dd70fe95cbcc49979825778b78cd4677,0.098,,,
440,2026-05-19,SH603288,-0.12066806107759476,EXP_LinearModel_Alpha158_csi300_custom_step0_s_20260519_15,dd70fe95cbcc49979825778b78cd4677,0.098,,,
441,2026-05-19,SH603260,-0.03590859845280647,EXP_LinearModel_Alpha158_csi300_custom_step0_s_20260519_15,dd70fe95cbcc49979825778b78cd4677,0.098,,,
442,2026-05-19,SH603259,0.020593667402863503,EXP_LinearModel_Alpha158_csi300_custom_step0_s_20260519_15,dd70fe95cbcc49979825778b78cd4677,0.098,,,
443,2026-05-19,SH603195,-0.002985874190926552,EXP_LinearModel_Alpha158_csi300_custom_step0_s_20260519_15,dd70fe95cbcc49979825778b78cd4677,0.098,,,
444,2026-05-19,SH603019,-0.055573299527168274,EXP_LinearModel_Alpha158_csi300_custom_step0_s_20260519_15,dd70fe95cbcc49979825778b78cd4677,0.098,,,
445,2026-05-19,SH603392,-0.09536145627498627,EXP_LinearModel_Alpha158_csi300_custom_step0_s_20260519_15,dd70fe95cbcc49979825778b78cd4677,0.098,,,
446,2026-05-19,SH601998,-0.04112842679023743,EXP_LinearModel_Alpha158_csi300_custom_step0_s_20260519_15,dd70fe95cbcc49979825778b78cd4677,0.098,,,
447,2026-05-19,SH601988,0.048503294587135315,EXP_LinearModel_Alpha158_csi300_custom_step0_s_20260519_15,dd70fe95cbcc49979825778b78cd4677,0.098,,,
448,2026-05-19,SH601985,0.04779132455587387,EXP_LinearModel_Alpha158_csi300_custom_step0_s_20260519_15,dd70fe95cbcc49979825778b78cd4677,0.098,,,
449,2026-05-19,SH601939,0.04840398579835892,EXP_LinearModel_Alpha158_csi300_custom_step0_s_20260519_15,dd70fe95cbcc49979825778b78cd4677,0.098,,,
450,2026-05-19,SH601919,-0.03597722947597504,EXP_LinearModel_Alpha158_csi300_custom_step0_s_20260519_15,dd70fe95cbcc49979825778b78cd4677,0.098,,,
451,2026-05-19,SH601916,0.13332527875900269,EXP_LinearModel_Alpha158_csi300_custom_step0_s_20260519_15,dd70fe95cbcc49979825778b78cd4677,0.098,,,
452,2026-05-19,SH601901,-0.0036676423624157906,EXP_LinearModel_Alpha158_csi300_custom_step0_s_20260519_15,dd70fe95cbcc49979825778b78cd4677,0.098,,,
453,2026-05-19,SH601899,-0.051404036581516266,EXP_LinearModel_Alpha158_csi300_custom_step0_s_20260519_15,dd70fe95cbcc49979825778b78cd4677,0.098,,,
454,2026-05-19,SH601995,-0.016329381614923477,EXP_LinearModel_Alpha158_csi300_custom_step0_s_20260519_15,dd70fe95cbcc49979825778b78cd4677,0.098,,,
455,2026-05-19,SH688271,-0.03050064668059349,EXP_LinearModel_Alpha158_csi300_custom_step0_s_20260519_15,dd70fe95cbcc49979825778b78cd4677,0.098,,,
456,2026-05-19,SH603501,-0.0511845201253891,EXP_LinearModel_Alpha158_csi300_custom_step0_s_20260519_15,dd70fe95cbcc49979825778b78cd4677,0.098,,,
457,2026-05-19,SH603893,0.031005222350358963,EXP_LinearModel_Alpha158_csi300_custom_step0_s_20260519_15,dd70fe95cbcc49979825778b78cd4677,0.098,,,
458,2026-05-19,SH688223,-0.09784761816263199,EXP_LinearModel_Alpha158_csi300_custom_step0_s_20260519_15,dd70fe95cbcc49979825778b78cd4677,0.098,,,
459,2026-05-19,SH688187,-0.13681729137897491,EXP_LinearModel_Alpha158_csi300_custom_step0_s_20260519_15,dd70fe95cbcc49979825778b78cd4677,0.098,,,
460,2026-05-19,SH688169,-0.16264289617538452,EXP_LinearModel_Alpha158_csi300_custom_step0_s_20260519_15,dd70fe95cbcc49979825778b78cd4677,0.098,,,
461,2026-05-19,SH688126,0.25593075156211853,EXP_LinearModel_Alpha158_csi300_custom_step0_s_20260519_15,dd70fe95cbcc49979825778b78cd4677,0.098,,,
462,2026-05-19,SH688111,-0.12722454965114594,EXP_LinearModel_Alpha158_csi300_custom_step0_s_20260519_15,dd70fe95cbcc49979825778b78cd4677,0.098,,,
463,2026-05-19,SH688082,-0.05048235505819321,EXP_LinearModel_Alpha158_csi300_custom_step0_s_20260519_15,dd70fe95cbcc49979825778b78cd4677,0.098,,,
464,2026-05-19,SH688047,-0.04395875707268715,EXP_LinearModel_Alpha158_csi300_custom_step0_s_20260519_15,dd70fe95cbcc49979825778b78cd4677,0.098,,,
465,2026-05-19,SH603799,-0.10787592083215714,EXP_LinearModel_Alpha158_csi300_custom_step0_s_20260519_15,dd70fe95cbcc49979825778b78cd4677,0.098,,,
466,2026-05-19,SH688041,-0.042237214744091034,EXP_LinearModel_Alpha158_csi300_custom_step0_s_20260519_15,dd70fe95cbcc49979825778b78cd4677,0.098,,,
467,2026-05-19,SH688012,-0.10958173871040344,EXP_LinearModel_Alpha158_csi300_custom_step0_s_20260519_15,dd70fe95cbcc49979825778b78cd4677,0.098,,,
468,2026-05-19,SH688009,-6.627605762332678e-05,EXP_LinearModel_Alpha158_csi300_custom_step0_s_20260519_15,dd70fe95cbcc49979825778b78cd4677,0.098,,,
469,2026-05-19,SH688008,0.02818002551794052,EXP_LinearModel_Alpha158_csi300_custom_step0_s_20260519_15,dd70fe95cbcc49979825778b78cd4677,0.098,,,
470,2026-05-19,SH605499,-0.06440669298171997,EXP_LinearModel_Alpha158_csi300_custom_step0_s_20260519_15,dd70fe95cbcc49979825778b78cd4677,0.098,,,
471,2026-05-19,SH605117,-0.023750707507133484,EXP_LinearModel_Alpha158_csi300_custom_step0_s_20260519_15,dd70fe95cbcc49979825778b78cd4677,0.098,,,
472,2026-05-19,SH603993,-0.061232924461364746,EXP_LinearModel_Alpha158_csi300_custom_step0_s_20260519_15,dd70fe95cbcc49979825778b78cd4677,0.098,,,
473,2026-05-19,SH603986,-0.06944206357002258,EXP_LinearModel_Alpha158_csi300_custom_step0_s_20260519_15,dd70fe95cbcc49979825778b78cd4677,0.098,,,
474,2026-05-19,SH688036,-0.05388963595032692,EXP_LinearModel_Alpha158_csi300_custom_step0_s_20260519_15,dd70fe95cbcc49979825778b78cd4677,0.098,,,
475,2026-05-19,SH600809,-0.043233443051576614,EXP_LinearModel_Alpha158_csi300_custom_step0_s_20260519_15,dd70fe95cbcc49979825778b78cd4677,0.098,,,
476,2026-05-19,SH600803,0.007851765491068363,EXP_LinearModel_Alpha158_csi300_custom_step0_s_20260519_15,dd70fe95cbcc49979825778b78cd4677,0.098,,,
477,2026-05-19,SH600795,0.05184591934084892,EXP_LinearModel_Alpha158_csi300_custom_step0_s_20260519_15,dd70fe95cbcc49979825778b78cd4677,0.098,,,
478,2026-05-19,SZ002938,-0.1633322387933731,EXP_LinearModel_Alpha158_csi300_custom_step0_s_20260519_15,ee7e8fbaf0974ef8937330ed5351e2be,0.083,,,
479,2026-05-19,SZ002920,-0.004172989632934332,EXP_LinearModel_Alpha158_csi300_custom_step0_s_20260519_15,ee7e8fbaf0974ef8937330ed5351e2be,0.083,,,
480,2026-05-19,SZ002916,-0.11671268939971924,EXP_LinearModel_Alpha158_csi300_custom_step0_s_20260519_15,ee7e8fbaf0974ef8937330ed5351e2be,0.083,,,
481,2026-05-19,SZ002736,-0.0351300872862339,EXP_LinearModel_Alpha158_csi300_custom_step0_s_20260519_15,ee7e8fbaf0974ef8937330ed5351e2be,0.083,,,
482,2026-05-19,SZ002714,-0.03878143057227135,EXP_LinearModel_Alpha158_csi300_custom_step0_s_20260519_15,ee7e8fbaf0974ef8937330ed5351e2be,0.083,,,
483,2026-05-19,SZ002709,0.0006641983054578304,EXP_LinearModel_Alpha158_csi300_custom_step0_s_20260519_15,ee7e8fbaf0974ef8937330ed5351e2be,0.083,,,
484,2026-05-19,SZ002648,0.03303952142596245,EXP_LinearModel_Alpha158_csi300_custom_step0_s_20260519_15,ee7e8fbaf0974ef8937330ed5351e2be,0.083,,,
485,2026-05-19,SZ003816,0.03716696798801422,EXP_LinearModel_Alpha158_csi300_custom_step0_s_20260519_15,ee7e8fbaf0974ef8937330ed5351e2be,0.083,,,
486,2026-05-19,SZ002625,-0.07163599878549576,EXP_LinearModel_Alpha158_csi300_custom_step0_s_20260519_15,ee7e8fbaf0974ef8937330ed5351e2be,0.083,,,
487,2026-05-19,SZ002600,-0.05571587383747101,EXP_LinearModel_Alpha158_csi300_custom_step0_s_20260519_15,ee7e8fbaf0974ef8937330ed5351e2be,0.083,,,
488,2026-05-19,SZ002594,-0.04494398459792137,EXP_LinearModel_Alpha158_csi300_custom_step0_s_20260519_15,ee7e8fbaf0974ef8937330ed5351e2be,0.083,,,
489,2026-05-19,SZ002493,0.020512886345386505,EXP_LinearModel_Alpha158_csi300_custom_step0_s_20260519_15,ee7e8fbaf0974ef8937330ed5351e2be,0.083,,,
490,2026-05-19,SZ002475,-0.07255869358778,EXP_LinearModel_Alpha158_csi300_custom_step0_s_20260519_15,ee7e8fbaf0974ef8937330ed5351e2be,0.083,,,
491,2026-05-19,SZ002466,0.012839503586292267,EXP_LinearModel_Alpha158_csi300_custom_step0_s_20260519_15,ee7e8fbaf0974ef8937330ed5351e2be,0.083,,,
492,2026-05-19,SZ002463,-0.005146989598870277,EXP_LinearModel_Alpha158_csi300_custom_step0_s_20260519_15,ee7e8fbaf0974ef8937330ed5351e2be,0.083,,,
493,2026-05-19,SZ002460,-0.003193641547113657,EXP_LinearModel_Alpha158_csi300_custom_step0_s_20260519_15,ee7e8fbaf0974ef8937330ed5351e2be,0.083,,,
494,2026-05-19,SZ002601,-0.0007625478319823742,EXP_LinearModel_Alpha158_csi300_custom_step0_s_20260519_15,ee7e8fbaf0974ef8937330ed5351e2be,0.083,,,
495,2026-05-19,SZ002459,-0.003800745354965329,EXP_LinearModel_Alpha158_csi300_custom_step0_s_20260519_15,ee7e8fbaf0974ef8937330ed5351e2be,0.083,,,
496,2026-05-19,SZ300014,-0.0637519508600235,EXP_LinearModel_Alpha158_csi300_custom_step0_s_20260519_15,ee7e8fbaf0974ef8937330ed5351e2be,0.083,,,
497,2026-05-19,SZ300033,-0.03641996905207634,EXP_LinearModel_Alpha158_csi300_custom_step0_s_20260519_15,ee7e8fbaf0974ef8937330ed5351e2be,0.083,,,
498,2026-05-19,SZ300498,-0.0356973260641098,EXP_LinearModel_Alpha158_csi300_custom_step0_s_20260519_15,ee7e8fbaf0974ef8937330ed5351e2be,0.083,,,
499,2026-05-19,SZ300476,-0.07801471650600433,EXP_LinearModel_Alpha158_csi300_custom_step0_s_20260519_15,ee7e8fbaf0974ef8937330ed5351e2be,0.083,,,
500,2026-05-19,SZ300442,,EXP_LinearModel_Alpha158_csi300_custom_step0_s_20260519_15,ee7e8fbaf0974ef8937330ed5351e2be,0.083,,,
501,2026-05-19,SZ300433,-0.0934561938047409,EXP_LinearModel_Alpha158_csi300_custom_step0_s_20260519_15,ee7e8fbaf0974ef8937330ed5351e2be,0.083,,,
502,2026-05-19,SZ300418,-0.1038455069065094,EXP_LinearModel_Alpha158_csi300_custom_step0_s_20260519_15,ee7e8fbaf0974ef8937330ed5351e2be,0.083,,,
503,2026-05-19,SZ300413,-0.06779322028160095,EXP_LinearModel_Alpha158_csi300_custom_step0_s_20260519_15,ee7e8fbaf0974ef8937330ed5351e2be,0.083,,,
504,2026-05-19,SZ300408,-0.09346548467874527,EXP_LinearModel_Alpha158_csi300_custom_step0_s_20260519_15,ee7e8fbaf0974ef8937330ed5351e2be,0.083,,,
505,2026-05-19,SZ300015,-0.0071329232305288315,EXP_LinearModel_Alpha158_csi300_custom_step0_s_20260519_15,ee7e8fbaf0974ef8937330ed5351e2be,0.083,,,
506,2026-05-19,SZ300394,-0.012482823804020882,EXP_LinearModel_Alpha158_csi300_custom_step0_s_20260519_15,ee7e8fbaf0974ef8937330ed5351e2be,0.083,,,
507,2026-05-19,SZ300316,-0.02762795239686966,EXP_LinearModel_Alpha158_csi300_custom_step0_s_20260519_15,ee7e8fbaf0974ef8937330ed5351e2be,0.083,,,
508,2026-05-19,SZ300308,-0.030119162052869797,EXP_LinearModel_Alpha158_csi300_custom_step0_s_20260519_15,ee7e8fbaf0974ef8937330ed5351e2be,0.083,,,
509,2026-05-19,SZ300274,-0.08831370621919632,EXP_LinearModel_Alpha158_csi300_custom_step0_s_20260519_15,ee7e8fbaf0974ef8937330ed5351e2be,0.083,,,
510,2026-05-19,SZ300251,-0.1555415689945221,EXP_LinearModel_Alpha158_csi300_custom_step0_s_20260519_15,ee7e8fbaf0974ef8937330ed5351e2be,0.083,,,
511,2026-05-19,SZ300124,-0.0067858388647437096,EXP_LinearModel_Alpha158_csi300_custom_step0_s_20260519_15,ee7e8fbaf0974ef8937330ed5351e2be,0.083,,,
512,2026-05-19,SZ300122,-0.09593124687671661,EXP_LinearModel_Alpha158_csi300_custom_step0_s_20260519_15,ee7e8fbaf0974ef8937330ed5351e2be,0.083,,,
513,2026-05-19,SZ300059,-0.0580391101539135,EXP_LinearModel_Alpha158_csi300_custom_step0_s_20260519_15,ee7e8fbaf0974ef8937330ed5351e2be,0.083,,,
514,2026-05-19,SZ300347,-0.032820433378219604,EXP_LinearModel_Alpha158_csi300_custom_step0_s_20260519_15,ee7e8fbaf0974ef8937330ed5351e2be,0.083,,,
515,2026-05-19,SZ300502,-0.042218346148729324,EXP_LinearModel_Alpha158_csi300_custom_step0_s_20260519_15,ee7e8fbaf0974ef8937330ed5351e2be,0.083,,,
516,2026-05-19,SZ002422,0.02100354991853237,EXP_LinearModel_Alpha158_csi300_custom_step0_s_20260519_15,ee7e8fbaf0974ef8937330ed5351e2be,0.083,,,
517,2026-05-19,SZ002384,-0.04633720591664314,EXP_LinearModel_Alpha158_csi300_custom_step0_s_20260519_15,ee7e8fbaf0974ef8937330ed5351e2be,0.083,,,
518,2026-05-19,SZ000983,-0.028034193441271782,EXP_LinearModel_Alpha158_csi300_custom_step0_s_20260519_15,ee7e8fbaf0974ef8937330ed5351e2be,0.083,,,
519,2026-05-19,SZ000977,-0.03992743417620659,EXP_LinearModel_Alpha158_csi300_custom_step0_s_20260519_15,ee7e8fbaf0974ef8937330ed5351e2be,0.083,,,
520,2026-05-19,SZ000975,-0.011478262953460217,EXP_LinearModel_Alpha158_csi300_custom_step0_s_20260519_15,ee7e8fbaf0974ef8937330ed5351e2be,0.083,,,
521,2026-05-19,SZ000963,-0.04884675517678261,EXP_LinearModel_Alpha158_csi300_custom_step0_s_20260519_15,ee7e8fbaf0974ef8937330ed5351e2be,0.083,,,
522,2026-05-19,SZ000938,-0.0089400140568614,EXP_LinearModel_Alpha158_csi300_custom_step0_s_20260519_15,ee7e8fbaf0974ef8937330ed5351e2be,0.083,,,
523,2026-05-19,SZ000895,-0.018141303211450577,EXP_LinearModel_Alpha158_csi300_custom_step0_s_20260519_15,ee7e8fbaf0974ef8937330ed5351e2be,0.083,,,
524,2026-05-19,SZ000876,-0.021715885028243065,EXP_LinearModel_Alpha158_csi300_custom_step0_s_20260519_15,ee7e8fbaf0974ef8937330ed5351e2be,0.083,,,
525,2026-05-19,SZ000999,-0.04793843254446983,EXP_LinearModel_Alpha158_csi300_custom_step0_s_20260519_15,ee7e8fbaf0974ef8937330ed5351e2be,0.083,,,
526,2026-05-19,SZ000858,0.0016269441694021225,EXP_LinearModel_Alpha158_csi300_custom_step0_s_20260519_15,ee7e8fbaf0974ef8937330ed5351e2be,0.083,,,
527,2026-05-19,SZ000792,-0.03969644755125046,EXP_LinearModel_Alpha158_csi300_custom_step0_s_20260519_15,ee7e8fbaf0974ef8937330ed5351e2be,0.083,,,
528,2026-05-19,SZ000786,-0.00018582376651465893,EXP_LinearModel_Alpha158_csi300_custom_step0_s_20260519_15,ee7e8fbaf0974ef8937330ed5351e2be,0.083,,,
529,2026-05-19,SZ000776,-0.0008650110103189945,EXP_LinearModel_Alpha158_csi300_custom_step0_s_20260519_15,ee7e8fbaf0974ef8937330ed5351e2be,0.083,,,
530,2026-05-19,SZ000768,-0.0453968346118927,EXP_LinearModel_Alpha158_csi300_custom_step0_s_20260519_15,ee7e8fbaf0974ef8937330ed5351e2be,0.083,,,
531,2026-05-19,SZ000725,0.018390322104096413,EXP_LinearModel_Alpha158_csi300_custom_step0_s_20260519_15,ee7e8fbaf0974ef8937330ed5351e2be,0.083,,,
532,2026-05-19,SZ000708,-0.009643017314374447,EXP_LinearModel_Alpha158_csi300_custom_step0_s_20260519_15,ee7e8fbaf0974ef8937330ed5351e2be,0.083,,,
533,2026-05-19,SZ000661,-0.04872401803731918,EXP_LinearModel_Alpha158_csi300_custom_step0_s_20260519_15,ee7e8fbaf0974ef8937330ed5351e2be,0.083,,,
534,2026-05-19,SZ000807,-0.06231842190027237,EXP_LinearModel_Alpha158_csi300_custom_step0_s_20260519_15,ee7e8fbaf0974ef8937330ed5351e2be,0.083,,,
535,2026-05-19,SZ002415,-0.03500731289386749,EXP_LinearModel_Alpha158_csi300_custom_step0_s_20260519_15,ee7e8fbaf0974ef8937330ed5351e2be,0.083,,,
536,2026-05-19,SZ001391,-0.04248929023742676,EXP_LinearModel_Alpha158_csi300_custom_step0_s_20260519_15,ee7e8fbaf0974ef8937330ed5351e2be,0.083,,,
537,2026-05-19,SZ001979,-0.0422520637512207,EXP_LinearModel_Alpha158_csi300_custom_step0_s_20260519_15,ee7e8fbaf0974ef8937330ed5351e2be,0.083,,,
538,2026-05-19,SZ002371,-0.0557997040450573,EXP_LinearModel_Alpha158_csi300_custom_step0_s_20260519_15,ee7e8fbaf0974ef8937330ed5351e2be,0.083,,,
539,2026-05-19,SZ002352,-0.04476859048008919,EXP_LinearModel_Alpha158_csi300_custom_step0_s_20260519_15,ee7e8fbaf0974ef8937330ed5351e2be,0.083,,,
540,2026-05-19,SZ002311,-0.0454782135784626,EXP_LinearModel_Alpha158_csi300_custom_step0_s_20260519_15,ee7e8fbaf0974ef8937330ed5351e2be,0.083,,,
541,2026-05-19,SZ002304,-0.06337400525808334,EXP_LinearModel_Alpha158_csi300_custom_step0_s_20260519_15,ee7e8fbaf0974ef8937330ed5351e2be,0.083,,,
542,2026-05-19,SZ002252,-0.007953033782541752,EXP_LinearModel_Alpha158_csi300_custom_step0_s_20260519_15,ee7e8fbaf0974ef8937330ed5351e2be,0.083,,,
543,2026-05-19,SZ002241,-0.0008684929925948381,EXP_LinearModel_Alpha158_csi300_custom_step0_s_20260519_15,ee7e8fbaf0974ef8937330ed5351e2be,0.083,,,
544,2026-05-19,SZ002236,-0.005227246321737766,EXP_LinearModel_Alpha158_csi300_custom_step0_s_20260519_15,ee7e8fbaf0974ef8937330ed5351e2be,0.083,,,
545,2026-05-19,SZ001965,0.09071599692106247,EXP_LinearModel_Alpha158_csi300_custom_step0_s_20260519_15,ee7e8fbaf0974ef8937330ed5351e2be,0.083,,,
546,2026-05-19,SZ002230,-0.04669473320245743,EXP_LinearModel_Alpha158_csi300_custom_step0_s_20260519_15,ee7e8fbaf0974ef8937330ed5351e2be,0.083,,,
547,2026-05-19,SZ002142,-0.011992303654551506,EXP_LinearModel_Alpha158_csi300_custom_step0_s_20260519_15,ee7e8fbaf0974ef8937330ed5351e2be,0.083,,,
548,2026-05-19,SZ002074,-0.029376570135354996,EXP_LinearModel_Alpha158_csi300_custom_step0_s_20260519_15,ee7e8fbaf0974ef8937330ed5351e2be,0.083,,,
549,2026-05-19,SZ002050,-0.013586331158876419,EXP_LinearModel_Alpha158_csi300_custom_step0_s_20260519_15,ee7e8fbaf0974ef8937330ed5351e2be,0.083,,,
550,2026-05-19,SZ002049,0.012137548997998238,EXP_LinearModel_Alpha158_csi300_custom_step0_s_20260519_15,ee7e8fbaf0974ef8937330ed5351e2be,0.083,,,
551,2026-05-19,SZ002028,-0.01397078949958086,EXP_LinearModel_Alpha158_csi300_custom_step0_s_20260519_15,ee7e8fbaf0974ef8937330ed5351e2be,0.083,,,
552,2026-05-19,SZ002027,-0.019489413127303123,EXP_LinearModel_Alpha158_csi300_custom_step0_s_20260519_15,ee7e8fbaf0974ef8937330ed5351e2be,0.083,,,
553,2026-05-19,SZ002001,0.018730774521827698,EXP_LinearModel_Alpha158_csi300_custom_step0_s_20260519_15,ee7e8fbaf0974ef8937330ed5351e2be,0.083,,,
554,2026-05-19,SZ002179,-0.03601553663611412,EXP_LinearModel_Alpha158_csi300_custom_step0_s_20260519_15,ee7e8fbaf0974ef8937330ed5351e2be,0.083,,,
555,2026-05-19,SH688981,-0.03361515256144192,EXP_DEnsembleModel_Alpha158_csi300_custom_step0_s_20260519_15,699c999730254f81a96fa2d56fd18281,0.053,,,
556,2026-05-19,SZ300628,0.010799976997077465,EXP_LinearModel_Alpha158_csi300_custom_step0_s_20260519_15,ee7e8fbaf0974ef8937330ed5351e2be,0.083,,,
557,2026-05-19,SZ300750,0.024222925305366516,EXP_LinearModel_Alpha158_csi300_custom_step0_s_20260519_15,ee7e8fbaf0974ef8937330ed5351e2be,0.083,,,
558,2026-05-19,SH600415,0.0021195784211158752,EXP_LinearModel_Alpha158_csi300_custom_step0_s_20260519_15,dd70fe95cbcc49979825778b78cd4677,0.098,,,
559,2026-05-19,SH600406,-0.08815715461969376,EXP_LinearModel_Alpha158_csi300_custom_step0_s_20260519_15,dd70fe95cbcc49979825778b78cd4677,0.098,,,
560,2026-05-19,SH600377,0.01814517192542553,EXP_LinearModel_Alpha158_csi300_custom_step0_s_20260519_15,dd70fe95cbcc49979825778b78cd4677,0.098,,,
561,2026-05-19,SH600372,-0.06914816796779633,EXP_LinearModel_Alpha158_csi300_custom_step0_s_20260519_15,dd70fe95cbcc49979825778b78cd4677,0.098,,,
562,2026-05-19,SH600362,-0.10474136471748352,EXP_LinearModel_Alpha158_csi300_custom_step0_s_20260519_15,dd70fe95cbcc49979825778b78cd4677,0.098,,,
563,2026-05-19,SH600346,-0.05264848470687866,EXP_LinearModel_Alpha158_csi300_custom_step0_s_20260519_15,dd70fe95cbcc49979825778b78cd4677,0.098,,,
564,2026-05-19,SH600309,0.0048423768021166325,EXP_LinearModel_Alpha158_csi300_custom_step0_s_20260519_15,dd70fe95cbcc49979825778b78cd4677,0.098,,,
565,2026-05-19,SH600426,0.007939262315630913,EXP_LinearModel_Alpha158_csi300_custom_step0_s_20260519_15,dd70fe95cbcc49979825778b78cd4677,0.098,,,
566,2026-05-19,SH600276,-0.05960895121097565,EXP_LinearModel_Alpha158_csi300_custom_step0_s_20260519_15,dd70fe95cbcc49979825778b78cd4677,0.098,,,
567,2026-05-19,SH600219,-0.018674876540899277,EXP_LinearModel_Alpha158_csi300_custom_step0_s_20260519_15,dd70fe95cbcc49979825778b78cd4677,0.098,,,
568,2026-05-19,SH600196,-0.09090553224086761,EXP_LinearModel_Alpha158_csi300_custom_step0_s_20260519_15,dd70fe95cbcc49979825778b78cd4677,0.098,,,
569,2026-05-19,SH600188,0.05549732968211174,EXP_LinearModel_Alpha158_csi300_custom_step0_s_20260519_15,dd70fe95cbcc49979825778b78cd4677,0.098,,,
570,2026-05-19,SH600183,-0.13528020679950714,EXP_LinearModel_Alpha158_csi300_custom_step0_s_20260519_15,dd70fe95cbcc49979825778b78cd4677,0.098,,,
571,2026-05-19,SH600176,0.037803150713443756,EXP_LinearModel_Alpha158_csi300_custom_step0_s_20260519_15,dd70fe95cbcc49979825778b78cd4677,0.098,,,
572,2026-05-19,SH600161,0.009613284841179848,EXP_LinearModel_Alpha158_csi300_custom_step0_s_20260519_15,dd70fe95cbcc49979825778b78cd4677,0.098,,,
573,2026-05-19,SH600160,-0.04815778136253357,EXP_LinearModel_Alpha158_csi300_custom_step0_s_20260519_15,dd70fe95cbcc49979825778b78cd4677,0.098,,,
574,2026-05-19,SH600233,0.02328263781964779,EXP_LinearModel_Alpha158_csi300_custom_step0_s_20260519_15,dd70fe95cbcc49979825778b78cd4677,0.098,,,
575,2026-05-19,SH600150,0.01246787142008543,EXP_LinearModel_Alpha158_csi300_custom_step0_s_20260519_15,dd70fe95cbcc49979825778b78cd4677,0.098,,,
576,2026-05-19,SH600436,-0.020548023283481598,EXP_LinearModel_Alpha158_csi300_custom_step0_s_20260519_15,dd70fe95cbcc49979825778b78cd4677,0.098,,,
577,2026-05-19,SH600460,-0.014006199315190315,EXP_LinearModel_Alpha158_csi300_custom_step0_s_20260519_15,dd70fe95cbcc49979825778b78cd4677,0.098,,,
578,2026-05-19,SH600760,-0.08675327897071838,EXP_LinearModel_Alpha158_csi300_custom_step0_s_20260519_15,dd70fe95cbcc49979825778b78cd4677,0.098,,,
579,2026-05-19,SH600741,-0.06550204008817673,EXP_LinearModel_Alpha158_csi300_custom_step0_s_20260519_15,dd70fe95cbcc49979825778b78cd4677,0.098,,,
580,2026-05-19,SH600690,-0.007994668558239937,EXP_LinearModel_Alpha158_csi300_custom_step0_s_20260519_15,dd70fe95cbcc49979825778b78cd4677,0.098,,,
581,2026-05-19,SH600674,0.0640556737780571,EXP_LinearModel_Alpha158_csi300_custom_step0_s_20260519_15,dd70fe95cbcc49979825778b78cd4677,0.098,,,
582,2026-05-19,SH600660,-0.04476696997880936,EXP_LinearModel_Alpha158_csi300_custom_step0_s_20260519_15,dd70fe95cbcc49979825778b78cd4677,0.098,,,
583,2026-05-19,SH600600,-0.021895814687013626,EXP_LinearModel_Alpha158_csi300_custom_step0_s_20260519_15,dd70fe95cbcc49979825778b78cd4677,0.098,,,
584,2026-05-19,SH600588,-0.06124770641326904,EXP_LinearModel_Alpha158_csi300_custom_step0_s_20260519_15,dd70fe95cbcc49979825778b78cd4677,0.098,,,
585,2026-05-19,SH600438,0.04868519306182861,EXP_LinearModel_Alpha158_csi300_custom_step0_s_20260519_15,dd70fe95cbcc49979825778b78cd4677,0.098,,,
586,2026-05-19,SH600585,-0.10721620917320251,EXP_LinearModel_Alpha158_csi300_custom_step0_s_20260519_15,dd70fe95cbcc49979825778b78cd4677,0.098,,,
587,2026-05-19,SH600570,-0.09795732796192169,EXP_LinearModel_Alpha158_csi300_custom_step0_s_20260519_15,dd70fe95cbcc49979825778b78cd4677,0.098,,,
588,2026-05-19,SH600547,-0.08954271674156189,EXP_LinearModel_Alpha158_csi300_custom_step0_s_20260519_15,dd70fe95cbcc49979825778b78cd4677,0.098,,,
589,2026-05-19,SH600522,0.016450513154268265,EXP_LinearModel_Alpha158_csi300_custom_step0_s_20260519_15,dd70fe95cbcc49979825778b78cd4677,0.098,,,
590,2026-05-19,SH600519,-0.042992379516363144,EXP_LinearModel_Alpha158_csi300_custom_step0_s_20260519_15,dd70fe95cbcc49979825778b78cd4677,0.098,,,
591,2026-05-19,SH600515,-0.02775968424975872,EXP_LinearModel_Alpha158_csi300_custom_step0_s_20260519_15,dd70fe95cbcc49979825778b78cd4677,0.098,,,
592,2026-05-19,SH600489,-0.08718861639499664,EXP_LinearModel_Alpha158_csi300_custom_step0_s_20260519_15,dd70fe95cbcc49979825778b78cd4677,0.098,,,
593,2026-05-19,SH600482,-0.06236385926604271,EXP_LinearModel_Alpha158_csi300_custom_step0_s_20260519_15,dd70fe95cbcc49979825778b78cd4677,0.098,,,
594,2026-05-19,SH600584,0.022096887230873108,EXP_LinearModel_Alpha158_csi300_custom_step0_s_20260519_15,dd70fe95cbcc49979825778b78cd4677,0.098,,,
595,2026-05-19,SZ300661,-0.057374559342861176,EXP_LinearModel_Alpha158_csi300_custom_step0_s_20260519_15,ee7e8fbaf0974ef8937330ed5351e2be,0.083,,,
596,2026-05-19,SH600115,-0.17736735939979553,EXP_LinearModel_Alpha158_csi300_custom_step0_s_20260519_15,dd70fe95cbcc49979825778b78cd4677,0.098,,,
597,2026-05-19,SH600104,-0.014772798866033554,EXP_LinearModel_Alpha158_csi300_custom_step0_s_20260519_15,dd70fe95cbcc49979825778b78cd4677,0.098,,,
598,2026-05-19,SH600011,0.0691874772310257,EXP_LinearModel_Alpha158_csi300_custom_step0_s_20260519_15,dd70fe95cbcc49979825778b78cd4677,0.098,,,
599,2026-05-19,SH600010,-0.06833326071500778,EXP_LinearModel_Alpha158_csi300_custom_step0_s_20260519_15,dd70fe95cbcc49979825778b78cd4677,0.098,,,
600,2026-05-19,SH600009,-0.04798044264316559,EXP_LinearModel_Alpha158_csi300_custom_step0_s_20260519_15,dd70fe95cbcc49979825778b78cd4677,0.098,,,
601,2026-05-19,SH600000,0.025703812018036842,EXP_LinearModel_Alpha158_csi300_custom_step0_s_20260519_15,dd70fe95cbcc49979825778b78cd4677,0.098,,,
602,2026-05-19,SZ302132,-0.034419670701026917,EXP_LinearModel_Alpha158_csi300_custom_step0_s_20260519_15,ee7e8fbaf0974ef8937330ed5351e2be,0.083,,,
603,2026-05-19,SZ301269,-0.03313853219151497,EXP_LinearModel_Alpha158_csi300_custom_step0_s_20260519_15,ee7e8fbaf0974ef8937330ed5351e2be,0.083,,,
604,2026-05-19,SZ301236,-0.07108405232429504,EXP_LinearModel_Alpha158_csi300_custom_step0_s_20260519_15,ee7e8fbaf0974ef8937330ed5351e2be,0.083,,,
605,2026-05-19,SH600015,0.018833596259355545,EXP_LinearModel_Alpha158_csi300_custom_step0_s_20260519_15,dd70fe95cbcc49979825778b78cd4677,0.098,,,
606,2026-05-19,SZ300999,-0.08013857156038284,EXP_LinearModel_Alpha158_csi300_custom_step0_s_20260519_15,ee7e8fbaf0974ef8937330ed5351e2be,0.083,,,
607,2026-05-19,SZ300896,-0.05505678802728653,EXP_LinearModel_Alpha158_csi300_custom_step0_s_20260519_15,ee7e8fbaf0974ef8937330ed5351e2be,0.083,,,
608,2026-05-19,SZ300866,-0.00934210792183876,EXP_LinearModel_Alpha158_csi300_custom_step0_s_20260519_15,ee7e8fbaf0974ef8937330ed5351e2be,0.083,,,
609,2026-05-19,SZ300832,-0.0564190112054348,EXP_LinearModel_Alpha158_csi300_custom_step0_s_20260519_15,ee7e8fbaf0974ef8937330ed5351e2be,0.083,,,
610,2026-05-19,SZ300803,-0.1035197302699089,EXP_LinearModel_Alpha158_csi300_custom_step0_s_20260519_15,ee7e8fbaf0974ef8937330ed5351e2be,0.083,,,
611,2026-05-19,SZ300782,-0.1305595487356186,EXP_LinearModel_Alpha158_csi300_custom_step0_s_20260519_15,ee7e8fbaf0974ef8937330ed5351e2be,0.083,,,
612,2026-05-19,SZ300760,-0.08712297677993774,EXP_LinearModel_Alpha158_csi300_custom_step0_s_20260519_15,ee7e8fbaf0974ef8937330ed5351e2be,0.083,,,
613,2026-05-19,SZ300759,-0.03597072884440422,EXP_LinearModel_Alpha158_csi300_custom_step0_s_20260519_15,ee7e8fbaf0974ef8937330ed5351e2be,0.083,,,
614,2026-05-19,SZ300979,0.022804424166679382,EXP_LinearModel_Alpha158_csi300_custom_step0_s_20260519_15,ee7e8fbaf0974ef8937330ed5351e2be,0.083,,,
615,2026-05-19,SH600111,-0.048861872404813766,EXP_LinearModel_Alpha158_csi300_custom_step0_s_20260519_15,dd70fe95cbcc49979825778b78cd4677,0.098,,,
616,2026-05-19,SH600016,0.04854867607355118,EXP_LinearModel_Alpha158_csi300_custom_step0_s_20260519_15,dd70fe95cbcc49979825778b78cd4677,0.098,,,
617,2026-05-19,SH600019,0.022428112104535103,EXP_LinearModel_Alpha158_csi300_custom_step0_s_20260519_15,dd70fe95cbcc49979825778b78cd4677,0.098,,,
618,2026-05-19,SH600089,-0.06667736917734146,EXP_LinearModel_Alpha158_csi300_custom_step0_s_20260519_15,dd70fe95cbcc49979825778b78cd4677,0.098,,,
619,2026-05-19,SH600085,-0.0035649165511131287,EXP_LinearModel_Alpha158_csi300_custom_step0_s_20260519_15,dd70fe95cbcc49979825778b78cd4677,0.098,,,
620,2026-05-19,SH600066,-0.03019162081182003,EXP_LinearModel_Alpha158_csi300_custom_step0_s_20260519_15,dd70fe95cbcc49979825778b78cd4677,0.098,,,
621,2026-05-19,SH600061,-1.1232797987759113e-05,EXP_LinearModel_Alpha158_csi300_custom_step0_s_20260519_15,dd70fe95cbcc49979825778b78cd4677,0.098,,,
622,2026-05-19,SH600050,-0.01401444524526596,EXP_LinearModel_Alpha158_csi300_custom_step0_s_20260519_15,dd70fe95cbcc49979825778b78cd4677,0.098,,,
623,2026-05-19,SH600048,-0.0313730351626873,EXP_LinearModel_Alpha158_csi300_custom_step0_s_20260519_15,dd70fe95cbcc49979825778b78cd4677,0.098,,,
624,2026-05-19,SH600039,0.15340596437454224,EXP_LinearModel_Alpha158_csi300_custom_step0_s_20260519_15,dd70fe95cbcc49979825778b78cd4677,0.098,,,
625,2026-05-19,SH600018,0.10910894721746445,EXP_LinearModel_Alpha158_csi300_custom_step0_s_20260519_15,dd70fe95cbcc49979825778b78cd4677,0.098,,,
626,2026-05-19,SH600036,-0.02621135674417019,EXP_LinearModel_Alpha158_csi300_custom_step0_s_20260519_15,dd70fe95cbcc49979825778b78cd4677,0.098,,,
627,2026-05-19,SH600030,-0.04535221308469772,EXP_LinearModel_Alpha158_csi300_custom_step0_s_20260519_15,dd70fe95cbcc49979825778b78cd4677,0.098,,,
628,2026-05-19,SH600029,-0.1518896371126175,EXP_LinearModel_Alpha158_csi300_custom_step0_s_20260519_15,dd70fe95cbcc49979825778b78cd4677,0.098,,,
629,2026-05-19,SH600028,-0.08510331809520721,EXP_LinearModel_Alpha158_csi300_custom_step0_s_20260519_15,dd70fe95cbcc49979825778b78cd4677,0.098,,,
630,2026-05-19,SH600027,0.0517546683549881,EXP_LinearModel_Alpha158_csi300_custom_step0_s_20260519_15,dd70fe95cbcc49979825778b78cd4677,0.098,,,
631,2026-05-19,SH600026,0.006350080482661724,EXP_LinearModel_Alpha158_csi300_custom_step0_s_20260519_15,dd70fe95cbcc49979825778b78cd4677,0.098,,,
632,2026-05-19,SH600025,0.0802939236164093,EXP_LinearModel_Alpha158_csi300_custom_step0_s_20260519_15,dd70fe95cbcc49979825778b78cd4677,0.098,,,
633,2026-05-19,SH600023,0.1200043112039566,EXP_LinearModel_Alpha158_csi300_custom_step0_s_20260519_15,dd70fe95cbcc49979825778b78cd4677,0.098,,,
634,2026-05-19,SH600031,-0.06345494091510773,EXP_LinearModel_Alpha158_csi300_custom_step0_s_20260519_15,dd70fe95cbcc49979825778b78cd4677,0.098,,,
635,2026-05-19,SH688506,0.11605113535922217,EXP_DEnsembleModel_Alpha158_csi300_custom_step0_s_20260519_15,699c999730254f81a96fa2d56fd18281,0.053,,,
636,2026-05-19,SH688472,0.11818599766572259,EXP_DEnsembleModel_Alpha158_csi300_custom_step0_s_20260519_15,699c999730254f81a96fa2d56fd18281,0.053,,,
637,2026-05-19,SH688396,0.16289279786695268,EXP_DEnsembleModel_Alpha158_csi300_custom_step0_s_20260519_15,699c999730254f81a96fa2d56fd18281,0.053,,,
638,2026-05-19,SH600809,-0.0643866089280937,EXP_DEnsembleModel_Alpha158_csi300_custom_step0_s_20260519_15,e04c9fcb678a49c28cb9fcb38da4eff7,0.073,,,
639,2026-05-19,SH600803,0.04387738658568477,EXP_DEnsembleModel_Alpha158_csi300_custom_step0_s_20260519_15,e04c9fcb678a49c28cb9fcb38da4eff7,0.073,,,
640,2026-05-19,SH600795,0.04478777533152964,EXP_DEnsembleModel_Alpha158_csi300_custom_step0_s_20260519_15,e04c9fcb678a49c28cb9fcb38da4eff7,0.073,,,
641,2026-05-19,SH600760,-0.15655631250120852,EXP_DEnsembleModel_Alpha158_csi300_custom_step0_s_20260519_15,e04c9fcb678a49c28cb9fcb38da4eff7,0.073,,,
642,2026-05-19,SH600741,-0.01424156506071537,EXP_DEnsembleModel_Alpha158_csi300_custom_step0_s_20260519_15,e04c9fcb678a49c28cb9fcb38da4eff7,0.073,,,
643,2026-05-19,SH600690,0.09939399422257351,EXP_DEnsembleModel_Alpha158_csi300_custom_step0_s_20260519_15,e04c9fcb678a49c28cb9fcb38da4eff7,0.073,,,
644,2026-05-19,SH600674,0.08450687204200732,EXP_DEnsembleModel_Alpha158_csi300_custom_step0_s_20260519_15,e04c9fcb678a49c28cb9fcb38da4eff7,0.073,,,
645,2026-05-19,SH600660,-0.04224401071837342,EXP_DEnsembleModel_Alpha158_csi300_custom_step0_s_20260519_15,e04c9fcb678a49c28cb9fcb38da4eff7,0.073,,,
646,2026-05-19,SH600600,0.053819995681121044,EXP_DEnsembleModel_Alpha158_csi300_custom_step0_s_20260519_15,e04c9fcb678a49c28cb9fcb38da4eff7,0.073,,,
647,2026-05-19,SH600588,-0.0965134084797427,EXP_DEnsembleModel_Alpha158_csi300_custom_step0_s_20260519_15,e04c9fcb678a49c28cb9fcb38da4eff7,0.073,,,
648,2026-05-19,SH600585,-0.08035405301528056,EXP_DEnsembleModel_Alpha158_csi300_custom_step0_s_20260519_15,e04c9fcb678a49c28cb9fcb38da4eff7,0.073,,,
649,2026-05-19,SH600584,-0.07097531753705544,EXP_DEnsembleModel_Alpha158_csi300_custom_step0_s_20260519_15,e04c9fcb678a49c28cb9fcb38da4eff7,0.073,,,
650,2026-05-19,SH600570,-0.12131471196524674,EXP_DEnsembleModel_Alpha158_csi300_custom_step0_s_20260519_15,e04c9fcb678a49c28cb9fcb38da4eff7,0.073,,,
651,2026-05-19,SH600547,0.06079467770771949,EXP_DEnsembleModel_Alpha158_csi300_custom_step0_s_20260519_15,e04c9fcb678a49c28cb9fcb38da4eff7,0.073,,,
652,2026-05-19,SH600522,-0.16501274225987,EXP_DEnsembleModel_Alpha158_csi300_custom_step0_s_20260519_15,e04c9fcb678a49c28cb9fcb38da4eff7,0.073,,,
653,2026-05-19,SH600845,0.043710620877873925,EXP_DEnsembleModel_Alpha158_csi300_custom_step0_s_20260519_15,e04c9fcb678a49c28cb9fcb38da4eff7,0.073,,,
654,2026-05-19,SH600875,-0.04148942828818645,EXP_DEnsembleModel_Alpha158_csi300_custom_step0_s_20260519_15,e04c9fcb678a49c28cb9fcb38da4eff7,0.073,,,
655,2026-05-19,SH600886,0.03278295047131244,EXP_DEnsembleModel_Alpha158_csi300_custom_step0_s_20260519_15,e04c9fcb678a49c28cb9fcb38da4eff7,0.073,,,
656,2026-05-19,SH600887,0.07635697180288421,EXP_DEnsembleModel_Alpha158_csi300_custom_step0_s_20260519_15,e04c9fcb678a49c28cb9fcb38da4eff7,0.073,,,
657,2026-05-19,SH601018,-0.0056244339857780285,EXP_DEnsembleModel_Alpha158_csi300_custom_step0_s_20260519_15,e04c9fcb678a49c28cb9fcb38da4eff7,0.073,,,
658,2026-05-19,SH601012,0.0035231838264281373,EXP_DEnsembleModel_Alpha158_csi300_custom_step0_s_20260519_15,e04c9fcb678a49c28cb9fcb38da4eff7,0.073,,,
659,2026-05-19,SH601009,0.045200828866056614,EXP_DEnsembleModel_Alpha158_csi300_custom_step0_s_20260519_15,e04c9fcb678a49c28cb9fcb38da4eff7,0.073,,,
660,2026-05-19,SH601006,0.1324650648958672,EXP_DEnsembleModel_Alpha158_csi300_custom_step0_s_20260519_15,e04c9fcb678a49c28cb9fcb38da4eff7,0.073,,,
661,2026-05-19,SH600999,-0.021065533198671636,EXP_DEnsembleModel_Alpha158_csi300_custom_step0_s_20260519_15,e04c9fcb678a49c28cb9fcb38da4eff7,0.073,,,
662,2026-05-19,SH600989,-0.00504226218002295,EXP_DEnsembleModel_Alpha158_csi300_custom_step0_s_20260519_15,e04c9fcb678a49c28cb9fcb38da4eff7,0.073,,,
663,2026-05-19,SH600958,-0.050556202160542685,EXP_DEnsembleModel_Alpha158_csi300_custom_step0_s_20260519_15,e04c9fcb678a49c28cb9fcb38da4eff7,0.073,,,
664,2026-05-19,SH600519,-0.0031680848815959263,EXP_DEnsembleModel_Alpha158_csi300_custom_step0_s_20260519_15,e04c9fcb678a49c28cb9fcb38da4eff7,0.073,,,
665,2026-05-19,SH600941,0.01486151058685605,EXP_DEnsembleModel_Alpha158_csi300_custom_step0_s_20260519_15,e04c9fcb678a49c28cb9fcb38da4eff7,0.073,,,
666,2026-05-19,SH600930,-0.006373034256177843,EXP_DEnsembleModel_Alpha158_csi300_custom_step0_s_20260519_15,e04c9fcb678a49c28cb9fcb38da4eff7,0.073,,,
667,2026-05-19,SH600926,-0.006980373903499801,EXP_DEnsembleModel_Alpha158_csi300_custom_step0_s_20260519_15,e04c9fcb678a49c28cb9fcb38da4eff7,0.073,,,
668,2026-05-19,SH600919,0.13830133883812085,EXP_DEnsembleModel_Alpha158_csi300_custom_step0_s_20260519_15,e04c9fcb678a49c28cb9fcb38da4eff7,0.073,,,
669,2026-05-19,SH600918,0.008623118449216316,EXP_DEnsembleModel_Alpha158_csi300_custom_step0_s_20260519_15,e04c9fcb678a49c28cb9fcb38da4eff7,0.073,,,
670,2026-05-19,SH600905,0.10326343585098033,EXP_DEnsembleModel_Alpha158_csi300_custom_step0_s_20260519_15,e04c9fcb678a49c28cb9fcb38da4eff7,0.073,,,
671,2026-05-19,SH600900,0.1050241446698895,EXP_DEnsembleModel_Alpha158_csi300_custom_step0_s_20260519_15,e04c9fcb678a49c28cb9fcb38da4eff7,0.073,,,
672,2026-05-19,SH600893,-0.034676111024792705,EXP_DEnsembleModel_Alpha158_csi300_custom_step0_s_20260519_15,e04c9fcb678a49c28cb9fcb38da4eff7,0.073,,,
673,2026-05-19,SH600938,0.0953172949153314,EXP_DEnsembleModel_Alpha158_csi300_custom_step0_s_20260519_15,e04c9fcb678a49c28cb9fcb38da4eff7,0.073,,,
674,2026-05-19,SH600515,-0.07849152043981514,EXP_DEnsembleModel_Alpha158_csi300_custom_step0_s_20260519_15,e04c9fcb678a49c28cb9fcb38da4eff7,0.073,,,
675,2026-05-19,SH600489,-0.046700580934328884,EXP_DEnsembleModel_Alpha158_csi300_custom_step0_s_20260519_15,e04c9fcb678a49c28cb9fcb38da4eff7,0.073,,,
676,2026-05-19,SH600482,-0.09337311928130862,EXP_DEnsembleModel_Alpha158_csi300_custom_step0_s_20260519_15,e04c9fcb678a49c28cb9fcb38da4eff7,0.073,,,
677,2026-05-19,SH600150,0.07742955433486008,EXP_DEnsembleModel_Alpha158_csi300_custom_step0_s_20260519_15,e04c9fcb678a49c28cb9fcb38da4eff7,0.073,,,
678,2026-05-19,SH600115,-0.14132765557289484,EXP_DEnsembleModel_Alpha158_csi300_custom_step0_s_20260519_15,e04c9fcb678a49c28cb9fcb38da4eff7,0.073,,,
679,2026-05-19,SH600111,-0.037379141339881024,EXP_DEnsembleModel_Alpha158_csi300_custom_step0_s_20260519_15,e04c9fcb678a49c28cb9fcb38da4eff7,0.073,,,
680,2026-05-19,SH600104,0.012335303005986434,EXP_DEnsembleModel_Alpha158_csi300_custom_step0_s_20260519_15,e04c9fcb678a49c28cb9fcb38da4eff7,0.073,,,
681,2026-05-19,SH600089,-0.10624926755986829,EXP_DEnsembleModel_Alpha158_csi300_custom_step0_s_20260519_15,e04c9fcb678a49c28cb9fcb38da4eff7,0.073,,,
682,2026-05-19,SH600085,-0.02617044872190391,EXP_DEnsembleModel_Alpha158_csi300_custom_step0_s_20260519_15,e04c9fcb678a49c28cb9fcb38da4eff7,0.073,,,
683,2026-05-19,SH600066,-0.0719335575593941,EXP_DEnsembleModel_Alpha158_csi300_custom_step0_s_20260519_15,e04c9fcb678a49c28cb9fcb38da4eff7,0.073,,,
684,2026-05-19,SH600160,-0.050551051686872954,EXP_DEnsembleModel_Alpha158_csi300_custom_step0_s_20260519_15,e04c9fcb678a49c28cb9fcb38da4eff7,0.073,,,
685,2026-05-19,SH600061,-0.10068815302558333,EXP_DEnsembleModel_Alpha158_csi300_custom_step0_s_20260519_15,e04c9fcb678a49c28cb9fcb38da4eff7,0.073,,,
686,2026-05-19,SH600048,-0.14515076281262496,EXP_DEnsembleModel_Alpha158_csi300_custom_step0_s_20260519_15,e04c9fcb678a49c28cb9fcb38da4eff7,0.073,,,
687,2026-05-19,SH600039,0.03352186867963201,EXP_DEnsembleModel_Alpha158_csi300_custom_step0_s_20260519_15,e04c9fcb678a49c28cb9fcb38da4eff7,0.073,,,
688,2026-05-19,SH600036,0.009505413318445085,EXP_DEnsembleModel_Alpha158_csi300_custom_step0_s_20260519_15,e04c9fcb678a49c28cb9fcb38da4eff7,0.073,,,
689,2026-05-19,SH600031,-0.12674513757434283,EXP_DEnsembleModel_Alpha158_csi300_custom_step0_s_20260519_15,e04c9fcb678a49c28cb9fcb38da4eff7,0.073,,,
690,2026-05-19,SH600030,-0.03774426138907275,EXP_DEnsembleModel_Alpha158_csi300_custom_step0_s_20260519_15,e04c9fcb678a49c28cb9fcb38da4eff7,0.073,,,
691,2026-05-19,SH600029,-0.09615288536861949,EXP_DEnsembleModel_Alpha158_csi300_custom_step0_s_20260519_15,e04c9fcb678a49c28cb9fcb38da4eff7,0.073,,,
692,2026-05-19,SH600028,-0.012805802962768566,EXP_DEnsembleModel_Alpha158_csi300_custom_step0_s_20260519_15,e04c9fcb678a49c28cb9fcb38da4eff7,0.073,,,
693,2026-05-19,SH600050,-0.042539912600343406,EXP_DEnsembleModel_Alpha158_csi300_custom_step0_s_20260519_15,e04c9fcb678a49c28cb9fcb38da4eff7,0.073,,,
694,2026-05-19,SH601021,-0.15632145787528073,EXP_DEnsembleModel_Alpha158_csi300_custom_step0_s_20260519_15,e04c9fcb678a49c28cb9fcb38da4eff7,0.073,,,
695,2026-05-19,SH600161,-0.06124979223147017,EXP_DEnsembleModel_Alpha158_csi300_custom_step0_s_20260519_15,e04c9fcb678a49c28cb9fcb38da4eff7,0.073,,,
696,2026-05-19,SH600183,-0.2661220336405335,EXP_DEnsembleModel_Alpha158_csi300_custom_step0_s_20260519_15,e04c9fcb678a49c28cb9fcb38da4eff7,0.073,,,
697,2026-05-19,SH600460,-0.10759790744060531,EXP_DEnsembleModel_Alpha158_csi300_custom_step0_s_20260519_15,e04c9fcb678a49c28cb9fcb38da4eff7,0.073,,,
698,2026-05-19,SH600438,-0.04063283373278026,EXP_DEnsembleModel_Alpha158_csi300_custom_step0_s_20260519_15,e04c9fcb678a49c28cb9fcb38da4eff7,0.073,,,
699,2026-05-19,SH600436,0.015243998152018228,EXP_DEnsembleModel_Alpha158_csi300_custom_step0_s_20260519_15,e04c9fcb678a49c28cb9fcb38da4eff7,0.073,,,
700,2026-05-19,SH600426,-0.09936562532476412,EXP_DEnsembleModel_Alpha158_csi300_custom_step0_s_20260519_15,e04c9fcb678a49c28cb9fcb38da4eff7,0.073,,,
701,2026-05-19,SH600415,-0.01930733525471691,EXP_DEnsembleModel_Alpha158_csi300_custom_step0_s_20260519_15,e04c9fcb678a49c28cb9fcb38da4eff7,0.073,,,
702,2026-05-19,SH600406,-0.0392285839058227,EXP_DEnsembleModel_Alpha158_csi300_custom_step0_s_20260519_15,e04c9fcb678a49c28cb9fcb38da4eff7,0.073,,,
703,2026-05-19,SH600377,0.08835670022639282,EXP_DEnsembleModel_Alpha158_csi300_custom_step0_s_20260519_15,e04c9fcb678a49c28cb9fcb38da4eff7,0.073,,,
704,2026-05-19,SH600176,0.08593394896853146,EXP_DEnsembleModel_Alpha158_csi300_custom_step0_s_20260519_15,e04c9fcb678a49c28cb9fcb38da4eff7,0.073,,,
705,2026-05-19,SH600372,-0.07130823350914846,EXP_DEnsembleModel_Alpha158_csi300_custom_step0_s_20260519_15,e04c9fcb678a49c28cb9fcb38da4eff7,0.073,,,
706,2026-05-19,SH600346,-0.17562036154733507,EXP_DEnsembleModel_Alpha158_csi300_custom_step0_s_20260519_15,e04c9fcb678a49c28cb9fcb38da4eff7,0.073,,,
707,2026-05-19,SH600309,0.08943390666580364,EXP_DEnsembleModel_Alpha158_csi300_custom_step0_s_20260519_15,e04c9fcb678a49c28cb9fcb38da4eff7,0.073,,,
708,2026-05-19,SH600276,-0.07169089300689274,EXP_DEnsembleModel_Alpha158_csi300_custom_step0_s_20260519_15,e04c9fcb678a49c28cb9fcb38da4eff7,0.073,,,
709,2026-05-19,SH600233,0.02241195962267023,EXP_DEnsembleModel_Alpha158_csi300_custom_step0_s_20260519_15,e04c9fcb678a49c28cb9fcb38da4eff7,0.073,,,
710,2026-05-19,SH600219,0.00874094937902627,EXP_DEnsembleModel_Alpha158_csi300_custom_step0_s_20260519_15,e04c9fcb678a49c28cb9fcb38da4eff7,0.073,,,
711,2026-05-19,SH600196,-0.09510852913306295,EXP_DEnsembleModel_Alpha158_csi300_custom_step0_s_20260519_15,e04c9fcb678a49c28cb9fcb38da4eff7,0.073,,,
712,2026-05-19,SH600188,-0.0631677851991777,EXP_DEnsembleModel_Alpha158_csi300_custom_step0_s_20260519_15,e04c9fcb678a49c28cb9fcb38da4eff7,0.073,,,
713,2026-05-19,SH600362,-0.12857786682461245,EXP_DEnsembleModel_Alpha158_csi300_custom_step0_s_20260519_15,e04c9fcb678a49c28cb9fcb38da4eff7,0.073,,,
714,2026-05-19,SH601058,-0.0849092887453938,EXP_DEnsembleModel_Alpha158_csi300_custom_step0_s_20260519_15,e04c9fcb678a49c28cb9fcb38da4eff7,0.073,,,
715,2026-05-19,SH601059,0.01906191438246615,EXP_DEnsembleModel_Alpha158_csi300_custom_step0_s_20260519_15,e04c9fcb678a49c28cb9fcb38da4eff7,0.073,,,
716,2026-05-19,SH601066,-0.09615605814362706,EXP_DEnsembleModel_Alpha158_csi300_custom_step0_s_20260519_15,e04c9fcb678a49c28cb9fcb38da4eff7,0.073,,,
717,2026-05-19,SH601898,-0.038061433239276805,EXP_DEnsembleModel_Alpha158_csi300_custom_step0_s_20260519_15,e04c9fcb678a49c28cb9fcb38da4eff7,0.073,,,
718,2026-05-19,SH601888,-0.04517002180221327,EXP_DEnsembleModel_Alpha158_csi300_custom_step0_s_20260519_15,e04c9fcb678a49c28cb9fcb38da4eff7,0.073,,,
719,2026-05-19,SH601881,-0.06776394635792857,EXP_DEnsembleModel_Alpha158_csi300_custom_step0_s_20260519_15,e04c9fcb678a49c28cb9fcb38da4eff7,0.073,,,
720,2026-05-19,SH601878,0.0005123291003312093,EXP_DEnsembleModel_Alpha158_csi300_custom_step0_s_20260519_15,e04c9fcb678a49c28cb9fcb38da4eff7,0.073,,,
721,2026-05-19,SH601877,-0.03734293458441903,EXP_DEnsembleModel_Alpha158_csi300_custom_step0_s_20260519_15,e04c9fcb678a49c28cb9fcb38da4eff7,0.073,,,
722,2026-05-19,SH601872,-0.07137224812834811,EXP_DEnsembleModel_Alpha158_csi300_custom_step0_s_20260519_15,e04c9fcb678a49c28cb9fcb38da4eff7,0.073,,,
723,2026-05-19,SH601868,-0.015263792928776531,EXP_DEnsembleModel_Alpha158_csi300_custom_step0_s_20260519_15,e04c9fcb678a49c28cb9fcb38da4eff7,0.073,,,
724,2026-05-19,SH601899,-0.07201427758330944,EXP_DEnsembleModel_Alpha158_csi300_custom_step0_s_20260519_15,e04c9fcb678a49c28cb9fcb38da4eff7,0.073,,,
725,2026-05-19,SH601857,0.0470423400666937,EXP_DEnsembleModel_Alpha158_csi300_custom_step0_s_20260519_15,e04c9fcb678a49c28cb9fcb38da4eff7,0.073,,,
726,2026-05-19,SH601825,0.1444842327826505,EXP_DEnsembleModel_Alpha158_csi300_custom_step0_s_20260519_15,e04c9fcb678a49c28cb9fcb38da4eff7,0.073,,,
727,2026-05-19,SH601818,0.05765186615592876,EXP_DEnsembleModel_Alpha158_csi300_custom_step0_s_20260519_15,e04c9fcb678a49c28cb9fcb38da4eff7,0.073,,,
728,2026-05-19,SH601816,0.04856444817972521,EXP_DEnsembleModel_Alpha158_csi300_custom_step0_s_20260519_15,e04c9fcb678a49c28cb9fcb38da4eff7,0.073,,,
729,2026-05-19,SH601808,-0.03912397576954658,EXP_DEnsembleModel_Alpha158_csi300_custom_step0_s_20260519_15,e04c9fcb678a49c28cb9fcb38da4eff7,0.073,,,
730,2026-05-19,SH601800,-0.022560310462029914,EXP_DEnsembleModel_Alpha158_csi300_custom_step0_s_20260519_15,e04c9fcb678a49c28cb9fcb38da4eff7,0.073,,,
731,2026-05-19,SH601788,-0.12346721581655846,EXP_DEnsembleModel_Alpha158_csi300_custom_step0_s_20260519_15,e04c9fcb678a49c28cb9fcb38da4eff7,0.073,,,
732,2026-05-19,SH601766,0.023502562174038937,EXP_DEnsembleModel_Alpha158_csi300_custom_step0_s_20260519_15,e04c9fcb678a49c28cb9fcb38da4eff7,0.073,,,
733,2026-05-19,SH601838,0.022449952212005256,EXP_DEnsembleModel_Alpha158_csi300_custom_step0_s_20260519_15,e04c9fcb678a49c28cb9fcb38da4eff7,0.073,,,
734,2026-05-19,SH601728,-0.0003266775880392901,EXP_DEnsembleModel_Alpha158_csi300_custom_step0_s_20260519_15,e04c9fcb678a49c28cb9fcb38da4eff7,0.073,,,
735,2026-05-19,SH601901,-0.04110516290826046,EXP_DEnsembleModel_Alpha158_csi300_custom_step0_s_20260519_15,e04c9fcb678a49c28cb9fcb38da4eff7,0.073,,,
736,2026-05-19,SH601919,0.06013199232089979,EXP_DEnsembleModel_Alpha158_csi300_custom_step0_s_20260519_15,e04c9fcb678a49c28cb9fcb38da4eff7,0.073,,,
737,2026-05-19,SH603893,0.0798577189767095,EXP_DEnsembleModel_Alpha158_csi300_custom_step0_s_20260519_15,e04c9fcb678a49c28cb9fcb38da4eff7,0.073,,,
738,2026-05-19,SH603799,-0.10124772940481373,EXP_DEnsembleModel_Alpha158_csi300_custom_step0_s_20260519_15,e04c9fcb678a49c28cb9fcb38da4eff7,0.073,,,
739,2026-05-19,SH603501,-0.10117953375887317,EXP_DEnsembleModel_Alpha158_csi300_custom_step0_s_20260519_15,e04c9fcb678a49c28cb9fcb38da4eff7,0.073,,,
740,2026-05-19,SH603392,-0.13054506830535284,EXP_DEnsembleModel_Alpha158_csi300_custom_step0_s_20260519_15,e04c9fcb678a49c28cb9fcb38da4eff7,0.073,,,
741,2026-05-19,SH603369,-0.042900944505917,EXP_DEnsembleModel_Alpha158_csi300_custom_step0_s_20260519_15,e04c9fcb678a49c28cb9fcb38da4eff7,0.073,,,
742,2026-05-19,SH603296,0.09838936546682948,EXP_DEnsembleModel_Alpha158_csi300_custom_step0_s_20260519_15,e04c9fcb678a49c28cb9fcb38da4eff7,0.073,,,
743,2026-05-19,SH603288,-0.05250269620507955,EXP_DEnsembleModel_Alpha158_csi300_custom_step0_s_20260519_15,e04c9fcb678a49c28cb9fcb38da4eff7,0.073,,,
744,2026-05-19,SH601916,0.09462305560945812,EXP_DEnsembleModel_Alpha158_csi300_custom_step0_s_20260519_15,e04c9fcb678a49c28cb9fcb38da4eff7,0.073,,,
745,2026-05-19,SH603260,-0.07395196780038098,EXP_DEnsembleModel_Alpha158_csi300_custom_step0_s_20260519_15,e04c9fcb678a49c28cb9fcb38da4eff7,0.073,,,
746,2026-05-19,SH603195,-0.002823951224134869,EXP_DEnsembleModel_Alpha158_csi300_custom_step0_s_20260519_15,e04c9fcb678a49c28cb9fcb38da4eff7,0.073,,,
747,2026-05-19,SH603019,-0.1630678068150246,EXP_DEnsembleModel_Alpha158_csi300_custom_step0_s_20260519_15,e04c9fcb678a49c28cb9fcb38da4eff7,0.073,,,
748,2026-05-19,SH601998,0.05253890659274199,EXP_DEnsembleModel_Alpha158_csi300_custom_step0_s_20260519_15,e04c9fcb678a49c28cb9fcb38da4eff7,0.073,,,
749,2026-05-19,SH601995,0.07618501665488452,EXP_DEnsembleModel_Alpha158_csi300_custom_step0_s_20260519_15,e04c9fcb678a49c28cb9fcb38da4eff7,0.073,,,
750,2026-05-19,SH601988,0.1590356672656176,EXP_DEnsembleModel_Alpha158_csi300_custom_step0_s_20260519_15,e04c9fcb678a49c28cb9fcb38da4eff7,0.073,,,
751,2026-05-19,SH601985,0.1336904912660792,EXP_DEnsembleModel_Alpha158_csi300_custom_step0_s_20260519_15,e04c9fcb678a49c28cb9fcb38da4eff7,0.073,,,
752,2026-05-19,SH601939,0.12282734436569114,EXP_DEnsembleModel_Alpha158_csi300_custom_step0_s_20260519_15,e04c9fcb678a49c28cb9fcb38da4eff7,0.073,,,
753,2026-05-19,SH603259,-0.002820566997795859,EXP_DEnsembleModel_Alpha158_csi300_custom_step0_s_20260519_15,e04c9fcb678a49c28cb9fcb38da4eff7,0.073,,,
754,2026-05-19,SH600027,-0.025608673771495383,EXP_DEnsembleModel_Alpha158_csi300_custom_step0_s_20260519_15,e04c9fcb678a49c28cb9fcb38da4eff7,0.073,,,
755,2026-05-19,SH601698,-0.02028388300266492,EXP_DEnsembleModel_Alpha158_csi300_custom_step0_s_20260519_15,e04c9fcb678a49c28cb9fcb38da4eff7,0.073,,,
756,2026-05-19,SH601688,-0.13829968486489078,EXP_DEnsembleModel_Alpha158_csi300_custom_step0_s_20260519_15,e04c9fcb678a49c28cb9fcb38da4eff7,0.073,,,
757,2026-05-19,SH601238,-0.013452542459992658,EXP_DEnsembleModel_Alpha158_csi300_custom_step0_s_20260519_15,e04c9fcb678a49c28cb9fcb38da4eff7,0.073,,,
758,2026-05-19,SH601236,-0.016889712651994866,EXP_DEnsembleModel_Alpha158_csi300_custom_step0_s_20260519_15,e04c9fcb678a49c28cb9fcb38da4eff7,0.073,,,
759,2026-05-19,SH601229,0.034313346306178646,EXP_DEnsembleModel_Alpha158_csi300_custom_step0_s_20260519_15,e04c9fcb678a49c28cb9fcb38da4eff7,0.073,,,
760,2026-05-19,SH601225,0.034420673186524725,EXP_DEnsembleModel_Alpha158_csi300_custom_step0_s_20260519_15,e04c9fcb678a49c28cb9fcb38da4eff7,0.073,,,
761,2026-05-19,SH601211,-0.0002817622219207601,EXP_DEnsembleModel_Alpha158_csi300_custom_step0_s_20260519_15,e04c9fcb678a49c28cb9fcb38da4eff7,0.073,,,
762,2026-05-19,SH601186,0.0010546803272009219,EXP_DEnsembleModel_Alpha158_csi300_custom_step0_s_20260519_15,e04c9fcb678a49c28cb9fcb38da4eff7,0.073,,,
763,2026-05-19,SH601169,0.0325617730755033,EXP_DEnsembleModel_Alpha158_csi300_custom_step0_s_20260519_15,e04c9fcb678a49c28cb9fcb38da4eff7,0.073,,,
764,2026-05-19,SH601288,0.12208452535275555,EXP_DEnsembleModel_Alpha158_csi300_custom_step0_s_20260519_15,e04c9fcb678a49c28cb9fcb38da4eff7,0.073,,,
765,2026-05-19,SH601166,0.007352093067698079,EXP_DEnsembleModel_Alpha158_csi300_custom_step0_s_20260519_15,e04c9fcb678a49c28cb9fcb38da4eff7,0.073,,,
766,2026-05-19,SH601136,-0.05759662498709851,EXP_DEnsembleModel_Alpha158_csi300_custom_step0_s_20260519_15,e04c9fcb678a49c28cb9fcb38da4eff7,0.073,,,
767,2026-05-19,SH601127,-0.08439538686596802,EXP_DEnsembleModel_Alpha158_csi300_custom_step0_s_20260519_15,e04c9fcb678a49c28cb9fcb38da4eff7,0.073,,,
768,2026-05-19,SH601117,-0.07518182183667986,EXP_DEnsembleModel_Alpha158_csi300_custom_step0_s_20260519_15,e04c9fcb678a49c28cb9fcb38da4eff7,0.073,,,
769,2026-05-19,SH601111,-0.16122098382438035,EXP_DEnsembleModel_Alpha158_csi300_custom_step0_s_20260519_15,e04c9fcb678a49c28cb9fcb38da4eff7,0.073,,,
770,2026-05-19,SH601100,-0.051362847194002456,EXP_DEnsembleModel_Alpha158_csi300_custom_step0_s_20260519_15,e04c9fcb678a49c28cb9fcb38da4eff7,0.073,,,
771,2026-05-19,SH601088,0.04463324343143275,EXP_DEnsembleModel_Alpha158_csi300_custom_step0_s_20260519_15,e04c9fcb678a49c28cb9fcb38da4eff7,0.073,,,
772,2026-05-19,SH601077,0.08298909498583754,EXP_DEnsembleModel_Alpha158_csi300_custom_step0_s_20260519_15,e04c9fcb678a49c28cb9fcb38da4eff7,0.073,,,
773,2026-05-19,SH601138,-0.17605636930119187,EXP_DEnsembleModel_Alpha158_csi300_custom_step0_s_20260519_15,e04c9fcb678a49c28cb9fcb38da4eff7,0.073,,,
774,2026-05-19,SH601689,-0.1506880925825608,EXP_DEnsembleModel_Alpha158_csi300_custom_step0_s_20260519_15,e04c9fcb678a49c28cb9fcb38da4eff7,0.073,,,
775,2026-05-19,SH601298,0.10083905099544367,EXP_DEnsembleModel_Alpha158_csi300_custom_step0_s_20260519_15,e04c9fcb678a49c28cb9fcb38da4eff7,0.073,,,
776,2026-05-19,SH601319,-0.0493115785978314,EXP_DEnsembleModel_Alpha158_csi300_custom_step0_s_20260519_15,e04c9fcb678a49c28cb9fcb38da4eff7,0.073,,,
777,2026-05-19,SH601669,-0.05687064188534648,EXP_DEnsembleModel_Alpha158_csi300_custom_step0_s_20260519_15,e04c9fcb678a49c28cb9fcb38da4eff7,0.073,,,
778,2026-05-19,SH601668,0.07406038872206261,EXP_DEnsembleModel_Alpha158_csi300_custom_step0_s_20260519_15,e04c9fcb678a49c28cb9fcb38da4eff7,0.073,,,
779,2026-05-19,SH601658,0.05836197076622605,EXP_DEnsembleModel_Alpha158_csi300_custom_step0_s_20260519_15,e04c9fcb678a49c28cb9fcb38da4eff7,0.073,,,
780,2026-05-19,SH601633,-0.05456373499168495,EXP_DEnsembleModel_Alpha158_csi300_custom_step0_s_20260519_15,e04c9fcb678a49c28cb9fcb38da4eff7,0.073,,,
781,2026-05-19,SH601628,-0.11312393582286963,EXP_DEnsembleModel_Alpha158_csi300_custom_step0_s_20260519_15,e04c9fcb678a49c28cb9fcb38da4eff7,0.073,,,
782,2026-05-19,SH601618,0.014618015238368342,EXP_DEnsembleModel_Alpha158_csi300_custom_step0_s_20260519_15,e04c9fcb678a49c28cb9fcb38da4eff7,0.073,,,
783,2026-05-19,SH601607,0.025884081236380325,EXP_DEnsembleModel_Alpha158_csi300_custom_step0_s_20260519_15,e04c9fcb678a49c28cb9fcb38da4eff7,0.073,,,
784,2026-05-19,SH601318,-0.10792650275739527,EXP_DEnsembleModel_Alpha158_csi300_custom_step0_s_20260519_15,e04c9fcb678a49c28cb9fcb38da4eff7,0.073,,,
785,2026-05-19,SH601601,-0.08139816594180957,EXP_DEnsembleModel_Alpha158_csi300_custom_step0_s_20260519_15,e04c9fcb678a49c28cb9fcb38da4eff7,0.073,,,
786,2026-05-19,SH601456,-0.011883165399845802,EXP_DEnsembleModel_Alpha158_csi300_custom_step0_s_20260519_15,e04c9fcb678a49c28cb9fcb38da4eff7,0.073,,,
787,2026-05-19,SH601398,0.12344821633534757,EXP_DEnsembleModel_Alpha158_csi300_custom_step0_s_20260519_15,e04c9fcb678a49c28cb9fcb38da4eff7,0.073,,,
788,2026-05-19,SH601390,-0.008706252986102463,EXP_DEnsembleModel_Alpha158_csi300_custom_step0_s_20260519_15,e04c9fcb678a49c28cb9fcb38da4eff7,0.073,,,
789,2026-05-19,SH601377,-0.0904499037231184,EXP_DEnsembleModel_Alpha158_csi300_custom_step0_s_20260519_15,e04c9fcb678a49c28cb9fcb38da4eff7,0.073,,,
790,2026-05-19,SH601360,-0.10882515708566064,EXP_DEnsembleModel_Alpha158_csi300_custom_step0_s_20260519_15,e04c9fcb678a49c28cb9fcb38da4eff7,0.073,,,
791,2026-05-19,SH601336,-0.1264431226277231,EXP_DEnsembleModel_Alpha158_csi300_custom_step0_s_20260519_15,e04c9fcb678a49c28cb9fcb38da4eff7,0.073,,,
792,2026-05-19,SH601328,0.1039109375631323,EXP_DEnsembleModel_Alpha158_csi300_custom_step0_s_20260519_15,e04c9fcb678a49c28cb9fcb38da4eff7,0.073,,,
793,2026-05-19,SH601600,-0.08187458767875082,EXP_DEnsembleModel_Alpha158_csi300_custom_step0_s_20260519_15,e04c9fcb678a49c28cb9fcb38da4eff7,0.073,,,
794,2026-05-19,SH600026,-0.08199836709837077,EXP_DEnsembleModel_Alpha158_csi300_custom_step0_s_20260519_15,e04c9fcb678a49c28cb9fcb38da4eff7,0.073,,,
795,2026-05-19,SH600025,-0.01612217578042062,EXP_DEnsembleModel_Alpha158_csi300_custom_step0_s_20260519_15,e04c9fcb678a49c28cb9fcb38da4eff7,0.073,,,
796,2026-05-19,SH600023,0.1461724485447581,EXP_DEnsembleModel_Alpha158_csi300_custom_step0_s_20260519_15,e04c9fcb678a49c28cb9fcb38da4eff7,0.073,,,
797,2026-05-19,SZ000651,0.04965841329888472,EXP_DEnsembleModel_Alpha158_csi300_custom_step0_s_20260519_15,dab809d9c5a648b0a8f659dfd01c6af7,0.051,,,
798,2026-05-19,SZ000630,-0.06087166894531336,EXP_DEnsembleModel_Alpha158_csi300_custom_step0_s_20260519_15,dab809d9c5a648b0a8f659dfd01c6af7,0.051,,,
799,2026-05-19,SZ000625,-0.04108291865070311,EXP_DEnsembleModel_Alpha158_csi300_custom_step0_s_20260519_15,dab809d9c5a648b0a8f659dfd01c6af7,0.051,,,
800,2026-05-19,SZ000617,-0.01351212396902293,EXP_DEnsembleModel_Alpha158_csi300_custom_step0_s_20260519_15,dab809d9c5a648b0a8f659dfd01c6af7,0.051,,,
801,2026-05-19,SZ000596,-0.10561130816397432,EXP_DEnsembleModel_Alpha158_csi300_custom_step0_s_20260519_15,dab809d9c5a648b0a8f659dfd01c6af7,0.051,,,
802,2026-05-19,SZ000568,-0.08813506074447162,EXP_DEnsembleModel_Alpha158_csi300_custom_step0_s_20260519_15,dab809d9c5a648b0a8f659dfd01c6af7,0.051,,,
803,2026-05-19,SZ000538,0.012493941618435292,EXP_DEnsembleModel_Alpha158_csi300_custom_step0_s_20260519_15,dab809d9c5a648b0a8f659dfd01c6af7,0.051,,,
804,2026-05-19,SZ000661,-0.06320207325992648,EXP_DEnsembleModel_Alpha158_csi300_custom_step0_s_20260519_15,dab809d9c5a648b0a8f659dfd01c6af7,0.051,,,
805,2026-05-19,SZ000425,-0.04274386896105306,EXP_DEnsembleModel_Alpha158_csi300_custom_step0_s_20260519_15,dab809d9c5a648b0a8f659dfd01c6af7,0.051,,,
806,2026-05-19,SZ000338,0.11645231441051974,EXP_DEnsembleModel_Alpha158_csi300_custom_step0_s_20260519_15,dab809d9c5a648b0a8f659dfd01c6af7,0.051,,,
807,2026-05-19,SZ000333,0.0871136056956574,EXP_DEnsembleModel_Alpha158_csi300_custom_step0_s_20260519_15,dab809d9c5a648b0a8f659dfd01c6af7,0.051,,,
808,2026-05-19,SZ000301,-0.030067014569940976,EXP_DEnsembleModel_Alpha158_csi300_custom_step0_s_20260519_15,dab809d9c5a648b0a8f659dfd01c6af7,0.051,,,
809,2026-05-19,SZ000166,0.00226381017077403,EXP_DEnsembleModel_Alpha158_csi300_custom_step0_s_20260519_15,dab809d9c5a648b0a8f659dfd01c6af7,0.051,,,
810,2026-05-19,SZ000157,0.02548425965716301,EXP_DEnsembleModel_Alpha158_csi300_custom_step0_s_20260519_15,dab809d9c5a648b0a8f659dfd01c6af7,0.051,,,
811,2026-05-19,SZ000100,0.0329535319285111,EXP_DEnsembleModel_Alpha158_csi300_custom_step0_s_20260519_15,dab809d9c5a648b0a8f659dfd01c6af7,0.051,,,
812,2026-05-19,SZ000063,-0.07604292284838875,EXP_DEnsembleModel_Alpha158_csi300_custom_step0_s_20260519_15,dab809d9c5a648b0a8f659dfd01c6af7,0.051,,,
813,2026-05-19,SZ000408,-0.03732578230882374,EXP_DEnsembleModel_Alpha158_csi300_custom_step0_s_20260519_15,dab809d9c5a648b0a8f659dfd01c6af7,0.051,,,
814,2026-05-19,SZ000002,-0.08138051349874752,EXP_DEnsembleModel_Alpha158_csi300_custom_step0_s_20260519_15,dab809d9c5a648b0a8f659dfd01c6af7,0.051,,,
815,2026-05-19,SZ000708,0.025646690188849058,EXP_DEnsembleModel_Alpha158_csi300_custom_step0_s_20260519_15,dab809d9c5a648b0a8f659dfd01c6af7,0.051,,,
816,2026-05-19,SZ000768,-0.0419673099448137,EXP_DEnsembleModel_Alpha158_csi300_custom_step0_s_20260519_15,dab809d9c5a648b0a8f659dfd01c6af7,0.051,,,
817,2026-05-19,SZ001979,-0.15510821867131774,EXP_DEnsembleModel_Alpha158_csi300_custom_step0_s_20260519_15,dab809d9c5a648b0a8f659dfd01c6af7,0.051,,,
818,2026-05-19,SZ001965,0.0995861179185436,EXP_DEnsembleModel_Alpha158_csi300_custom_step0_s_20260519_15,dab809d9c5a648b0a8f659dfd01c6af7,0.051,,,
819,2026-05-19,SZ001391,0.0376521133950775,EXP_DEnsembleModel_Alpha158_csi300_custom_step0_s_20260519_15,dab809d9c5a648b0a8f659dfd01c6af7,0.051,,,
820,2026-05-19,SZ000999,-0.01709243850968639,EXP_DEnsembleModel_Alpha158_csi300_custom_step0_s_20260519_15,dab809d9c5a648b0a8f659dfd01c6af7,0.051,,,
821,2026-05-19,SZ000983,-0.1081790729690708,EXP_DEnsembleModel_Alpha158_csi300_custom_step0_s_20260519_15,dab809d9c5a648b0a8f659dfd01c6af7,0.051,,,
822,2026-05-19,SZ000977,-0.022029345918058083,EXP_DEnsembleModel_Alpha158_csi300_custom_step0_s_20260519_15,dab809d9c5a648b0a8f659dfd01c6af7,0.051,,,
823,2026-05-19,SZ000975,0.05573882042609398,EXP_DEnsembleModel_Alpha158_csi300_custom_step0_s_20260519_15,dab809d9c5a648b0a8f659dfd01c6af7,0.051,,,
824,2026-05-19,SZ000725,0.05206411661514193,EXP_DEnsembleModel_Alpha158_csi300_custom_step0_s_20260519_15,dab809d9c5a648b0a8f659dfd01c6af7,0.051,,,
825,2026-05-19,SZ000963,-0.024306015638087503,EXP_DEnsembleModel_Alpha158_csi300_custom_step0_s_20260519_15,dab809d9c5a648b0a8f659dfd01c6af7,0.051,,,
826,2026-05-19,SZ000895,0.055027855372199876,EXP_DEnsembleModel_Alpha158_csi300_custom_step0_s_20260519_15,dab809d9c5a648b0a8f659dfd01c6af7,0.051,,,
827,2026-05-19,SZ000876,-0.030711998250248018,EXP_DEnsembleModel_Alpha158_csi300_custom_step0_s_20260519_15,dab809d9c5a648b0a8f659dfd01c6af7,0.051,,,
828,2026-05-19,SZ000858,0.04149403191128882,EXP_DEnsembleModel_Alpha158_csi300_custom_step0_s_20260519_15,dab809d9c5a648b0a8f659dfd01c6af7,0.051,,,
829,2026-05-19,SZ000807,-0.04550958820586503,EXP_DEnsembleModel_Alpha158_csi300_custom_step0_s_20260519_15,dab809d9c5a648b0a8f659dfd01c6af7,0.051,,,
830,2026-05-19,SZ000792,-0.05057624603387052,EXP_DEnsembleModel_Alpha158_csi300_custom_step0_s_20260519_15,dab809d9c5a648b0a8f659dfd01c6af7,0.051,,,
831,2026-05-19,SZ000786,-0.05749236779034016,EXP_DEnsembleModel_Alpha158_csi300_custom_step0_s_20260519_15,dab809d9c5a648b0a8f659dfd01c6af7,0.051,,,
832,2026-05-19,SZ000776,-0.014612713234279092,EXP_DEnsembleModel_Alpha158_csi300_custom_step0_s_20260519_15,dab809d9c5a648b0a8f659dfd01c6af7,0.051,,,
833,2026-05-19,SZ000938,-0.10237874237976793,EXP_DEnsembleModel_Alpha158_csi300_custom_step0_s_20260519_15,dab809d9c5a648b0a8f659dfd01c6af7,0.051,,,
834,2026-05-19,SZ002001,0.0939430252557499,EXP_DEnsembleModel_Alpha158_csi300_custom_step0_s_20260519_15,dab809d9c5a648b0a8f659dfd01c6af7,0.051,,,
835,2026-05-19,SZ000001,0.01590659977235733,EXP_DEnsembleModel_Alpha158_csi300_custom_step0_s_20260519_15,dab809d9c5a648b0a8f659dfd01c6af7,0.051,,,
836,2026-05-19,SH688506,-0.05743914596824209,EXP_DEnsembleModel_Alpha158_csi300_custom_step0_s_20260519_15,dab809d9c5a648b0a8f659dfd01c6af7,0.051,,,
837,2026-05-19,SH603986,-0.4017917059718932,EXP_DEnsembleModel_Alpha158_csi300_custom_step0_s_20260519_15,dab809d9c5a648b0a8f659dfd01c6af7,0.051,,,
838,2026-05-19,SH603893,0.04227706073130059,EXP_DEnsembleModel_Alpha158_csi300_custom_step0_s_20260519_15,dab809d9c5a648b0a8f659dfd01c6af7,0.051,,,
839,2026-05-19,SH603799,-0.05815874638852465,EXP_DEnsembleModel_Alpha158_csi300_custom_step0_s_20260519_15,dab809d9c5a648b0a8f659dfd01c6af7,0.051,,,
840,2026-05-19,SH603501,-0.058338307424128745,EXP_DEnsembleModel_Alpha158_csi300_custom_step0_s_20260519_15,dab809d9c5a648b0a8f659dfd01c6af7,0.051,,,
841,2026-05-19,SH603392,-0.09133158929537365,EXP_DEnsembleModel_Alpha158_csi300_custom_step0_s_20260519_15,dab809d9c5a648b0a8f659dfd01c6af7,0.051,,,
842,2026-05-19,SH603369,-0.1300194032916393,EXP_DEnsembleModel_Alpha158_csi300_custom_step0_s_20260519_15,dab809d9c5a648b0a8f659dfd01c6af7,0.051,,,
843,2026-05-19,SH603296,0.06987533742628589,EXP_DEnsembleModel_Alpha158_csi300_custom_step0_s_20260519_15,dab809d9c5a648b0a8f659dfd01c6af7,0.051,,,
844,2026-05-19,SH603993,-0.02313197959086025,EXP_DEnsembleModel_Alpha158_csi300_custom_step0_s_20260519_15,dab809d9c5a648b0a8f659dfd01c6af7,0.051,,,
845,2026-05-19,SH603288,-0.03904581981292156,EXP_DEnsembleModel_Alpha158_csi300_custom_step0_s_20260519_15,dab809d9c5a648b0a8f659dfd01c6af7,0.051,,,
846,2026-05-19,SH603259,-0.022041950387925023,EXP_DEnsembleModel_Alpha158_csi300_custom_step0_s_20260519_15,dab809d9c5a648b0a8f659dfd01c6af7,0.051,,,
847,2026-05-19,SH603195,0.00020981272517267473,EXP_DEnsembleModel_Alpha158_csi300_custom_step0_s_20260519_15,dab809d9c5a648b0a8f659dfd01c6af7,0.051,,,
848,2026-05-19,SH603019,-0.010753319662524843,EXP_DEnsembleModel_Alpha158_csi300_custom_step0_s_20260519_15,dab809d9c5a648b0a8f659dfd01c6af7,0.051,,,
849,2026-05-19,SH601998,0.06665713599814764,EXP_DEnsembleModel_Alpha158_csi300_custom_step0_s_20260519_15,dab809d9c5a648b0a8f659dfd01c6af7,0.051,,,
850,2026-05-19,SH601995,0.03849484262368414,EXP_DEnsembleModel_Alpha158_csi300_custom_step0_s_20260519_15,dab809d9c5a648b0a8f659dfd01c6af7,0.051,,,
851,2026-05-19,SH601988,0.15795242277167543,EXP_DEnsembleModel_Alpha158_csi300_custom_step0_s_20260519_15,dab809d9c5a648b0a8f659dfd01c6af7,0.051,,,
852,2026-05-19,SH601985,0.11230885522354864,EXP_DEnsembleModel_Alpha158_csi300_custom_step0_s_20260519_15,dab809d9c5a648b0a8f659dfd01c6af7,0.051,,,
853,2026-05-19,SH603260,-0.07671817149407555,EXP_DEnsembleModel_Alpha158_csi300_custom_step0_s_20260519_15,dab809d9c5a648b0a8f659dfd01c6af7,0.051,,,
854,2026-05-19,SH688981,-0.0712117048977914,EXP_DEnsembleModel_Alpha158_csi300_custom_step0_s_20260519_15,dab809d9c5a648b0a8f659dfd01c6af7,0.051,,,
855,2026-05-19,SH605117,-0.03874253295766504,EXP_DEnsembleModel_Alpha158_csi300_custom_step0_s_20260519_15,dab809d9c5a648b0a8f659dfd01c6af7,0.051,,,
856,2026-05-19,SH688008,0.03937815502121739,EXP_DEnsembleModel_Alpha158_csi300_custom_step0_s_20260519_15,dab809d9c5a648b0a8f659dfd01c6af7,0.051,,,
857,2026-05-19,SH688472,-0.05922521570509857,EXP_DEnsembleModel_Alpha158_csi300_custom_step0_s_20260519_15,dab809d9c5a648b0a8f659dfd01c6af7,0.051,,,
858,2026-05-19,SH688396,-0.1808067450717894,EXP_DEnsembleModel_Alpha158_csi300_custom_step0_s_20260519_15,dab809d9c5a648b0a8f659dfd01c6af7,0.051,,,
859,2026-05-19,SH688303,-0.0295361602941149,EXP_DEnsembleModel_Alpha158_csi300_custom_step0_s_20260519_15,dab809d9c5a648b0a8f659dfd01c6af7,0.051,,,
860,2026-05-19,SH688271,0.0022170162914141077,EXP_DEnsembleModel_Alpha158_csi300_custom_step0_s_20260519_15,dab809d9c5a648b0a8f659dfd01c6af7,0.051,,,
861,2026-05-19,SH688256,-0.07188854045824185,EXP_DEnsembleModel_Alpha158_csi300_custom_step0_s_20260519_15,dab809d9c5a648b0a8f659dfd01c6af7,0.051,,,
862,2026-05-19,SH688223,-0.021160692827696153,EXP_DEnsembleModel_Alpha158_csi300_custom_step0_s_20260519_15,dab809d9c5a648b0a8f659dfd01c6af7,0.051,,,
863,2026-05-19,SH688187,-0.038776792884560755,EXP_DEnsembleModel_Alpha158_csi300_custom_step0_s_20260519_15,dab809d9c5a648b0a8f659dfd01c6af7,0.051,,,
864,2026-05-19,SH605499,-0.006269990602272397,EXP_DEnsembleModel_Alpha158_csi300_custom_step0_s_20260519_15,dab809d9c5a648b0a8f659dfd01c6af7,0.051,,,
865,2026-05-19,SH688169,-0.16044462429107012,EXP_DEnsembleModel_Alpha158_csi300_custom_step0_s_20260519_15,dab809d9c5a648b0a8f659dfd01c6af7,0.051,,,
866,2026-05-19,SH688111,-0.17626656484571923,EXP_DEnsembleModel_Alpha158_csi300_custom_step0_s_20260519_15,dab809d9c5a648b0a8f659dfd01c6af7,0.051,,,
867,2026-05-19,SH688082,-0.18669293738069706,EXP_DEnsembleModel_Alpha158_csi300_custom_step0_s_20260519_15,dab809d9c5a648b0a8f659dfd01c6af7,0.051,,,
868,2026-05-19,SH688047,0.011952080806353812,EXP_DEnsembleModel_Alpha158_csi300_custom_step0_s_20260519_15,dab809d9c5a648b0a8f659dfd01c6af7,0.051,,,
869,2026-05-19,SH688041,0.16462636661521868,EXP_DEnsembleModel_Alpha158_csi300_custom_step0_s_20260519_15,dab809d9c5a648b0a8f659dfd01c6af7,0.051,,,
870,2026-05-19,SH688036,-0.12377263011094079,EXP_DEnsembleModel_Alpha158_csi300_custom_step0_s_20260519_15,dab809d9c5a648b0a8f659dfd01c6af7,0.051,,,
871,2026-05-19,SH688012,-0.3696899466984083,EXP_DEnsembleModel_Alpha158_csi300_custom_step0_s_20260519_15,dab809d9c5a648b0a8f659dfd01c6af7,0.051,,,
872,2026-05-19,SH688009,0.028744017696034335,EXP_DEnsembleModel_Alpha158_csi300_custom_step0_s_20260519_15,dab809d9c5a648b0a8f659dfd01c6af7,0.051,,,
873,2026-05-19,SH688126,-0.18946658126024227,EXP_DEnsembleModel_Alpha158_csi300_custom_step0_s_20260519_15,dab809d9c5a648b0a8f659dfd01c6af7,0.051,,,
874,2026-05-19,SH603986,-0.2766683795042932,EXP_DEnsembleModel_Alpha158_csi300_custom_step0_s_20260519_15,e04c9fcb678a49c28cb9fcb38da4eff7,0.073,,,
875,2026-05-19,SZ002027,-0.06935440697754706,EXP_DEnsembleModel_Alpha158_csi300_custom_step0_s_20260519_15,dab809d9c5a648b0a8f659dfd01c6af7,0.051,,,
876,2026-05-19,SZ002049,-0.017006722075040337,EXP_DEnsembleModel_Alpha158_csi300_custom_step0_s_20260519_15,dab809d9c5a648b0a8f659dfd01c6af7,0.051,,,
877,2026-05-19,SZ300750,0.0027697446941753593,EXP_DEnsembleModel_Alpha158_csi300_custom_step0_s_20260519_15,dab809d9c5a648b0a8f659dfd01c6af7,0.051,,,
878,2026-05-19,SZ300661,-0.3746878262690264,EXP_DEnsembleModel_Alpha158_csi300_custom_step0_s_20260519_15,dab809d9c5a648b0a8f659dfd01c6af7,0.051,,,
879,2026-05-19,SZ300628,-0.11339204255218824,EXP_DEnsembleModel_Alpha158_csi300_custom_step0_s_20260519_15,dab809d9c5a648b0a8f659dfd01c6af7,0.051,,,
880,2026-05-19,SZ300502,0.2262424625926831,EXP_DEnsembleModel_Alpha158_csi300_custom_step0_s_20260519_15,dab809d9c5a648b0a8f659dfd01c6af7,0.051,,,
881,2026-05-19,SZ300498,-0.04516527314363018,EXP_DEnsembleModel_Alpha158_csi300_custom_step0_s_20260519_15,dab809d9c5a648b0a8f659dfd01c6af7,0.051,,,
882,2026-05-19,SZ300476,0.08287647804046144,EXP_DEnsembleModel_Alpha158_csi300_custom_step0_s_20260519_15,dab809d9c5a648b0a8f659dfd01c6af7,0.051,,,
883,2026-05-19,SZ300442,-0.12375284599243479,EXP_DEnsembleModel_Alpha158_csi300_custom_step0_s_20260519_15,dab809d9c5a648b0a8f659dfd01c6af7,0.051,,,
884,2026-05-19,SZ300759,-0.05351598733862122,EXP_DEnsembleModel_Alpha158_csi300_custom_step0_s_20260519_15,dab809d9c5a648b0a8f659dfd01c6af7,0.051,,,
885,2026-05-19,SZ300433,0.02183530481584326,EXP_DEnsembleModel_Alpha158_csi300_custom_step0_s_20260519_15,dab809d9c5a648b0a8f659dfd01c6af7,0.051,,,
886,2026-05-19,SZ300413,-0.02073618674007034,EXP_DEnsembleModel_Alpha158_csi300_custom_step0_s_20260519_15,dab809d9c5a648b0a8f659dfd01c6af7,0.051,,,
887,2026-05-19,SZ300408,-0.14294433289787944,EXP_DEnsembleModel_Alpha158_csi300_custom_step0_s_20260519_15,dab809d9c5a648b0a8f659dfd01c6af7,0.051,,,
888,2026-05-19,SZ300394,0.11208346052383615,EXP_DEnsembleModel_Alpha158_csi300_custom_step0_s_20260519_15,dab809d9c5a648b0a8f659dfd01c6af7,0.051,,,
889,2026-05-19,SZ300347,0.01982676823682448,EXP_DEnsembleModel_Alpha158_csi300_custom_step0_s_20260519_15,dab809d9c5a648b0a8f659dfd01c6af7,0.051,,,
890,2026-05-19,SZ300316,-0.12886704630745016,EXP_DEnsembleModel_Alpha158_csi300_custom_step0_s_20260519_15,dab809d9c5a648b0a8f659dfd01c6af7,0.051,,,
891,2026-05-19,SZ300308,-0.02903288835493018,EXP_DEnsembleModel_Alpha158_csi300_custom_step0_s_20260519_15,dab809d9c5a648b0a8f659dfd01c6af7,0.051,,,
892,2026-05-19,SZ300274,-0.09764263746665854,EXP_DEnsembleModel_Alpha158_csi300_custom_step0_s_20260519_15,dab809d9c5a648b0a8f659dfd01c6af7,0.051,,,
893,2026-05-19,SZ300418,-0.14034963993519917,EXP_DEnsembleModel_Alpha158_csi300_custom_step0_s_20260519_15,dab809d9c5a648b0a8f659dfd01c6af7,0.051,,,
894,2026-05-19,SZ300251,-0.10049317213288271,EXP_DEnsembleModel_Alpha158_csi300_custom_step0_s_20260519_15,dab809d9c5a648b0a8f659dfd01c6af7,0.051,,,
895,2026-05-19,SZ300760,-0.11679142764077327,EXP_DEnsembleModel_Alpha158_csi300_custom_step0_s_20260519_15,dab809d9c5a648b0a8f659dfd01c6af7,0.051,,,
896,2026-05-19,SZ300803,-0.15442705409033672,EXP_DEnsembleModel_Alpha158_csi300_custom_step0_s_20260519_15,dab809d9c5a648b0a8f659dfd01c6af7,0.051,,,
897,2026-05-19,SH600019,-0.02322595354014394,EXP_DEnsembleModel_Alpha158_csi300_custom_step0_s_20260519_15,e04c9fcb678a49c28cb9fcb38da4eff7,0.073,,,
898,2026-05-19,SH600018,0.16129413474539592,EXP_DEnsembleModel_Alpha158_csi300_custom_step0_s_20260519_15,e04c9fcb678a49c28cb9fcb38da4eff7,0.073,,,
899,2026-05-19,SH600016,0.00558988657551763,EXP_DEnsembleModel_Alpha158_csi300_custom_step0_s_20260519_15,e04c9fcb678a49c28cb9fcb38da4eff7,0.073,,,
900,2026-05-19,SH600015,0.03357664845863371,EXP_DEnsembleModel_Alpha158_csi300_custom_step0_s_20260519_15,e04c9fcb678a49c28cb9fcb38da4eff7,0.073,,,
901,2026-05-19,SH600011,-0.027232754123022382,EXP_DEnsembleModel_Alpha158_csi300_custom_step0_s_20260519_15,e04c9fcb678a49c28cb9fcb38da4eff7,0.073,,,
902,2026-05-19,SH600010,-0.10519011500906279,EXP_DEnsembleModel_Alpha158_csi300_custom_step0_s_20260519_15,e04c9fcb678a49c28cb9fcb38da4eff7,0.073,,,
903,2026-05-19,SH600009,-0.03317933402901584,EXP_DEnsembleModel_Alpha158_csi300_custom_step0_s_20260519_15,e04c9fcb678a49c28cb9fcb38da4eff7,0.073,,,
904,2026-05-19,SZ300782,-0.13680714047044992,EXP_DEnsembleModel_Alpha158_csi300_custom_step0_s_20260519_15,dab809d9c5a648b0a8f659dfd01c6af7,0.051,,,
905,2026-05-19,SH600000,-0.0025179182897793885,EXP_DEnsembleModel_Alpha158_csi300_custom_step0_s_20260519_15,e04c9fcb678a49c28cb9fcb38da4eff7,0.073,,,
906,2026-05-19,SZ301269,-0.06905537733631353,EXP_DEnsembleModel_Alpha158_csi300_custom_step0_s_20260519_15,dab809d9c5a648b0a8f659dfd01c6af7,0.051,,,
907,2026-05-19,SZ301236,-0.13117870903230913,EXP_DEnsembleModel_Alpha158_csi300_custom_step0_s_20260519_15,dab809d9c5a648b0a8f659dfd01c6af7,0.051,,,
908,2026-05-19,SZ300999,0.003696852605825248,EXP_DEnsembleModel_Alpha158_csi300_custom_step0_s_20260519_15,dab809d9c5a648b0a8f659dfd01c6af7,0.051,,,
909,2026-05-19,SZ300979,0.04280980448553801,EXP_DEnsembleModel_Alpha158_csi300_custom_step0_s_20260519_15,dab809d9c5a648b0a8f659dfd01c6af7,0.051,,,
910,2026-05-19,SZ300896,-0.056702435791715,EXP_DEnsembleModel_Alpha158_csi300_custom_step0_s_20260519_15,dab809d9c5a648b0a8f659dfd01c6af7,0.051,,,
911,2026-05-19,SZ300866,-0.0036924712476426092,EXP_DEnsembleModel_Alpha158_csi300_custom_step0_s_20260519_15,dab809d9c5a648b0a8f659dfd01c6af7,0.051,,,
912,2026-05-19,SZ300832,-0.031192587094555156,EXP_DEnsembleModel_Alpha158_csi300_custom_step0_s_20260519_15,dab809d9c5a648b0a8f659dfd01c6af7,0.051,,,
913,2026-05-19,SZ302132,-0.06426675588472672,EXP_DEnsembleModel_Alpha158_csi300_custom_step0_s_20260519_15,dab809d9c5a648b0a8f659dfd01c6af7,0.051,,,
914,2026-05-19,SZ002028,0.0494298859782005,EXP_DEnsembleModel_Alpha158_csi300_custom_step0_s_20260519_15,dab809d9c5a648b0a8f659dfd01c6af7,0.051,,,
915,2026-05-19,SZ300124,-0.016510879576389758,EXP_DEnsembleModel_Alpha158_csi300_custom_step0_s_20260519_15,dab809d9c5a648b0a8f659dfd01c6af7,0.051,,,
916,2026-05-19,SZ300059,-0.16695002932078468,EXP_DEnsembleModel_Alpha158_csi300_custom_step0_s_20260519_15,dab809d9c5a648b0a8f659dfd01c6af7,0.051,,,
917,2026-05-19,SZ002459,0.04569476812954845,EXP_DEnsembleModel_Alpha158_csi300_custom_step0_s_20260519_15,dab809d9c5a648b0a8f659dfd01c6af7,0.051,,,
918,2026-05-19,SZ002422,-0.025301609421089152,EXP_DEnsembleModel_Alpha158_csi300_custom_step0_s_20260519_15,dab809d9c5a648b0a8f659dfd01c6af7,0.051,,,
919,2026-05-19,SZ002415,-0.09474088378231539,EXP_DEnsembleModel_Alpha158_csi300_custom_step0_s_20260519_15,dab809d9c5a648b0a8f659dfd01c6af7,0.051,,,
920,2026-05-19,SZ002384,-0.008490100103939144,EXP_DEnsembleModel_Alpha158_csi300_custom_step0_s_20260519_15,dab809d9c5a648b0a8f659dfd01c6af7,0.051,,,
921,2026-05-19,SZ002371,-0.2842630335250489,EXP_DEnsembleModel_Alpha158_csi300_custom_step0_s_20260519_15,dab809d9c5a648b0a8f659dfd01c6af7,0.051,,,
922,2026-05-19,SZ002352,0.009048027726138354,EXP_DEnsembleModel_Alpha158_csi300_custom_step0_s_20260519_15,dab809d9c5a648b0a8f659dfd01c6af7,0.051,,,
923,2026-05-19,SZ002311,0.02487219127221302,EXP_DEnsembleModel_Alpha158_csi300_custom_step0_s_20260519_15,dab809d9c5a648b0a8f659dfd01c6af7,0.051,,,
924,2026-05-19,SZ002460,0.02619747223331453,EXP_DEnsembleModel_Alpha158_csi300_custom_step0_s_20260519_15,dab809d9c5a648b0a8f659dfd01c6af7,0.051,,,
925,2026-05-19,SZ002304,-0.022075533755181405,EXP_DEnsembleModel_Alpha158_csi300_custom_step0_s_20260519_15,dab809d9c5a648b0a8f659dfd01c6af7,0.051,,,
926,2026-05-19,SZ002241,-0.046534280814129594,EXP_DEnsembleModel_Alpha158_csi300_custom_step0_s_20260519_15,dab809d9c5a648b0a8f659dfd01c6af7,0.051,,,
927,2026-05-19,SZ002236,-0.10072795846845985,EXP_DEnsembleModel_Alpha158_csi300_custom_step0_s_20260519_15,dab809d9c5a648b0a8f659dfd01c6af7,0.051,,,
928,2026-05-19,SZ002230,-0.09576741545958536,EXP_DEnsembleModel_Alpha158_csi300_custom_step0_s_20260519_15,dab809d9c5a648b0a8f659dfd01c6af7,0.051,,,
929,2026-05-19,SZ002179,-0.05382127536874231,EXP_DEnsembleModel_Alpha158_csi300_custom_step0_s_20260519_15,dab809d9c5a648b0a8f659dfd01c6af7,0.051,,,
930,2026-05-19,SZ002142,-0.012960030664241227,EXP_DEnsembleModel_Alpha158_csi300_custom_step0_s_20260519_15,dab809d9c5a648b0a8f659dfd01c6af7,0.051,,,
931,2026-05-19,SZ002074,-0.05734966664589198,EXP_DEnsembleModel_Alpha158_csi300_custom_step0_s_20260519_15,dab809d9c5a648b0a8f659dfd01c6af7,0.051,,,
932,2026-05-19,SZ002050,-0.08861359437134839,EXP_DEnsembleModel_Alpha158_csi300_custom_step0_s_20260519_15,dab809d9c5a648b0a8f659dfd01c6af7,0.051,,,
933,2026-05-19,SZ002252,0.01523768279624896,EXP_DEnsembleModel_Alpha158_csi300_custom_step0_s_20260519_15,dab809d9c5a648b0a8f659dfd01c6af7,0.051,,,
934,2026-05-19,SZ300122,-0.07693895719014089,EXP_DEnsembleModel_Alpha158_csi300_custom_step0_s_20260519_15,dab809d9c5a648b0a8f659dfd01c6af7,0.051,,,
935,2026-05-19,SZ002463,0.05729263837378142,EXP_DEnsembleModel_Alpha158_csi300_custom_step0_s_20260519_15,dab809d9c5a648b0a8f659dfd01c6af7,0.051,,,
936,2026-05-19,SZ002475,0.09318230363124623,EXP_DEnsembleModel_Alpha158_csi300_custom_step0_s_20260519_15,dab809d9c5a648b0a8f659dfd01c6af7,0.051,,,
937,2026-05-19,SZ300033,-0.04889844288876342,EXP_DEnsembleModel_Alpha158_csi300_custom_step0_s_20260519_15,dab809d9c5a648b0a8f659dfd01c6af7,0.051,,,
938,2026-05-19,SZ300015,-0.06271254798724647,EXP_DEnsembleModel_Alpha158_csi300_custom_step0_s_20260519_15,dab809d9c5a648b0a8f659dfd01c6af7,0.051,,,
939,2026-05-19,SZ300014,-0.1104849223092091,EXP_DEnsembleModel_Alpha158_csi300_custom_step0_s_20260519_15,dab809d9c5a648b0a8f659dfd01c6af7,0.051,,,
940,2026-05-19,SZ003816,0.062277387659740904,EXP_DEnsembleModel_Alpha158_csi300_custom_step0_s_20260519_15,dab809d9c5a648b0a8f659dfd01c6af7,0.051,,,
941,2026-05-19,SZ002938,-0.4674962449109846,EXP_DEnsembleModel_Alpha158_csi300_custom_step0_s_20260519_15,dab809d9c5a648b0a8f659dfd01c6af7,0.051,,,
942,2026-05-19,SZ002920,0.08193265007071897,EXP_DEnsembleModel_Alpha158_csi300_custom_step0_s_20260519_15,dab809d9c5a648b0a8f659dfd01c6af7,0.051,,,
943,2026-05-19,SZ002916,0.06272182657244094,EXP_DEnsembleModel_Alpha158_csi300_custom_step0_s_20260519_15,dab809d9c5a648b0a8f659dfd01c6af7,0.051,,,
944,2026-05-19,SZ002466,0.16190454097291854,EXP_DEnsembleModel_Alpha158_csi300_custom_step0_s_20260519_15,dab809d9c5a648b0a8f659dfd01c6af7,0.051,,,
945,2026-05-19,SZ002736,-0.02515024447582503,EXP_DEnsembleModel_Alpha158_csi300_custom_step0_s_20260519_15,dab809d9c5a648b0a8f659dfd01c6af7,0.051,,,
946,2026-05-19,SZ002709,0.21393380005616708,EXP_DEnsembleModel_Alpha158_csi300_custom_step0_s_20260519_15,dab809d9c5a648b0a8f659dfd01c6af7,0.051,,,
947,2026-05-19,SZ002648,0.04084126581340672,EXP_DEnsembleModel_Alpha158_csi300_custom_step0_s_20260519_15,dab809d9c5a648b0a8f659dfd01c6af7,0.051,,,
948,2026-05-19,SZ002625,-0.0844384653478308,EXP_DEnsembleModel_Alpha158_csi300_custom_step0_s_20260519_15,dab809d9c5a648b0a8f659dfd01c6af7,0.051,,,
949,2026-05-19,SZ002601,0.04756794305792241,EXP_DEnsembleModel_Alpha158_csi300_custom_step0_s_20260519_15,dab809d9c5a648b0a8f659dfd01c6af7,0.051,,,
950,2026-05-19,SZ002600,0.11304667622013544,EXP_DEnsembleModel_Alpha158_csi300_custom_step0_s_20260519_15,dab809d9c5a648b0a8f659dfd01c6af7,0.051,,,
951,2026-05-19,SZ002594,-0.09765832033448166,EXP_DEnsembleModel_Alpha158_csi300_custom_step0_s_20260519_15,dab809d9c5a648b0a8f659dfd01c6af7,0.051,,,
952,2026-05-19,SZ002493,0.005276201074288281,EXP_DEnsembleModel_Alpha158_csi300_custom_step0_s_20260519_15,dab809d9c5a648b0a8f659dfd01c6af7,0.051,,,
953,2026-05-19,SZ002714,0.014191112522804711,EXP_DEnsembleModel_Alpha158_csi300_custom_step0_s_20260519_15,dab809d9c5a648b0a8f659dfd01c6af7,0.051,,,
954,2026-05-19,SZ000983,-0.06911817938089371,EXP_LinearModel_Alpha158_csi300_custom_step0_s_20260519_15,dd70fe95cbcc49979825778b78cd4677,0.098,,,
955,2026-05-19,SH603993,-0.1097356484482986,EXP_DEnsembleModel_Alpha158_csi300_custom_step0_s_20260519_15,e04c9fcb678a49c28cb9fcb38da4eff7,0.073,,,
956,2026-05-19,SH605499,-0.03317187075430215,EXP_DEnsembleModel_Alpha158_csi300_custom_step0_s_20260519_15,e04c9fcb678a49c28cb9fcb38da4eff7,0.073,,,
957,2026-05-19,SH601012,0.0500862691953811,EXP_DEnsembleModel_Alpha158_csi300_custom_step0_s_20260519_15,699c999730254f81a96fa2d56fd18281,0.053,,,
958,2026-05-19,SH601009,-0.018093437511157672,EXP_DEnsembleModel_Alpha158_csi300_custom_step0_s_20260519_15,699c999730254f81a96fa2d56fd18281,0.053,,,
959,2026-05-19,SH601006,0.028754116292887984,EXP_DEnsembleModel_Alpha158_csi300_custom_step0_s_20260519_15,699c999730254f81a96fa2d56fd18281,0.053,,,
960,2026-05-19,SH600999,0.04020706986999716,EXP_DEnsembleModel_Alpha158_csi300_custom_step0_s_20260519_15,699c999730254f81a96fa2d56fd18281,0.053,,,
961,2026-05-19,SH600989,0.09868782044202523,EXP_DEnsembleModel_Alpha158_csi300_custom_step0_s_20260519_15,699c999730254f81a96fa2d56fd18281,0.053,,,
962,2026-05-19,SH600958,-0.006661379537698972,EXP_DEnsembleModel_Alpha158_csi300_custom_step0_s_20260519_15,699c999730254f81a96fa2d56fd18281,0.053,,,
963,2026-05-19,SH600941,-0.007077029905700666,EXP_DEnsembleModel_Alpha158_csi300_custom_step0_s_20260519_15,699c999730254f81a96fa2d56fd18281,0.053,,,
964,2026-05-19,SH600938,0.04620337488957305,EXP_DEnsembleModel_Alpha158_csi300_custom_step0_s_20260519_15,699c999730254f81a96fa2d56fd18281,0.053,,,
965,2026-05-19,SH600930,-0.08534979153678436,EXP_DEnsembleModel_Alpha158_csi300_custom_step0_s_20260519_15,699c999730254f81a96fa2d56fd18281,0.053,,,
966,2026-05-19,SH600926,-0.09827992282053326,EXP_DEnsembleModel_Alpha158_csi300_custom_step0_s_20260519_15,699c999730254f81a96fa2d56fd18281,0.053,,,
967,2026-05-19,SH600919,0.09684935996791547,EXP_DEnsembleModel_Alpha158_csi300_custom_step0_s_20260519_15,699c999730254f81a96fa2d56fd18281,0.053,,,
968,2026-05-19,SH600918,-0.01394752378553509,EXP_DEnsembleModel_Alpha158_csi300_custom_step0_s_20260519_15,699c999730254f81a96fa2d56fd18281,0.053,,,
969,2026-05-19,SH600905,0.02343446309522435,EXP_DEnsembleModel_Alpha158_csi300_custom_step0_s_20260519_15,699c999730254f81a96fa2d56fd18281,0.053,,,
970,2026-05-19,SH600900,0.019302349641368528,EXP_DEnsembleModel_Alpha158_csi300_custom_step0_s_20260519_15,699c999730254f81a96fa2d56fd18281,0.053,,,
971,2026-05-19,SH600893,-0.18975109212394764,EXP_DEnsembleModel_Alpha158_csi300_custom_step0_s_20260519_15,699c999730254f81a96fa2d56fd18281,0.053,,,
972,2026-05-19,SH601018,0.00645406096914861,EXP_DEnsembleModel_Alpha158_csi300_custom_step0_s_20260519_15,699c999730254f81a96fa2d56fd18281,0.053,,,
973,2026-05-19,SH601021,-0.08407339250491801,EXP_DEnsembleModel_Alpha158_csi300_custom_step0_s_20260519_15,699c999730254f81a96fa2d56fd18281,0.053,,,
974,2026-05-19,SH601058,0.002845699550156655,EXP_DEnsembleModel_Alpha158_csi300_custom_step0_s_20260519_15,699c999730254f81a96fa2d56fd18281,0.053,,,
975,2026-05-19,SH601059,-0.018449683275602462,EXP_DEnsembleModel_Alpha158_csi300_custom_step0_s_20260519_15,699c999730254f81a96fa2d56fd18281,0.053,,,
976,2026-05-19,SH601236,-0.0415861158545034,EXP_DEnsembleModel_Alpha158_csi300_custom_step0_s_20260519_15,699c999730254f81a96fa2d56fd18281,0.053,,,
977,2026-05-19,SH601229,-0.07547550551573064,EXP_DEnsembleModel_Alpha158_csi300_custom_step0_s_20260519_15,699c999730254f81a96fa2d56fd18281,0.053,,,
978,2026-05-19,SH601225,0.02309181782976845,EXP_DEnsembleModel_Alpha158_csi300_custom_step0_s_20260519_15,699c999730254f81a96fa2d56fd18281,0.053,,,
979,2026-05-19,SH601211,-0.06542276377825766,EXP_DEnsembleModel_Alpha158_csi300_custom_step0_s_20260519_15,699c999730254f81a96fa2d56fd18281,0.053,,,
980,2026-05-19,SH601186,0.0021781513065418294,EXP_DEnsembleModel_Alpha158_csi300_custom_step0_s_20260519_15,699c999730254f81a96fa2d56fd18281,0.053,,,
981,2026-05-19,SH601169,-0.10259079328608532,EXP_DEnsembleModel_Alpha158_csi300_custom_step0_s_20260519_15,699c999730254f81a96fa2d56fd18281,0.053,,,
982,2026-05-19,SH601166,-0.08355950432049737,EXP_DEnsembleModel_Alpha158_csi300_custom_step0_s_20260519_15,699c999730254f81a96fa2d56fd18281,0.053,,,
983,2026-05-19,SH600887,0.05772615279936938,EXP_DEnsembleModel_Alpha158_csi300_custom_step0_s_20260519_15,699c999730254f81a96fa2d56fd18281,0.053,,,
984,2026-05-19,SH601138,0.1113819091761063,EXP_DEnsembleModel_Alpha158_csi300_custom_step0_s_20260519_15,699c999730254f81a96fa2d56fd18281,0.053,,,
985,2026-05-19,SH601127,0.009310662988702338,EXP_DEnsembleModel_Alpha158_csi300_custom_step0_s_20260519_15,699c999730254f81a96fa2d56fd18281,0.053,,,
986,2026-05-19,SH601117,0.023629114690588413,EXP_DEnsembleModel_Alpha158_csi300_custom_step0_s_20260519_15,699c999730254f81a96fa2d56fd18281,0.053,,,
987,2026-05-19,SH601111,-0.006793163369018559,EXP_DEnsembleModel_Alpha158_csi300_custom_step0_s_20260519_15,699c999730254f81a96fa2d56fd18281,0.053,,,
988,2026-05-19,SH601100,-0.08906939331257312,EXP_DEnsembleModel_Alpha158_csi300_custom_step0_s_20260519_15,699c999730254f81a96fa2d56fd18281,0.053,,,
989,2026-05-19,SH601088,-0.028665277160172222,EXP_DEnsembleModel_Alpha158_csi300_custom_step0_s_20260519_15,699c999730254f81a96fa2d56fd18281,0.053,,,
990,2026-05-19,SH601077,-0.08112035373071697,EXP_DEnsembleModel_Alpha158_csi300_custom_step0_s_20260519_15,699c999730254f81a96fa2d56fd18281,0.053,,,
991,2026-05-19,SH601066,0.0561107215591326,EXP_DEnsembleModel_Alpha158_csi300_custom_step0_s_20260519_15,699c999730254f81a96fa2d56fd18281,0.053,,,
992,2026-05-19,SH601136,0.027677241702063957,EXP_DEnsembleModel_Alpha158_csi300_custom_step0_s_20260519_15,699c999730254f81a96fa2d56fd18281,0.053,,,
993,2026-05-19,SH600886,-0.012465710189209892,EXP_DEnsembleModel_Alpha158_csi300_custom_step0_s_20260519_15,699c999730254f81a96fa2d56fd18281,0.053,,,
994,2026-05-19,SH600875,0.14949654647204424,EXP_DEnsembleModel_Alpha158_csi300_custom_step0_s_20260519_15,699c999730254f81a96fa2d56fd18281,0.053,,,
995,2026-05-19,SH600845,0.15617295325864927,EXP_DEnsembleModel_Alpha158_csi300_custom_step0_s_20260519_15,699c999730254f81a96fa2d56fd18281,0.053,,,
996,2026-05-19,SH600438,0.055727102346042764,EXP_DEnsembleModel_Alpha158_csi300_custom_step0_s_20260519_15,699c999730254f81a96fa2d56fd18281,0.053,,,
997,2026-05-19,SH600436,0.008584476187326306,EXP_DEnsembleModel_Alpha158_csi300_custom_step0_s_20260519_15,699c999730254f81a96fa2d56fd18281,0.053,,,
998,2026-05-19,SH600426,0.052189644240233445,EXP_DEnsembleModel_Alpha158_csi300_custom_step0_s_20260519_15,699c999730254f81a96fa2d56fd18281,0.053,,,
999,2026-05-19,SH600415,0.09761794088804586,EXP_DEnsembleModel_Alpha158_csi300_custom_step0_s_20260519_15,699c999730254f81a96fa2d56fd18281,0.053,,,
1000,2026-05-19,SH600406,-0.0538442184122449,EXP_DEnsembleModel_Alpha158_csi300_custom_step0_s_20260519_15,699c999730254f81a96fa2d56fd18281,0.053,,,
1001,2026-05-19,SH600377,0.10003107415227189,EXP_DEnsembleModel_Alpha158_csi300_custom_step0_s_20260519_15,699c999730254f81a96fa2d56fd18281,0.053,,,
1002,2026-05-19,SH600372,0.028858176280554117,EXP_DEnsembleModel_Alpha158_csi300_custom_step0_s_20260519_15,699c999730254f81a96fa2d56fd18281,0.053,,,
1003,2026-05-19,SH600460,0.055561414334735604,EXP_DEnsembleModel_Alpha158_csi300_custom_step0_s_20260519_15,699c999730254f81a96fa2d56fd18281,0.053,,,
1004,2026-05-19,SH600362,0.00761231005907641,EXP_DEnsembleModel_Alpha158_csi300_custom_step0_s_20260519_15,699c999730254f81a96fa2d56fd18281,0.053,,,
1005,2026-05-19,SH600309,0.047600660283557326,EXP_DEnsembleModel_Alpha158_csi300_custom_step0_s_20260519_15,699c999730254f81a96fa2d56fd18281,0.053,,,
1006,2026-05-19,SH600276,-0.06907602484543049,EXP_DEnsembleModel_Alpha158_csi300_custom_step0_s_20260519_15,699c999730254f81a96fa2d56fd18281,0.053,,,
1007,2026-05-19,SH600233,0.055139236404449406,EXP_DEnsembleModel_Alpha158_csi300_custom_step0_s_20260519_15,699c999730254f81a96fa2d56fd18281,0.053,,,
1008,2026-05-19,SH600219,0.07319404413862636,EXP_DEnsembleModel_Alpha158_csi300_custom_step0_s_20260519_15,699c999730254f81a96fa2d56fd18281,0.053,,,
1009,2026-05-19,SH600196,-0.0368953130159288,EXP_DEnsembleModel_Alpha158_csi300_custom_step0_s_20260519_15,699c999730254f81a96fa2d56fd18281,0.053,,,
1010,2026-05-19,SH600188,0.10908064545874384,EXP_DEnsembleModel_Alpha158_csi300_custom_step0_s_20260519_15,699c999730254f81a96fa2d56fd18281,0.053,,,
1011,2026-05-19,SH600183,-0.20632479732654035,EXP_DEnsembleModel_Alpha158_csi300_custom_step0_s_20260519_15,699c999730254f81a96fa2d56fd18281,0.053,,,
1012,2026-05-19,SH600346,0.054413774820830936,EXP_DEnsembleModel_Alpha158_csi300_custom_step0_s_20260519_15,699c999730254f81a96fa2d56fd18281,0.053,,,
1013,2026-05-19,SH601238,-0.009881352378590337,EXP_DEnsembleModel_Alpha158_csi300_custom_step0_s_20260519_15,699c999730254f81a96fa2d56fd18281,0.053,,,
1014,2026-05-19,SH600482,-0.1764773073191141,EXP_DEnsembleModel_Alpha158_csi300_custom_step0_s_20260519_15,699c999730254f81a96fa2d56fd18281,0.053,,,
1015,2026-05-19,SH600515,-0.01686825257098488,EXP_DEnsembleModel_Alpha158_csi300_custom_step0_s_20260519_15,699c999730254f81a96fa2d56fd18281,0.053,,,
1016,2026-05-19,SH600809,0.013655519093307486,EXP_DEnsembleModel_Alpha158_csi300_custom_step0_s_20260519_15,699c999730254f81a96fa2d56fd18281,0.053,,,
1017,2026-05-19,SH600803,-0.027197188198983306,EXP_DEnsembleModel_Alpha158_csi300_custom_step0_s_20260519_15,699c999730254f81a96fa2d56fd18281,0.053,,,
1018,2026-05-19,SH600795,0.10132508562075503,EXP_DEnsembleModel_Alpha158_csi300_custom_step0_s_20260519_15,699c999730254f81a96fa2d56fd18281,0.053,,,
1019,2026-05-19,SH600760,-0.02545292083508546,EXP_DEnsembleModel_Alpha158_csi300_custom_step0_s_20260519_15,699c999730254f81a96fa2d56fd18281,0.053,,,
1020,2026-05-19,SH600741,-0.020518356771319433,EXP_DEnsembleModel_Alpha158_csi300_custom_step0_s_20260519_15,699c999730254f81a96fa2d56fd18281,0.053,,,
1021,2026-05-19,SH600690,-0.04508149630571588,EXP_DEnsembleModel_Alpha158_csi300_custom_step0_s_20260519_15,699c999730254f81a96fa2d56fd18281,0.053,,,
1022,2026-05-19,SH600674,0.10438543858409094,EXP_DEnsembleModel_Alpha158_csi300_custom_step0_s_20260519_15,699c999730254f81a96fa2d56fd18281,0.053,,,
1023,2026-05-19,SH600489,0.0628737801075671,EXP_DEnsembleModel_Alpha158_csi300_custom_step0_s_20260519_15,699c999730254f81a96fa2d56fd18281,0.053,,,
1024,2026-05-19,SH600660,-0.025151403138068424,EXP_DEnsembleModel_Alpha158_csi300_custom_step0_s_20260519_15,699c999730254f81a96fa2d56fd18281,0.053,,,
1025,2026-05-19,SH600588,-0.10666990156579802,EXP_DEnsembleModel_Alpha158_csi300_custom_step0_s_20260519_15,699c999730254f81a96fa2d56fd18281,0.053,,,
1026,2026-05-19,SH600585,-0.10221832700650563,EXP_DEnsembleModel_Alpha158_csi300_custom_step0_s_20260519_15,699c999730254f81a96fa2d56fd18281,0.053,,,
1027,2026-05-19,SH600584,0.12270404179308175,EXP_DEnsembleModel_Alpha158_csi300_custom_step0_s_20260519_15,699c999730254f81a96fa2d56fd18281,0.053,,,
1028,2026-05-19,SH600570,0.042425898691258096,EXP_DEnsembleModel_Alpha158_csi300_custom_step0_s_20260519_15,699c999730254f81a96fa2d56fd18281,0.053,,,
1029,2026-05-19,SH600547,0.11433108741506366,EXP_DEnsembleModel_Alpha158_csi300_custom_step0_s_20260519_15,699c999730254f81a96fa2d56fd18281,0.053,,,
1030,2026-05-19,SH600522,-0.01421633784103176,EXP_DEnsembleModel_Alpha158_csi300_custom_step0_s_20260519_15,699c999730254f81a96fa2d56fd18281,0.053,,,
1031,2026-05-19,SH600519,-0.10022200305835804,EXP_DEnsembleModel_Alpha158_csi300_custom_step0_s_20260519_15,699c999730254f81a96fa2d56fd18281,0.053,,,
1032,2026-05-19,SH600600,-0.039662812954246694,EXP_DEnsembleModel_Alpha158_csi300_custom_step0_s_20260519_15,699c999730254f81a96fa2d56fd18281,0.053,,,
1033,2026-05-19,SH601288,-0.025187376900841583,EXP_DEnsembleModel_Alpha158_csi300_custom_step0_s_20260519_15,699c999730254f81a96fa2d56fd18281,0.053,,,
1034,2026-05-19,SH601298,0.015314909252862543,EXP_DEnsembleModel_Alpha158_csi300_custom_step0_s_20260519_15,699c999730254f81a96fa2d56fd18281,0.053,,,
1035,2026-05-19,SH601318,-0.052665663906412724,EXP_DEnsembleModel_Alpha158_csi300_custom_step0_s_20260519_15,699c999730254f81a96fa2d56fd18281,0.053,,,
1036,2026-05-19,SH603799,0.06665219559023436,EXP_DEnsembleModel_Alpha158_csi300_custom_step0_s_20260519_15,699c999730254f81a96fa2d56fd18281,0.053,,,
1037,2026-05-19,SH603501,0.022756578437972432,EXP_DEnsembleModel_Alpha158_csi300_custom_step0_s_20260519_15,699c999730254f81a96fa2d56fd18281,0.053,,,
1038,2026-05-19,SH603392,-0.07660183117748616,EXP_DEnsembleModel_Alpha158_csi300_custom_step0_s_20260519_15,699c999730254f81a96fa2d56fd18281,0.053,,,
1039,2026-05-19,SH603369,0.02857889982748579,EXP_DEnsembleModel_Alpha158_csi300_custom_step0_s_20260519_15,699c999730254f81a96fa2d56fd18281,0.053,,,
1040,2026-05-19,SH603296,0.2185035594438076,EXP_DEnsembleModel_Alpha158_csi300_custom_step0_s_20260519_15,699c999730254f81a96fa2d56fd18281,0.053,,,
1041,2026-05-19,SH603288,0.0053663758106615245,EXP_DEnsembleModel_Alpha158_csi300_custom_step0_s_20260519_15,699c999730254f81a96fa2d56fd18281,0.053,,,
1042,2026-05-19,SH603260,0.10958530685812576,EXP_DEnsembleModel_Alpha158_csi300_custom_step0_s_20260519_15,699c999730254f81a96fa2d56fd18281,0.053,,,
1043,2026-05-19,SH603893,0.10217519412009844,EXP_DEnsembleModel_Alpha158_csi300_custom_step0_s_20260519_15,699c999730254f81a96fa2d56fd18281,0.053,,,
1044,2026-05-19,SH603259,0.04397527090293956,EXP_DEnsembleModel_Alpha158_csi300_custom_step0_s_20260519_15,699c999730254f81a96fa2d56fd18281,0.053,,,
1045,2026-05-19,SH603019,-0.014530706766328672,EXP_DEnsembleModel_Alpha158_csi300_custom_step0_s_20260519_15,699c999730254f81a96fa2d56fd18281,0.053,,,
1046,2026-05-19,SH601998,-0.06643586951336869,EXP_DEnsembleModel_Alpha158_csi300_custom_step0_s_20260519_15,699c999730254f81a96fa2d56fd18281,0.053,,,
1047,2026-05-19,SH601995,0.051173591231957,EXP_DEnsembleModel_Alpha158_csi300_custom_step0_s_20260519_15,699c999730254f81a96fa2d56fd18281,0.053,,,
1048,2026-05-19,SH601988,-0.06591513734582802,EXP_DEnsembleModel_Alpha158_csi300_custom_step0_s_20260519_15,699c999730254f81a96fa2d56fd18281,0.053,,,
1049,2026-05-19,SH601985,0.10250484260338423,EXP_DEnsembleModel_Alpha158_csi300_custom_step0_s_20260519_15,699c999730254f81a96fa2d56fd18281,0.053,,,
1050,2026-05-19,SH601939,0.059418025279647464,EXP_DEnsembleModel_Alpha158_csi300_custom_step0_s_20260519_15,699c999730254f81a96fa2d56fd18281,0.053,,,
1051,2026-05-19,SH601919,-0.08653020204814593,EXP_DEnsembleModel_Alpha158_csi300_custom_step0_s_20260519_15,699c999730254f81a96fa2d56fd18281,0.053,,,
1052,2026-05-19,SH603195,0.08029669249712727,EXP_DEnsembleModel_Alpha158_csi300_custom_step0_s_20260519_15,699c999730254f81a96fa2d56fd18281,0.053,,,
1053,2026-05-19,SH601916,-0.012836209989462,EXP_DEnsembleModel_Alpha158_csi300_custom_step0_s_20260519_15,699c999730254f81a96fa2d56fd18281,0.053,,,
1054,2026-05-19,SH603986,-0.007927021501478929,EXP_DEnsembleModel_Alpha158_csi300_custom_step0_s_20260519_15,699c999730254f81a96fa2d56fd18281,0.053,,,
1055,2026-05-19,SH605117,0.29357936250427713,EXP_DEnsembleModel_Alpha158_csi300_custom_step0_s_20260519_15,699c999730254f81a96fa2d56fd18281,0.053,,,
1056,2026-05-19,SH688303,0.07068315808150581,EXP_DEnsembleModel_Alpha158_csi300_custom_step0_s_20260519_15,699c999730254f81a96fa2d56fd18281,0.053,,,
1057,2026-05-19,SH688271,-0.10078890059690579,EXP_DEnsembleModel_Alpha158_csi300_custom_step0_s_20260519_15,699c999730254f81a96fa2d56fd18281,0.053,,,
1058,2026-05-19,SH688256,-0.12748341586660222,EXP_DEnsembleModel_Alpha158_csi300_custom_step0_s_20260519_15,699c999730254f81a96fa2d56fd18281,0.053,,,
1059,2026-05-19,SH688223,-0.10897358505395202,EXP_DEnsembleModel_Alpha158_csi300_custom_step0_s_20260519_15,699c999730254f81a96fa2d56fd18281,0.053,,,
1060,2026-05-19,SH688187,-0.11733827729641887,EXP_DEnsembleModel_Alpha158_csi300_custom_step0_s_20260519_15,699c999730254f81a96fa2d56fd18281,0.053,,,
1061,2026-05-19,SH688169,0.04403478201098227,EXP_DEnsembleModel_Alpha158_csi300_custom_step0_s_20260519_15,699c999730254f81a96fa2d56fd18281,0.053,,,
1062,2026-05-19,SH688126,0.21126600604214996,EXP_DEnsembleModel_Alpha158_csi300_custom_step0_s_20260519_15,699c999730254f81a96fa2d56fd18281,0.053,,,
1063,2026-05-19,SH603993,0.054429828047256,EXP_DEnsembleModel_Alpha158_csi300_custom_step0_s_20260519_15,699c999730254f81a96fa2d56fd18281,0.053,,,
1064,2026-05-19,SH688111,-0.021559105400677254,EXP_DEnsembleModel_Alpha158_csi300_custom_step0_s_20260519_15,699c999730254f81a96fa2d56fd18281,0.053,,,
1065,2026-05-19,SH688047,-0.18116006789100722,EXP_DEnsembleModel_Alpha158_csi300_custom_step0_s_20260519_15,699c999730254f81a96fa2d56fd18281,0.053,,,
1066,2026-05-19,SH688041,-0.12723812456043984,EXP_DEnsembleModel_Alpha158_csi300_custom_step0_s_20260519_15,699c999730254f81a96fa2d56fd18281,0.053,,,
1067,2026-05-19,SH688036,0.27672095650893264,EXP_DEnsembleModel_Alpha158_csi300_custom_step0_s_20260519_15,699c999730254f81a96fa2d56fd18281,0.053,,,
1068,2026-05-19,SH688012,0.295170290955666,EXP_DEnsembleModel_Alpha158_csi300_custom_step0_s_20260519_15,699c999730254f81a96fa2d56fd18281,0.053,,,
1069,2026-05-19,SH688009,0.03159500913445628,EXP_DEnsembleModel_Alpha158_csi300_custom_step0_s_20260519_15,699c999730254f81a96fa2d56fd18281,0.053,,,
1070,2026-05-19,SH688008,-0.12027805654754237,EXP_DEnsembleModel_Alpha158_csi300_custom_step0_s_20260519_15,699c999730254f81a96fa2d56fd18281,0.053,,,
1071,2026-05-19,SH605499,0.07194961748923202,EXP_DEnsembleModel_Alpha158_csi300_custom_step0_s_20260519_15,699c999730254f81a96fa2d56fd18281,0.053,,,
1072,2026-05-19,SH688082,-0.02137239654453588,EXP_DEnsembleModel_Alpha158_csi300_custom_step0_s_20260519_15,699c999730254f81a96fa2d56fd18281,0.053,,,
1073,2026-05-19,SH600176,-0.10208515154296331,EXP_DEnsembleModel_Alpha158_csi300_custom_step0_s_20260519_15,699c999730254f81a96fa2d56fd18281,0.053,,,
1074,2026-05-19,SH601901,0.10579875969450712,EXP_DEnsembleModel_Alpha158_csi300_custom_step0_s_20260519_15,699c999730254f81a96fa2d56fd18281,0.053,,,
1075,2026-05-19,SH601898,0.05211516203531677,EXP_DEnsembleModel_Alpha158_csi300_custom_step0_s_20260519_15,699c999730254f81a96fa2d56fd18281,0.053,,,
1076,2026-05-19,SH601668,-0.060083096520498494,EXP_DEnsembleModel_Alpha158_csi300_custom_step0_s_20260519_15,699c999730254f81a96fa2d56fd18281,0.053,,,
1077,2026-05-19,SH601658,-0.08407202343016258,EXP_DEnsembleModel_Alpha158_csi300_custom_step0_s_20260519_15,699c999730254f81a96fa2d56fd18281,0.053,,,
1078,2026-05-19,SH601633,0.024329863508871865,EXP_DEnsembleModel_Alpha158_csi300_custom_step0_s_20260519_15,699c999730254f81a96fa2d56fd18281,0.053,,,
1079,2026-05-19,SH601628,-0.07790816104391066,EXP_DEnsembleModel_Alpha158_csi300_custom_step0_s_20260519_15,699c999730254f81a96fa2d56fd18281,0.053,,,
1080,2026-05-19,SH601618,0.008058425648466198,EXP_DEnsembleModel_Alpha158_csi300_custom_step0_s_20260519_15,699c999730254f81a96fa2d56fd18281,0.053,,,
1081,2026-05-19,SH601607,-0.0017368548185216124,EXP_DEnsembleModel_Alpha158_csi300_custom_step0_s_20260519_15,699c999730254f81a96fa2d56fd18281,0.053,,,
1082,2026-05-19,SH601601,-0.030933126407942057,EXP_DEnsembleModel_Alpha158_csi300_custom_step0_s_20260519_15,699c999730254f81a96fa2d56fd18281,0.053,,,
1083,2026-05-19,SH601669,-0.02460466941377859,EXP_DEnsembleModel_Alpha158_csi300_custom_step0_s_20260519_15,699c999730254f81a96fa2d56fd18281,0.053,,,
1084,2026-05-19,SH601600,0.005313475966784324,EXP_DEnsembleModel_Alpha158_csi300_custom_step0_s_20260519_15,699c999730254f81a96fa2d56fd18281,0.053,,,
1085,2026-05-19,SH601398,-0.04596519708473098,EXP_DEnsembleModel_Alpha158_csi300_custom_step0_s_20260519_15,699c999730254f81a96fa2d56fd18281,0.053,,,
1086,2026-05-19,SH601390,-0.03311797725867077,EXP_DEnsembleModel_Alpha158_csi300_custom_step0_s_20260519_15,699c999730254f81a96fa2d56fd18281,0.053,,,
1087,2026-05-19,SH601377,0.05677509535433915,EXP_DEnsembleModel_Alpha158_csi300_custom_step0_s_20260519_15,699c999730254f81a96fa2d56fd18281,0.053,,,
1088,2026-05-19,SH601360,0.052368719620746816,EXP_DEnsembleModel_Alpha158_csi300_custom_step0_s_20260519_15,699c999730254f81a96fa2d56fd18281,0.053,,,
1089,2026-05-19,SH601336,-0.019482707402568366,EXP_DEnsembleModel_Alpha158_csi300_custom_step0_s_20260519_15,699c999730254f81a96fa2d56fd18281,0.053,,,
1090,2026-05-19,SH601328,-0.07944928336385564,EXP_DEnsembleModel_Alpha158_csi300_custom_step0_s_20260519_15,699c999730254f81a96fa2d56fd18281,0.053,,,
1091,2026-05-19,SH601319,0.026645154687968197,EXP_DEnsembleModel_Alpha158_csi300_custom_step0_s_20260519_15,699c999730254f81a96fa2d56fd18281,0.053,,,
1092,2026-05-19,SH601456,0.019741586030705076,EXP_DEnsembleModel_Alpha158_csi300_custom_step0_s_20260519_15,699c999730254f81a96fa2d56fd18281,0.053,,,
1093,2026-05-19,SH601899,0.04422063919555412,EXP_DEnsembleModel_Alpha158_csi300_custom_step0_s_20260519_15,699c999730254f81a96fa2d56fd18281,0.053,,,
1094,2026-05-19,SH601688,-0.03259731772918219,EXP_DEnsembleModel_Alpha158_csi300_custom_step0_s_20260519_15,699c999730254f81a96fa2d56fd18281,0.053,,,
1095,2026-05-19,SH601698,0.0836370751181267,EXP_DEnsembleModel_Alpha158_csi300_custom_step0_s_20260519_15,699c999730254f81a96fa2d56fd18281,0.053,,,
1096,2026-05-19,SH601888,0.06852066527698798,EXP_DEnsembleModel_Alpha158_csi300_custom_step0_s_20260519_15,699c999730254f81a96fa2d56fd18281,0.053,,,
1097,2026-05-19,SH601881,0.028142244976147136,EXP_DEnsembleModel_Alpha158_csi300_custom_step0_s_20260519_15,699c999730254f81a96fa2d56fd18281,0.053,,,
1098,2026-05-19,SH601878,0.05847948847910251,EXP_DEnsembleModel_Alpha158_csi300_custom_step0_s_20260519_15,699c999730254f81a96fa2d56fd18281,0.053,,,
1099,2026-05-19,SH601877,-0.11416253472213919,EXP_DEnsembleModel_Alpha158_csi300_custom_step0_s_20260519_15,699c999730254f81a96fa2d56fd18281,0.053,,,
1100,2026-05-19,SH601872,0.02621828540173895,EXP_DEnsembleModel_Alpha158_csi300_custom_step0_s_20260519_15,699c999730254f81a96fa2d56fd18281,0.053,,,
1101,2026-05-19,SH601868,-0.19351207165510395,EXP_DEnsembleModel_Alpha158_csi300_custom_step0_s_20260519_15,699c999730254f81a96fa2d56fd18281,0.053,,,
1102,2026-05-19,SH601857,0.04809448866946173,EXP_DEnsembleModel_Alpha158_csi300_custom_step0_s_20260519_15,699c999730254f81a96fa2d56fd18281,0.053,,,
1103,2026-05-19,SH601689,0.07322034373979401,EXP_DEnsembleModel_Alpha158_csi300_custom_step0_s_20260519_15,699c999730254f81a96fa2d56fd18281,0.053,,,
1104,2026-05-19,SH601838,0.12910089627021762,EXP_DEnsembleModel_Alpha158_csi300_custom_step0_s_20260519_15,699c999730254f81a96fa2d56fd18281,0.053,,,
1105,2026-05-19,SH601818,-0.04827664108854399,EXP_DEnsembleModel_Alpha158_csi300_custom_step0_s_20260519_15,699c999730254f81a96fa2d56fd18281,0.053,,,
1106,2026-05-19,SH601816,-0.03530448033284527,EXP_DEnsembleModel_Alpha158_csi300_custom_step0_s_20260519_15,699c999730254f81a96fa2d56fd18281,0.053,,,
1107,2026-05-19,SH601808,-0.020254304933049395,EXP_DEnsembleModel_Alpha158_csi300_custom_step0_s_20260519_15,699c999730254f81a96fa2d56fd18281,0.053,,,
1108,2026-05-19,SH601800,-0.07211440427418177,EXP_DEnsembleModel_Alpha158_csi300_custom_step0_s_20260519_15,699c999730254f81a96fa2d56fd18281,0.053,,,
1109,2026-05-19,SH601788,0.010343160850056042,EXP_DEnsembleModel_Alpha158_csi300_custom_step0_s_20260519_15,699c999730254f81a96fa2d56fd18281,0.053,,,
1110,2026-05-19,SH601766,-0.0637397739007651,EXP_DEnsembleModel_Alpha158_csi300_custom_step0_s_20260519_15,699c999730254f81a96fa2d56fd18281,0.053,,,
1111,2026-05-19,SH601728,0.010493642491281232,EXP_DEnsembleModel_Alpha158_csi300_custom_step0_s_20260519_15,699c999730254f81a96fa2d56fd18281,0.053,,,
1112,2026-05-19,SH601825,-0.052294134395534965,EXP_DEnsembleModel_Alpha158_csi300_custom_step0_s_20260519_15,699c999730254f81a96fa2d56fd18281,0.053,,,
1113,2026-05-19,SH600161,-0.05067859004377217,EXP_DEnsembleModel_Alpha158_csi300_custom_step0_s_20260519_15,699c999730254f81a96fa2d56fd18281,0.053,,,
1114,2026-05-19,SH600160,0.10807755807359896,EXP_DEnsembleModel_Alpha158_csi300_custom_step0_s_20260519_15,699c999730254f81a96fa2d56fd18281,0.053,,,
1115,2026-05-19,SH600150,0.1413143373314676,EXP_DEnsembleModel_Alpha158_csi300_custom_step0_s_20260519_15,699c999730254f81a96fa2d56fd18281,0.053,,,
1116,2026-05-19,SZ001965,0.04018069793336184,EXP_DEnsembleModel_Alpha158_csi300_custom_step0_s_20260519_15,e04c9fcb678a49c28cb9fcb38da4eff7,0.073,,,
1117,2026-05-19,SZ001391,0.035970194860620114,EXP_DEnsembleModel_Alpha158_csi300_custom_step0_s_20260519_15,e04c9fcb678a49c28cb9fcb38da4eff7,0.073,,,
1118,2026-05-19,SZ000999,-0.01733094650641673,EXP_DEnsembleModel_Alpha158_csi300_custom_step0_s_20260519_15,e04c9fcb678a49c28cb9fcb38da4eff7,0.073,,,
1119,2026-05-19,SZ000983,-0.060271206525817946,EXP_DEnsembleModel_Alpha158_csi300_custom_step0_s_20260519_15,e04c9fcb678a49c28cb9fcb38da4eff7,0.073,,,
1120,2026-05-19,SZ000977,-0.09085313180732332,EXP_DEnsembleModel_Alpha158_csi300_custom_step0_s_20260519_15,e04c9fcb678a49c28cb9fcb38da4eff7,0.073,,,
1121,2026-05-19,SZ000975,-0.008133409012240968,EXP_DEnsembleModel_Alpha158_csi300_custom_step0_s_20260519_15,e04c9fcb678a49c28cb9fcb38da4eff7,0.073,,,
1122,2026-05-19,SZ000963,-0.057583939095910384,EXP_DEnsembleModel_Alpha158_csi300_custom_step0_s_20260519_15,e04c9fcb678a49c28cb9fcb38da4eff7,0.073,,,
1123,2026-05-19,SZ001979,-0.0857401195803231,EXP_DEnsembleModel_Alpha158_csi300_custom_step0_s_20260519_15,e04c9fcb678a49c28cb9fcb38da4eff7,0.073,,,
1124,2026-05-19,SZ000938,-0.09956176195905317,EXP_DEnsembleModel_Alpha158_csi300_custom_step0_s_20260519_15,e04c9fcb678a49c28cb9fcb38da4eff7,0.073,,,
1125,2026-05-19,SZ000876,-0.020288485715135456,EXP_DEnsembleModel_Alpha158_csi300_custom_step0_s_20260519_15,e04c9fcb678a49c28cb9fcb38da4eff7,0.073,,,
1126,2026-05-19,SZ000858,0.06067587319250377,EXP_DEnsembleModel_Alpha158_csi300_custom_step0_s_20260519_15,e04c9fcb678a49c28cb9fcb38da4eff7,0.073,,,
1127,2026-05-19,SZ000807,-0.008532549829940539,EXP_DEnsembleModel_Alpha158_csi300_custom_step0_s_20260519_15,e04c9fcb678a49c28cb9fcb38da4eff7,0.073,,,
1128,2026-05-19,SZ000792,-0.02193689216938132,EXP_DEnsembleModel_Alpha158_csi300_custom_step0_s_20260519_15,e04c9fcb678a49c28cb9fcb38da4eff7,0.073,,,
1129,2026-05-19,SZ000786,-0.08829223451714503,EXP_DEnsembleModel_Alpha158_csi300_custom_step0_s_20260519_15,e04c9fcb678a49c28cb9fcb38da4eff7,0.073,,,
1130,2026-05-19,SZ000776,-0.03692614471705399,EXP_DEnsembleModel_Alpha158_csi300_custom_step0_s_20260519_15,e04c9fcb678a49c28cb9fcb38da4eff7,0.073,,,
1131,2026-05-19,SZ000768,-0.10617189285969138,EXP_DEnsembleModel_Alpha158_csi300_custom_step0_s_20260519_15,e04c9fcb678a49c28cb9fcb38da4eff7,0.073,,,
1132,2026-05-19,SZ000895,0.06449332338909408,EXP_DEnsembleModel_Alpha158_csi300_custom_step0_s_20260519_15,e04c9fcb678a49c28cb9fcb38da4eff7,0.073,,,
1133,2026-05-19,SZ000725,0.09595458387448376,EXP_DEnsembleModel_Alpha158_csi300_custom_step0_s_20260519_15,e04c9fcb678a49c28cb9fcb38da4eff7,0.073,,,
1134,2026-05-19,SZ002001,0.08059308579705078,EXP_DEnsembleModel_Alpha158_csi300_custom_step0_s_20260519_15,e04c9fcb678a49c28cb9fcb38da4eff7,0.073,,,
1135,2026-05-19,SZ002028,-0.0008156885691703309,EXP_DEnsembleModel_Alpha158_csi300_custom_step0_s_20260519_15,e04c9fcb678a49c28cb9fcb38da4eff7,0.073,,,
1136,2026-05-19,SZ002422,-0.011530429006151678,EXP_DEnsembleModel_Alpha158_csi300_custom_step0_s_20260519_15,e04c9fcb678a49c28cb9fcb38da4eff7,0.073,,,
1137,2026-05-19,SZ002415,-0.10574187229859293,EXP_DEnsembleModel_Alpha158_csi300_custom_step0_s_20260519_15,e04c9fcb678a49c28cb9fcb38da4eff7,0.073,,,
1138,2026-05-19,SZ002384,0.16073086703151448,EXP_DEnsembleModel_Alpha158_csi300_custom_step0_s_20260519_15,e04c9fcb678a49c28cb9fcb38da4eff7,0.073,,,
1139,2026-05-19,SZ002371,-0.12834294418285727,EXP_DEnsembleModel_Alpha158_csi300_custom_step0_s_20260519_15,e04c9fcb678a49c28cb9fcb38da4eff7,0.073,,,
1140,2026-05-19,SZ002352,-0.00047419897235374977,EXP_DEnsembleModel_Alpha158_csi300_custom_step0_s_20260519_15,e04c9fcb678a49c28cb9fcb38da4eff7,0.073,,,
1141,2026-05-19,SZ002311,0.028987884873989327,EXP_DEnsembleModel_Alpha158_csi300_custom_step0_s_20260519_15,e04c9fcb678a49c28cb9fcb38da4eff7,0.073,,,
1142,2026-05-19,SZ002304,-0.0555992726079538,EXP_DEnsembleModel_Alpha158_csi300_custom_step0_s_20260519_15,e04c9fcb678a49c28cb9fcb38da4eff7,0.073,,,
1143,2026-05-19,SZ002027,-0.07315026414022201,EXP_DEnsembleModel_Alpha158_csi300_custom_step0_s_20260519_15,e04c9fcb678a49c28cb9fcb38da4eff7,0.073,,,
1144,2026-05-19,SZ002252,-0.04410906091222362,EXP_DEnsembleModel_Alpha158_csi300_custom_step0_s_20260519_15,e04c9fcb678a49c28cb9fcb38da4eff7,0.073,,,
1145,2026-05-19,SZ002236,-0.12561127463740043,EXP_DEnsembleModel_Alpha158_csi300_custom_step0_s_20260519_15,e04c9fcb678a49c28cb9fcb38da4eff7,0.073,,,
1146,2026-05-19,SZ002230,-0.05489765976610695,EXP_DEnsembleModel_Alpha158_csi300_custom_step0_s_20260519_15,e04c9fcb678a49c28cb9fcb38da4eff7,0.073,,,
1147,2026-05-19,SZ002179,-0.17580198663438573,EXP_DEnsembleModel_Alpha158_csi300_custom_step0_s_20260519_15,e04c9fcb678a49c28cb9fcb38da4eff7,0.073,,,
1148,2026-05-19,SZ002142,0.003593614957569878,EXP_DEnsembleModel_Alpha158_csi300_custom_step0_s_20260519_15,e04c9fcb678a49c28cb9fcb38da4eff7,0.073,,,
1149,2026-05-19,SZ002074,-0.03690056852942464,EXP_DEnsembleModel_Alpha158_csi300_custom_step0_s_20260519_15,e04c9fcb678a49c28cb9fcb38da4eff7,0.073,,,
1150,2026-05-19,SZ002050,-0.13328152669668616,EXP_DEnsembleModel_Alpha158_csi300_custom_step0_s_20260519_15,e04c9fcb678a49c28cb9fcb38da4eff7,0.073,,,
1151,2026-05-19,SZ002049,-0.01169296081832092,EXP_DEnsembleModel_Alpha158_csi300_custom_step0_s_20260519_15,e04c9fcb678a49c28cb9fcb38da4eff7,0.073,,,
1152,2026-05-19,SZ002241,-0.01564053779206083,EXP_DEnsembleModel_Alpha158_csi300_custom_step0_s_20260519_15,e04c9fcb678a49c28cb9fcb38da4eff7,0.073,,,
1153,2026-05-19,SZ002459,0.0028021075941804074,EXP_DEnsembleModel_Alpha158_csi300_custom_step0_s_20260519_15,e04c9fcb678a49c28cb9fcb38da4eff7,0.073,,,
1154,2026-05-19,SZ000708,0.02490875002810865,EXP_DEnsembleModel_Alpha158_csi300_custom_step0_s_20260519_15,e04c9fcb678a49c28cb9fcb38da4eff7,0.073,,,
1155,2026-05-19,SZ000651,0.11530638528458474,EXP_DEnsembleModel_Alpha158_csi300_custom_step0_s_20260519_15,e04c9fcb678a49c28cb9fcb38da4eff7,0.073,,,
1156,2026-05-19,SH688396,-0.14248894063959688,EXP_DEnsembleModel_Alpha158_csi300_custom_step0_s_20260519_15,e04c9fcb678a49c28cb9fcb38da4eff7,0.073,,,
1157,2026-05-19,SH688303,-0.056033156311953596,EXP_DEnsembleModel_Alpha158_csi300_custom_step0_s_20260519_15,e04c9fcb678a49c28cb9fcb38da4eff7,0.073,,,
1158,2026-05-19,SH688271,-0.08095770735599402,EXP_DEnsembleModel_Alpha158_csi300_custom_step0_s_20260519_15,e04c9fcb678a49c28cb9fcb38da4eff7,0.073,,,
1159,2026-05-19,SH688256,0.05144812186647317,EXP_DEnsembleModel_Alpha158_csi300_custom_step0_s_20260519_15,e04c9fcb678a49c28cb9fcb38da4eff7,0.073,,,
1160,2026-05-19,SH688223,-0.060242937413886644,EXP_DEnsembleModel_Alpha158_csi300_custom_step0_s_20260519_15,e04c9fcb678a49c28cb9fcb38da4eff7,0.073,,,
1161,2026-05-19,SH688187,-0.045728949824526,EXP_DEnsembleModel_Alpha158_csi300_custom_step0_s_20260519_15,e04c9fcb678a49c28cb9fcb38da4eff7,0.073,,,
1162,2026-05-19,SH688169,-0.1395587265059938,EXP_DEnsembleModel_Alpha158_csi300_custom_step0_s_20260519_15,e04c9fcb678a49c28cb9fcb38da4eff7,0.073,,,
1163,2026-05-19,SH688472,-0.005541797324948032,EXP_DEnsembleModel_Alpha158_csi300_custom_step0_s_20260519_15,e04c9fcb678a49c28cb9fcb38da4eff7,0.073,,,
1164,2026-05-19,SH688126,-0.19709392604551115,EXP_DEnsembleModel_Alpha158_csi300_custom_step0_s_20260519_15,e04c9fcb678a49c28cb9fcb38da4eff7,0.073,,,
1165,2026-05-19,SH688082,-0.08594906861816497,EXP_DEnsembleModel_Alpha158_csi300_custom_step0_s_20260519_15,e04c9fcb678a49c28cb9fcb38da4eff7,0.073,,,
1166,2026-05-19,SH688047,-0.00945346483560038,EXP_DEnsembleModel_Alpha158_csi300_custom_step0_s_20260519_15,e04c9fcb678a49c28cb9fcb38da4eff7,0.073,,,
1167,2026-05-19,SH688041,0.1849774128334289,EXP_DEnsembleModel_Alpha158_csi300_custom_step0_s_20260519_15,e04c9fcb678a49c28cb9fcb38da4eff7,0.073,,,
1168,2026-05-19,SH688036,0.08201064826802464,EXP_DEnsembleModel_Alpha158_csi300_custom_step0_s_20260519_15,e04c9fcb678a49c28cb9fcb38da4eff7,0.073,,,
1169,2026-05-19,SH688012,-0.2774143660276045,EXP_DEnsembleModel_Alpha158_csi300_custom_step0_s_20260519_15,e04c9fcb678a49c28cb9fcb38da4eff7,0.073,,,
1170,2026-05-19,SH688009,0.01335088522354767,EXP_DEnsembleModel_Alpha158_csi300_custom_step0_s_20260519_15,e04c9fcb678a49c28cb9fcb38da4eff7,0.073,,,
1171,2026-05-19,SH688008,-0.026031808202099955,EXP_DEnsembleModel_Alpha158_csi300_custom_step0_s_20260519_15,e04c9fcb678a49c28cb9fcb38da4eff7,0.073,,,
1172,2026-05-19,SH688111,-0.18571699630433786,EXP_DEnsembleModel_Alpha158_csi300_custom_step0_s_20260519_15,e04c9fcb678a49c28cb9fcb38da4eff7,0.073,,,
1173,2026-05-19,SZ000661,-0.10743181652724716,EXP_DEnsembleModel_Alpha158_csi300_custom_step0_s_20260519_15,e04c9fcb678a49c28cb9fcb38da4eff7,0.073,,,
1174,2026-05-19,SH688506,-0.005679464862171511,EXP_DEnsembleModel_Alpha158_csi300_custom_step0_s_20260519_15,e04c9fcb678a49c28cb9fcb38da4eff7,0.073,,,
1175,2026-05-19,SZ000001,0.0023709189407961464,EXP_DEnsembleModel_Alpha158_csi300_custom_step0_s_20260519_15,e04c9fcb678a49c28cb9fcb38da4eff7,0.073,,,
1176,2026-05-19,SZ000630,-0.09397320896334724,EXP_DEnsembleModel_Alpha158_csi300_custom_step0_s_20260519_15,e04c9fcb678a49c28cb9fcb38da4eff7,0.073,,,
1177,2026-05-19,SZ000625,-0.0192536022945931,EXP_DEnsembleModel_Alpha158_csi300_custom_step0_s_20260519_15,e04c9fcb678a49c28cb9fcb38da4eff7,0.073,,,
1178,2026-05-19,SZ000617,-0.029501422803611538,EXP_DEnsembleModel_Alpha158_csi300_custom_step0_s_20260519_15,e04c9fcb678a49c28cb9fcb38da4eff7,0.073,,,
1179,2026-05-19,SZ000596,-0.09455825694590886,EXP_DEnsembleModel_Alpha158_csi300_custom_step0_s_20260519_15,e04c9fcb678a49c28cb9fcb38da4eff7,0.073,,,
1180,2026-05-19,SZ000568,-0.025119449689854075,EXP_DEnsembleModel_Alpha158_csi300_custom_step0_s_20260519_15,e04c9fcb678a49c28cb9fcb38da4eff7,0.073,,,
1181,2026-05-19,SZ000538,0.0035447768132650715,EXP_DEnsembleModel_Alpha158_csi300_custom_step0_s_20260519_15,e04c9fcb678a49c28cb9fcb38da4eff7,0.073,,,
1182,2026-05-19,SZ000425,-0.0933683762446679,EXP_DEnsembleModel_Alpha158_csi300_custom_step0_s_20260519_15,e04c9fcb678a49c28cb9fcb38da4eff7,0.073,,,
1183,2026-05-19,SH688981,-0.09401649062169747,EXP_DEnsembleModel_Alpha158_csi300_custom_step0_s_20260519_15,e04c9fcb678a49c28cb9fcb38da4eff7,0.073,,,
1184,2026-05-19,SZ000408,-0.07209227701999832,EXP_DEnsembleModel_Alpha158_csi300_custom_step0_s_20260519_15,e04c9fcb678a49c28cb9fcb38da4eff7,0.073,,,
1185,2026-05-19,SZ000333,0.0922544537529619,EXP_DEnsembleModel_Alpha158_csi300_custom_step0_s_20260519_15,e04c9fcb678a49c28cb9fcb38da4eff7,0.073,,,
1186,2026-05-19,SZ000301,-0.022918482481735253,EXP_DEnsembleModel_Alpha158_csi300_custom_step0_s_20260519_15,e04c9fcb678a49c28cb9fcb38da4eff7,0.073,,,
1187,2026-05-19,SZ000166,-0.058517980216914726,EXP_DEnsembleModel_Alpha158_csi300_custom_step0_s_20260519_15,e04c9fcb678a49c28cb9fcb38da4eff7,0.073,,,
1188,2026-05-19,SZ000157,-0.06098626432079272,EXP_DEnsembleModel_Alpha158_csi300_custom_step0_s_20260519_15,e04c9fcb678a49c28cb9fcb38da4eff7,0.073,,,
1189,2026-05-19,SZ000100,0.03528025676281998,EXP_DEnsembleModel_Alpha158_csi300_custom_step0_s_20260519_15,e04c9fcb678a49c28cb9fcb38da4eff7,0.073,,,
1190,2026-05-19,SZ000063,-0.10531960899197886,EXP_DEnsembleModel_Alpha158_csi300_custom_step0_s_20260519_15,e04c9fcb678a49c28cb9fcb38da4eff7,0.073,,,
1191,2026-05-19,SZ000002,-0.10660031276183572,EXP_DEnsembleModel_Alpha158_csi300_custom_step0_s_20260519_15,e04c9fcb678a49c28cb9fcb38da4eff7,0.073,,,
1192,2026-05-19,SZ000338,0.1770151999648106,EXP_DEnsembleModel_Alpha158_csi300_custom_step0_s_20260519_15,e04c9fcb678a49c28cb9fcb38da4eff7,0.073,,,
1193,2026-05-19,SH605117,-0.12565421990121697,EXP_DEnsembleModel_Alpha158_csi300_custom_step0_s_20260519_15,e04c9fcb678a49c28cb9fcb38da4eff7,0.073,,,
1194,2026-05-19,SZ002460,0.0011022129465835045,EXP_DEnsembleModel_Alpha158_csi300_custom_step0_s_20260519_15,e04c9fcb678a49c28cb9fcb38da4eff7,0.073,,,
1195,2026-05-19,SZ002466,0.18487129672466893,EXP_DEnsembleModel_Alpha158_csi300_custom_step0_s_20260519_15,e04c9fcb678a49c28cb9fcb38da4eff7,0.073,,,
1196,2026-05-19,SH600018,0.047707522192524256,EXP_DEnsembleModel_Alpha158_csi300_custom_step0_s_20260519_15,699c999730254f81a96fa2d56fd18281,0.053,,,
1197,2026-05-19,SH600016,-0.050653287468387764,EXP_DEnsembleModel_Alpha158_csi300_custom_step0_s_20260519_15,699c999730254f81a96fa2d56fd18281,0.053,,,
1198,2026-05-19,SH600015,-0.06799457706271742,EXP_DEnsembleModel_Alpha158_csi300_custom_step0_s_20260519_15,699c999730254f81a96fa2d56fd18281,0.053,,,
1199,2026-05-19,SH600011,0.03272480107969911,EXP_DEnsembleModel_Alpha158_csi300_custom_step0_s_20260519_15,699c999730254f81a96fa2d56fd18281,0.053,,,
1200,2026-05-19,SH600010,0.05284077076660955,EXP_DEnsembleModel_Alpha158_csi300_custom_step0_s_20260519_15,699c999730254f81a96fa2d56fd18281,0.053,,,
1201,2026-05-19,SH600009,-0.06495898663037554,EXP_DEnsembleModel_Alpha158_csi300_custom_step0_s_20260519_15,699c999730254f81a96fa2d56fd18281,0.053,,,
1202,2026-05-19,SH600000,-0.11293553675350958,EXP_DEnsembleModel_Alpha158_csi300_custom_step0_s_20260519_15,699c999730254f81a96fa2d56fd18281,0.053,,,
1203,2026-05-19,SH600019,-0.018132307059323526,EXP_DEnsembleModel_Alpha158_csi300_custom_step0_s_20260519_15,699c999730254f81a96fa2d56fd18281,0.053,,,
1204,2026-05-19,SZ302132,-0.12567000731732156,EXP_DEnsembleModel_Alpha158_csi300_custom_step0_s_20260519_15,e04c9fcb678a49c28cb9fcb38da4eff7,0.073,,,
1205,2026-05-19,SZ301236,-0.15416352898177083,EXP_DEnsembleModel_Alpha158_csi300_custom_step0_s_20260519_15,e04c9fcb678a49c28cb9fcb38da4eff7,0.073,,,
1206,2026-05-19,SZ300999,-0.046083795443058545,EXP_DEnsembleModel_Alpha158_csi300_custom_step0_s_20260519_15,e04c9fcb678a49c28cb9fcb38da4eff7,0.073,,,
1207,2026-05-19,SZ300979,0.013560937765345083,EXP_DEnsembleModel_Alpha158_csi300_custom_step0_s_20260519_15,e04c9fcb678a49c28cb9fcb38da4eff7,0.073,,,
1208,2026-05-19,SZ300896,-0.15878904109579087,EXP_DEnsembleModel_Alpha158_csi300_custom_step0_s_20260519_15,e04c9fcb678a49c28cb9fcb38da4eff7,0.073,,,
1209,2026-05-19,SZ300866,0.004775342652651802,EXP_DEnsembleModel_Alpha158_csi300_custom_step0_s_20260519_15,e04c9fcb678a49c28cb9fcb38da4eff7,0.073,,,
1210,2026-05-19,SZ300832,-0.079533972406192,EXP_DEnsembleModel_Alpha158_csi300_custom_step0_s_20260519_15,e04c9fcb678a49c28cb9fcb38da4eff7,0.073,,,
1211,2026-05-19,SZ300803,-0.19830185174517753,EXP_DEnsembleModel_Alpha158_csi300_custom_step0_s_20260519_15,e04c9fcb678a49c28cb9fcb38da4eff7,0.073,,,
1212,2026-05-19,SZ301269,-0.1320280315626103,EXP_DEnsembleModel_Alpha158_csi300_custom_step0_s_20260519_15,e04c9fcb678a49c28cb9fcb38da4eff7,0.073,,,
1213,2026-05-19,SZ300782,-0.22511481438947856,EXP_DEnsembleModel_Alpha158_csi300_custom_step0_s_20260519_15,e04c9fcb678a49c28cb9fcb38da4eff7,0.073,,,
1214,2026-05-19,SH600023,0.1579546103150412,EXP_DEnsembleModel_Alpha158_csi300_custom_step0_s_20260519_15,699c999730254f81a96fa2d56fd18281,0.053,,,
1215,2026-05-19,SH600026,0.07673885295484076,EXP_DEnsembleModel_Alpha158_csi300_custom_step0_s_20260519_15,699c999730254f81a96fa2d56fd18281,0.053,,,
1216,2026-05-19,SH600115,-0.019618735216713902,EXP_DEnsembleModel_Alpha158_csi300_custom_step0_s_20260519_15,699c999730254f81a96fa2d56fd18281,0.053,,,
1217,2026-05-19,SH600111,0.029777786250690896,EXP_DEnsembleModel_Alpha158_csi300_custom_step0_s_20260519_15,699c999730254f81a96fa2d56fd18281,0.053,,,
1218,2026-05-19,SH600104,-0.0416378321377029,EXP_DEnsembleModel_Alpha158_csi300_custom_step0_s_20260519_15,699c999730254f81a96fa2d56fd18281,0.053,,,
1219,2026-05-19,SH600089,-0.09417790603593076,EXP_DEnsembleModel_Alpha158_csi300_custom_step0_s_20260519_15,699c999730254f81a96fa2d56fd18281,0.053,,,
1220,2026-05-19,SH600085,-0.06019019669933265,EXP_DEnsembleModel_Alpha158_csi300_custom_step0_s_20260519_15,699c999730254f81a96fa2d56fd18281,0.053,,,
1221,2026-05-19,SH600066,0.06655753596050311,EXP_DEnsembleModel_Alpha158_csi300_custom_step0_s_20260519_15,699c999730254f81a96fa2d56fd18281,0.053,,,
1222,2026-05-19,SH600061,0.05201887466310932,EXP_DEnsembleModel_Alpha158_csi300_custom_step0_s_20260519_15,699c999730254f81a96fa2d56fd18281,0.053,,,
1223,2026-05-19,SH600025,0.008794905694147011,EXP_DEnsembleModel_Alpha158_csi300_custom_step0_s_20260519_15,699c999730254f81a96fa2d56fd18281,0.053,,,
1224,2026-05-19,SH600050,-0.07685646987430196,EXP_DEnsembleModel_Alpha158_csi300_custom_step0_s_20260519_15,699c999730254f81a96fa2d56fd18281,0.053,,,
1225,2026-05-19,SH600039,-0.07189088073181026,EXP_DEnsembleModel_Alpha158_csi300_custom_step0_s_20260519_15,699c999730254f81a96fa2d56fd18281,0.053,,,
1226,2026-05-19,SH600036,-0.07251210380528487,EXP_DEnsembleModel_Alpha158_csi300_custom_step0_s_20260519_15,699c999730254f81a96fa2d56fd18281,0.053,,,
1227,2026-05-19,SH600031,0.036460856943254544,EXP_DEnsembleModel_Alpha158_csi300_custom_step0_s_20260519_15,699c999730254f81a96fa2d56fd18281,0.053,,,
1228,2026-05-19,SH600030,0.07304149026726357,EXP_DEnsembleModel_Alpha158_csi300_custom_step0_s_20260519_15,699c999730254f81a96fa2d56fd18281,0.053,,,
1229,2026-05-19,SH600029,0.04050271173636079,EXP_DEnsembleModel_Alpha158_csi300_custom_step0_s_20260519_15,699c999730254f81a96fa2d56fd18281,0.053,,,
1230,2026-05-19,SH600028,-0.13682664701254685,EXP_DEnsembleModel_Alpha158_csi300_custom_step0_s_20260519_15,699c999730254f81a96fa2d56fd18281,0.053,,,
1231,2026-05-19,SH600027,0.12246937186343615,EXP_DEnsembleModel_Alpha158_csi300_custom_step0_s_20260519_15,699c999730254f81a96fa2d56fd18281,0.053,,,
1232,2026-05-19,SH600048,-0.06429338926289463,EXP_DEnsembleModel_Alpha158_csi300_custom_step0_s_20260519_15,699c999730254f81a96fa2d56fd18281,0.053,,,
1233,2026-05-19,SZ002463,0.04070696141755029,EXP_DEnsembleModel_Alpha158_csi300_custom_step0_s_20260519_15,e04c9fcb678a49c28cb9fcb38da4eff7,0.073,,,
1234,2026-05-19,SZ300760,-0.08107034514275621,EXP_DEnsembleModel_Alpha158_csi300_custom_step0_s_20260519_15,e04c9fcb678a49c28cb9fcb38da4eff7,0.073,,,
1235,2026-05-19,SZ300750,-0.05722815579398459,EXP_DEnsembleModel_Alpha158_csi300_custom_step0_s_20260519_15,e04c9fcb678a49c28cb9fcb38da4eff7,0.073,,,
1236,2026-05-19,SZ300015,0.016586606175338053,EXP_DEnsembleModel_Alpha158_csi300_custom_step0_s_20260519_15,e04c9fcb678a49c28cb9fcb38da4eff7,0.073,,,
1237,2026-05-19,SZ300014,-0.07578817927559854,EXP_DEnsembleModel_Alpha158_csi300_custom_step0_s_20260519_15,e04c9fcb678a49c28cb9fcb38da4eff7,0.073,,,
1238,2026-05-19,SZ003816,-0.0060835264856857856,EXP_DEnsembleModel_Alpha158_csi300_custom_step0_s_20260519_15,e04c9fcb678a49c28cb9fcb38da4eff7,0.073,,,
1239,2026-05-19,SZ002938,-0.2633723696598634,EXP_DEnsembleModel_Alpha158_csi300_custom_step0_s_20260519_15,e04c9fcb678a49c28cb9fcb38da4eff7,0.073,,,
1240,2026-05-19,SZ002920,0.037206258200582557,EXP_DEnsembleModel_Alpha158_csi300_custom_step0_s_20260519_15,e04c9fcb678a49c28cb9fcb38da4eff7,0.073,,,
1241,2026-05-19,SZ002916,0.06323519219553439,EXP_DEnsembleModel_Alpha158_csi300_custom_step0_s_20260519_15,e04c9fcb678a49c28cb9fcb38da4eff7,0.073,,,
1242,2026-05-19,SZ002736,-0.049566319534438776,EXP_DEnsembleModel_Alpha158_csi300_custom_step0_s_20260519_15,e04c9fcb678a49c28cb9fcb38da4eff7,0.073,,,
1243,2026-05-19,SZ300033,-0.068140666960574,EXP_DEnsembleModel_Alpha158_csi300_custom_step0_s_20260519_15,e04c9fcb678a49c28cb9fcb38da4eff7,0.073,,,
1244,2026-05-19,SZ002714,-0.061770224458844634,EXP_DEnsembleModel_Alpha158_csi300_custom_step0_s_20260519_15,e04c9fcb678a49c28cb9fcb38da4eff7,0.073,,,
1245,2026-05-19,SZ002648,-0.05398594369964039,EXP_DEnsembleModel_Alpha158_csi300_custom_step0_s_20260519_15,e04c9fcb678a49c28cb9fcb38da4eff7,0.073,,,
1246,2026-05-19,SZ002625,-0.15759141163594262,EXP_DEnsembleModel_Alpha158_csi300_custom_step0_s_20260519_15,e04c9fcb678a49c28cb9fcb38da4eff7,0.073,,,
1247,2026-05-19,SZ002601,-0.05447038678318825,EXP_DEnsembleModel_Alpha158_csi300_custom_step0_s_20260519_15,e04c9fcb678a49c28cb9fcb38da4eff7,0.073,,,
1248,2026-05-19,SZ002600,-0.053478077140198935,EXP_DEnsembleModel_Alpha158_csi300_custom_step0_s_20260519_15,e04c9fcb678a49c28cb9fcb38da4eff7,0.073,,,
1249,2026-05-19,SZ002594,-0.051271269595552574,EXP_DEnsembleModel_Alpha158_csi300_custom_step0_s_20260519_15,e04c9fcb678a49c28cb9fcb38da4eff7,0.073,,,
1250,2026-05-19,SZ002493,-0.011019420066817776,EXP_DEnsembleModel_Alpha158_csi300_custom_step0_s_20260519_15,e04c9fcb678a49c28cb9fcb38da4eff7,0.073,,,
1251,2026-05-19,SZ002475,0.16706473310024553,EXP_DEnsembleModel_Alpha158_csi300_custom_step0_s_20260519_15,e04c9fcb678a49c28cb9fcb38da4eff7,0.073,,,
1252,2026-05-19,SZ002709,0.14292063081625864,EXP_DEnsembleModel_Alpha158_csi300_custom_step0_s_20260519_15,e04c9fcb678a49c28cb9fcb38da4eff7,0.073,,,
1253,2026-05-19,SZ300759,-0.06475739730655086,EXP_DEnsembleModel_Alpha158_csi300_custom_step0_s_20260519_15,e04c9fcb678a49c28cb9fcb38da4eff7,0.073,,,
1254,2026-05-19,SZ300059,-0.1681286018813481,EXP_DEnsembleModel_Alpha158_csi300_custom_step0_s_20260519_15,e04c9fcb678a49c28cb9fcb38da4eff7,0.073,,,
1255,2026-05-19,SZ300124,-0.15013633557416908,EXP_DEnsembleModel_Alpha158_csi300_custom_step0_s_20260519_15,e04c9fcb678a49c28cb9fcb38da4eff7,0.073,,,
1256,2026-05-19,SZ300661,-0.21220216972444897,EXP_DEnsembleModel_Alpha158_csi300_custom_step0_s_20260519_15,e04c9fcb678a49c28cb9fcb38da4eff7,0.073,,,
1257,2026-05-19,SZ300628,-0.13817511540466365,EXP_DEnsembleModel_Alpha158_csi300_custom_step0_s_20260519_15,e04c9fcb678a49c28cb9fcb38da4eff7,0.073,,,
1258,2026-05-19,SZ300502,0.09298664731192266,EXP_DEnsembleModel_Alpha158_csi300_custom_step0_s_20260519_15,e04c9fcb678a49c28cb9fcb38da4eff7,0.073,,,
1259,2026-05-19,SZ300498,0.03526750220869181,EXP_DEnsembleModel_Alpha158_csi300_custom_step0_s_20260519_15,e04c9fcb678a49c28cb9fcb38da4eff7,0.073,,,
1260,2026-05-19,SZ300476,0.1152880037663712,EXP_DEnsembleModel_Alpha158_csi300_custom_step0_s_20260519_15,e04c9fcb678a49c28cb9fcb38da4eff7,0.073,,,
1261,2026-05-19,SZ300442,-0.14029448663462568,EXP_DEnsembleModel_Alpha158_csi300_custom_step0_s_20260519_15,e04c9fcb678a49c28cb9fcb38da4eff7,0.073,,,
1262,2026-05-19,SZ300433,-0.0603547944477638,EXP_DEnsembleModel_Alpha158_csi300_custom_step0_s_20260519_15,e04c9fcb678a49c28cb9fcb38da4eff7,0.073,,,
1263,2026-05-19,SZ300122,-0.13460691211218156,EXP_DEnsembleModel_Alpha158_csi300_custom_step0_s_20260519_15,e04c9fcb678a49c28cb9fcb38da4eff7,0.073,,,
1264,2026-05-19,SZ300418,-0.12637760386948624,EXP_DEnsembleModel_Alpha158_csi300_custom_step0_s_20260519_15,e04c9fcb678a49c28cb9fcb38da4eff7,0.073,,,
1265,2026-05-19,SZ300408,-0.03387900584134006,EXP_DEnsembleModel_Alpha158_csi300_custom_step0_s_20260519_15,e04c9fcb678a49c28cb9fcb38da4eff7,0.073,,,
1266,2026-05-19,SZ300394,0.04529767657907481,EXP_DEnsembleModel_Alpha158_csi300_custom_step0_s_20260519_15,e04c9fcb678a49c28cb9fcb38da4eff7,0.073,,,
1267,2026-05-19,SZ300347,0.08626554958150827,EXP_DEnsembleModel_Alpha158_csi300_custom_step0_s_20260519_15,e04c9fcb678a49c28cb9fcb38da4eff7,0.073,,,
1268,2026-05-19,SZ300316,-0.1573128901954046,EXP_DEnsembleModel_Alpha158_csi300_custom_step0_s_20260519_15,e04c9fcb678a49c28cb9fcb38da4eff7,0.073,,,
1269,2026-05-19,SZ300308,0.05463269613302001,EXP_DEnsembleModel_Alpha158_csi300_custom_step0_s_20260519_15,e04c9fcb678a49c28cb9fcb38da4eff7,0.073,,,
1270,2026-05-19,SZ300274,-0.0759200962618568,EXP_DEnsembleModel_Alpha158_csi300_custom_step0_s_20260519_15,e04c9fcb678a49c28cb9fcb38da4eff7,0.073,,,
1271,2026-05-19,SZ300251,-0.08396606105796244,EXP_DEnsembleModel_Alpha158_csi300_custom_step0_s_20260519_15,e04c9fcb678a49c28cb9fcb38da4eff7,0.073,,,
1272,2026-05-19,SZ300413,-0.06635493638058389,EXP_DEnsembleModel_Alpha158_csi300_custom_step0_s_20260519_15,e04c9fcb678a49c28cb9fcb38da4eff7,0.073,,,
1273,2026-05-19,SH601939,0.12419694167386498,EXP_DEnsembleModel_Alpha158_csi300_custom_step0_s_20260519_15,dab809d9c5a648b0a8f659dfd01c6af7,0.051,,,
1274,2026-05-19,SZ000999,-0.05494189262390137,EXP_LinearModel_Alpha158_csi300_custom_step0_s_20260519_15,dd70fe95cbcc49979825778b78cd4677,0.098,,,
1275,2026-05-19,SZ001965,0.10555791109800339,EXP_LinearModel_Alpha158_csi300_custom_step0_s_20260519_15,dd70fe95cbcc49979825778b78cd4677,0.098,,,
1276,2026-05-19,SH688111,-0.0450252927839756,EXP_XGBModel_Alpha158_csi300_custom_step0_s_20260519_15,e328bccdfaff4e1093ad3b33b5dc6ed7,0.044,,,
1277,2026-05-19,SH688082,-0.11859104782342911,EXP_XGBModel_Alpha158_csi300_custom_step0_s_20260519_15,e328bccdfaff4e1093ad3b33b5dc6ed7,0.044,,,
1278,2026-05-19,SH688047,0.1539084017276764,EXP_XGBModel_Alpha158_csi300_custom_step0_s_20260519_15,e328bccdfaff4e1093ad3b33b5dc6ed7,0.044,,,
1279,2026-05-19,SH688041,0.31251275539398193,EXP_XGBModel_Alpha158_csi300_custom_step0_s_20260519_15,e328bccdfaff4e1093ad3b33b5dc6ed7,0.044,,,
1280,2026-05-19,SH688036,-0.027521323412656784,EXP_XGBModel_Alpha158_csi300_custom_step0_s_20260519_15,e328bccdfaff4e1093ad3b33b5dc6ed7,0.044,,,
1281,2026-05-19,SH688012,-0.6625310778617859,EXP_XGBModel_Alpha158_csi300_custom_step0_s_20260519_15,e328bccdfaff4e1093ad3b33b5dc6ed7,0.044,,,
1282,2026-05-19,SH688009,-0.00888949166983366,EXP_XGBModel_Alpha158_csi300_custom_step0_s_20260519_15,e328bccdfaff4e1093ad3b33b5dc6ed7,0.044,,,
1283,2026-05-19,SH688008,-0.44722065329551697,EXP_XGBModel_Alpha158_csi300_custom_step0_s_20260519_15,e328bccdfaff4e1093ad3b33b5dc6ed7,0.044,,,
1284,2026-05-19,SH605499,0.006561475805938244,EXP_XGBModel_Alpha158_csi300_custom_step0_s_20260519_15,e328bccdfaff4e1093ad3b33b5dc6ed7,0.044,,,
1285,2026-05-19,SH605117,-0.010838240385055542,EXP_XGBModel_Alpha158_csi300_custom_step0_s_20260519_15,e328bccdfaff4e1093ad3b33b5dc6ed7,0.044,,,
1286,2026-05-19,SH603993,-0.0615956149995327,EXP_XGBModel_Alpha158_csi300_custom_step0_s_20260519_15,e328bccdfaff4e1093ad3b33b5dc6ed7,0.044,,,
1287,2026-05-19,SH603986,-0.22567817568778992,EXP_XGBModel_Alpha158_csi300_custom_step0_s_20260519_15,e328bccdfaff4e1093ad3b33b5dc6ed7,0.044,,,
1288,2026-05-19,SH603893,-0.009372244589030743,EXP_XGBModel_Alpha158_csi300_custom_step0_s_20260519_15,e328bccdfaff4e1093ad3b33b5dc6ed7,0.044,,,
1289,2026-05-19,SH603799,-0.002453913912177086,EXP_XGBModel_Alpha158_csi300_custom_step0_s_20260519_15,e328bccdfaff4e1093ad3b33b5dc6ed7,0.044,,,
1290,2026-05-19,SH603501,0.033967290073633194,EXP_XGBModel_Alpha158_csi300_custom_step0_s_20260519_15,e328bccdfaff4e1093ad3b33b5dc6ed7,0.044,,,
1291,2026-05-19,SH688126,-0.5844985842704773,EXP_XGBModel_Alpha158_csi300_custom_step0_s_20260519_15,e328bccdfaff4e1093ad3b33b5dc6ed7,0.044,,,
1292,2026-05-19,SH688169,-0.09598185122013092,EXP_XGBModel_Alpha158_csi300_custom_step0_s_20260519_15,e328bccdfaff4e1093ad3b33b5dc6ed7,0.044,,,
1293,2026-05-19,SH688187,-0.012470542453229427,EXP_XGBModel_Alpha158_csi300_custom_step0_s_20260519_15,e328bccdfaff4e1093ad3b33b5dc6ed7,0.044,,,
1294,2026-05-19,SH688223,-0.0428573340177536,EXP_XGBModel_Alpha158_csi300_custom_step0_s_20260519_15,e328bccdfaff4e1093ad3b33b5dc6ed7,0.044,,,
1295,2026-05-19,SZ000338,0.011075721122324467,EXP_XGBModel_Alpha158_csi300_custom_step0_s_20260519_15,e328bccdfaff4e1093ad3b33b5dc6ed7,0.044,,,
1296,2026-05-19,SZ000333,0.04281128570437431,EXP_XGBModel_Alpha158_csi300_custom_step0_s_20260519_15,e328bccdfaff4e1093ad3b33b5dc6ed7,0.044,,,
1297,2026-05-19,SZ000301,-0.0053062159568071365,EXP_XGBModel_Alpha158_csi300_custom_step0_s_20260519_15,e328bccdfaff4e1093ad3b33b5dc6ed7,0.044,,,
1298,2026-05-19,SZ000166,-0.02549569308757782,EXP_XGBModel_Alpha158_csi300_custom_step0_s_20260519_15,e328bccdfaff4e1093ad3b33b5dc6ed7,0.044,,,
1299,2026-05-19,SZ000157,-0.06087832897901535,EXP_XGBModel_Alpha158_csi300_custom_step0_s_20260519_15,e328bccdfaff4e1093ad3b33b5dc6ed7,0.044,,,
1300,2026-05-19,SZ000100,0.0019554125610738993,EXP_XGBModel_Alpha158_csi300_custom_step0_s_20260519_15,e328bccdfaff4e1093ad3b33b5dc6ed7,0.044,,,
1301,2026-05-19,SZ000063,-0.03289606794714928,EXP_XGBModel_Alpha158_csi300_custom_step0_s_20260519_15,e328bccdfaff4e1093ad3b33b5dc6ed7,0.044,,,
1302,2026-05-19,SH603392,-0.052342746406793594,EXP_XGBModel_Alpha158_csi300_custom_step0_s_20260519_15,e328bccdfaff4e1093ad3b33b5dc6ed7,0.044,,,
1303,2026-05-19,SZ000002,-0.04406227543950081,EXP_XGBModel_Alpha158_csi300_custom_step0_s_20260519_15,e328bccdfaff4e1093ad3b33b5dc6ed7,0.044,,,
1304,2026-05-19,SH688981,-0.011922908946871758,EXP_XGBModel_Alpha158_csi300_custom_step0_s_20260519_15,e328bccdfaff4e1093ad3b33b5dc6ed7,0.044,,,
1305,2026-05-19,SH688506,-0.05592638626694679,EXP_XGBModel_Alpha158_csi300_custom_step0_s_20260519_15,e328bccdfaff4e1093ad3b33b5dc6ed7,0.044,,,
1306,2026-05-19,SH688472,-0.02316264808177948,EXP_XGBModel_Alpha158_csi300_custom_step0_s_20260519_15,e328bccdfaff4e1093ad3b33b5dc6ed7,0.044,,,
1307,2026-05-19,SH688396,0.0019451738335192204,EXP_XGBModel_Alpha158_csi300_custom_step0_s_20260519_15,e328bccdfaff4e1093ad3b33b5dc6ed7,0.044,,,
1308,2026-05-19,SH688303,-0.030334504321217537,EXP_XGBModel_Alpha158_csi300_custom_step0_s_20260519_15,e328bccdfaff4e1093ad3b33b5dc6ed7,0.044,,,
1309,2026-05-19,SH688271,-0.039661671966314316,EXP_XGBModel_Alpha158_csi300_custom_step0_s_20260519_15,e328bccdfaff4e1093ad3b33b5dc6ed7,0.044,,,
1310,2026-05-19,SH688256,-0.027661096304655075,EXP_XGBModel_Alpha158_csi300_custom_step0_s_20260519_15,e328bccdfaff4e1093ad3b33b5dc6ed7,0.044,,,
1311,2026-05-19,SZ000001,0.00682171992957592,EXP_XGBModel_Alpha158_csi300_custom_step0_s_20260519_15,e328bccdfaff4e1093ad3b33b5dc6ed7,0.044,,,
1312,2026-05-19,SH603369,-0.017498735338449478,EXP_XGBModel_Alpha158_csi300_custom_step0_s_20260519_15,e328bccdfaff4e1093ad3b33b5dc6ed7,0.044,,,
1313,2026-05-19,SH603296,0.03471832349896431,EXP_XGBModel_Alpha158_csi300_custom_step0_s_20260519_15,e328bccdfaff4e1093ad3b33b5dc6ed7,0.044,,,
1314,2026-05-19,SH603288,-0.017623795196413994,EXP_XGBModel_Alpha158_csi300_custom_step0_s_20260519_15,e328bccdfaff4e1093ad3b33b5dc6ed7,0.044,,,
1315,2026-05-19,SH601857,0.015642428770661354,EXP_XGBModel_Alpha158_csi300_custom_step0_s_20260519_15,e328bccdfaff4e1093ad3b33b5dc6ed7,0.044,,,
1316,2026-05-19,SH601838,0.029035167768597603,EXP_XGBModel_Alpha158_csi300_custom_step0_s_20260519_15,e328bccdfaff4e1093ad3b33b5dc6ed7,0.044,,,
1317,2026-05-19,SH601825,0.03481427580118179,EXP_XGBModel_Alpha158_csi300_custom_step0_s_20260519_15,e328bccdfaff4e1093ad3b33b5dc6ed7,0.044,,,
1318,2026-05-19,SH601818,0.03823861852288246,EXP_XGBModel_Alpha158_csi300_custom_step0_s_20260519_15,e328bccdfaff4e1093ad3b33b5dc6ed7,0.044,,,
1319,2026-05-19,SH601816,0.034395575523376465,EXP_XGBModel_Alpha158_csi300_custom_step0_s_20260519_15,e328bccdfaff4e1093ad3b33b5dc6ed7,0.044,,,
1320,2026-05-19,SH601808,-0.005302352365106344,EXP_XGBModel_Alpha158_csi300_custom_step0_s_20260519_15,e328bccdfaff4e1093ad3b33b5dc6ed7,0.044,,,
1321,2026-05-19,SH601800,-0.033113203942775726,EXP_XGBModel_Alpha158_csi300_custom_step0_s_20260519_15,e328bccdfaff4e1093ad3b33b5dc6ed7,0.044,,,
1322,2026-05-19,SH601868,-0.03985362499952316,EXP_XGBModel_Alpha158_csi300_custom_step0_s_20260519_15,e328bccdfaff4e1093ad3b33b5dc6ed7,0.044,,,
1323,2026-05-19,SH601788,-0.03710413724184036,EXP_XGBModel_Alpha158_csi300_custom_step0_s_20260519_15,e328bccdfaff4e1093ad3b33b5dc6ed7,0.044,,,
1324,2026-05-19,SH601728,-0.10074897110462189,EXP_XGBModel_Alpha158_csi300_custom_step0_s_20260519_15,e328bccdfaff4e1093ad3b33b5dc6ed7,0.044,,,
1325,2026-05-19,SH601698,-0.05104007571935654,EXP_XGBModel_Alpha158_csi300_custom_step0_s_20260519_15,e328bccdfaff4e1093ad3b33b5dc6ed7,0.044,,,
1326,2026-05-19,SH601689,-0.04722379893064499,EXP_XGBModel_Alpha158_csi300_custom_step0_s_20260519_15,e328bccdfaff4e1093ad3b33b5dc6ed7,0.044,,,
1327,2026-05-19,SH601688,-0.08430714905261993,EXP_XGBModel_Alpha158_csi300_custom_step0_s_20260519_15,e328bccdfaff4e1093ad3b33b5dc6ed7,0.044,,,
1328,2026-05-19,SH601669,-0.027149155735969543,EXP_XGBModel_Alpha158_csi300_custom_step0_s_20260519_15,e328bccdfaff4e1093ad3b33b5dc6ed7,0.044,,,
1329,2026-05-19,SH601668,0.04258554056286812,EXP_XGBModel_Alpha158_csi300_custom_step0_s_20260519_15,e328bccdfaff4e1093ad3b33b5dc6ed7,0.044,,,
1330,2026-05-19,SH601658,0.03433934971690178,EXP_XGBModel_Alpha158_csi300_custom_step0_s_20260519_15,e328bccdfaff4e1093ad3b33b5dc6ed7,0.044,,,
1331,2026-05-19,SH601766,0.014152090065181255,EXP_XGBModel_Alpha158_csi300_custom_step0_s_20260519_15,e328bccdfaff4e1093ad3b33b5dc6ed7,0.044,,,
1332,2026-05-19,SZ000408,-0.05134618282318115,EXP_XGBModel_Alpha158_csi300_custom_step0_s_20260519_15,e328bccdfaff4e1093ad3b33b5dc6ed7,0.044,,,
1333,2026-05-19,SH601872,-0.059690047055482864,EXP_XGBModel_Alpha158_csi300_custom_step0_s_20260519_15,e328bccdfaff4e1093ad3b33b5dc6ed7,0.044,,,
1334,2026-05-19,SH601878,0.002566360868513584,EXP_XGBModel_Alpha158_csi300_custom_step0_s_20260519_15,e328bccdfaff4e1093ad3b33b5dc6ed7,0.044,,,
1335,2026-05-19,SH603260,-0.03807618096470833,EXP_XGBModel_Alpha158_csi300_custom_step0_s_20260519_15,e328bccdfaff4e1093ad3b33b5dc6ed7,0.044,,,
1336,2026-05-19,SH603259,-0.022756488993763924,EXP_XGBModel_Alpha158_csi300_custom_step0_s_20260519_15,e328bccdfaff4e1093ad3b33b5dc6ed7,0.044,,,
1337,2026-05-19,SH603195,-0.009445947594940662,EXP_XGBModel_Alpha158_csi300_custom_step0_s_20260519_15,e328bccdfaff4e1093ad3b33b5dc6ed7,0.044,,,
1338,2026-05-19,SH603019,-0.06982006132602692,EXP_XGBModel_Alpha158_csi300_custom_step0_s_20260519_15,e328bccdfaff4e1093ad3b33b5dc6ed7,0.044,,,
1339,2026-05-19,SH601998,0.020343206822872162,EXP_XGBModel_Alpha158_csi300_custom_step0_s_20260519_15,e328bccdfaff4e1093ad3b33b5dc6ed7,0.044,,,
1340,2026-05-19,SH601995,0.07502742856740952,EXP_XGBModel_Alpha158_csi300_custom_step0_s_20260519_15,e328bccdfaff4e1093ad3b33b5dc6ed7,0.044,,,
1341,2026-05-19,SH601988,0.08014707267284393,EXP_XGBModel_Alpha158_csi300_custom_step0_s_20260519_15,e328bccdfaff4e1093ad3b33b5dc6ed7,0.044,,,
1342,2026-05-19,SH601877,-0.03647250309586525,EXP_XGBModel_Alpha158_csi300_custom_step0_s_20260519_15,e328bccdfaff4e1093ad3b33b5dc6ed7,0.044,,,
1343,2026-05-19,SH601985,0.07750581949949265,EXP_XGBModel_Alpha158_csi300_custom_step0_s_20260519_15,e328bccdfaff4e1093ad3b33b5dc6ed7,0.044,,,
1344,2026-05-19,SH601919,0.01930703967809677,EXP_XGBModel_Alpha158_csi300_custom_step0_s_20260519_15,e328bccdfaff4e1093ad3b33b5dc6ed7,0.044,,,
1345,2026-05-19,SH601916,0.06399143487215042,EXP_XGBModel_Alpha158_csi300_custom_step0_s_20260519_15,e328bccdfaff4e1093ad3b33b5dc6ed7,0.044,,,
1346,2026-05-19,SH601901,-0.01381540298461914,EXP_XGBModel_Alpha158_csi300_custom_step0_s_20260519_15,e328bccdfaff4e1093ad3b33b5dc6ed7,0.044,,,
1347,2026-05-19,SH601899,-0.032654739916324615,EXP_XGBModel_Alpha158_csi300_custom_step0_s_20260519_15,e328bccdfaff4e1093ad3b33b5dc6ed7,0.044,,,
1348,2026-05-19,SH601898,-0.07788704335689545,EXP_XGBModel_Alpha158_csi300_custom_step0_s_20260519_15,e328bccdfaff4e1093ad3b33b5dc6ed7,0.044,,,
1349,2026-05-19,SH601888,-0.04569782316684723,EXP_XGBModel_Alpha158_csi300_custom_step0_s_20260519_15,e328bccdfaff4e1093ad3b33b5dc6ed7,0.044,,,
1350,2026-05-19,SH601881,-0.019044671207666397,EXP_XGBModel_Alpha158_csi300_custom_step0_s_20260519_15,e328bccdfaff4e1093ad3b33b5dc6ed7,0.044,,,
1351,2026-05-19,SH601939,0.08567590266466141,EXP_XGBModel_Alpha158_csi300_custom_step0_s_20260519_15,e328bccdfaff4e1093ad3b33b5dc6ed7,0.044,,,
1352,2026-05-19,SZ000425,-0.07189004123210907,EXP_XGBModel_Alpha158_csi300_custom_step0_s_20260519_15,e328bccdfaff4e1093ad3b33b5dc6ed7,0.044,,,
1353,2026-05-19,SZ000538,0.0047983694821596146,EXP_XGBModel_Alpha158_csi300_custom_step0_s_20260519_15,e328bccdfaff4e1093ad3b33b5dc6ed7,0.044,,,
1354,2026-05-19,SZ000568,-0.024400761350989342,EXP_XGBModel_Alpha158_csi300_custom_step0_s_20260519_15,e328bccdfaff4e1093ad3b33b5dc6ed7,0.044,,,
1355,2026-05-19,SZ002709,-0.04651179909706116,EXP_XGBModel_Alpha158_csi300_custom_step0_s_20260519_15,e328bccdfaff4e1093ad3b33b5dc6ed7,0.044,,,
1356,2026-05-19,SZ002648,-0.02646128460764885,EXP_XGBModel_Alpha158_csi300_custom_step0_s_20260519_15,e328bccdfaff4e1093ad3b33b5dc6ed7,0.044,,,
1357,2026-05-19,SZ002625,-0.03438571095466614,EXP_XGBModel_Alpha158_csi300_custom_step0_s_20260519_15,e328bccdfaff4e1093ad3b33b5dc6ed7,0.044,,,
1358,2026-05-19,SZ002601,-0.011227977462112904,EXP_XGBModel_Alpha158_csi300_custom_step0_s_20260519_15,e328bccdfaff4e1093ad3b33b5dc6ed7,0.044,,,
1359,2026-05-19,SZ002600,-0.056607436388731,EXP_XGBModel_Alpha158_csi300_custom_step0_s_20260519_15,e328bccdfaff4e1093ad3b33b5dc6ed7,0.044,,,
1360,2026-05-19,SZ002594,-0.037568867206573486,EXP_XGBModel_Alpha158_csi300_custom_step0_s_20260519_15,e328bccdfaff4e1093ad3b33b5dc6ed7,0.044,,,
1361,2026-05-19,SZ002493,-0.017317742109298706,EXP_XGBModel_Alpha158_csi300_custom_step0_s_20260519_15,e328bccdfaff4e1093ad3b33b5dc6ed7,0.044,,,
1362,2026-05-19,SZ002714,-0.02906840480864048,EXP_XGBModel_Alpha158_csi300_custom_step0_s_20260519_15,e328bccdfaff4e1093ad3b33b5dc6ed7,0.044,,,
1363,2026-05-19,SZ002475,0.0669793039560318,EXP_XGBModel_Alpha158_csi300_custom_step0_s_20260519_15,e328bccdfaff4e1093ad3b33b5dc6ed7,0.044,,,
1364,2026-05-19,SZ002463,-0.008899517357349396,EXP_XGBModel_Alpha158_csi300_custom_step0_s_20260519_15,e328bccdfaff4e1093ad3b33b5dc6ed7,0.044,,,
1365,2026-05-19,SZ002460,-0.04202812537550926,EXP_XGBModel_Alpha158_csi300_custom_step0_s_20260519_15,e328bccdfaff4e1093ad3b33b5dc6ed7,0.044,,,
1366,2026-05-19,SZ002459,-0.022845009341835976,EXP_XGBModel_Alpha158_csi300_custom_step0_s_20260519_15,e328bccdfaff4e1093ad3b33b5dc6ed7,0.044,,,
1367,2026-05-19,SZ002422,-0.027737300843000412,EXP_XGBModel_Alpha158_csi300_custom_step0_s_20260519_15,e328bccdfaff4e1093ad3b33b5dc6ed7,0.044,,,
1368,2026-05-19,SZ002415,-0.05383682623505592,EXP_XGBModel_Alpha158_csi300_custom_step0_s_20260519_15,e328bccdfaff4e1093ad3b33b5dc6ed7,0.044,,,
1369,2026-05-19,SZ002384,0.10107193887233734,EXP_XGBModel_Alpha158_csi300_custom_step0_s_20260519_15,e328bccdfaff4e1093ad3b33b5dc6ed7,0.044,,,
1370,2026-05-19,SZ002371,-0.1251877099275589,EXP_XGBModel_Alpha158_csi300_custom_step0_s_20260519_15,e328bccdfaff4e1093ad3b33b5dc6ed7,0.044,,,
1371,2026-05-19,SZ002466,0.04056372120976448,EXP_XGBModel_Alpha158_csi300_custom_step0_s_20260519_15,e328bccdfaff4e1093ad3b33b5dc6ed7,0.044,,,
1372,2026-05-19,SZ002352,-0.013002417981624603,EXP_XGBModel_Alpha158_csi300_custom_step0_s_20260519_15,e328bccdfaff4e1093ad3b33b5dc6ed7,0.044,,,
1373,2026-05-19,SZ002736,-0.028100071474909782,EXP_XGBModel_Alpha158_csi300_custom_step0_s_20260519_15,e328bccdfaff4e1093ad3b33b5dc6ed7,0.044,,,
1374,2026-05-19,SZ002920,0.00731442729011178,EXP_XGBModel_Alpha158_csi300_custom_step0_s_20260519_15,e328bccdfaff4e1093ad3b33b5dc6ed7,0.044,,,
1375,2026-05-19,SZ300413,-0.03699350357055664,EXP_XGBModel_Alpha158_csi300_custom_step0_s_20260519_15,e328bccdfaff4e1093ad3b33b5dc6ed7,0.044,,,
1376,2026-05-19,SZ300408,-0.14802934229373932,EXP_XGBModel_Alpha158_csi300_custom_step0_s_20260519_15,e328bccdfaff4e1093ad3b33b5dc6ed7,0.044,,,
1377,2026-05-19,SZ300394,0.07319478690624237,EXP_XGBModel_Alpha158_csi300_custom_step0_s_20260519_15,e328bccdfaff4e1093ad3b33b5dc6ed7,0.044,,,
1378,2026-05-19,SZ300347,-0.028043031692504883,EXP_XGBModel_Alpha158_csi300_custom_step0_s_20260519_15,e328bccdfaff4e1093ad3b33b5dc6ed7,0.044,,,
1379,2026-05-19,SZ300316,-0.05034533515572548,EXP_XGBModel_Alpha158_csi300_custom_step0_s_20260519_15,e328bccdfaff4e1093ad3b33b5dc6ed7,0.044,,,
1380,2026-05-19,SZ300308,0.316402405500412,EXP_XGBModel_Alpha158_csi300_custom_step0_s_20260519_15,e328bccdfaff4e1093ad3b33b5dc6ed7,0.044,,,
1381,2026-05-19,SZ300274,-0.06784907728433609,EXP_XGBModel_Alpha158_csi300_custom_step0_s_20260519_15,e328bccdfaff4e1093ad3b33b5dc6ed7,0.044,,,
1382,2026-05-19,SZ002916,0.10827233642339706,EXP_XGBModel_Alpha158_csi300_custom_step0_s_20260519_15,e328bccdfaff4e1093ad3b33b5dc6ed7,0.044,,,
1383,2026-05-19,SZ300251,-0.043421581387519836,EXP_XGBModel_Alpha158_csi300_custom_step0_s_20260519_15,e328bccdfaff4e1093ad3b33b5dc6ed7,0.044,,,
1384,2026-05-19,SZ300122,-0.04266972094774246,EXP_XGBModel_Alpha158_csi300_custom_step0_s_20260519_15,e328bccdfaff4e1093ad3b33b5dc6ed7,0.044,,,
1385,2026-05-19,SZ300059,-0.0343865305185318,EXP_XGBModel_Alpha158_csi300_custom_step0_s_20260519_15,e328bccdfaff4e1093ad3b33b5dc6ed7,0.044,,,
1386,2026-05-19,SZ300033,-0.049487434327602386,EXP_XGBModel_Alpha158_csi300_custom_step0_s_20260519_15,e328bccdfaff4e1093ad3b33b5dc6ed7,0.044,,,
1387,2026-05-19,SZ300015,-0.016864269971847534,EXP_XGBModel_Alpha158_csi300_custom_step0_s_20260519_15,e328bccdfaff4e1093ad3b33b5dc6ed7,0.044,,,
1388,2026-05-19,SZ300014,-0.03776535019278526,EXP_XGBModel_Alpha158_csi300_custom_step0_s_20260519_15,e328bccdfaff4e1093ad3b33b5dc6ed7,0.044,,,
1389,2026-05-19,SZ003816,0.02693648636341095,EXP_XGBModel_Alpha158_csi300_custom_step0_s_20260519_15,e328bccdfaff4e1093ad3b33b5dc6ed7,0.044,,,
1390,2026-05-19,SZ002938,-0.5669073462486267,EXP_XGBModel_Alpha158_csi300_custom_step0_s_20260519_15,e328bccdfaff4e1093ad3b33b5dc6ed7,0.044,,,
1391,2026-05-19,SZ300124,-0.00447719544172287,EXP_XGBModel_Alpha158_csi300_custom_step0_s_20260519_15,e328bccdfaff4e1093ad3b33b5dc6ed7,0.044,,,
1392,2026-05-19,SH601633,-0.031027445569634438,EXP_XGBModel_Alpha158_csi300_custom_step0_s_20260519_15,e328bccdfaff4e1093ad3b33b5dc6ed7,0.044,,,
1393,2026-05-19,SZ002311,-0.019894879311323166,EXP_XGBModel_Alpha158_csi300_custom_step0_s_20260519_15,e328bccdfaff4e1093ad3b33b5dc6ed7,0.044,,,
1394,2026-05-19,SZ002252,-0.027807088568806648,EXP_XGBModel_Alpha158_csi300_custom_step0_s_20260519_15,e328bccdfaff4e1093ad3b33b5dc6ed7,0.044,,,
1395,2026-05-19,SZ000895,0.013886124826967716,EXP_XGBModel_Alpha158_csi300_custom_step0_s_20260519_15,e328bccdfaff4e1093ad3b33b5dc6ed7,0.044,,,
1396,2026-05-19,SZ000876,-0.004149136133491993,EXP_XGBModel_Alpha158_csi300_custom_step0_s_20260519_15,e328bccdfaff4e1093ad3b33b5dc6ed7,0.044,,,
1397,2026-05-19,SZ000858,0.07448741048574448,EXP_XGBModel_Alpha158_csi300_custom_step0_s_20260519_15,e328bccdfaff4e1093ad3b33b5dc6ed7,0.044,,,
1398,2026-05-19,SZ000807,0.03610750287771225,EXP_XGBModel_Alpha158_csi300_custom_step0_s_20260519_15,e328bccdfaff4e1093ad3b33b5dc6ed7,0.044,,,
1399,2026-05-19,SZ000792,-0.04968732222914696,EXP_XGBModel_Alpha158_csi300_custom_step0_s_20260519_15,e328bccdfaff4e1093ad3b33b5dc6ed7,0.044,,,
1400,2026-05-19,SZ000786,-0.03967328742146492,EXP_XGBModel_Alpha158_csi300_custom_step0_s_20260519_15,e328bccdfaff4e1093ad3b33b5dc6ed7,0.044,,,
1401,2026-05-19,SZ000776,-0.05506856366991997,EXP_XGBModel_Alpha158_csi300_custom_step0_s_20260519_15,e328bccdfaff4e1093ad3b33b5dc6ed7,0.044,,,
1402,2026-05-19,SZ000938,-0.08380568772554398,EXP_XGBModel_Alpha158_csi300_custom_step0_s_20260519_15,e328bccdfaff4e1093ad3b33b5dc6ed7,0.044,,,
1403,2026-05-19,SZ000768,-0.037158504128456116,EXP_XGBModel_Alpha158_csi300_custom_step0_s_20260519_15,e328bccdfaff4e1093ad3b33b5dc6ed7,0.044,,,
1404,2026-05-19,SZ000708,-0.01805146038532257,EXP_XGBModel_Alpha158_csi300_custom_step0_s_20260519_15,e328bccdfaff4e1093ad3b33b5dc6ed7,0.044,,,
1405,2026-05-19,SZ000661,-0.0432276651263237,EXP_XGBModel_Alpha158_csi300_custom_step0_s_20260519_15,e328bccdfaff4e1093ad3b33b5dc6ed7,0.044,,,
1406,2026-05-19,SZ000651,0.0384126640856266,EXP_XGBModel_Alpha158_csi300_custom_step0_s_20260519_15,e328bccdfaff4e1093ad3b33b5dc6ed7,0.044,,,
1407,2026-05-19,SZ000630,-0.030994588509202003,EXP_XGBModel_Alpha158_csi300_custom_step0_s_20260519_15,e328bccdfaff4e1093ad3b33b5dc6ed7,0.044,,,
1408,2026-05-19,SZ000625,0.020027248188853264,EXP_XGBModel_Alpha158_csi300_custom_step0_s_20260519_15,e328bccdfaff4e1093ad3b33b5dc6ed7,0.044,,,
1409,2026-05-19,SZ000617,-0.00995993334800005,EXP_XGBModel_Alpha158_csi300_custom_step0_s_20260519_15,e328bccdfaff4e1093ad3b33b5dc6ed7,0.044,,,
1410,2026-05-19,SZ000596,-0.033040083944797516,EXP_XGBModel_Alpha158_csi300_custom_step0_s_20260519_15,e328bccdfaff4e1093ad3b33b5dc6ed7,0.044,,,
1411,2026-05-19,SZ000725,0.06804755330085754,EXP_XGBModel_Alpha158_csi300_custom_step0_s_20260519_15,e328bccdfaff4e1093ad3b33b5dc6ed7,0.044,,,
1412,2026-05-19,SZ002304,-0.03881502151489258,EXP_XGBModel_Alpha158_csi300_custom_step0_s_20260519_15,e328bccdfaff4e1093ad3b33b5dc6ed7,0.044,,,
1413,2026-05-19,SZ000963,-0.04436199367046356,EXP_XGBModel_Alpha158_csi300_custom_step0_s_20260519_15,e328bccdfaff4e1093ad3b33b5dc6ed7,0.044,,,
1414,2026-05-19,SZ000977,0.07196162641048431,EXP_XGBModel_Alpha158_csi300_custom_step0_s_20260519_15,e328bccdfaff4e1093ad3b33b5dc6ed7,0.044,,,
1415,2026-05-19,SZ002241,0.049455177038908005,EXP_XGBModel_Alpha158_csi300_custom_step0_s_20260519_15,e328bccdfaff4e1093ad3b33b5dc6ed7,0.044,,,
1416,2026-05-19,SZ002236,-0.02022472769021988,EXP_XGBModel_Alpha158_csi300_custom_step0_s_20260519_15,e328bccdfaff4e1093ad3b33b5dc6ed7,0.044,,,
1417,2026-05-19,SZ002230,0.0037723726127296686,EXP_XGBModel_Alpha158_csi300_custom_step0_s_20260519_15,e328bccdfaff4e1093ad3b33b5dc6ed7,0.044,,,
1418,2026-05-19,SZ002179,-0.047521524131298065,EXP_XGBModel_Alpha158_csi300_custom_step0_s_20260519_15,e328bccdfaff4e1093ad3b33b5dc6ed7,0.044,,,
1419,2026-05-19,SZ002142,-0.001538121490739286,EXP_XGBModel_Alpha158_csi300_custom_step0_s_20260519_15,e328bccdfaff4e1093ad3b33b5dc6ed7,0.044,,,
1420,2026-05-19,SZ002074,-0.022232554852962494,EXP_XGBModel_Alpha158_csi300_custom_step0_s_20260519_15,e328bccdfaff4e1093ad3b33b5dc6ed7,0.044,,,
1421,2026-05-19,SZ002050,-0.038436729460954666,EXP_XGBModel_Alpha158_csi300_custom_step0_s_20260519_15,e328bccdfaff4e1093ad3b33b5dc6ed7,0.044,,,
1422,2026-05-19,SZ000975,-0.06732690334320068,EXP_XGBModel_Alpha158_csi300_custom_step0_s_20260519_15,e328bccdfaff4e1093ad3b33b5dc6ed7,0.044,,,
1423,2026-05-19,SZ002049,-0.035941462963819504,EXP_XGBModel_Alpha158_csi300_custom_step0_s_20260519_15,e328bccdfaff4e1093ad3b33b5dc6ed7,0.044,,,
1424,2026-05-19,SZ002027,-0.05752338096499443,EXP_XGBModel_Alpha158_csi300_custom_step0_s_20260519_15,e328bccdfaff4e1093ad3b33b5dc6ed7,0.044,,,
1425,2026-05-19,SZ002001,-0.007988529279828072,EXP_XGBModel_Alpha158_csi300_custom_step0_s_20260519_15,e328bccdfaff4e1093ad3b33b5dc6ed7,0.044,,,
1426,2026-05-19,SZ001979,-0.03213674575090408,EXP_XGBModel_Alpha158_csi300_custom_step0_s_20260519_15,e328bccdfaff4e1093ad3b33b5dc6ed7,0.044,,,
1427,2026-05-19,SZ001965,-0.007736569736152887,EXP_XGBModel_Alpha158_csi300_custom_step0_s_20260519_15,e328bccdfaff4e1093ad3b33b5dc6ed7,0.044,,,
1428,2026-05-19,SZ001391,0.019362539052963257,EXP_XGBModel_Alpha158_csi300_custom_step0_s_20260519_15,e328bccdfaff4e1093ad3b33b5dc6ed7,0.044,,,
1429,2026-05-19,SZ000999,-0.014709790237247944,EXP_XGBModel_Alpha158_csi300_custom_step0_s_20260519_15,e328bccdfaff4e1093ad3b33b5dc6ed7,0.044,,,
1430,2026-05-19,SZ000983,-0.03539157658815384,EXP_XGBModel_Alpha158_csi300_custom_step0_s_20260519_15,e328bccdfaff4e1093ad3b33b5dc6ed7,0.044,,,
1431,2026-05-19,SZ002028,-0.025713784620165825,EXP_XGBModel_Alpha158_csi300_custom_step0_s_20260519_15,e328bccdfaff4e1093ad3b33b5dc6ed7,0.044,,,
1432,2026-05-19,SZ300418,-0.05064736679196358,EXP_XGBModel_Alpha158_csi300_custom_step0_s_20260519_15,e328bccdfaff4e1093ad3b33b5dc6ed7,0.044,,,
1433,2026-05-19,SH601628,-0.05589086934924126,EXP_XGBModel_Alpha158_csi300_custom_step0_s_20260519_15,e328bccdfaff4e1093ad3b33b5dc6ed7,0.044,,,
1434,2026-05-19,SH601607,0.030093582347035408,EXP_XGBModel_Alpha158_csi300_custom_step0_s_20260519_15,e328bccdfaff4e1093ad3b33b5dc6ed7,0.044,,,
1435,2026-05-19,SH600050,-0.04801689460873604,EXP_XGBModel_Alpha158_csi300_custom_step0_s_20260519_15,e328bccdfaff4e1093ad3b33b5dc6ed7,0.044,,,
1436,2026-05-19,SH600048,-0.040736716240644455,EXP_XGBModel_Alpha158_csi300_custom_step0_s_20260519_15,e328bccdfaff4e1093ad3b33b5dc6ed7,0.044,,,
1437,2026-05-19,SH600039,0.27736401557922363,EXP_XGBModel_Alpha158_csi300_custom_step0_s_20260519_15,e328bccdfaff4e1093ad3b33b5dc6ed7,0.044,,,
1438,2026-05-19,SH600036,0.005996981635689735,EXP_XGBModel_Alpha158_csi300_custom_step0_s_20260519_15,e328bccdfaff4e1093ad3b33b5dc6ed7,0.044,,,
1439,2026-05-19,SH600031,-0.06703060865402222,EXP_XGBModel_Alpha158_csi300_custom_step0_s_20260519_15,e328bccdfaff4e1093ad3b33b5dc6ed7,0.044,,,
1440,2026-05-19,SH600030,0.01984027586877346,EXP_XGBModel_Alpha158_csi300_custom_step0_s_20260519_15,e328bccdfaff4e1093ad3b33b5dc6ed7,0.044,,,
1441,2026-05-19,SH600029,-0.055270615965127945,EXP_XGBModel_Alpha158_csi300_custom_step0_s_20260519_15,e328bccdfaff4e1093ad3b33b5dc6ed7,0.044,,,
1442,2026-05-19,SH600028,-0.016892826184630394,EXP_XGBModel_Alpha158_csi300_custom_step0_s_20260519_15,e328bccdfaff4e1093ad3b33b5dc6ed7,0.044,,,
1443,2026-05-19,SH600027,-0.007058562245219946,EXP_XGBModel_Alpha158_csi300_custom_step0_s_20260519_15,e328bccdfaff4e1093ad3b33b5dc6ed7,0.044,,,
1444,2026-05-19,SH600026,-0.05569550767540932,EXP_XGBModel_Alpha158_csi300_custom_step0_s_20260519_15,e328bccdfaff4e1093ad3b33b5dc6ed7,0.044,,,
1445,2026-05-19,SH600025,-0.07718972861766815,EXP_XGBModel_Alpha158_csi300_custom_step0_s_20260519_15,e328bccdfaff4e1093ad3b33b5dc6ed7,0.044,,,
1446,2026-05-19,SH600023,0.375459760427475,EXP_XGBModel_Alpha158_csi300_custom_step0_s_20260519_15,e328bccdfaff4e1093ad3b33b5dc6ed7,0.044,,,
1447,2026-05-19,SH600019,-0.01364342961460352,EXP_XGBModel_Alpha158_csi300_custom_step0_s_20260519_15,e328bccdfaff4e1093ad3b33b5dc6ed7,0.044,,,
1448,2026-05-19,SH600018,0.08275812119245529,EXP_XGBModel_Alpha158_csi300_custom_step0_s_20260519_15,e328bccdfaff4e1093ad3b33b5dc6ed7,0.044,,,
1449,2026-05-19,SH600016,0.0002155276306439191,EXP_XGBModel_Alpha158_csi300_custom_step0_s_20260519_15,e328bccdfaff4e1093ad3b33b5dc6ed7,0.044,,,
1450,2026-05-19,SH600061,-0.04993396997451782,EXP_XGBModel_Alpha158_csi300_custom_step0_s_20260519_15,e328bccdfaff4e1093ad3b33b5dc6ed7,0.044,,,
1451,2026-05-19,SH600066,-0.020276948809623718,EXP_XGBModel_Alpha158_csi300_custom_step0_s_20260519_15,e328bccdfaff4e1093ad3b33b5dc6ed7,0.044,,,
1452,2026-05-19,SH600085,-0.013970284722745419,EXP_XGBModel_Alpha158_csi300_custom_step0_s_20260519_15,e328bccdfaff4e1093ad3b33b5dc6ed7,0.044,,,
1453,2026-05-19,SH600089,-0.040073223412036896,EXP_XGBModel_Alpha158_csi300_custom_step0_s_20260519_15,e328bccdfaff4e1093ad3b33b5dc6ed7,0.044,,,
1454,2026-05-19,SH600362,-0.09316085278987885,EXP_XGBModel_Alpha158_csi300_custom_step0_s_20260519_15,e328bccdfaff4e1093ad3b33b5dc6ed7,0.044,,,
1455,2026-05-19,SH600346,-0.059867702424526215,EXP_XGBModel_Alpha158_csi300_custom_step0_s_20260519_15,e328bccdfaff4e1093ad3b33b5dc6ed7,0.044,,,
1456,2026-05-19,SH600309,-0.005253316834568977,EXP_XGBModel_Alpha158_csi300_custom_step0_s_20260519_15,e328bccdfaff4e1093ad3b33b5dc6ed7,0.044,,,
1457,2026-05-19,SH600276,-0.04140352085232735,EXP_XGBModel_Alpha158_csi300_custom_step0_s_20260519_15,e328bccdfaff4e1093ad3b33b5dc6ed7,0.044,,,
1458,2026-05-19,SH600233,-0.030537595972418785,EXP_XGBModel_Alpha158_csi300_custom_step0_s_20260519_15,e328bccdfaff4e1093ad3b33b5dc6ed7,0.044,,,
1459,2026-05-19,SH600219,-0.021383309736847878,EXP_XGBModel_Alpha158_csi300_custom_step0_s_20260519_15,e328bccdfaff4e1093ad3b33b5dc6ed7,0.044,,,
1460,2026-05-19,SH600196,-0.045561566948890686,EXP_XGBModel_Alpha158_csi300_custom_step0_s_20260519_15,e328bccdfaff4e1093ad3b33b5dc6ed7,0.044,,,
1461,2026-05-19,SH600015,0.01137255597859621,EXP_XGBModel_Alpha158_csi300_custom_step0_s_20260519_15,e328bccdfaff4e1093ad3b33b5dc6ed7,0.044,,,
1462,2026-05-19,SH600188,-0.07385706156492233,EXP_XGBModel_Alpha158_csi300_custom_step0_s_20260519_15,e328bccdfaff4e1093ad3b33b5dc6ed7,0.044,,,
1463,2026-05-19,SH600176,0.035035815089941025,EXP_XGBModel_Alpha158_csi300_custom_step0_s_20260519_15,e328bccdfaff4e1093ad3b33b5dc6ed7,0.044,,,
1464,2026-05-19,SH600161,-0.0375242605805397,EXP_XGBModel_Alpha158_csi300_custom_step0_s_20260519_15,e328bccdfaff4e1093ad3b33b5dc6ed7,0.044,,,
1465,2026-05-19,SH600160,-0.04555340111255646,EXP_XGBModel_Alpha158_csi300_custom_step0_s_20260519_15,e328bccdfaff4e1093ad3b33b5dc6ed7,0.044,,,
1466,2026-05-19,SH600150,0.07811777293682098,EXP_XGBModel_Alpha158_csi300_custom_step0_s_20260519_15,e328bccdfaff4e1093ad3b33b5dc6ed7,0.044,,,
1467,2026-05-19,SH600115,-0.058263443410396576,EXP_XGBModel_Alpha158_csi300_custom_step0_s_20260519_15,e328bccdfaff4e1093ad3b33b5dc6ed7,0.044,,,
1468,2026-05-19,SH600111,-0.019409287720918655,EXP_XGBModel_Alpha158_csi300_custom_step0_s_20260519_15,e328bccdfaff4e1093ad3b33b5dc6ed7,0.044,,,
1469,2026-05-19,SH600104,-0.010802481323480606,EXP_XGBModel_Alpha158_csi300_custom_step0_s_20260519_15,e328bccdfaff4e1093ad3b33b5dc6ed7,0.044,,,
1470,2026-05-19,SH600183,-0.3937276005744934,EXP_XGBModel_Alpha158_csi300_custom_step0_s_20260519_15,e328bccdfaff4e1093ad3b33b5dc6ed7,0.044,,,
1471,2026-05-19,SH600011,-0.02486167475581169,EXP_XGBModel_Alpha158_csi300_custom_step0_s_20260519_15,e328bccdfaff4e1093ad3b33b5dc6ed7,0.044,,,
1472,2026-05-19,SH600010,-0.03883957490324974,EXP_XGBModel_Alpha158_csi300_custom_step0_s_20260519_15,e328bccdfaff4e1093ad3b33b5dc6ed7,0.044,,,
1473,2026-05-19,SH600009,-0.03176631033420563,EXP_XGBModel_Alpha158_csi300_custom_step0_s_20260519_15,e328bccdfaff4e1093ad3b33b5dc6ed7,0.044,,,
1474,2026-05-19,SZ300433,-0.15793456137180328,EXP_LinearModel_Alpha158_csi300_custom_step0_s_20260519_15,3aee3b5fb9d44d4c8db33ad1f579be47,0.09,,,
1475,2026-05-19,SZ300418,0.04932321608066559,EXP_LinearModel_Alpha158_csi300_custom_step0_s_20260519_15,3aee3b5fb9d44d4c8db33ad1f579be47,0.09,,,
1476,2026-05-19,SZ300413,0.09416592121124268,EXP_LinearModel_Alpha158_csi300_custom_step0_s_20260519_15,3aee3b5fb9d44d4c8db33ad1f579be47,0.09,,,
1477,2026-05-19,SZ300408,0.14288634061813354,EXP_LinearModel_Alpha158_csi300_custom_step0_s_20260519_15,3aee3b5fb9d44d4c8db33ad1f579be47,0.09,,,
1478,2026-05-19,SZ300394,-0.053716134279966354,EXP_LinearModel_Alpha158_csi300_custom_step0_s_20260519_15,3aee3b5fb9d44d4c8db33ad1f579be47,0.09,,,
1479,2026-05-19,SZ300347,0.16058780252933502,EXP_LinearModel_Alpha158_csi300_custom_step0_s_20260519_15,3aee3b5fb9d44d4c8db33ad1f579be47,0.09,,,
1480,2026-05-19,SZ300316,-0.030943172052502632,EXP_LinearModel_Alpha158_csi300_custom_step0_s_20260519_15,3aee3b5fb9d44d4c8db33ad1f579be47,0.09,,,
1481,2026-05-19,SZ300442,,EXP_LinearModel_Alpha158_csi300_custom_step0_s_20260519_15,3aee3b5fb9d44d4c8db33ad1f579be47,0.09,,,
1482,2026-05-19,SZ300308,0.2170100212097168,EXP_LinearModel_Alpha158_csi300_custom_step0_s_20260519_15,3aee3b5fb9d44d4c8db33ad1f579be47,0.09,,,
1483,2026-05-19,SZ300251,0.3089298605918884,EXP_LinearModel_Alpha158_csi300_custom_step0_s_20260519_15,3aee3b5fb9d44d4c8db33ad1f579be47,0.09,,,
1484,2026-05-19,SZ300124,0.06807393580675125,EXP_LinearModel_Alpha158_csi300_custom_step0_s_20260519_15,3aee3b5fb9d44d4c8db33ad1f579be47,0.09,,,
1485,2026-05-19,SZ300122,-0.00903977733105421,EXP_LinearModel_Alpha158_csi300_custom_step0_s_20260519_15,3aee3b5fb9d44d4c8db33ad1f579be47,0.09,,,
1486,2026-05-19,SZ300059,0.026872025802731514,EXP_LinearModel_Alpha158_csi300_custom_step0_s_20260519_15,3aee3b5fb9d44d4c8db33ad1f579be47,0.09,,,
1487,2026-05-19,SZ300033,0.09013070166110992,EXP_LinearModel_Alpha158_csi300_custom_step0_s_20260519_15,3aee3b5fb9d44d4c8db33ad1f579be47,0.09,,,
1488,2026-05-19,SZ300015,-0.012549888342618942,EXP_LinearModel_Alpha158_csi300_custom_step0_s_20260519_15,3aee3b5fb9d44d4c8db33ad1f579be47,0.09,,,
1489,2026-05-19,SZ300014,0.05294898897409439,EXP_LinearModel_Alpha158_csi300_custom_step0_s_20260519_15,3aee3b5fb9d44d4c8db33ad1f579be47,0.09,,,
1490,2026-05-19,SZ300274,0.0784686952829361,EXP_LinearModel_Alpha158_csi300_custom_step0_s_20260519_15,3aee3b5fb9d44d4c8db33ad1f579be47,0.09,,,
1491,2026-05-19,SH600372,-0.03010421060025692,EXP_XGBModel_Alpha158_csi300_custom_step0_s_20260519_15,e328bccdfaff4e1093ad3b33b5dc6ed7,0.044,,,
1492,2026-05-19,SZ300476,0.14187054336071014,EXP_LinearModel_Alpha158_csi300_custom_step0_s_20260519_15,3aee3b5fb9d44d4c8db33ad1f579be47,0.09,,,
1493,2026-05-19,SZ300502,0.0711386501789093,EXP_LinearModel_Alpha158_csi300_custom_step0_s_20260519_15,3aee3b5fb9d44d4c8db33ad1f579be47,0.09,,,
1494,2026-05-19,SH600000,0.011451839469373226,EXP_XGBModel_Alpha158_csi300_custom_step0_s_20260519_15,e328bccdfaff4e1093ad3b33b5dc6ed7,0.044,,,
1495,2026-05-19,SZ302132,-0.09716424345970154,EXP_LinearModel_Alpha158_csi300_custom_step0_s_20260519_15,3aee3b5fb9d44d4c8db33ad1f579be47,0.09,,,
1496,2026-05-19,SZ301269,0.18523041903972626,EXP_LinearModel_Alpha158_csi300_custom_step0_s_20260519_15,3aee3b5fb9d44d4c8db33ad1f579be47,0.09,,,
1497,2026-05-19,SZ301236,0.019947493448853493,EXP_LinearModel_Alpha158_csi300_custom_step0_s_20260519_15,3aee3b5fb9d44d4c8db33ad1f579be47,0.09,,,
1498,2026-05-19,SZ300999,0.03378063440322876,EXP_LinearModel_Alpha158_csi300_custom_step0_s_20260519_15,3aee3b5fb9d44d4c8db33ad1f579be47,0.09,,,
1499,2026-05-19,SZ300979,-0.11721447110176086,EXP_LinearModel_Alpha158_csi300_custom_step0_s_20260519_15,3aee3b5fb9d44d4c8db33ad1f579be47,0.09,,,
1500,2026-05-19,SZ300896,0.00586029514670372,EXP_LinearModel_Alpha158_csi300_custom_step0_s_20260519_15,3aee3b5fb9d44d4c8db33ad1f579be47,0.09,,,
1501,2026-05-19,SZ300498,0.03187329322099686,EXP_LinearModel_Alpha158_csi300_custom_step0_s_20260519_15,3aee3b5fb9d44d4c8db33ad1f579be47,0.09,,,
1502,2026-05-19,SZ300866,0.10533559322357178,EXP_LinearModel_Alpha158_csi300_custom_step0_s_20260519_15,3aee3b5fb9d44d4c8db33ad1f579be47,0.09,,,
1503,2026-05-19,SZ300803,-0.05470260977745056,EXP_LinearModel_Alpha158_csi300_custom_step0_s_20260519_15,3aee3b5fb9d44d4c8db33ad1f579be47,0.09,,,
1504,2026-05-19,SZ300782,-0.026633094996213913,EXP_LinearModel_Alpha158_csi300_custom_step0_s_20260519_15,3aee3b5fb9d44d4c8db33ad1f579be47,0.09,,,
1505,2026-05-19,SZ300760,-0.033889416605234146,EXP_LinearModel_Alpha158_csi300_custom_step0_s_20260519_15,3aee3b5fb9d44d4c8db33ad1f579be47,0.09,,,
1506,2026-05-19,SZ300759,0.05986274406313896,EXP_LinearModel_Alpha158_csi300_custom_step0_s_20260519_15,3aee3b5fb9d44d4c8db33ad1f579be47,0.09,,,
1507,2026-05-19,SZ300750,0.053536899387836456,EXP_LinearModel_Alpha158_csi300_custom_step0_s_20260519_15,3aee3b5fb9d44d4c8db33ad1f579be47,0.09,,,
1508,2026-05-19,SZ300661,0.00726032629609108,EXP_LinearModel_Alpha158_csi300_custom_step0_s_20260519_15,3aee3b5fb9d44d4c8db33ad1f579be47,0.09,,,
1509,2026-05-19,SZ300628,0.11960984021425247,EXP_LinearModel_Alpha158_csi300_custom_step0_s_20260519_15,3aee3b5fb9d44d4c8db33ad1f579be47,0.09,,,
1510,2026-05-19,SZ300832,0.02954065054655075,EXP_LinearModel_Alpha158_csi300_custom_step0_s_20260519_15,3aee3b5fb9d44d4c8db33ad1f579be47,0.09,,,
1511,2026-05-19,SH600377,0.024930160492658615,EXP_XGBModel_Alpha158_csi300_custom_step0_s_20260519_15,e328bccdfaff4e1093ad3b33b5dc6ed7,0.044,,,
1512,2026-05-19,SH600406,-0.04357072338461876,EXP_XGBModel_Alpha158_csi300_custom_step0_s_20260519_15,e328bccdfaff4e1093ad3b33b5dc6ed7,0.044,,,
1513,2026-05-19,SH600415,-0.022374209016561508,EXP_XGBModel_Alpha158_csi300_custom_step0_s_20260519_15,e328bccdfaff4e1093ad3b33b5dc6ed7,0.044,,,
1514,2026-05-19,SH601166,0.016027195379137993,EXP_XGBModel_Alpha158_csi300_custom_step0_s_20260519_15,e328bccdfaff4e1093ad3b33b5dc6ed7,0.044,,,
1515,2026-05-19,SH601138,-0.09213265776634216,EXP_XGBModel_Alpha158_csi300_custom_step0_s_20260519_15,e328bccdfaff4e1093ad3b33b5dc6ed7,0.044,,,
1516,2026-05-19,SH601136,-0.031193695962429047,EXP_XGBModel_Alpha158_csi300_custom_step0_s_20260519_15,e328bccdfaff4e1093ad3b33b5dc6ed7,0.044,,,
1517,2026-05-19,SH601127,-0.04205155745148659,EXP_XGBModel_Alpha158_csi300_custom_step0_s_20260519_15,e328bccdfaff4e1093ad3b33b5dc6ed7,0.044,,,
1518,2026-05-19,SH601117,-0.048637572675943375,EXP_XGBModel_Alpha158_csi300_custom_step0_s_20260519_15,e328bccdfaff4e1093ad3b33b5dc6ed7,0.044,,,
1519,2026-05-19,SH601111,-0.08672892302274704,EXP_XGBModel_Alpha158_csi300_custom_step0_s_20260519_15,e328bccdfaff4e1093ad3b33b5dc6ed7,0.044,,,
1520,2026-05-19,SH601100,-0.018352912738919258,EXP_XGBModel_Alpha158_csi300_custom_step0_s_20260519_15,e328bccdfaff4e1093ad3b33b5dc6ed7,0.044,,,
1521,2026-05-19,SH601169,0.016758689656853676,EXP_XGBModel_Alpha158_csi300_custom_step0_s_20260519_15,e328bccdfaff4e1093ad3b33b5dc6ed7,0.044,,,
1522,2026-05-19,SH601088,0.010979601182043552,EXP_XGBModel_Alpha158_csi300_custom_step0_s_20260519_15,e328bccdfaff4e1093ad3b33b5dc6ed7,0.044,,,
1523,2026-05-19,SH601066,-0.02603226900100708,EXP_XGBModel_Alpha158_csi300_custom_step0_s_20260519_15,e328bccdfaff4e1093ad3b33b5dc6ed7,0.044,,,
1524,2026-05-19,SH601059,0.06725539267063141,EXP_XGBModel_Alpha158_csi300_custom_step0_s_20260519_15,e328bccdfaff4e1093ad3b33b5dc6ed7,0.044,,,
1525,2026-05-19,SH601058,-0.049603771418333054,EXP_XGBModel_Alpha158_csi300_custom_step0_s_20260519_15,e328bccdfaff4e1093ad3b33b5dc6ed7,0.044,,,
1526,2026-05-19,SH601021,-0.04687739163637161,EXP_XGBModel_Alpha158_csi300_custom_step0_s_20260519_15,e328bccdfaff4e1093ad3b33b5dc6ed7,0.044,,,
1527,2026-05-19,SH601018,-0.004606139846146107,EXP_XGBModel_Alpha158_csi300_custom_step0_s_20260519_15,e328bccdfaff4e1093ad3b33b5dc6ed7,0.044,,,
1528,2026-05-19,SH601012,-0.015016889199614525,EXP_XGBModel_Alpha158_csi300_custom_step0_s_20260519_15,e328bccdfaff4e1093ad3b33b5dc6ed7,0.044,,,
1529,2026-05-19,SH601009,0.0085930610075593,EXP_XGBModel_Alpha158_csi300_custom_step0_s_20260519_15,e328bccdfaff4e1093ad3b33b5dc6ed7,0.044,,,
1530,2026-05-19,SH601077,0.00464898394420743,EXP_XGBModel_Alpha158_csi300_custom_step0_s_20260519_15,e328bccdfaff4e1093ad3b33b5dc6ed7,0.044,,,
1531,2026-05-19,SH601006,0.05876685306429863,EXP_XGBModel_Alpha158_csi300_custom_step0_s_20260519_15,e328bccdfaff4e1093ad3b33b5dc6ed7,0.044,,,
1532,2026-05-19,SH601186,0.0027169035747647285,EXP_XGBModel_Alpha158_csi300_custom_step0_s_20260519_15,e328bccdfaff4e1093ad3b33b5dc6ed7,0.044,,,
1533,2026-05-19,SH601225,0.005410396493971348,EXP_XGBModel_Alpha158_csi300_custom_step0_s_20260519_15,e328bccdfaff4e1093ad3b33b5dc6ed7,0.044,,,
1534,2026-05-19,SH601601,-0.0613505057990551,EXP_XGBModel_Alpha158_csi300_custom_step0_s_20260519_15,e328bccdfaff4e1093ad3b33b5dc6ed7,0.044,,,
1535,2026-05-19,SH601600,-0.05247782915830612,EXP_XGBModel_Alpha158_csi300_custom_step0_s_20260519_15,e328bccdfaff4e1093ad3b33b5dc6ed7,0.044,,,
1536,2026-05-19,SH601456,-0.004844533279538155,EXP_XGBModel_Alpha158_csi300_custom_step0_s_20260519_15,e328bccdfaff4e1093ad3b33b5dc6ed7,0.044,,,
1537,2026-05-19,SH601398,0.05787963792681694,EXP_XGBModel_Alpha158_csi300_custom_step0_s_20260519_15,e328bccdfaff4e1093ad3b33b5dc6ed7,0.044,,,
1538,2026-05-19,SH601390,-0.004931786097586155,EXP_XGBModel_Alpha158_csi300_custom_step0_s_20260519_15,e328bccdfaff4e1093ad3b33b5dc6ed7,0.044,,,
1539,2026-05-19,SH601377,-0.04513373225927353,EXP_XGBModel_Alpha158_csi300_custom_step0_s_20260519_15,e328bccdfaff4e1093ad3b33b5dc6ed7,0.044,,,
1540,2026-05-19,SH601360,-0.03590140864253044,EXP_XGBModel_Alpha158_csi300_custom_step0_s_20260519_15,e328bccdfaff4e1093ad3b33b5dc6ed7,0.044,,,
1541,2026-05-19,SH601211,-0.03123468905687332,EXP_XGBModel_Alpha158_csi300_custom_step0_s_20260519_15,e328bccdfaff4e1093ad3b33b5dc6ed7,0.044,,,
1542,2026-05-19,SH601336,-0.068242147564888,EXP_XGBModel_Alpha158_csi300_custom_step0_s_20260519_15,e328bccdfaff4e1093ad3b33b5dc6ed7,0.044,,,
1543,2026-05-19,SH601319,-0.034333109855651855,EXP_XGBModel_Alpha158_csi300_custom_step0_s_20260519_15,e328bccdfaff4e1093ad3b33b5dc6ed7,0.044,,,
1544,2026-05-19,SH601318,-0.06157726049423218,EXP_XGBModel_Alpha158_csi300_custom_step0_s_20260519_15,e328bccdfaff4e1093ad3b33b5dc6ed7,0.044,,,
1545,2026-05-19,SH601298,0.06869141757488251,EXP_XGBModel_Alpha158_csi300_custom_step0_s_20260519_15,e328bccdfaff4e1093ad3b33b5dc6ed7,0.044,,,
1546,2026-05-19,SH601288,0.041180986911058426,EXP_XGBModel_Alpha158_csi300_custom_step0_s_20260519_15,e328bccdfaff4e1093ad3b33b5dc6ed7,0.044,,,
1547,2026-05-19,SH601238,-0.01874578557908535,EXP_XGBModel_Alpha158_csi300_custom_step0_s_20260519_15,e328bccdfaff4e1093ad3b33b5dc6ed7,0.044,,,
1548,2026-05-19,SH601236,-0.010042666457593441,EXP_XGBModel_Alpha158_csi300_custom_step0_s_20260519_15,e328bccdfaff4e1093ad3b33b5dc6ed7,0.044,,,
1549,2026-05-19,SH601229,0.009955973364412785,EXP_XGBModel_Alpha158_csi300_custom_step0_s_20260519_15,e328bccdfaff4e1093ad3b33b5dc6ed7,0.044,,,
1550,2026-05-19,SH601328,0.03714624419808388,EXP_XGBModel_Alpha158_csi300_custom_step0_s_20260519_15,e328bccdfaff4e1093ad3b33b5dc6ed7,0.044,,,
1551,2026-05-19,SH601618,0.00979752466082573,EXP_XGBModel_Alpha158_csi300_custom_step0_s_20260519_15,e328bccdfaff4e1093ad3b33b5dc6ed7,0.044,,,
1552,2026-05-19,SH600999,-0.03261224180459976,EXP_XGBModel_Alpha158_csi300_custom_step0_s_20260519_15,e328bccdfaff4e1093ad3b33b5dc6ed7,0.044,,,
1553,2026-05-19,SH600958,-0.01863250508904457,EXP_XGBModel_Alpha158_csi300_custom_step0_s_20260519_15,e328bccdfaff4e1093ad3b33b5dc6ed7,0.044,,,
1554,2026-05-19,SH600660,-0.015807753428816795,EXP_XGBModel_Alpha158_csi300_custom_step0_s_20260519_15,e328bccdfaff4e1093ad3b33b5dc6ed7,0.044,,,
1555,2026-05-19,SH600600,0.03193702921271324,EXP_XGBModel_Alpha158_csi300_custom_step0_s_20260519_15,e328bccdfaff4e1093ad3b33b5dc6ed7,0.044,,,
1556,2026-05-19,SH600588,-0.041864801198244095,EXP_XGBModel_Alpha158_csi300_custom_step0_s_20260519_15,e328bccdfaff4e1093ad3b33b5dc6ed7,0.044,,,
1557,2026-05-19,SH600585,-0.04918912425637245,EXP_XGBModel_Alpha158_csi300_custom_step0_s_20260519_15,e328bccdfaff4e1093ad3b33b5dc6ed7,0.044,,,
1558,2026-05-19,SH600584,-0.15407893061637878,EXP_XGBModel_Alpha158_csi300_custom_step0_s_20260519_15,e328bccdfaff4e1093ad3b33b5dc6ed7,0.044,,,
1559,2026-05-19,SH600570,-0.05054797604680061,EXP_XGBModel_Alpha158_csi300_custom_step0_s_20260519_15,e328bccdfaff4e1093ad3b33b5dc6ed7,0.044,,,
1560,2026-05-19,SH600547,-0.06821911782026291,EXP_XGBModel_Alpha158_csi300_custom_step0_s_20260519_15,e328bccdfaff4e1093ad3b33b5dc6ed7,0.044,,,
1561,2026-05-19,SH600674,0.06776826828718185,EXP_XGBModel_Alpha158_csi300_custom_step0_s_20260519_15,e328bccdfaff4e1093ad3b33b5dc6ed7,0.044,,,
1562,2026-05-19,SH600522,-0.022848913446068764,EXP_XGBModel_Alpha158_csi300_custom_step0_s_20260519_15,e328bccdfaff4e1093ad3b33b5dc6ed7,0.044,,,
1563,2026-05-19,SH600515,-0.04036534205079079,EXP_XGBModel_Alpha158_csi300_custom_step0_s_20260519_15,e328bccdfaff4e1093ad3b33b5dc6ed7,0.044,,,
1564,2026-05-19,SH600489,-0.09173252433538437,EXP_XGBModel_Alpha158_csi300_custom_step0_s_20260519_15,e328bccdfaff4e1093ad3b33b5dc6ed7,0.044,,,
1565,2026-05-19,SH600482,-0.01585615985095501,EXP_XGBModel_Alpha158_csi300_custom_step0_s_20260519_15,e328bccdfaff4e1093ad3b33b5dc6ed7,0.044,,,
1566,2026-05-19,SH600460,-0.09892185777425766,EXP_XGBModel_Alpha158_csi300_custom_step0_s_20260519_15,e328bccdfaff4e1093ad3b33b5dc6ed7,0.044,,,
1567,2026-05-19,SH600438,-0.0310988612473011,EXP_XGBModel_Alpha158_csi300_custom_step0_s_20260519_15,e328bccdfaff4e1093ad3b33b5dc6ed7,0.044,,,
1568,2026-05-19,SH600436,-0.004254144616425037,EXP_XGBModel_Alpha158_csi300_custom_step0_s_20260519_15,e328bccdfaff4e1093ad3b33b5dc6ed7,0.044,,,
1569,2026-05-19,SH600426,-0.04876047000288963,EXP_XGBModel_Alpha158_csi300_custom_step0_s_20260519_15,e328bccdfaff4e1093ad3b33b5dc6ed7,0.044,,,
1570,2026-05-19,SH600519,-0.005587523803114891,EXP_XGBModel_Alpha158_csi300_custom_step0_s_20260519_15,e328bccdfaff4e1093ad3b33b5dc6ed7,0.044,,,
1571,2026-05-19,SH600989,-0.003919222857803106,EXP_XGBModel_Alpha158_csi300_custom_step0_s_20260519_15,e328bccdfaff4e1093ad3b33b5dc6ed7,0.044,,,
1572,2026-05-19,SH600690,0.03553617745637894,EXP_XGBModel_Alpha158_csi300_custom_step0_s_20260519_15,e328bccdfaff4e1093ad3b33b5dc6ed7,0.044,,,
1573,2026-05-19,SH600760,-0.05203289911150932,EXP_XGBModel_Alpha158_csi300_custom_step0_s_20260519_15,e328bccdfaff4e1093ad3b33b5dc6ed7,0.044,,,
1574,2026-05-19,SH600941,0.11441004276275635,EXP_XGBModel_Alpha158_csi300_custom_step0_s_20260519_15,e328bccdfaff4e1093ad3b33b5dc6ed7,0.044,,,
1575,2026-05-19,SH600938,0.010727145709097385,EXP_XGBModel_Alpha158_csi300_custom_step0_s_20260519_15,e328bccdfaff4e1093ad3b33b5dc6ed7,0.044,,,
1576,2026-05-19,SH600930,-0.046701885759830475,EXP_XGBModel_Alpha158_csi300_custom_step0_s_20260519_15,e328bccdfaff4e1093ad3b33b5dc6ed7,0.044,,,
1577,2026-05-19,SH600926,0.0009473758400417864,EXP_XGBModel_Alpha158_csi300_custom_step0_s_20260519_15,e328bccdfaff4e1093ad3b33b5dc6ed7,0.044,,,
1578,2026-05-19,SH600919,0.07538967579603195,EXP_XGBModel_Alpha158_csi300_custom_step0_s_20260519_15,e328bccdfaff4e1093ad3b33b5dc6ed7,0.044,,,
1579,2026-05-19,SH600918,0.002088782610371709,EXP_XGBModel_Alpha158_csi300_custom_step0_s_20260519_15,e328bccdfaff4e1093ad3b33b5dc6ed7,0.044,,,
1580,2026-05-19,SH600905,0.19389842450618744,EXP_XGBModel_Alpha158_csi300_custom_step0_s_20260519_15,e328bccdfaff4e1093ad3b33b5dc6ed7,0.044,,,
1581,2026-05-19,SH600741,-0.005456084385514259,EXP_XGBModel_Alpha158_csi300_custom_step0_s_20260519_15,e328bccdfaff4e1093ad3b33b5dc6ed7,0.044,,,
1582,2026-05-19,SH600900,0.07887445390224457,EXP_XGBModel_Alpha158_csi300_custom_step0_s_20260519_15,e328bccdfaff4e1093ad3b33b5dc6ed7,0.044,,,
1583,2026-05-19,SH600887,0.025660265237092972,EXP_XGBModel_Alpha158_csi300_custom_step0_s_20260519_15,e328bccdfaff4e1093ad3b33b5dc6ed7,0.044,,,
1584,2026-05-19,SH600886,-0.031064512208104134,EXP_XGBModel_Alpha158_csi300_custom_step0_s_20260519_15,e328bccdfaff4e1093ad3b33b5dc6ed7,0.044,,,
1585,2026-05-19,SH600875,-0.009691200219094753,EXP_XGBModel_Alpha158_csi300_custom_step0_s_20260519_15,e328bccdfaff4e1093ad3b33b5dc6ed7,0.044,,,
1586,2026-05-19,SH600845,0.02385581098496914,EXP_XGBModel_Alpha158_csi300_custom_step0_s_20260519_15,e328bccdfaff4e1093ad3b33b5dc6ed7,0.044,,,
1587,2026-05-19,SH600809,-0.035848695784807205,EXP_XGBModel_Alpha158_csi300_custom_step0_s_20260519_15,e328bccdfaff4e1093ad3b33b5dc6ed7,0.044,,,
1588,2026-05-19,SH600803,0.02531462535262108,EXP_XGBModel_Alpha158_csi300_custom_step0_s_20260519_15,e328bccdfaff4e1093ad3b33b5dc6ed7,0.044,,,
1589,2026-05-19,SH600795,-0.06168749928474426,EXP_XGBModel_Alpha158_csi300_custom_step0_s_20260519_15,e328bccdfaff4e1093ad3b33b5dc6ed7,0.044,,,
1590,2026-05-19,SH600893,-0.05812211334705353,EXP_XGBModel_Alpha158_csi300_custom_step0_s_20260519_15,e328bccdfaff4e1093ad3b33b5dc6ed7,0.044,,,
1591,2026-05-19,SZ300433,-0.04127034544944763,EXP_XGBModel_Alpha158_csi300_custom_step0_s_20260519_15,e328bccdfaff4e1093ad3b33b5dc6ed7,0.044,,,
1592,2026-05-19,SZ300442,-0.028581177815794945,EXP_XGBModel_Alpha158_csi300_custom_step0_s_20260519_15,e328bccdfaff4e1093ad3b33b5dc6ed7,0.044,,,
1593,2026-05-19,SZ300476,0.026227321475744247,EXP_XGBModel_Alpha158_csi300_custom_step0_s_20260519_15,e328bccdfaff4e1093ad3b33b5dc6ed7,0.044,,,
1594,2026-05-19,SZ000333,0.016674073413014412,EXP_XGBModel_Alpha158_csi300_custom_step0_s_20260519_15,9957b559351d4c1f93212a6c32a03282,0.058,,,
1595,2026-05-19,SZ000301,0.004692321643233299,EXP_XGBModel_Alpha158_csi300_custom_step0_s_20260519_15,9957b559351d4c1f93212a6c32a03282,0.058,,,
1596,2026-05-19,SZ000166,-0.028758257627487183,EXP_XGBModel_Alpha158_csi300_custom_step0_s_20260519_15,9957b559351d4c1f93212a6c32a03282,0.058,,,
1597,2026-05-19,SZ000157,0.04487975686788559,EXP_XGBModel_Alpha158_csi300_custom_step0_s_20260519_15,9957b559351d4c1f93212a6c32a03282,0.058,,,
1598,2026-05-19,SZ000100,-0.023647528141736984,EXP_XGBModel_Alpha158_csi300_custom_step0_s_20260519_15,9957b559351d4c1f93212a6c32a03282,0.058,,,
1599,2026-05-19,SZ000063,0.0057573867961764336,EXP_XGBModel_Alpha158_csi300_custom_step0_s_20260519_15,9957b559351d4c1f93212a6c32a03282,0.058,,,
1600,2026-05-19,SZ000002,-0.06449510157108307,EXP_XGBModel_Alpha158_csi300_custom_step0_s_20260519_15,9957b559351d4c1f93212a6c32a03282,0.058,,,
1601,2026-05-19,SZ000001,-0.024622507393360138,EXP_XGBModel_Alpha158_csi300_custom_step0_s_20260519_15,9957b559351d4c1f93212a6c32a03282,0.058,,,
1602,2026-05-19,SH688981,-0.26834285259246826,EXP_XGBModel_Alpha158_csi300_custom_step0_s_20260519_15,9957b559351d4c1f93212a6c32a03282,0.058,,,
1603,2026-05-19,SH688506,0.03525790944695473,EXP_XGBModel_Alpha158_csi300_custom_step0_s_20260519_15,9957b559351d4c1f93212a6c32a03282,0.058,,,
1604,2026-05-19,SH688472,0.022196145728230476,EXP_XGBModel_Alpha158_csi300_custom_step0_s_20260519_15,9957b559351d4c1f93212a6c32a03282,0.058,,,
1605,2026-05-19,SH688396,0.028600534424185753,EXP_XGBModel_Alpha158_csi300_custom_step0_s_20260519_15,9957b559351d4c1f93212a6c32a03282,0.058,,,
1606,2026-05-19,SH688303,-0.03001726232469082,EXP_XGBModel_Alpha158_csi300_custom_step0_s_20260519_15,9957b559351d4c1f93212a6c32a03282,0.058,,,
1607,2026-05-19,SH688271,-0.026732580736279488,EXP_XGBModel_Alpha158_csi300_custom_step0_s_20260519_15,9957b559351d4c1f93212a6c32a03282,0.058,,,
1608,2026-05-19,SH688256,0.030327776446938515,EXP_XGBModel_Alpha158_csi300_custom_step0_s_20260519_15,9957b559351d4c1f93212a6c32a03282,0.058,,,
1609,2026-05-19,SZ000338,0.4362002909183502,EXP_XGBModel_Alpha158_csi300_custom_step0_s_20260519_15,9957b559351d4c1f93212a6c32a03282,0.058,,,
1610,2026-05-19,SZ000408,0.011165295727550983,EXP_XGBModel_Alpha158_csi300_custom_step0_s_20260519_15,9957b559351d4c1f93212a6c32a03282,0.058,,,
1611,2026-05-19,SZ000425,-0.05712641775608063,EXP_XGBModel_Alpha158_csi300_custom_step0_s_20260519_15,9957b559351d4c1f93212a6c32a03282,0.058,,,
1612,2026-05-19,SZ000538,-0.0392477847635746,EXP_XGBModel_Alpha158_csi300_custom_step0_s_20260519_15,9957b559351d4c1f93212a6c32a03282,0.058,,,
1613,2026-05-19,SZ000876,-0.025924034416675568,EXP_XGBModel_Alpha158_csi300_custom_step0_s_20260519_15,9957b559351d4c1f93212a6c32a03282,0.058,,,
1614,2026-05-19,SZ000858,0.04892333969473839,EXP_XGBModel_Alpha158_csi300_custom_step0_s_20260519_15,9957b559351d4c1f93212a6c32a03282,0.058,,,
1615,2026-05-19,SZ000807,0.03517240285873413,EXP_XGBModel_Alpha158_csi300_custom_step0_s_20260519_15,9957b559351d4c1f93212a6c32a03282,0.058,,,
1616,2026-05-19,SZ000792,-0.04154067486524582,EXP_XGBModel_Alpha158_csi300_custom_step0_s_20260519_15,9957b559351d4c1f93212a6c32a03282,0.058,,,
1617,2026-05-19,SZ000786,-0.026140084490180016,EXP_XGBModel_Alpha158_csi300_custom_step0_s_20260519_15,9957b559351d4c1f93212a6c32a03282,0.058,,,
1618,2026-05-19,SZ000776,-0.044075075536966324,EXP_XGBModel_Alpha158_csi300_custom_step0_s_20260519_15,9957b559351d4c1f93212a6c32a03282,0.058,,,
1619,2026-05-19,SZ000768,-0.05552022159099579,EXP_XGBModel_Alpha158_csi300_custom_step0_s_20260519_15,9957b559351d4c1f93212a6c32a03282,0.058,,,
1620,2026-05-19,SH688223,-0.18144361674785614,EXP_XGBModel_Alpha158_csi300_custom_step0_s_20260519_15,9957b559351d4c1f93212a6c32a03282,0.058,,,
1621,2026-05-19,SZ000725,0.026679757982492447,EXP_XGBModel_Alpha158_csi300_custom_step0_s_20260519_15,9957b559351d4c1f93212a6c32a03282,0.058,,,
1622,2026-05-19,SZ000661,-0.025324873626232147,EXP_XGBModel_Alpha158_csi300_custom_step0_s_20260519_15,9957b559351d4c1f93212a6c32a03282,0.058,,,
1623,2026-05-19,SZ000651,-0.0027605812065303326,EXP_XGBModel_Alpha158_csi300_custom_step0_s_20260519_15,9957b559351d4c1f93212a6c32a03282,0.058,,,
1624,2026-05-19,SZ000630,-0.1442444920539856,EXP_XGBModel_Alpha158_csi300_custom_step0_s_20260519_15,9957b559351d4c1f93212a6c32a03282,0.058,,,
1625,2026-05-19,SZ000625,0.2615129053592682,EXP_XGBModel_Alpha158_csi300_custom_step0_s_20260519_15,9957b559351d4c1f93212a6c32a03282,0.058,,,
1626,2026-05-19,SZ000617,0.04401114955544472,EXP_XGBModel_Alpha158_csi300_custom_step0_s_20260519_15,9957b559351d4c1f93212a6c32a03282,0.058,,,
1627,2026-05-19,SZ000596,0.008818968199193478,EXP_XGBModel_Alpha158_csi300_custom_step0_s_20260519_15,9957b559351d4c1f93212a6c32a03282,0.058,,,
1628,2026-05-19,SZ000568,-0.018973125144839287,EXP_XGBModel_Alpha158_csi300_custom_step0_s_20260519_15,9957b559351d4c1f93212a6c32a03282,0.058,,,
1629,2026-05-19,SZ000708,-0.02348179928958416,EXP_XGBModel_Alpha158_csi300_custom_step0_s_20260519_15,9957b559351d4c1f93212a6c32a03282,0.058,,,
1630,2026-05-19,SH688187,-0.07593610882759094,EXP_XGBModel_Alpha158_csi300_custom_step0_s_20260519_15,9957b559351d4c1f93212a6c32a03282,0.058,,,
1631,2026-05-19,SH688169,0.0701231136918068,EXP_XGBModel_Alpha158_csi300_custom_step0_s_20260519_15,9957b559351d4c1f93212a6c32a03282,0.058,,,
1632,2026-05-19,SH688126,0.026065463200211525,EXP_XGBModel_Alpha158_csi300_custom_step0_s_20260519_15,9957b559351d4c1f93212a6c32a03282,0.058,,,
1633,2026-05-19,SH603259,-0.0074629588052630424,EXP_XGBModel_Alpha158_csi300_custom_step0_s_20260519_15,9957b559351d4c1f93212a6c32a03282,0.058,,,
1634,2026-05-19,SH603195,0.02559826150536537,EXP_XGBModel_Alpha158_csi300_custom_step0_s_20260519_15,9957b559351d4c1f93212a6c32a03282,0.058,,,
1635,2026-05-19,SH603019,-0.02272275649011135,EXP_XGBModel_Alpha158_csi300_custom_step0_s_20260519_15,9957b559351d4c1f93212a6c32a03282,0.058,,,
1636,2026-05-19,SH601998,-0.01965991221368313,EXP_XGBModel_Alpha158_csi300_custom_step0_s_20260519_15,9957b559351d4c1f93212a6c32a03282,0.058,,,
1637,2026-05-19,SH601995,0.0106946537271142,EXP_XGBModel_Alpha158_csi300_custom_step0_s_20260519_15,9957b559351d4c1f93212a6c32a03282,0.058,,,
1638,2026-05-19,SH601988,-0.0233475212007761,EXP_XGBModel_Alpha158_csi300_custom_step0_s_20260519_15,9957b559351d4c1f93212a6c32a03282,0.058,,,
1639,2026-05-19,SH601985,0.020508242771029472,EXP_XGBModel_Alpha158_csi300_custom_step0_s_20260519_15,9957b559351d4c1f93212a6c32a03282,0.058,,,
1640,2026-05-19,SH603260,0.001390774268656969,EXP_XGBModel_Alpha158_csi300_custom_step0_s_20260519_15,9957b559351d4c1f93212a6c32a03282,0.058,,,
1641,2026-05-19,SH601939,0.0046737464144825935,EXP_XGBModel_Alpha158_csi300_custom_step0_s_20260519_15,9957b559351d4c1f93212a6c32a03282,0.058,,,
1642,2026-05-19,SH601916,-0.01665784791111946,EXP_XGBModel_Alpha158_csi300_custom_step0_s_20260519_15,9957b559351d4c1f93212a6c32a03282,0.058,,,
1643,2026-05-19,SH601901,-0.0026282232720404863,EXP_XGBModel_Alpha158_csi300_custom_step0_s_20260519_15,9957b559351d4c1f93212a6c32a03282,0.058,,,
1644,2026-05-19,SH601899,0.023832110688090324,EXP_XGBModel_Alpha158_csi300_custom_step0_s_20260519_15,9957b559351d4c1f93212a6c32a03282,0.058,,,
1645,2026-05-19,SH601898,-0.08883875608444214,EXP_XGBModel_Alpha158_csi300_custom_step0_s_20260519_15,9957b559351d4c1f93212a6c32a03282,0.058,,,
1646,2026-05-19,SH601888,0.029387297108769417,EXP_XGBModel_Alpha158_csi300_custom_step0_s_20260519_15,9957b559351d4c1f93212a6c32a03282,0.058,,,
1647,2026-05-19,SH601881,-0.01536374818533659,EXP_XGBModel_Alpha158_csi300_custom_step0_s_20260519_15,9957b559351d4c1f93212a6c32a03282,0.058,,,
1648,2026-05-19,SH601878,-0.001927533419802785,EXP_XGBModel_Alpha158_csi300_custom_step0_s_20260519_15,9957b559351d4c1f93212a6c32a03282,0.058,,,
1649,2026-05-19,SH601919,-0.038194846361875534,EXP_XGBModel_Alpha158_csi300_custom_step0_s_20260519_15,9957b559351d4c1f93212a6c32a03282,0.058,,,
1650,2026-05-19,SZ000895,-0.02734219655394554,EXP_XGBModel_Alpha158_csi300_custom_step0_s_20260519_15,9957b559351d4c1f93212a6c32a03282,0.058,,,
1651,2026-05-19,SH603288,0.004780878312885761,EXP_XGBModel_Alpha158_csi300_custom_step0_s_20260519_15,9957b559351d4c1f93212a6c32a03282,0.058,,,
1652,2026-05-19,SH603369,0.0195542611181736,EXP_XGBModel_Alpha158_csi300_custom_step0_s_20260519_15,9957b559351d4c1f93212a6c32a03282,0.058,,,
1653,2026-05-19,SH688111,0.011807742528617382,EXP_XGBModel_Alpha158_csi300_custom_step0_s_20260519_15,9957b559351d4c1f93212a6c32a03282,0.058,,,
1654,2026-05-19,SH688082,-0.08759695291519165,EXP_XGBModel_Alpha158_csi300_custom_step0_s_20260519_15,9957b559351d4c1f93212a6c32a03282,0.058,,,
1655,2026-05-19,SH688047,-0.5193095207214355,EXP_XGBModel_Alpha158_csi300_custom_step0_s_20260519_15,9957b559351d4c1f93212a6c32a03282,0.058,,,
1656,2026-05-19,SH688041,-0.2383297085762024,EXP_XGBModel_Alpha158_csi300_custom_step0_s_20260519_15,9957b559351d4c1f93212a6c32a03282,0.058,,,
1657,2026-05-19,SH688036,0.10695145279169083,EXP_XGBModel_Alpha158_csi300_custom_step0_s_20260519_15,9957b559351d4c1f93212a6c32a03282,0.058,,,
1658,2026-05-19,SH688012,0.12117049843072891,EXP_XGBModel_Alpha158_csi300_custom_step0_s_20260519_15,9957b559351d4c1f93212a6c32a03282,0.058,,,
1659,2026-05-19,SH688009,-0.013155900873243809,EXP_XGBModel_Alpha158_csi300_custom_step0_s_20260519_15,9957b559351d4c1f93212a6c32a03282,0.058,,,
1660,2026-05-19,SH603296,0.2915564775466919,EXP_XGBModel_Alpha158_csi300_custom_step0_s_20260519_15,9957b559351d4c1f93212a6c32a03282,0.058,,,
1661,2026-05-19,SH688008,-0.45231539011001587,EXP_XGBModel_Alpha158_csi300_custom_step0_s_20260519_15,9957b559351d4c1f93212a6c32a03282,0.058,,,
1662,2026-05-19,SH605117,0.21241970360279083,EXP_XGBModel_Alpha158_csi300_custom_step0_s_20260519_15,9957b559351d4c1f93212a6c32a03282,0.058,,,
1663,2026-05-19,SH603993,0.07058452069759369,EXP_XGBModel_Alpha158_csi300_custom_step0_s_20260519_15,9957b559351d4c1f93212a6c32a03282,0.058,,,
1664,2026-05-19,SH603986,0.28452345728874207,EXP_XGBModel_Alpha158_csi300_custom_step0_s_20260519_15,9957b559351d4c1f93212a6c32a03282,0.058,,,
1665,2026-05-19,SH603893,0.030256669968366623,EXP_XGBModel_Alpha158_csi300_custom_step0_s_20260519_15,9957b559351d4c1f93212a6c32a03282,0.058,,,
1666,2026-05-19,SH603799,-0.049661021679639816,EXP_XGBModel_Alpha158_csi300_custom_step0_s_20260519_15,9957b559351d4c1f93212a6c32a03282,0.058,,,
1667,2026-05-19,SH603501,0.049898941069841385,EXP_XGBModel_Alpha158_csi300_custom_step0_s_20260519_15,9957b559351d4c1f93212a6c32a03282,0.058,,,
1668,2026-05-19,SH603392,-0.01969321072101593,EXP_XGBModel_Alpha158_csi300_custom_step0_s_20260519_15,9957b559351d4c1f93212a6c32a03282,0.058,,,
1669,2026-05-19,SH605499,0.05316157266497612,EXP_XGBModel_Alpha158_csi300_custom_step0_s_20260519_15,9957b559351d4c1f93212a6c32a03282,0.058,,,
1670,2026-05-19,SZ000938,0.026025356724858284,EXP_XGBModel_Alpha158_csi300_custom_step0_s_20260519_15,9957b559351d4c1f93212a6c32a03282,0.058,,,
1671,2026-05-19,SZ000963,-0.00948404986411333,EXP_XGBModel_Alpha158_csi300_custom_step0_s_20260519_15,9957b559351d4c1f93212a6c32a03282,0.058,,,
1672,2026-05-19,SZ000975,0.10735870897769928,EXP_XGBModel_Alpha158_csi300_custom_step0_s_20260519_15,9957b559351d4c1f93212a6c32a03282,0.058,,,
1673,2026-05-19,SZ300408,0.1846216917037964,EXP_XGBModel_Alpha158_csi300_custom_step0_s_20260519_15,9957b559351d4c1f93212a6c32a03282,0.058,,,
1674,2026-05-19,SZ300394,0.07087060064077377,EXP_XGBModel_Alpha158_csi300_custom_step0_s_20260519_15,9957b559351d4c1f93212a6c32a03282,0.058,,,
1675,2026-05-19,SZ300347,0.5142325162887573,EXP_XGBModel_Alpha158_csi300_custom_step0_s_20260519_15,9957b559351d4c1f93212a6c32a03282,0.058,,,
1676,2026-05-19,SZ300316,-0.16647173464298248,EXP_XGBModel_Alpha158_csi300_custom_step0_s_20260519_15,9957b559351d4c1f93212a6c32a03282,0.058,,,
1677,2026-05-19,SZ300308,0.5239062309265137,EXP_XGBModel_Alpha158_csi300_custom_step0_s_20260519_15,9957b559351d4c1f93212a6c32a03282,0.058,,,
1678,2026-05-19,SZ300274,0.0829768255352974,EXP_XGBModel_Alpha158_csi300_custom_step0_s_20260519_15,9957b559351d4c1f93212a6c32a03282,0.058,,,
1679,2026-05-19,SZ300251,0.3256947696208954,EXP_XGBModel_Alpha158_csi300_custom_step0_s_20260519_15,9957b559351d4c1f93212a6c32a03282,0.058,,,
1680,2026-05-19,SZ300413,-0.03510995954275131,EXP_XGBModel_Alpha158_csi300_custom_step0_s_20260519_15,9957b559351d4c1f93212a6c32a03282,0.058,,,
1681,2026-05-19,SZ300124,-0.057432740926742554,EXP_XGBModel_Alpha158_csi300_custom_step0_s_20260519_15,9957b559351d4c1f93212a6c32a03282,0.058,,,
1682,2026-05-19,SZ300059,-0.014011149294674397,EXP_XGBModel_Alpha158_csi300_custom_step0_s_20260519_15,9957b559351d4c1f93212a6c32a03282,0.058,,,
1683,2026-05-19,SZ300033,-0.15725095570087433,EXP_XGBModel_Alpha158_csi300_custom_step0_s_20260519_15,9957b559351d4c1f93212a6c32a03282,0.058,,,
1684,2026-05-19,SZ300015,-0.011021950282156467,EXP_XGBModel_Alpha158_csi300_custom_step0_s_20260519_15,9957b559351d4c1f93212a6c32a03282,0.058,,,
1685,2026-05-19,SZ300014,-0.03873525559902191,EXP_XGBModel_Alpha158_csi300_custom_step0_s_20260519_15,9957b559351d4c1f93212a6c32a03282,0.058,,,
1686,2026-05-19,SZ003816,0.015478965826332569,EXP_XGBModel_Alpha158_csi300_custom_step0_s_20260519_15,9957b559351d4c1f93212a6c32a03282,0.058,,,
1687,2026-05-19,SZ002938,-0.29869887232780457,EXP_XGBModel_Alpha158_csi300_custom_step0_s_20260519_15,9957b559351d4c1f93212a6c32a03282,0.058,,,
1688,2026-05-19,SZ002920,-0.04111466556787491,EXP_XGBModel_Alpha158_csi300_custom_step0_s_20260519_15,9957b559351d4c1f93212a6c32a03282,0.058,,,
1689,2026-05-19,SZ300122,-0.019219310954213142,EXP_XGBModel_Alpha158_csi300_custom_step0_s_20260519_15,9957b559351d4c1f93212a6c32a03282,0.058,,,
1690,2026-05-19,SZ002916,0.23756450414657593,EXP_XGBModel_Alpha158_csi300_custom_step0_s_20260519_15,9957b559351d4c1f93212a6c32a03282,0.058,,,
1691,2026-05-19,SZ300418,-0.021944131702184677,EXP_XGBModel_Alpha158_csi300_custom_step0_s_20260519_15,9957b559351d4c1f93212a6c32a03282,0.058,,,
1692,2026-05-19,SZ300442,-0.03919193148612976,EXP_XGBModel_Alpha158_csi300_custom_step0_s_20260519_15,9957b559351d4c1f93212a6c32a03282,0.058,,,
1693,2026-05-19,SZ301236,0.023294899612665176,EXP_XGBModel_Alpha158_csi300_custom_step0_s_20260519_15,9957b559351d4c1f93212a6c32a03282,0.058,,,
1694,2026-05-19,SZ300999,-0.02530514821410179,EXP_XGBModel_Alpha158_csi300_custom_step0_s_20260519_15,9957b559351d4c1f93212a6c32a03282,0.058,,,
1695,2026-05-19,SZ300979,-0.04122563451528549,EXP_XGBModel_Alpha158_csi300_custom_step0_s_20260519_15,9957b559351d4c1f93212a6c32a03282,0.058,,,
1696,2026-05-19,SZ300896,0.06296207010746002,EXP_XGBModel_Alpha158_csi300_custom_step0_s_20260519_15,9957b559351d4c1f93212a6c32a03282,0.058,,,
1697,2026-05-19,SZ300866,0.09052286297082901,EXP_XGBModel_Alpha158_csi300_custom_step0_s_20260519_15,9957b559351d4c1f93212a6c32a03282,0.058,,,
1698,2026-05-19,SZ300832,-0.007849875837564468,EXP_XGBModel_Alpha158_csi300_custom_step0_s_20260519_15,9957b559351d4c1f93212a6c32a03282,0.058,,,
1699,2026-05-19,SZ300803,-0.0005749944248236716,EXP_XGBModel_Alpha158_csi300_custom_step0_s_20260519_15,9957b559351d4c1f93212a6c32a03282,0.058,,,
1700,2026-05-19,SZ300433,0.1887589395046234,EXP_XGBModel_Alpha158_csi300_custom_step0_s_20260519_15,9957b559351d4c1f93212a6c32a03282,0.058,,,
1701,2026-05-19,SZ300782,-0.04614333435893059,EXP_XGBModel_Alpha158_csi300_custom_step0_s_20260519_15,9957b559351d4c1f93212a6c32a03282,0.058,,,
1702,2026-05-19,SZ300759,0.0011304186191409826,EXP_XGBModel_Alpha158_csi300_custom_step0_s_20260519_15,9957b559351d4c1f93212a6c32a03282,0.058,,,
1703,2026-05-19,SZ300750,-0.02212335541844368,EXP_XGBModel_Alpha158_csi300_custom_step0_s_20260519_15,9957b559351d4c1f93212a6c32a03282,0.058,,,
1704,2026-05-19,SZ300661,0.13010093569755554,EXP_XGBModel_Alpha158_csi300_custom_step0_s_20260519_15,9957b559351d4c1f93212a6c32a03282,0.058,,,
1705,2026-05-19,SZ300628,-0.020674381405115128,EXP_XGBModel_Alpha158_csi300_custom_step0_s_20260519_15,9957b559351d4c1f93212a6c32a03282,0.058,,,
1706,2026-05-19,SZ300502,0.03160807490348816,EXP_XGBModel_Alpha158_csi300_custom_step0_s_20260519_15,9957b559351d4c1f93212a6c32a03282,0.058,,,
1707,2026-05-19,SZ300498,-0.010277028195559978,EXP_XGBModel_Alpha158_csi300_custom_step0_s_20260519_15,9957b559351d4c1f93212a6c32a03282,0.058,,,
1708,2026-05-19,SZ300476,-0.15445230901241302,EXP_XGBModel_Alpha158_csi300_custom_step0_s_20260519_15,9957b559351d4c1f93212a6c32a03282,0.058,,,
1709,2026-05-19,SZ300760,-0.006995753850787878,EXP_XGBModel_Alpha158_csi300_custom_step0_s_20260519_15,9957b559351d4c1f93212a6c32a03282,0.058,,,
1710,2026-05-19,SH601877,-0.031215162947773933,EXP_XGBModel_Alpha158_csi300_custom_step0_s_20260519_15,9957b559351d4c1f93212a6c32a03282,0.058,,,
1711,2026-05-19,SZ002736,-0.026966290548443794,EXP_XGBModel_Alpha158_csi300_custom_step0_s_20260519_15,9957b559351d4c1f93212a6c32a03282,0.058,,,
1712,2026-05-19,SZ002709,0.2911454439163208,EXP_XGBModel_Alpha158_csi300_custom_step0_s_20260519_15,9957b559351d4c1f93212a6c32a03282,0.058,,,
1713,2026-05-19,SZ002236,-0.009363673627376556,EXP_XGBModel_Alpha158_csi300_custom_step0_s_20260519_15,9957b559351d4c1f93212a6c32a03282,0.058,,,
1714,2026-05-19,SZ002230,0.0034331551287323236,EXP_XGBModel_Alpha158_csi300_custom_step0_s_20260519_15,9957b559351d4c1f93212a6c32a03282,0.058,,,
1715,2026-05-19,SZ002179,-0.02507025934755802,EXP_XGBModel_Alpha158_csi300_custom_step0_s_20260519_15,9957b559351d4c1f93212a6c32a03282,0.058,,,
1716,2026-05-19,SZ002142,-0.008076506666839123,EXP_XGBModel_Alpha158_csi300_custom_step0_s_20260519_15,9957b559351d4c1f93212a6c32a03282,0.058,,,
1717,2026-05-19,SZ002074,-0.024464139714837074,EXP_XGBModel_Alpha158_csi300_custom_step0_s_20260519_15,9957b559351d4c1f93212a6c32a03282,0.058,,,
1718,2026-05-19,SZ002050,-0.06379454582929611,EXP_XGBModel_Alpha158_csi300_custom_step0_s_20260519_15,9957b559351d4c1f93212a6c32a03282,0.058,,,
1719,2026-05-19,SZ002049,0.02594606950879097,EXP_XGBModel_Alpha158_csi300_custom_step0_s_20260519_15,9957b559351d4c1f93212a6c32a03282,0.058,,,
1720,2026-05-19,SZ002241,0.027257341891527176,EXP_XGBModel_Alpha158_csi300_custom_step0_s_20260519_15,9957b559351d4c1f93212a6c32a03282,0.058,,,
1721,2026-05-19,SZ002028,-0.08750467747449875,EXP_XGBModel_Alpha158_csi300_custom_step0_s_20260519_15,9957b559351d4c1f93212a6c32a03282,0.058,,,
1722,2026-05-19,SZ002001,0.045618463307619095,EXP_XGBModel_Alpha158_csi300_custom_step0_s_20260519_15,9957b559351d4c1f93212a6c32a03282,0.058,,,
1723,2026-05-19,SZ001979,-0.013914192095398903,EXP_XGBModel_Alpha158_csi300_custom_step0_s_20260519_15,9957b559351d4c1f93212a6c32a03282,0.058,,,
1724,2026-05-19,SZ001965,0.01474000234156847,EXP_XGBModel_Alpha158_csi300_custom_step0_s_20260519_15,9957b559351d4c1f93212a6c32a03282,0.058,,,
1725,2026-05-19,SZ001391,-0.024436768144369125,EXP_XGBModel_Alpha158_csi300_custom_step0_s_20260519_15,9957b559351d4c1f93212a6c32a03282,0.058,,,
1726,2026-05-19,SZ000999,-0.019064990803599358,EXP_XGBModel_Alpha158_csi300_custom_step0_s_20260519_15,9957b559351d4c1f93212a6c32a03282,0.058,,,
1727,2026-05-19,SZ000983,0.0060671912506222725,EXP_XGBModel_Alpha158_csi300_custom_step0_s_20260519_15,9957b559351d4c1f93212a6c32a03282,0.058,,,
1728,2026-05-19,SZ000977,-0.4414917230606079,EXP_XGBModel_Alpha158_csi300_custom_step0_s_20260519_15,9957b559351d4c1f93212a6c32a03282,0.058,,,
1729,2026-05-19,SZ002027,-0.05824001505970955,EXP_XGBModel_Alpha158_csi300_custom_step0_s_20260519_15,9957b559351d4c1f93212a6c32a03282,0.058,,,
1730,2026-05-19,SZ002714,-0.03514666482806206,EXP_XGBModel_Alpha158_csi300_custom_step0_s_20260519_15,9957b559351d4c1f93212a6c32a03282,0.058,,,
1731,2026-05-19,SZ002252,-0.03275509551167488,EXP_XGBModel_Alpha158_csi300_custom_step0_s_20260519_15,9957b559351d4c1f93212a6c32a03282,0.058,,,
1732,2026-05-19,SZ002311,-0.011726967059075832,EXP_XGBModel_Alpha158_csi300_custom_step0_s_20260519_15,9957b559351d4c1f93212a6c32a03282,0.058,,,
1733,2026-05-19,SZ002648,0.0065101198852062225,EXP_XGBModel_Alpha158_csi300_custom_step0_s_20260519_15,9957b559351d4c1f93212a6c32a03282,0.058,,,
1734,2026-05-19,SZ002625,-0.015453885309398174,EXP_XGBModel_Alpha158_csi300_custom_step0_s_20260519_15,9957b559351d4c1f93212a6c32a03282,0.058,,,
1735,2026-05-19,SZ002601,-0.046418216079473495,EXP_XGBModel_Alpha158_csi300_custom_step0_s_20260519_15,9957b559351d4c1f93212a6c32a03282,0.058,,,
1736,2026-05-19,SZ002600,0.171571284532547,EXP_XGBModel_Alpha158_csi300_custom_step0_s_20260519_15,9957b559351d4c1f93212a6c32a03282,0.058,,,
1737,2026-05-19,SZ002594,0.00582810677587986,EXP_XGBModel_Alpha158_csi300_custom_step0_s_20260519_15,9957b559351d4c1f93212a6c32a03282,0.058,,,
1738,2026-05-19,SZ002493,0.12550313770771027,EXP_XGBModel_Alpha158_csi300_custom_step0_s_20260519_15,9957b559351d4c1f93212a6c32a03282,0.058,,,
1739,2026-05-19,SZ002475,-0.0449475534260273,EXP_XGBModel_Alpha158_csi300_custom_step0_s_20260519_15,9957b559351d4c1f93212a6c32a03282,0.058,,,
1740,2026-05-19,SZ002304,-0.04367860406637192,EXP_XGBModel_Alpha158_csi300_custom_step0_s_20260519_15,9957b559351d4c1f93212a6c32a03282,0.058,,,
1741,2026-05-19,SZ002466,0.24153092503547668,EXP_XGBModel_Alpha158_csi300_custom_step0_s_20260519_15,9957b559351d4c1f93212a6c32a03282,0.058,,,
1742,2026-05-19,SZ002460,-0.010325921699404716,EXP_XGBModel_Alpha158_csi300_custom_step0_s_20260519_15,9957b559351d4c1f93212a6c32a03282,0.058,,,
1743,2026-05-19,SZ002459,-0.10926787555217743,EXP_XGBModel_Alpha158_csi300_custom_step0_s_20260519_15,9957b559351d4c1f93212a6c32a03282,0.058,,,
1744,2026-05-19,SZ002422,-0.051023565232753754,EXP_XGBModel_Alpha158_csi300_custom_step0_s_20260519_15,9957b559351d4c1f93212a6c32a03282,0.058,,,
1745,2026-05-19,SZ002415,-0.001636521890759468,EXP_XGBModel_Alpha158_csi300_custom_step0_s_20260519_15,9957b559351d4c1f93212a6c32a03282,0.058,,,
1746,2026-05-19,SZ002384,0.3471924364566803,EXP_XGBModel_Alpha158_csi300_custom_step0_s_20260519_15,9957b559351d4c1f93212a6c32a03282,0.058,,,
1747,2026-05-19,SZ002371,-0.0051976777613162994,EXP_XGBModel_Alpha158_csi300_custom_step0_s_20260519_15,9957b559351d4c1f93212a6c32a03282,0.058,,,
1748,2026-05-19,SZ002352,-0.02973814681172371,EXP_XGBModel_Alpha158_csi300_custom_step0_s_20260519_15,9957b559351d4c1f93212a6c32a03282,0.058,,,
1749,2026-05-19,SZ002463,-0.12425681948661804,EXP_XGBModel_Alpha158_csi300_custom_step0_s_20260519_15,9957b559351d4c1f93212a6c32a03282,0.058,,,
1750,2026-05-19,SH601872,-0.05951017886400223,EXP_XGBModel_Alpha158_csi300_custom_step0_s_20260519_15,9957b559351d4c1f93212a6c32a03282,0.058,,,
1751,2026-05-19,SH601868,-0.19642579555511475,EXP_XGBModel_Alpha158_csi300_custom_step0_s_20260519_15,9957b559351d4c1f93212a6c32a03282,0.058,,,
1752,2026-05-19,SH601857,-0.009116043336689472,EXP_XGBModel_Alpha158_csi300_custom_step0_s_20260519_15,9957b559351d4c1f93212a6c32a03282,0.058,,,
1753,2026-05-19,SH600346,0.03483336791396141,EXP_XGBModel_Alpha158_csi300_custom_step0_s_20260519_15,9957b559351d4c1f93212a6c32a03282,0.058,,,
1754,2026-05-19,SH600309,0.007565096952021122,EXP_XGBModel_Alpha158_csi300_custom_step0_s_20260519_15,9957b559351d4c1f93212a6c32a03282,0.058,,,
1755,2026-05-19,SH600276,-0.0669177770614624,EXP_XGBModel_Alpha158_csi300_custom_step0_s_20260519_15,9957b559351d4c1f93212a6c32a03282,0.058,,,
1756,2026-05-19,SH600233,-0.00732348021119833,EXP_XGBModel_Alpha158_csi300_custom_step0_s_20260519_15,9957b559351d4c1f93212a6c32a03282,0.058,,,
1757,2026-05-19,SH600219,-0.03726113587617874,EXP_XGBModel_Alpha158_csi300_custom_step0_s_20260519_15,9957b559351d4c1f93212a6c32a03282,0.058,,,
1758,2026-05-19,SH600196,-0.018459372222423553,EXP_XGBModel_Alpha158_csi300_custom_step0_s_20260519_15,9957b559351d4c1f93212a6c32a03282,0.058,,,
1759,2026-05-19,SH600188,-0.013885720632970333,EXP_XGBModel_Alpha158_csi300_custom_step0_s_20260519_15,9957b559351d4c1f93212a6c32a03282,0.058,,,
1760,2026-05-19,SH600362,0.29906773567199707,EXP_XGBModel_Alpha158_csi300_custom_step0_s_20260519_15,9957b559351d4c1f93212a6c32a03282,0.058,,,
1761,2026-05-19,SH600183,-0.23364178836345673,EXP_XGBModel_Alpha158_csi300_custom_step0_s_20260519_15,9957b559351d4c1f93212a6c32a03282,0.058,,,
1762,2026-05-19,SH600161,-0.03627318516373634,EXP_XGBModel_Alpha158_csi300_custom_step0_s_20260519_15,9957b559351d4c1f93212a6c32a03282,0.058,,,
1763,2026-05-19,SH600160,0.08028598874807358,EXP_XGBModel_Alpha158_csi300_custom_step0_s_20260519_15,9957b559351d4c1f93212a6c32a03282,0.058,,,
1764,2026-05-19,SH600150,0.046245891600847244,EXP_XGBModel_Alpha158_csi300_custom_step0_s_20260519_15,9957b559351d4c1f93212a6c32a03282,0.058,,,
1765,2026-05-19,SH600115,-0.06412645429372787,EXP_XGBModel_Alpha158_csi300_custom_step0_s_20260519_15,9957b559351d4c1f93212a6c32a03282,0.058,,,
1766,2026-05-19,SH600111,-0.007037261500954628,EXP_XGBModel_Alpha158_csi300_custom_step0_s_20260519_15,9957b559351d4c1f93212a6c32a03282,0.058,,,
1767,2026-05-19,SH600104,-0.04070563241839409,EXP_XGBModel_Alpha158_csi300_custom_step0_s_20260519_15,9957b559351d4c1f93212a6c32a03282,0.058,,,
1768,2026-05-19,SH600089,-0.005804874002933502,EXP_XGBModel_Alpha158_csi300_custom_step0_s_20260519_15,9957b559351d4c1f93212a6c32a03282,0.058,,,
1769,2026-05-19,SH600176,-0.43682390451431274,EXP_XGBModel_Alpha158_csi300_custom_step0_s_20260519_15,9957b559351d4c1f93212a6c32a03282,0.058,,,
1770,2026-05-19,SH600085,-0.03588877618312836,EXP_XGBModel_Alpha158_csi300_custom_step0_s_20260519_15,9957b559351d4c1f93212a6c32a03282,0.058,,,
1771,2026-05-19,SH600372,-0.08168326318264008,EXP_XGBModel_Alpha158_csi300_custom_step0_s_20260519_15,9957b559351d4c1f93212a6c32a03282,0.058,,,
1772,2026-05-19,SH600406,-0.010990908369421959,EXP_XGBModel_Alpha158_csi300_custom_step0_s_20260519_15,9957b559351d4c1f93212a6c32a03282,0.058,,,
1773,2026-05-19,SH600600,-0.012517283670604229,EXP_XGBModel_Alpha158_csi300_custom_step0_s_20260519_15,9957b559351d4c1f93212a6c32a03282,0.058,,,
1774,2026-05-19,SH600588,-0.0374162420630455,EXP_XGBModel_Alpha158_csi300_custom_step0_s_20260519_15,9957b559351d4c1f93212a6c32a03282,0.058,,,
1775,2026-05-19,SH600585,-0.0667131245136261,EXP_XGBModel_Alpha158_csi300_custom_step0_s_20260519_15,9957b559351d4c1f93212a6c32a03282,0.058,,,
1776,2026-05-19,SH600584,0.22278505563735962,EXP_XGBModel_Alpha158_csi300_custom_step0_s_20260519_15,9957b559351d4c1f93212a6c32a03282,0.058,,,
1777,2026-05-19,SH600570,0.007131722290068865,EXP_XGBModel_Alpha158_csi300_custom_step0_s_20260519_15,9957b559351d4c1f93212a6c32a03282,0.058,,,
1778,2026-05-19,SH600547,-0.026722900569438934,EXP_XGBModel_Alpha158_csi300_custom_step0_s_20260519_15,9957b559351d4c1f93212a6c32a03282,0.058,,,
1779,2026-05-19,SH600522,-0.10313961654901505,EXP_XGBModel_Alpha158_csi300_custom_step0_s_20260519_15,9957b559351d4c1f93212a6c32a03282,0.058,,,
1780,2026-05-19,SH600377,0.0167758259922266,EXP_XGBModel_Alpha158_csi300_custom_step0_s_20260519_15,9957b559351d4c1f93212a6c32a03282,0.058,,,
1781,2026-05-19,SH600519,-0.05289466679096222,EXP_XGBModel_Alpha158_csi300_custom_step0_s_20260519_15,9957b559351d4c1f93212a6c32a03282,0.058,,,
1782,2026-05-19,SH600489,0.037626173347234726,EXP_XGBModel_Alpha158_csi300_custom_step0_s_20260519_15,9957b559351d4c1f93212a6c32a03282,0.058,,,
1783,2026-05-19,SH600482,-0.4578661024570465,EXP_XGBModel_Alpha158_csi300_custom_step0_s_20260519_15,9957b559351d4c1f93212a6c32a03282,0.058,,,
1784,2026-05-19,SH600460,0.08251692354679108,EXP_XGBModel_Alpha158_csi300_custom_step0_s_20260519_15,9957b559351d4c1f93212a6c32a03282,0.058,,,
1785,2026-05-19,SH600438,-0.07914435863494873,EXP_XGBModel_Alpha158_csi300_custom_step0_s_20260519_15,9957b559351d4c1f93212a6c32a03282,0.058,,,
1786,2026-05-19,SH600436,-0.01400913204997778,EXP_XGBModel_Alpha158_csi300_custom_step0_s_20260519_15,9957b559351d4c1f93212a6c32a03282,0.058,,,
1787,2026-05-19,SH600426,0.11930408328771591,EXP_XGBModel_Alpha158_csi300_custom_step0_s_20260519_15,9957b559351d4c1f93212a6c32a03282,0.058,,,
1788,2026-05-19,SH600415,0.07835078239440918,EXP_XGBModel_Alpha158_csi300_custom_step0_s_20260519_15,9957b559351d4c1f93212a6c32a03282,0.058,,,
1789,2026-05-19,SH600515,-0.0566101148724556,EXP_XGBModel_Alpha158_csi300_custom_step0_s_20260519_15,9957b559351d4c1f93212a6c32a03282,0.058,,,
1790,2026-05-19,SH600660,-0.025724750012159348,EXP_XGBModel_Alpha158_csi300_custom_step0_s_20260519_15,9957b559351d4c1f93212a6c32a03282,0.058,,,
1791,2026-05-19,SH600066,0.021812478080391884,EXP_XGBModel_Alpha158_csi300_custom_step0_s_20260519_15,9957b559351d4c1f93212a6c32a03282,0.058,,,
1792,2026-05-19,SH600050,0.011677257716655731,EXP_XGBModel_Alpha158_csi300_custom_step0_s_20260519_15,9957b559351d4c1f93212a6c32a03282,0.058,,,
1793,2026-05-19,SZ301269,-0.028870273381471634,EXP_XGBModel_Alpha158_csi300_custom_step0_s_20260519_15,e328bccdfaff4e1093ad3b33b5dc6ed7,0.044,,,
1794,2026-05-19,SZ301236,-0.012325955554842949,EXP_XGBModel_Alpha158_csi300_custom_step0_s_20260519_15,e328bccdfaff4e1093ad3b33b5dc6ed7,0.044,,,
1795,2026-05-19,SZ300999,-0.020212601870298386,EXP_XGBModel_Alpha158_csi300_custom_step0_s_20260519_15,e328bccdfaff4e1093ad3b33b5dc6ed7,0.044,,,
1796,2026-05-19,SZ300979,0.013242949731647968,EXP_XGBModel_Alpha158_csi300_custom_step0_s_20260519_15,e328bccdfaff4e1093ad3b33b5dc6ed7,0.044,,,
1797,2026-05-19,SZ300896,-0.039282556623220444,EXP_XGBModel_Alpha158_csi300_custom_step0_s_20260519_15,e328bccdfaff4e1093ad3b33b5dc6ed7,0.044,,,
1798,2026-05-19,SZ300866,-0.04807520657777786,EXP_XGBModel_Alpha158_csi300_custom_step0_s_20260519_15,e328bccdfaff4e1093ad3b33b5dc6ed7,0.044,,,
1799,2026-05-19,SZ300832,-0.03296896070241928,EXP_XGBModel_Alpha158_csi300_custom_step0_s_20260519_15,e328bccdfaff4e1093ad3b33b5dc6ed7,0.044,,,
1800,2026-05-19,SZ302132,-0.0933651551604271,EXP_XGBModel_Alpha158_csi300_custom_step0_s_20260519_15,e328bccdfaff4e1093ad3b33b5dc6ed7,0.044,,,
1801,2026-05-19,SZ300803,-0.1618034541606903,EXP_XGBModel_Alpha158_csi300_custom_step0_s_20260519_15,e328bccdfaff4e1093ad3b33b5dc6ed7,0.044,,,
1802,2026-05-19,SZ300760,-0.03112265095114708,EXP_XGBModel_Alpha158_csi300_custom_step0_s_20260519_15,e328bccdfaff4e1093ad3b33b5dc6ed7,0.044,,,
1803,2026-05-19,SZ300759,-0.027997205033898354,EXP_XGBModel_Alpha158_csi300_custom_step0_s_20260519_15,e328bccdfaff4e1093ad3b33b5dc6ed7,0.044,,,
1804,2026-05-19,SZ300750,-0.031160488724708557,EXP_XGBModel_Alpha158_csi300_custom_step0_s_20260519_15,e328bccdfaff4e1093ad3b33b5dc6ed7,0.044,,,
1805,2026-05-19,SZ300661,-0.26794058084487915,EXP_XGBModel_Alpha158_csi300_custom_step0_s_20260519_15,e328bccdfaff4e1093ad3b33b5dc6ed7,0.044,,,
1806,2026-05-19,SZ300628,-0.03807849809527397,EXP_XGBModel_Alpha158_csi300_custom_step0_s_20260519_15,e328bccdfaff4e1093ad3b33b5dc6ed7,0.044,,,
1807,2026-05-19,SZ300502,0.08091066032648087,EXP_XGBModel_Alpha158_csi300_custom_step0_s_20260519_15,e328bccdfaff4e1093ad3b33b5dc6ed7,0.044,,,
1808,2026-05-19,SZ300498,-0.008359542116522789,EXP_XGBModel_Alpha158_csi300_custom_step0_s_20260519_15,e328bccdfaff4e1093ad3b33b5dc6ed7,0.044,,,
1809,2026-05-19,SZ300782,-0.2811349928379059,EXP_XGBModel_Alpha158_csi300_custom_step0_s_20260519_15,e328bccdfaff4e1093ad3b33b5dc6ed7,0.044,,,
1810,2026-05-19,SH600061,0.06315530836582184,EXP_XGBModel_Alpha158_csi300_custom_step0_s_20260519_15,9957b559351d4c1f93212a6c32a03282,0.058,,,
1811,2026-05-19,SH600000,-0.05535713955760002,EXP_XGBModel_Alpha158_csi300_custom_step0_s_20260519_15,9957b559351d4c1f93212a6c32a03282,0.058,,,
1812,2026-05-19,SH600010,-0.008329356089234352,EXP_XGBModel_Alpha158_csi300_custom_step0_s_20260519_15,9957b559351d4c1f93212a6c32a03282,0.058,,,
1813,2026-05-19,SH600048,-0.006206563673913479,EXP_XGBModel_Alpha158_csi300_custom_step0_s_20260519_15,9957b559351d4c1f93212a6c32a03282,0.058,,,
1814,2026-05-19,SH600039,-0.018972311168909073,EXP_XGBModel_Alpha158_csi300_custom_step0_s_20260519_15,9957b559351d4c1f93212a6c32a03282,0.058,,,
1815,2026-05-19,SH600036,-0.01621546410024166,EXP_XGBModel_Alpha158_csi300_custom_step0_s_20260519_15,9957b559351d4c1f93212a6c32a03282,0.058,,,
1816,2026-05-19,SH600031,-0.022466197609901428,EXP_XGBModel_Alpha158_csi300_custom_step0_s_20260519_15,9957b559351d4c1f93212a6c32a03282,0.058,,,
1817,2026-05-19,SH600030,0.01565501093864441,EXP_XGBModel_Alpha158_csi300_custom_step0_s_20260519_15,9957b559351d4c1f93212a6c32a03282,0.058,,,
1818,2026-05-19,SH600029,-0.0024709259159862995,EXP_XGBModel_Alpha158_csi300_custom_step0_s_20260519_15,9957b559351d4c1f93212a6c32a03282,0.058,,,
1819,2026-05-19,SH600028,-0.0502660796046257,EXP_XGBModel_Alpha158_csi300_custom_step0_s_20260519_15,9957b559351d4c1f93212a6c32a03282,0.058,,,
1820,2026-05-19,SH600009,-0.05832185223698616,EXP_XGBModel_Alpha158_csi300_custom_step0_s_20260519_15,9957b559351d4c1f93212a6c32a03282,0.058,,,
1821,2026-05-19,SH600027,0.1668931096792221,EXP_XGBModel_Alpha158_csi300_custom_step0_s_20260519_15,9957b559351d4c1f93212a6c32a03282,0.058,,,
1822,2026-05-19,SH600025,-0.003605855628848076,EXP_XGBModel_Alpha158_csi300_custom_step0_s_20260519_15,9957b559351d4c1f93212a6c32a03282,0.058,,,
1823,2026-05-19,SH600023,-0.05396139621734619,EXP_XGBModel_Alpha158_csi300_custom_step0_s_20260519_15,9957b559351d4c1f93212a6c32a03282,0.058,,,
1824,2026-05-19,SH600019,-0.049802038818597794,EXP_XGBModel_Alpha158_csi300_custom_step0_s_20260519_15,9957b559351d4c1f93212a6c32a03282,0.058,,,
1825,2026-05-19,SH600018,0.011231842450797558,EXP_XGBModel_Alpha158_csi300_custom_step0_s_20260519_15,9957b559351d4c1f93212a6c32a03282,0.058,,,
1826,2026-05-19,SH600016,-0.04388268291950226,EXP_XGBModel_Alpha158_csi300_custom_step0_s_20260519_15,9957b559351d4c1f93212a6c32a03282,0.058,,,
1827,2026-05-19,SH600015,-0.02748236060142517,EXP_XGBModel_Alpha158_csi300_custom_step0_s_20260519_15,9957b559351d4c1f93212a6c32a03282,0.058,,,
1828,2026-05-19,SH600011,0.06093034893274307,EXP_XGBModel_Alpha158_csi300_custom_step0_s_20260519_15,9957b559351d4c1f93212a6c32a03282,0.058,,,
1829,2026-05-19,SH600026,-0.007162720430642366,EXP_XGBModel_Alpha158_csi300_custom_step0_s_20260519_15,9957b559351d4c1f93212a6c32a03282,0.058,,,
1830,2026-05-19,SZ003816,0.11531791090965271,EXP_LinearModel_Alpha158_csi300_custom_step0_s_20260519_15,3aee3b5fb9d44d4c8db33ad1f579be47,0.09,,,
1831,2026-05-19,SH600674,0.038709137588739395,EXP_XGBModel_Alpha158_csi300_custom_step0_s_20260519_15,9957b559351d4c1f93212a6c32a03282,0.058,,,
1832,2026-05-19,SH600741,-0.017438389360904694,EXP_XGBModel_Alpha158_csi300_custom_step0_s_20260519_15,9957b559351d4c1f93212a6c32a03282,0.058,,,
1833,2026-05-19,SH601600,-0.036539580672979355,EXP_XGBModel_Alpha158_csi300_custom_step0_s_20260519_15,9957b559351d4c1f93212a6c32a03282,0.058,,,
1834,2026-05-19,SH601456,-0.0038321453612297773,EXP_XGBModel_Alpha158_csi300_custom_step0_s_20260519_15,9957b559351d4c1f93212a6c32a03282,0.058,,,
1835,2026-05-19,SH601398,-0.02208339050412178,EXP_XGBModel_Alpha158_csi300_custom_step0_s_20260519_15,9957b559351d4c1f93212a6c32a03282,0.058,,,
1836,2026-05-19,SH601390,-0.02727680839598179,EXP_XGBModel_Alpha158_csi300_custom_step0_s_20260519_15,9957b559351d4c1f93212a6c32a03282,0.058,,,
1837,2026-05-19,SH601377,0.012326042167842388,EXP_XGBModel_Alpha158_csi300_custom_step0_s_20260519_15,9957b559351d4c1f93212a6c32a03282,0.058,,,
1838,2026-05-19,SH601360,0.01938510313630104,EXP_XGBModel_Alpha158_csi300_custom_step0_s_20260519_15,9957b559351d4c1f93212a6c32a03282,0.058,,,
1839,2026-05-19,SH601336,0.07135046273469925,EXP_XGBModel_Alpha158_csi300_custom_step0_s_20260519_15,9957b559351d4c1f93212a6c32a03282,0.058,,,
1840,2026-05-19,SH601601,-0.03821950405836105,EXP_XGBModel_Alpha158_csi300_custom_step0_s_20260519_15,9957b559351d4c1f93212a6c32a03282,0.058,,,
1841,2026-05-19,SH601328,-0.04465419799089432,EXP_XGBModel_Alpha158_csi300_custom_step0_s_20260519_15,9957b559351d4c1f93212a6c32a03282,0.058,,,
1842,2026-05-19,SH601318,-0.06485168635845184,EXP_XGBModel_Alpha158_csi300_custom_step0_s_20260519_15,9957b559351d4c1f93212a6c32a03282,0.058,,,
1843,2026-05-19,SH601298,0.011971193365752697,EXP_XGBModel_Alpha158_csi300_custom_step0_s_20260519_15,9957b559351d4c1f93212a6c32a03282,0.058,,,
1844,2026-05-19,SH601288,-0.02931659296154976,EXP_XGBModel_Alpha158_csi300_custom_step0_s_20260519_15,9957b559351d4c1f93212a6c32a03282,0.058,,,
1845,2026-05-19,SH601238,-0.047888923436403275,EXP_XGBModel_Alpha158_csi300_custom_step0_s_20260519_15,9957b559351d4c1f93212a6c32a03282,0.058,,,
1846,2026-05-19,SH601236,-0.03555343300104141,EXP_XGBModel_Alpha158_csi300_custom_step0_s_20260519_15,9957b559351d4c1f93212a6c32a03282,0.058,,,
1847,2026-05-19,SH601229,-0.043900713324546814,EXP_XGBModel_Alpha158_csi300_custom_step0_s_20260519_15,9957b559351d4c1f93212a6c32a03282,0.058,,,
1848,2026-05-19,SH601225,-0.018111761659383774,EXP_XGBModel_Alpha158_csi300_custom_step0_s_20260519_15,9957b559351d4c1f93212a6c32a03282,0.058,,,
1849,2026-05-19,SH601319,-0.03879616782069206,EXP_XGBModel_Alpha158_csi300_custom_step0_s_20260519_15,9957b559351d4c1f93212a6c32a03282,0.058,,,
1850,2026-05-19,SH601211,-0.0532977320253849,EXP_XGBModel_Alpha158_csi300_custom_step0_s_20260519_15,9957b559351d4c1f93212a6c32a03282,0.058,,,
1851,2026-05-19,SH601607,-0.01382156927138567,EXP_XGBModel_Alpha158_csi300_custom_step0_s_20260519_15,9957b559351d4c1f93212a6c32a03282,0.058,,,
1852,2026-05-19,SH601628,-0.030474834144115448,EXP_XGBModel_Alpha158_csi300_custom_step0_s_20260519_15,9957b559351d4c1f93212a6c32a03282,0.058,,,
1853,2026-05-19,SH601838,0.014481418766081333,EXP_XGBModel_Alpha158_csi300_custom_step0_s_20260519_15,9957b559351d4c1f93212a6c32a03282,0.058,,,
1854,2026-05-19,SH601825,-0.023018356412649155,EXP_XGBModel_Alpha158_csi300_custom_step0_s_20260519_15,9957b559351d4c1f93212a6c32a03282,0.058,,,
1855,2026-05-19,SH601818,-0.042744141072034836,EXP_XGBModel_Alpha158_csi300_custom_step0_s_20260519_15,9957b559351d4c1f93212a6c32a03282,0.058,,,
1856,2026-05-19,SH601816,-0.04242211580276489,EXP_XGBModel_Alpha158_csi300_custom_step0_s_20260519_15,9957b559351d4c1f93212a6c32a03282,0.058,,,
1857,2026-05-19,SH601808,-0.008593563921749592,EXP_XGBModel_Alpha158_csi300_custom_step0_s_20260519_15,9957b559351d4c1f93212a6c32a03282,0.058,,,
1858,2026-05-19,SH601800,-0.05706444010138512,EXP_XGBModel_Alpha158_csi300_custom_step0_s_20260519_15,9957b559351d4c1f93212a6c32a03282,0.058,,,
1859,2026-05-19,SH601788,-0.027098435908555984,EXP_XGBModel_Alpha158_csi300_custom_step0_s_20260519_15,9957b559351d4c1f93212a6c32a03282,0.058,,,
1860,2026-05-19,SH601618,-0.027545055374503136,EXP_XGBModel_Alpha158_csi300_custom_step0_s_20260519_15,9957b559351d4c1f93212a6c32a03282,0.058,,,
1861,2026-05-19,SH601766,-0.06984734535217285,EXP_XGBModel_Alpha158_csi300_custom_step0_s_20260519_15,9957b559351d4c1f93212a6c32a03282,0.058,,,
1862,2026-05-19,SH601698,0.06897549331188202,EXP_XGBModel_Alpha158_csi300_custom_step0_s_20260519_15,9957b559351d4c1f93212a6c32a03282,0.058,,,
1863,2026-05-19,SH601689,0.019032565876841545,EXP_XGBModel_Alpha158_csi300_custom_step0_s_20260519_15,9957b559351d4c1f93212a6c32a03282,0.058,,,
1864,2026-05-19,SH601688,-0.011801890097558498,EXP_XGBModel_Alpha158_csi300_custom_step0_s_20260519_15,9957b559351d4c1f93212a6c32a03282,0.058,,,
1865,2026-05-19,SH601669,0.001234857365489006,EXP_XGBModel_Alpha158_csi300_custom_step0_s_20260519_15,9957b559351d4c1f93212a6c32a03282,0.058,,,
1866,2026-05-19,SH601668,-0.029861291870474815,EXP_XGBModel_Alpha158_csi300_custom_step0_s_20260519_15,9957b559351d4c1f93212a6c32a03282,0.058,,,
1867,2026-05-19,SH601658,-0.029581343755126,EXP_XGBModel_Alpha158_csi300_custom_step0_s_20260519_15,9957b559351d4c1f93212a6c32a03282,0.058,,,
1868,2026-05-19,SH601633,-0.01325905229896307,EXP_XGBModel_Alpha158_csi300_custom_step0_s_20260519_15,9957b559351d4c1f93212a6c32a03282,0.058,,,
1869,2026-05-19,SH601728,-0.00929257832467556,EXP_XGBModel_Alpha158_csi300_custom_step0_s_20260519_15,9957b559351d4c1f93212a6c32a03282,0.058,,,
1870,2026-05-19,SH600690,-0.012554125860333443,EXP_XGBModel_Alpha158_csi300_custom_step0_s_20260519_15,9957b559351d4c1f93212a6c32a03282,0.058,,,
1871,2026-05-19,SH601186,-0.026086224243044853,EXP_XGBModel_Alpha158_csi300_custom_step0_s_20260519_15,9957b559351d4c1f93212a6c32a03282,0.058,,,
1872,2026-05-19,SH601166,-0.05440499261021614,EXP_XGBModel_Alpha158_csi300_custom_step0_s_20260519_15,9957b559351d4c1f93212a6c32a03282,0.058,,,
1873,2026-05-19,SH600938,-0.00444613816216588,EXP_XGBModel_Alpha158_csi300_custom_step0_s_20260519_15,9957b559351d4c1f93212a6c32a03282,0.058,,,
1874,2026-05-19,SH600930,0.0043059284798800945,EXP_XGBModel_Alpha158_csi300_custom_step0_s_20260519_15,9957b559351d4c1f93212a6c32a03282,0.058,,,
1875,2026-05-19,SH600926,-0.040676578879356384,EXP_XGBModel_Alpha158_csi300_custom_step0_s_20260519_15,9957b559351d4c1f93212a6c32a03282,0.058,,,
1876,2026-05-19,SH600919,-0.0014730000402778387,EXP_XGBModel_Alpha158_csi300_custom_step0_s_20260519_15,9957b559351d4c1f93212a6c32a03282,0.058,,,
1877,2026-05-19,SH600918,-0.030772021040320396,EXP_XGBModel_Alpha158_csi300_custom_step0_s_20260519_15,9957b559351d4c1f93212a6c32a03282,0.058,,,
1878,2026-05-19,SH600905,0.0054357899352908134,EXP_XGBModel_Alpha158_csi300_custom_step0_s_20260519_15,9957b559351d4c1f93212a6c32a03282,0.058,,,
1879,2026-05-19,SH600900,0.003282946301624179,EXP_XGBModel_Alpha158_csi300_custom_step0_s_20260519_15,9957b559351d4c1f93212a6c32a03282,0.058,,,
1880,2026-05-19,SH600941,0.014681094326078892,EXP_XGBModel_Alpha158_csi300_custom_step0_s_20260519_15,9957b559351d4c1f93212a6c32a03282,0.058,,,
1881,2026-05-19,SH600893,-0.11724203079938889,EXP_XGBModel_Alpha158_csi300_custom_step0_s_20260519_15,9957b559351d4c1f93212a6c32a03282,0.058,,,
1882,2026-05-19,SH600886,-0.0277547650039196,EXP_XGBModel_Alpha158_csi300_custom_step0_s_20260519_15,9957b559351d4c1f93212a6c32a03282,0.058,,,
1883,2026-05-19,SH600875,-0.047041114419698715,EXP_XGBModel_Alpha158_csi300_custom_step0_s_20260519_15,9957b559351d4c1f93212a6c32a03282,0.058,,,
1884,2026-05-19,SH600845,0.018849104642868042,EXP_XGBModel_Alpha158_csi300_custom_step0_s_20260519_15,9957b559351d4c1f93212a6c32a03282,0.058,,,
1885,2026-05-19,SH600809,0.031062902882695198,EXP_XGBModel_Alpha158_csi300_custom_step0_s_20260519_15,9957b559351d4c1f93212a6c32a03282,0.058,,,
1886,2026-05-19,SH600803,-0.026067273691296577,EXP_XGBModel_Alpha158_csi300_custom_step0_s_20260519_15,9957b559351d4c1f93212a6c32a03282,0.058,,,
1887,2026-05-19,SH600795,0.027555329725146294,EXP_XGBModel_Alpha158_csi300_custom_step0_s_20260519_15,9957b559351d4c1f93212a6c32a03282,0.058,,,
1888,2026-05-19,SH600760,-0.019285166636109352,EXP_XGBModel_Alpha158_csi300_custom_step0_s_20260519_15,9957b559351d4c1f93212a6c32a03282,0.058,,,
1889,2026-05-19,SH600887,0.015359627082943916,EXP_XGBModel_Alpha158_csi300_custom_step0_s_20260519_15,9957b559351d4c1f93212a6c32a03282,0.058,,,
1890,2026-05-19,SH601169,-0.046970296651124954,EXP_XGBModel_Alpha158_csi300_custom_step0_s_20260519_15,9957b559351d4c1f93212a6c32a03282,0.058,,,
1891,2026-05-19,SH600958,-0.011088874191045761,EXP_XGBModel_Alpha158_csi300_custom_step0_s_20260519_15,9957b559351d4c1f93212a6c32a03282,0.058,,,
1892,2026-05-19,SH600999,0.016835372895002365,EXP_XGBModel_Alpha158_csi300_custom_step0_s_20260519_15,9957b559351d4c1f93212a6c32a03282,0.058,,,
1893,2026-05-19,SH601138,0.07499948889017105,EXP_XGBModel_Alpha158_csi300_custom_step0_s_20260519_15,9957b559351d4c1f93212a6c32a03282,0.058,,,
1894,2026-05-19,SH601136,-0.014747164212167263,EXP_XGBModel_Alpha158_csi300_custom_step0_s_20260519_15,9957b559351d4c1f93212a6c32a03282,0.058,,,
1895,2026-05-19,SH601127,-0.03033982776105404,EXP_XGBModel_Alpha158_csi300_custom_step0_s_20260519_15,9957b559351d4c1f93212a6c32a03282,0.058,,,
1896,2026-05-19,SH601117,-0.0011699202004820108,EXP_XGBModel_Alpha158_csi300_custom_step0_s_20260519_15,9957b559351d4c1f93212a6c32a03282,0.058,,,
1897,2026-05-19,SH601111,0.22524379193782806,EXP_XGBModel_Alpha158_csi300_custom_step0_s_20260519_15,9957b559351d4c1f93212a6c32a03282,0.058,,,
1898,2026-05-19,SH601100,-0.04093322157859802,EXP_XGBModel_Alpha158_csi300_custom_step0_s_20260519_15,9957b559351d4c1f93212a6c32a03282,0.058,,,
1899,2026-05-19,SH601088,-0.013704543001949787,EXP_XGBModel_Alpha158_csi300_custom_step0_s_20260519_15,9957b559351d4c1f93212a6c32a03282,0.058,,,
1900,2026-05-19,SH600989,-0.018476851284503937,EXP_XGBModel_Alpha158_csi300_custom_step0_s_20260519_15,9957b559351d4c1f93212a6c32a03282,0.058,,,
1901,2026-05-19,SH601077,-0.030778666958212852,EXP_XGBModel_Alpha158_csi300_custom_step0_s_20260519_15,9957b559351d4c1f93212a6c32a03282,0.058,,,
1902,2026-05-19,SH601059,0.014682701788842678,EXP_XGBModel_Alpha158_csi300_custom_step0_s_20260519_15,9957b559351d4c1f93212a6c32a03282,0.058,,,
1903,2026-05-19,SH601058,-0.02200409211218357,EXP_XGBModel_Alpha158_csi300_custom_step0_s_20260519_15,9957b559351d4c1f93212a6c32a03282,0.058,,,
1904,2026-05-19,SH601021,-0.02212386392056942,EXP_XGBModel_Alpha158_csi300_custom_step0_s_20260519_15,9957b559351d4c1f93212a6c32a03282,0.058,,,
1905,2026-05-19,SH601018,-0.03172851726412773,EXP_XGBModel_Alpha158_csi300_custom_step0_s_20260519_15,9957b559351d4c1f93212a6c32a03282,0.058,,,
1906,2026-05-19,SH601012,0.019186444580554962,EXP_XGBModel_Alpha158_csi300_custom_step0_s_20260519_15,9957b559351d4c1f93212a6c32a03282,0.058,,,
1907,2026-05-19,SH601009,-0.010928786359727383,EXP_XGBModel_Alpha158_csi300_custom_step0_s_20260519_15,9957b559351d4c1f93212a6c32a03282,0.058,,,
1908,2026-05-19,SH601006,0.005015166010707617,EXP_XGBModel_Alpha158_csi300_custom_step0_s_20260519_15,9957b559351d4c1f93212a6c32a03282,0.058,,,
1909,2026-05-19,SH601066,0.022977279499173164,EXP_XGBModel_Alpha158_csi300_custom_step0_s_20260519_15,9957b559351d4c1f93212a6c32a03282,0.058,,,
1910,2026-05-19,SZ002938,0.10787691175937653,EXP_LinearModel_Alpha158_csi300_custom_step0_s_20260519_15,3aee3b5fb9d44d4c8db33ad1f579be47,0.09,,,
1911,2026-05-19,SZ002920,-0.1296297162771225,EXP_LinearModel_Alpha158_csi300_custom_step0_s_20260519_15,3aee3b5fb9d44d4c8db33ad1f579be47,0.09,,,
1912,2026-05-19,SZ002916,0.14505138993263245,EXP_LinearModel_Alpha158_csi300_custom_step0_s_20260519_15,3aee3b5fb9d44d4c8db33ad1f579be47,0.09,,,
1913,2026-05-19,SH601872,0.03791038319468498,EXP_LinearModel_Alpha158_csi300_custom_step0_s_20260519_15,86f7dc09bf6e4a0aaf85612cf84a155f,0.037,,,
1914,2026-05-19,SH601868,0.04001758247613907,EXP_LinearModel_Alpha158_csi300_custom_step0_s_20260519_15,86f7dc09bf6e4a0aaf85612cf84a155f,0.037,,,
1915,2026-05-19,SH601857,0.07404595613479614,EXP_LinearModel_Alpha158_csi300_custom_step0_s_20260519_15,86f7dc09bf6e4a0aaf85612cf84a155f,0.037,,,
1916,2026-05-19,SH601838,0.03923983871936798,EXP_LinearModel_Alpha158_csi300_custom_step0_s_20260519_15,86f7dc09bf6e4a0aaf85612cf84a155f,0.037,,,
1917,2026-05-19,SH601825,0.007872814312577248,EXP_LinearModel_Alpha158_csi300_custom_step0_s_20260519_15,86f7dc09bf6e4a0aaf85612cf84a155f,0.037,,,
1918,2026-05-19,SH601818,0.07239916920661926,EXP_LinearModel_Alpha158_csi300_custom_step0_s_20260519_15,86f7dc09bf6e4a0aaf85612cf84a155f,0.037,,,
1919,2026-05-19,SH601816,-0.00997626781463623,EXP_LinearModel_Alpha158_csi300_custom_step0_s_20260519_15,86f7dc09bf6e4a0aaf85612cf84a155f,0.037,,,
1920,2026-05-19,SH601808,-0.03151221573352814,EXP_LinearModel_Alpha158_csi300_custom_step0_s_20260519_15,86f7dc09bf6e4a0aaf85612cf84a155f,0.037,,,
1921,2026-05-19,SH601800,-0.042173996567726135,EXP_LinearModel_Alpha158_csi300_custom_step0_s_20260519_15,86f7dc09bf6e4a0aaf85612cf84a155f,0.037,,,
1922,2026-05-19,SH601788,-0.041804082691669464,EXP_LinearModel_Alpha158_csi300_custom_step0_s_20260519_15,86f7dc09bf6e4a0aaf85612cf84a155f,0.037,,,
1923,2026-05-19,SH601766,-0.0069399322383105755,EXP_LinearModel_Alpha158_csi300_custom_step0_s_20260519_15,86f7dc09bf6e4a0aaf85612cf84a155f,0.037,,,
1924,2026-05-19,SH601728,0.02410793863236904,EXP_LinearModel_Alpha158_csi300_custom_step0_s_20260519_15,86f7dc09bf6e4a0aaf85612cf84a155f,0.037,,,
1925,2026-05-19,SH601698,0.09387924522161484,EXP_LinearModel_Alpha158_csi300_custom_step0_s_20260519_15,86f7dc09bf6e4a0aaf85612cf84a155f,0.037,,,
1926,2026-05-19,SH601689,-0.09057963639497757,EXP_LinearModel_Alpha158_csi300_custom_step0_s_20260519_15,86f7dc09bf6e4a0aaf85612cf84a155f,0.037,,,
1927,2026-05-19,SH601688,0.004630815237760544,EXP_LinearModel_Alpha158_csi300_custom_step0_s_20260519_15,86f7dc09bf6e4a0aaf85612cf84a155f,0.037,,,
1928,2026-05-19,SH601877,0.023421626538038254,EXP_LinearModel_Alpha158_csi300_custom_step0_s_20260519_15,86f7dc09bf6e4a0aaf85612cf84a155f,0.037,,,
1929,2026-05-19,SH601878,-0.05145733803510666,EXP_LinearModel_Alpha158_csi300_custom_step0_s_20260519_15,86f7dc09bf6e4a0aaf85612cf84a155f,0.037,,,
1930,2026-05-19,SH601881,0.02527373842895031,EXP_LinearModel_Alpha158_csi300_custom_step0_s_20260519_15,86f7dc09bf6e4a0aaf85612cf84a155f,0.037,,,
1931,2026-05-19,SH601888,-0.026818422600626945,EXP_LinearModel_Alpha158_csi300_custom_step0_s_20260519_15,86f7dc09bf6e4a0aaf85612cf84a155f,0.037,,,
1932,2026-05-19,SH603296,-0.038291189819574356,EXP_LinearModel_Alpha158_csi300_custom_step0_s_20260519_15,86f7dc09bf6e4a0aaf85612cf84a155f,0.037,,,
1933,2026-05-19,SH603288,-0.09058057516813278,EXP_LinearModel_Alpha158_csi300_custom_step0_s_20260519_15,86f7dc09bf6e4a0aaf85612cf84a155f,0.037,,,
1934,2026-05-19,SH603260,0.01490703783929348,EXP_LinearModel_Alpha158_csi300_custom_step0_s_20260519_15,86f7dc09bf6e4a0aaf85612cf84a155f,0.037,,,
1935,2026-05-19,SH603259,0.06927425414323807,EXP_LinearModel_Alpha158_csi300_custom_step0_s_20260519_15,86f7dc09bf6e4a0aaf85612cf84a155f,0.037,,,
1936,2026-05-19,SH603195,0.041953131556510925,EXP_LinearModel_Alpha158_csi300_custom_step0_s_20260519_15,86f7dc09bf6e4a0aaf85612cf84a155f,0.037,,,
1937,2026-05-19,SH603019,0.024530895054340363,EXP_LinearModel_Alpha158_csi300_custom_step0_s_20260519_15,86f7dc09bf6e4a0aaf85612cf84a155f,0.037,,,
1938,2026-05-19,SH601998,-0.07571995258331299,EXP_LinearModel_Alpha158_csi300_custom_step0_s_20260519_15,86f7dc09bf6e4a0aaf85612cf84a155f,0.037,,,
1939,2026-05-19,SH601669,-0.045765552669763565,EXP_LinearModel_Alpha158_csi300_custom_step0_s_20260519_15,86f7dc09bf6e4a0aaf85612cf84a155f,0.037,,,
1940,2026-05-19,SH601995,0.004256911110132933,EXP_LinearModel_Alpha158_csi300_custom_step0_s_20260519_15,86f7dc09bf6e4a0aaf85612cf84a155f,0.037,,,
1941,2026-05-19,SH601985,0.06798997521400452,EXP_LinearModel_Alpha158_csi300_custom_step0_s_20260519_15,86f7dc09bf6e4a0aaf85612cf84a155f,0.037,,,
1942,2026-05-19,SH601939,0.0266881063580513,EXP_LinearModel_Alpha158_csi300_custom_step0_s_20260519_15,86f7dc09bf6e4a0aaf85612cf84a155f,0.037,,,
1943,2026-05-19,SH601919,-0.016524257138371468,EXP_LinearModel_Alpha158_csi300_custom_step0_s_20260519_15,86f7dc09bf6e4a0aaf85612cf84a155f,0.037,,,
1944,2026-05-19,SH601916,0.06768474727869034,EXP_LinearModel_Alpha158_csi300_custom_step0_s_20260519_15,86f7dc09bf6e4a0aaf85612cf84a155f,0.037,,,
1945,2026-05-19,SH601901,-0.01120868418365717,EXP_LinearModel_Alpha158_csi300_custom_step0_s_20260519_15,86f7dc09bf6e4a0aaf85612cf84a155f,0.037,,,
1946,2026-05-19,SH601899,0.045576274394989014,EXP_LinearModel_Alpha158_csi300_custom_step0_s_20260519_15,86f7dc09bf6e4a0aaf85612cf84a155f,0.037,,,
1947,2026-05-19,SH601898,0.07712790369987488,EXP_LinearModel_Alpha158_csi300_custom_step0_s_20260519_15,86f7dc09bf6e4a0aaf85612cf84a155f,0.037,,,
1948,2026-05-19,SH601988,0.0180932879447937,EXP_LinearModel_Alpha158_csi300_custom_step0_s_20260519_15,86f7dc09bf6e4a0aaf85612cf84a155f,0.037,,,
1949,2026-05-19,SH601668,0.08132411539554596,EXP_LinearModel_Alpha158_csi300_custom_step0_s_20260519_15,86f7dc09bf6e4a0aaf85612cf84a155f,0.037,,,
1950,2026-05-19,SH601658,0.0014819644857198,EXP_LinearModel_Alpha158_csi300_custom_step0_s_20260519_15,86f7dc09bf6e4a0aaf85612cf84a155f,0.037,,,
1951,2026-05-19,SH601633,-0.021101083606481552,EXP_LinearModel_Alpha158_csi300_custom_step0_s_20260519_15,86f7dc09bf6e4a0aaf85612cf84a155f,0.037,,,
1952,2026-05-19,SH601211,-0.04115426167845726,EXP_LinearModel_Alpha158_csi300_custom_step0_s_20260519_15,86f7dc09bf6e4a0aaf85612cf84a155f,0.037,,,
1953,2026-05-19,SH601186,0.002206450793892145,EXP_LinearModel_Alpha158_csi300_custom_step0_s_20260519_15,86f7dc09bf6e4a0aaf85612cf84a155f,0.037,,,
1954,2026-05-19,SH601169,-0.07396209239959717,EXP_LinearModel_Alpha158_csi300_custom_step0_s_20260519_15,86f7dc09bf6e4a0aaf85612cf84a155f,0.037,,,
1955,2026-05-19,SH601166,-0.015843281522393227,EXP_LinearModel_Alpha158_csi300_custom_step0_s_20260519_15,86f7dc09bf6e4a0aaf85612cf84a155f,0.037,,,
1956,2026-05-19,SH601138,0.05658538267016411,EXP_LinearModel_Alpha158_csi300_custom_step0_s_20260519_15,86f7dc09bf6e4a0aaf85612cf84a155f,0.037,,,
1957,2026-05-19,SH601136,-0.04197566956281662,EXP_LinearModel_Alpha158_csi300_custom_step0_s_20260519_15,86f7dc09bf6e4a0aaf85612cf84a155f,0.037,,,
1958,2026-05-19,SH601127,-0.06439841538667679,EXP_LinearModel_Alpha158_csi300_custom_step0_s_20260519_15,86f7dc09bf6e4a0aaf85612cf84a155f,0.037,,,
1959,2026-05-19,SH601225,0.08639626950025558,EXP_LinearModel_Alpha158_csi300_custom_step0_s_20260519_15,86f7dc09bf6e4a0aaf85612cf84a155f,0.037,,,
1960,2026-05-19,SH601117,0.01632252149283886,EXP_LinearModel_Alpha158_csi300_custom_step0_s_20260519_15,86f7dc09bf6e4a0aaf85612cf84a155f,0.037,,,
1961,2026-05-19,SH601100,-0.03143695369362831,EXP_LinearModel_Alpha158_csi300_custom_step0_s_20260519_15,86f7dc09bf6e4a0aaf85612cf84a155f,0.037,,,
1962,2026-05-19,SH601088,0.034104812890291214,EXP_LinearModel_Alpha158_csi300_custom_step0_s_20260519_15,86f7dc09bf6e4a0aaf85612cf84a155f,0.037,,,
1963,2026-05-19,SH601077,-0.022887255996465683,EXP_LinearModel_Alpha158_csi300_custom_step0_s_20260519_15,86f7dc09bf6e4a0aaf85612cf84a155f,0.037,,,
1964,2026-05-19,SH601066,-0.07472727447748184,EXP_LinearModel_Alpha158_csi300_custom_step0_s_20260519_15,86f7dc09bf6e4a0aaf85612cf84a155f,0.037,,,
1965,2026-05-19,SH601059,-0.014474421739578247,EXP_LinearModel_Alpha158_csi300_custom_step0_s_20260519_15,86f7dc09bf6e4a0aaf85612cf84a155f,0.037,,,
1966,2026-05-19,SH601058,-0.08821596950292587,EXP_LinearModel_Alpha158_csi300_custom_step0_s_20260519_15,86f7dc09bf6e4a0aaf85612cf84a155f,0.037,,,
1967,2026-05-19,SH601021,0.022282136604189873,EXP_LinearModel_Alpha158_csi300_custom_step0_s_20260519_15,86f7dc09bf6e4a0aaf85612cf84a155f,0.037,,,
1968,2026-05-19,SH601111,-0.013233115896582603,EXP_LinearModel_Alpha158_csi300_custom_step0_s_20260519_15,86f7dc09bf6e4a0aaf85612cf84a155f,0.037,,,
1969,2026-05-19,SH603369,0.00497022969648242,EXP_LinearModel_Alpha158_csi300_custom_step0_s_20260519_15,86f7dc09bf6e4a0aaf85612cf84a155f,0.037,,,
1970,2026-05-19,SH601229,0.001861034194007516,EXP_LinearModel_Alpha158_csi300_custom_step0_s_20260519_15,86f7dc09bf6e4a0aaf85612cf84a155f,0.037,,,
1971,2026-05-19,SH601238,-0.013906534761190414,EXP_LinearModel_Alpha158_csi300_custom_step0_s_20260519_15,86f7dc09bf6e4a0aaf85612cf84a155f,0.037,,,
1972,2026-05-19,SH601628,-0.03815385326743126,EXP_LinearModel_Alpha158_csi300_custom_step0_s_20260519_15,86f7dc09bf6e4a0aaf85612cf84a155f,0.037,,,
1973,2026-05-19,SH601618,0.016157347708940506,EXP_LinearModel_Alpha158_csi300_custom_step0_s_20260519_15,86f7dc09bf6e4a0aaf85612cf84a155f,0.037,,,
1974,2026-05-19,SH601607,-0.023504702374339104,EXP_LinearModel_Alpha158_csi300_custom_step0_s_20260519_15,86f7dc09bf6e4a0aaf85612cf84a155f,0.037,,,
1975,2026-05-19,SH601601,-0.04158544912934303,EXP_LinearModel_Alpha158_csi300_custom_step0_s_20260519_15,86f7dc09bf6e4a0aaf85612cf84a155f,0.037,,,
1976,2026-05-19,SH601600,0.06181103736162186,EXP_LinearModel_Alpha158_csi300_custom_step0_s_20260519_15,86f7dc09bf6e4a0aaf85612cf84a155f,0.037,,,
1977,2026-05-19,SH601456,-0.06652374565601349,EXP_LinearModel_Alpha158_csi300_custom_step0_s_20260519_15,86f7dc09bf6e4a0aaf85612cf84a155f,0.037,,,
1978,2026-05-19,SH601398,0.011304865591228008,EXP_LinearModel_Alpha158_csi300_custom_step0_s_20260519_15,86f7dc09bf6e4a0aaf85612cf84a155f,0.037,,,
1979,2026-05-19,SH601236,-0.022562939673662186,EXP_LinearModel_Alpha158_csi300_custom_step0_s_20260519_15,86f7dc09bf6e4a0aaf85612cf84a155f,0.037,,,
1980,2026-05-19,SH601390,0.024610375985503197,EXP_LinearModel_Alpha158_csi300_custom_step0_s_20260519_15,86f7dc09bf6e4a0aaf85612cf84a155f,0.037,,,
1981,2026-05-19,SH601360,-0.08747567236423492,EXP_LinearModel_Alpha158_csi300_custom_step0_s_20260519_15,86f7dc09bf6e4a0aaf85612cf84a155f,0.037,,,
1982,2026-05-19,SH601336,0.0032360004261136055,EXP_LinearModel_Alpha158_csi300_custom_step0_s_20260519_15,86f7dc09bf6e4a0aaf85612cf84a155f,0.037,,,
1983,2026-05-19,SH601328,0.06187859922647476,EXP_LinearModel_Alpha158_csi300_custom_step0_s_20260519_15,86f7dc09bf6e4a0aaf85612cf84a155f,0.037,,,
1984,2026-05-19,SH601319,0.05132965371012688,EXP_LinearModel_Alpha158_csi300_custom_step0_s_20260519_15,86f7dc09bf6e4a0aaf85612cf84a155f,0.037,,,
1985,2026-05-19,SH601318,0.024255845695734024,EXP_LinearModel_Alpha158_csi300_custom_step0_s_20260519_15,86f7dc09bf6e4a0aaf85612cf84a155f,0.037,,,
1986,2026-05-19,SH601298,0.08367171138525009,EXP_LinearModel_Alpha158_csi300_custom_step0_s_20260519_15,86f7dc09bf6e4a0aaf85612cf84a155f,0.037,,,
1987,2026-05-19,SH601288,0.08706405758857727,EXP_LinearModel_Alpha158_csi300_custom_step0_s_20260519_15,86f7dc09bf6e4a0aaf85612cf84a155f,0.037,,,
1988,2026-05-19,SH601377,-0.006103917025029659,EXP_LinearModel_Alpha158_csi300_custom_step0_s_20260519_15,86f7dc09bf6e4a0aaf85612cf84a155f,0.037,,,
1989,2026-05-19,SH603392,-0.041529227048158646,EXP_LinearModel_Alpha158_csi300_custom_step0_s_20260519_15,86f7dc09bf6e4a0aaf85612cf84a155f,0.037,,,
1990,2026-05-19,SH603501,-0.0423976294696331,EXP_LinearModel_Alpha158_csi300_custom_step0_s_20260519_15,86f7dc09bf6e4a0aaf85612cf84a155f,0.037,,,
1991,2026-05-19,SH603799,0.01653718203306198,EXP_LinearModel_Alpha158_csi300_custom_step0_s_20260519_15,86f7dc09bf6e4a0aaf85612cf84a155f,0.037,,,
1992,2026-05-19,SZ000975,0.05723034590482712,EXP_LinearModel_Alpha158_csi300_custom_step0_s_20260519_15,86f7dc09bf6e4a0aaf85612cf84a155f,0.037,,,
1993,2026-05-19,SZ000963,-0.003312712535262108,EXP_LinearModel_Alpha158_csi300_custom_step0_s_20260519_15,86f7dc09bf6e4a0aaf85612cf84a155f,0.037,,,
1994,2026-05-19,SZ000938,0.041846275329589844,EXP_LinearModel_Alpha158_csi300_custom_step0_s_20260519_15,86f7dc09bf6e4a0aaf85612cf84a155f,0.037,,,
1995,2026-05-19,SZ000895,0.007611474953591824,EXP_LinearModel_Alpha158_csi300_custom_step0_s_20260519_15,86f7dc09bf6e4a0aaf85612cf84a155f,0.037,,,
1996,2026-05-19,SZ000876,0.04673932120203972,EXP_LinearModel_Alpha158_csi300_custom_step0_s_20260519_15,86f7dc09bf6e4a0aaf85612cf84a155f,0.037,,,
1997,2026-05-19,SZ000858,-0.03966304659843445,EXP_LinearModel_Alpha158_csi300_custom_step0_s_20260519_15,86f7dc09bf6e4a0aaf85612cf84a155f,0.037,,,
1998,2026-05-19,SZ000807,0.048551496118307114,EXP_LinearModel_Alpha158_csi300_custom_step0_s_20260519_15,86f7dc09bf6e4a0aaf85612cf84a155f,0.037,,,
1999,2026-05-19,SZ000977,-0.04475114867091179,EXP_LinearModel_Alpha158_csi300_custom_step0_s_20260519_15,86f7dc09bf6e4a0aaf85612cf84a155f,0.037,,,
2000,2026-05-19,SZ000792,-0.025219924747943878,EXP_LinearModel_Alpha158_csi300_custom_step0_s_20260519_15,86f7dc09bf6e4a0aaf85612cf84a155f,0.037,,,
2001,2026-05-19,SZ000776,-0.032800544053316116,EXP_LinearModel_Alpha158_csi300_custom_step0_s_20260519_15,86f7dc09bf6e4a0aaf85612cf84a155f,0.037,,,
2002,2026-05-19,SZ000768,0.016323745250701904,EXP_LinearModel_Alpha158_csi300_custom_step0_s_20260519_15,86f7dc09bf6e4a0aaf85612cf84a155f,0.037,,,
2003,2026-05-19,SZ000725,0.06264705955982208,EXP_LinearModel_Alpha158_csi300_custom_step0_s_20260519_15,86f7dc09bf6e4a0aaf85612cf84a155f,0.037,,,
2004,2026-05-19,SZ000708,0.02558901160955429,EXP_LinearModel_Alpha158_csi300_custom_step0_s_20260519_15,86f7dc09bf6e4a0aaf85612cf84a155f,0.037,,,
2005,2026-05-19,SZ000661,-0.01465190201997757,EXP_LinearModel_Alpha158_csi300_custom_step0_s_20260519_15,86f7dc09bf6e4a0aaf85612cf84a155f,0.037,,,
2006,2026-05-19,SZ000651,0.0283967237919569,EXP_LinearModel_Alpha158_csi300_custom_step0_s_20260519_15,86f7dc09bf6e4a0aaf85612cf84a155f,0.037,,,
2007,2026-05-19,SZ000630,0.06436076015233994,EXP_LinearModel_Alpha158_csi300_custom_step0_s_20260519_15,86f7dc09bf6e4a0aaf85612cf84a155f,0.037,,,
2008,2026-05-19,SZ000786,0.04364363104104996,EXP_LinearModel_Alpha158_csi300_custom_step0_s_20260519_15,86f7dc09bf6e4a0aaf85612cf84a155f,0.037,,,
2009,2026-05-19,SZ000625,-0.0053628478199243546,EXP_LinearModel_Alpha158_csi300_custom_step0_s_20260519_15,86f7dc09bf6e4a0aaf85612cf84a155f,0.037,,,
2010,2026-05-19,SZ000983,-0.032976604998111725,EXP_LinearModel_Alpha158_csi300_custom_step0_s_20260519_15,86f7dc09bf6e4a0aaf85612cf84a155f,0.037,,,
2011,2026-05-19,SZ001391,-0.03616434708237648,EXP_LinearModel_Alpha158_csi300_custom_step0_s_20260519_15,86f7dc09bf6e4a0aaf85612cf84a155f,0.037,,,
2012,2026-05-19,SZ002311,-0.014819512143731117,EXP_LinearModel_Alpha158_csi300_custom_step0_s_20260519_15,86f7dc09bf6e4a0aaf85612cf84a155f,0.037,,,
2013,2026-05-19,SZ002304,-0.06697145849466324,EXP_LinearModel_Alpha158_csi300_custom_step0_s_20260519_15,86f7dc09bf6e4a0aaf85612cf84a155f,0.037,,,
2014,2026-05-19,SZ002252,-0.005948621314018965,EXP_LinearModel_Alpha158_csi300_custom_step0_s_20260519_15,86f7dc09bf6e4a0aaf85612cf84a155f,0.037,,,
2015,2026-05-19,SZ002241,0.005912340246140957,EXP_LinearModel_Alpha158_csi300_custom_step0_s_20260519_15,86f7dc09bf6e4a0aaf85612cf84a155f,0.037,,,
2016,2026-05-19,SZ002236,0.00996016338467598,EXP_LinearModel_Alpha158_csi300_custom_step0_s_20260519_15,86f7dc09bf6e4a0aaf85612cf84a155f,0.037,,,
2017,2026-05-19,SZ002230,-0.0007924456149339676,EXP_LinearModel_Alpha158_csi300_custom_step0_s_20260519_15,86f7dc09bf6e4a0aaf85612cf84a155f,0.037,,,
2018,2026-05-19,SZ002179,-0.025831079110503197,EXP_LinearModel_Alpha158_csi300_custom_step0_s_20260519_15,86f7dc09bf6e4a0aaf85612cf84a155f,0.037,,,
2019,2026-05-19,SZ000999,-0.06510413438081741,EXP_LinearModel_Alpha158_csi300_custom_step0_s_20260519_15,86f7dc09bf6e4a0aaf85612cf84a155f,0.037,,,
2020,2026-05-19,SZ002142,-0.012849115766584873,EXP_LinearModel_Alpha158_csi300_custom_step0_s_20260519_15,86f7dc09bf6e4a0aaf85612cf84a155f,0.037,,,
2021,2026-05-19,SZ002050,-0.012241370044648647,EXP_LinearModel_Alpha158_csi300_custom_step0_s_20260519_15,86f7dc09bf6e4a0aaf85612cf84a155f,0.037,,,
2022,2026-05-19,SZ002049,0.028701066970825195,EXP_LinearModel_Alpha158_csi300_custom_step0_s_20260519_15,86f7dc09bf6e4a0aaf85612cf84a155f,0.037,,,
2023,2026-05-19,SZ002028,-0.01083883922547102,EXP_LinearModel_Alpha158_csi300_custom_step0_s_20260519_15,86f7dc09bf6e4a0aaf85612cf84a155f,0.037,,,
2024,2026-05-19,SZ002027,-0.06780452281236649,EXP_LinearModel_Alpha158_csi300_custom_step0_s_20260519_15,86f7dc09bf6e4a0aaf85612cf84a155f,0.037,,,
2025,2026-05-19,SZ002001,0.04820818454027176,EXP_LinearModel_Alpha158_csi300_custom_step0_s_20260519_15,86f7dc09bf6e4a0aaf85612cf84a155f,0.037,,,
2026,2026-05-19,SZ001979,0.03801139071583748,EXP_LinearModel_Alpha158_csi300_custom_step0_s_20260519_15,86f7dc09bf6e4a0aaf85612cf84a155f,0.037,,,
2027,2026-05-19,SZ001965,0.1354917585849762,EXP_LinearModel_Alpha158_csi300_custom_step0_s_20260519_15,86f7dc09bf6e4a0aaf85612cf84a155f,0.037,,,
2028,2026-05-19,SZ002074,-0.018898241221904755,EXP_LinearModel_Alpha158_csi300_custom_step0_s_20260519_15,86f7dc09bf6e4a0aaf85612cf84a155f,0.037,,,
2029,2026-05-19,SH601018,0.03764946013689041,EXP_LinearModel_Alpha158_csi300_custom_step0_s_20260519_15,86f7dc09bf6e4a0aaf85612cf84a155f,0.037,,,
2030,2026-05-19,SZ000617,-0.07088378071784973,EXP_LinearModel_Alpha158_csi300_custom_step0_s_20260519_15,86f7dc09bf6e4a0aaf85612cf84a155f,0.037,,,
2031,2026-05-19,SZ000568,-0.0077970284037292,EXP_LinearModel_Alpha158_csi300_custom_step0_s_20260519_15,86f7dc09bf6e4a0aaf85612cf84a155f,0.037,,,
2032,2026-05-19,SH688187,-0.10752552002668381,EXP_LinearModel_Alpha158_csi300_custom_step0_s_20260519_15,86f7dc09bf6e4a0aaf85612cf84a155f,0.037,,,
2033,2026-05-19,SH688169,-0.12487831711769104,EXP_LinearModel_Alpha158_csi300_custom_step0_s_20260519_15,86f7dc09bf6e4a0aaf85612cf84a155f,0.037,,,
2034,2026-05-19,SH688126,0.26509860157966614,EXP_LinearModel_Alpha158_csi300_custom_step0_s_20260519_15,86f7dc09bf6e4a0aaf85612cf84a155f,0.037,,,
2035,2026-05-19,SH688111,-0.05461223050951958,EXP_LinearModel_Alpha158_csi300_custom_step0_s_20260519_15,86f7dc09bf6e4a0aaf85612cf84a155f,0.037,,,
2036,2026-05-19,SH688082,-0.08319132775068283,EXP_LinearModel_Alpha158_csi300_custom_step0_s_20260519_15,86f7dc09bf6e4a0aaf85612cf84a155f,0.037,,,
2037,2026-05-19,SH688047,0.061903368681669235,EXP_LinearModel_Alpha158_csi300_custom_step0_s_20260519_15,86f7dc09bf6e4a0aaf85612cf84a155f,0.037,,,
2038,2026-05-19,SH688041,0.047656264156103134,EXP_LinearModel_Alpha158_csi300_custom_step0_s_20260519_15,86f7dc09bf6e4a0aaf85612cf84a155f,0.037,,,
2039,2026-05-19,SH688223,-0.005473678465932608,EXP_LinearModel_Alpha158_csi300_custom_step0_s_20260519_15,86f7dc09bf6e4a0aaf85612cf84a155f,0.037,,,
2040,2026-05-19,SH688036,-0.04945690184831619,EXP_LinearModel_Alpha158_csi300_custom_step0_s_20260519_15,86f7dc09bf6e4a0aaf85612cf84a155f,0.037,,,
2041,2026-05-19,SH688009,0.03720640763640404,EXP_LinearModel_Alpha158_csi300_custom_step0_s_20260519_15,86f7dc09bf6e4a0aaf85612cf84a155f,0.037,,,
2042,2026-05-19,SH688008,0.03620070964097977,EXP_LinearModel_Alpha158_csi300_custom_step0_s_20260519_15,86f7dc09bf6e4a0aaf85612cf84a155f,0.037,,,
2043,2026-05-19,SH605499,-0.047958407551050186,EXP_LinearModel_Alpha158_csi300_custom_step0_s_20260519_15,86f7dc09bf6e4a0aaf85612cf84a155f,0.037,,,
2044,2026-05-19,SH605117,0.058220889419317245,EXP_LinearModel_Alpha158_csi300_custom_step0_s_20260519_15,86f7dc09bf6e4a0aaf85612cf84a155f,0.037,,,
2045,2026-05-19,SH603993,0.11781968921422958,EXP_LinearModel_Alpha158_csi300_custom_step0_s_20260519_15,86f7dc09bf6e4a0aaf85612cf84a155f,0.037,,,
2046,2026-05-19,SH603986,-0.039545878767967224,EXP_LinearModel_Alpha158_csi300_custom_step0_s_20260519_15,86f7dc09bf6e4a0aaf85612cf84a155f,0.037,,,
2047,2026-05-19,SH603893,0.08885315805673599,EXP_LinearModel_Alpha158_csi300_custom_step0_s_20260519_15,86f7dc09bf6e4a0aaf85612cf84a155f,0.037,,,
2048,2026-05-19,SH688012,-0.12322781980037689,EXP_LinearModel_Alpha158_csi300_custom_step0_s_20260519_15,86f7dc09bf6e4a0aaf85612cf84a155f,0.037,,,
2049,2026-05-19,SZ000596,-0.005700643174350262,EXP_LinearModel_Alpha158_csi300_custom_step0_s_20260519_15,86f7dc09bf6e4a0aaf85612cf84a155f,0.037,,,
2050,2026-05-19,SH688256,0.023330356925725937,EXP_LinearModel_Alpha158_csi300_custom_step0_s_20260519_15,86f7dc09bf6e4a0aaf85612cf84a155f,0.037,,,
2051,2026-05-19,SH688303,-0.0026685581542551517,EXP_LinearModel_Alpha158_csi300_custom_step0_s_20260519_15,86f7dc09bf6e4a0aaf85612cf84a155f,0.037,,,
2052,2026-05-19,SZ000538,-0.08170413225889206,EXP_LinearModel_Alpha158_csi300_custom_step0_s_20260519_15,86f7dc09bf6e4a0aaf85612cf84a155f,0.037,,,
2053,2026-05-19,SZ000425,0.05433616042137146,EXP_LinearModel_Alpha158_csi300_custom_step0_s_20260519_15,86f7dc09bf6e4a0aaf85612cf84a155f,0.037,,,
2054,2026-05-19,SZ000408,0.15785187482833862,EXP_LinearModel_Alpha158_csi300_custom_step0_s_20260519_15,86f7dc09bf6e4a0aaf85612cf84a155f,0.037,,,
2055,2026-05-19,SZ000338,0.09948983043432236,EXP_LinearModel_Alpha158_csi300_custom_step0_s_20260519_15,86f7dc09bf6e4a0aaf85612cf84a155f,0.037,,,
2056,2026-05-19,SZ000333,0.017086178064346313,EXP_LinearModel_Alpha158_csi300_custom_step0_s_20260519_15,86f7dc09bf6e4a0aaf85612cf84a155f,0.037,,,
2057,2026-05-19,SZ000301,0.1548193097114563,EXP_LinearModel_Alpha158_csi300_custom_step0_s_20260519_15,86f7dc09bf6e4a0aaf85612cf84a155f,0.037,,,
2058,2026-05-19,SZ000166,-0.011825472116470337,EXP_LinearModel_Alpha158_csi300_custom_step0_s_20260519_15,86f7dc09bf6e4a0aaf85612cf84a155f,0.037,,,
2059,2026-05-19,SH688271,0.03409025818109512,EXP_LinearModel_Alpha158_csi300_custom_step0_s_20260519_15,86f7dc09bf6e4a0aaf85612cf84a155f,0.037,,,
2060,2026-05-19,SZ000157,-0.012548098340630531,EXP_LinearModel_Alpha158_csi300_custom_step0_s_20260519_15,86f7dc09bf6e4a0aaf85612cf84a155f,0.037,,,
2061,2026-05-19,SZ000063,-0.0136039974167943,EXP_LinearModel_Alpha158_csi300_custom_step0_s_20260519_15,86f7dc09bf6e4a0aaf85612cf84a155f,0.037,,,
2062,2026-05-19,SZ000002,0.06723414361476898,EXP_LinearModel_Alpha158_csi300_custom_step0_s_20260519_15,86f7dc09bf6e4a0aaf85612cf84a155f,0.037,,,
2063,2026-05-19,SZ000001,-0.06351622194051743,EXP_LinearModel_Alpha158_csi300_custom_step0_s_20260519_15,86f7dc09bf6e4a0aaf85612cf84a155f,0.037,,,
2064,2026-05-19,SH688981,0.01772400178015232,EXP_LinearModel_Alpha158_csi300_custom_step0_s_20260519_15,86f7dc09bf6e4a0aaf85612cf84a155f,0.037,,,
2065,2026-05-19,SH688506,0.008765381760895252,EXP_LinearModel_Alpha158_csi300_custom_step0_s_20260519_15,86f7dc09bf6e4a0aaf85612cf84a155f,0.037,,,
2066,2026-05-19,SH688472,0.020492278039455414,EXP_LinearModel_Alpha158_csi300_custom_step0_s_20260519_15,86f7dc09bf6e4a0aaf85612cf84a155f,0.037,,,
2067,2026-05-19,SH688396,0.037514444440603256,EXP_LinearModel_Alpha158_csi300_custom_step0_s_20260519_15,86f7dc09bf6e4a0aaf85612cf84a155f,0.037,,,
2068,2026-05-19,SZ000100,0.033589884638786316,EXP_LinearModel_Alpha158_csi300_custom_step0_s_20260519_15,86f7dc09bf6e4a0aaf85612cf84a155f,0.037,,,
2069,2026-05-19,SH601012,0.0461503230035305,EXP_LinearModel_Alpha158_csi300_custom_step0_s_20260519_15,86f7dc09bf6e4a0aaf85612cf84a155f,0.037,,,
2070,2026-05-19,SH601009,-0.0351923368871212,EXP_LinearModel_Alpha158_csi300_custom_step0_s_20260519_15,86f7dc09bf6e4a0aaf85612cf84a155f,0.037,,,
2071,2026-05-19,SH601006,0.04306405782699585,EXP_LinearModel_Alpha158_csi300_custom_step0_s_20260519_15,86f7dc09bf6e4a0aaf85612cf84a155f,0.037,,,
2072,2026-05-19,SZ300476,-0.004685786087065935,EXP_LinearModel_Alpha158_csi300_custom_step0_s_20260519_15,dd70fe95cbcc49979825778b78cd4677,0.098,,,
2073,2026-05-19,SZ300442,,EXP_LinearModel_Alpha158_csi300_custom_step0_s_20260519_15,dd70fe95cbcc49979825778b78cd4677,0.098,,,
2074,2026-05-19,SZ300433,-0.20555222034454346,EXP_LinearModel_Alpha158_csi300_custom_step0_s_20260519_15,dd70fe95cbcc49979825778b78cd4677,0.098,,,
2075,2026-05-19,SZ300418,-0.14775271713733673,EXP_LinearModel_Alpha158_csi300_custom_step0_s_20260519_15,dd70fe95cbcc49979825778b78cd4677,0.098,,,
2076,2026-05-19,SZ300413,-0.1036008894443512,EXP_LinearModel_Alpha158_csi300_custom_step0_s_20260519_15,dd70fe95cbcc49979825778b78cd4677,0.098,,,
2077,2026-05-19,SZ300408,0.02186109870672226,EXP_LinearModel_Alpha158_csi300_custom_step0_s_20260519_15,dd70fe95cbcc49979825778b78cd4677,0.098,,,
2078,2026-05-19,SZ300394,0.005101567134261131,EXP_LinearModel_Alpha158_csi300_custom_step0_s_20260519_15,dd70fe95cbcc49979825778b78cd4677,0.098,,,
2079,2026-05-19,SZ300498,-0.02507392130792141,EXP_LinearModel_Alpha158_csi300_custom_step0_s_20260519_15,dd70fe95cbcc49979825778b78cd4677,0.098,,,
2080,2026-05-19,SZ300347,-0.0506146065890789,EXP_LinearModel_Alpha158_csi300_custom_step0_s_20260519_15,dd70fe95cbcc49979825778b78cd4677,0.098,,,
2081,2026-05-19,SZ300308,0.000667557877022773,EXP_LinearModel_Alpha158_csi300_custom_step0_s_20260519_15,dd70fe95cbcc49979825778b78cd4677,0.098,,,
2082,2026-05-19,SZ300274,-0.1795586794614792,EXP_LinearModel_Alpha158_csi300_custom_step0_s_20260519_15,dd70fe95cbcc49979825778b78cd4677,0.098,,,
2083,2026-05-19,SZ300251,-0.28139710426330566,EXP_LinearModel_Alpha158_csi300_custom_step0_s_20260519_15,dd70fe95cbcc49979825778b78cd4677,0.098,,,
2084,2026-05-19,SZ300124,-0.04404041916131973,EXP_LinearModel_Alpha158_csi300_custom_step0_s_20260519_15,dd70fe95cbcc49979825778b78cd4677,0.098,,,
2085,2026-05-19,SZ300122,-0.07074243575334549,EXP_LinearModel_Alpha158_csi300_custom_step0_s_20260519_15,dd70fe95cbcc49979825778b78cd4677,0.098,,,
2086,2026-05-19,SZ300059,-0.07617516070604324,EXP_LinearModel_Alpha158_csi300_custom_step0_s_20260519_15,dd70fe95cbcc49979825778b78cd4677,0.098,,,
2087,2026-05-19,SZ300033,-0.049984026700258255,EXP_LinearModel_Alpha158_csi300_custom_step0_s_20260519_15,dd70fe95cbcc49979825778b78cd4677,0.098,,,
2088,2026-05-19,SZ300316,-0.06022137403488159,EXP_LinearModel_Alpha158_csi300_custom_step0_s_20260519_15,dd70fe95cbcc49979825778b78cd4677,0.098,,,
2089,2026-05-19,SZ300015,-0.03494767099618912,EXP_LinearModel_Alpha158_csi300_custom_step0_s_20260519_15,dd70fe95cbcc49979825778b78cd4677,0.098,,,
2090,2026-05-19,SZ300502,-0.048629242926836014,EXP_LinearModel_Alpha158_csi300_custom_step0_s_20260519_15,dd70fe95cbcc49979825778b78cd4677,0.098,,,
2091,2026-05-19,SZ300661,0.02047751098871231,EXP_LinearModel_Alpha158_csi300_custom_step0_s_20260519_15,dd70fe95cbcc49979825778b78cd4677,0.098,,,
2092,2026-05-19,SH600010,0.04062904417514801,EXP_LinearModel_Alpha158_csi300_custom_step0_s_20260519_15,86f7dc09bf6e4a0aaf85612cf84a155f,0.037,,,
2093,2026-05-19,SH600009,-0.05276869237422943,EXP_LinearModel_Alpha158_csi300_custom_step0_s_20260519_15,86f7dc09bf6e4a0aaf85612cf84a155f,0.037,,,
2094,2026-05-19,SH600000,-0.0023183906450867653,EXP_LinearModel_Alpha158_csi300_custom_step0_s_20260519_15,86f7dc09bf6e4a0aaf85612cf84a155f,0.037,,,
2095,2026-05-19,SZ302132,-0.06115826964378357,EXP_LinearModel_Alpha158_csi300_custom_step0_s_20260519_15,dd70fe95cbcc49979825778b78cd4677,0.098,,,
2096,2026-05-19,SZ301269,-0.03273266926407814,EXP_LinearModel_Alpha158_csi300_custom_step0_s_20260519_15,dd70fe95cbcc49979825778b78cd4677,0.098,,,
2097,2026-05-19,SZ301236,-0.11850114166736603,EXP_LinearModel_Alpha158_csi300_custom_step0_s_20260519_15,dd70fe95cbcc49979825778b78cd4677,0.098,,,
2098,2026-05-19,SZ300999,-0.09308794140815735,EXP_LinearModel_Alpha158_csi300_custom_step0_s_20260519_15,dd70fe95cbcc49979825778b78cd4677,0.098,,,
2099,2026-05-19,SZ300628,0.01636468805372715,EXP_LinearModel_Alpha158_csi300_custom_step0_s_20260519_15,dd70fe95cbcc49979825778b78cd4677,0.098,,,
2100,2026-05-19,SZ300979,0.03472293168306351,EXP_LinearModel_Alpha158_csi300_custom_step0_s_20260519_15,dd70fe95cbcc49979825778b78cd4677,0.098,,,
2101,2026-05-19,SZ300866,0.02096318081021309,EXP_LinearModel_Alpha158_csi300_custom_step0_s_20260519_15,dd70fe95cbcc49979825778b78cd4677,0.098,,,
2102,2026-05-19,SZ300832,-0.0657152310013771,EXP_LinearModel_Alpha158_csi300_custom_step0_s_20260519_15,dd70fe95cbcc49979825778b78cd4677,0.098,,,
2103,2026-05-19,SZ300803,-0.10538312047719955,EXP_LinearModel_Alpha158_csi300_custom_step0_s_20260519_15,dd70fe95cbcc49979825778b78cd4677,0.098,,,
2104,2026-05-19,SZ300782,-0.21958963572978973,EXP_LinearModel_Alpha158_csi300_custom_step0_s_20260519_15,dd70fe95cbcc49979825778b78cd4677,0.098,,,
2105,2026-05-19,SZ300760,-0.051810573786497116,EXP_LinearModel_Alpha158_csi300_custom_step0_s_20260519_15,dd70fe95cbcc49979825778b78cd4677,0.098,,,
2106,2026-05-19,SZ300759,-0.020220190286636353,EXP_LinearModel_Alpha158_csi300_custom_step0_s_20260519_15,dd70fe95cbcc49979825778b78cd4677,0.098,,,
2107,2026-05-19,SZ300750,-0.02554341033101082,EXP_LinearModel_Alpha158_csi300_custom_step0_s_20260519_15,dd70fe95cbcc49979825778b78cd4677,0.098,,,
2108,2026-05-19,SZ300896,-0.09849187731742859,EXP_LinearModel_Alpha158_csi300_custom_step0_s_20260519_15,dd70fe95cbcc49979825778b78cd4677,0.098,,,
2109,2026-05-19,SH600011,0.03961189463734627,EXP_LinearModel_Alpha158_csi300_custom_step0_s_20260519_15,86f7dc09bf6e4a0aaf85612cf84a155f,0.037,,,
2110,2026-05-19,SZ300014,-0.04394054785370827,EXP_LinearModel_Alpha158_csi300_custom_step0_s_20260519_15,dd70fe95cbcc49979825778b78cd4677,0.098,,,
2111,2026-05-19,SZ002938,-0.11476512253284454,EXP_LinearModel_Alpha158_csi300_custom_step0_s_20260519_15,dd70fe95cbcc49979825778b78cd4677,0.098,,,
2112,2026-05-19,SZ002352,-0.0794273093342781,EXP_LinearModel_Alpha158_csi300_custom_step0_s_20260519_15,dd70fe95cbcc49979825778b78cd4677,0.098,,,
2113,2026-05-19,SZ002311,0.006543327122926712,EXP_LinearModel_Alpha158_csi300_custom_step0_s_20260519_15,dd70fe95cbcc49979825778b78cd4677,0.098,,,
2114,2026-05-19,SZ002304,-0.03210299834609032,EXP_LinearModel_Alpha158_csi300_custom_step0_s_20260519_15,dd70fe95cbcc49979825778b78cd4677,0.098,,,
2115,2026-05-19,SZ002252,-0.016182955354452133,EXP_LinearModel_Alpha158_csi300_custom_step0_s_20260519_15,dd70fe95cbcc49979825778b78cd4677,0.098,,,
2116,2026-05-19,SZ002241,-0.026458263397216797,EXP_LinearModel_Alpha158_csi300_custom_step0_s_20260519_15,dd70fe95cbcc49979825778b78cd4677,0.098,,,
2117,2026-05-19,SZ002236,0.001408751355484128,EXP_LinearModel_Alpha158_csi300_custom_step0_s_20260519_15,dd70fe95cbcc49979825778b78cd4677,0.098,,,
2118,2026-05-19,SZ002230,-0.07184004783630371,EXP_LinearModel_Alpha158_csi300_custom_step0_s_20260519_15,dd70fe95cbcc49979825778b78cd4677,0.098,,,
2119,2026-05-19,SZ002371,-0.034342799335718155,EXP_LinearModel_Alpha158_csi300_custom_step0_s_20260519_15,dd70fe95cbcc49979825778b78cd4677,0.098,,,
2120,2026-05-19,SZ002179,-0.06489089131355286,EXP_LinearModel_Alpha158_csi300_custom_step0_s_20260519_15,dd70fe95cbcc49979825778b78cd4677,0.098,,,
2121,2026-05-19,SZ002074,-0.07911021262407303,EXP_LinearModel_Alpha158_csi300_custom_step0_s_20260519_15,dd70fe95cbcc49979825778b78cd4677,0.098,,,
2122,2026-05-19,SZ002050,-0.03583909198641777,EXP_LinearModel_Alpha158_csi300_custom_step0_s_20260519_15,dd70fe95cbcc49979825778b78cd4677,0.098,,,
2123,2026-05-19,SZ002049,0.010034383274614811,EXP_LinearModel_Alpha158_csi300_custom_step0_s_20260519_15,dd70fe95cbcc49979825778b78cd4677,0.098,,,
2124,2026-05-19,SZ002028,-0.03565145656466484,EXP_LinearModel_Alpha158_csi300_custom_step0_s_20260519_15,dd70fe95cbcc49979825778b78cd4677,0.098,,,
2125,2026-05-19,SZ002027,-0.024507323279976845,EXP_LinearModel_Alpha158_csi300_custom_step0_s_20260519_15,dd70fe95cbcc49979825778b78cd4677,0.098,,,
2126,2026-05-19,SZ002001,0.03887909650802612,EXP_LinearModel_Alpha158_csi300_custom_step0_s_20260519_15,dd70fe95cbcc49979825778b78cd4677,0.098,,,
2127,2026-05-19,SZ001979,-0.034893184900283813,EXP_LinearModel_Alpha158_csi300_custom_step0_s_20260519_15,dd70fe95cbcc49979825778b78cd4677,0.098,,,
2128,2026-05-19,SZ002142,0.0140058733522892,EXP_LinearModel_Alpha158_csi300_custom_step0_s_20260519_15,dd70fe95cbcc49979825778b78cd4677,0.098,,,
2129,2026-05-19,SZ003816,0.04580499604344368,EXP_LinearModel_Alpha158_csi300_custom_step0_s_20260519_15,dd70fe95cbcc49979825778b78cd4677,0.098,,,
2130,2026-05-19,SZ002384,0.0985674113035202,EXP_LinearModel_Alpha158_csi300_custom_step0_s_20260519_15,dd70fe95cbcc49979825778b78cd4677,0.098,,,
2131,2026-05-19,SZ002422,0.009411197155714035,EXP_LinearModel_Alpha158_csi300_custom_step0_s_20260519_15,dd70fe95cbcc49979825778b78cd4677,0.098,,,
2132,2026-05-19,SZ002920,-0.0036410978063941,EXP_LinearModel_Alpha158_csi300_custom_step0_s_20260519_15,dd70fe95cbcc49979825778b78cd4677,0.098,,,
2133,2026-05-19,SZ002916,-0.048191945999860764,EXP_LinearModel_Alpha158_csi300_custom_step0_s_20260519_15,dd70fe95cbcc49979825778b78cd4677,0.098,,,
2134,2026-05-19,SZ002736,-0.03029780462384224,EXP_LinearModel_Alpha158_csi300_custom_step0_s_20260519_15,dd70fe95cbcc49979825778b78cd4677,0.098,,,
2135,2026-05-19,SZ002714,-0.04134661704301834,EXP_LinearModel_Alpha158_csi300_custom_step0_s_20260519_15,dd70fe95cbcc49979825778b78cd4677,0.098,,,
2136,2026-05-19,SZ002709,0.06122291833162308,EXP_LinearModel_Alpha158_csi300_custom_step0_s_20260519_15,dd70fe95cbcc49979825778b78cd4677,0.098,,,
2137,2026-05-19,SZ002648,0.10016626119613647,EXP_LinearModel_Alpha158_csi300_custom_step0_s_20260519_15,dd70fe95cbcc49979825778b78cd4677,0.098,,,
2138,2026-05-19,SZ002625,-0.08728262782096863,EXP_LinearModel_Alpha158_csi300_custom_step0_s_20260519_15,dd70fe95cbcc49979825778b78cd4677,0.098,,,
2139,2026-05-19,SZ002415,-0.02810380980372429,EXP_LinearModel_Alpha158_csi300_custom_step0_s_20260519_15,dd70fe95cbcc49979825778b78cd4677,0.098,,,
2140,2026-05-19,SZ002601,-0.045447248965501785,EXP_LinearModel_Alpha158_csi300_custom_step0_s_20260519_15,dd70fe95cbcc49979825778b78cd4677,0.098,,,
2141,2026-05-19,SZ002594,-0.023570625111460686,EXP_LinearModel_Alpha158_csi300_custom_step0_s_20260519_15,dd70fe95cbcc49979825778b78cd4677,0.098,,,
2142,2026-05-19,SZ002493,0.020891865715384483,EXP_LinearModel_Alpha158_csi300_custom_step0_s_20260519_15,dd70fe95cbcc49979825778b78cd4677,0.098,,,
2143,2026-05-19,SZ002475,-0.04141310229897499,EXP_LinearModel_Alpha158_csi300_custom_step0_s_20260519_15,dd70fe95cbcc49979825778b78cd4677,0.098,,,
2144,2026-05-19,SZ002466,0.05739114060997963,EXP_LinearModel_Alpha158_csi300_custom_step0_s_20260519_15,dd70fe95cbcc49979825778b78cd4677,0.098,,,
2145,2026-05-19,SZ002463,0.0870768129825592,EXP_LinearModel_Alpha158_csi300_custom_step0_s_20260519_15,dd70fe95cbcc49979825778b78cd4677,0.098,,,
2146,2026-05-19,SZ002460,0.0352158360183239,EXP_LinearModel_Alpha158_csi300_custom_step0_s_20260519_15,dd70fe95cbcc49979825778b78cd4677,0.098,,,
2147,2026-05-19,SZ002459,-0.0119452103972435,EXP_LinearModel_Alpha158_csi300_custom_step0_s_20260519_15,dd70fe95cbcc49979825778b78cd4677,0.098,,,
2148,2026-05-19,SZ002600,-0.14183750748634338,EXP_LinearModel_Alpha158_csi300_custom_step0_s_20260519_15,dd70fe95cbcc49979825778b78cd4677,0.098,,,
2149,2026-05-19,SZ002352,-0.12167811393737793,EXP_LinearModel_Alpha158_csi300_custom_step0_s_20260519_15,86f7dc09bf6e4a0aaf85612cf84a155f,0.037,,,
2150,2026-05-19,SH600015,0.041756924241781235,EXP_LinearModel_Alpha158_csi300_custom_step0_s_20260519_15,86f7dc09bf6e4a0aaf85612cf84a155f,0.037,,,
2151,2026-05-19,SH600018,0.1187533587217331,EXP_LinearModel_Alpha158_csi300_custom_step0_s_20260519_15,86f7dc09bf6e4a0aaf85612cf84a155f,0.037,,,
2152,2026-05-19,SH600741,-0.07609047740697861,EXP_LinearModel_Alpha158_csi300_custom_step0_s_20260519_15,86f7dc09bf6e4a0aaf85612cf84a155f,0.037,,,
2153,2026-05-19,SH600690,-0.017175592482089996,EXP_LinearModel_Alpha158_csi300_custom_step0_s_20260519_15,86f7dc09bf6e4a0aaf85612cf84a155f,0.037,,,
2154,2026-05-19,SH600674,0.01632862724363804,EXP_LinearModel_Alpha158_csi300_custom_step0_s_20260519_15,86f7dc09bf6e4a0aaf85612cf84a155f,0.037,,,
2155,2026-05-19,SH600660,-0.024861667305231094,EXP_LinearModel_Alpha158_csi300_custom_step0_s_20260519_15,86f7dc09bf6e4a0aaf85612cf84a155f,0.037,,,
2156,2026-05-19,SH600600,-0.09419326484203339,EXP_LinearModel_Alpha158_csi300_custom_step0_s_20260519_15,86f7dc09bf6e4a0aaf85612cf84a155f,0.037,,,
2157,2026-05-19,SH600588,0.010175869800150394,EXP_LinearModel_Alpha158_csi300_custom_step0_s_20260519_15,86f7dc09bf6e4a0aaf85612cf84a155f,0.037,,,
2158,2026-05-19,SH600585,-0.022210871800780296,EXP_LinearModel_Alpha158_csi300_custom_step0_s_20260519_15,86f7dc09bf6e4a0aaf85612cf84a155f,0.037,,,
2159,2026-05-19,SH600760,0.014369530603289604,EXP_LinearModel_Alpha158_csi300_custom_step0_s_20260519_15,86f7dc09bf6e4a0aaf85612cf84a155f,0.037,,,
2160,2026-05-19,SH600584,-0.04302100092172623,EXP_LinearModel_Alpha158_csi300_custom_step0_s_20260519_15,86f7dc09bf6e4a0aaf85612cf84a155f,0.037,,,
2161,2026-05-19,SH600547,0.0486135333776474,EXP_LinearModel_Alpha158_csi300_custom_step0_s_20260519_15,86f7dc09bf6e4a0aaf85612cf84a155f,0.037,,,
2162,2026-05-19,SH600522,-0.026822758838534355,EXP_LinearModel_Alpha158_csi300_custom_step0_s_20260519_15,86f7dc09bf6e4a0aaf85612cf84a155f,0.037,,,
2163,2026-05-19,SH600519,-0.06827779859304428,EXP_LinearModel_Alpha158_csi300_custom_step0_s_20260519_15,86f7dc09bf6e4a0aaf85612cf84a155f,0.037,,,
2164,2026-05-19,SH600515,-0.00978781096637249,EXP_LinearModel_Alpha158_csi300_custom_step0_s_20260519_15,86f7dc09bf6e4a0aaf85612cf84a155f,0.037,,,
2165,2026-05-19,SH600489,0.03755147382616997,EXP_LinearModel_Alpha158_csi300_custom_step0_s_20260519_15,86f7dc09bf6e4a0aaf85612cf84a155f,0.037,,,
2166,2026-05-19,SH600482,0.01542777568101883,EXP_LinearModel_Alpha158_csi300_custom_step0_s_20260519_15,86f7dc09bf6e4a0aaf85612cf84a155f,0.037,,,
2167,2026-05-19,SH600460,-0.008830001577734947,EXP_LinearModel_Alpha158_csi300_custom_step0_s_20260519_15,86f7dc09bf6e4a0aaf85612cf84a155f,0.037,,,
2168,2026-05-19,SH600570,-0.02733391895890236,EXP_LinearModel_Alpha158_csi300_custom_step0_s_20260519_15,86f7dc09bf6e4a0aaf85612cf84a155f,0.037,,,
2169,2026-05-19,SH600438,0.1228281557559967,EXP_LinearModel_Alpha158_csi300_custom_step0_s_20260519_15,86f7dc09bf6e4a0aaf85612cf84a155f,0.037,,,
2170,2026-05-19,SH600795,0.009189617820084095,EXP_LinearModel_Alpha158_csi300_custom_step0_s_20260519_15,86f7dc09bf6e4a0aaf85612cf84a155f,0.037,,,
2171,2026-05-19,SH600809,-0.009845498017966747,EXP_LinearModel_Alpha158_csi300_custom_step0_s_20260519_15,86f7dc09bf6e4a0aaf85612cf84a155f,0.037,,,
2172,2026-05-19,SH600999,0.05369053781032562,EXP_LinearModel_Alpha158_csi300_custom_step0_s_20260519_15,86f7dc09bf6e4a0aaf85612cf84a155f,0.037,,,
2173,2026-05-19,SH600989,0.028900546953082085,EXP_LinearModel_Alpha158_csi300_custom_step0_s_20260519_15,86f7dc09bf6e4a0aaf85612cf84a155f,0.037,,,
2174,2026-05-19,SH600958,,EXP_LinearModel_Alpha158_csi300_custom_step0_s_20260519_15,86f7dc09bf6e4a0aaf85612cf84a155f,0.037,,,
2175,2026-05-19,SH600941,0.04537389799952507,EXP_LinearModel_Alpha158_csi300_custom_step0_s_20260519_15,86f7dc09bf6e4a0aaf85612cf84a155f,0.037,,,
2176,2026-05-19,SH600938,0.07517053931951523,EXP_LinearModel_Alpha158_csi300_custom_step0_s_20260519_15,86f7dc09bf6e4a0aaf85612cf84a155f,0.037,,,
2177,2026-05-19,SH600930,0.01645069196820259,EXP_LinearModel_Alpha158_csi300_custom_step0_s_20260519_15,86f7dc09bf6e4a0aaf85612cf84a155f,0.037,,,
2178,2026-05-19,SH600926,-0.053755395114421844,EXP_LinearModel_Alpha158_csi300_custom_step0_s_20260519_15,86f7dc09bf6e4a0aaf85612cf84a155f,0.037,,,
2179,2026-05-19,SH600803,0.07602306455373764,EXP_LinearModel_Alpha158_csi300_custom_step0_s_20260519_15,86f7dc09bf6e4a0aaf85612cf84a155f,0.037,,,
2180,2026-05-19,SH600919,0.03019345924258232,EXP_LinearModel_Alpha158_csi300_custom_step0_s_20260519_15,86f7dc09bf6e4a0aaf85612cf84a155f,0.037,,,
2181,2026-05-19,SH600905,-0.04142758622765541,EXP_LinearModel_Alpha158_csi300_custom_step0_s_20260519_15,86f7dc09bf6e4a0aaf85612cf84a155f,0.037,,,
2182,2026-05-19,SH600900,-0.013295239768922329,EXP_LinearModel_Alpha158_csi300_custom_step0_s_20260519_15,86f7dc09bf6e4a0aaf85612cf84a155f,0.037,,,
2183,2026-05-19,SH600893,0.05526743829250336,EXP_LinearModel_Alpha158_csi300_custom_step0_s_20260519_15,86f7dc09bf6e4a0aaf85612cf84a155f,0.037,,,
2184,2026-05-19,SH600887,0.040933623909950256,EXP_LinearModel_Alpha158_csi300_custom_step0_s_20260519_15,86f7dc09bf6e4a0aaf85612cf84a155f,0.037,,,
2185,2026-05-19,SH600886,-0.00759892538189888,EXP_LinearModel_Alpha158_csi300_custom_step0_s_20260519_15,86f7dc09bf6e4a0aaf85612cf84a155f,0.037,,,
2186,2026-05-19,SH600875,0.018131760880351067,EXP_LinearModel_Alpha158_csi300_custom_step0_s_20260519_15,86f7dc09bf6e4a0aaf85612cf84a155f,0.037,,,
2187,2026-05-19,SH600845,0.008013996295630932,EXP_LinearModel_Alpha158_csi300_custom_step0_s_20260519_15,86f7dc09bf6e4a0aaf85612cf84a155f,0.037,,,
2188,2026-05-19,SH600918,-0.040349699556827545,EXP_LinearModel_Alpha158_csi300_custom_step0_s_20260519_15,86f7dc09bf6e4a0aaf85612cf84a155f,0.037,,,
2189,2026-05-19,SH600016,-0.020051803439855576,EXP_LinearModel_Alpha158_csi300_custom_step0_s_20260519_15,86f7dc09bf6e4a0aaf85612cf84a155f,0.037,,,
2190,2026-05-19,SH600436,-0.00363272987306118,EXP_LinearModel_Alpha158_csi300_custom_step0_s_20260519_15,86f7dc09bf6e4a0aaf85612cf84a155f,0.037,,,
2191,2026-05-19,SH600415,-0.019948024302721024,EXP_LinearModel_Alpha158_csi300_custom_step0_s_20260519_15,86f7dc09bf6e4a0aaf85612cf84a155f,0.037,,,
2192,2026-05-19,SH600085,-0.06498270481824875,EXP_LinearModel_Alpha158_csi300_custom_step0_s_20260519_15,86f7dc09bf6e4a0aaf85612cf84a155f,0.037,,,
2193,2026-05-19,SH600066,-0.04488963633775711,EXP_LinearModel_Alpha158_csi300_custom_step0_s_20260519_15,86f7dc09bf6e4a0aaf85612cf84a155f,0.037,,,
2194,2026-05-19,SH600061,0.03463824465870857,EXP_LinearModel_Alpha158_csi300_custom_step0_s_20260519_15,86f7dc09bf6e4a0aaf85612cf84a155f,0.037,,,
2195,2026-05-19,SH600050,-0.043035708367824554,EXP_LinearModel_Alpha158_csi300_custom_step0_s_20260519_15,86f7dc09bf6e4a0aaf85612cf84a155f,0.037,,,
2196,2026-05-19,SH600048,0.02280038222670555,EXP_LinearModel_Alpha158_csi300_custom_step0_s_20260519_15,86f7dc09bf6e4a0aaf85612cf84a155f,0.037,,,
2197,2026-05-19,SH600039,0.09353815764188766,EXP_LinearModel_Alpha158_csi300_custom_step0_s_20260519_15,86f7dc09bf6e4a0aaf85612cf84a155f,0.037,,,
2198,2026-05-19,SH600036,-0.08118163794279099,EXP_LinearModel_Alpha158_csi300_custom_step0_s_20260519_15,86f7dc09bf6e4a0aaf85612cf84a155f,0.037,,,
2199,2026-05-19,SH600089,-0.006782145239412785,EXP_LinearModel_Alpha158_csi300_custom_step0_s_20260519_15,86f7dc09bf6e4a0aaf85612cf84a155f,0.037,,,
2200,2026-05-19,SH600031,0.0349976122379303,EXP_LinearModel_Alpha158_csi300_custom_step0_s_20260519_15,86f7dc09bf6e4a0aaf85612cf84a155f,0.037,,,
2201,2026-05-19,SH600029,-0.051450274884700775,EXP_LinearModel_Alpha158_csi300_custom_step0_s_20260519_15,86f7dc09bf6e4a0aaf85612cf84a155f,0.037,,,
2202,2026-05-19,SH600028,-0.041242748498916626,EXP_LinearModel_Alpha158_csi300_custom_step0_s_20260519_15,86f7dc09bf6e4a0aaf85612cf84a155f,0.037,,,
2203,2026-05-19,SH600027,0.006211612373590469,EXP_LinearModel_Alpha158_csi300_custom_step0_s_20260519_15,86f7dc09bf6e4a0aaf85612cf84a155f,0.037,,,
2204,2026-05-19,SH600026,0.006185623817145824,EXP_LinearModel_Alpha158_csi300_custom_step0_s_20260519_15,86f7dc09bf6e4a0aaf85612cf84a155f,0.037,,,
2205,2026-05-19,SH600025,0.0927952378988266,EXP_LinearModel_Alpha158_csi300_custom_step0_s_20260519_15,86f7dc09bf6e4a0aaf85612cf84a155f,0.037,,,
2206,2026-05-19,SH600023,0.07489040493965149,EXP_LinearModel_Alpha158_csi300_custom_step0_s_20260519_15,86f7dc09bf6e4a0aaf85612cf84a155f,0.037,,,
2207,2026-05-19,SH600019,0.016873164102435112,EXP_LinearModel_Alpha158_csi300_custom_step0_s_20260519_15,86f7dc09bf6e4a0aaf85612cf84a155f,0.037,,,
2208,2026-05-19,SH600030,-0.010350658558309078,EXP_LinearModel_Alpha158_csi300_custom_step0_s_20260519_15,86f7dc09bf6e4a0aaf85612cf84a155f,0.037,,,
2209,2026-05-19,SH600426,0.09708893299102783,EXP_LinearModel_Alpha158_csi300_custom_step0_s_20260519_15,86f7dc09bf6e4a0aaf85612cf84a155f,0.037,,,
2210,2026-05-19,SH600104,-0.042315565049648285,EXP_LinearModel_Alpha158_csi300_custom_step0_s_20260519_15,86f7dc09bf6e4a0aaf85612cf84a155f,0.037,,,
2211,2026-05-19,SH600115,-0.05098588764667511,EXP_LinearModel_Alpha158_csi300_custom_step0_s_20260519_15,86f7dc09bf6e4a0aaf85612cf84a155f,0.037,,,
2212,2026-05-19,SH600406,-0.03780367225408554,EXP_LinearModel_Alpha158_csi300_custom_step0_s_20260519_15,86f7dc09bf6e4a0aaf85612cf84a155f,0.037,,,
2213,2026-05-19,SH600377,0.06149282678961754,EXP_LinearModel_Alpha158_csi300_custom_step0_s_20260519_15,86f7dc09bf6e4a0aaf85612cf84a155f,0.037,,,
2214,2026-05-19,SH600372,0.013942900113761425,EXP_LinearModel_Alpha158_csi300_custom_step0_s_20260519_15,86f7dc09bf6e4a0aaf85612cf84a155f,0.037,,,
2215,2026-05-19,SH600362,-0.013279560022056103,EXP_LinearModel_Alpha158_csi300_custom_step0_s_20260519_15,86f7dc09bf6e4a0aaf85612cf84a155f,0.037,,,
2216,2026-05-19,SH600346,0.022296583279967308,EXP_LinearModel_Alpha158_csi300_custom_step0_s_20260519_15,86f7dc09bf6e4a0aaf85612cf84a155f,0.037,,,
2217,2026-05-19,SH600309,0.07655958831310272,EXP_LinearModel_Alpha158_csi300_custom_step0_s_20260519_15,86f7dc09bf6e4a0aaf85612cf84a155f,0.037,,,
2218,2026-05-19,SH600276,0.0336124412715435,EXP_LinearModel_Alpha158_csi300_custom_step0_s_20260519_15,86f7dc09bf6e4a0aaf85612cf84a155f,0.037,,,
2219,2026-05-19,SH600111,0.08157597482204437,EXP_LinearModel_Alpha158_csi300_custom_step0_s_20260519_15,86f7dc09bf6e4a0aaf85612cf84a155f,0.037,,,
2220,2026-05-19,SH600233,0.043160565197467804,EXP_LinearModel_Alpha158_csi300_custom_step0_s_20260519_15,86f7dc09bf6e4a0aaf85612cf84a155f,0.037,,,
2221,2026-05-19,SH600196,-0.040172602981328964,EXP_LinearModel_Alpha158_csi300_custom_step0_s_20260519_15,86f7dc09bf6e4a0aaf85612cf84a155f,0.037,,,
2222,2026-05-19,SH600188,0.04692757502198219,EXP_LinearModel_Alpha158_csi300_custom_step0_s_20260519_15,86f7dc09bf6e4a0aaf85612cf84a155f,0.037,,,
2223,2026-05-19,SH600183,-0.13817936182022095,EXP_LinearModel_Alpha158_csi300_custom_step0_s_20260519_15,86f7dc09bf6e4a0aaf85612cf84a155f,0.037,,,
2224,2026-05-19,SH600176,0.14102353155612946,EXP_LinearModel_Alpha158_csi300_custom_step0_s_20260519_15,86f7dc09bf6e4a0aaf85612cf84a155f,0.037,,,
2225,2026-05-19,SH600161,0.05166091024875641,EXP_LinearModel_Alpha158_csi300_custom_step0_s_20260519_15,86f7dc09bf6e4a0aaf85612cf84a155f,0.037,,,
2226,2026-05-19,SH600160,0.05008576437830925,EXP_LinearModel_Alpha158_csi300_custom_step0_s_20260519_15,86f7dc09bf6e4a0aaf85612cf84a155f,0.037,,,
2227,2026-05-19,SH600150,0.15931694209575653,EXP_LinearModel_Alpha158_csi300_custom_step0_s_20260519_15,86f7dc09bf6e4a0aaf85612cf84a155f,0.037,,,
2228,2026-05-19,SH600219,0.04714114964008331,EXP_LinearModel_Alpha158_csi300_custom_step0_s_20260519_15,86f7dc09bf6e4a0aaf85612cf84a155f,0.037,,,
2229,2026-05-19,SZ001391,0.012548189610242844,EXP_LinearModel_Alpha158_csi300_custom_step0_s_20260519_15,dd70fe95cbcc49979825778b78cd4677,0.098,,,
2230,2026-05-19,SZ002371,-0.04850202426314354,EXP_LinearModel_Alpha158_csi300_custom_step0_s_20260519_15,86f7dc09bf6e4a0aaf85612cf84a155f,0.037,,,
2231,2026-05-19,SZ002415,-0.018013974651694298,EXP_LinearModel_Alpha158_csi300_custom_step0_s_20260519_15,86f7dc09bf6e4a0aaf85612cf84a155f,0.037,,,
2232,2026-05-19,SH603288,-0.12409093230962753,EXP_LinearModel_Alpha158_csi300_custom_step0_s_20260519_15,3aee3b5fb9d44d4c8db33ad1f579be47,0.09,,,
2233,2026-05-19,SH603260,0.07581201195716858,EXP_LinearModel_Alpha158_csi300_custom_step0_s_20260519_15,3aee3b5fb9d44d4c8db33ad1f579be47,0.09,,,
2234,2026-05-19,SH603259,0.03324281424283981,EXP_LinearModel_Alpha158_csi300_custom_step0_s_20260519_15,3aee3b5fb9d44d4c8db33ad1f579be47,0.09,,,
2235,2026-05-19,SH603195,0.14743050932884216,EXP_LinearModel_Alpha158_csi300_custom_step0_s_20260519_15,3aee3b5fb9d44d4c8db33ad1f579be47,0.09,,,
2236,2026-05-19,SH603019,0.02622673287987709,EXP_LinearModel_Alpha158_csi300_custom_step0_s_20260519_15,3aee3b5fb9d44d4c8db33ad1f579be47,0.09,,,
2237,2026-05-19,SH601998,-0.05051784962415695,EXP_LinearModel_Alpha158_csi300_custom_step0_s_20260519_15,3aee3b5fb9d44d4c8db33ad1f579be47,0.09,,,
2238,2026-05-19,SH601995,0.07331088930368423,EXP_LinearModel_Alpha158_csi300_custom_step0_s_20260519_15,3aee3b5fb9d44d4c8db33ad1f579be47,0.09,,,
2239,2026-05-19,SH601988,-0.01876358687877655,EXP_LinearModel_Alpha158_csi300_custom_step0_s_20260519_15,3aee3b5fb9d44d4c8db33ad1f579be47,0.09,,,
2240,2026-05-19,SH601985,0.04928870499134064,EXP_LinearModel_Alpha158_csi300_custom_step0_s_20260519_15,3aee3b5fb9d44d4c8db33ad1f579be47,0.09,,,
2241,2026-05-19,SH601939,0.020110510289669037,EXP_LinearModel_Alpha158_csi300_custom_step0_s_20260519_15,3aee3b5fb9d44d4c8db33ad1f579be47,0.09,,,
2242,2026-05-19,SH601919,-0.08502502739429474,EXP_LinearModel_Alpha158_csi300_custom_step0_s_20260519_15,3aee3b5fb9d44d4c8db33ad1f579be47,0.09,,,
2243,2026-05-19,SH601916,0.06509236991405487,EXP_LinearModel_Alpha158_csi300_custom_step0_s_20260519_15,3aee3b5fb9d44d4c8db33ad1f579be47,0.09,,,
2244,2026-05-19,SH601901,-0.02269383892416954,EXP_LinearModel_Alpha158_csi300_custom_step0_s_20260519_15,3aee3b5fb9d44d4c8db33ad1f579be47,0.09,,,
2245,2026-05-19,SH601899,0.008103691972792149,EXP_LinearModel_Alpha158_csi300_custom_step0_s_20260519_15,3aee3b5fb9d44d4c8db33ad1f579be47,0.09,,,
2246,2026-05-19,SH601898,0.040487028658390045,EXP_LinearModel_Alpha158_csi300_custom_step0_s_20260519_15,3aee3b5fb9d44d4c8db33ad1f579be47,0.09,,,
2247,2026-05-19,SH603296,-0.1611749827861786,EXP_LinearModel_Alpha158_csi300_custom_step0_s_20260519_15,3aee3b5fb9d44d4c8db33ad1f579be47,0.09,,,
2248,2026-05-19,SH603369,0.07675936073064804,EXP_LinearModel_Alpha158_csi300_custom_step0_s_20260519_15,3aee3b5fb9d44d4c8db33ad1f579be47,0.09,,,
2249,2026-05-19,SH603392,-0.10505658388137817,EXP_LinearModel_Alpha158_csi300_custom_step0_s_20260519_15,3aee3b5fb9d44d4c8db33ad1f579be47,0.09,,,
2250,2026-05-19,SH603501,-0.02874767780303955,EXP_LinearModel_Alpha158_csi300_custom_step0_s_20260519_15,3aee3b5fb9d44d4c8db33ad1f579be47,0.09,,,
2251,2026-05-19,SH688169,-0.05452173203229904,EXP_LinearModel_Alpha158_csi300_custom_step0_s_20260519_15,3aee3b5fb9d44d4c8db33ad1f579be47,0.09,,,
2252,2026-05-19,SH688126,0.0757293850183487,EXP_LinearModel_Alpha158_csi300_custom_step0_s_20260519_15,3aee3b5fb9d44d4c8db33ad1f579be47,0.09,,,
2253,2026-05-19,SH688111,0.017308417707681656,EXP_LinearModel_Alpha158_csi300_custom_step0_s_20260519_15,3aee3b5fb9d44d4c8db33ad1f579be47,0.09,,,
2254,2026-05-19,SH688082,0.01358485221862793,EXP_LinearModel_Alpha158_csi300_custom_step0_s_20260519_15,3aee3b5fb9d44d4c8db33ad1f579be47,0.09,,,
2255,2026-05-19,SH688047,0.02415238693356514,EXP_LinearModel_Alpha158_csi300_custom_step0_s_20260519_15,3aee3b5fb9d44d4c8db33ad1f579be47,0.09,,,
2256,2026-05-19,SH688041,-0.031170375645160675,EXP_LinearModel_Alpha158_csi300_custom_step0_s_20260519_15,3aee3b5fb9d44d4c8db33ad1f579be47,0.09,,,
2257,2026-05-19,SH688036,0.09119691699743271,EXP_LinearModel_Alpha158_csi300_custom_step0_s_20260519_15,3aee3b5fb9d44d4c8db33ad1f579be47,0.09,,,
2258,2026-05-19,SH601888,0.06401459872722626,EXP_LinearModel_Alpha158_csi300_custom_step0_s_20260519_15,3aee3b5fb9d44d4c8db33ad1f579be47,0.09,,,
2259,2026-05-19,SH688012,0.005179464817047119,EXP_LinearModel_Alpha158_csi300_custom_step0_s_20260519_15,3aee3b5fb9d44d4c8db33ad1f579be47,0.09,,,
2260,2026-05-19,SH688008,-0.023358002305030823,EXP_LinearModel_Alpha158_csi300_custom_step0_s_20260519_15,3aee3b5fb9d44d4c8db33ad1f579be47,0.09,,,
2261,2026-05-19,SH605499,0.1275804042816162,EXP_LinearModel_Alpha158_csi300_custom_step0_s_20260519_15,3aee3b5fb9d44d4c8db33ad1f579be47,0.09,,,
2262,2026-05-19,SH605117,0.10460788756608963,EXP_LinearModel_Alpha158_csi300_custom_step0_s_20260519_15,3aee3b5fb9d44d4c8db33ad1f579be47,0.09,,,
2263,2026-05-19,SH603993,0.01602495089173317,EXP_LinearModel_Alpha158_csi300_custom_step0_s_20260519_15,3aee3b5fb9d44d4c8db33ad1f579be47,0.09,,,
2264,2026-05-19,SH603986,-0.03314411640167236,EXP_LinearModel_Alpha158_csi300_custom_step0_s_20260519_15,3aee3b5fb9d44d4c8db33ad1f579be47,0.09,,,
2265,2026-05-19,SH603893,0.16125957667827606,EXP_LinearModel_Alpha158_csi300_custom_step0_s_20260519_15,3aee3b5fb9d44d4c8db33ad1f579be47,0.09,,,
2266,2026-05-19,SH603799,0.07556232810020447,EXP_LinearModel_Alpha158_csi300_custom_step0_s_20260519_15,3aee3b5fb9d44d4c8db33ad1f579be47,0.09,,,
2267,2026-05-19,SH688009,-0.030578438192605972,EXP_LinearModel_Alpha158_csi300_custom_step0_s_20260519_15,3aee3b5fb9d44d4c8db33ad1f579be47,0.09,,,
2268,2026-05-19,SH601881,0.00441766157746315,EXP_LinearModel_Alpha158_csi300_custom_step0_s_20260519_15,3aee3b5fb9d44d4c8db33ad1f579be47,0.09,,,
2269,2026-05-19,SH601878,-0.029967498034238815,EXP_LinearModel_Alpha158_csi300_custom_step0_s_20260519_15,3aee3b5fb9d44d4c8db33ad1f579be47,0.09,,,
2270,2026-05-19,SH601877,-0.08922436088323593,EXP_LinearModel_Alpha158_csi300_custom_step0_s_20260519_15,3aee3b5fb9d44d4c8db33ad1f579be47,0.09,,,
2271,2026-05-19,SH601618,0.03984535485506058,EXP_LinearModel_Alpha158_csi300_custom_step0_s_20260519_15,3aee3b5fb9d44d4c8db33ad1f579be47,0.09,,,
2272,2026-05-19,SH601607,-0.00204049376770854,EXP_LinearModel_Alpha158_csi300_custom_step0_s_20260519_15,3aee3b5fb9d44d4c8db33ad1f579be47,0.09,,,
2273,2026-05-19,SH601601,0.002002216875553131,EXP_LinearModel_Alpha158_csi300_custom_step0_s_20260519_15,3aee3b5fb9d44d4c8db33ad1f579be47,0.09,,,
2274,2026-05-19,SH601600,-0.02325669676065445,EXP_LinearModel_Alpha158_csi300_custom_step0_s_20260519_15,3aee3b5fb9d44d4c8db33ad1f579be47,0.09,,,
2275,2026-05-19,SH601456,-0.023679710924625397,EXP_LinearModel_Alpha158_csi300_custom_step0_s_20260519_15,3aee3b5fb9d44d4c8db33ad1f579be47,0.09,,,
2276,2026-05-19,SH601398,-0.03607014939188957,EXP_LinearModel_Alpha158_csi300_custom_step0_s_20260519_15,3aee3b5fb9d44d4c8db33ad1f579be47,0.09,,,
2277,2026-05-19,SH601390,-0.036986615508794785,EXP_LinearModel_Alpha158_csi300_custom_step0_s_20260519_15,3aee3b5fb9d44d4c8db33ad1f579be47,0.09,,,
2278,2026-05-19,SH601628,0.029020382091403008,EXP_LinearModel_Alpha158_csi300_custom_step0_s_20260519_15,3aee3b5fb9d44d4c8db33ad1f579be47,0.09,,,
2279,2026-05-19,SH601377,-0.0027940962463617325,EXP_LinearModel_Alpha158_csi300_custom_step0_s_20260519_15,3aee3b5fb9d44d4c8db33ad1f579be47,0.09,,,
2280,2026-05-19,SH601336,0.06152917817234993,EXP_LinearModel_Alpha158_csi300_custom_step0_s_20260519_15,3aee3b5fb9d44d4c8db33ad1f579be47,0.09,,,
2281,2026-05-19,SH601328,-0.059498269110918045,EXP_LinearModel_Alpha158_csi300_custom_step0_s_20260519_15,3aee3b5fb9d44d4c8db33ad1f579be47,0.09,,,
2282,2026-05-19,SH601319,0.029881015419960022,EXP_LinearModel_Alpha158_csi300_custom_step0_s_20260519_15,3aee3b5fb9d44d4c8db33ad1f579be47,0.09,,,
2283,2026-05-19,SH601318,0.042154598981142044,EXP_LinearModel_Alpha158_csi300_custom_step0_s_20260519_15,3aee3b5fb9d44d4c8db33ad1f579be47,0.09,,,
2284,2026-05-19,SH601298,0.052538830786943436,EXP_LinearModel_Alpha158_csi300_custom_step0_s_20260519_15,3aee3b5fb9d44d4c8db33ad1f579be47,0.09,,,
2285,2026-05-19,SH601288,0.007216896861791611,EXP_LinearModel_Alpha158_csi300_custom_step0_s_20260519_15,3aee3b5fb9d44d4c8db33ad1f579be47,0.09,,,
2286,2026-05-19,SH601238,-0.012992827221751213,EXP_LinearModel_Alpha158_csi300_custom_step0_s_20260519_15,3aee3b5fb9d44d4c8db33ad1f579be47,0.09,,,
2287,2026-05-19,SH601360,0.027202174067497253,EXP_LinearModel_Alpha158_csi300_custom_step0_s_20260519_15,3aee3b5fb9d44d4c8db33ad1f579be47,0.09,,,
2288,2026-05-19,SH688187,-0.16644279658794403,EXP_LinearModel_Alpha158_csi300_custom_step0_s_20260519_15,3aee3b5fb9d44d4c8db33ad1f579be47,0.09,,,
2289,2026-05-19,SH601633,-0.05313028022646904,EXP_LinearModel_Alpha158_csi300_custom_step0_s_20260519_15,3aee3b5fb9d44d4c8db33ad1f579be47,0.09,,,
2290,2026-05-19,SH601668,-0.03175368532538414,EXP_LinearModel_Alpha158_csi300_custom_step0_s_20260519_15,3aee3b5fb9d44d4c8db33ad1f579be47,0.09,,,
2291,2026-05-19,SH601872,0.009791126474738121,EXP_LinearModel_Alpha158_csi300_custom_step0_s_20260519_15,3aee3b5fb9d44d4c8db33ad1f579be47,0.09,,,
2292,2026-05-19,SH601868,0.04298514872789383,EXP_LinearModel_Alpha158_csi300_custom_step0_s_20260519_15,3aee3b5fb9d44d4c8db33ad1f579be47,0.09,,,
2293,2026-05-19,SH601857,0.05080469697713852,EXP_LinearModel_Alpha158_csi300_custom_step0_s_20260519_15,3aee3b5fb9d44d4c8db33ad1f579be47,0.09,,,
2294,2026-05-19,SH601838,0.04915037378668785,EXP_LinearModel_Alpha158_csi300_custom_step0_s_20260519_15,3aee3b5fb9d44d4c8db33ad1f579be47,0.09,,,
2295,2026-05-19,SH601825,-0.09730885177850723,EXP_LinearModel_Alpha158_csi300_custom_step0_s_20260519_15,3aee3b5fb9d44d4c8db33ad1f579be47,0.09,,,
2296,2026-05-19,SH601818,-0.03494437411427498,EXP_LinearModel_Alpha158_csi300_custom_step0_s_20260519_15,3aee3b5fb9d44d4c8db33ad1f579be47,0.09,,,
2297,2026-05-19,SH601816,-0.028690282255411148,EXP_LinearModel_Alpha158_csi300_custom_step0_s_20260519_15,3aee3b5fb9d44d4c8db33ad1f579be47,0.09,,,
2298,2026-05-19,SH601658,-0.03414617478847504,EXP_LinearModel_Alpha158_csi300_custom_step0_s_20260519_15,3aee3b5fb9d44d4c8db33ad1f579be47,0.09,,,
2299,2026-05-19,SH601808,0.11019313335418701,EXP_LinearModel_Alpha158_csi300_custom_step0_s_20260519_15,3aee3b5fb9d44d4c8db33ad1f579be47,0.09,,,
2300,2026-05-19,SH601788,-0.08295370638370514,EXP_LinearModel_Alpha158_csi300_custom_step0_s_20260519_15,3aee3b5fb9d44d4c8db33ad1f579be47,0.09,,,
2301,2026-05-19,SH601766,-0.05630393326282501,EXP_LinearModel_Alpha158_csi300_custom_step0_s_20260519_15,3aee3b5fb9d44d4c8db33ad1f579be47,0.09,,,
2302,2026-05-19,SH601728,-0.013217180967330933,EXP_LinearModel_Alpha158_csi300_custom_step0_s_20260519_15,3aee3b5fb9d44d4c8db33ad1f579be47,0.09,,,
2303,2026-05-19,SH601698,0.22135990858078003,EXP_LinearModel_Alpha158_csi300_custom_step0_s_20260519_15,3aee3b5fb9d44d4c8db33ad1f579be47,0.09,,,
2304,2026-05-19,SH601689,0.05959203839302063,EXP_LinearModel_Alpha158_csi300_custom_step0_s_20260519_15,3aee3b5fb9d44d4c8db33ad1f579be47,0.09,,,
2305,2026-05-19,SH601688,0.0544564351439476,EXP_LinearModel_Alpha158_csi300_custom_step0_s_20260519_15,3aee3b5fb9d44d4c8db33ad1f579be47,0.09,,,
2306,2026-05-19,SH601669,0.014471419155597687,EXP_LinearModel_Alpha158_csi300_custom_step0_s_20260519_15,3aee3b5fb9d44d4c8db33ad1f579be47,0.09,,,
2307,2026-05-19,SH601800,-0.15927863121032715,EXP_LinearModel_Alpha158_csi300_custom_step0_s_20260519_15,3aee3b5fb9d44d4c8db33ad1f579be47,0.09,,,
2308,2026-05-19,SH688223,0.004754252731800079,EXP_LinearModel_Alpha158_csi300_custom_step0_s_20260519_15,3aee3b5fb9d44d4c8db33ad1f579be47,0.09,,,
2309,2026-05-19,SH688256,-0.12741325795650482,EXP_LinearModel_Alpha158_csi300_custom_step0_s_20260519_15,3aee3b5fb9d44d4c8db33ad1f579be47,0.09,,,
2310,2026-05-19,SH688271,-0.022340737283229828,EXP_LinearModel_Alpha158_csi300_custom_step0_s_20260519_15,3aee3b5fb9d44d4c8db33ad1f579be47,0.09,,,
2311,2026-05-19,SZ002304,-0.10502097010612488,EXP_LinearModel_Alpha158_csi300_custom_step0_s_20260519_15,3aee3b5fb9d44d4c8db33ad1f579be47,0.09,,,
2312,2026-05-19,SZ002252,0.005993662402033806,EXP_LinearModel_Alpha158_csi300_custom_step0_s_20260519_15,3aee3b5fb9d44d4c8db33ad1f579be47,0.09,,,
2313,2026-05-19,SZ002241,0.10475482046604156,EXP_LinearModel_Alpha158_csi300_custom_step0_s_20260519_15,3aee3b5fb9d44d4c8db33ad1f579be47,0.09,,,
2314,2026-05-19,SZ002236,-0.009385031647980213,EXP_LinearModel_Alpha158_csi300_custom_step0_s_20260519_15,3aee3b5fb9d44d4c8db33ad1f579be47,0.09,,,
2315,2026-05-19,SZ002230,0.06367120146751404,EXP_LinearModel_Alpha158_csi300_custom_step0_s_20260519_15,3aee3b5fb9d44d4c8db33ad1f579be47,0.09,,,
2316,2026-05-19,SZ002179,0.027758268639445305,EXP_LinearModel_Alpha158_csi300_custom_step0_s_20260519_15,3aee3b5fb9d44d4c8db33ad1f579be47,0.09,,,
2317,2026-05-19,SZ002142,0.05608557164669037,EXP_LinearModel_Alpha158_csi300_custom_step0_s_20260519_15,3aee3b5fb9d44d4c8db33ad1f579be47,0.09,,,
2318,2026-05-19,SZ002311,-0.0882083922624588,EXP_LinearModel_Alpha158_csi300_custom_step0_s_20260519_15,3aee3b5fb9d44d4c8db33ad1f579be47,0.09,,,
2319,2026-05-19,SZ002074,-0.10398761928081512,EXP_LinearModel_Alpha158_csi300_custom_step0_s_20260519_15,3aee3b5fb9d44d4c8db33ad1f579be47,0.09,,,
2320,2026-05-19,SZ002049,0.07043691724538803,EXP_LinearModel_Alpha158_csi300_custom_step0_s_20260519_15,3aee3b5fb9d44d4c8db33ad1f579be47,0.09,,,
2321,2026-05-19,SZ002028,-0.1581922173500061,EXP_LinearModel_Alpha158_csi300_custom_step0_s_20260519_15,3aee3b5fb9d44d4c8db33ad1f579be47,0.09,,,
2322,2026-05-19,SZ002027,-0.026622075587511063,EXP_LinearModel_Alpha158_csi300_custom_step0_s_20260519_15,3aee3b5fb9d44d4c8db33ad1f579be47,0.09,,,
2323,2026-05-19,SZ002001,-0.05216152220964432,EXP_LinearModel_Alpha158_csi300_custom_step0_s_20260519_15,3aee3b5fb9d44d4c8db33ad1f579be47,0.09,,,
2324,2026-05-19,SZ001979,0.03680187463760376,EXP_LinearModel_Alpha158_csi300_custom_step0_s_20260519_15,3aee3b5fb9d44d4c8db33ad1f579be47,0.09,,,
2325,2026-05-19,SZ001965,0.10732664167881012,EXP_LinearModel_Alpha158_csi300_custom_step0_s_20260519_15,3aee3b5fb9d44d4c8db33ad1f579be47,0.09,,,
2326,2026-05-19,SZ001391,-0.12042409181594849,EXP_LinearModel_Alpha158_csi300_custom_step0_s_20260519_15,3aee3b5fb9d44d4c8db33ad1f579be47,0.09,,,
2327,2026-05-19,SZ002050,0.10594651848077774,EXP_LinearModel_Alpha158_csi300_custom_step0_s_20260519_15,3aee3b5fb9d44d4c8db33ad1f579be47,0.09,,,
2328,2026-05-19,SZ000999,-0.09645264595746994,EXP_LinearModel_Alpha158_csi300_custom_step0_s_20260519_15,3aee3b5fb9d44d4c8db33ad1f579be47,0.09,,,
2329,2026-05-19,SZ002352,-0.12557031214237213,EXP_LinearModel_Alpha158_csi300_custom_step0_s_20260519_15,3aee3b5fb9d44d4c8db33ad1f579be47,0.09,,,
2330,2026-05-19,SZ002384,0.22892192006111145,EXP_LinearModel_Alpha158_csi300_custom_step0_s_20260519_15,3aee3b5fb9d44d4c8db33ad1f579be47,0.09,,,
2331,2026-05-19,SZ002736,-0.11232027411460876,EXP_LinearModel_Alpha158_csi300_custom_step0_s_20260519_15,3aee3b5fb9d44d4c8db33ad1f579be47,0.09,,,
2332,2026-05-19,SZ002714,-0.011065283790230751,EXP_LinearModel_Alpha158_csi300_custom_step0_s_20260519_15,3aee3b5fb9d44d4c8db33ad1f579be47,0.09,,,
2333,2026-05-19,SZ002709,0.07225663959980011,EXP_LinearModel_Alpha158_csi300_custom_step0_s_20260519_15,3aee3b5fb9d44d4c8db33ad1f579be47,0.09,,,
2334,2026-05-19,SZ002648,-0.11078592389822006,EXP_LinearModel_Alpha158_csi300_custom_step0_s_20260519_15,3aee3b5fb9d44d4c8db33ad1f579be47,0.09,,,
2335,2026-05-19,SZ002625,0.013568595051765442,EXP_LinearModel_Alpha158_csi300_custom_step0_s_20260519_15,3aee3b5fb9d44d4c8db33ad1f579be47,0.09,,,
2336,2026-05-19,SZ002601,-0.03306557983160019,EXP_LinearModel_Alpha158_csi300_custom_step0_s_20260519_15,3aee3b5fb9d44d4c8db33ad1f579be47,0.09,,,
2337,2026-05-19,SZ002600,0.0014175176620483398,EXP_LinearModel_Alpha158_csi300_custom_step0_s_20260519_15,3aee3b5fb9d44d4c8db33ad1f579be47,0.09,,,
2338,2026-05-19,SZ002371,0.059761304408311844,EXP_LinearModel_Alpha158_csi300_custom_step0_s_20260519_15,3aee3b5fb9d44d4c8db33ad1f579be47,0.09,,,
2339,2026-05-19,SZ002594,0.025283079594373703,EXP_LinearModel_Alpha158_csi300_custom_step0_s_20260519_15,3aee3b5fb9d44d4c8db33ad1f579be47,0.09,,,
2340,2026-05-19,SZ002475,0.21293166279792786,EXP_LinearModel_Alpha158_csi300_custom_step0_s_20260519_15,3aee3b5fb9d44d4c8db33ad1f579be47,0.09,,,
2341,2026-05-19,SZ002466,0.20527318120002747,EXP_LinearModel_Alpha158_csi300_custom_step0_s_20260519_15,3aee3b5fb9d44d4c8db33ad1f579be47,0.09,,,
2342,2026-05-19,SZ002463,0.10328347980976105,EXP_LinearModel_Alpha158_csi300_custom_step0_s_20260519_15,3aee3b5fb9d44d4c8db33ad1f579be47,0.09,,,
2343,2026-05-19,SZ002460,0.06522663682699203,EXP_LinearModel_Alpha158_csi300_custom_step0_s_20260519_15,3aee3b5fb9d44d4c8db33ad1f579be47,0.09,,,
2344,2026-05-19,SZ002459,-0.03349924460053444,EXP_LinearModel_Alpha158_csi300_custom_step0_s_20260519_15,3aee3b5fb9d44d4c8db33ad1f579be47,0.09,,,
2345,2026-05-19,SZ002422,0.09708287566900253,EXP_LinearModel_Alpha158_csi300_custom_step0_s_20260519_15,3aee3b5fb9d44d4c8db33ad1f579be47,0.09,,,
2346,2026-05-19,SZ002415,0.1112547218799591,EXP_LinearModel_Alpha158_csi300_custom_step0_s_20260519_15,3aee3b5fb9d44d4c8db33ad1f579be47,0.09,,,
2347,2026-05-19,SZ002493,0.14069531857967377,EXP_LinearModel_Alpha158_csi300_custom_step0_s_20260519_15,3aee3b5fb9d44d4c8db33ad1f579be47,0.09,,,
2348,2026-05-19,SH601236,-0.11150556802749634,EXP_LinearModel_Alpha158_csi300_custom_step0_s_20260519_15,3aee3b5fb9d44d4c8db33ad1f579be47,0.09,,,
2349,2026-05-19,SZ000983,-0.010872225277125835,EXP_LinearModel_Alpha158_csi300_custom_step0_s_20260519_15,3aee3b5fb9d44d4c8db33ad1f579be47,0.09,,,
2350,2026-05-19,SZ000975,-0.13066263496875763,EXP_LinearModel_Alpha158_csi300_custom_step0_s_20260519_15,3aee3b5fb9d44d4c8db33ad1f579be47,0.09,,,
2351,2026-05-19,SZ000425,-0.004533233121037483,EXP_LinearModel_Alpha158_csi300_custom_step0_s_20260519_15,3aee3b5fb9d44d4c8db33ad1f579be47,0.09,,,
2352,2026-05-19,SZ000408,0.11339074373245239,EXP_LinearModel_Alpha158_csi300_custom_step0_s_20260519_15,3aee3b5fb9d44d4c8db33ad1f579be47,0.09,,,
2353,2026-05-19,SZ000338,-0.01651664450764656,EXP_LinearModel_Alpha158_csi300_custom_step0_s_20260519_15,3aee3b5fb9d44d4c8db33ad1f579be47,0.09,,,
2354,2026-05-19,SZ000333,0.09115320444107056,EXP_LinearModel_Alpha158_csi300_custom_step0_s_20260519_15,3aee3b5fb9d44d4c8db33ad1f579be47,0.09,,,
2355,2026-05-19,SZ000301,0.3004036247730255,EXP_LinearModel_Alpha158_csi300_custom_step0_s_20260519_15,3aee3b5fb9d44d4c8db33ad1f579be47,0.09,,,
2356,2026-05-19,SZ000166,-0.04341728240251541,EXP_LinearModel_Alpha158_csi300_custom_step0_s_20260519_15,3aee3b5fb9d44d4c8db33ad1f579be47,0.09,,,
2357,2026-05-19,SZ000157,0.06468689441680908,EXP_LinearModel_Alpha158_csi300_custom_step0_s_20260519_15,3aee3b5fb9d44d4c8db33ad1f579be47,0.09,,,
2358,2026-05-19,SZ000538,-0.09899818897247314,EXP_LinearModel_Alpha158_csi300_custom_step0_s_20260519_15,3aee3b5fb9d44d4c8db33ad1f579be47,0.09,,,
2359,2026-05-19,SZ000100,-0.007510365918278694,EXP_LinearModel_Alpha158_csi300_custom_step0_s_20260519_15,3aee3b5fb9d44d4c8db33ad1f579be47,0.09,,,
2360,2026-05-19,SZ000002,0.05037320405244827,EXP_LinearModel_Alpha158_csi300_custom_step0_s_20260519_15,3aee3b5fb9d44d4c8db33ad1f579be47,0.09,,,
2361,2026-05-19,SZ000001,-0.10608001798391342,EXP_LinearModel_Alpha158_csi300_custom_step0_s_20260519_15,3aee3b5fb9d44d4c8db33ad1f579be47,0.09,,,
2362,2026-05-19,SH688981,0.12206685543060303,EXP_LinearModel_Alpha158_csi300_custom_step0_s_20260519_15,3aee3b5fb9d44d4c8db33ad1f579be47,0.09,,,
2363,2026-05-19,SH688506,0.012338913977146149,EXP_LinearModel_Alpha158_csi300_custom_step0_s_20260519_15,3aee3b5fb9d44d4c8db33ad1f579be47,0.09,,,
2364,2026-05-19,SH688472,0.02397744543850422,EXP_LinearModel_Alpha158_csi300_custom_step0_s_20260519_15,3aee3b5fb9d44d4c8db33ad1f579be47,0.09,,,
2365,2026-05-19,SH688396,0.16567657887935638,EXP_LinearModel_Alpha158_csi300_custom_step0_s_20260519_15,3aee3b5fb9d44d4c8db33ad1f579be47,0.09,,,
2366,2026-05-19,SH688303,-0.008410259149968624,EXP_LinearModel_Alpha158_csi300_custom_step0_s_20260519_15,3aee3b5fb9d44d4c8db33ad1f579be47,0.09,,,
2367,2026-05-19,SZ000063,0.07837771624326706,EXP_LinearModel_Alpha158_csi300_custom_step0_s_20260519_15,3aee3b5fb9d44d4c8db33ad1f579be47,0.09,,,
2368,2026-05-19,SZ000977,0.020967785269021988,EXP_LinearModel_Alpha158_csi300_custom_step0_s_20260519_15,3aee3b5fb9d44d4c8db33ad1f579be47,0.09,,,
2369,2026-05-19,SZ000568,-0.0038350168615579605,EXP_LinearModel_Alpha158_csi300_custom_step0_s_20260519_15,3aee3b5fb9d44d4c8db33ad1f579be47,0.09,,,
2370,2026-05-19,SZ000617,-0.09925759583711624,EXP_LinearModel_Alpha158_csi300_custom_step0_s_20260519_15,3aee3b5fb9d44d4c8db33ad1f579be47,0.09,,,
2371,2026-05-19,SZ000963,-0.05090855062007904,EXP_LinearModel_Alpha158_csi300_custom_step0_s_20260519_15,3aee3b5fb9d44d4c8db33ad1f579be47,0.09,,,
2372,2026-05-19,SZ000938,0.014371268451213837,EXP_LinearModel_Alpha158_csi300_custom_step0_s_20260519_15,3aee3b5fb9d44d4c8db33ad1f579be47,0.09,,,
2373,2026-05-19,SZ000895,-0.04842803254723549,EXP_LinearModel_Alpha158_csi300_custom_step0_s_20260519_15,3aee3b5fb9d44d4c8db33ad1f579be47,0.09,,,
2374,2026-05-19,SZ000876,0.044439204037189484,EXP_LinearModel_Alpha158_csi300_custom_step0_s_20260519_15,3aee3b5fb9d44d4c8db33ad1f579be47,0.09,,,
2375,2026-05-19,SZ000858,-0.14894503355026245,EXP_LinearModel_Alpha158_csi300_custom_step0_s_20260519_15,3aee3b5fb9d44d4c8db33ad1f579be47,0.09,,,
2376,2026-05-19,SZ000807,-0.09606779366731644,EXP_LinearModel_Alpha158_csi300_custom_step0_s_20260519_15,3aee3b5fb9d44d4c8db33ad1f579be47,0.09,,,
2377,2026-05-19,SZ000792,-0.06685463339090347,EXP_LinearModel_Alpha158_csi300_custom_step0_s_20260519_15,3aee3b5fb9d44d4c8db33ad1f579be47,0.09,,,
2378,2026-05-19,SZ000596,0.10075245797634125,EXP_LinearModel_Alpha158_csi300_custom_step0_s_20260519_15,3aee3b5fb9d44d4c8db33ad1f579be47,0.09,,,
2379,2026-05-19,SZ000786,0.0026320964097976685,EXP_LinearModel_Alpha158_csi300_custom_step0_s_20260519_15,3aee3b5fb9d44d4c8db33ad1f579be47,0.09,,,
2380,2026-05-19,SZ000768,0.018903546035289764,EXP_LinearModel_Alpha158_csi300_custom_step0_s_20260519_15,3aee3b5fb9d44d4c8db33ad1f579be47,0.09,,,
2381,2026-05-19,SZ000725,0.07990024238824844,EXP_LinearModel_Alpha158_csi300_custom_step0_s_20260519_15,3aee3b5fb9d44d4c8db33ad1f579be47,0.09,,,
2382,2026-05-19,SZ000708,-0.05474760755896568,EXP_LinearModel_Alpha158_csi300_custom_step0_s_20260519_15,3aee3b5fb9d44d4c8db33ad1f579be47,0.09,,,
2383,2026-05-19,SZ000661,0.02451665699481964,EXP_LinearModel_Alpha158_csi300_custom_step0_s_20260519_15,3aee3b5fb9d44d4c8db33ad1f579be47,0.09,,,
2384,2026-05-19,SZ000651,0.034641534090042114,EXP_LinearModel_Alpha158_csi300_custom_step0_s_20260519_15,3aee3b5fb9d44d4c8db33ad1f579be47,0.09,,,
2385,2026-05-19,SZ000630,-0.0033823587000370026,EXP_LinearModel_Alpha158_csi300_custom_step0_s_20260519_15,3aee3b5fb9d44d4c8db33ad1f579be47,0.09,,,
2386,2026-05-19,SZ000625,-0.051783956587314606,EXP_LinearModel_Alpha158_csi300_custom_step0_s_20260519_15,3aee3b5fb9d44d4c8db33ad1f579be47,0.09,,,
2387,2026-05-19,SZ000776,0.04507959634065628,EXP_LinearModel_Alpha158_csi300_custom_step0_s_20260519_15,3aee3b5fb9d44d4c8db33ad1f579be47,0.09,,,
2388,2026-05-19,SH601229,-0.027788380160927773,EXP_LinearModel_Alpha158_csi300_custom_step0_s_20260519_15,3aee3b5fb9d44d4c8db33ad1f579be47,0.09,,,
2389,2026-05-19,SH601225,0.037039704620838165,EXP_LinearModel_Alpha158_csi300_custom_step0_s_20260519_15,3aee3b5fb9d44d4c8db33ad1f579be47,0.09,,,
2390,2026-05-19,SH601211,-0.044251084327697754,EXP_LinearModel_Alpha158_csi300_custom_step0_s_20260519_15,3aee3b5fb9d44d4c8db33ad1f579be47,0.09,,,
2391,2026-05-19,SH600009,-0.07012061029672623,EXP_LinearModel_Alpha158_csi300_custom_step0_s_20260519_15,3aee3b5fb9d44d4c8db33ad1f579be47,0.09,,,
2392,2026-05-19,SH600000,-0.0952359139919281,EXP_LinearModel_Alpha158_csi300_custom_step0_s_20260519_15,3aee3b5fb9d44d4c8db33ad1f579be47,0.09,,,
2393,2026-05-19,SZ302132,0.018569720908999443,EXP_LinearModel_Alpha158_csi300_custom_step0_s_20260519_15,86f7dc09bf6e4a0aaf85612cf84a155f,0.037,,,
2394,2026-05-19,SZ301269,0.039215922355651855,EXP_LinearModel_Alpha158_csi300_custom_step0_s_20260519_15,86f7dc09bf6e4a0aaf85612cf84a155f,0.037,,,
2395,2026-05-19,SZ301236,-0.07168105989694595,EXP_LinearModel_Alpha158_csi300_custom_step0_s_20260519_15,86f7dc09bf6e4a0aaf85612cf84a155f,0.037,,,
2396,2026-05-19,SZ300999,-0.04051339626312256,EXP_LinearModel_Alpha158_csi300_custom_step0_s_20260519_15,86f7dc09bf6e4a0aaf85612cf84a155f,0.037,,,
2397,2026-05-19,SZ300979,0.07067636400461197,EXP_LinearModel_Alpha158_csi300_custom_step0_s_20260519_15,86f7dc09bf6e4a0aaf85612cf84a155f,0.037,,,
2398,2026-05-19,SH600010,0.03667102009057999,EXP_LinearModel_Alpha158_csi300_custom_step0_s_20260519_15,3aee3b5fb9d44d4c8db33ad1f579be47,0.09,,,
2399,2026-05-19,SZ300896,-0.02586134523153305,EXP_LinearModel_Alpha158_csi300_custom_step0_s_20260519_15,86f7dc09bf6e4a0aaf85612cf84a155f,0.037,,,
2400,2026-05-19,SZ300832,-0.06776907294988632,EXP_LinearModel_Alpha158_csi300_custom_step0_s_20260519_15,86f7dc09bf6e4a0aaf85612cf84a155f,0.037,,,
2401,2026-05-19,SZ300803,-0.052153199911117554,EXP_LinearModel_Alpha158_csi300_custom_step0_s_20260519_15,86f7dc09bf6e4a0aaf85612cf84a155f,0.037,,,
2402,2026-05-19,SZ300782,-0.20067203044891357,EXP_LinearModel_Alpha158_csi300_custom_step0_s_20260519_15,86f7dc09bf6e4a0aaf85612cf84a155f,0.037,,,
2403,2026-05-19,SZ300760,-0.028561033308506012,EXP_LinearModel_Alpha158_csi300_custom_step0_s_20260519_15,86f7dc09bf6e4a0aaf85612cf84a155f,0.037,,,
2404,2026-05-19,SZ300759,-0.046970151364803314,EXP_LinearModel_Alpha158_csi300_custom_step0_s_20260519_15,86f7dc09bf6e4a0aaf85612cf84a155f,0.037,,,
2405,2026-05-19,SZ300750,-0.009812608361244202,EXP_LinearModel_Alpha158_csi300_custom_step0_s_20260519_15,86f7dc09bf6e4a0aaf85612cf84a155f,0.037,,,
2406,2026-05-19,SZ300661,0.003785201348364353,EXP_LinearModel_Alpha158_csi300_custom_step0_s_20260519_15,86f7dc09bf6e4a0aaf85612cf84a155f,0.037,,,
2407,2026-05-19,SZ300866,0.03831625357270241,EXP_LinearModel_Alpha158_csi300_custom_step0_s_20260519_15,86f7dc09bf6e4a0aaf85612cf84a155f,0.037,,,
2408,2026-05-19,SZ300628,0.03488640859723091,EXP_LinearModel_Alpha158_csi300_custom_step0_s_20260519_15,86f7dc09bf6e4a0aaf85612cf84a155f,0.037,,,
2409,2026-05-19,SH600011,-0.0013033896684646606,EXP_LinearModel_Alpha158_csi300_custom_step0_s_20260519_15,3aee3b5fb9d44d4c8db33ad1f579be47,0.09,,,
2410,2026-05-19,SH600016,-0.038692351430654526,EXP_LinearModel_Alpha158_csi300_custom_step0_s_20260519_15,3aee3b5fb9d44d4c8db33ad1f579be47,0.09,,,
2411,2026-05-19,SH600066,0.10072294622659683,EXP_LinearModel_Alpha158_csi300_custom_step0_s_20260519_15,3aee3b5fb9d44d4c8db33ad1f579be47,0.09,,,
2412,2026-05-19,SH600061,-0.022225558757781982,EXP_LinearModel_Alpha158_csi300_custom_step0_s_20260519_15,3aee3b5fb9d44d4c8db33ad1f579be47,0.09,,,
2413,2026-05-19,SH600050,-0.04186813533306122,EXP_LinearModel_Alpha158_csi300_custom_step0_s_20260519_15,3aee3b5fb9d44d4c8db33ad1f579be47,0.09,,,
2414,2026-05-19,SH600048,0.05703820288181305,EXP_LinearModel_Alpha158_csi300_custom_step0_s_20260519_15,3aee3b5fb9d44d4c8db33ad1f579be47,0.09,,,
2415,2026-05-19,SH600039,-0.06123051792383194,EXP_LinearModel_Alpha158_csi300_custom_step0_s_20260519_15,3aee3b5fb9d44d4c8db33ad1f579be47,0.09,,,
2416,2026-05-19,SH600036,-0.18964076042175293,EXP_LinearModel_Alpha158_csi300_custom_step0_s_20260519_15,3aee3b5fb9d44d4c8db33ad1f579be47,0.09,,,
2417,2026-05-19,SH600031,-0.007924431003630161,EXP_LinearModel_Alpha158_csi300_custom_step0_s_20260519_15,3aee3b5fb9d44d4c8db33ad1f579be47,0.09,,,
2418,2026-05-19,SH600015,-0.031835392117500305,EXP_LinearModel_Alpha158_csi300_custom_step0_s_20260519_15,3aee3b5fb9d44d4c8db33ad1f579be47,0.09,,,
2419,2026-05-19,SH600030,0.09399625658988953,EXP_LinearModel_Alpha158_csi300_custom_step0_s_20260519_15,3aee3b5fb9d44d4c8db33ad1f579be47,0.09,,,
2420,2026-05-19,SH600028,-0.029647253453731537,EXP_LinearModel_Alpha158_csi300_custom_step0_s_20260519_15,3aee3b5fb9d44d4c8db33ad1f579be47,0.09,,,
2421,2026-05-19,SH600027,0.11538290977478027,EXP_LinearModel_Alpha158_csi300_custom_step0_s_20260519_15,3aee3b5fb9d44d4c8db33ad1f579be47,0.09,,,
2422,2026-05-19,SH600026,-0.08557874709367752,EXP_LinearModel_Alpha158_csi300_custom_step0_s_20260519_15,3aee3b5fb9d44d4c8db33ad1f579be47,0.09,,,
2423,2026-05-19,SH600025,0.022410064935684204,EXP_LinearModel_Alpha158_csi300_custom_step0_s_20260519_15,3aee3b5fb9d44d4c8db33ad1f579be47,0.09,,,
2424,2026-05-19,SH600023,0.04557886719703674,EXP_LinearModel_Alpha158_csi300_custom_step0_s_20260519_15,3aee3b5fb9d44d4c8db33ad1f579be47,0.09,,,
2425,2026-05-19,SH600019,-0.053922925144433975,EXP_LinearModel_Alpha158_csi300_custom_step0_s_20260519_15,3aee3b5fb9d44d4c8db33ad1f579be47,0.09,,,
2426,2026-05-19,SH600018,0.1059642881155014,EXP_LinearModel_Alpha158_csi300_custom_step0_s_20260519_15,3aee3b5fb9d44d4c8db33ad1f579be47,0.09,,,
2427,2026-05-19,SH600029,0.045603036880493164,EXP_LinearModel_Alpha158_csi300_custom_step0_s_20260519_15,3aee3b5fb9d44d4c8db33ad1f579be47,0.09,,,
2428,2026-05-19,SH600085,-0.056781407445669174,EXP_LinearModel_Alpha158_csi300_custom_step0_s_20260519_15,3aee3b5fb9d44d4c8db33ad1f579be47,0.09,,,
2429,2026-05-19,SZ300502,0.047419145703315735,EXP_LinearModel_Alpha158_csi300_custom_step0_s_20260519_15,86f7dc09bf6e4a0aaf85612cf84a155f,0.037,,,
2430,2026-05-19,SZ300476,0.11131130158901215,EXP_LinearModel_Alpha158_csi300_custom_step0_s_20260519_15,86f7dc09bf6e4a0aaf85612cf84a155f,0.037,,,
2431,2026-05-19,SZ002916,0.06412633508443832,EXP_LinearModel_Alpha158_csi300_custom_step0_s_20260519_15,86f7dc09bf6e4a0aaf85612cf84a155f,0.037,,,
2432,2026-05-19,SZ002736,-0.002882912755012512,EXP_LinearModel_Alpha158_csi300_custom_step0_s_20260519_15,86f7dc09bf6e4a0aaf85612cf84a155f,0.037,,,
2433,2026-05-19,SZ002714,-0.026385439559817314,EXP_LinearModel_Alpha158_csi300_custom_step0_s_20260519_15,86f7dc09bf6e4a0aaf85612cf84a155f,0.037,,,
2434,2026-05-19,SZ002709,0.15523049235343933,EXP_LinearModel_Alpha158_csi300_custom_step0_s_20260519_15,86f7dc09bf6e4a0aaf85612cf84a155f,0.037,,,
2435,2026-05-19,SZ002648,0.10474824905395508,EXP_LinearModel_Alpha158_csi300_custom_step0_s_20260519_15,86f7dc09bf6e4a0aaf85612cf84a155f,0.037,,,
2436,2026-05-19,SZ002625,-0.0267287977039814,EXP_LinearModel_Alpha158_csi300_custom_step0_s_20260519_15,86f7dc09bf6e4a0aaf85612cf84a155f,0.037,,,
2437,2026-05-19,SZ002601,0.07028000056743622,EXP_LinearModel_Alpha158_csi300_custom_step0_s_20260519_15,86f7dc09bf6e4a0aaf85612cf84a155f,0.037,,,
2438,2026-05-19,SZ002920,0.024469666182994843,EXP_LinearModel_Alpha158_csi300_custom_step0_s_20260519_15,86f7dc09bf6e4a0aaf85612cf84a155f,0.037,,,
2439,2026-05-19,SZ002600,-0.11969024688005447,EXP_LinearModel_Alpha158_csi300_custom_step0_s_20260519_15,86f7dc09bf6e4a0aaf85612cf84a155f,0.037,,,
2440,2026-05-19,SZ002493,0.1865045726299286,EXP_LinearModel_Alpha158_csi300_custom_step0_s_20260519_15,86f7dc09bf6e4a0aaf85612cf84a155f,0.037,,,
2441,2026-05-19,SZ002475,0.12513476610183716,EXP_LinearModel_Alpha158_csi300_custom_step0_s_20260519_15,86f7dc09bf6e4a0aaf85612cf84a155f,0.037,,,
2442,2026-05-19,SZ002466,0.21306359767913818,EXP_LinearModel_Alpha158_csi300_custom_step0_s_20260519_15,86f7dc09bf6e4a0aaf85612cf84a155f,0.037,,,
2443,2026-05-19,SZ002463,0.16605721414089203,EXP_LinearModel_Alpha158_csi300_custom_step0_s_20260519_15,86f7dc09bf6e4a0aaf85612cf84a155f,0.037,,,
2444,2026-05-19,SZ002460,0.08479420840740204,EXP_LinearModel_Alpha158_csi300_custom_step0_s_20260519_15,86f7dc09bf6e4a0aaf85612cf84a155f,0.037,,,
2445,2026-05-19,SZ002459,-0.011462750844657421,EXP_LinearModel_Alpha158_csi300_custom_step0_s_20260519_15,86f7dc09bf6e4a0aaf85612cf84a155f,0.037,,,
2446,2026-05-19,SZ002422,-0.03344413638114929,EXP_LinearModel_Alpha158_csi300_custom_step0_s_20260519_15,86f7dc09bf6e4a0aaf85612cf84a155f,0.037,,,
2447,2026-05-19,SZ002594,-0.057377830147743225,EXP_LinearModel_Alpha158_csi300_custom_step0_s_20260519_15,86f7dc09bf6e4a0aaf85612cf84a155f,0.037,,,
2448,2026-05-19,SZ300498,-0.04817851632833481,EXP_LinearModel_Alpha158_csi300_custom_step0_s_20260519_15,86f7dc09bf6e4a0aaf85612cf84a155f,0.037,,,
2449,2026-05-19,SZ002938,-0.04136937856674194,EXP_LinearModel_Alpha158_csi300_custom_step0_s_20260519_15,86f7dc09bf6e4a0aaf85612cf84a155f,0.037,,,
2450,2026-05-19,SZ300014,-0.012418839149177074,EXP_LinearModel_Alpha158_csi300_custom_step0_s_20260519_15,86f7dc09bf6e4a0aaf85612cf84a155f,0.037,,,
2451,2026-05-19,SZ300442,,EXP_LinearModel_Alpha158_csi300_custom_step0_s_20260519_15,86f7dc09bf6e4a0aaf85612cf84a155f,0.037,,,
2452,2026-05-19,SZ300433,-0.24811787903308868,EXP_LinearModel_Alpha158_csi300_custom_step0_s_20260519_15,86f7dc09bf6e4a0aaf85612cf84a155f,0.037,,,
2453,2026-05-19,SZ300418,-0.04505904018878937,EXP_LinearModel_Alpha158_csi300_custom_step0_s_20260519_15,86f7dc09bf6e4a0aaf85612cf84a155f,0.037,,,
2454,2026-05-19,SZ300413,-0.005407903343439102,EXP_LinearModel_Alpha158_csi300_custom_step0_s_20260519_15,86f7dc09bf6e4a0aaf85612cf84a155f,0.037,,,
2455,2026-05-19,SZ300408,0.03598508983850479,EXP_LinearModel_Alpha158_csi300_custom_step0_s_20260519_15,86f7dc09bf6e4a0aaf85612cf84a155f,0.037,,,
2456,2026-05-19,SZ300394,-0.02296699397265911,EXP_LinearModel_Alpha158_csi300_custom_step0_s_20260519_15,86f7dc09bf6e4a0aaf85612cf84a155f,0.037,,,
2457,2026-05-19,SZ300347,-0.015252180397510529,EXP_LinearModel_Alpha158_csi300_custom_step0_s_20260519_15,86f7dc09bf6e4a0aaf85612cf84a155f,0.037,,,
2458,2026-05-19,SZ003816,0.0560915470123291,EXP_LinearModel_Alpha158_csi300_custom_step0_s_20260519_15,86f7dc09bf6e4a0aaf85612cf84a155f,0.037,,,
2459,2026-05-19,SZ300316,-0.1036100834608078,EXP_LinearModel_Alpha158_csi300_custom_step0_s_20260519_15,86f7dc09bf6e4a0aaf85612cf84a155f,0.037,,,
2460,2026-05-19,SZ300274,-0.20179873704910278,EXP_LinearModel_Alpha158_csi300_custom_step0_s_20260519_15,86f7dc09bf6e4a0aaf85612cf84a155f,0.037,,,
2461,2026-05-19,SZ300251,-0.057829976081848145,EXP_LinearModel_Alpha158_csi300_custom_step0_s_20260519_15,86f7dc09bf6e4a0aaf85612cf84a155f,0.037,,,
2462,2026-05-19,SZ300124,-0.07690620422363281,EXP_LinearModel_Alpha158_csi300_custom_step0_s_20260519_15,86f7dc09bf6e4a0aaf85612cf84a155f,0.037,,,
2463,2026-05-19,SZ300122,-0.03732128068804741,EXP_LinearModel_Alpha158_csi300_custom_step0_s_20260519_15,86f7dc09bf6e4a0aaf85612cf84a155f,0.037,,,
2464,2026-05-19,SZ300059,-0.05296631529927254,EXP_LinearModel_Alpha158_csi300_custom_step0_s_20260519_15,86f7dc09bf6e4a0aaf85612cf84a155f,0.037,,,
2465,2026-05-19,SZ300033,0.013098657131195068,EXP_LinearModel_Alpha158_csi300_custom_step0_s_20260519_15,86f7dc09bf6e4a0aaf85612cf84a155f,0.037,,,
2466,2026-05-19,SZ300015,-0.0004090166185051203,EXP_LinearModel_Alpha158_csi300_custom_step0_s_20260519_15,86f7dc09bf6e4a0aaf85612cf84a155f,0.037,,,
2467,2026-05-19,SZ300308,0.06310750544071198,EXP_LinearModel_Alpha158_csi300_custom_step0_s_20260519_15,86f7dc09bf6e4a0aaf85612cf84a155f,0.037,,,
2468,2026-05-19,SZ002384,0.18447072803974152,EXP_LinearModel_Alpha158_csi300_custom_step0_s_20260519_15,86f7dc09bf6e4a0aaf85612cf84a155f,0.037,,,
2469,2026-05-19,SH600089,-0.07970701903104782,EXP_LinearModel_Alpha158_csi300_custom_step0_s_20260519_15,3aee3b5fb9d44d4c8db33ad1f579be47,0.09,,,
2470,2026-05-19,SH600111,0.06813793629407883,EXP_LinearModel_Alpha158_csi300_custom_step0_s_20260519_15,3aee3b5fb9d44d4c8db33ad1f579be47,0.09,,,
2471,2026-05-19,SH600989,-0.04721086844801903,EXP_LinearModel_Alpha158_csi300_custom_step0_s_20260519_15,3aee3b5fb9d44d4c8db33ad1f579be47,0.09,,,
2472,2026-05-19,SH600958,,EXP_LinearModel_Alpha158_csi300_custom_step0_s_20260519_15,3aee3b5fb9d44d4c8db33ad1f579be47,0.09,,,
2473,2026-05-19,SH600941,0.08230064064264297,EXP_LinearModel_Alpha158_csi300_custom_step0_s_20260519_15,3aee3b5fb9d44d4c8db33ad1f579be47,0.09,,,
2474,2026-05-19,SH600938,0.06393412500619888,EXP_LinearModel_Alpha158_csi300_custom_step0_s_20260519_15,3aee3b5fb9d44d4c8db33ad1f579be47,0.09,,,
2475,2026-05-19,SH600930,-0.024401972070336342,EXP_LinearModel_Alpha158_csi300_custom_step0_s_20260519_15,3aee3b5fb9d44d4c8db33ad1f579be47,0.09,,,
2476,2026-05-19,SH600926,-0.0800352543592453,EXP_LinearModel_Alpha158_csi300_custom_step0_s_20260519_15,3aee3b5fb9d44d4c8db33ad1f579be47,0.09,,,
2477,2026-05-19,SH600919,0.05602359026670456,EXP_LinearModel_Alpha158_csi300_custom_step0_s_20260519_15,3aee3b5fb9d44d4c8db33ad1f579be47,0.09,,,
2478,2026-05-19,SH600999,-0.05380019545555115,EXP_LinearModel_Alpha158_csi300_custom_step0_s_20260519_15,3aee3b5fb9d44d4c8db33ad1f579be47,0.09,,,
2479,2026-05-19,SH600918,-0.05697883665561676,EXP_LinearModel_Alpha158_csi300_custom_step0_s_20260519_15,3aee3b5fb9d44d4c8db33ad1f579be47,0.09,,,
2480,2026-05-19,SH600900,-0.036387309432029724,EXP_LinearModel_Alpha158_csi300_custom_step0_s_20260519_15,3aee3b5fb9d44d4c8db33ad1f579be47,0.09,,,
2481,2026-05-19,SH600893,-0.05634869635105133,EXP_LinearModel_Alpha158_csi300_custom_step0_s_20260519_15,3aee3b5fb9d44d4c8db33ad1f579be47,0.09,,,
2482,2026-05-19,SH600887,-0.013129708357155323,EXP_LinearModel_Alpha158_csi300_custom_step0_s_20260519_15,3aee3b5fb9d44d4c8db33ad1f579be47,0.09,,,
2483,2026-05-19,SH600886,-0.11852243542671204,EXP_LinearModel_Alpha158_csi300_custom_step0_s_20260519_15,3aee3b5fb9d44d4c8db33ad1f579be47,0.09,,,
2484,2026-05-19,SH600875,-0.08216598629951477,EXP_LinearModel_Alpha158_csi300_custom_step0_s_20260519_15,3aee3b5fb9d44d4c8db33ad1f579be47,0.09,,,
2485,2026-05-19,SH600845,0.06865472346544266,EXP_LinearModel_Alpha158_csi300_custom_step0_s_20260519_15,3aee3b5fb9d44d4c8db33ad1f579be47,0.09,,,
2486,2026-05-19,SH600809,0.06623991578817368,EXP_LinearModel_Alpha158_csi300_custom_step0_s_20260519_15,3aee3b5fb9d44d4c8db33ad1f579be47,0.09,,,
2487,2026-05-19,SH600905,-0.008624061942100525,EXP_LinearModel_Alpha158_csi300_custom_step0_s_20260519_15,3aee3b5fb9d44d4c8db33ad1f579be47,0.09,,,
2488,2026-05-19,SH600803,-0.009352590888738632,EXP_LinearModel_Alpha158_csi300_custom_step0_s_20260519_15,3aee3b5fb9d44d4c8db33ad1f579be47,0.09,,,
2489,2026-05-19,SH601006,0.07533738762140274,EXP_LinearModel_Alpha158_csi300_custom_step0_s_20260519_15,3aee3b5fb9d44d4c8db33ad1f579be47,0.09,,,
2490,2026-05-19,SH601012,0.007907375693321228,EXP_LinearModel_Alpha158_csi300_custom_step0_s_20260519_15,3aee3b5fb9d44d4c8db33ad1f579be47,0.09,,,
2491,2026-05-19,SH601186,-0.07301002740859985,EXP_LinearModel_Alpha158_csi300_custom_step0_s_20260519_15,3aee3b5fb9d44d4c8db33ad1f579be47,0.09,,,
2492,2026-05-19,SH601169,-0.1292797029018402,EXP_LinearModel_Alpha158_csi300_custom_step0_s_20260519_15,3aee3b5fb9d44d4c8db33ad1f579be47,0.09,,,
2493,2026-05-19,SH601166,-0.06654533743858337,EXP_LinearModel_Alpha158_csi300_custom_step0_s_20260519_15,3aee3b5fb9d44d4c8db33ad1f579be47,0.09,,,
2494,2026-05-19,SH601138,0.15998633205890656,EXP_LinearModel_Alpha158_csi300_custom_step0_s_20260519_15,3aee3b5fb9d44d4c8db33ad1f579be47,0.09,,,
2495,2026-05-19,SH601136,-0.02335008978843689,EXP_LinearModel_Alpha158_csi300_custom_step0_s_20260519_15,3aee3b5fb9d44d4c8db33ad1f579be47,0.09,,,
2496,2026-05-19,SH601127,-0.08989087492227554,EXP_LinearModel_Alpha158_csi300_custom_step0_s_20260519_15,3aee3b5fb9d44d4c8db33ad1f579be47,0.09,,,
2497,2026-05-19,SH601117,0.005918074399232864,EXP_LinearModel_Alpha158_csi300_custom_step0_s_20260519_15,3aee3b5fb9d44d4c8db33ad1f579be47,0.09,,,
2498,2026-05-19,SH601009,0.01966721937060356,EXP_LinearModel_Alpha158_csi300_custom_step0_s_20260519_15,3aee3b5fb9d44d4c8db33ad1f579be47,0.09,,,
2499,2026-05-19,SH601111,0.005240435712039471,EXP_LinearModel_Alpha158_csi300_custom_step0_s_20260519_15,3aee3b5fb9d44d4c8db33ad1f579be47,0.09,,,
2500,2026-05-19,SH601088,0.0001568906009197235,EXP_LinearModel_Alpha158_csi300_custom_step0_s_20260519_15,3aee3b5fb9d44d4c8db33ad1f579be47,0.09,,,
2501,2026-05-19,SH601077,-0.11088631302118301,EXP_LinearModel_Alpha158_csi300_custom_step0_s_20260519_15,3aee3b5fb9d44d4c8db33ad1f579be47,0.09,,,
2502,2026-05-19,SH601066,-0.009052226319909096,EXP_LinearModel_Alpha158_csi300_custom_step0_s_20260519_15,3aee3b5fb9d44d4c8db33ad1f579be47,0.09,,,
2503,2026-05-19,SH601059,-0.047326020896434784,EXP_LinearModel_Alpha158_csi300_custom_step0_s_20260519_15,3aee3b5fb9d44d4c8db33ad1f579be47,0.09,,,
2504,2026-05-19,SH601058,0.006615491583943367,EXP_LinearModel_Alpha158_csi300_custom_step0_s_20260519_15,3aee3b5fb9d44d4c8db33ad1f579be47,0.09,,,
2505,2026-05-19,SH601021,0.05643397569656372,EXP_LinearModel_Alpha158_csi300_custom_step0_s_20260519_15,3aee3b5fb9d44d4c8db33ad1f579be47,0.09,,,
2506,2026-05-19,SH601018,-0.07273495197296143,EXP_LinearModel_Alpha158_csi300_custom_step0_s_20260519_15,3aee3b5fb9d44d4c8db33ad1f579be47,0.09,,,
2507,2026-05-19,SH601100,-0.020564910024404526,EXP_LinearModel_Alpha158_csi300_custom_step0_s_20260519_15,3aee3b5fb9d44d4c8db33ad1f579be47,0.09,,,
2508,2026-05-19,SH600104,-0.029495973140001297,EXP_LinearModel_Alpha158_csi300_custom_step0_s_20260519_15,3aee3b5fb9d44d4c8db33ad1f579be47,0.09,,,
2509,2026-05-19,SH600795,-0.057011544704437256,EXP_LinearModel_Alpha158_csi300_custom_step0_s_20260519_15,3aee3b5fb9d44d4c8db33ad1f579be47,0.09,,,
2510,2026-05-19,SH600741,-0.1490289270877838,EXP_LinearModel_Alpha158_csi300_custom_step0_s_20260519_15,3aee3b5fb9d44d4c8db33ad1f579be47,0.09,,,
2511,2026-05-19,SH600377,0.0674520879983902,EXP_LinearModel_Alpha158_csi300_custom_step0_s_20260519_15,3aee3b5fb9d44d4c8db33ad1f579be47,0.09,,,
2512,2026-05-19,SH600372,0.03426235541701317,EXP_LinearModel_Alpha158_csi300_custom_step0_s_20260519_15,3aee3b5fb9d44d4c8db33ad1f579be47,0.09,,,
2513,2026-05-19,SH600362,-0.12536093592643738,EXP_LinearModel_Alpha158_csi300_custom_step0_s_20260519_15,3aee3b5fb9d44d4c8db33ad1f579be47,0.09,,,
2514,2026-05-19,SH600346,-0.08476440608501434,EXP_LinearModel_Alpha158_csi300_custom_step0_s_20260519_15,3aee3b5fb9d44d4c8db33ad1f579be47,0.09,,,
2515,2026-05-19,SH600309,0.04540109634399414,EXP_LinearModel_Alpha158_csi300_custom_step0_s_20260519_15,3aee3b5fb9d44d4c8db33ad1f579be47,0.09,,,
2516,2026-05-19,SH600276,-0.06472517549991608,EXP_LinearModel_Alpha158_csi300_custom_step0_s_20260519_15,3aee3b5fb9d44d4c8db33ad1f579be47,0.09,,,
2517,2026-05-19,SH600233,-0.10152596235275269,EXP_LinearModel_Alpha158_csi300_custom_step0_s_20260519_15,3aee3b5fb9d44d4c8db33ad1f579be47,0.09,,,
2518,2026-05-19,SH600406,-0.057841379195451736,EXP_LinearModel_Alpha158_csi300_custom_step0_s_20260519_15,3aee3b5fb9d44d4c8db33ad1f579be47,0.09,,,
2519,2026-05-19,SH600219,0.022867899388074875,EXP_LinearModel_Alpha158_csi300_custom_step0_s_20260519_15,3aee3b5fb9d44d4c8db33ad1f579be47,0.09,,,
2520,2026-05-19,SH600188,0.06717681884765625,EXP_LinearModel_Alpha158_csi300_custom_step0_s_20260519_15,3aee3b5fb9d44d4c8db33ad1f579be47,0.09,,,
2521,2026-05-19,SH600183,-0.020054318010807037,EXP_LinearModel_Alpha158_csi300_custom_step0_s_20260519_15,3aee3b5fb9d44d4c8db33ad1f579be47,0.09,,,
2522,2026-05-19,SH600176,0.044557735323905945,EXP_LinearModel_Alpha158_csi300_custom_step0_s_20260519_15,3aee3b5fb9d44d4c8db33ad1f579be47,0.09,,,
2523,2026-05-19,SH600161,-0.03382647782564163,EXP_LinearModel_Alpha158_csi300_custom_step0_s_20260519_15,3aee3b5fb9d44d4c8db33ad1f579be47,0.09,,,
2524,2026-05-19,SH600160,-0.003842376172542572,EXP_LinearModel_Alpha158_csi300_custom_step0_s_20260519_15,3aee3b5fb9d44d4c8db33ad1f579be47,0.09,,,
2525,2026-05-19,SH600150,0.2899821102619171,EXP_LinearModel_Alpha158_csi300_custom_step0_s_20260519_15,3aee3b5fb9d44d4c8db33ad1f579be47,0.09,,,
2526,2026-05-19,SH600115,0.09575995057821274,EXP_LinearModel_Alpha158_csi300_custom_step0_s_20260519_15,3aee3b5fb9d44d4c8db33ad1f579be47,0.09,,,
2527,2026-05-19,SH600196,-0.058949220925569534,EXP_LinearModel_Alpha158_csi300_custom_step0_s_20260519_15,3aee3b5fb9d44d4c8db33ad1f579be47,0.09,,,
2528,2026-05-19,SH600760,-0.02985316514968872,EXP_LinearModel_Alpha158_csi300_custom_step0_s_20260519_15,3aee3b5fb9d44d4c8db33ad1f579be47,0.09,,,
2529,2026-05-19,SH600415,-0.0008265301585197449,EXP_LinearModel_Alpha158_csi300_custom_step0_s_20260519_15,3aee3b5fb9d44d4c8db33ad1f579be47,0.09,,,
2530,2026-05-19,SH600436,-0.01321578398346901,EXP_LinearModel_Alpha158_csi300_custom_step0_s_20260519_15,3aee3b5fb9d44d4c8db33ad1f579be47,0.09,,,
2531,2026-05-19,SH600690,0.002679765224456787,EXP_LinearModel_Alpha158_csi300_custom_step0_s_20260519_15,3aee3b5fb9d44d4c8db33ad1f579be47,0.09,,,
2532,2026-05-19,SH600674,-0.022080115973949432,EXP_LinearModel_Alpha158_csi300_custom_step0_s_20260519_15,3aee3b5fb9d44d4c8db33ad1f579be47,0.09,,,
2533,2026-05-19,SH600660,-0.04575957730412483,EXP_LinearModel_Alpha158_csi300_custom_step0_s_20260519_15,3aee3b5fb9d44d4c8db33ad1f579be47,0.09,,,
2534,2026-05-19,SH600600,-0.11730305105447769,EXP_LinearModel_Alpha158_csi300_custom_step0_s_20260519_15,3aee3b5fb9d44d4c8db33ad1f579be47,0.09,,,
2535,2026-05-19,SH600588,-0.011003756895661354,EXP_LinearModel_Alpha158_csi300_custom_step0_s_20260519_15,3aee3b5fb9d44d4c8db33ad1f579be47,0.09,,,
2536,2026-05-19,SH600585,-0.0593736357986927,EXP_LinearModel_Alpha158_csi300_custom_step0_s_20260519_15,3aee3b5fb9d44d4c8db33ad1f579be47,0.09,,,
2537,2026-05-19,SH600584,0.05577332526445389,EXP_LinearModel_Alpha158_csi300_custom_step0_s_20260519_15,3aee3b5fb9d44d4c8db33ad1f579be47,0.09,,,
2538,2026-05-19,SH600426,0.019752921536564827,EXP_LinearModel_Alpha158_csi300_custom_step0_s_20260519_15,3aee3b5fb9d44d4c8db33ad1f579be47,0.09,,,
2539,2026-05-19,SH600570,0.06457757949829102,EXP_LinearModel_Alpha158_csi300_custom_step0_s_20260519_15,3aee3b5fb9d44d4c8db33ad1f579be47,0.09,,,
2540,2026-05-19,SH600522,0.11326475441455841,EXP_LinearModel_Alpha158_csi300_custom_step0_s_20260519_15,3aee3b5fb9d44d4c8db33ad1f579be47,0.09,,,
2541,2026-05-19,SH600519,-0.10840349644422531,EXP_LinearModel_Alpha158_csi300_custom_step0_s_20260519_15,3aee3b5fb9d44d4c8db33ad1f579be47,0.09,,,
2542,2026-05-19,SH600515,0.025703508406877518,EXP_LinearModel_Alpha158_csi300_custom_step0_s_20260519_15,3aee3b5fb9d44d4c8db33ad1f579be47,0.09,,,
2543,2026-05-19,SH600489,-0.01957136206328869,EXP_LinearModel_Alpha158_csi300_custom_step0_s_20260519_15,3aee3b5fb9d44d4c8db33ad1f579be47,0.09,,,
2544,2026-05-19,SH600482,-0.051602210849523544,EXP_LinearModel_Alpha158_csi300_custom_step0_s_20260519_15,3aee3b5fb9d44d4c8db33ad1f579be47,0.09,,,
2545,2026-05-19,SH600460,0.011783003807067871,EXP_LinearModel_Alpha158_csi300_custom_step0_s_20260519_15,3aee3b5fb9d44d4c8db33ad1f579be47,0.09,,,
2546,2026-05-19,SH600438,0.026029065251350403,EXP_LinearModel_Alpha158_csi300_custom_step0_s_20260519_15,3aee3b5fb9d44d4c8db33ad1f579be47,0.09,,,
2547,2026-05-19,SH600547,-0.0057695042341947556,EXP_LinearModel_Alpha158_csi300_custom_step0_s_20260519_15,3aee3b5fb9d44d4c8db33ad1f579be47,0.09,,,
2548,2026-05-19,SH601919,0.08656890593716653,EXP_DEnsembleModel_Alpha158_csi300_custom_step0_s_20260519_15,dab809d9c5a648b0a8f659dfd01c6af7,0.051,,,
2549,2026-05-19,SH601916,0.13116326191766814,EXP_DEnsembleModel_Alpha158_csi300_custom_step0_s_20260519_15,dab809d9c5a648b0a8f659dfd01c6af7,0.051,,,
2550,2026-05-19,SH601901,0.0020063775259412144,EXP_DEnsembleModel_Alpha158_csi300_custom_step0_s_20260519_15,dab809d9c5a648b0a8f659dfd01c6af7,0.051,,,
2551,2026-05-19,SZ002493,-0.0018312168314194622,EXP_CatBoostModel_Alpha158_csi300_custom_step0_s_20260519_18,b642ace3dfe54aa9940c51465a4d8ad8,0.028,,,
2552,2026-05-19,SZ002475,0.0007477091192699457,EXP_CatBoostModel_Alpha158_csi300_custom_step0_s_20260519_18,b642ace3dfe54aa9940c51465a4d8ad8,0.028,,,
2553,2026-05-19,SZ002466,0.0007477091192699457,EXP_CatBoostModel_Alpha158_csi300_custom_step0_s_20260519_18,b642ace3dfe54aa9940c51465a4d8ad8,0.028,,,
2554,2026-05-19,SZ002463,9.063046413660737e-05,EXP_CatBoostModel_Alpha158_csi300_custom_step0_s_20260519_18,b642ace3dfe54aa9940c51465a4d8ad8,0.028,,,
2555,2026-05-19,SZ002460,-0.0018312168314194622,EXP_CatBoostModel_Alpha158_csi300_custom_step0_s_20260519_18,b642ace3dfe54aa9940c51465a4d8ad8,0.028,,,
2556,2026-05-19,SZ002459,-0.0024882954865528004,EXP_CatBoostModel_Alpha158_csi300_custom_step0_s_20260519_18,b642ace3dfe54aa9940c51465a4d8ad8,0.028,,,
2557,2026-05-19,SZ002422,-0.0024882954865528004,EXP_CatBoostModel_Alpha158_csi300_custom_step0_s_20260519_18,b642ace3dfe54aa9940c51465a4d8ad8,0.028,,,
2558,2026-05-19,SZ002415,-0.0018312168314194622,EXP_CatBoostModel_Alpha158_csi300_custom_step0_s_20260519_18,b642ace3dfe54aa9940c51465a4d8ad8,0.028,,,
2559,2026-05-19,SZ002384,0.008310363289839775,EXP_CatBoostModel_Alpha158_csi300_custom_step0_s_20260519_18,b642ace3dfe54aa9940c51465a4d8ad8,0.028,,,
2560,2026-05-19,SZ002371,0.00827699726794023,EXP_CatBoostModel_Alpha158_csi300_custom_step0_s_20260519_18,b642ace3dfe54aa9940c51465a4d8ad8,0.028,,,
2561,2026-05-19,SZ002352,-0.0018312168314194622,EXP_CatBoostModel_Alpha158_csi300_custom_step0_s_20260519_18,b642ace3dfe54aa9940c51465a4d8ad8,0.028,,,
2562,2026-05-19,SZ002311,-0.0018312168314194622,EXP_CatBoostModel_Alpha158_csi300_custom_step0_s_20260519_18,b642ace3dfe54aa9940c51465a4d8ad8,0.028,,,
2563,2026-05-19,SZ002304,-0.0018312168314194622,EXP_CatBoostModel_Alpha158_csi300_custom_step0_s_20260519_18,b642ace3dfe54aa9940c51465a4d8ad8,0.028,,,
2564,2026-05-19,SZ002252,-0.0018312168314194622,EXP_CatBoostModel_Alpha158_csi300_custom_step0_s_20260519_18,b642ace3dfe54aa9940c51465a4d8ad8,0.028,,,
2565,2026-05-19,SZ002241,0.002383787577490321,EXP_CatBoostModel_Alpha158_csi300_custom_step0_s_20260519_18,b642ace3dfe54aa9940c51465a4d8ad8,0.028,,,
2566,2026-05-19,SZ002594,-0.0018312168314194622,EXP_CatBoostModel_Alpha158_csi300_custom_step0_s_20260519_18,b642ace3dfe54aa9940c51465a4d8ad8,0.028,,,
2567,2026-05-19,SZ002600,-0.0024882954865528004,EXP_CatBoostModel_Alpha158_csi300_custom_step0_s_20260519_18,b642ace3dfe54aa9940c51465a4d8ad8,0.028,,,
2568,2026-05-19,SZ002601,-0.0018312168314194622,EXP_CatBoostModel_Alpha158_csi300_custom_step0_s_20260519_18,b642ace3dfe54aa9940c51465a4d8ad8,0.028,,,
2569,2026-05-19,SZ002625,-0.0018312168314194622,EXP_CatBoostModel_Alpha158_csi300_custom_step0_s_20260519_18,b642ace3dfe54aa9940c51465a4d8ad8,0.028,,,
2570,2026-05-19,SZ300274,-0.0013977384104782234,EXP_CatBoostModel_Alpha158_csi300_custom_step0_s_20260519_18,b642ace3dfe54aa9940c51465a4d8ad8,0.028,,,
2571,2026-05-19,SZ300251,-0.0024882954865528004,EXP_CatBoostModel_Alpha158_csi300_custom_step0_s_20260519_18,b642ace3dfe54aa9940c51465a4d8ad8,0.028,,,
2572,2026-05-19,SZ300124,-0.0018312168314194622,EXP_CatBoostModel_Alpha158_csi300_custom_step0_s_20260519_18,b642ace3dfe54aa9940c51465a4d8ad8,0.028,,,
2573,2026-05-19,SZ300122,-0.0018312168314194622,EXP_CatBoostModel_Alpha158_csi300_custom_step0_s_20260519_18,b642ace3dfe54aa9940c51465a4d8ad8,0.028,,,
2574,2026-05-19,SZ300059,-0.0018312168314194622,EXP_CatBoostModel_Alpha158_csi300_custom_step0_s_20260519_18,b642ace3dfe54aa9940c51465a4d8ad8,0.028,,,
2575,2026-05-19,SZ300033,-0.0018312168314194622,EXP_CatBoostModel_Alpha158_csi300_custom_step0_s_20260519_18,b642ace3dfe54aa9940c51465a4d8ad8,0.028,,,
2576,2026-05-19,SZ300015,-0.0024882954865528004,EXP_CatBoostModel_Alpha158_csi300_custom_step0_s_20260519_18,b642ace3dfe54aa9940c51465a4d8ad8,0.028,,,
2577,2026-05-19,SZ002236,0.0002695080739567845,EXP_CatBoostModel_Alpha158_csi300_custom_step0_s_20260519_18,b642ace3dfe54aa9940c51465a4d8ad8,0.028,,,
2578,2026-05-19,SZ300014,-0.0018312168314194622,EXP_CatBoostModel_Alpha158_csi300_custom_step0_s_20260519_18,b642ace3dfe54aa9940c51465a4d8ad8,0.028,,,
2579,2026-05-19,SZ002938,0.008105533638736716,EXP_CatBoostModel_Alpha158_csi300_custom_step0_s_20260519_18,b642ace3dfe54aa9940c51465a4d8ad8,0.028,,,
2580,2026-05-19,SZ002920,0.0011176056885541395,EXP_CatBoostModel_Alpha158_csi300_custom_step0_s_20260519_18,b642ace3dfe54aa9940c51465a4d8ad8,0.028,,,
2581,2026-05-19,SZ002916,0.0007477091192699457,EXP_CatBoostModel_Alpha158_csi300_custom_step0_s_20260519_18,b642ace3dfe54aa9940c51465a4d8ad8,0.028,,,
2582,2026-05-19,SZ002736,-0.0018312168314194622,EXP_CatBoostModel_Alpha158_csi300_custom_step0_s_20260519_18,b642ace3dfe54aa9940c51465a4d8ad8,0.028,,,
2583,2026-05-19,SZ002714,-0.0018312168314194622,EXP_CatBoostModel_Alpha158_csi300_custom_step0_s_20260519_18,b642ace3dfe54aa9940c51465a4d8ad8,0.028,,,
2584,2026-05-19,SZ002709,0.0007477091192699457,EXP_CatBoostModel_Alpha158_csi300_custom_step0_s_20260519_18,b642ace3dfe54aa9940c51465a4d8ad8,0.028,,,
2585,2026-05-19,SZ002648,-0.0018312168314194622,EXP_CatBoostModel_Alpha158_csi300_custom_step0_s_20260519_18,b642ace3dfe54aa9940c51465a4d8ad8,0.028,,,
2586,2026-05-19,SZ003816,-0.000740659755344885,EXP_CatBoostModel_Alpha158_csi300_custom_step0_s_20260519_18,b642ace3dfe54aa9940c51465a4d8ad8,0.028,,,
2587,2026-05-19,SZ002230,-0.0024882954865528004,EXP_CatBoostModel_Alpha158_csi300_custom_step0_s_20260519_18,b642ace3dfe54aa9940c51465a4d8ad8,0.028,,,
2588,2026-05-19,SZ002179,-0.0024882954865528004,EXP_CatBoostModel_Alpha158_csi300_custom_step0_s_20260519_18,b642ace3dfe54aa9940c51465a4d8ad8,0.028,,,
2589,2026-05-19,SZ002142,0.0002695080739567845,EXP_CatBoostModel_Alpha158_csi300_custom_step0_s_20260519_18,b642ace3dfe54aa9940c51465a4d8ad8,0.028,,,
2590,2026-05-19,SZ000786,-0.0018312168314194622,EXP_CatBoostModel_Alpha158_csi300_custom_step0_s_20260519_18,b642ace3dfe54aa9940c51465a4d8ad8,0.028,,,
2591,2026-05-19,SZ000776,-0.0018312168314194622,EXP_CatBoostModel_Alpha158_csi300_custom_step0_s_20260519_18,b642ace3dfe54aa9940c51465a4d8ad8,0.028,,,
2592,2026-05-19,SZ000768,-0.0024882954865528004,EXP_CatBoostModel_Alpha158_csi300_custom_step0_s_20260519_18,b642ace3dfe54aa9940c51465a4d8ad8,0.028,,,
2593,2026-05-19,SZ000725,0.002383787577490321,EXP_CatBoostModel_Alpha158_csi300_custom_step0_s_20260519_18,b642ace3dfe54aa9940c51465a4d8ad8,0.028,,,
2594,2026-05-19,SZ000708,-0.0018312168314194622,EXP_CatBoostModel_Alpha158_csi300_custom_step0_s_20260519_18,b642ace3dfe54aa9940c51465a4d8ad8,0.028,,,
2595,2026-05-19,SZ000661,-0.0018312168314194622,EXP_CatBoostModel_Alpha158_csi300_custom_step0_s_20260519_18,b642ace3dfe54aa9940c51465a4d8ad8,0.028,,,
2596,2026-05-19,SZ000651,0.002383787577490321,EXP_CatBoostModel_Alpha158_csi300_custom_step0_s_20260519_18,b642ace3dfe54aa9940c51465a4d8ad8,0.028,,,
2597,2026-05-19,SZ000792,-0.0018312168314194622,EXP_CatBoostModel_Alpha158_csi300_custom_step0_s_20260519_18,b642ace3dfe54aa9940c51465a4d8ad8,0.028,,,
2598,2026-05-19,SZ000630,-0.0018312168314194622,EXP_CatBoostModel_Alpha158_csi300_custom_step0_s_20260519_18,b642ace3dfe54aa9940c51465a4d8ad8,0.028,,,
2599,2026-05-19,SZ000617,-0.0024882954865528004,EXP_CatBoostModel_Alpha158_csi300_custom_step0_s_20260519_18,b642ace3dfe54aa9940c51465a4d8ad8,0.028,,,
2600,2026-05-19,SZ000596,-0.0018312168314194622,EXP_CatBoostModel_Alpha158_csi300_custom_step0_s_20260519_18,b642ace3dfe54aa9940c51465a4d8ad8,0.028,,,
2601,2026-05-19,SZ000568,-0.0018312168314194622,EXP_CatBoostModel_Alpha158_csi300_custom_step0_s_20260519_18,b642ace3dfe54aa9940c51465a4d8ad8,0.028,,,
2602,2026-05-19,SZ000538,0.0002695080739567845,EXP_CatBoostModel_Alpha158_csi300_custom_step0_s_20260519_18,b642ace3dfe54aa9940c51465a4d8ad8,0.028,,,
2603,2026-05-19,SZ000425,-0.0018312168314194622,EXP_CatBoostModel_Alpha158_csi300_custom_step0_s_20260519_18,b642ace3dfe54aa9940c51465a4d8ad8,0.028,,,
2604,2026-05-19,SZ000408,-0.0018312168314194622,EXP_CatBoostModel_Alpha158_csi300_custom_step0_s_20260519_18,b642ace3dfe54aa9940c51465a4d8ad8,0.028,,,
2605,2026-05-19,SZ000338,0.0007477091192699457,EXP_CatBoostModel_Alpha158_csi300_custom_step0_s_20260519_18,b642ace3dfe54aa9940c51465a4d8ad8,0.028,,,
2606,2026-05-19,SZ000625,-0.0024882954865528004,EXP_CatBoostModel_Alpha158_csi300_custom_step0_s_20260519_18,b642ace3dfe54aa9940c51465a4d8ad8,0.028,,,
2607,2026-05-19,SZ300308,0.006627252697600946,EXP_CatBoostModel_Alpha158_csi300_custom_step0_s_20260519_18,b642ace3dfe54aa9940c51465a4d8ad8,0.028,,,
2608,2026-05-19,SZ000807,-0.0018312168314194622,EXP_CatBoostModel_Alpha158_csi300_custom_step0_s_20260519_18,b642ace3dfe54aa9940c51465a4d8ad8,0.028,,,
2609,2026-05-19,SZ000876,-0.0018312168314194622,EXP_CatBoostModel_Alpha158_csi300_custom_step0_s_20260519_18,b642ace3dfe54aa9940c51465a4d8ad8,0.028,,,
2610,2026-05-19,SZ002074,-0.0018312168314194622,EXP_CatBoostModel_Alpha158_csi300_custom_step0_s_20260519_18,b642ace3dfe54aa9940c51465a4d8ad8,0.028,,,
2611,2026-05-19,SZ002050,-0.0018312168314194622,EXP_CatBoostModel_Alpha158_csi300_custom_step0_s_20260519_18,b642ace3dfe54aa9940c51465a4d8ad8,0.028,,,
2612,2026-05-19,SZ002049,-0.0024882954865528004,EXP_CatBoostModel_Alpha158_csi300_custom_step0_s_20260519_18,b642ace3dfe54aa9940c51465a4d8ad8,0.028,,,
2613,2026-05-19,SZ002028,-0.0018312168314194622,EXP_CatBoostModel_Alpha158_csi300_custom_step0_s_20260519_18,b642ace3dfe54aa9940c51465a4d8ad8,0.028,,,
2614,2026-05-19,SZ002027,-0.0024882954865528004,EXP_CatBoostModel_Alpha158_csi300_custom_step0_s_20260519_18,b642ace3dfe54aa9940c51465a4d8ad8,0.028,,,
2615,2026-05-19,SZ002001,-0.0018312168314194622,EXP_CatBoostModel_Alpha158_csi300_custom_step0_s_20260519_18,b642ace3dfe54aa9940c51465a4d8ad8,0.028,,,
2616,2026-05-19,SZ001979,-0.0024882954865528004,EXP_CatBoostModel_Alpha158_csi300_custom_step0_s_20260519_18,b642ace3dfe54aa9940c51465a4d8ad8,0.028,,,
2617,2026-05-19,SZ000858,-0.0024882954865528004,EXP_CatBoostModel_Alpha158_csi300_custom_step0_s_20260519_18,b642ace3dfe54aa9940c51465a4d8ad8,0.028,,,
2618,2026-05-19,SZ001965,-0.000740659755344885,EXP_CatBoostModel_Alpha158_csi300_custom_step0_s_20260519_18,b642ace3dfe54aa9940c51465a4d8ad8,0.028,,,
2619,2026-05-19,SZ000999,0.0002695080739567845,EXP_CatBoostModel_Alpha158_csi300_custom_step0_s_20260519_18,b642ace3dfe54aa9940c51465a4d8ad8,0.028,,,
2620,2026-05-19,SZ000983,-0.0018312168314194622,EXP_CatBoostModel_Alpha158_csi300_custom_step0_s_20260519_18,b642ace3dfe54aa9940c51465a4d8ad8,0.028,,,
2621,2026-05-19,SZ000977,-0.0018312168314194622,EXP_CatBoostModel_Alpha158_csi300_custom_step0_s_20260519_18,b642ace3dfe54aa9940c51465a4d8ad8,0.028,,,
2622,2026-05-19,SZ000975,-0.0018312168314194622,EXP_CatBoostModel_Alpha158_csi300_custom_step0_s_20260519_18,b642ace3dfe54aa9940c51465a4d8ad8,0.028,,,
2623,2026-05-19,SZ000963,-0.0018312168314194622,EXP_CatBoostModel_Alpha158_csi300_custom_step0_s_20260519_18,b642ace3dfe54aa9940c51465a4d8ad8,0.028,,,
2624,2026-05-19,SZ000938,-0.0018312168314194622,EXP_CatBoostModel_Alpha158_csi300_custom_step0_s_20260519_18,b642ace3dfe54aa9940c51465a4d8ad8,0.028,,,
2625,2026-05-19,SZ000895,0.0002695080739567845,EXP_CatBoostModel_Alpha158_csi300_custom_step0_s_20260519_18,b642ace3dfe54aa9940c51465a4d8ad8,0.028,,,
2626,2026-05-19,SZ001391,-0.0003875705811765539,EXP_CatBoostModel_Alpha158_csi300_custom_step0_s_20260519_18,b642ace3dfe54aa9940c51465a4d8ad8,0.028,,,
2627,2026-05-19,SZ300316,-0.0024882954865528004,EXP_CatBoostModel_Alpha158_csi300_custom_step0_s_20260519_18,b642ace3dfe54aa9940c51465a4d8ad8,0.028,,,
2628,2026-05-19,SZ300347,0.0007477091192699457,EXP_CatBoostModel_Alpha158_csi300_custom_step0_s_20260519_18,b642ace3dfe54aa9940c51465a4d8ad8,0.028,,,
2629,2026-05-19,SZ300394,-0.0024882954865528004,EXP_CatBoostModel_Alpha158_csi300_custom_step0_s_20260519_18,b642ace3dfe54aa9940c51465a4d8ad8,0.028,,,
2630,2026-05-19,SH600188,0.011353909722645519,EXP_CatBoostModel_Alpha158_csi300_custom_step0_s_20260519_18,6bc2119278cf4ad0950370b20f75981f,0.068,,,
2631,2026-05-19,SH600183,-0.0013217737300175786,EXP_CatBoostModel_Alpha158_csi300_custom_step0_s_20260519_18,6bc2119278cf4ad0950370b20f75981f,0.068,,,
2632,2026-05-19,SH600176,-0.1399360913405611,EXP_CatBoostModel_Alpha158_csi300_custom_step0_s_20260519_18,6bc2119278cf4ad0950370b20f75981f,0.068,,,
2633,2026-05-19,SH600161,-0.017430737888342287,EXP_CatBoostModel_Alpha158_csi300_custom_step0_s_20260519_18,6bc2119278cf4ad0950370b20f75981f,0.068,,,
2634,2026-05-19,SH600160,-0.0128357700014966,EXP_CatBoostModel_Alpha158_csi300_custom_step0_s_20260519_18,6bc2119278cf4ad0950370b20f75981f,0.068,,,
2635,2026-05-19,SH600150,0.060068448806980965,EXP_CatBoostModel_Alpha158_csi300_custom_step0_s_20260519_18,6bc2119278cf4ad0950370b20f75981f,0.068,,,
2636,2026-05-19,SH600115,-0.007771134065548922,EXP_CatBoostModel_Alpha158_csi300_custom_step0_s_20260519_18,6bc2119278cf4ad0950370b20f75981f,0.068,,,
2637,2026-05-19,SH600196,-0.016833668191500808,EXP_CatBoostModel_Alpha158_csi300_custom_step0_s_20260519_18,6bc2119278cf4ad0950370b20f75981f,0.068,,,
2638,2026-05-19,SH600111,-0.010109307844371038,EXP_CatBoostModel_Alpha158_csi300_custom_step0_s_20260519_18,6bc2119278cf4ad0950370b20f75981f,0.068,,,
2639,2026-05-19,SH600089,-0.01712547799132015,EXP_CatBoostModel_Alpha158_csi300_custom_step0_s_20260519_18,6bc2119278cf4ad0950370b20f75981f,0.068,,,
2640,2026-05-19,SH600085,-0.02547475478974964,EXP_CatBoostModel_Alpha158_csi300_custom_step0_s_20260519_18,6bc2119278cf4ad0950370b20f75981f,0.068,,,
2641,2026-05-19,SH600066,-0.005155137843171879,EXP_CatBoostModel_Alpha158_csi300_custom_step0_s_20260519_18,6bc2119278cf4ad0950370b20f75981f,0.068,,,
2642,2026-05-19,SH600061,-0.016225260773482627,EXP_CatBoostModel_Alpha158_csi300_custom_step0_s_20260519_18,6bc2119278cf4ad0950370b20f75981f,0.068,,,
2643,2026-05-19,SH600050,-0.004385128398862348,EXP_CatBoostModel_Alpha158_csi300_custom_step0_s_20260519_18,6bc2119278cf4ad0950370b20f75981f,0.068,,,
2644,2026-05-19,SH600048,-0.009625316706693221,EXP_CatBoostModel_Alpha158_csi300_custom_step0_s_20260519_18,6bc2119278cf4ad0950370b20f75981f,0.068,,,
2645,2026-05-19,SH600039,-0.016673452045680257,EXP_CatBoostModel_Alpha158_csi300_custom_step0_s_20260519_18,6bc2119278cf4ad0950370b20f75981f,0.068,,,
2646,2026-05-19,SH600104,-0.01649663854972295,EXP_CatBoostModel_Alpha158_csi300_custom_step0_s_20260519_18,6bc2119278cf4ad0950370b20f75981f,0.068,,,
2647,2026-05-19,SH600036,-0.028766525128763796,EXP_CatBoostModel_Alpha158_csi300_custom_step0_s_20260519_18,6bc2119278cf4ad0950370b20f75981f,0.068,,,
2648,2026-05-19,SH600219,0.012718690227507677,EXP_CatBoostModel_Alpha158_csi300_custom_step0_s_20260519_18,6bc2119278cf4ad0950370b20f75981f,0.068,,,
2649,2026-05-19,SH600276,-0.017662745696990112,EXP_CatBoostModel_Alpha158_csi300_custom_step0_s_20260519_18,6bc2119278cf4ad0950370b20f75981f,0.068,,,
2650,2026-05-19,SH600522,-0.02972195014776466,EXP_CatBoostModel_Alpha158_csi300_custom_step0_s_20260519_18,6bc2119278cf4ad0950370b20f75981f,0.068,,,
2651,2026-05-19,SH600519,-0.025082385416620934,EXP_CatBoostModel_Alpha158_csi300_custom_step0_s_20260519_18,6bc2119278cf4ad0950370b20f75981f,0.068,,,
2652,2026-05-19,SH600515,-0.017866773291655983,EXP_CatBoostModel_Alpha158_csi300_custom_step0_s_20260519_18,6bc2119278cf4ad0950370b20f75981f,0.068,,,
2653,2026-05-19,SH600489,0.013301752780033066,EXP_CatBoostModel_Alpha158_csi300_custom_step0_s_20260519_18,6bc2119278cf4ad0950370b20f75981f,0.068,,,
2654,2026-05-19,SH600482,0.009652415540605705,EXP_CatBoostModel_Alpha158_csi300_custom_step0_s_20260519_18,6bc2119278cf4ad0950370b20f75981f,0.068,,,
2655,2026-05-19,SH600460,0.050342477555700045,EXP_CatBoostModel_Alpha158_csi300_custom_step0_s_20260519_18,6bc2119278cf4ad0950370b20f75981f,0.068,,,
2656,2026-05-19,SH600438,-0.0085905358722357,EXP_CatBoostModel_Alpha158_csi300_custom_step0_s_20260519_18,6bc2119278cf4ad0950370b20f75981f,0.068,,,
2657,2026-05-19,SH600233,0.00474075611129253,EXP_CatBoostModel_Alpha158_csi300_custom_step0_s_20260519_18,6bc2119278cf4ad0950370b20f75981f,0.068,,,
2658,2026-05-19,SH600436,0.005409717788479408,EXP_CatBoostModel_Alpha158_csi300_custom_step0_s_20260519_18,6bc2119278cf4ad0950370b20f75981f,0.068,,,
2659,2026-05-19,SH600415,-0.004557839671215746,EXP_CatBoostModel_Alpha158_csi300_custom_step0_s_20260519_18,6bc2119278cf4ad0950370b20f75981f,0.068,,,
2660,2026-05-19,SH600406,-0.003373373987626592,EXP_CatBoostModel_Alpha158_csi300_custom_step0_s_20260519_18,6bc2119278cf4ad0950370b20f75981f,0.068,,,
2661,2026-05-19,SH600377,0.009770520195842304,EXP_CatBoostModel_Alpha158_csi300_custom_step0_s_20260519_18,6bc2119278cf4ad0950370b20f75981f,0.068,,,
2662,2026-05-19,SH600372,-0.01219584258385104,EXP_CatBoostModel_Alpha158_csi300_custom_step0_s_20260519_18,6bc2119278cf4ad0950370b20f75981f,0.068,,,
2663,2026-05-19,SH600362,-0.012451279223507907,EXP_CatBoostModel_Alpha158_csi300_custom_step0_s_20260519_18,6bc2119278cf4ad0950370b20f75981f,0.068,,,
2664,2026-05-19,SH600346,0.0420803651694978,EXP_CatBoostModel_Alpha158_csi300_custom_step0_s_20260519_18,6bc2119278cf4ad0950370b20f75981f,0.068,,,
2665,2026-05-19,SH600309,-0.005319806711722142,EXP_CatBoostModel_Alpha158_csi300_custom_step0_s_20260519_18,6bc2119278cf4ad0950370b20f75981f,0.068,,,
2666,2026-05-19,SH600426,-0.0042942548750212,EXP_CatBoostModel_Alpha158_csi300_custom_step0_s_20260519_18,6bc2119278cf4ad0950370b20f75981f,0.068,,,
2667,2026-05-19,SZ000333,0.003934980462127143,EXP_CatBoostModel_Alpha158_csi300_custom_step0_s_20260519_18,b642ace3dfe54aa9940c51465a4d8ad8,0.028,,,
2668,2026-05-19,SH600031,-0.008938426473914558,EXP_CatBoostModel_Alpha158_csi300_custom_step0_s_20260519_18,6bc2119278cf4ad0950370b20f75981f,0.068,,,
2669,2026-05-19,SH600029,-0.01567031078093519,EXP_CatBoostModel_Alpha158_csi300_custom_step0_s_20260519_18,6bc2119278cf4ad0950370b20f75981f,0.068,,,
2670,2026-05-19,SZ300832,-0.0024882954865528004,EXP_CatBoostModel_Alpha158_csi300_custom_step0_s_20260519_18,b642ace3dfe54aa9940c51465a4d8ad8,0.028,,,
2671,2026-05-19,SZ300803,-0.0018312168314194622,EXP_CatBoostModel_Alpha158_csi300_custom_step0_s_20260519_18,b642ace3dfe54aa9940c51465a4d8ad8,0.028,,,
2672,2026-05-19,SZ300782,9.063046413660737e-05,EXP_CatBoostModel_Alpha158_csi300_custom_step0_s_20260519_18,b642ace3dfe54aa9940c51465a4d8ad8,0.028,,,
2673,2026-05-19,SZ300760,-0.0018312168314194622,EXP_CatBoostModel_Alpha158_csi300_custom_step0_s_20260519_18,b642ace3dfe54aa9940c51465a4d8ad8,0.028,,,
2674,2026-05-19,SZ300759,-0.0018312168314194622,EXP_CatBoostModel_Alpha158_csi300_custom_step0_s_20260519_18,b642ace3dfe54aa9940c51465a4d8ad8,0.028,,,
2675,2026-05-19,SZ300750,-0.0018312168314194622,EXP_CatBoostModel_Alpha158_csi300_custom_step0_s_20260519_18,b642ace3dfe54aa9940c51465a4d8ad8,0.028,,,
2676,2026-05-19,SZ300661,0.00827699726794023,EXP_CatBoostModel_Alpha158_csi300_custom_step0_s_20260519_18,b642ace3dfe54aa9940c51465a4d8ad8,0.028,,,
2677,2026-05-19,SZ300866,-0.0018312168314194622,EXP_CatBoostModel_Alpha158_csi300_custom_step0_s_20260519_18,b642ace3dfe54aa9940c51465a4d8ad8,0.028,,,
2678,2026-05-19,SZ300628,-0.0024882954865528004,EXP_CatBoostModel_Alpha158_csi300_custom_step0_s_20260519_18,b642ace3dfe54aa9940c51465a4d8ad8,0.028,,,
2679,2026-05-19,SZ300498,-0.0018312168314194622,EXP_CatBoostModel_Alpha158_csi300_custom_step0_s_20260519_18,b642ace3dfe54aa9940c51465a4d8ad8,0.028,,,
2680,2026-05-19,SZ300476,9.063046413660737e-05,EXP_CatBoostModel_Alpha158_csi300_custom_step0_s_20260519_18,b642ace3dfe54aa9940c51465a4d8ad8,0.028,,,
2681,2026-05-19,SZ300442,-0.0024882954865528004,EXP_CatBoostModel_Alpha158_csi300_custom_step0_s_20260519_18,b642ace3dfe54aa9940c51465a4d8ad8,0.028,,,
2682,2026-05-19,SZ300433,0.007852465588171173,EXP_CatBoostModel_Alpha158_csi300_custom_step0_s_20260519_18,b642ace3dfe54aa9940c51465a4d8ad8,0.028,,,
2683,2026-05-19,SZ300418,-0.0024882954865528004,EXP_CatBoostModel_Alpha158_csi300_custom_step0_s_20260519_18,b642ace3dfe54aa9940c51465a4d8ad8,0.028,,,
2684,2026-05-19,SZ300413,-0.0018312168314194622,EXP_CatBoostModel_Alpha158_csi300_custom_step0_s_20260519_18,b642ace3dfe54aa9940c51465a4d8ad8,0.028,,,
2685,2026-05-19,SZ300408,0.008105533638736716,EXP_CatBoostModel_Alpha158_csi300_custom_step0_s_20260519_18,b642ace3dfe54aa9940c51465a4d8ad8,0.028,,,
2686,2026-05-19,SZ300502,9.063046413660737e-05,EXP_CatBoostModel_Alpha158_csi300_custom_step0_s_20260519_18,b642ace3dfe54aa9940c51465a4d8ad8,0.028,,,
2687,2026-05-19,SH600030,-0.01001816775752079,EXP_CatBoostModel_Alpha158_csi300_custom_step0_s_20260519_18,6bc2119278cf4ad0950370b20f75981f,0.068,,,
2688,2026-05-19,SZ300896,-0.0024882954865528004,EXP_CatBoostModel_Alpha158_csi300_custom_step0_s_20260519_18,b642ace3dfe54aa9940c51465a4d8ad8,0.028,,,
2689,2026-05-19,SZ300999,-0.0018312168314194622,EXP_CatBoostModel_Alpha158_csi300_custom_step0_s_20260519_18,b642ace3dfe54aa9940c51465a4d8ad8,0.028,,,
2690,2026-05-19,SH600028,-0.02364711606115407,EXP_CatBoostModel_Alpha158_csi300_custom_step0_s_20260519_18,6bc2119278cf4ad0950370b20f75981f,0.068,,,
2691,2026-05-19,SH600027,0.03138589795668047,EXP_CatBoostModel_Alpha158_csi300_custom_step0_s_20260519_18,6bc2119278cf4ad0950370b20f75981f,0.068,,,
2692,2026-05-19,SH600026,0.0019067942019341695,EXP_CatBoostModel_Alpha158_csi300_custom_step0_s_20260519_18,6bc2119278cf4ad0950370b20f75981f,0.068,,,
2693,2026-05-19,SH600025,-0.003830194597043315,EXP_CatBoostModel_Alpha158_csi300_custom_step0_s_20260519_18,6bc2119278cf4ad0950370b20f75981f,0.068,,,
2694,2026-05-19,SH600023,0.0394420925373371,EXP_CatBoostModel_Alpha158_csi300_custom_step0_s_20260519_18,6bc2119278cf4ad0950370b20f75981f,0.068,,,
2695,2026-05-19,SH600019,-0.023581903885638678,EXP_CatBoostModel_Alpha158_csi300_custom_step0_s_20260519_18,6bc2119278cf4ad0950370b20f75981f,0.068,,,
2696,2026-05-19,SH600018,0.004819619803311681,EXP_CatBoostModel_Alpha158_csi300_custom_step0_s_20260519_18,6bc2119278cf4ad0950370b20f75981f,0.068,,,
2697,2026-05-19,SZ300979,0.0011176056885541395,EXP_CatBoostModel_Alpha158_csi300_custom_step0_s_20260519_18,b642ace3dfe54aa9940c51465a4d8ad8,0.028,,,
2698,2026-05-19,SH600016,-0.02026407303072669,EXP_CatBoostModel_Alpha158_csi300_custom_step0_s_20260519_18,6bc2119278cf4ad0950370b20f75981f,0.068,,,
2699,2026-05-19,SH600011,0.010689662372306417,EXP_CatBoostModel_Alpha158_csi300_custom_step0_s_20260519_18,6bc2119278cf4ad0950370b20f75981f,0.068,,,
2700,2026-05-19,SH600010,-0.00535198581798478,EXP_CatBoostModel_Alpha158_csi300_custom_step0_s_20260519_18,6bc2119278cf4ad0950370b20f75981f,0.068,,,
2701,2026-05-19,SH600009,-0.020717844827758198,EXP_CatBoostModel_Alpha158_csi300_custom_step0_s_20260519_18,6bc2119278cf4ad0950370b20f75981f,0.068,,,
2702,2026-05-19,SH600000,-0.028505632073231545,EXP_CatBoostModel_Alpha158_csi300_custom_step0_s_20260519_18,6bc2119278cf4ad0950370b20f75981f,0.068,,,
2703,2026-05-19,SZ302132,-0.0018312168314194622,EXP_CatBoostModel_Alpha158_csi300_custom_step0_s_20260519_18,b642ace3dfe54aa9940c51465a4d8ad8,0.028,,,
2704,2026-05-19,SZ301269,-0.0018312168314194622,EXP_CatBoostModel_Alpha158_csi300_custom_step0_s_20260519_18,b642ace3dfe54aa9940c51465a4d8ad8,0.028,,,
2705,2026-05-19,SZ301236,-0.0024882954865528004,EXP_CatBoostModel_Alpha158_csi300_custom_step0_s_20260519_18,b642ace3dfe54aa9940c51465a4d8ad8,0.028,,,
2706,2026-05-19,SH600015,-0.03579057881813711,EXP_CatBoostModel_Alpha158_csi300_custom_step0_s_20260519_18,6bc2119278cf4ad0950370b20f75981f,0.068,,,
2707,2026-05-19,SH600547,0.08172494301525712,EXP_CatBoostModel_Alpha158_csi300_custom_step0_s_20260519_18,6bc2119278cf4ad0950370b20f75981f,0.068,,,
2708,2026-05-19,SZ000301,-0.0018312168314194622,EXP_CatBoostModel_Alpha158_csi300_custom_step0_s_20260519_18,b642ace3dfe54aa9940c51465a4d8ad8,0.028,,,
2709,2026-05-19,SZ000157,-0.0018312168314194622,EXP_CatBoostModel_Alpha158_csi300_custom_step0_s_20260519_18,b642ace3dfe54aa9940c51465a4d8ad8,0.028,,,
2710,2026-05-19,SH601100,-0.0018312168314194622,EXP_CatBoostModel_Alpha158_csi300_custom_step0_s_20260519_18,b642ace3dfe54aa9940c51465a4d8ad8,0.028,,,
2711,2026-05-19,SH601088,-0.0024882954865528004,EXP_CatBoostModel_Alpha158_csi300_custom_step0_s_20260519_18,b642ace3dfe54aa9940c51465a4d8ad8,0.028,,,
2712,2026-05-19,SH601077,-0.0018312168314194622,EXP_CatBoostModel_Alpha158_csi300_custom_step0_s_20260519_18,b642ace3dfe54aa9940c51465a4d8ad8,0.028,,,
2713,2026-05-19,SH601066,-0.0018312168314194622,EXP_CatBoostModel_Alpha158_csi300_custom_step0_s_20260519_18,b642ace3dfe54aa9940c51465a4d8ad8,0.028,,,
2714,2026-05-19,SH601059,0.0006741184397854367,EXP_CatBoostModel_Alpha158_csi300_custom_step0_s_20260519_18,b642ace3dfe54aa9940c51465a4d8ad8,0.028,,,
2715,2026-05-19,SH601058,-0.0018312168314194622,EXP_CatBoostModel_Alpha158_csi300_custom_step0_s_20260519_18,b642ace3dfe54aa9940c51465a4d8ad8,0.028,,,
2716,2026-05-19,SH601021,-0.0018312168314194622,EXP_CatBoostModel_Alpha158_csi300_custom_step0_s_20260519_18,b642ace3dfe54aa9940c51465a4d8ad8,0.028,,,
2717,2026-05-19,SH601018,0.0002695080739567845,EXP_CatBoostModel_Alpha158_csi300_custom_step0_s_20260519_18,b642ace3dfe54aa9940c51465a4d8ad8,0.028,,,
2718,2026-05-19,SH601012,-0.0018312168314194622,EXP_CatBoostModel_Alpha158_csi300_custom_step0_s_20260519_18,b642ace3dfe54aa9940c51465a4d8ad8,0.028,,,
2719,2026-05-19,SH601009,0.0011176056885541395,EXP_CatBoostModel_Alpha158_csi300_custom_step0_s_20260519_18,b642ace3dfe54aa9940c51465a4d8ad8,0.028,,,
2720,2026-05-19,SH601006,0.002383787577490321,EXP_CatBoostModel_Alpha158_csi300_custom_step0_s_20260519_18,b642ace3dfe54aa9940c51465a4d8ad8,0.028,,,
2721,2026-05-19,SH600999,-0.005096144354695025,EXP_CatBoostModel_Alpha158_csi300_custom_step0_s_20260519_18,b642ace3dfe54aa9940c51465a4d8ad8,0.028,,,
2722,2026-05-19,SH600989,-0.0018312168314194622,EXP_CatBoostModel_Alpha158_csi300_custom_step0_s_20260519_18,b642ace3dfe54aa9940c51465a4d8ad8,0.028,,,
2723,2026-05-19,SH600958,-0.0018312168314194622,EXP_CatBoostModel_Alpha158_csi300_custom_step0_s_20260519_18,b642ace3dfe54aa9940c51465a4d8ad8,0.028,,,
2724,2026-05-19,SH600941,0.0011636223034602684,EXP_CatBoostModel_Alpha158_csi300_custom_step0_s_20260519_18,b642ace3dfe54aa9940c51465a4d8ad8,0.028,,,
2725,2026-05-19,SH601111,-0.0018312168314194622,EXP_CatBoostModel_Alpha158_csi300_custom_step0_s_20260519_18,b642ace3dfe54aa9940c51465a4d8ad8,0.028,,,
2726,2026-05-19,SH601117,-0.0018312168314194622,EXP_CatBoostModel_Alpha158_csi300_custom_step0_s_20260519_18,b642ace3dfe54aa9940c51465a4d8ad8,0.028,,,
2727,2026-05-19,SH601127,-0.0024882954865528004,EXP_CatBoostModel_Alpha158_csi300_custom_step0_s_20260519_18,b642ace3dfe54aa9940c51465a4d8ad8,0.028,,,
2728,2026-05-19,SH601136,-0.0018312168314194622,EXP_CatBoostModel_Alpha158_csi300_custom_step0_s_20260519_18,b642ace3dfe54aa9940c51465a4d8ad8,0.028,,,
2729,2026-05-19,SH601360,-0.0018312168314194622,EXP_CatBoostModel_Alpha158_csi300_custom_step0_s_20260519_18,b642ace3dfe54aa9940c51465a4d8ad8,0.028,,,
2730,2026-05-19,SH601336,-0.0018312168314194622,EXP_CatBoostModel_Alpha158_csi300_custom_step0_s_20260519_18,b642ace3dfe54aa9940c51465a4d8ad8,0.028,,,
2731,2026-05-19,SH601328,0.0011176056885541395,EXP_CatBoostModel_Alpha158_csi300_custom_step0_s_20260519_18,b642ace3dfe54aa9940c51465a4d8ad8,0.028,,,
2732,2026-05-19,SH601319,-0.0024882954865528004,EXP_CatBoostModel_Alpha158_csi300_custom_step0_s_20260519_18,b642ace3dfe54aa9940c51465a4d8ad8,0.028,,,
2733,2026-05-19,SH601318,-0.0018312168314194622,EXP_CatBoostModel_Alpha158_csi300_custom_step0_s_20260519_18,b642ace3dfe54aa9940c51465a4d8ad8,0.028,,,
2734,2026-05-19,SH601298,0.002383787577490321,EXP_CatBoostModel_Alpha158_csi300_custom_step0_s_20260519_18,b642ace3dfe54aa9940c51465a4d8ad8,0.028,,,
2735,2026-05-19,SH601288,0.0011176056885541395,EXP_CatBoostModel_Alpha158_csi300_custom_step0_s_20260519_18,b642ace3dfe54aa9940c51465a4d8ad8,0.028,,,
2736,2026-05-19,SH600938,-0.0018312168314194622,EXP_CatBoostModel_Alpha158_csi300_custom_step0_s_20260519_18,b642ace3dfe54aa9940c51465a4d8ad8,0.028,,,
2737,2026-05-19,SH601238,-0.0018312168314194622,EXP_CatBoostModel_Alpha158_csi300_custom_step0_s_20260519_18,b642ace3dfe54aa9940c51465a4d8ad8,0.028,,,
2738,2026-05-19,SH601229,0.0011176056885541395,EXP_CatBoostModel_Alpha158_csi300_custom_step0_s_20260519_18,b642ace3dfe54aa9940c51465a4d8ad8,0.028,,,
2739,2026-05-19,SH601225,-0.0018312168314194622,EXP_CatBoostModel_Alpha158_csi300_custom_step0_s_20260519_18,b642ace3dfe54aa9940c51465a4d8ad8,0.028,,,
2740,2026-05-19,SH601211,-0.0018312168314194622,EXP_CatBoostModel_Alpha158_csi300_custom_step0_s_20260519_18,b642ace3dfe54aa9940c51465a4d8ad8,0.028,,,
2741,2026-05-19,SH601186,-0.0003875705811765539,EXP_CatBoostModel_Alpha158_csi300_custom_step0_s_20260519_18,b642ace3dfe54aa9940c51465a4d8ad8,0.028,,,
2742,2026-05-19,SH601169,0.0011176056885541395,EXP_CatBoostModel_Alpha158_csi300_custom_step0_s_20260519_18,b642ace3dfe54aa9940c51465a4d8ad8,0.028,,,
2743,2026-05-19,SH601166,0.0011176056885541395,EXP_CatBoostModel_Alpha158_csi300_custom_step0_s_20260519_18,b642ace3dfe54aa9940c51465a4d8ad8,0.028,,,
2744,2026-05-19,SH601138,-0.0018312168314194622,EXP_CatBoostModel_Alpha158_csi300_custom_step0_s_20260519_18,b642ace3dfe54aa9940c51465a4d8ad8,0.028,,,
2745,2026-05-19,SH601236,-0.0018312168314194622,EXP_CatBoostModel_Alpha158_csi300_custom_step0_s_20260519_18,b642ace3dfe54aa9940c51465a4d8ad8,0.028,,,
2746,2026-05-19,SH600930,-0.0024882954865528004,EXP_CatBoostModel_Alpha158_csi300_custom_step0_s_20260519_18,b642ace3dfe54aa9940c51465a4d8ad8,0.028,,,
2747,2026-05-19,SH600926,0.0002695080739567845,EXP_CatBoostModel_Alpha158_csi300_custom_step0_s_20260519_18,b642ace3dfe54aa9940c51465a4d8ad8,0.028,,,
2748,2026-05-19,SH600919,0.002383787577490321,EXP_CatBoostModel_Alpha158_csi300_custom_step0_s_20260519_18,b642ace3dfe54aa9940c51465a4d8ad8,0.028,,,
2749,2026-05-19,SH600570,-0.0018312168314194622,EXP_CatBoostModel_Alpha158_csi300_custom_step0_s_20260519_18,b642ace3dfe54aa9940c51465a4d8ad8,0.028,,,
2750,2026-05-19,SH600547,0.00432613056966694,EXP_CatBoostModel_Alpha158_csi300_custom_step0_s_20260519_18,b642ace3dfe54aa9940c51465a4d8ad8,0.028,,,
2751,2026-05-19,SH600522,0.008105533638736716,EXP_CatBoostModel_Alpha158_csi300_custom_step0_s_20260519_18,b642ace3dfe54aa9940c51465a4d8ad8,0.028,,,
2752,2026-05-19,SH600519,0.0002695080739567845,EXP_CatBoostModel_Alpha158_csi300_custom_step0_s_20260519_18,b642ace3dfe54aa9940c51465a4d8ad8,0.028,,,
2753,2026-05-19,SH600515,-0.0018312168314194622,EXP_CatBoostModel_Alpha158_csi300_custom_step0_s_20260519_18,b642ace3dfe54aa9940c51465a4d8ad8,0.028,,,
2754,2026-05-19,SH600489,-0.0018312168314194622,EXP_CatBoostModel_Alpha158_csi300_custom_step0_s_20260519_18,b642ace3dfe54aa9940c51465a4d8ad8,0.028,,,
2755,2026-05-19,SH600482,-0.0018312168314194622,EXP_CatBoostModel_Alpha158_csi300_custom_step0_s_20260519_18,b642ace3dfe54aa9940c51465a4d8ad8,0.028,,,
2756,2026-05-19,SH600584,0.007619918612806893,EXP_CatBoostModel_Alpha158_csi300_custom_step0_s_20260519_18,b642ace3dfe54aa9940c51465a4d8ad8,0.028,,,
2757,2026-05-19,SH600460,-0.0013977384104782234,EXP_CatBoostModel_Alpha158_csi300_custom_step0_s_20260519_18,b642ace3dfe54aa9940c51465a4d8ad8,0.028,,,
2758,2026-05-19,SH600436,-0.0018312168314194622,EXP_CatBoostModel_Alpha158_csi300_custom_step0_s_20260519_18,b642ace3dfe54aa9940c51465a4d8ad8,0.028,,,
2759,2026-05-19,SH600426,-0.0024882954865528004,EXP_CatBoostModel_Alpha158_csi300_custom_step0_s_20260519_18,b642ace3dfe54aa9940c51465a4d8ad8,0.028,,,
2760,2026-05-19,SH600415,-0.0013977384104782234,EXP_CatBoostModel_Alpha158_csi300_custom_step0_s_20260519_18,b642ace3dfe54aa9940c51465a4d8ad8,0.028,,,
2761,2026-05-19,SH600406,-0.0018312168314194622,EXP_CatBoostModel_Alpha158_csi300_custom_step0_s_20260519_18,b642ace3dfe54aa9940c51465a4d8ad8,0.028,,,
2762,2026-05-19,SH600377,0.002383787577490321,EXP_CatBoostModel_Alpha158_csi300_custom_step0_s_20260519_18,b642ace3dfe54aa9940c51465a4d8ad8,0.028,,,
2763,2026-05-19,SH600372,-0.0024882954865528004,EXP_CatBoostModel_Alpha158_csi300_custom_step0_s_20260519_18,b642ace3dfe54aa9940c51465a4d8ad8,0.028,,,
2764,2026-05-19,SH600362,-0.0018312168314194622,EXP_CatBoostModel_Alpha158_csi300_custom_step0_s_20260519_18,b642ace3dfe54aa9940c51465a4d8ad8,0.028,,,
2765,2026-05-19,SH600438,-0.0018312168314194622,EXP_CatBoostModel_Alpha158_csi300_custom_step0_s_20260519_18,b642ace3dfe54aa9940c51465a4d8ad8,0.028,,,
2766,2026-05-19,SH601377,-0.0018312168314194622,EXP_CatBoostModel_Alpha158_csi300_custom_step0_s_20260519_18,b642ace3dfe54aa9940c51465a4d8ad8,0.028,,,
2767,2026-05-19,SH600585,-0.0018312168314194622,EXP_CatBoostModel_Alpha158_csi300_custom_step0_s_20260519_18,b642ace3dfe54aa9940c51465a4d8ad8,0.028,,,
2768,2026-05-19,SH600600,0.0012748694110593013,EXP_CatBoostModel_Alpha158_csi300_custom_step0_s_20260519_18,b642ace3dfe54aa9940c51465a4d8ad8,0.028,,,
2769,2026-05-19,SH600918,0.0002695080739567845,EXP_CatBoostModel_Alpha158_csi300_custom_step0_s_20260519_18,b642ace3dfe54aa9940c51465a4d8ad8,0.028,,,
2770,2026-05-19,SH600905,0.003974073774708951,EXP_CatBoostModel_Alpha158_csi300_custom_step0_s_20260519_18,b642ace3dfe54aa9940c51465a4d8ad8,0.028,,,
2771,2026-05-19,SH600900,0.0006741184397854367,EXP_CatBoostModel_Alpha158_csi300_custom_step0_s_20260519_18,b642ace3dfe54aa9940c51465a4d8ad8,0.028,,,
2772,2026-05-19,SH600893,-0.0018312168314194622,EXP_CatBoostModel_Alpha158_csi300_custom_step0_s_20260519_18,b642ace3dfe54aa9940c51465a4d8ad8,0.028,,,
2773,2026-05-19,SH600887,0.002383787577490321,EXP_CatBoostModel_Alpha158_csi300_custom_step0_s_20260519_18,b642ace3dfe54aa9940c51465a4d8ad8,0.028,,,
2774,2026-05-19,SH600886,0.002383787577490321,EXP_CatBoostModel_Alpha158_csi300_custom_step0_s_20260519_18,b642ace3dfe54aa9940c51465a4d8ad8,0.028,,,
2775,2026-05-19,SH600875,-0.0018312168314194622,EXP_CatBoostModel_Alpha158_csi300_custom_step0_s_20260519_18,b642ace3dfe54aa9940c51465a4d8ad8,0.028,,,
2776,2026-05-19,SH600588,-0.0018312168314194622,EXP_CatBoostModel_Alpha158_csi300_custom_step0_s_20260519_18,b642ace3dfe54aa9940c51465a4d8ad8,0.028,,,
2777,2026-05-19,SH600845,-0.00232478619602815,EXP_CatBoostModel_Alpha158_csi300_custom_step0_s_20260519_18,b642ace3dfe54aa9940c51465a4d8ad8,0.028,,,
2778,2026-05-19,SH600803,0.0002695080739567845,EXP_CatBoostModel_Alpha158_csi300_custom_step0_s_20260519_18,b642ace3dfe54aa9940c51465a4d8ad8,0.028,,,
2779,2026-05-19,SH600795,-0.0013977384104782234,EXP_CatBoostModel_Alpha158_csi300_custom_step0_s_20260519_18,b642ace3dfe54aa9940c51465a4d8ad8,0.028,,,
2780,2026-05-19,SH600760,-0.0018312168314194622,EXP_CatBoostModel_Alpha158_csi300_custom_step0_s_20260519_18,b642ace3dfe54aa9940c51465a4d8ad8,0.028,,,
2781,2026-05-19,SH600741,-0.0018312168314194622,EXP_CatBoostModel_Alpha158_csi300_custom_step0_s_20260519_18,b642ace3dfe54aa9940c51465a4d8ad8,0.028,,,
2782,2026-05-19,SH600690,0.002383787577490321,EXP_CatBoostModel_Alpha158_csi300_custom_step0_s_20260519_18,b642ace3dfe54aa9940c51465a4d8ad8,0.028,,,
2783,2026-05-19,SH600674,0.002383787577490321,EXP_CatBoostModel_Alpha158_csi300_custom_step0_s_20260519_18,b642ace3dfe54aa9940c51465a4d8ad8,0.028,,,
2784,2026-05-19,SH600660,-0.0018312168314194622,EXP_CatBoostModel_Alpha158_csi300_custom_step0_s_20260519_18,b642ace3dfe54aa9940c51465a4d8ad8,0.028,,,
2785,2026-05-19,SH600809,-0.0018312168314194622,EXP_CatBoostModel_Alpha158_csi300_custom_step0_s_20260519_18,b642ace3dfe54aa9940c51465a4d8ad8,0.028,,,
2786,2026-05-19,SH601390,-0.0018312168314194622,EXP_CatBoostModel_Alpha158_csi300_custom_step0_s_20260519_18,b642ace3dfe54aa9940c51465a4d8ad8,0.028,,,
2787,2026-05-19,SH601398,0.003974073774708951,EXP_CatBoostModel_Alpha158_csi300_custom_step0_s_20260519_18,b642ace3dfe54aa9940c51465a4d8ad8,0.028,,,
2788,2026-05-19,SH601456,-0.0018312168314194622,EXP_CatBoostModel_Alpha158_csi300_custom_step0_s_20260519_18,b642ace3dfe54aa9940c51465a4d8ad8,0.028,,,
2789,2026-05-19,SH688012,-0.04286504401670596,EXP_CatBoostModel_Alpha158_csi300_custom_step0_s_20260519_18,b642ace3dfe54aa9940c51465a4d8ad8,0.028,,,
2790,2026-05-19,SH688009,0.0002695080739567845,EXP_CatBoostModel_Alpha158_csi300_custom_step0_s_20260519_18,b642ace3dfe54aa9940c51465a4d8ad8,0.028,,,
2791,2026-05-19,SH688008,0.05453689992445587,EXP_CatBoostModel_Alpha158_csi300_custom_step0_s_20260519_18,b642ace3dfe54aa9940c51465a4d8ad8,0.028,,,
2792,2026-05-19,SH605499,-0.0018312168314194622,EXP_CatBoostModel_Alpha158_csi300_custom_step0_s_20260519_18,b642ace3dfe54aa9940c51465a4d8ad8,0.028,,,
2793,2026-05-19,SH605117,-0.000740659755344885,EXP_CatBoostModel_Alpha158_csi300_custom_step0_s_20260519_18,b642ace3dfe54aa9940c51465a4d8ad8,0.028,,,
2794,2026-05-19,SH603993,-0.0018312168314194622,EXP_CatBoostModel_Alpha158_csi300_custom_step0_s_20260519_18,b642ace3dfe54aa9940c51465a4d8ad8,0.028,,,
2795,2026-05-19,SH603986,0.00827699726794023,EXP_CatBoostModel_Alpha158_csi300_custom_step0_s_20260519_18,b642ace3dfe54aa9940c51465a4d8ad8,0.028,,,
2796,2026-05-19,SH688036,-0.0013977384104782234,EXP_CatBoostModel_Alpha158_csi300_custom_step0_s_20260519_18,b642ace3dfe54aa9940c51465a4d8ad8,0.028,,,
2797,2026-05-19,SH603893,-0.0013977384104782234,EXP_CatBoostModel_Alpha158_csi300_custom_step0_s_20260519_18,b642ace3dfe54aa9940c51465a4d8ad8,0.028,,,
2798,2026-05-19,SH603501,0.002383787577490321,EXP_CatBoostModel_Alpha158_csi300_custom_step0_s_20260519_18,b642ace3dfe54aa9940c51465a4d8ad8,0.028,,,
2799,2026-05-19,SH603392,-0.0024882954865528004,EXP_CatBoostModel_Alpha158_csi300_custom_step0_s_20260519_18,b642ace3dfe54aa9940c51465a4d8ad8,0.028,,,
2800,2026-05-19,SH603369,-0.0018312168314194622,EXP_CatBoostModel_Alpha158_csi300_custom_step0_s_20260519_18,b642ace3dfe54aa9940c51465a4d8ad8,0.028,,,
2801,2026-05-19,SH603296,-0.0024882954865528004,EXP_CatBoostModel_Alpha158_csi300_custom_step0_s_20260519_18,b642ace3dfe54aa9940c51465a4d8ad8,0.028,,,
2802,2026-05-19,SH603288,-0.0018312168314194622,EXP_CatBoostModel_Alpha158_csi300_custom_step0_s_20260519_18,b642ace3dfe54aa9940c51465a4d8ad8,0.028,,,
2803,2026-05-19,SH603260,-0.0018312168314194622,EXP_CatBoostModel_Alpha158_csi300_custom_step0_s_20260519_18,b642ace3dfe54aa9940c51465a4d8ad8,0.028,,,
2804,2026-05-19,SH603259,-0.0018312168314194622,EXP_CatBoostModel_Alpha158_csi300_custom_step0_s_20260519_18,b642ace3dfe54aa9940c51465a4d8ad8,0.028,,,
2805,2026-05-19,SH603799,-0.0018312168314194622,EXP_CatBoostModel_Alpha158_csi300_custom_step0_s_20260519_18,b642ace3dfe54aa9940c51465a4d8ad8,0.028,,,
2806,2026-05-19,SH603195,0.0002695080739567845,EXP_CatBoostModel_Alpha158_csi300_custom_step0_s_20260519_18,b642ace3dfe54aa9940c51465a4d8ad8,0.028,,,
2807,2026-05-19,SH688041,0.0005762454900664307,EXP_CatBoostModel_Alpha158_csi300_custom_step0_s_20260519_18,b642ace3dfe54aa9940c51465a4d8ad8,0.028,,,
2808,2026-05-19,SH688082,0.006364096713556342,EXP_CatBoostModel_Alpha158_csi300_custom_step0_s_20260519_18,b642ace3dfe54aa9940c51465a4d8ad8,0.028,,,
2809,2026-05-19,SZ000100,0.002383787577490321,EXP_CatBoostModel_Alpha158_csi300_custom_step0_s_20260519_18,b642ace3dfe54aa9940c51465a4d8ad8,0.028,,,
2810,2026-05-19,SZ000063,-0.0018312168314194622,EXP_CatBoostModel_Alpha158_csi300_custom_step0_s_20260519_18,b642ace3dfe54aa9940c51465a4d8ad8,0.028,,,
2811,2026-05-19,SZ000002,-0.0018312168314194622,EXP_CatBoostModel_Alpha158_csi300_custom_step0_s_20260519_18,b642ace3dfe54aa9940c51465a4d8ad8,0.028,,,
2812,2026-05-19,SZ000001,-0.0018312168314194622,EXP_CatBoostModel_Alpha158_csi300_custom_step0_s_20260519_18,b642ace3dfe54aa9940c51465a4d8ad8,0.028,,,
2813,2026-05-19,SH688981,-0.0018312168314194622,EXP_CatBoostModel_Alpha158_csi300_custom_step0_s_20260519_18,b642ace3dfe54aa9940c51465a4d8ad8,0.028,,,
2814,2026-05-19,SH688506,0.0007477091192699457,EXP_CatBoostModel_Alpha158_csi300_custom_step0_s_20260519_18,b642ace3dfe54aa9940c51465a4d8ad8,0.028,,,
2815,2026-05-19,SH688472,-0.0018312168314194622,EXP_CatBoostModel_Alpha158_csi300_custom_step0_s_20260519_18,b642ace3dfe54aa9940c51465a4d8ad8,0.028,,,
2816,2026-05-19,SH688047,0.0007477091192699457,EXP_CatBoostModel_Alpha158_csi300_custom_step0_s_20260519_18,b642ace3dfe54aa9940c51465a4d8ad8,0.028,,,
2817,2026-05-19,SH688396,0.007619918612806893,EXP_CatBoostModel_Alpha158_csi300_custom_step0_s_20260519_18,b642ace3dfe54aa9940c51465a4d8ad8,0.028,,,
2818,2026-05-19,SH688271,-0.0018312168314194622,EXP_CatBoostModel_Alpha158_csi300_custom_step0_s_20260519_18,b642ace3dfe54aa9940c51465a4d8ad8,0.028,,,
2819,2026-05-19,SH688256,0.008105533638736716,EXP_CatBoostModel_Alpha158_csi300_custom_step0_s_20260519_18,b642ace3dfe54aa9940c51465a4d8ad8,0.028,,,
2820,2026-05-19,SH688223,-0.0018312168314194622,EXP_CatBoostModel_Alpha158_csi300_custom_step0_s_20260519_18,b642ace3dfe54aa9940c51465a4d8ad8,0.028,,,
2821,2026-05-19,SH688187,-0.0024882954865528004,EXP_CatBoostModel_Alpha158_csi300_custom_step0_s_20260519_18,b642ace3dfe54aa9940c51465a4d8ad8,0.028,,,
2822,2026-05-19,SH688169,-0.0013977384104782234,EXP_CatBoostModel_Alpha158_csi300_custom_step0_s_20260519_18,b642ace3dfe54aa9940c51465a4d8ad8,0.028,,,
2823,2026-05-19,SH688126,0.015381753736841457,EXP_CatBoostModel_Alpha158_csi300_custom_step0_s_20260519_18,b642ace3dfe54aa9940c51465a4d8ad8,0.028,,,
2824,2026-05-19,SH688111,-0.0018312168314194622,EXP_CatBoostModel_Alpha158_csi300_custom_step0_s_20260519_18,b642ace3dfe54aa9940c51465a4d8ad8,0.028,,,
2825,2026-05-19,SH688303,-0.0018312168314194622,EXP_CatBoostModel_Alpha158_csi300_custom_step0_s_20260519_18,b642ace3dfe54aa9940c51465a4d8ad8,0.028,,,
2826,2026-05-19,SZ000166,-0.0018312168314194622,EXP_CatBoostModel_Alpha158_csi300_custom_step0_s_20260519_18,b642ace3dfe54aa9940c51465a4d8ad8,0.028,,,
2827,2026-05-19,SH603019,-0.0018312168314194622,EXP_CatBoostModel_Alpha158_csi300_custom_step0_s_20260519_18,b642ace3dfe54aa9940c51465a4d8ad8,0.028,,,
2828,2026-05-19,SH601995,0.002383787577490321,EXP_CatBoostModel_Alpha158_csi300_custom_step0_s_20260519_18,b642ace3dfe54aa9940c51465a4d8ad8,0.028,,,
2829,2026-05-19,SH601800,-0.0024882954865528004,EXP_CatBoostModel_Alpha158_csi300_custom_step0_s_20260519_18,b642ace3dfe54aa9940c51465a4d8ad8,0.028,,,
2830,2026-05-19,SH601788,-0.0018312168314194622,EXP_CatBoostModel_Alpha158_csi300_custom_step0_s_20260519_18,b642ace3dfe54aa9940c51465a4d8ad8,0.028,,,
2831,2026-05-19,SH601766,0.002383787577490321,EXP_CatBoostModel_Alpha158_csi300_custom_step0_s_20260519_18,b642ace3dfe54aa9940c51465a4d8ad8,0.028,,,
2832,2026-05-19,SH601728,0.006364096713556342,EXP_CatBoostModel_Alpha158_csi300_custom_step0_s_20260519_18,b642ace3dfe54aa9940c51465a4d8ad8,0.028,,,
2833,2026-05-19,SH601698,-0.0018312168314194622,EXP_CatBoostModel_Alpha158_csi300_custom_step0_s_20260519_18,b642ace3dfe54aa9940c51465a4d8ad8,0.028,,,
2834,2026-05-19,SH601689,-0.000740659755344885,EXP_CatBoostModel_Alpha158_csi300_custom_step0_s_20260519_18,b642ace3dfe54aa9940c51465a4d8ad8,0.028,,,
2835,2026-05-19,SH601688,-0.0018312168314194622,EXP_CatBoostModel_Alpha158_csi300_custom_step0_s_20260519_18,b642ace3dfe54aa9940c51465a4d8ad8,0.028,,,
2836,2026-05-19,SH601808,-0.0003875705811765539,EXP_CatBoostModel_Alpha158_csi300_custom_step0_s_20260519_18,b642ace3dfe54aa9940c51465a4d8ad8,0.028,,,
2837,2026-05-19,SH601669,-0.0018312168314194622,EXP_CatBoostModel_Alpha158_csi300_custom_step0_s_20260519_18,b642ace3dfe54aa9940c51465a4d8ad8,0.028,,,
2838,2026-05-19,SH601658,0.0011176056885541395,EXP_CatBoostModel_Alpha158_csi300_custom_step0_s_20260519_18,b642ace3dfe54aa9940c51465a4d8ad8,0.028,,,
2839,2026-05-19,SH601633,-0.0024882954865528004,EXP_CatBoostModel_Alpha158_csi300_custom_step0_s_20260519_18,b642ace3dfe54aa9940c51465a4d8ad8,0.028,,,
2840,2026-05-19,SH601628,-0.0018312168314194622,EXP_CatBoostModel_Alpha158_csi300_custom_step0_s_20260519_18,b642ace3dfe54aa9940c51465a4d8ad8,0.028,,,
2841,2026-05-19,SH601618,0.0002695080739567845,EXP_CatBoostModel_Alpha158_csi300_custom_step0_s_20260519_18,b642ace3dfe54aa9940c51465a4d8ad8,0.028,,,
2842,2026-05-19,SH601607,0.003974073774708951,EXP_CatBoostModel_Alpha158_csi300_custom_step0_s_20260519_18,b642ace3dfe54aa9940c51465a4d8ad8,0.028,,,
2843,2026-05-19,SH601601,-0.0018312168314194622,EXP_CatBoostModel_Alpha158_csi300_custom_step0_s_20260519_18,b642ace3dfe54aa9940c51465a4d8ad8,0.028,,,
2844,2026-05-19,SH601600,-0.0018312168314194622,EXP_CatBoostModel_Alpha158_csi300_custom_step0_s_20260519_18,b642ace3dfe54aa9940c51465a4d8ad8,0.028,,,
2845,2026-05-19,SH601668,0.0012748694110593013,EXP_CatBoostModel_Alpha158_csi300_custom_step0_s_20260519_18,b642ace3dfe54aa9940c51465a4d8ad8,0.028,,,
2846,2026-05-19,SH601998,-0.0018312168314194622,EXP_CatBoostModel_Alpha158_csi300_custom_step0_s_20260519_18,b642ace3dfe54aa9940c51465a4d8ad8,0.028,,,
2847,2026-05-19,SH601816,0.0006741184397854367,EXP_CatBoostModel_Alpha158_csi300_custom_step0_s_20260519_18,b642ace3dfe54aa9940c51465a4d8ad8,0.028,,,
2848,2026-05-19,SH601825,0.003934980462127143,EXP_CatBoostModel_Alpha158_csi300_custom_step0_s_20260519_18,b642ace3dfe54aa9940c51465a4d8ad8,0.028,,,
2849,2026-05-19,SH601988,0.0028260622956961237,EXP_CatBoostModel_Alpha158_csi300_custom_step0_s_20260519_18,b642ace3dfe54aa9940c51465a4d8ad8,0.028,,,
2850,2026-05-19,SH601985,0.002383787577490321,EXP_CatBoostModel_Alpha158_csi300_custom_step0_s_20260519_18,b642ace3dfe54aa9940c51465a4d8ad8,0.028,,,
2851,2026-05-19,SH601939,0.002383787577490321,EXP_CatBoostModel_Alpha158_csi300_custom_step0_s_20260519_18,b642ace3dfe54aa9940c51465a4d8ad8,0.028,,,
2852,2026-05-19,SH601919,0.002383787577490321,EXP_CatBoostModel_Alpha158_csi300_custom_step0_s_20260519_18,b642ace3dfe54aa9940c51465a4d8ad8,0.028,,,
2853,2026-05-19,SH601916,0.003974073774708951,EXP_CatBoostModel_Alpha158_csi300_custom_step0_s_20260519_18,b642ace3dfe54aa9940c51465a4d8ad8,0.028,,,
2854,2026-05-19,SH601901,-0.0018312168314194622,EXP_CatBoostModel_Alpha158_csi300_custom_step0_s_20260519_18,b642ace3dfe54aa9940c51465a4d8ad8,0.028,,,
2855,2026-05-19,SH601899,-0.0018312168314194622,EXP_CatBoostModel_Alpha158_csi300_custom_step0_s_20260519_18,b642ace3dfe54aa9940c51465a4d8ad8,0.028,,,
2856,2026-05-19,SH601818,0.003974073774708951,EXP_CatBoostModel_Alpha158_csi300_custom_step0_s_20260519_18,b642ace3dfe54aa9940c51465a4d8ad8,0.028,,,
2857,2026-05-19,SH601898,-0.0018312168314194622,EXP_CatBoostModel_Alpha158_csi300_custom_step0_s_20260519_18,b642ace3dfe54aa9940c51465a4d8ad8,0.028,,,
2858,2026-05-19,SH601881,-0.0018312168314194622,EXP_CatBoostModel_Alpha158_csi300_custom_step0_s_20260519_18,b642ace3dfe54aa9940c51465a4d8ad8,0.028,,,
2859,2026-05-19,SH601878,0.0002695080739567845,EXP_CatBoostModel_Alpha158_csi300_custom_step0_s_20260519_18,b642ace3dfe54aa9940c51465a4d8ad8,0.028,,,
2860,2026-05-19,SH601877,-0.0024882954865528004,EXP_CatBoostModel_Alpha158_csi300_custom_step0_s_20260519_18,b642ace3dfe54aa9940c51465a4d8ad8,0.028,,,
2861,2026-05-19,SH601872,-0.0018312168314194622,EXP_CatBoostModel_Alpha158_csi300_custom_step0_s_20260519_18,b642ace3dfe54aa9940c51465a4d8ad8,0.028,,,
2862,2026-05-19,SH601868,-0.0024882954865528004,EXP_CatBoostModel_Alpha158_csi300_custom_step0_s_20260519_18,b642ace3dfe54aa9940c51465a4d8ad8,0.028,,,
2863,2026-05-19,SH601857,-0.0018312168314194622,EXP_CatBoostModel_Alpha158_csi300_custom_step0_s_20260519_18,b642ace3dfe54aa9940c51465a4d8ad8,0.028,,,
2864,2026-05-19,SH601838,0.002383787577490321,EXP_CatBoostModel_Alpha158_csi300_custom_step0_s_20260519_18,b642ace3dfe54aa9940c51465a4d8ad8,0.028,,,
2865,2026-05-19,SH601888,-0.0018312168314194622,EXP_CatBoostModel_Alpha158_csi300_custom_step0_s_20260519_18,b642ace3dfe54aa9940c51465a4d8ad8,0.028,,,
2866,2026-05-19,SH600570,0.0024427655017620273,EXP_CatBoostModel_Alpha158_csi300_custom_step0_s_20260519_18,6bc2119278cf4ad0950370b20f75981f,0.068,,,
2867,2026-05-19,SH600584,0.10532011897200226,EXP_CatBoostModel_Alpha158_csi300_custom_step0_s_20260519_18,6bc2119278cf4ad0950370b20f75981f,0.068,,,
2868,2026-05-19,SH600585,-0.021136171514648115,EXP_CatBoostModel_Alpha158_csi300_custom_step0_s_20260519_18,6bc2119278cf4ad0950370b20f75981f,0.068,,,
2869,2026-05-19,SZ300251,0.22015690029968057,EXP_CatBoostModel_Alpha158_csi300_custom_step0_s_20260519_18,6bc2119278cf4ad0950370b20f75981f,0.068,,,
2870,2026-05-19,SZ300124,-0.0359156763014685,EXP_CatBoostModel_Alpha158_csi300_custom_step0_s_20260519_18,6bc2119278cf4ad0950370b20f75981f,0.068,,,
2871,2026-05-19,SZ300122,-0.011009449459227723,EXP_CatBoostModel_Alpha158_csi300_custom_step0_s_20260519_18,6bc2119278cf4ad0950370b20f75981f,0.068,,,
2872,2026-05-19,SZ300059,-0.013385562930660568,EXP_CatBoostModel_Alpha158_csi300_custom_step0_s_20260519_18,6bc2119278cf4ad0950370b20f75981f,0.068,,,
2873,2026-05-19,SZ300033,-0.005804249237429023,EXP_CatBoostModel_Alpha158_csi300_custom_step0_s_20260519_18,6bc2119278cf4ad0950370b20f75981f,0.068,,,
2874,2026-05-19,SZ300015,-0.00769638650504592,EXP_CatBoostModel_Alpha158_csi300_custom_step0_s_20260519_18,6bc2119278cf4ad0950370b20f75981f,0.068,,,
2875,2026-05-19,SZ300014,-0.001304693988315728,EXP_CatBoostModel_Alpha158_csi300_custom_step0_s_20260519_18,6bc2119278cf4ad0950370b20f75981f,0.068,,,
2876,2026-05-19,SZ003816,0.0051269640841185675,EXP_CatBoostModel_Alpha158_csi300_custom_step0_s_20260519_18,6bc2119278cf4ad0950370b20f75981f,0.068,,,
2877,2026-05-19,SZ002938,0.043681049639075674,EXP_CatBoostModel_Alpha158_csi300_custom_step0_s_20260519_18,6bc2119278cf4ad0950370b20f75981f,0.068,,,
2878,2026-05-19,SZ002920,-0.021972738922078645,EXP_CatBoostModel_Alpha158_csi300_custom_step0_s_20260519_18,6bc2119278cf4ad0950370b20f75981f,0.068,,,
2879,2026-05-19,SZ002916,-0.0013531566790703441,EXP_CatBoostModel_Alpha158_csi300_custom_step0_s_20260519_18,6bc2119278cf4ad0950370b20f75981f,0.068,,,
2880,2026-05-19,SZ002736,0.009176234576835104,EXP_CatBoostModel_Alpha158_csi300_custom_step0_s_20260519_18,6bc2119278cf4ad0950370b20f75981f,0.068,,,
2881,2026-05-19,SZ002714,-0.011205434091833314,EXP_CatBoostModel_Alpha158_csi300_custom_step0_s_20260519_18,6bc2119278cf4ad0950370b20f75981f,0.068,,,
2882,2026-05-19,SZ002709,0.06340046856944702,EXP_CatBoostModel_Alpha158_csi300_custom_step0_s_20260519_18,6bc2119278cf4ad0950370b20f75981f,0.068,,,
2883,2026-05-19,SZ002648,-0.002253439985500662,EXP_CatBoostModel_Alpha158_csi300_custom_step0_s_20260519_18,6bc2119278cf4ad0950370b20f75981f,0.068,,,
2884,2026-05-19,SZ300274,0.05187018139403647,EXP_CatBoostModel_Alpha158_csi300_custom_step0_s_20260519_18,6bc2119278cf4ad0950370b20f75981f,0.068,,,
2885,2026-05-19,SZ300308,0.056757427100152885,EXP_CatBoostModel_Alpha158_csi300_custom_step0_s_20260519_18,6bc2119278cf4ad0950370b20f75981f,0.068,,,
2886,2026-05-19,SZ300316,0.014618160762278613,EXP_CatBoostModel_Alpha158_csi300_custom_step0_s_20260519_18,6bc2119278cf4ad0950370b20f75981f,0.068,,,
2887,2026-05-19,SZ300347,0.05227902898527744,EXP_CatBoostModel_Alpha158_csi300_custom_step0_s_20260519_18,6bc2119278cf4ad0950370b20f75981f,0.068,,,
2888,2026-05-19,SZ300803,-0.03635636419788713,EXP_CatBoostModel_Alpha158_csi300_custom_step0_s_20260519_18,6bc2119278cf4ad0950370b20f75981f,0.068,,,
2889,2026-05-19,SZ300782,0.013153693778790465,EXP_CatBoostModel_Alpha158_csi300_custom_step0_s_20260519_18,6bc2119278cf4ad0950370b20f75981f,0.068,,,
2890,2026-05-19,SZ300760,-0.00819846318015245,EXP_CatBoostModel_Alpha158_csi300_custom_step0_s_20260519_18,6bc2119278cf4ad0950370b20f75981f,0.068,,,
2891,2026-05-19,SZ300759,0.0015414390394529068,EXP_CatBoostModel_Alpha158_csi300_custom_step0_s_20260519_18,6bc2119278cf4ad0950370b20f75981f,0.068,,,
2892,2026-05-19,SZ300750,-0.002607132167114215,EXP_CatBoostModel_Alpha158_csi300_custom_step0_s_20260519_18,6bc2119278cf4ad0950370b20f75981f,0.068,,,
2893,2026-05-19,SZ300661,0.0057692907289085245,EXP_CatBoostModel_Alpha158_csi300_custom_step0_s_20260519_18,6bc2119278cf4ad0950370b20f75981f,0.068,,,
2894,2026-05-19,SZ300628,0.007959093907876882,EXP_CatBoostModel_Alpha158_csi300_custom_step0_s_20260519_18,6bc2119278cf4ad0950370b20f75981f,0.068,,,
2895,2026-05-19,SZ002625,-0.004557386737855905,EXP_CatBoostModel_Alpha158_csi300_custom_step0_s_20260519_18,6bc2119278cf4ad0950370b20f75981f,0.068,,,
2896,2026-05-19,SZ300502,0.07593514856989689,EXP_CatBoostModel_Alpha158_csi300_custom_step0_s_20260519_18,6bc2119278cf4ad0950370b20f75981f,0.068,,,
2897,2026-05-19,SZ300476,0.06311764315324334,EXP_CatBoostModel_Alpha158_csi300_custom_step0_s_20260519_18,6bc2119278cf4ad0950370b20f75981f,0.068,,,
2898,2026-05-19,SZ300442,0.004094291775252865,EXP_CatBoostModel_Alpha158_csi300_custom_step0_s_20260519_18,6bc2119278cf4ad0950370b20f75981f,0.068,,,
2899,2026-05-19,SZ300433,-0.12012229648147872,EXP_CatBoostModel_Alpha158_csi300_custom_step0_s_20260519_18,6bc2119278cf4ad0950370b20f75981f,0.068,,,
2900,2026-05-19,SZ300418,-0.010768823093685802,EXP_CatBoostModel_Alpha158_csi300_custom_step0_s_20260519_18,6bc2119278cf4ad0950370b20f75981f,0.068,,,
2901,2026-05-19,SZ300413,-0.02403650345076989,EXP_CatBoostModel_Alpha158_csi300_custom_step0_s_20260519_18,6bc2119278cf4ad0950370b20f75981f,0.068,,,
2902,2026-05-19,SZ300408,0.14412387902772023,EXP_CatBoostModel_Alpha158_csi300_custom_step0_s_20260519_18,6bc2119278cf4ad0950370b20f75981f,0.068,,,
2903,2026-05-19,SZ300394,0.015073575878352771,EXP_CatBoostModel_Alpha158_csi300_custom_step0_s_20260519_18,6bc2119278cf4ad0950370b20f75981f,0.068,,,
2904,2026-05-19,SZ300498,0.015478609529603036,EXP_CatBoostModel_Alpha158_csi300_custom_step0_s_20260519_18,6bc2119278cf4ad0950370b20f75981f,0.068,,,
2905,2026-05-19,SZ002601,-0.020940861898702232,EXP_CatBoostModel_Alpha158_csi300_custom_step0_s_20260519_18,6bc2119278cf4ad0950370b20f75981f,0.068,,,
2906,2026-05-19,SZ002600,0.036408682874436084,EXP_CatBoostModel_Alpha158_csi300_custom_step0_s_20260519_18,6bc2119278cf4ad0950370b20f75981f,0.068,,,
2907,2026-05-19,SZ002594,-0.007533947951845516,EXP_CatBoostModel_Alpha158_csi300_custom_step0_s_20260519_18,6bc2119278cf4ad0950370b20f75981f,0.068,,,
2908,2026-05-19,SZ002050,0.01913652841510981,EXP_CatBoostModel_Alpha158_csi300_custom_step0_s_20260519_18,6bc2119278cf4ad0950370b20f75981f,0.068,,,
2909,2026-05-19,SZ002049,0.021439412142912676,EXP_CatBoostModel_Alpha158_csi300_custom_step0_s_20260519_18,6bc2119278cf4ad0950370b20f75981f,0.068,,,
2910,2026-05-19,SZ002028,-0.022762645502770733,EXP_CatBoostModel_Alpha158_csi300_custom_step0_s_20260519_18,6bc2119278cf4ad0950370b20f75981f,0.068,,,
2911,2026-05-19,SZ002027,-0.01745308406799569,EXP_CatBoostModel_Alpha158_csi300_custom_step0_s_20260519_18,6bc2119278cf4ad0950370b20f75981f,0.068,,,
2912,2026-05-19,SZ002001,0.00927701407849479,EXP_CatBoostModel_Alpha158_csi300_custom_step0_s_20260519_18,6bc2119278cf4ad0950370b20f75981f,0.068,,,
2913,2026-05-19,SZ001979,-0.008620746600390637,EXP_CatBoostModel_Alpha158_csi300_custom_step0_s_20260519_18,6bc2119278cf4ad0950370b20f75981f,0.068,,,
2914,2026-05-19,SZ001965,0.004578685199698495,EXP_CatBoostModel_Alpha158_csi300_custom_step0_s_20260519_18,6bc2119278cf4ad0950370b20f75981f,0.068,,,
2915,2026-05-19,SZ002074,-0.008819583311805577,EXP_CatBoostModel_Alpha158_csi300_custom_step0_s_20260519_18,6bc2119278cf4ad0950370b20f75981f,0.068,,,
2916,2026-05-19,SZ001391,-0.003661692577949261,EXP_CatBoostModel_Alpha158_csi300_custom_step0_s_20260519_18,6bc2119278cf4ad0950370b20f75981f,0.068,,,
2917,2026-05-19,SZ000983,-0.0044856954669290775,EXP_CatBoostModel_Alpha158_csi300_custom_step0_s_20260519_18,6bc2119278cf4ad0950370b20f75981f,0.068,,,
2918,2026-05-19,SZ000977,-0.09076739016327931,EXP_CatBoostModel_Alpha158_csi300_custom_step0_s_20260519_18,6bc2119278cf4ad0950370b20f75981f,0.068,,,
2919,2026-05-19,SZ000975,0.0692836717316256,EXP_CatBoostModel_Alpha158_csi300_custom_step0_s_20260519_18,6bc2119278cf4ad0950370b20f75981f,0.068,,,
2920,2026-05-19,SZ000963,0.02478217634248588,EXP_CatBoostModel_Alpha158_csi300_custom_step0_s_20260519_18,6bc2119278cf4ad0950370b20f75981f,0.068,,,
2921,2026-05-19,SZ000938,-0.11916719755467792,EXP_CatBoostModel_Alpha158_csi300_custom_step0_s_20260519_18,6bc2119278cf4ad0950370b20f75981f,0.068,,,
2922,2026-05-19,SZ000895,-0.021061375475161615,EXP_CatBoostModel_Alpha158_csi300_custom_step0_s_20260519_18,6bc2119278cf4ad0950370b20f75981f,0.068,,,
2923,2026-05-19,SZ000876,-0.015604253748271832,EXP_CatBoostModel_Alpha158_csi300_custom_step0_s_20260519_18,6bc2119278cf4ad0950370b20f75981f,0.068,,,
2924,2026-05-19,SZ000999,-0.015577751811738403,EXP_CatBoostModel_Alpha158_csi300_custom_step0_s_20260519_18,6bc2119278cf4ad0950370b20f75981f,0.068,,,
2925,2026-05-19,SZ300832,0.0072812790686193896,EXP_CatBoostModel_Alpha158_csi300_custom_step0_s_20260519_18,6bc2119278cf4ad0950370b20f75981f,0.068,,,
2926,2026-05-19,SZ002142,-0.00725835554229434,EXP_CatBoostModel_Alpha158_csi300_custom_step0_s_20260519_18,6bc2119278cf4ad0950370b20f75981f,0.068,,,
2927,2026-05-19,SZ002230,-2.4061308628819413e-05,EXP_CatBoostModel_Alpha158_csi300_custom_step0_s_20260519_18,6bc2119278cf4ad0950370b20f75981f,0.068,,,
2928,2026-05-19,SZ002493,-0.005130056305884052,EXP_CatBoostModel_Alpha158_csi300_custom_step0_s_20260519_18,6bc2119278cf4ad0950370b20f75981f,0.068,,,
2929,2026-05-19,SZ002475,0.04708037782066296,EXP_CatBoostModel_Alpha158_csi300_custom_step0_s_20260519_18,6bc2119278cf4ad0950370b20f75981f,0.068,,,
2930,2026-05-19,SZ002466,0.04838664413740974,EXP_CatBoostModel_Alpha158_csi300_custom_step0_s_20260519_18,6bc2119278cf4ad0950370b20f75981f,0.068,,,
2931,2026-05-19,SZ002463,0.015848281307963754,EXP_CatBoostModel_Alpha158_csi300_custom_step0_s_20260519_18,6bc2119278cf4ad0950370b20f75981f,0.068,,,
2932,2026-05-19,SZ002460,-3.822035670795473e-05,EXP_CatBoostModel_Alpha158_csi300_custom_step0_s_20260519_18,6bc2119278cf4ad0950370b20f75981f,0.068,,,
2933,2026-05-19,SZ002459,-0.013429679446345325,EXP_CatBoostModel_Alpha158_csi300_custom_step0_s_20260519_18,6bc2119278cf4ad0950370b20f75981f,0.068,,,
2934,2026-05-19,SZ002422,-0.011946044294736743,EXP_CatBoostModel_Alpha158_csi300_custom_step0_s_20260519_18,6bc2119278cf4ad0950370b20f75981f,0.068,,,
2935,2026-05-19,SZ002179,0.009401131938370687,EXP_CatBoostModel_Alpha158_csi300_custom_step0_s_20260519_18,6bc2119278cf4ad0950370b20f75981f,0.068,,,
2936,2026-05-19,SZ002415,-0.0016078937238515278,EXP_CatBoostModel_Alpha158_csi300_custom_step0_s_20260519_18,6bc2119278cf4ad0950370b20f75981f,0.068,,,
2937,2026-05-19,SZ002371,0.07880164086841542,EXP_CatBoostModel_Alpha158_csi300_custom_step0_s_20260519_18,6bc2119278cf4ad0950370b20f75981f,0.068,,,
2938,2026-05-19,SZ002352,-0.029946561976261655,EXP_CatBoostModel_Alpha158_csi300_custom_step0_s_20260519_18,6bc2119278cf4ad0950370b20f75981f,0.068,,,
2939,2026-05-19,SZ002311,-0.017726965272368906,EXP_CatBoostModel_Alpha158_csi300_custom_step0_s_20260519_18,6bc2119278cf4ad0950370b20f75981f,0.068,,,
2940,2026-05-19,SZ002304,-0.022667908706745798,EXP_CatBoostModel_Alpha158_csi300_custom_step0_s_20260519_18,6bc2119278cf4ad0950370b20f75981f,0.068,,,
2941,2026-05-19,SZ002252,-0.02036499609961979,EXP_CatBoostModel_Alpha158_csi300_custom_step0_s_20260519_18,6bc2119278cf4ad0950370b20f75981f,0.068,,,
2942,2026-05-19,SZ002241,0.010031806899466521,EXP_CatBoostModel_Alpha158_csi300_custom_step0_s_20260519_18,6bc2119278cf4ad0950370b20f75981f,0.068,,,
2943,2026-05-19,SZ002236,-0.01697545453382319,EXP_CatBoostModel_Alpha158_csi300_custom_step0_s_20260519_18,6bc2119278cf4ad0950370b20f75981f,0.068,,,
2944,2026-05-19,SZ002384,0.06770944188102349,EXP_CatBoostModel_Alpha158_csi300_custom_step0_s_20260519_18,6bc2119278cf4ad0950370b20f75981f,0.068,,,
2945,2026-05-19,SZ300866,0.058627765319499106,EXP_CatBoostModel_Alpha158_csi300_custom_step0_s_20260519_18,6bc2119278cf4ad0950370b20f75981f,0.068,,,
2946,2026-05-19,SZ300896,-0.014157863444835127,EXP_CatBoostModel_Alpha158_csi300_custom_step0_s_20260519_18,6bc2119278cf4ad0950370b20f75981f,0.068,,,
2947,2026-05-19,SZ300979,-0.015004276878647242,EXP_CatBoostModel_Alpha158_csi300_custom_step0_s_20260519_18,6bc2119278cf4ad0950370b20f75981f,0.068,,,
2948,2026-05-19,SH600519,-2.6181950547923836e-10,EXP_LGBModel_Alpha158_csi300_custom_step0_s_20260519_18,f60df0eefcb742eca95f9049ff4f8a15,0.073,,,
2949,2026-05-19,SH600515,-0.002534382098025488,EXP_LGBModel_Alpha158_csi300_custom_step0_s_20260519_18,f60df0eefcb742eca95f9049ff4f8a15,0.073,,,
2950,2026-05-19,SH600489,-2.6181950547923836e-10,EXP_LGBModel_Alpha158_csi300_custom_step0_s_20260519_18,f60df0eefcb742eca95f9049ff4f8a15,0.073,,,
2951,2026-05-19,SH600482,-0.002534382098025488,EXP_LGBModel_Alpha158_csi300_custom_step0_s_20260519_18,f60df0eefcb742eca95f9049ff4f8a15,0.073,,,
2952,2026-05-19,SH600460,0.00042866724244429986,EXP_LGBModel_Alpha158_csi300_custom_step0_s_20260519_18,f60df0eefcb742eca95f9049ff4f8a15,0.073,,,
2953,2026-05-19,SH600438,-0.002534382098025488,EXP_LGBModel_Alpha158_csi300_custom_step0_s_20260519_18,f60df0eefcb742eca95f9049ff4f8a15,0.073,,,
2954,2026-05-19,SH600436,-2.6181950547923836e-10,EXP_LGBModel_Alpha158_csi300_custom_step0_s_20260519_18,f60df0eefcb742eca95f9049ff4f8a15,0.073,,,
2955,2026-05-19,SH600522,-0.00326391307289959,EXP_LGBModel_Alpha158_csi300_custom_step0_s_20260519_18,f60df0eefcb742eca95f9049ff4f8a15,0.073,,,
2956,2026-05-19,SH600426,-2.6181950547923836e-10,EXP_LGBModel_Alpha158_csi300_custom_step0_s_20260519_18,f60df0eefcb742eca95f9049ff4f8a15,0.073,,,
2957,2026-05-19,SH600406,-2.6181950547923836e-10,EXP_LGBModel_Alpha158_csi300_custom_step0_s_20260519_18,f60df0eefcb742eca95f9049ff4f8a15,0.073,,,
2958,2026-05-19,SH600377,0.002568324417190581,EXP_LGBModel_Alpha158_csi300_custom_step0_s_20260519_18,f60df0eefcb742eca95f9049ff4f8a15,0.073,,,
2959,2026-05-19,SH600372,-0.002534382098025488,EXP_LGBModel_Alpha158_csi300_custom_step0_s_20260519_18,f60df0eefcb742eca95f9049ff4f8a15,0.073,,,
2960,2026-05-19,SH600362,-0.002534382098025488,EXP_LGBModel_Alpha158_csi300_custom_step0_s_20260519_18,f60df0eefcb742eca95f9049ff4f8a15,0.073,,,
2961,2026-05-19,SH600346,-0.002534382098025488,EXP_LGBModel_Alpha158_csi300_custom_step0_s_20260519_18,f60df0eefcb742eca95f9049ff4f8a15,0.073,,,
2962,2026-05-19,SH600309,-2.6181950547923836e-10,EXP_LGBModel_Alpha158_csi300_custom_step0_s_20260519_18,f60df0eefcb742eca95f9049ff4f8a15,0.073,,,
2963,2026-05-19,SH600276,-0.002534382098025488,EXP_LGBModel_Alpha158_csi300_custom_step0_s_20260519_18,f60df0eefcb742eca95f9049ff4f8a15,0.073,,,
2964,2026-05-19,SH600415,0.00042866724244429986,EXP_LGBModel_Alpha158_csi300_custom_step0_s_20260519_18,f60df0eefcb742eca95f9049ff4f8a15,0.073,,,
2965,2026-05-19,SH600233,-0.002534382098025488,EXP_LGBModel_Alpha158_csi300_custom_step0_s_20260519_18,f60df0eefcb742eca95f9049ff4f8a15,0.073,,,
2966,2026-05-19,SH600547,0.00399916983706269,EXP_LGBModel_Alpha158_csi300_custom_step0_s_20260519_18,f60df0eefcb742eca95f9049ff4f8a15,0.073,,,
2967,2026-05-19,SH600584,-0.00326391307289959,EXP_LGBModel_Alpha158_csi300_custom_step0_s_20260519_18,f60df0eefcb742eca95f9049ff4f8a15,0.073,,,
2968,2026-05-19,SH600893,-0.002534382098025488,EXP_LGBModel_Alpha158_csi300_custom_step0_s_20260519_18,f60df0eefcb742eca95f9049ff4f8a15,0.073,,,
2969,2026-05-19,SH600887,-2.6181950547923836e-10,EXP_LGBModel_Alpha158_csi300_custom_step0_s_20260519_18,f60df0eefcb742eca95f9049ff4f8a15,0.073,,,
2970,2026-05-19,SH600886,-2.6181950547923836e-10,EXP_LGBModel_Alpha158_csi300_custom_step0_s_20260519_18,f60df0eefcb742eca95f9049ff4f8a15,0.073,,,
2971,2026-05-19,SH600875,-0.002534382098025488,EXP_LGBModel_Alpha158_csi300_custom_step0_s_20260519_18,f60df0eefcb742eca95f9049ff4f8a15,0.073,,,
2972,2026-05-19,SH600845,-0.0013244237817131572,EXP_LGBModel_Alpha158_csi300_custom_step0_s_20260519_18,f60df0eefcb742eca95f9049ff4f8a15,0.073,,,
2973,2026-05-19,SH600809,-0.002534382098025488,EXP_LGBModel_Alpha158_csi300_custom_step0_s_20260519_18,f60df0eefcb742eca95f9049ff4f8a15,0.073,,,
2974,2026-05-19,SH600803,0.002568324417190581,EXP_LGBModel_Alpha158_csi300_custom_step0_s_20260519_18,f60df0eefcb742eca95f9049ff4f8a15,0.073,,,
2975,2026-05-19,SH600570,-0.002534382098025488,EXP_LGBModel_Alpha158_csi300_custom_step0_s_20260519_18,f60df0eefcb742eca95f9049ff4f8a15,0.073,,,
2976,2026-05-19,SH600795,0.00042866724244429986,EXP_LGBModel_Alpha158_csi300_custom_step0_s_20260519_18,f60df0eefcb742eca95f9049ff4f8a15,0.073,,,
2977,2026-05-19,SH600741,-2.6181950547923836e-10,EXP_LGBModel_Alpha158_csi300_custom_step0_s_20260519_18,f60df0eefcb742eca95f9049ff4f8a15,0.073,,,
2978,2026-05-19,SH600690,0.002568324417190581,EXP_LGBModel_Alpha158_csi300_custom_step0_s_20260519_18,f60df0eefcb742eca95f9049ff4f8a15,0.073,,,
2979,2026-05-19,SH600674,-2.6181950547923836e-10,EXP_LGBModel_Alpha158_csi300_custom_step0_s_20260519_18,f60df0eefcb742eca95f9049ff4f8a15,0.073,,,
2980,2026-05-19,SH600660,-0.002534382098025488,EXP_LGBModel_Alpha158_csi300_custom_step0_s_20260519_18,f60df0eefcb742eca95f9049ff4f8a15,0.073,,,
2981,2026-05-19,SH600600,0.002568324417190581,EXP_LGBModel_Alpha158_csi300_custom_step0_s_20260519_18,f60df0eefcb742eca95f9049ff4f8a15,0.073,,,
2982,2026-05-19,SH600588,-0.002534382098025488,EXP_LGBModel_Alpha158_csi300_custom_step0_s_20260519_18,f60df0eefcb742eca95f9049ff4f8a15,0.073,,,
2983,2026-05-19,SH600585,-0.002534382098025488,EXP_LGBModel_Alpha158_csi300_custom_step0_s_20260519_18,f60df0eefcb742eca95f9049ff4f8a15,0.073,,,
2984,2026-05-19,SH600760,-0.002534382098025488,EXP_LGBModel_Alpha158_csi300_custom_step0_s_20260519_18,f60df0eefcb742eca95f9049ff4f8a15,0.073,,,
2985,2026-05-19,SZ000858,0.04030237414803744,EXP_CatBoostModel_Alpha158_csi300_custom_step0_s_20260519_18,6bc2119278cf4ad0950370b20f75981f,0.068,,,
2986,2026-05-19,SH600219,-2.6181950547923836e-10,EXP_LGBModel_Alpha158_csi300_custom_step0_s_20260519_18,f60df0eefcb742eca95f9049ff4f8a15,0.073,,,
2987,2026-05-19,SH600188,-0.002534382098025488,EXP_LGBModel_Alpha158_csi300_custom_step0_s_20260519_18,f60df0eefcb742eca95f9049ff4f8a15,0.073,,,
2988,2026-05-19,SH600027,-2.6181950547923836e-10,EXP_LGBModel_Alpha158_csi300_custom_step0_s_20260519_18,f60df0eefcb742eca95f9049ff4f8a15,0.073,,,
2989,2026-05-19,SH600026,-0.002534382098025488,EXP_LGBModel_Alpha158_csi300_custom_step0_s_20260519_18,f60df0eefcb742eca95f9049ff4f8a15,0.073,,,
2990,2026-05-19,SH600025,-2.6181950547923836e-10,EXP_LGBModel_Alpha158_csi300_custom_step0_s_20260519_18,f60df0eefcb742eca95f9049ff4f8a15,0.073,,,
2991,2026-05-19,SH600023,0.0020771554568820346,EXP_LGBModel_Alpha158_csi300_custom_step0_s_20260519_18,f60df0eefcb742eca95f9049ff4f8a15,0.073,,,
2992,2026-05-19,SH600019,-2.6181950547923836e-10,EXP_LGBModel_Alpha158_csi300_custom_step0_s_20260519_18,f60df0eefcb742eca95f9049ff4f8a15,0.073,,,
2993,2026-05-19,SH600018,0.002568324417190581,EXP_LGBModel_Alpha158_csi300_custom_step0_s_20260519_18,f60df0eefcb742eca95f9049ff4f8a15,0.073,,,
2994,2026-05-19,SH600016,-2.6181950547923836e-10,EXP_LGBModel_Alpha158_csi300_custom_step0_s_20260519_18,f60df0eefcb742eca95f9049ff4f8a15,0.073,,,
2995,2026-05-19,SH600028,-2.6181950547923836e-10,EXP_LGBModel_Alpha158_csi300_custom_step0_s_20260519_18,f60df0eefcb742eca95f9049ff4f8a15,0.073,,,
2996,2026-05-19,SH600015,-2.6181950547923836e-10,EXP_LGBModel_Alpha158_csi300_custom_step0_s_20260519_18,f60df0eefcb742eca95f9049ff4f8a15,0.073,,,
2997,2026-05-19,SH600010,-0.002534382098025488,EXP_LGBModel_Alpha158_csi300_custom_step0_s_20260519_18,f60df0eefcb742eca95f9049ff4f8a15,0.073,,,
2998,2026-05-19,SH600009,-0.002534382098025488,EXP_LGBModel_Alpha158_csi300_custom_step0_s_20260519_18,f60df0eefcb742eca95f9049ff4f8a15,0.073,,,
2999,2026-05-19,SH600000,-2.6181950547923836e-10,EXP_LGBModel_Alpha158_csi300_custom_step0_s_20260519_18,f60df0eefcb742eca95f9049ff4f8a15,0.073,,,
3000,2026-05-19,SZ302132,-0.024546472034189422,EXP_CatBoostModel_Alpha158_csi300_custom_step0_s_20260519_18,6bc2119278cf4ad0950370b20f75981f,0.068,,,
3001,2026-05-19,SZ301269,0.007665271788740531,EXP_CatBoostModel_Alpha158_csi300_custom_step0_s_20260519_18,6bc2119278cf4ad0950370b20f75981f,0.068,,,
3002,2026-05-19,SZ301236,0.0053341324904449304,EXP_CatBoostModel_Alpha158_csi300_custom_step0_s_20260519_18,6bc2119278cf4ad0950370b20f75981f,0.068,,,
3003,2026-05-19,SZ300999,-0.010253092590486549,EXP_CatBoostModel_Alpha158_csi300_custom_step0_s_20260519_18,6bc2119278cf4ad0950370b20f75981f,0.068,,,
3004,2026-05-19,SH600011,0.00042866724244429986,EXP_LGBModel_Alpha158_csi300_custom_step0_s_20260519_18,f60df0eefcb742eca95f9049ff4f8a15,0.073,,,
3005,2026-05-19,SH600196,-0.002534382098025488,EXP_LGBModel_Alpha158_csi300_custom_step0_s_20260519_18,f60df0eefcb742eca95f9049ff4f8a15,0.073,,,
3006,2026-05-19,SH600029,-0.002534382098025488,EXP_LGBModel_Alpha158_csi300_custom_step0_s_20260519_18,f60df0eefcb742eca95f9049ff4f8a15,0.073,,,
3007,2026-05-19,SH600031,-0.002534382098025488,EXP_LGBModel_Alpha158_csi300_custom_step0_s_20260519_18,f60df0eefcb742eca95f9049ff4f8a15,0.073,,,
3008,2026-05-19,SH600183,-0.00326391307289959,EXP_LGBModel_Alpha158_csi300_custom_step0_s_20260519_18,f60df0eefcb742eca95f9049ff4f8a15,0.073,,,
3009,2026-05-19,SH600176,0.00399916983706269,EXP_LGBModel_Alpha158_csi300_custom_step0_s_20260519_18,f60df0eefcb742eca95f9049ff4f8a15,0.073,,,
3010,2026-05-19,SH600161,-2.6181950547923836e-10,EXP_LGBModel_Alpha158_csi300_custom_step0_s_20260519_18,f60df0eefcb742eca95f9049ff4f8a15,0.073,,,
3011,2026-05-19,SH600160,-0.0006979604627668624,EXP_LGBModel_Alpha158_csi300_custom_step0_s_20260519_18,f60df0eefcb742eca95f9049ff4f8a15,0.073,,,
3012,2026-05-19,SH600150,0.00399916983706269,EXP_LGBModel_Alpha158_csi300_custom_step0_s_20260519_18,f60df0eefcb742eca95f9049ff4f8a15,0.073,,,
3013,2026-05-19,SH600115,-0.002534382098025488,EXP_LGBModel_Alpha158_csi300_custom_step0_s_20260519_18,f60df0eefcb742eca95f9049ff4f8a15,0.073,,,
3014,2026-05-19,SH600111,-0.002534382098025488,EXP_LGBModel_Alpha158_csi300_custom_step0_s_20260519_18,f60df0eefcb742eca95f9049ff4f8a15,0.073,,,
3015,2026-05-19,SH600030,-2.6181950547923836e-10,EXP_LGBModel_Alpha158_csi300_custom_step0_s_20260519_18,f60df0eefcb742eca95f9049ff4f8a15,0.073,,,
3016,2026-05-19,SH600104,-2.6181950547923836e-10,EXP_LGBModel_Alpha158_csi300_custom_step0_s_20260519_18,f60df0eefcb742eca95f9049ff4f8a15,0.073,,,
3017,2026-05-19,SH600085,-2.6181950547923836e-10,EXP_LGBModel_Alpha158_csi300_custom_step0_s_20260519_18,f60df0eefcb742eca95f9049ff4f8a15,0.073,,,
3018,2026-05-19,SH600066,-2.6181950547923836e-10,EXP_LGBModel_Alpha158_csi300_custom_step0_s_20260519_18,f60df0eefcb742eca95f9049ff4f8a15,0.073,,,
3019,2026-05-19,SH600061,-2.6181950547923836e-10,EXP_LGBModel_Alpha158_csi300_custom_step0_s_20260519_18,f60df0eefcb742eca95f9049ff4f8a15,0.073,,,
3020,2026-05-19,SH600050,0.00042866724244429986,EXP_LGBModel_Alpha158_csi300_custom_step0_s_20260519_18,f60df0eefcb742eca95f9049ff4f8a15,0.073,,,
3021,2026-05-19,SH600048,-0.002534382098025488,EXP_LGBModel_Alpha158_csi300_custom_step0_s_20260519_18,f60df0eefcb742eca95f9049ff4f8a15,0.073,,,
3022,2026-05-19,SH600039,-2.6181950547923836e-10,EXP_LGBModel_Alpha158_csi300_custom_step0_s_20260519_18,f60df0eefcb742eca95f9049ff4f8a15,0.073,,,
3023,2026-05-19,SH600036,-2.6181950547923836e-10,EXP_LGBModel_Alpha158_csi300_custom_step0_s_20260519_18,f60df0eefcb742eca95f9049ff4f8a15,0.073,,,
3024,2026-05-19,SH600089,-0.002534382098025488,EXP_LGBModel_Alpha158_csi300_custom_step0_s_20260519_18,f60df0eefcb742eca95f9049ff4f8a15,0.073,,,
3025,2026-05-19,SZ000807,0.028120672627669815,EXP_CatBoostModel_Alpha158_csi300_custom_step0_s_20260519_18,6bc2119278cf4ad0950370b20f75981f,0.068,,,
3026,2026-05-19,SZ000792,0.04844550446327869,EXP_CatBoostModel_Alpha158_csi300_custom_step0_s_20260519_18,6bc2119278cf4ad0950370b20f75981f,0.068,,,
3027,2026-05-19,SZ000786,-0.019042268872698737,EXP_CatBoostModel_Alpha158_csi300_custom_step0_s_20260519_18,6bc2119278cf4ad0950370b20f75981f,0.068,,,
3028,2026-05-19,SH601336,-0.018030716828618194,EXP_CatBoostModel_Alpha158_csi300_custom_step0_s_20260519_18,6bc2119278cf4ad0950370b20f75981f,0.068,,,
3029,2026-05-19,SH601328,-0.016052974302628663,EXP_CatBoostModel_Alpha158_csi300_custom_step0_s_20260519_18,6bc2119278cf4ad0950370b20f75981f,0.068,,,
3030,2026-05-19,SH601319,-0.018337479656001233,EXP_CatBoostModel_Alpha158_csi300_custom_step0_s_20260519_18,6bc2119278cf4ad0950370b20f75981f,0.068,,,
3031,2026-05-19,SH601318,-0.019035869118309335,EXP_CatBoostModel_Alpha158_csi300_custom_step0_s_20260519_18,6bc2119278cf4ad0950370b20f75981f,0.068,,,
3032,2026-05-19,SH601298,-0.008410126931077582,EXP_CatBoostModel_Alpha158_csi300_custom_step0_s_20260519_18,6bc2119278cf4ad0950370b20f75981f,0.068,,,
3033,2026-05-19,SH601288,-0.017916400903065732,EXP_CatBoostModel_Alpha158_csi300_custom_step0_s_20260519_18,6bc2119278cf4ad0950370b20f75981f,0.068,,,
3034,2026-05-19,SH601238,-0.01057525598002349,EXP_CatBoostModel_Alpha158_csi300_custom_step0_s_20260519_18,6bc2119278cf4ad0950370b20f75981f,0.068,,,
3035,2026-05-19,SH601360,0.007982873257227314,EXP_CatBoostModel_Alpha158_csi300_custom_step0_s_20260519_18,6bc2119278cf4ad0950370b20f75981f,0.068,,,
3036,2026-05-19,SH601236,-0.009028674144975867,EXP_CatBoostModel_Alpha158_csi300_custom_step0_s_20260519_18,6bc2119278cf4ad0950370b20f75981f,0.068,,,
3037,2026-05-19,SH601225,-0.009490603388092236,EXP_CatBoostModel_Alpha158_csi300_custom_step0_s_20260519_18,6bc2119278cf4ad0950370b20f75981f,0.068,,,
3038,2026-05-19,SH601211,-0.01919340767132321,EXP_CatBoostModel_Alpha158_csi300_custom_step0_s_20260519_18,6bc2119278cf4ad0950370b20f75981f,0.068,,,
3039,2026-05-19,SH601186,-0.015896737307818265,EXP_CatBoostModel_Alpha158_csi300_custom_step0_s_20260519_18,6bc2119278cf4ad0950370b20f75981f,0.068,,,
3040,2026-05-19,SH601169,-0.028879199801342858,EXP_CatBoostModel_Alpha158_csi300_custom_step0_s_20260519_18,6bc2119278cf4ad0950370b20f75981f,0.068,,,
3041,2026-05-19,SH601166,-0.026995634456935723,EXP_CatBoostModel_Alpha158_csi300_custom_step0_s_20260519_18,6bc2119278cf4ad0950370b20f75981f,0.068,,,
3042,2026-05-19,SH601138,0.013097517004120875,EXP_CatBoostModel_Alpha158_csi300_custom_step0_s_20260519_18,6bc2119278cf4ad0950370b20f75981f,0.068,,,
3043,2026-05-19,SH601136,-0.013677845324586517,EXP_CatBoostModel_Alpha158_csi300_custom_step0_s_20260519_18,6bc2119278cf4ad0950370b20f75981f,0.068,,,
3044,2026-05-19,SH601229,-0.022663979280383374,EXP_CatBoostModel_Alpha158_csi300_custom_step0_s_20260519_18,6bc2119278cf4ad0950370b20f75981f,0.068,,,
3045,2026-05-19,SH601127,-0.01927943024169574,EXP_CatBoostModel_Alpha158_csi300_custom_step0_s_20260519_18,6bc2119278cf4ad0950370b20f75981f,0.068,,,
3046,2026-05-19,SH601377,-0.0010254175318097536,EXP_CatBoostModel_Alpha158_csi300_custom_step0_s_20260519_18,6bc2119278cf4ad0950370b20f75981f,0.068,,,
3047,2026-05-19,SH601398,-0.01185894628352151,EXP_CatBoostModel_Alpha158_csi300_custom_step0_s_20260519_18,6bc2119278cf4ad0950370b20f75981f,0.068,,,
3048,2026-05-19,SH601788,-0.03929124086479049,EXP_CatBoostModel_Alpha158_csi300_custom_step0_s_20260519_18,6bc2119278cf4ad0950370b20f75981f,0.068,,,
3049,2026-05-19,SH601766,-0.030117756187593527,EXP_CatBoostModel_Alpha158_csi300_custom_step0_s_20260519_18,6bc2119278cf4ad0950370b20f75981f,0.068,,,
3050,2026-05-19,SH601728,-0.03341697109986643,EXP_CatBoostModel_Alpha158_csi300_custom_step0_s_20260519_18,6bc2119278cf4ad0950370b20f75981f,0.068,,,
3051,2026-05-19,SH601698,0.040668752241222975,EXP_CatBoostModel_Alpha158_csi300_custom_step0_s_20260519_18,6bc2119278cf4ad0950370b20f75981f,0.068,,,
3052,2026-05-19,SH601689,-0.020621059784498134,EXP_CatBoostModel_Alpha158_csi300_custom_step0_s_20260519_18,6bc2119278cf4ad0950370b20f75981f,0.068,,,
3053,2026-05-19,SH601688,-0.0071249193331830276,EXP_CatBoostModel_Alpha158_csi300_custom_step0_s_20260519_18,6bc2119278cf4ad0950370b20f75981f,0.068,,,
3054,2026-05-19,SH601669,-0.0015539784237578135,EXP_CatBoostModel_Alpha158_csi300_custom_step0_s_20260519_18,6bc2119278cf4ad0950370b20f75981f,0.068,,,
3055,2026-05-19,SH601390,-0.01038817837738246,EXP_CatBoostModel_Alpha158_csi300_custom_step0_s_20260519_18,6bc2119278cf4ad0950370b20f75981f,0.068,,,
3056,2026-05-19,SH601668,-0.019599939088998344,EXP_CatBoostModel_Alpha158_csi300_custom_step0_s_20260519_18,6bc2119278cf4ad0950370b20f75981f,0.068,,,
3057,2026-05-19,SH601633,-0.01743042951568325,EXP_CatBoostModel_Alpha158_csi300_custom_step0_s_20260519_18,6bc2119278cf4ad0950370b20f75981f,0.068,,,
3058,2026-05-19,SH601628,-0.012353132677284528,EXP_CatBoostModel_Alpha158_csi300_custom_step0_s_20260519_18,6bc2119278cf4ad0950370b20f75981f,0.068,,,
3059,2026-05-19,SH601618,-0.010110821627321458,EXP_CatBoostModel_Alpha158_csi300_custom_step0_s_20260519_18,6bc2119278cf4ad0950370b20f75981f,0.068,,,
3060,2026-05-19,SH601607,-0.017258158599093285,EXP_CatBoostModel_Alpha158_csi300_custom_step0_s_20260519_18,6bc2119278cf4ad0950370b20f75981f,0.068,,,
3061,2026-05-19,SH601601,-0.014997718875708931,EXP_CatBoostModel_Alpha158_csi300_custom_step0_s_20260519_18,6bc2119278cf4ad0950370b20f75981f,0.068,,,
3062,2026-05-19,SH601600,-0.0061965011220121565,EXP_CatBoostModel_Alpha158_csi300_custom_step0_s_20260519_18,6bc2119278cf4ad0950370b20f75981f,0.068,,,
3063,2026-05-19,SH601456,-0.009611587870266584,EXP_CatBoostModel_Alpha158_csi300_custom_step0_s_20260519_18,6bc2119278cf4ad0950370b20f75981f,0.068,,,
3064,2026-05-19,SH601658,-0.022878724479150906,EXP_CatBoostModel_Alpha158_csi300_custom_step0_s_20260519_18,6bc2119278cf4ad0950370b20f75981f,0.068,,,
3065,2026-05-19,SH601800,-0.00550518096066409,EXP_CatBoostModel_Alpha158_csi300_custom_step0_s_20260519_18,6bc2119278cf4ad0950370b20f75981f,0.068,,,
3066,2026-05-19,SH601117,-0.013018397007222824,EXP_CatBoostModel_Alpha158_csi300_custom_step0_s_20260519_18,6bc2119278cf4ad0950370b20f75981f,0.068,,,
3067,2026-05-19,SH601100,0.0023305223507913055,EXP_CatBoostModel_Alpha158_csi300_custom_step0_s_20260519_18,6bc2119278cf4ad0950370b20f75981f,0.068,,,
3068,2026-05-19,SH600900,0.0038822445125562804,EXP_CatBoostModel_Alpha158_csi300_custom_step0_s_20260519_18,6bc2119278cf4ad0950370b20f75981f,0.068,,,
3069,2026-05-19,SH600893,0.005953738182756696,EXP_CatBoostModel_Alpha158_csi300_custom_step0_s_20260519_18,6bc2119278cf4ad0950370b20f75981f,0.068,,,
3070,2026-05-19,SH600887,0.011457331439805308,EXP_CatBoostModel_Alpha158_csi300_custom_step0_s_20260519_18,6bc2119278cf4ad0950370b20f75981f,0.068,,,
3071,2026-05-19,SH600886,-0.009690975868612678,EXP_CatBoostModel_Alpha158_csi300_custom_step0_s_20260519_18,6bc2119278cf4ad0950370b20f75981f,0.068,,,
3072,2026-05-19,SH600875,-0.005600388262930291,EXP_CatBoostModel_Alpha158_csi300_custom_step0_s_20260519_18,6bc2119278cf4ad0950370b20f75981f,0.068,,,
3073,2026-05-19,SH600845,0.010113983345694352,EXP_CatBoostModel_Alpha158_csi300_custom_step0_s_20260519_18,6bc2119278cf4ad0950370b20f75981f,0.068,,,
3074,2026-05-19,SH600809,-0.01886255081823583,EXP_CatBoostModel_Alpha158_csi300_custom_step0_s_20260519_18,6bc2119278cf4ad0950370b20f75981f,0.068,,,
3075,2026-05-19,SH600905,0.0071169650245158705,EXP_CatBoostModel_Alpha158_csi300_custom_step0_s_20260519_18,6bc2119278cf4ad0950370b20f75981f,0.068,,,
3076,2026-05-19,SH600803,-0.007370275335694058,EXP_CatBoostModel_Alpha158_csi300_custom_step0_s_20260519_18,6bc2119278cf4ad0950370b20f75981f,0.068,,,
3077,2026-05-19,SH600760,-0.014411058525484848,EXP_CatBoostModel_Alpha158_csi300_custom_step0_s_20260519_18,6bc2119278cf4ad0950370b20f75981f,0.068,,,
3078,2026-05-19,SH600741,0.011789586203034278,EXP_CatBoostModel_Alpha158_csi300_custom_step0_s_20260519_18,6bc2119278cf4ad0950370b20f75981f,0.068,,,
3079,2026-05-19,SH600690,-0.00694721727410788,EXP_CatBoostModel_Alpha158_csi300_custom_step0_s_20260519_18,6bc2119278cf4ad0950370b20f75981f,0.068,,,
3080,2026-05-19,SH600674,0.011402203728219432,EXP_CatBoostModel_Alpha158_csi300_custom_step0_s_20260519_18,6bc2119278cf4ad0950370b20f75981f,0.068,,,
3081,2026-05-19,SH600660,-0.012586941871428878,EXP_CatBoostModel_Alpha158_csi300_custom_step0_s_20260519_18,6bc2119278cf4ad0950370b20f75981f,0.068,,,
3082,2026-05-19,SH600600,-0.010764287072377341,EXP_CatBoostModel_Alpha158_csi300_custom_step0_s_20260519_18,6bc2119278cf4ad0950370b20f75981f,0.068,,,
3083,2026-05-19,SH600588,-0.015008690929278302,EXP_CatBoostModel_Alpha158_csi300_custom_step0_s_20260519_18,6bc2119278cf4ad0950370b20f75981f,0.068,,,
3084,2026-05-19,SH600795,0.009781813440869331,EXP_CatBoostModel_Alpha158_csi300_custom_step0_s_20260519_18,6bc2119278cf4ad0950370b20f75981f,0.068,,,
3085,2026-05-19,SH601111,-0.010515163165605666,EXP_CatBoostModel_Alpha158_csi300_custom_step0_s_20260519_18,6bc2119278cf4ad0950370b20f75981f,0.068,,,
3086,2026-05-19,SH600918,-0.01418829479695179,EXP_CatBoostModel_Alpha158_csi300_custom_step0_s_20260519_18,6bc2119278cf4ad0950370b20f75981f,0.068,,,
3087,2026-05-19,SH600926,-0.03034054566982936,EXP_CatBoostModel_Alpha158_csi300_custom_step0_s_20260519_18,6bc2119278cf4ad0950370b20f75981f,0.068,,,
3088,2026-05-19,SH601088,-0.014702993436080093,EXP_CatBoostModel_Alpha158_csi300_custom_step0_s_20260519_18,6bc2119278cf4ad0950370b20f75981f,0.068,,,
3089,2026-05-19,SH601077,-0.014618906327301017,EXP_CatBoostModel_Alpha158_csi300_custom_step0_s_20260519_18,6bc2119278cf4ad0950370b20f75981f,0.068,,,
3090,2026-05-19,SH601066,-0.004010568828803889,EXP_CatBoostModel_Alpha158_csi300_custom_step0_s_20260519_18,6bc2119278cf4ad0950370b20f75981f,0.068,,,
3091,2026-05-19,SH601059,0.03986299725364564,EXP_CatBoostModel_Alpha158_csi300_custom_step0_s_20260519_18,6bc2119278cf4ad0950370b20f75981f,0.068,,,
3092,2026-05-19,SH601058,-0.011013296167409458,EXP_CatBoostModel_Alpha158_csi300_custom_step0_s_20260519_18,6bc2119278cf4ad0950370b20f75981f,0.068,,,
3093,2026-05-19,SH601021,-0.018719097282698747,EXP_CatBoostModel_Alpha158_csi300_custom_step0_s_20260519_18,6bc2119278cf4ad0950370b20f75981f,0.068,,,
3094,2026-05-19,SH601018,-0.01833732708952007,EXP_CatBoostModel_Alpha158_csi300_custom_step0_s_20260519_18,6bc2119278cf4ad0950370b20f75981f,0.068,,,
3095,2026-05-19,SH600919,0.0011822033136273406,EXP_CatBoostModel_Alpha158_csi300_custom_step0_s_20260519_18,6bc2119278cf4ad0950370b20f75981f,0.068,,,
3096,2026-05-19,SH601012,0.013301752780033066,EXP_CatBoostModel_Alpha158_csi300_custom_step0_s_20260519_18,6bc2119278cf4ad0950370b20f75981f,0.068,,,
3097,2026-05-19,SH601006,-0.0014186594861539553,EXP_CatBoostModel_Alpha158_csi300_custom_step0_s_20260519_18,6bc2119278cf4ad0950370b20f75981f,0.068,,,
3098,2026-05-19,SH600999,0.0035991760049817775,EXP_CatBoostModel_Alpha158_csi300_custom_step0_s_20260519_18,6bc2119278cf4ad0950370b20f75981f,0.068,,,
3099,2026-05-19,SH600989,-0.0043891660393180106,EXP_CatBoostModel_Alpha158_csi300_custom_step0_s_20260519_18,6bc2119278cf4ad0950370b20f75981f,0.068,,,
3100,2026-05-19,SH600958,0.00047470916793796537,EXP_CatBoostModel_Alpha158_csi300_custom_step0_s_20260519_18,6bc2119278cf4ad0950370b20f75981f,0.068,,,
3101,2026-05-19,SH600941,-0.0012970495673280897,EXP_CatBoostModel_Alpha158_csi300_custom_step0_s_20260519_18,6bc2119278cf4ad0950370b20f75981f,0.068,,,
3102,2026-05-19,SH600938,-0.0062625073624587016,EXP_CatBoostModel_Alpha158_csi300_custom_step0_s_20260519_18,6bc2119278cf4ad0950370b20f75981f,0.068,,,
3103,2026-05-19,SH600930,-0.0004383520329654566,EXP_CatBoostModel_Alpha158_csi300_custom_step0_s_20260519_18,6bc2119278cf4ad0950370b20f75981f,0.068,,,
3104,2026-05-19,SH601009,-0.007293375981025117,EXP_CatBoostModel_Alpha158_csi300_custom_step0_s_20260519_18,6bc2119278cf4ad0950370b20f75981f,0.068,,,
3105,2026-05-19,SH600346,-0.0018312168314194622,EXP_CatBoostModel_Alpha158_csi300_custom_step0_s_20260519_18,b642ace3dfe54aa9940c51465a4d8ad8,0.028,,,
3106,2026-05-19,SH601808,-0.015002066294467773,EXP_CatBoostModel_Alpha158_csi300_custom_step0_s_20260519_18,6bc2119278cf4ad0950370b20f75981f,0.068,,,
3107,2026-05-19,SH601818,-0.023595327929721542,EXP_CatBoostModel_Alpha158_csi300_custom_step0_s_20260519_18,6bc2119278cf4ad0950370b20f75981f,0.068,,,
3108,2026-05-19,SZ000063,0.007959093907876882,EXP_CatBoostModel_Alpha158_csi300_custom_step0_s_20260519_18,6bc2119278cf4ad0950370b20f75981f,0.068,,,
3109,2026-05-19,SZ000002,-0.012687782478073681,EXP_CatBoostModel_Alpha158_csi300_custom_step0_s_20260519_18,6bc2119278cf4ad0950370b20f75981f,0.068,,,
3110,2026-05-19,SZ000001,-0.01881109722193514,EXP_CatBoostModel_Alpha158_csi300_custom_step0_s_20260519_18,6bc2119278cf4ad0950370b20f75981f,0.068,,,
3111,2026-05-19,SH688981,-0.08589791152081902,EXP_CatBoostModel_Alpha158_csi300_custom_step0_s_20260519_18,6bc2119278cf4ad0950370b20f75981f,0.068,,,
3112,2026-05-19,SH688506,0.12128353150850404,EXP_CatBoostModel_Alpha158_csi300_custom_step0_s_20260519_18,6bc2119278cf4ad0950370b20f75981f,0.068,,,
3113,2026-05-19,SH688472,0.009075658308817439,EXP_CatBoostModel_Alpha158_csi300_custom_step0_s_20260519_18,6bc2119278cf4ad0950370b20f75981f,0.068,,,
3114,2026-05-19,SH688396,-0.036347896150723466,EXP_CatBoostModel_Alpha158_csi300_custom_step0_s_20260519_18,6bc2119278cf4ad0950370b20f75981f,0.068,,,
3115,2026-05-19,SZ000100,-0.0063121022317834535,EXP_CatBoostModel_Alpha158_csi300_custom_step0_s_20260519_18,6bc2119278cf4ad0950370b20f75981f,0.068,,,
3116,2026-05-19,SH688303,-0.009999532426409422,EXP_CatBoostModel_Alpha158_csi300_custom_step0_s_20260519_18,6bc2119278cf4ad0950370b20f75981f,0.068,,,
3117,2026-05-19,SH688256,-0.06323820940572268,EXP_CatBoostModel_Alpha158_csi300_custom_step0_s_20260519_18,6bc2119278cf4ad0950370b20f75981f,0.068,,,
3118,2026-05-19,SH688223,-0.023613983547764252,EXP_CatBoostModel_Alpha158_csi300_custom_step0_s_20260519_18,6bc2119278cf4ad0950370b20f75981f,0.068,,,
3119,2026-05-19,SH688187,-0.019130029761906243,EXP_CatBoostModel_Alpha158_csi300_custom_step0_s_20260519_18,6bc2119278cf4ad0950370b20f75981f,0.068,,,
3120,2026-05-19,SH688169,-0.03752528719656178,EXP_CatBoostModel_Alpha158_csi300_custom_step0_s_20260519_18,6bc2119278cf4ad0950370b20f75981f,0.068,,,
3121,2026-05-19,SH688126,0.022694890885289837,EXP_CatBoostModel_Alpha158_csi300_custom_step0_s_20260519_18,6bc2119278cf4ad0950370b20f75981f,0.068,,,
3122,2026-05-19,SH688111,0.0006881923327393639,EXP_CatBoostModel_Alpha158_csi300_custom_step0_s_20260519_18,6bc2119278cf4ad0950370b20f75981f,0.068,,,
3123,2026-05-19,SH688082,0.0521592988312404,EXP_CatBoostModel_Alpha158_csi300_custom_step0_s_20260519_18,6bc2119278cf4ad0950370b20f75981f,0.068,,,
3124,2026-05-19,SH688271,-0.00838481522337309,EXP_CatBoostModel_Alpha158_csi300_custom_step0_s_20260519_18,6bc2119278cf4ad0950370b20f75981f,0.068,,,
3125,2026-05-19,SH688047,-0.10564268022768541,EXP_CatBoostModel_Alpha158_csi300_custom_step0_s_20260519_18,6bc2119278cf4ad0950370b20f75981f,0.068,,,
3126,2026-05-19,SZ000157,0.0031502361203871094,EXP_CatBoostModel_Alpha158_csi300_custom_step0_s_20260519_18,6bc2119278cf4ad0950370b20f75981f,0.068,,,
3127,2026-05-19,SZ000301,0.02309728688239298,EXP_CatBoostModel_Alpha158_csi300_custom_step0_s_20260519_18,6bc2119278cf4ad0950370b20f75981f,0.068,,,
3128,2026-05-19,SZ000776,-0.010339892225122823,EXP_CatBoostModel_Alpha158_csi300_custom_step0_s_20260519_18,6bc2119278cf4ad0950370b20f75981f,0.068,,,
3129,2026-05-19,SZ000768,-0.017411555546869142,EXP_CatBoostModel_Alpha158_csi300_custom_step0_s_20260519_18,6bc2119278cf4ad0950370b20f75981f,0.068,,,
3130,2026-05-19,SZ000725,0.012850256860472618,EXP_CatBoostModel_Alpha158_csi300_custom_step0_s_20260519_18,6bc2119278cf4ad0950370b20f75981f,0.068,,,
3131,2026-05-19,SZ000708,0.005250492588023005,EXP_CatBoostModel_Alpha158_csi300_custom_step0_s_20260519_18,6bc2119278cf4ad0950370b20f75981f,0.068,,,
3132,2026-05-19,SZ000661,-0.01229450870890663,EXP_CatBoostModel_Alpha158_csi300_custom_step0_s_20260519_18,6bc2119278cf4ad0950370b20f75981f,0.068,,,
3133,2026-05-19,SZ000651,0.008848341994494248,EXP_CatBoostModel_Alpha158_csi300_custom_step0_s_20260519_18,6bc2119278cf4ad0950370b20f75981f,0.068,,,
3134,2026-05-19,SZ000630,-0.007900218240915507,EXP_CatBoostModel_Alpha158_csi300_custom_step0_s_20260519_18,6bc2119278cf4ad0950370b20f75981f,0.068,,,
3135,2026-05-19,SZ000166,-0.017875928865104206,EXP_CatBoostModel_Alpha158_csi300_custom_step0_s_20260519_18,6bc2119278cf4ad0950370b20f75981f,0.068,,,
3136,2026-05-19,SZ000625,-0.004039944582805749,EXP_CatBoostModel_Alpha158_csi300_custom_step0_s_20260519_18,6bc2119278cf4ad0950370b20f75981f,0.068,,,
3137,2026-05-19,SZ000596,-0.01011326601907523,EXP_CatBoostModel_Alpha158_csi300_custom_step0_s_20260519_18,6bc2119278cf4ad0950370b20f75981f,0.068,,,
3138,2026-05-19,SZ000568,-0.015656567197586634,EXP_CatBoostModel_Alpha158_csi300_custom_step0_s_20260519_18,6bc2119278cf4ad0950370b20f75981f,0.068,,,
3139,2026-05-19,SZ000538,-0.03292248568395958,EXP_CatBoostModel_Alpha158_csi300_custom_step0_s_20260519_18,6bc2119278cf4ad0950370b20f75981f,0.068,,,
3140,2026-05-19,SZ000425,-0.012329171813815357,EXP_CatBoostModel_Alpha158_csi300_custom_step0_s_20260519_18,6bc2119278cf4ad0950370b20f75981f,0.068,,,
3141,2026-05-19,SZ000408,-0.004231696332376834,EXP_CatBoostModel_Alpha158_csi300_custom_step0_s_20260519_18,6bc2119278cf4ad0950370b20f75981f,0.068,,,
3142,2026-05-19,SZ000338,0.08921880223257968,EXP_CatBoostModel_Alpha158_csi300_custom_step0_s_20260519_18,6bc2119278cf4ad0950370b20f75981f,0.068,,,
3143,2026-05-19,SZ000333,0.0045604814657426865,EXP_CatBoostModel_Alpha158_csi300_custom_step0_s_20260519_18,6bc2119278cf4ad0950370b20f75981f,0.068,,,
3144,2026-05-19,SZ000617,0.016545788649732128,EXP_CatBoostModel_Alpha158_csi300_custom_step0_s_20260519_18,6bc2119278cf4ad0950370b20f75981f,0.068,,,
3145,2026-05-19,SH601816,-0.016647551597039706,EXP_CatBoostModel_Alpha158_csi300_custom_step0_s_20260519_18,6bc2119278cf4ad0950370b20f75981f,0.068,,,
3146,2026-05-19,SH688041,-0.12668006868697582,EXP_CatBoostModel_Alpha158_csi300_custom_step0_s_20260519_18,6bc2119278cf4ad0950370b20f75981f,0.068,,,
3147,2026-05-19,SH688012,0.12272709012139928,EXP_CatBoostModel_Alpha158_csi300_custom_step0_s_20260519_18,6bc2119278cf4ad0950370b20f75981f,0.068,,,
3148,2026-05-19,SH601985,0.011141675025135302,EXP_CatBoostModel_Alpha158_csi300_custom_step0_s_20260519_18,6bc2119278cf4ad0950370b20f75981f,0.068,,,
3149,2026-05-19,SH601939,0.007806958038717991,EXP_CatBoostModel_Alpha158_csi300_custom_step0_s_20260519_18,6bc2119278cf4ad0950370b20f75981f,0.068,,,
3150,2026-05-19,SH601919,-0.02297608367869688,EXP_CatBoostModel_Alpha158_csi300_custom_step0_s_20260519_18,6bc2119278cf4ad0950370b20f75981f,0.068,,,
3151,2026-05-19,SH601916,-0.005052566795341133,EXP_CatBoostModel_Alpha158_csi300_custom_step0_s_20260519_18,6bc2119278cf4ad0950370b20f75981f,0.068,,,
3152,2026-05-19,SH601901,-9.543632535313073e-05,EXP_CatBoostModel_Alpha158_csi300_custom_step0_s_20260519_18,6bc2119278cf4ad0950370b20f75981f,0.068,,,
3153,2026-05-19,SH601899,-0.005870818748825882,EXP_CatBoostModel_Alpha158_csi300_custom_step0_s_20260519_18,6bc2119278cf4ad0950370b20f75981f,0.068,,,
3154,2026-05-19,SH601898,-0.013234127325032811,EXP_CatBoostModel_Alpha158_csi300_custom_step0_s_20260519_18,6bc2119278cf4ad0950370b20f75981f,0.068,,,
3155,2026-05-19,SH601988,-0.009786059624974395,EXP_CatBoostModel_Alpha158_csi300_custom_step0_s_20260519_18,6bc2119278cf4ad0950370b20f75981f,0.068,,,
3156,2026-05-19,SH601888,-0.01735417364045223,EXP_CatBoostModel_Alpha158_csi300_custom_step0_s_20260519_18,6bc2119278cf4ad0950370b20f75981f,0.068,,,
3157,2026-05-19,SH601878,-0.005329112840144008,EXP_CatBoostModel_Alpha158_csi300_custom_step0_s_20260519_18,6bc2119278cf4ad0950370b20f75981f,0.068,,,
3158,2026-05-19,SH601877,-0.00024411674551400926,EXP_CatBoostModel_Alpha158_csi300_custom_step0_s_20260519_18,6bc2119278cf4ad0950370b20f75981f,0.068,,,
3159,2026-05-19,SH601872,-0.01980656735376084,EXP_CatBoostModel_Alpha158_csi300_custom_step0_s_20260519_18,6bc2119278cf4ad0950370b20f75981f,0.068,,,
3160,2026-05-19,SH601868,-0.0017047416104356,EXP_CatBoostModel_Alpha158_csi300_custom_step0_s_20260519_18,6bc2119278cf4ad0950370b20f75981f,0.068,,,
3161,2026-05-19,SH601857,-0.012674778151640101,EXP_CatBoostModel_Alpha158_csi300_custom_step0_s_20260519_18,6bc2119278cf4ad0950370b20f75981f,0.068,,,
3162,2026-05-19,SH601838,0.010286412727348739,EXP_CatBoostModel_Alpha158_csi300_custom_step0_s_20260519_18,6bc2119278cf4ad0950370b20f75981f,0.068,,,
3163,2026-05-19,SH601825,-0.012076900682127049,EXP_CatBoostModel_Alpha158_csi300_custom_step0_s_20260519_18,6bc2119278cf4ad0950370b20f75981f,0.068,,,
3164,2026-05-19,SH601881,-0.012585651430715526,EXP_CatBoostModel_Alpha158_csi300_custom_step0_s_20260519_18,6bc2119278cf4ad0950370b20f75981f,0.068,,,
3165,2026-05-19,SH688036,0.01413945214810245,EXP_CatBoostModel_Alpha158_csi300_custom_step0_s_20260519_18,6bc2119278cf4ad0950370b20f75981f,0.068,,,
3166,2026-05-19,SH601995,0.005318725687689956,EXP_CatBoostModel_Alpha158_csi300_custom_step0_s_20260519_18,6bc2119278cf4ad0950370b20f75981f,0.068,,,
3167,2026-05-19,SH603019,-0.006571110628198944,EXP_CatBoostModel_Alpha158_csi300_custom_step0_s_20260519_18,6bc2119278cf4ad0950370b20f75981f,0.068,,,
3168,2026-05-19,SH688009,-0.017350847901281562,EXP_CatBoostModel_Alpha158_csi300_custom_step0_s_20260519_18,6bc2119278cf4ad0950370b20f75981f,0.068,,,
3169,2026-05-19,SH688008,-0.0674274202946644,EXP_CatBoostModel_Alpha158_csi300_custom_step0_s_20260519_18,6bc2119278cf4ad0950370b20f75981f,0.068,,,
3170,2026-05-19,SH605499,0.001386609825373847,EXP_CatBoostModel_Alpha158_csi300_custom_step0_s_20260519_18,6bc2119278cf4ad0950370b20f75981f,0.068,,,
3171,2026-05-19,SH605117,0.06525214034471943,EXP_CatBoostModel_Alpha158_csi300_custom_step0_s_20260519_18,6bc2119278cf4ad0950370b20f75981f,0.068,,,
3172,2026-05-19,SH603993,-0.007834128581401307,EXP_CatBoostModel_Alpha158_csi300_custom_step0_s_20260519_18,6bc2119278cf4ad0950370b20f75981f,0.068,,,
3173,2026-05-19,SH603986,0.019110744043450204,EXP_CatBoostModel_Alpha158_csi300_custom_step0_s_20260519_18,6bc2119278cf4ad0950370b20f75981f,0.068,,,
3174,2026-05-19,SH603893,0.008214395156255194,EXP_CatBoostModel_Alpha158_csi300_custom_step0_s_20260519_18,6bc2119278cf4ad0950370b20f75981f,0.068,,,
3175,2026-05-19,SH601998,-0.01864614285123498,EXP_CatBoostModel_Alpha158_csi300_custom_step0_s_20260519_18,6bc2119278cf4ad0950370b20f75981f,0.068,,,
3176,2026-05-19,SH603799,-0.004677346818353664,EXP_CatBoostModel_Alpha158_csi300_custom_step0_s_20260519_18,6bc2119278cf4ad0950370b20f75981f,0.068,,,
3177,2026-05-19,SH603392,-0.017159304979341254,EXP_CatBoostModel_Alpha158_csi300_custom_step0_s_20260519_18,6bc2119278cf4ad0950370b20f75981f,0.068,,,
3178,2026-05-19,SH603369,0.0056323586034855945,EXP_CatBoostModel_Alpha158_csi300_custom_step0_s_20260519_18,6bc2119278cf4ad0950370b20f75981f,0.068,,,
3179,2026-05-19,SH603296,0.023493298924937105,EXP_CatBoostModel_Alpha158_csi300_custom_step0_s_20260519_18,6bc2119278cf4ad0950370b20f75981f,0.068,,,
3180,2026-05-19,SH603288,-0.00042769475259178647,EXP_CatBoostModel_Alpha158_csi300_custom_step0_s_20260519_18,6bc2119278cf4ad0950370b20f75981f,0.068,,,
3181,2026-05-19,SH603260,-0.010088467026611616,EXP_CatBoostModel_Alpha158_csi300_custom_step0_s_20260519_18,6bc2119278cf4ad0950370b20f75981f,0.068,,,
3182,2026-05-19,SH603259,-0.004509141110511893,EXP_CatBoostModel_Alpha158_csi300_custom_step0_s_20260519_18,6bc2119278cf4ad0950370b20f75981f,0.068,,,
3183,2026-05-19,SH603195,0.010815242545303536,EXP_CatBoostModel_Alpha158_csi300_custom_step0_s_20260519_18,6bc2119278cf4ad0950370b20f75981f,0.068,,,
3184,2026-05-19,SH603501,0.005687975263282441,EXP_CatBoostModel_Alpha158_csi300_custom_step0_s_20260519_18,6bc2119278cf4ad0950370b20f75981f,0.068,,,
3185,2026-05-19,SH600309,-0.0018312168314194622,EXP_CatBoostModel_Alpha158_csi300_custom_step0_s_20260519_18,b642ace3dfe54aa9940c51465a4d8ad8,0.028,,,
3186,2026-05-19,SH600276,-0.0018312168314194622,EXP_CatBoostModel_Alpha158_csi300_custom_step0_s_20260519_18,b642ace3dfe54aa9940c51465a4d8ad8,0.028,,,
3187,2026-05-19,SH600233,-0.0018312168314194622,EXP_CatBoostModel_Alpha158_csi300_custom_step0_s_20260519_18,b642ace3dfe54aa9940c51465a4d8ad8,0.028,,,
3188,2026-05-19,SZ000807,-0.00103072757771097,EXP_CatBoostModel_Alpha158_csi300_custom_step0_s_20260519_18,0035978bbdc44a738dd0774360e2af7b,0.043,,,
3189,2026-05-19,SZ000792,-0.00015935669501669126,EXP_CatBoostModel_Alpha158_csi300_custom_step0_s_20260519_18,0035978bbdc44a738dd0774360e2af7b,0.043,,,
3190,2026-05-19,SZ000786,-0.00015935669501669126,EXP_CatBoostModel_Alpha158_csi300_custom_step0_s_20260519_18,0035978bbdc44a738dd0774360e2af7b,0.043,,,
3191,2026-05-19,SZ000776,-0.00015935669501669126,EXP_CatBoostModel_Alpha158_csi300_custom_step0_s_20260519_18,0035978bbdc44a738dd0774360e2af7b,0.043,,,
3192,2026-05-19,SZ000768,-0.00103072757771097,EXP_CatBoostModel_Alpha158_csi300_custom_step0_s_20260519_18,0035978bbdc44a738dd0774360e2af7b,0.043,,,
3193,2026-05-19,SZ000725,-0.00103072757771097,EXP_CatBoostModel_Alpha158_csi300_custom_step0_s_20260519_18,0035978bbdc44a738dd0774360e2af7b,0.043,,,
3194,2026-05-19,SZ000708,-0.00015935669501669126,EXP_CatBoostModel_Alpha158_csi300_custom_step0_s_20260519_18,0035978bbdc44a738dd0774360e2af7b,0.043,,,
3195,2026-05-19,SZ000661,0.00381602678080387,EXP_CatBoostModel_Alpha158_csi300_custom_step0_s_20260519_18,0035978bbdc44a738dd0774360e2af7b,0.043,,,
3196,2026-05-19,SZ000651,-0.00015935669501669126,EXP_CatBoostModel_Alpha158_csi300_custom_step0_s_20260519_18,0035978bbdc44a738dd0774360e2af7b,0.043,,,
3197,2026-05-19,SZ000630,-0.00015935669501669126,EXP_CatBoostModel_Alpha158_csi300_custom_step0_s_20260519_18,0035978bbdc44a738dd0774360e2af7b,0.043,,,
3198,2026-05-19,SZ000625,-0.00103072757771097,EXP_CatBoostModel_Alpha158_csi300_custom_step0_s_20260519_18,0035978bbdc44a738dd0774360e2af7b,0.043,,,
3199,2026-05-19,SZ000617,-0.00015935669501669126,EXP_CatBoostModel_Alpha158_csi300_custom_step0_s_20260519_18,0035978bbdc44a738dd0774360e2af7b,0.043,,,
3200,2026-05-19,SZ000596,-0.00015935669501669126,EXP_CatBoostModel_Alpha158_csi300_custom_step0_s_20260519_18,0035978bbdc44a738dd0774360e2af7b,0.043,,,
3201,2026-05-19,SZ000568,-0.00015935669501669126,EXP_CatBoostModel_Alpha158_csi300_custom_step0_s_20260519_18,0035978bbdc44a738dd0774360e2af7b,0.043,,,
3202,2026-05-19,SZ000538,0.001523233053896535,EXP_CatBoostModel_Alpha158_csi300_custom_step0_s_20260519_18,0035978bbdc44a738dd0774360e2af7b,0.043,,,
3203,2026-05-19,SZ000858,-0.00015935669501669126,EXP_CatBoostModel_Alpha158_csi300_custom_step0_s_20260519_18,0035978bbdc44a738dd0774360e2af7b,0.043,,,
3204,2026-05-19,SZ000876,-0.004000843848259385,EXP_CatBoostModel_Alpha158_csi300_custom_step0_s_20260519_18,0035978bbdc44a738dd0774360e2af7b,0.043,,,
3205,2026-05-19,SZ000895,-0.00015935669501669126,EXP_CatBoostModel_Alpha158_csi300_custom_step0_s_20260519_18,0035978bbdc44a738dd0774360e2af7b,0.043,,,
3206,2026-05-19,SZ000938,-0.004000843848259385,EXP_CatBoostModel_Alpha158_csi300_custom_step0_s_20260519_18,0035978bbdc44a738dd0774360e2af7b,0.043,,,
3207,2026-05-19,SZ002179,0.0003841655595070889,EXP_CatBoostModel_Alpha158_csi300_custom_step0_s_20260519_18,0035978bbdc44a738dd0774360e2af7b,0.043,,,
3208,2026-05-19,SZ002142,-0.00103072757771097,EXP_CatBoostModel_Alpha158_csi300_custom_step0_s_20260519_18,0035978bbdc44a738dd0774360e2af7b,0.043,,,
3209,2026-05-19,SZ002074,-0.00015935669501669126,EXP_CatBoostModel_Alpha158_csi300_custom_step0_s_20260519_18,0035978bbdc44a738dd0774360e2af7b,0.043,,,
3210,2026-05-19,SZ002050,-0.00015935669501669126,EXP_CatBoostModel_Alpha158_csi300_custom_step0_s_20260519_18,0035978bbdc44a738dd0774360e2af7b,0.043,,,
3211,2026-05-19,SZ002049,-0.00103072757771097,EXP_CatBoostModel_Alpha158_csi300_custom_step0_s_20260519_18,0035978bbdc44a738dd0774360e2af7b,0.043,,,
3212,2026-05-19,SZ002028,-0.00103072757771097,EXP_CatBoostModel_Alpha158_csi300_custom_step0_s_20260519_18,0035978bbdc44a738dd0774360e2af7b,0.043,,,
3213,2026-05-19,SZ002027,-0.00015935669501669126,EXP_CatBoostModel_Alpha158_csi300_custom_step0_s_20260519_18,0035978bbdc44a738dd0774360e2af7b,0.043,,,
3214,2026-05-19,SZ000425,-0.00015935669501669126,EXP_CatBoostModel_Alpha158_csi300_custom_step0_s_20260519_18,0035978bbdc44a738dd0774360e2af7b,0.043,,,
3215,2026-05-19,SZ002001,-0.00015935669501669126,EXP_CatBoostModel_Alpha158_csi300_custom_step0_s_20260519_18,0035978bbdc44a738dd0774360e2af7b,0.043,,,
3216,2026-05-19,SZ001965,-0.00103072757771097,EXP_CatBoostModel_Alpha158_csi300_custom_step0_s_20260519_18,0035978bbdc44a738dd0774360e2af7b,0.043,,,
3217,2026-05-19,SZ001391,0.0005407947479279376,EXP_CatBoostModel_Alpha158_csi300_custom_step0_s_20260519_18,0035978bbdc44a738dd0774360e2af7b,0.043,,,
3218,2026-05-19,SZ000999,0.0003841655595070889,EXP_CatBoostModel_Alpha158_csi300_custom_step0_s_20260519_18,0035978bbdc44a738dd0774360e2af7b,0.043,,,
3219,2026-05-19,SZ000983,-0.00103072757771097,EXP_CatBoostModel_Alpha158_csi300_custom_step0_s_20260519_18,0035978bbdc44a738dd0774360e2af7b,0.043,,,
3220,2026-05-19,SZ000977,-0.00103072757771097,EXP_CatBoostModel_Alpha158_csi300_custom_step0_s_20260519_18,0035978bbdc44a738dd0774360e2af7b,0.043,,,
3221,2026-05-19,SZ000975,-0.00015935669501669126,EXP_CatBoostModel_Alpha158_csi300_custom_step0_s_20260519_18,0035978bbdc44a738dd0774360e2af7b,0.043,,,
3222,2026-05-19,SZ000963,-0.00015935669501669126,EXP_CatBoostModel_Alpha158_csi300_custom_step0_s_20260519_18,0035978bbdc44a738dd0774360e2af7b,0.043,,,
3223,2026-05-19,SZ001979,-0.00103072757771097,EXP_CatBoostModel_Alpha158_csi300_custom_step0_s_20260519_18,0035978bbdc44a738dd0774360e2af7b,0.043,,,
3224,2026-05-19,SZ000408,-0.00015935669501669126,EXP_CatBoostModel_Alpha158_csi300_custom_step0_s_20260519_18,0035978bbdc44a738dd0774360e2af7b,0.043,,,
3225,2026-05-19,SZ000338,-0.00015935669501669126,EXP_CatBoostModel_Alpha158_csi300_custom_step0_s_20260519_18,0035978bbdc44a738dd0774360e2af7b,0.043,,,
3226,2026-05-19,SZ000333,-0.00015935669501669126,EXP_CatBoostModel_Alpha158_csi300_custom_step0_s_20260519_18,0035978bbdc44a738dd0774360e2af7b,0.043,,,
3227,2026-05-19,SH688047,-0.00103072757771097,EXP_CatBoostModel_Alpha158_csi300_custom_step0_s_20260519_18,0035978bbdc44a738dd0774360e2af7b,0.043,,,
3228,2026-05-19,SH688041,-0.00103072757771097,EXP_CatBoostModel_Alpha158_csi300_custom_step0_s_20260519_18,0035978bbdc44a738dd0774360e2af7b,0.043,,,
3229,2026-05-19,SH688036,-0.004000843848259385,EXP_CatBoostModel_Alpha158_csi300_custom_step0_s_20260519_18,0035978bbdc44a738dd0774360e2af7b,0.043,,,
3230,2026-05-19,SH688012,0.0017447881137249298,EXP_CatBoostModel_Alpha158_csi300_custom_step0_s_20260519_18,0035978bbdc44a738dd0774360e2af7b,0.043,,,
3231,2026-05-19,SH688009,-0.00103072757771097,EXP_CatBoostModel_Alpha158_csi300_custom_step0_s_20260519_18,0035978bbdc44a738dd0774360e2af7b,0.043,,,
3232,2026-05-19,SH688008,-0.004000843848259385,EXP_CatBoostModel_Alpha158_csi300_custom_step0_s_20260519_18,0035978bbdc44a738dd0774360e2af7b,0.043,,,
3233,2026-05-19,SH605499,-0.00103072757771097,EXP_CatBoostModel_Alpha158_csi300_custom_step0_s_20260519_18,0035978bbdc44a738dd0774360e2af7b,0.043,,,
3234,2026-05-19,SH688082,-0.00103072757771097,EXP_CatBoostModel_Alpha158_csi300_custom_step0_s_20260519_18,0035978bbdc44a738dd0774360e2af7b,0.043,,,
3235,2026-05-19,SH605117,-0.00015935669501669126,EXP_CatBoostModel_Alpha158_csi300_custom_step0_s_20260519_18,0035978bbdc44a738dd0774360e2af7b,0.043,,,
3236,2026-05-19,SH603986,-0.00103072757771097,EXP_CatBoostModel_Alpha158_csi300_custom_step0_s_20260519_18,0035978bbdc44a738dd0774360e2af7b,0.043,,,
3237,2026-05-19,SH603893,-0.004000843848259385,EXP_CatBoostModel_Alpha158_csi300_custom_step0_s_20260519_18,0035978bbdc44a738dd0774360e2af7b,0.043,,,
3238,2026-05-19,SH603799,-0.00015935669501669126,EXP_CatBoostModel_Alpha158_csi300_custom_step0_s_20260519_18,0035978bbdc44a738dd0774360e2af7b,0.043,,,
3239,2026-05-19,SH603501,-0.00103072757771097,EXP_CatBoostModel_Alpha158_csi300_custom_step0_s_20260519_18,0035978bbdc44a738dd0774360e2af7b,0.043,,,
3240,2026-05-19,SH603392,-0.00015935669501669126,EXP_CatBoostModel_Alpha158_csi300_custom_step0_s_20260519_18,0035978bbdc44a738dd0774360e2af7b,0.043,,,
3241,2026-05-19,SH603369,-0.00015935669501669126,EXP_CatBoostModel_Alpha158_csi300_custom_step0_s_20260519_18,0035978bbdc44a738dd0774360e2af7b,0.043,,,
3242,2026-05-19,SH603296,-0.00015935669501669126,EXP_CatBoostModel_Alpha158_csi300_custom_step0_s_20260519_18,0035978bbdc44a738dd0774360e2af7b,0.043,,,
3243,2026-05-19,SH603993,-0.00015935669501669126,EXP_CatBoostModel_Alpha158_csi300_custom_step0_s_20260519_18,0035978bbdc44a738dd0774360e2af7b,0.043,,,
3244,2026-05-19,SZ002230,-0.00103072757771097,EXP_CatBoostModel_Alpha158_csi300_custom_step0_s_20260519_18,0035978bbdc44a738dd0774360e2af7b,0.043,,,
3245,2026-05-19,SH688111,-0.004000843848259385,EXP_CatBoostModel_Alpha158_csi300_custom_step0_s_20260519_18,0035978bbdc44a738dd0774360e2af7b,0.043,,,
3246,2026-05-19,SH688169,-0.00015935669501669126,EXP_CatBoostModel_Alpha158_csi300_custom_step0_s_20260519_18,0035978bbdc44a738dd0774360e2af7b,0.043,,,
3247,2026-05-19,SZ000301,-0.00103072757771097,EXP_CatBoostModel_Alpha158_csi300_custom_step0_s_20260519_18,0035978bbdc44a738dd0774360e2af7b,0.043,,,
3248,2026-05-19,SZ000166,-0.004665691932438464,EXP_CatBoostModel_Alpha158_csi300_custom_step0_s_20260519_18,0035978bbdc44a738dd0774360e2af7b,0.043,,,
3249,2026-05-19,SZ000157,-0.00015935669501669126,EXP_CatBoostModel_Alpha158_csi300_custom_step0_s_20260519_18,0035978bbdc44a738dd0774360e2af7b,0.043,,,
3250,2026-05-19,SZ000100,0.0022776394808905536,EXP_CatBoostModel_Alpha158_csi300_custom_step0_s_20260519_18,0035978bbdc44a738dd0774360e2af7b,0.043,,,
3251,2026-05-19,SZ000063,-0.004000843848259385,EXP_CatBoostModel_Alpha158_csi300_custom_step0_s_20260519_18,0035978bbdc44a738dd0774360e2af7b,0.043,,,
3252,2026-05-19,SZ000002,-0.00103072757771097,EXP_CatBoostModel_Alpha158_csi300_custom_step0_s_20260519_18,0035978bbdc44a738dd0774360e2af7b,0.043,,,
3253,2026-05-19,SZ000001,0.00381602678080387,EXP_CatBoostModel_Alpha158_csi300_custom_step0_s_20260519_18,0035978bbdc44a738dd0774360e2af7b,0.043,,,
3254,2026-05-19,SH688126,0.01071254606611818,EXP_CatBoostModel_Alpha158_csi300_custom_step0_s_20260519_18,0035978bbdc44a738dd0774360e2af7b,0.043,,,
3255,2026-05-19,SH688981,-0.004000843848259385,EXP_CatBoostModel_Alpha158_csi300_custom_step0_s_20260519_18,0035978bbdc44a738dd0774360e2af7b,0.043,,,
3256,2026-05-19,SH688472,-0.00015935669501669126,EXP_CatBoostModel_Alpha158_csi300_custom_step0_s_20260519_18,0035978bbdc44a738dd0774360e2af7b,0.043,,,
3257,2026-05-19,SH688396,-0.004000843848259385,EXP_CatBoostModel_Alpha158_csi300_custom_step0_s_20260519_18,0035978bbdc44a738dd0774360e2af7b,0.043,,,
3258,2026-05-19,SH688303,-0.00015935669501669126,EXP_CatBoostModel_Alpha158_csi300_custom_step0_s_20260519_18,0035978bbdc44a738dd0774360e2af7b,0.043,,,
3259,2026-05-19,SH688271,0.0022776394808905536,EXP_CatBoostModel_Alpha158_csi300_custom_step0_s_20260519_18,0035978bbdc44a738dd0774360e2af7b,0.043,,,
3260,2026-05-19,SH688256,-0.00103072757771097,EXP_CatBoostModel_Alpha158_csi300_custom_step0_s_20260519_18,0035978bbdc44a738dd0774360e2af7b,0.043,,,
3261,2026-05-19,SH688223,-0.00015935669501669126,EXP_CatBoostModel_Alpha158_csi300_custom_step0_s_20260519_18,0035978bbdc44a738dd0774360e2af7b,0.043,,,
3262,2026-05-19,SH688187,0.0003841655595070889,EXP_CatBoostModel_Alpha158_csi300_custom_step0_s_20260519_18,0035978bbdc44a738dd0774360e2af7b,0.043,,,
3263,2026-05-19,SH688506,-0.00015935669501669126,EXP_CatBoostModel_Alpha158_csi300_custom_step0_s_20260519_18,0035978bbdc44a738dd0774360e2af7b,0.043,,,
3264,2026-05-19,SZ002236,-0.00103072757771097,EXP_CatBoostModel_Alpha158_csi300_custom_step0_s_20260519_18,0035978bbdc44a738dd0774360e2af7b,0.043,,,
3265,2026-05-19,SZ002241,-0.004000843848259385,EXP_CatBoostModel_Alpha158_csi300_custom_step0_s_20260519_18,0035978bbdc44a738dd0774360e2af7b,0.043,,,
3266,2026-05-19,SZ002252,0.001523233053896535,EXP_CatBoostModel_Alpha158_csi300_custom_step0_s_20260519_18,0035978bbdc44a738dd0774360e2af7b,0.043,,,
3267,2026-05-19,SZ300979,-0.00015935669501669126,EXP_CatBoostModel_Alpha158_csi300_custom_step0_s_20260519_18,0035978bbdc44a738dd0774360e2af7b,0.043,,,
3268,2026-05-19,SZ300896,-0.00015935669501669126,EXP_CatBoostModel_Alpha158_csi300_custom_step0_s_20260519_18,0035978bbdc44a738dd0774360e2af7b,0.043,,,
3269,2026-05-19,SZ300866,-0.00015935669501669126,EXP_CatBoostModel_Alpha158_csi300_custom_step0_s_20260519_18,0035978bbdc44a738dd0774360e2af7b,0.043,,,
3270,2026-05-19,SZ300832,-0.00103072757771097,EXP_CatBoostModel_Alpha158_csi300_custom_step0_s_20260519_18,0035978bbdc44a738dd0774360e2af7b,0.043,,,
3271,2026-05-19,SZ300803,-0.00015935669501669126,EXP_CatBoostModel_Alpha158_csi300_custom_step0_s_20260519_18,0035978bbdc44a738dd0774360e2af7b,0.043,,,
3272,2026-05-19,SZ300782,-0.00015935669501669126,EXP_CatBoostModel_Alpha158_csi300_custom_step0_s_20260519_18,0035978bbdc44a738dd0774360e2af7b,0.043,,,
3273,2026-05-19,SZ300760,-0.00103072757771097,EXP_CatBoostModel_Alpha158_csi300_custom_step0_s_20260519_18,0035978bbdc44a738dd0774360e2af7b,0.043,,,
3274,2026-05-19,SZ300999,0.0005511298514854046,EXP_CatBoostModel_Alpha158_csi300_custom_step0_s_20260519_18,0035978bbdc44a738dd0774360e2af7b,0.043,,,
3275,2026-05-19,SZ300759,-0.00015935669501669126,EXP_CatBoostModel_Alpha158_csi300_custom_step0_s_20260519_18,0035978bbdc44a738dd0774360e2af7b,0.043,,,
3276,2026-05-19,SZ300661,-0.00103072757771097,EXP_CatBoostModel_Alpha158_csi300_custom_step0_s_20260519_18,0035978bbdc44a738dd0774360e2af7b,0.043,,,
3277,2026-05-19,SZ300628,-0.004000843848259385,EXP_CatBoostModel_Alpha158_csi300_custom_step0_s_20260519_18,0035978bbdc44a738dd0774360e2af7b,0.043,,,
3278,2026-05-19,SZ300502,-0.00015935669501669126,EXP_CatBoostModel_Alpha158_csi300_custom_step0_s_20260519_18,0035978bbdc44a738dd0774360e2af7b,0.043,,,
3279,2026-05-19,SZ300498,-0.00015935669501669126,EXP_CatBoostModel_Alpha158_csi300_custom_step0_s_20260519_18,0035978bbdc44a738dd0774360e2af7b,0.043,,,
3280,2026-05-19,SZ300476,-0.00015935669501669126,EXP_CatBoostModel_Alpha158_csi300_custom_step0_s_20260519_18,0035978bbdc44a738dd0774360e2af7b,0.043,,,
3281,2026-05-19,SZ300442,-0.00015935669501669126,EXP_CatBoostModel_Alpha158_csi300_custom_step0_s_20260519_18,0035978bbdc44a738dd0774360e2af7b,0.043,,,
3282,2026-05-19,SZ300433,-0.00015935669501669126,EXP_CatBoostModel_Alpha158_csi300_custom_step0_s_20260519_18,0035978bbdc44a738dd0774360e2af7b,0.043,,,
3283,2026-05-19,SZ300750,-0.00103072757771097,EXP_CatBoostModel_Alpha158_csi300_custom_step0_s_20260519_18,0035978bbdc44a738dd0774360e2af7b,0.043,,,
3284,2026-05-19,SZ300418,-0.00103072757771097,EXP_CatBoostModel_Alpha158_csi300_custom_step0_s_20260519_18,0035978bbdc44a738dd0774360e2af7b,0.043,,,
3285,2026-05-19,SZ301236,-0.004000843848259385,EXP_CatBoostModel_Alpha158_csi300_custom_step0_s_20260519_18,0035978bbdc44a738dd0774360e2af7b,0.043,,,
3286,2026-05-19,SZ302132,-0.00015935669501669126,EXP_CatBoostModel_Alpha158_csi300_custom_step0_s_20260519_18,0035978bbdc44a738dd0774360e2af7b,0.043,,,
3287,2026-05-19,SH600031,-0.004845379778449883,EXP_CatBoostModel_Alpha158_csi300_custom_step0_s_20260519_18,a8b5f94e2ca0420db6d93c029ae60976,0.059,,,
3288,2026-05-19,SH600030,-0.0029978172675043445,EXP_CatBoostModel_Alpha158_csi300_custom_step0_s_20260519_18,a8b5f94e2ca0420db6d93c029ae60976,0.059,,,
3289,2026-05-19,SH600029,-0.0029978172675043445,EXP_CatBoostModel_Alpha158_csi300_custom_step0_s_20260519_18,a8b5f94e2ca0420db6d93c029ae60976,0.059,,,
3290,2026-05-19,SH600028,-0.00020550097717799857,EXP_CatBoostModel_Alpha158_csi300_custom_step0_s_20260519_18,a8b5f94e2ca0420db6d93c029ae60976,0.059,,,
3291,2026-05-19,SH600027,0.0012341639278038781,EXP_CatBoostModel_Alpha158_csi300_custom_step0_s_20260519_18,a8b5f94e2ca0420db6d93c029ae60976,0.059,,,
3292,2026-05-19,SH600026,-0.0029978172675043445,EXP_CatBoostModel_Alpha158_csi300_custom_step0_s_20260519_18,a8b5f94e2ca0420db6d93c029ae60976,0.059,,,
3293,2026-05-19,SH600025,0.002074431890035852,EXP_CatBoostModel_Alpha158_csi300_custom_step0_s_20260519_18,a8b5f94e2ca0420db6d93c029ae60976,0.059,,,
3294,2026-05-19,SZ301269,-0.00103072757771097,EXP_CatBoostModel_Alpha158_csi300_custom_step0_s_20260519_18,0035978bbdc44a738dd0774360e2af7b,0.043,,,
3295,2026-05-19,SH600023,0.010120771334881935,EXP_CatBoostModel_Alpha158_csi300_custom_step0_s_20260519_18,a8b5f94e2ca0420db6d93c029ae60976,0.059,,,
3296,2026-05-19,SH600018,0.003977948886716414,EXP_CatBoostModel_Alpha158_csi300_custom_step0_s_20260519_18,a8b5f94e2ca0420db6d93c029ae60976,0.059,,,
3297,2026-05-19,SH600016,-0.002112159426550652,EXP_CatBoostModel_Alpha158_csi300_custom_step0_s_20260519_18,a8b5f94e2ca0420db6d93c029ae60976,0.059,,,
3298,2026-05-19,SH600015,0.0013572581612627914,EXP_CatBoostModel_Alpha158_csi300_custom_step0_s_20260519_18,a8b5f94e2ca0420db6d93c029ae60976,0.059,,,
3299,2026-05-19,SH600011,-0.0006445775075426261,EXP_CatBoostModel_Alpha158_csi300_custom_step0_s_20260519_18,a8b5f94e2ca0420db6d93c029ae60976,0.059,,,
3300,2026-05-19,SH600010,-0.0029978172675043445,EXP_CatBoostModel_Alpha158_csi300_custom_step0_s_20260519_18,a8b5f94e2ca0420db6d93c029ae60976,0.059,,,
3301,2026-05-19,SH600009,-0.00358380281337617,EXP_CatBoostModel_Alpha158_csi300_custom_step0_s_20260519_18,a8b5f94e2ca0420db6d93c029ae60976,0.059,,,
3302,2026-05-19,SH600000,0.0013572581612627914,EXP_CatBoostModel_Alpha158_csi300_custom_step0_s_20260519_18,a8b5f94e2ca0420db6d93c029ae60976,0.059,,,
3303,2026-05-19,SH600019,-0.0024434338016966163,EXP_CatBoostModel_Alpha158_csi300_custom_step0_s_20260519_18,a8b5f94e2ca0420db6d93c029ae60976,0.059,,,
3304,2026-05-19,SH603288,-0.00015935669501669126,EXP_CatBoostModel_Alpha158_csi300_custom_step0_s_20260519_18,0035978bbdc44a738dd0774360e2af7b,0.043,,,
3305,2026-05-19,SZ300413,-0.00103072757771097,EXP_CatBoostModel_Alpha158_csi300_custom_step0_s_20260519_18,0035978bbdc44a738dd0774360e2af7b,0.043,,,
3306,2026-05-19,SZ300394,-0.00015935669501669126,EXP_CatBoostModel_Alpha158_csi300_custom_step0_s_20260519_18,0035978bbdc44a738dd0774360e2af7b,0.043,,,
3307,2026-05-19,SZ002601,-0.00015935669501669126,EXP_CatBoostModel_Alpha158_csi300_custom_step0_s_20260519_18,0035978bbdc44a738dd0774360e2af7b,0.043,,,
3308,2026-05-19,SZ002600,-0.00015935669501669126,EXP_CatBoostModel_Alpha158_csi300_custom_step0_s_20260519_18,0035978bbdc44a738dd0774360e2af7b,0.043,,,
3309,2026-05-19,SZ002594,-0.004000843848259385,EXP_CatBoostModel_Alpha158_csi300_custom_step0_s_20260519_18,0035978bbdc44a738dd0774360e2af7b,0.043,,,
3310,2026-05-19,SZ002493,-0.00015935669501669126,EXP_CatBoostModel_Alpha158_csi300_custom_step0_s_20260519_18,0035978bbdc44a738dd0774360e2af7b,0.043,,,
3311,2026-05-19,SZ002475,-0.004000843848259385,EXP_CatBoostModel_Alpha158_csi300_custom_step0_s_20260519_18,0035978bbdc44a738dd0774360e2af7b,0.043,,,
3312,2026-05-19,SZ002466,-0.00015935669501669126,EXP_CatBoostModel_Alpha158_csi300_custom_step0_s_20260519_18,0035978bbdc44a738dd0774360e2af7b,0.043,,,
3313,2026-05-19,SZ002463,-0.00015935669501669126,EXP_CatBoostModel_Alpha158_csi300_custom_step0_s_20260519_18,0035978bbdc44a738dd0774360e2af7b,0.043,,,
3314,2026-05-19,SZ002625,-0.00015935669501669126,EXP_CatBoostModel_Alpha158_csi300_custom_step0_s_20260519_18,0035978bbdc44a738dd0774360e2af7b,0.043,,,
3315,2026-05-19,SZ002460,-0.00015935669501669126,EXP_CatBoostModel_Alpha158_csi300_custom_step0_s_20260519_18,0035978bbdc44a738dd0774360e2af7b,0.043,,,
3316,2026-05-19,SZ002422,-0.00103072757771097,EXP_CatBoostModel_Alpha158_csi300_custom_step0_s_20260519_18,0035978bbdc44a738dd0774360e2af7b,0.043,,,
3317,2026-05-19,SZ002415,-0.00103072757771097,EXP_CatBoostModel_Alpha158_csi300_custom_step0_s_20260519_18,0035978bbdc44a738dd0774360e2af7b,0.043,,,
3318,2026-05-19,SZ002384,-0.00103072757771097,EXP_CatBoostModel_Alpha158_csi300_custom_step0_s_20260519_18,0035978bbdc44a738dd0774360e2af7b,0.043,,,
3319,2026-05-19,SZ002371,-0.00103072757771097,EXP_CatBoostModel_Alpha158_csi300_custom_step0_s_20260519_18,0035978bbdc44a738dd0774360e2af7b,0.043,,,
3320,2026-05-19,SZ002352,0.001523233053896535,EXP_CatBoostModel_Alpha158_csi300_custom_step0_s_20260519_18,0035978bbdc44a738dd0774360e2af7b,0.043,,,
3321,2026-05-19,SZ002311,-0.00015935669501669126,EXP_CatBoostModel_Alpha158_csi300_custom_step0_s_20260519_18,0035978bbdc44a738dd0774360e2af7b,0.043,,,
3322,2026-05-19,SZ002304,-0.00015935669501669126,EXP_CatBoostModel_Alpha158_csi300_custom_step0_s_20260519_18,0035978bbdc44a738dd0774360e2af7b,0.043,,,
3323,2026-05-19,SZ002459,-0.00015935669501669126,EXP_CatBoostModel_Alpha158_csi300_custom_step0_s_20260519_18,0035978bbdc44a738dd0774360e2af7b,0.043,,,
3324,2026-05-19,SZ300408,-0.00103072757771097,EXP_CatBoostModel_Alpha158_csi300_custom_step0_s_20260519_18,0035978bbdc44a738dd0774360e2af7b,0.043,,,
3325,2026-05-19,SZ002648,-0.00015935669501669126,EXP_CatBoostModel_Alpha158_csi300_custom_step0_s_20260519_18,0035978bbdc44a738dd0774360e2af7b,0.043,,,
3326,2026-05-19,SZ002714,-0.00015935669501669126,EXP_CatBoostModel_Alpha158_csi300_custom_step0_s_20260519_18,0035978bbdc44a738dd0774360e2af7b,0.043,,,
3327,2026-05-19,SZ300347,-0.00015935669501669126,EXP_CatBoostModel_Alpha158_csi300_custom_step0_s_20260519_18,0035978bbdc44a738dd0774360e2af7b,0.043,,,
3328,2026-05-19,SZ300316,-0.00103072757771097,EXP_CatBoostModel_Alpha158_csi300_custom_step0_s_20260519_18,0035978bbdc44a738dd0774360e2af7b,0.043,,,
3329,2026-05-19,SZ300308,-0.00015935669501669126,EXP_CatBoostModel_Alpha158_csi300_custom_step0_s_20260519_18,0035978bbdc44a738dd0774360e2af7b,0.043,,,
3330,2026-05-19,SZ300274,0.0003841655595070889,EXP_CatBoostModel_Alpha158_csi300_custom_step0_s_20260519_18,0035978bbdc44a738dd0774360e2af7b,0.043,,,
3331,2026-05-19,SZ300251,-0.00103072757771097,EXP_CatBoostModel_Alpha158_csi300_custom_step0_s_20260519_18,0035978bbdc44a738dd0774360e2af7b,0.043,,,
3332,2026-05-19,SZ300124,-0.00015935669501669126,EXP_CatBoostModel_Alpha158_csi300_custom_step0_s_20260519_18,0035978bbdc44a738dd0774360e2af7b,0.043,,,
3333,2026-05-19,SZ300122,0.0003841655595070889,EXP_CatBoostModel_Alpha158_csi300_custom_step0_s_20260519_18,0035978bbdc44a738dd0774360e2af7b,0.043,,,
3334,2026-05-19,SZ002709,-0.00015935669501669126,EXP_CatBoostModel_Alpha158_csi300_custom_step0_s_20260519_18,0035978bbdc44a738dd0774360e2af7b,0.043,,,
3335,2026-05-19,SZ300059,-0.004000843848259385,EXP_CatBoostModel_Alpha158_csi300_custom_step0_s_20260519_18,0035978bbdc44a738dd0774360e2af7b,0.043,,,
3336,2026-05-19,SZ300015,-0.00015935669501669126,EXP_CatBoostModel_Alpha158_csi300_custom_step0_s_20260519_18,0035978bbdc44a738dd0774360e2af7b,0.043,,,
3337,2026-05-19,SZ300014,-0.00103072757771097,EXP_CatBoostModel_Alpha158_csi300_custom_step0_s_20260519_18,0035978bbdc44a738dd0774360e2af7b,0.043,,,
3338,2026-05-19,SZ003816,-0.00103072757771097,EXP_CatBoostModel_Alpha158_csi300_custom_step0_s_20260519_18,0035978bbdc44a738dd0774360e2af7b,0.043,,,
3339,2026-05-19,SZ002938,-0.00103072757771097,EXP_CatBoostModel_Alpha158_csi300_custom_step0_s_20260519_18,0035978bbdc44a738dd0774360e2af7b,0.043,,,
3340,2026-05-19,SZ002920,-0.00015935669501669126,EXP_CatBoostModel_Alpha158_csi300_custom_step0_s_20260519_18,0035978bbdc44a738dd0774360e2af7b,0.043,,,
3341,2026-05-19,SZ002916,-0.00015935669501669126,EXP_CatBoostModel_Alpha158_csi300_custom_step0_s_20260519_18,0035978bbdc44a738dd0774360e2af7b,0.043,,,
3342,2026-05-19,SZ002736,-0.00103072757771097,EXP_CatBoostModel_Alpha158_csi300_custom_step0_s_20260519_18,0035978bbdc44a738dd0774360e2af7b,0.043,,,
3343,2026-05-19,SZ300033,-0.00015935669501669126,EXP_CatBoostModel_Alpha158_csi300_custom_step0_s_20260519_18,0035978bbdc44a738dd0774360e2af7b,0.043,,,
3344,2026-05-19,SH603260,-0.00015935669501669126,EXP_CatBoostModel_Alpha158_csi300_custom_step0_s_20260519_18,0035978bbdc44a738dd0774360e2af7b,0.043,,,
3345,2026-05-19,SH603259,-0.00015935669501669126,EXP_CatBoostModel_Alpha158_csi300_custom_step0_s_20260519_18,0035978bbdc44a738dd0774360e2af7b,0.043,,,
3346,2026-05-19,SH603195,0.0003841655595070889,EXP_CatBoostModel_Alpha158_csi300_custom_step0_s_20260519_18,0035978bbdc44a738dd0774360e2af7b,0.043,,,
3347,2026-05-19,SH600585,-0.00015935669501669126,EXP_CatBoostModel_Alpha158_csi300_custom_step0_s_20260519_18,0035978bbdc44a738dd0774360e2af7b,0.043,,,
3348,2026-05-19,SH600584,-0.00103072757771097,EXP_CatBoostModel_Alpha158_csi300_custom_step0_s_20260519_18,0035978bbdc44a738dd0774360e2af7b,0.043,,,
3349,2026-05-19,SH600570,-0.004000843848259385,EXP_CatBoostModel_Alpha158_csi300_custom_step0_s_20260519_18,0035978bbdc44a738dd0774360e2af7b,0.043,,,
3350,2026-05-19,SH600547,-0.00015935669501669126,EXP_CatBoostModel_Alpha158_csi300_custom_step0_s_20260519_18,0035978bbdc44a738dd0774360e2af7b,0.043,,,
3351,2026-05-19,SH600522,-0.00103072757771097,EXP_CatBoostModel_Alpha158_csi300_custom_step0_s_20260519_18,0035978bbdc44a738dd0774360e2af7b,0.043,,,
3352,2026-05-19,SH600519,-0.00015935669501669126,EXP_CatBoostModel_Alpha158_csi300_custom_step0_s_20260519_18,0035978bbdc44a738dd0774360e2af7b,0.043,,,
3353,2026-05-19,SH600515,-0.00103072757771097,EXP_CatBoostModel_Alpha158_csi300_custom_step0_s_20260519_18,0035978bbdc44a738dd0774360e2af7b,0.043,,,
3354,2026-05-19,SH600588,-0.00103072757771097,EXP_CatBoostModel_Alpha158_csi300_custom_step0_s_20260519_18,0035978bbdc44a738dd0774360e2af7b,0.043,,,
3355,2026-05-19,SH600489,-0.00015935669501669126,EXP_CatBoostModel_Alpha158_csi300_custom_step0_s_20260519_18,0035978bbdc44a738dd0774360e2af7b,0.043,,,
3356,2026-05-19,SH600460,-0.004000843848259385,EXP_CatBoostModel_Alpha158_csi300_custom_step0_s_20260519_18,0035978bbdc44a738dd0774360e2af7b,0.043,,,
3357,2026-05-19,SH600438,-0.00015935669501669126,EXP_CatBoostModel_Alpha158_csi300_custom_step0_s_20260519_18,0035978bbdc44a738dd0774360e2af7b,0.043,,,
3358,2026-05-19,SH600436,-0.00015935669501669126,EXP_CatBoostModel_Alpha158_csi300_custom_step0_s_20260519_18,0035978bbdc44a738dd0774360e2af7b,0.043,,,
3359,2026-05-19,SH600426,-0.00015935669501669126,EXP_CatBoostModel_Alpha158_csi300_custom_step0_s_20260519_18,0035978bbdc44a738dd0774360e2af7b,0.043,,,
3360,2026-05-19,SH600415,-0.004000843848259385,EXP_CatBoostModel_Alpha158_csi300_custom_step0_s_20260519_18,0035978bbdc44a738dd0774360e2af7b,0.043,,,
3361,2026-05-19,SH600406,0.0022776394808905536,EXP_CatBoostModel_Alpha158_csi300_custom_step0_s_20260519_18,0035978bbdc44a738dd0774360e2af7b,0.043,,,
3362,2026-05-19,SH600377,-0.00103072757771097,EXP_CatBoostModel_Alpha158_csi300_custom_step0_s_20260519_18,0035978bbdc44a738dd0774360e2af7b,0.043,,,
3363,2026-05-19,SH600482,-0.00103072757771097,EXP_CatBoostModel_Alpha158_csi300_custom_step0_s_20260519_18,0035978bbdc44a738dd0774360e2af7b,0.043,,,
3364,2026-05-19,SH600372,-0.00015935669501669126,EXP_CatBoostModel_Alpha158_csi300_custom_step0_s_20260519_18,0035978bbdc44a738dd0774360e2af7b,0.043,,,
3365,2026-05-19,SH600600,0.001523233053896535,EXP_CatBoostModel_Alpha158_csi300_custom_step0_s_20260519_18,0035978bbdc44a738dd0774360e2af7b,0.043,,,
3366,2026-05-19,SH600674,0.0022776394808905536,EXP_CatBoostModel_Alpha158_csi300_custom_step0_s_20260519_18,0035978bbdc44a738dd0774360e2af7b,0.043,,,
3367,2026-05-19,SH600926,0.001523233053896535,EXP_CatBoostModel_Alpha158_csi300_custom_step0_s_20260519_18,0035978bbdc44a738dd0774360e2af7b,0.043,,,
3368,2026-05-19,SH600919,0.0022776394808905536,EXP_CatBoostModel_Alpha158_csi300_custom_step0_s_20260519_18,0035978bbdc44a738dd0774360e2af7b,0.043,,,
3369,2026-05-19,SH600918,0.001523233053896535,EXP_CatBoostModel_Alpha158_csi300_custom_step0_s_20260519_18,0035978bbdc44a738dd0774360e2af7b,0.043,,,
3370,2026-05-19,SH600905,0.0022776394808905536,EXP_CatBoostModel_Alpha158_csi300_custom_step0_s_20260519_18,0035978bbdc44a738dd0774360e2af7b,0.043,,,
3371,2026-05-19,SH600900,0.002843719626262547,EXP_CatBoostModel_Alpha158_csi300_custom_step0_s_20260519_18,0035978bbdc44a738dd0774360e2af7b,0.043,,,
3372,2026-05-19,SH600893,-0.00103072757771097,EXP_CatBoostModel_Alpha158_csi300_custom_step0_s_20260519_18,0035978bbdc44a738dd0774360e2af7b,0.043,,,
3373,2026-05-19,SH600887,-0.00015935669501669126,EXP_CatBoostModel_Alpha158_csi300_custom_step0_s_20260519_18,0035978bbdc44a738dd0774360e2af7b,0.043,,,
3374,2026-05-19,SH600660,0.001523233053896535,EXP_CatBoostModel_Alpha158_csi300_custom_step0_s_20260519_18,0035978bbdc44a738dd0774360e2af7b,0.043,,,
3375,2026-05-19,SH600886,0.0022776394808905536,EXP_CatBoostModel_Alpha158_csi300_custom_step0_s_20260519_18,0035978bbdc44a738dd0774360e2af7b,0.043,,,
3376,2026-05-19,SH600845,-0.004000843848259385,EXP_CatBoostModel_Alpha158_csi300_custom_step0_s_20260519_18,0035978bbdc44a738dd0774360e2af7b,0.043,,,
3377,2026-05-19,SH600809,-0.00015935669501669126,EXP_CatBoostModel_Alpha158_csi300_custom_step0_s_20260519_18,0035978bbdc44a738dd0774360e2af7b,0.043,,,
3378,2026-05-19,SH600803,-0.00015935669501669126,EXP_CatBoostModel_Alpha158_csi300_custom_step0_s_20260519_18,0035978bbdc44a738dd0774360e2af7b,0.043,,,
3379,2026-05-19,SH600795,0.0022776394808905536,EXP_CatBoostModel_Alpha158_csi300_custom_step0_s_20260519_18,0035978bbdc44a738dd0774360e2af7b,0.043,,,
3380,2026-05-19,SH600760,-0.004000843848259385,EXP_CatBoostModel_Alpha158_csi300_custom_step0_s_20260519_18,0035978bbdc44a738dd0774360e2af7b,0.043,,,
3381,2026-05-19,SH600741,-0.00015935669501669126,EXP_CatBoostModel_Alpha158_csi300_custom_step0_s_20260519_18,0035978bbdc44a738dd0774360e2af7b,0.043,,,
3382,2026-05-19,SH600690,0.001523233053896535,EXP_CatBoostModel_Alpha158_csi300_custom_step0_s_20260519_18,0035978bbdc44a738dd0774360e2af7b,0.043,,,
3383,2026-05-19,SH600875,-0.00015935669501669126,EXP_CatBoostModel_Alpha158_csi300_custom_step0_s_20260519_18,0035978bbdc44a738dd0774360e2af7b,0.043,,,
3384,2026-05-19,SH600930,-0.004000843848259385,EXP_CatBoostModel_Alpha158_csi300_custom_step0_s_20260519_18,0035978bbdc44a738dd0774360e2af7b,0.043,,,
3385,2026-05-19,SH600362,-0.00015935669501669126,EXP_CatBoostModel_Alpha158_csi300_custom_step0_s_20260519_18,0035978bbdc44a738dd0774360e2af7b,0.043,,,
3386,2026-05-19,SH600309,-0.00015935669501669126,EXP_CatBoostModel_Alpha158_csi300_custom_step0_s_20260519_18,0035978bbdc44a738dd0774360e2af7b,0.043,,,
3387,2026-05-19,SH600036,-0.00015935669501669126,EXP_CatBoostModel_Alpha158_csi300_custom_step0_s_20260519_18,0035978bbdc44a738dd0774360e2af7b,0.043,,,
3388,2026-05-19,SH600031,-0.00015935669501669126,EXP_CatBoostModel_Alpha158_csi300_custom_step0_s_20260519_18,0035978bbdc44a738dd0774360e2af7b,0.043,,,
3389,2026-05-19,SH600030,-0.004000843848259385,EXP_CatBoostModel_Alpha158_csi300_custom_step0_s_20260519_18,0035978bbdc44a738dd0774360e2af7b,0.043,,,
3390,2026-05-19,SH600029,-0.00103072757771097,EXP_CatBoostModel_Alpha158_csi300_custom_step0_s_20260519_18,0035978bbdc44a738dd0774360e2af7b,0.043,,,
3391,2026-05-19,SH600028,-0.00015935669501669126,EXP_CatBoostModel_Alpha158_csi300_custom_step0_s_20260519_18,0035978bbdc44a738dd0774360e2af7b,0.043,,,
3392,2026-05-19,SH600027,-0.00103072757771097,EXP_CatBoostModel_Alpha158_csi300_custom_step0_s_20260519_18,0035978bbdc44a738dd0774360e2af7b,0.043,,,
3393,2026-05-19,SH600026,-0.00015935669501669126,EXP_CatBoostModel_Alpha158_csi300_custom_step0_s_20260519_18,0035978bbdc44a738dd0774360e2af7b,0.043,,,
3394,2026-05-19,SH600039,0.0003841655595070889,EXP_CatBoostModel_Alpha158_csi300_custom_step0_s_20260519_18,0035978bbdc44a738dd0774360e2af7b,0.043,,,
3395,2026-05-19,SH600025,0.0022776394808905536,EXP_CatBoostModel_Alpha158_csi300_custom_step0_s_20260519_18,0035978bbdc44a738dd0774360e2af7b,0.043,,,
3396,2026-05-19,SH600019,0.001523233053896535,EXP_CatBoostModel_Alpha158_csi300_custom_step0_s_20260519_18,0035978bbdc44a738dd0774360e2af7b,0.043,,,
3397,2026-05-19,SH600018,0.0022776394808905536,EXP_CatBoostModel_Alpha158_csi300_custom_step0_s_20260519_18,0035978bbdc44a738dd0774360e2af7b,0.043,,,
3398,2026-05-19,SH600016,0.001523233053896535,EXP_CatBoostModel_Alpha158_csi300_custom_step0_s_20260519_18,0035978bbdc44a738dd0774360e2af7b,0.043,,,
3399,2026-05-19,SH600015,0.0003841655595070889,EXP_CatBoostModel_Alpha158_csi300_custom_step0_s_20260519_18,0035978bbdc44a738dd0774360e2af7b,0.043,,,
3400,2026-05-19,SH600011,-0.00103072757771097,EXP_CatBoostModel_Alpha158_csi300_custom_step0_s_20260519_18,0035978bbdc44a738dd0774360e2af7b,0.043,,,
3401,2026-05-19,SH600010,-0.00103072757771097,EXP_CatBoostModel_Alpha158_csi300_custom_step0_s_20260519_18,0035978bbdc44a738dd0774360e2af7b,0.043,,,
3402,2026-05-19,SH600009,0.001523233053896535,EXP_CatBoostModel_Alpha158_csi300_custom_step0_s_20260519_18,0035978bbdc44a738dd0774360e2af7b,0.043,,,
3403,2026-05-19,SH600023,0.0003841655595070889,EXP_CatBoostModel_Alpha158_csi300_custom_step0_s_20260519_18,0035978bbdc44a738dd0774360e2af7b,0.043,,,
3404,2026-05-19,SH600346,-0.00015935669501669126,EXP_CatBoostModel_Alpha158_csi300_custom_step0_s_20260519_18,0035978bbdc44a738dd0774360e2af7b,0.043,,,
3405,2026-05-19,SH600048,-0.00103072757771097,EXP_CatBoostModel_Alpha158_csi300_custom_step0_s_20260519_18,0035978bbdc44a738dd0774360e2af7b,0.043,,,
3406,2026-05-19,SH600061,-0.00103072757771097,EXP_CatBoostModel_Alpha158_csi300_custom_step0_s_20260519_18,0035978bbdc44a738dd0774360e2af7b,0.043,,,
3407,2026-05-19,SH600276,-0.00015935669501669126,EXP_CatBoostModel_Alpha158_csi300_custom_step0_s_20260519_18,0035978bbdc44a738dd0774360e2af7b,0.043,,,
3408,2026-05-19,SH600233,-0.00015935669501669126,EXP_CatBoostModel_Alpha158_csi300_custom_step0_s_20260519_18,0035978bbdc44a738dd0774360e2af7b,0.043,,,
3409,2026-05-19,SH600219,0.0003841655595070889,EXP_CatBoostModel_Alpha158_csi300_custom_step0_s_20260519_18,0035978bbdc44a738dd0774360e2af7b,0.043,,,
3410,2026-05-19,SH600196,-0.00103072757771097,EXP_CatBoostModel_Alpha158_csi300_custom_step0_s_20260519_18,0035978bbdc44a738dd0774360e2af7b,0.043,,,
3411,2026-05-19,SH600188,-0.00015935669501669126,EXP_CatBoostModel_Alpha158_csi300_custom_step0_s_20260519_18,0035978bbdc44a738dd0774360e2af7b,0.043,,,
3412,2026-05-19,SH600183,-0.00103072757771097,EXP_CatBoostModel_Alpha158_csi300_custom_step0_s_20260519_18,0035978bbdc44a738dd0774360e2af7b,0.043,,,
3413,2026-05-19,SH600176,-0.00103072757771097,EXP_CatBoostModel_Alpha158_csi300_custom_step0_s_20260519_18,0035978bbdc44a738dd0774360e2af7b,0.043,,,
3414,2026-05-19,SH600050,-0.00103072757771097,EXP_CatBoostModel_Alpha158_csi300_custom_step0_s_20260519_18,0035978bbdc44a738dd0774360e2af7b,0.043,,,
3415,2026-05-19,SH600161,-0.00015935669501669126,EXP_CatBoostModel_Alpha158_csi300_custom_step0_s_20260519_18,0035978bbdc44a738dd0774360e2af7b,0.043,,,
3416,2026-05-19,SH600150,-0.00015935669501669126,EXP_CatBoostModel_Alpha158_csi300_custom_step0_s_20260519_18,0035978bbdc44a738dd0774360e2af7b,0.043,,,
3417,2026-05-19,SH600115,-0.00103072757771097,EXP_CatBoostModel_Alpha158_csi300_custom_step0_s_20260519_18,0035978bbdc44a738dd0774360e2af7b,0.043,,,
3418,2026-05-19,SH600111,-0.00015935669501669126,EXP_CatBoostModel_Alpha158_csi300_custom_step0_s_20260519_18,0035978bbdc44a738dd0774360e2af7b,0.043,,,
3419,2026-05-19,SH600104,-0.00015935669501669126,EXP_CatBoostModel_Alpha158_csi300_custom_step0_s_20260519_18,0035978bbdc44a738dd0774360e2af7b,0.043,,,
3420,2026-05-19,SH600089,-0.004000843848259385,EXP_CatBoostModel_Alpha158_csi300_custom_step0_s_20260519_18,0035978bbdc44a738dd0774360e2af7b,0.043,,,
3421,2026-05-19,SH600085,0.001523233053896535,EXP_CatBoostModel_Alpha158_csi300_custom_step0_s_20260519_18,0035978bbdc44a738dd0774360e2af7b,0.043,,,
3422,2026-05-19,SH600066,-0.00103072757771097,EXP_CatBoostModel_Alpha158_csi300_custom_step0_s_20260519_18,0035978bbdc44a738dd0774360e2af7b,0.043,,,
3423,2026-05-19,SH600160,-0.00015935669501669126,EXP_CatBoostModel_Alpha158_csi300_custom_step0_s_20260519_18,0035978bbdc44a738dd0774360e2af7b,0.043,,,
3424,2026-05-19,SH600036,-0.002112159426550652,EXP_CatBoostModel_Alpha158_csi300_custom_step0_s_20260519_18,a8b5f94e2ca0420db6d93c029ae60976,0.059,,,
3425,2026-05-19,SH600938,-0.00103072757771097,EXP_CatBoostModel_Alpha158_csi300_custom_step0_s_20260519_18,0035978bbdc44a738dd0774360e2af7b,0.043,,,
3426,2026-05-19,SH600958,-0.004000843848259385,EXP_CatBoostModel_Alpha158_csi300_custom_step0_s_20260519_18,0035978bbdc44a738dd0774360e2af7b,0.043,,,
3427,2026-05-19,SH601818,0.001523233053896535,EXP_CatBoostModel_Alpha158_csi300_custom_step0_s_20260519_18,0035978bbdc44a738dd0774360e2af7b,0.043,,,
3428,2026-05-19,SH601816,0.002843719626262547,EXP_CatBoostModel_Alpha158_csi300_custom_step0_s_20260519_18,0035978bbdc44a738dd0774360e2af7b,0.043,,,
3429,2026-05-19,SH601808,-0.00103072757771097,EXP_CatBoostModel_Alpha158_csi300_custom_step0_s_20260519_18,0035978bbdc44a738dd0774360e2af7b,0.043,,,
3430,2026-05-19,SH601800,-0.00015935669501669126,EXP_CatBoostModel_Alpha158_csi300_custom_step0_s_20260519_18,0035978bbdc44a738dd0774360e2af7b,0.043,,,
3431,2026-05-19,SH601788,0.001523233053896535,EXP_CatBoostModel_Alpha158_csi300_custom_step0_s_20260519_18,0035978bbdc44a738dd0774360e2af7b,0.043,,,
3432,2026-05-19,SH601766,-0.00103072757771097,EXP_CatBoostModel_Alpha158_csi300_custom_step0_s_20260519_18,0035978bbdc44a738dd0774360e2af7b,0.043,,,
3433,2026-05-19,SH601728,0.0003841655595070889,EXP_CatBoostModel_Alpha158_csi300_custom_step0_s_20260519_18,0035978bbdc44a738dd0774360e2af7b,0.043,,,
3434,2026-05-19,SH601825,-0.00103072757771097,EXP_CatBoostModel_Alpha158_csi300_custom_step0_s_20260519_18,0035978bbdc44a738dd0774360e2af7b,0.043,,,
3435,2026-05-19,SH601698,-0.00015935669501669126,EXP_CatBoostModel_Alpha158_csi300_custom_step0_s_20260519_18,0035978bbdc44a738dd0774360e2af7b,0.043,,,
3436,2026-05-19,SH601688,-0.004000843848259385,EXP_CatBoostModel_Alpha158_csi300_custom_step0_s_20260519_18,0035978bbdc44a738dd0774360e2af7b,0.043,,,
3437,2026-05-19,SH601669,0.0005665969785977985,EXP_CatBoostModel_Alpha158_csi300_custom_step0_s_20260519_18,0035978bbdc44a738dd0774360e2af7b,0.043,,,
3438,2026-05-19,SH601668,0.002843719626262547,EXP_CatBoostModel_Alpha158_csi300_custom_step0_s_20260519_18,0035978bbdc44a738dd0774360e2af7b,0.043,,,
3439,2026-05-19,SH601658,0.001523233053896535,EXP_CatBoostModel_Alpha158_csi300_custom_step0_s_20260519_18,0035978bbdc44a738dd0774360e2af7b,0.043,,,
3440,2026-05-19,SH601633,-0.00015935669501669126,EXP_CatBoostModel_Alpha158_csi300_custom_step0_s_20260519_18,0035978bbdc44a738dd0774360e2af7b,0.043,,,
3441,2026-05-19,SH601628,-0.00015935669501669126,EXP_CatBoostModel_Alpha158_csi300_custom_step0_s_20260519_18,0035978bbdc44a738dd0774360e2af7b,0.043,,,
3442,2026-05-19,SH601618,0.001523233053896535,EXP_CatBoostModel_Alpha158_csi300_custom_step0_s_20260519_18,0035978bbdc44a738dd0774360e2af7b,0.043,,,
3443,2026-05-19,SH601689,-0.00015935669501669126,EXP_CatBoostModel_Alpha158_csi300_custom_step0_s_20260519_18,0035978bbdc44a738dd0774360e2af7b,0.043,,,
3444,2026-05-19,SH601607,0.001523233053896535,EXP_CatBoostModel_Alpha158_csi300_custom_step0_s_20260519_18,0035978bbdc44a738dd0774360e2af7b,0.043,,,
3445,2026-05-19,SH601838,-0.00103072757771097,EXP_CatBoostModel_Alpha158_csi300_custom_step0_s_20260519_18,0035978bbdc44a738dd0774360e2af7b,0.043,,,
3446,2026-05-19,SH601868,-0.00103072757771097,EXP_CatBoostModel_Alpha158_csi300_custom_step0_s_20260519_18,0035978bbdc44a738dd0774360e2af7b,0.043,,,
3447,2026-05-19,SH603019,-0.00015935669501669126,EXP_CatBoostModel_Alpha158_csi300_custom_step0_s_20260519_18,0035978bbdc44a738dd0774360e2af7b,0.043,,,
3448,2026-05-19,SH601998,0.001523233053896535,EXP_CatBoostModel_Alpha158_csi300_custom_step0_s_20260519_18,0035978bbdc44a738dd0774360e2af7b,0.043,,,
3449,2026-05-19,SH601995,-0.004000843848259385,EXP_CatBoostModel_Alpha158_csi300_custom_step0_s_20260519_18,0035978bbdc44a738dd0774360e2af7b,0.043,,,
3450,2026-05-19,SH601988,0.0022776394808905536,EXP_CatBoostModel_Alpha158_csi300_custom_step0_s_20260519_18,0035978bbdc44a738dd0774360e2af7b,0.043,,,
3451,2026-05-19,SH601985,0.0022776394808905536,EXP_CatBoostModel_Alpha158_csi300_custom_step0_s_20260519_18,0035978bbdc44a738dd0774360e2af7b,0.043,,,
3452,2026-05-19,SH601939,0.0022776394808905536,EXP_CatBoostModel_Alpha158_csi300_custom_step0_s_20260519_18,0035978bbdc44a738dd0774360e2af7b,0.043,,,
3453,2026-05-19,SH601919,-0.00015935669501669126,EXP_CatBoostModel_Alpha158_csi300_custom_step0_s_20260519_18,0035978bbdc44a738dd0774360e2af7b,0.043,,,
3454,2026-05-19,SH601857,-0.00103072757771097,EXP_CatBoostModel_Alpha158_csi300_custom_step0_s_20260519_18,0035978bbdc44a738dd0774360e2af7b,0.043,,,
3455,2026-05-19,SH601916,0.00674001654315685,EXP_CatBoostModel_Alpha158_csi300_custom_step0_s_20260519_18,0035978bbdc44a738dd0774360e2af7b,0.043,,,
3456,2026-05-19,SH601899,-0.00015935669501669126,EXP_CatBoostModel_Alpha158_csi300_custom_step0_s_20260519_18,0035978bbdc44a738dd0774360e2af7b,0.043,,,
3457,2026-05-19,SH601898,-0.00103072757771097,EXP_CatBoostModel_Alpha158_csi300_custom_step0_s_20260519_18,0035978bbdc44a738dd0774360e2af7b,0.043,,,
3458,2026-05-19,SH601888,-0.00103072757771097,EXP_CatBoostModel_Alpha158_csi300_custom_step0_s_20260519_18,0035978bbdc44a738dd0774360e2af7b,0.043,,,
3459,2026-05-19,SH601881,0.0022776394808905536,EXP_CatBoostModel_Alpha158_csi300_custom_step0_s_20260519_18,0035978bbdc44a738dd0774360e2af7b,0.043,,,
3460,2026-05-19,SH601878,0.001523233053896535,EXP_CatBoostModel_Alpha158_csi300_custom_step0_s_20260519_18,0035978bbdc44a738dd0774360e2af7b,0.043,,,
3461,2026-05-19,SH601877,-0.00103072757771097,EXP_CatBoostModel_Alpha158_csi300_custom_step0_s_20260519_18,0035978bbdc44a738dd0774360e2af7b,0.043,,,
3462,2026-05-19,SH601872,-0.00103072757771097,EXP_CatBoostModel_Alpha158_csi300_custom_step0_s_20260519_18,0035978bbdc44a738dd0774360e2af7b,0.043,,,
3463,2026-05-19,SH601901,0.002843719626262547,EXP_CatBoostModel_Alpha158_csi300_custom_step0_s_20260519_18,0035978bbdc44a738dd0774360e2af7b,0.043,,,
3464,2026-05-19,SH600941,0.0022776394808905536,EXP_CatBoostModel_Alpha158_csi300_custom_step0_s_20260519_18,0035978bbdc44a738dd0774360e2af7b,0.043,,,
3465,2026-05-19,SH601601,-0.00015935669501669126,EXP_CatBoostModel_Alpha158_csi300_custom_step0_s_20260519_18,0035978bbdc44a738dd0774360e2af7b,0.043,,,
3466,2026-05-19,SH601456,0.001523233053896535,EXP_CatBoostModel_Alpha158_csi300_custom_step0_s_20260519_18,0035978bbdc44a738dd0774360e2af7b,0.043,,,
3467,2026-05-19,SH601127,-0.00015935669501669126,EXP_CatBoostModel_Alpha158_csi300_custom_step0_s_20260519_18,0035978bbdc44a738dd0774360e2af7b,0.043,,,
3468,2026-05-19,SH601117,-0.00103072757771097,EXP_CatBoostModel_Alpha158_csi300_custom_step0_s_20260519_18,0035978bbdc44a738dd0774360e2af7b,0.043,,,
3469,2026-05-19,SH601111,-0.00103072757771097,EXP_CatBoostModel_Alpha158_csi300_custom_step0_s_20260519_18,0035978bbdc44a738dd0774360e2af7b,0.043,,,
3470,2026-05-19,SH601100,-0.00015935669501669126,EXP_CatBoostModel_Alpha158_csi300_custom_step0_s_20260519_18,0035978bbdc44a738dd0774360e2af7b,0.043,,,
3471,2026-05-19,SH601088,-0.00103072757771097,EXP_CatBoostModel_Alpha158_csi300_custom_step0_s_20260519_18,0035978bbdc44a738dd0774360e2af7b,0.043,,,
3472,2026-05-19,SH601077,-0.00103072757771097,EXP_CatBoostModel_Alpha158_csi300_custom_step0_s_20260519_18,0035978bbdc44a738dd0774360e2af7b,0.043,,,
3473,2026-05-19,SH601066,0.0003841655595070889,EXP_CatBoostModel_Alpha158_csi300_custom_step0_s_20260519_18,0035978bbdc44a738dd0774360e2af7b,0.043,,,
3474,2026-05-19,SH601136,0.001523233053896535,EXP_CatBoostModel_Alpha158_csi300_custom_step0_s_20260519_18,0035978bbdc44a738dd0774360e2af7b,0.043,,,
3475,2026-05-19,SH601059,0.0022776394808905536,EXP_CatBoostModel_Alpha158_csi300_custom_step0_s_20260519_18,0035978bbdc44a738dd0774360e2af7b,0.043,,,
3476,2026-05-19,SH601021,-0.00103072757771097,EXP_CatBoostModel_Alpha158_csi300_custom_step0_s_20260519_18,0035978bbdc44a738dd0774360e2af7b,0.043,,,
3477,2026-05-19,SH601018,-0.00103072757771097,EXP_CatBoostModel_Alpha158_csi300_custom_step0_s_20260519_18,0035978bbdc44a738dd0774360e2af7b,0.043,,,
3478,2026-05-19,SH601012,-0.00103072757771097,EXP_CatBoostModel_Alpha158_csi300_custom_step0_s_20260519_18,0035978bbdc44a738dd0774360e2af7b,0.043,,,
3479,2026-05-19,SH601009,-0.00103072757771097,EXP_CatBoostModel_Alpha158_csi300_custom_step0_s_20260519_18,0035978bbdc44a738dd0774360e2af7b,0.043,,,
3480,2026-05-19,SH601006,0.0022776394808905536,EXP_CatBoostModel_Alpha158_csi300_custom_step0_s_20260519_18,0035978bbdc44a738dd0774360e2af7b,0.043,,,
3481,2026-05-19,SH600999,0.0022776394808905536,EXP_CatBoostModel_Alpha158_csi300_custom_step0_s_20260519_18,0035978bbdc44a738dd0774360e2af7b,0.043,,,
3482,2026-05-19,SH600989,-0.00015935669501669126,EXP_CatBoostModel_Alpha158_csi300_custom_step0_s_20260519_18,0035978bbdc44a738dd0774360e2af7b,0.043,,,
3483,2026-05-19,SH601058,0.0003841655595070889,EXP_CatBoostModel_Alpha158_csi300_custom_step0_s_20260519_18,0035978bbdc44a738dd0774360e2af7b,0.043,,,
3484,2026-05-19,SH601600,-0.00103072757771097,EXP_CatBoostModel_Alpha158_csi300_custom_step0_s_20260519_18,0035978bbdc44a738dd0774360e2af7b,0.043,,,
3485,2026-05-19,SH601138,-0.00015935669501669126,EXP_CatBoostModel_Alpha158_csi300_custom_step0_s_20260519_18,0035978bbdc44a738dd0774360e2af7b,0.043,,,
3486,2026-05-19,SH601169,0.00381602678080387,EXP_CatBoostModel_Alpha158_csi300_custom_step0_s_20260519_18,0035978bbdc44a738dd0774360e2af7b,0.043,,,
3487,2026-05-19,SH601398,0.001523233053896535,EXP_CatBoostModel_Alpha158_csi300_custom_step0_s_20260519_18,0035978bbdc44a738dd0774360e2af7b,0.043,,,
3488,2026-05-19,SH601390,-0.00103072757771097,EXP_CatBoostModel_Alpha158_csi300_custom_step0_s_20260519_18,0035978bbdc44a738dd0774360e2af7b,0.043,,,
3489,2026-05-19,SH601377,0.001523233053896535,EXP_CatBoostModel_Alpha158_csi300_custom_step0_s_20260519_18,0035978bbdc44a738dd0774360e2af7b,0.043,,,
3490,2026-05-19,SH601360,-0.004000843848259385,EXP_CatBoostModel_Alpha158_csi300_custom_step0_s_20260519_18,0035978bbdc44a738dd0774360e2af7b,0.043,,,
3491,2026-05-19,SH601336,-0.00015935669501669126,EXP_CatBoostModel_Alpha158_csi300_custom_step0_s_20260519_18,0035978bbdc44a738dd0774360e2af7b,0.043,,,
3492,2026-05-19,SH601328,0.001523233053896535,EXP_CatBoostModel_Alpha158_csi300_custom_step0_s_20260519_18,0035978bbdc44a738dd0774360e2af7b,0.043,,,
3493,2026-05-19,SH601319,-0.00103072757771097,EXP_CatBoostModel_Alpha158_csi300_custom_step0_s_20260519_18,0035978bbdc44a738dd0774360e2af7b,0.043,,,
3494,2026-05-19,SH601166,-0.00015935669501669126,EXP_CatBoostModel_Alpha158_csi300_custom_step0_s_20260519_18,0035978bbdc44a738dd0774360e2af7b,0.043,,,
3495,2026-05-19,SH601318,-0.00015935669501669126,EXP_CatBoostModel_Alpha158_csi300_custom_step0_s_20260519_18,0035978bbdc44a738dd0774360e2af7b,0.043,,,
3496,2026-05-19,SH601288,-0.00015935669501669126,EXP_CatBoostModel_Alpha158_csi300_custom_step0_s_20260519_18,0035978bbdc44a738dd0774360e2af7b,0.043,,,
3497,2026-05-19,SH601238,-0.00103072757771097,EXP_CatBoostModel_Alpha158_csi300_custom_step0_s_20260519_18,0035978bbdc44a738dd0774360e2af7b,0.043,,,
3498,2026-05-19,SH601236,-0.00103072757771097,EXP_CatBoostModel_Alpha158_csi300_custom_step0_s_20260519_18,0035978bbdc44a738dd0774360e2af7b,0.043,,,
3499,2026-05-19,SH601229,-0.00015935669501669126,EXP_CatBoostModel_Alpha158_csi300_custom_step0_s_20260519_18,0035978bbdc44a738dd0774360e2af7b,0.043,,,
3500,2026-05-19,SH601225,-0.00103072757771097,EXP_CatBoostModel_Alpha158_csi300_custom_step0_s_20260519_18,0035978bbdc44a738dd0774360e2af7b,0.043,,,
3501,2026-05-19,SH601211,-0.00015935669501669126,EXP_CatBoostModel_Alpha158_csi300_custom_step0_s_20260519_18,0035978bbdc44a738dd0774360e2af7b,0.043,,,
3502,2026-05-19,SH601186,0.001523233053896535,EXP_CatBoostModel_Alpha158_csi300_custom_step0_s_20260519_18,0035978bbdc44a738dd0774360e2af7b,0.043,,,
3503,2026-05-19,SH601298,0.0022776394808905536,EXP_CatBoostModel_Alpha158_csi300_custom_step0_s_20260519_18,0035978bbdc44a738dd0774360e2af7b,0.043,,,
3504,2026-05-19,SH600900,-2.6181950547923836e-10,EXP_LGBModel_Alpha158_csi300_custom_step0_s_20260519_18,f60df0eefcb742eca95f9049ff4f8a15,0.073,,,
3505,2026-05-19,SH600039,0.0013538020897574544,EXP_CatBoostModel_Alpha158_csi300_custom_step0_s_20260519_18,a8b5f94e2ca0420db6d93c029ae60976,0.059,,,
3506,2026-05-19,SH600050,-0.0034316016637071633,EXP_CatBoostModel_Alpha158_csi300_custom_step0_s_20260519_18,a8b5f94e2ca0420db6d93c029ae60976,0.059,,,
3507,2026-05-19,SZ002142,0.0009126435410995147,EXP_CatBoostModel_Alpha158_csi300_custom_step0_s_20260519_18,a8b5f94e2ca0420db6d93c029ae60976,0.059,,,
3508,2026-05-19,SZ002074,-0.002312547472720401,EXP_CatBoostModel_Alpha158_csi300_custom_step0_s_20260519_18,a8b5f94e2ca0420db6d93c029ae60976,0.059,,,
3509,2026-05-19,SZ002050,-0.0006445775075426261,EXP_CatBoostModel_Alpha158_csi300_custom_step0_s_20260519_18,a8b5f94e2ca0420db6d93c029ae60976,0.059,,,
3510,2026-05-19,SZ002049,-0.0006445775075426261,EXP_CatBoostModel_Alpha158_csi300_custom_step0_s_20260519_18,a8b5f94e2ca0420db6d93c029ae60976,0.059,,,
3511,2026-05-19,SZ002028,-0.0011721784610408473,EXP_CatBoostModel_Alpha158_csi300_custom_step0_s_20260519_18,a8b5f94e2ca0420db6d93c029ae60976,0.059,,,
3512,2026-05-19,SZ002027,-0.0018574482558247909,EXP_CatBoostModel_Alpha158_csi300_custom_step0_s_20260519_18,a8b5f94e2ca0420db6d93c029ae60976,0.059,,,
3513,2026-05-19,SZ002001,-0.002312547472720401,EXP_CatBoostModel_Alpha158_csi300_custom_step0_s_20260519_18,a8b5f94e2ca0420db6d93c029ae60976,0.059,,,
3514,2026-05-19,SZ001979,-0.004845379778449883,EXP_CatBoostModel_Alpha158_csi300_custom_step0_s_20260519_18,a8b5f94e2ca0420db6d93c029ae60976,0.059,,,
3515,2026-05-19,SZ001965,-0.0006445775075426261,EXP_CatBoostModel_Alpha158_csi300_custom_step0_s_20260519_18,a8b5f94e2ca0420db6d93c029ae60976,0.059,,,
3516,2026-05-19,SZ001391,0.003977948886716414,EXP_CatBoostModel_Alpha158_csi300_custom_step0_s_20260519_18,a8b5f94e2ca0420db6d93c029ae60976,0.059,,,
3517,2026-05-19,SZ000999,-0.0008409040858948832,EXP_CatBoostModel_Alpha158_csi300_custom_step0_s_20260519_18,a8b5f94e2ca0420db6d93c029ae60976,0.059,,,
3518,2026-05-19,SZ000983,-0.0029978172675043445,EXP_CatBoostModel_Alpha158_csi300_custom_step0_s_20260519_18,a8b5f94e2ca0420db6d93c029ae60976,0.059,,,
3519,2026-05-19,SZ000977,-0.0029978172675043445,EXP_CatBoostModel_Alpha158_csi300_custom_step0_s_20260519_18,a8b5f94e2ca0420db6d93c029ae60976,0.059,,,
3520,2026-05-19,SZ000975,-0.0011721784610408473,EXP_CatBoostModel_Alpha158_csi300_custom_step0_s_20260519_18,a8b5f94e2ca0420db6d93c029ae60976,0.059,,,
3521,2026-05-19,SZ000963,-0.0011721784610408473,EXP_CatBoostModel_Alpha158_csi300_custom_step0_s_20260519_18,a8b5f94e2ca0420db6d93c029ae60976,0.059,,,
3522,2026-05-19,SZ002179,-0.002312547472720401,EXP_CatBoostModel_Alpha158_csi300_custom_step0_s_20260519_18,a8b5f94e2ca0420db6d93c029ae60976,0.059,,,
3523,2026-05-19,SZ002230,0.0014121175080262396,EXP_CatBoostModel_Alpha158_csi300_custom_step0_s_20260519_18,a8b5f94e2ca0420db6d93c029ae60976,0.059,,,
3524,2026-05-19,SZ002236,0.001597913335883458,EXP_CatBoostModel_Alpha158_csi300_custom_step0_s_20260519_18,a8b5f94e2ca0420db6d93c029ae60976,0.059,,,
3525,2026-05-19,SZ002241,0.0013572581612627914,EXP_CatBoostModel_Alpha158_csi300_custom_step0_s_20260519_18,a8b5f94e2ca0420db6d93c029ae60976,0.059,,,
3526,2026-05-19,SZ002600,-0.002312547472720401,EXP_CatBoostModel_Alpha158_csi300_custom_step0_s_20260519_18,a8b5f94e2ca0420db6d93c029ae60976,0.059,,,
3527,2026-05-19,SZ002594,-0.002312547472720401,EXP_CatBoostModel_Alpha158_csi300_custom_step0_s_20260519_18,a8b5f94e2ca0420db6d93c029ae60976,0.059,,,
3528,2026-05-19,SZ002493,-0.004845379778449883,EXP_CatBoostModel_Alpha158_csi300_custom_step0_s_20260519_18,a8b5f94e2ca0420db6d93c029ae60976,0.059,,,
3529,2026-05-19,SZ002475,0.008306279073369099,EXP_CatBoostModel_Alpha158_csi300_custom_step0_s_20260519_18,a8b5f94e2ca0420db6d93c029ae60976,0.059,,,
3530,2026-05-19,SZ002466,0.007669402982019661,EXP_CatBoostModel_Alpha158_csi300_custom_step0_s_20260519_18,a8b5f94e2ca0420db6d93c029ae60976,0.059,,,
3531,2026-05-19,SZ002463,-0.0029978172675043445,EXP_CatBoostModel_Alpha158_csi300_custom_step0_s_20260519_18,a8b5f94e2ca0420db6d93c029ae60976,0.059,,,
3532,2026-05-19,SZ002460,-0.004845379778449883,EXP_CatBoostModel_Alpha158_csi300_custom_step0_s_20260519_18,a8b5f94e2ca0420db6d93c029ae60976,0.059,,,
3533,2026-05-19,SZ000938,-0.0011721784610408473,EXP_CatBoostModel_Alpha158_csi300_custom_step0_s_20260519_18,a8b5f94e2ca0420db6d93c029ae60976,0.059,,,
3534,2026-05-19,SZ002459,-0.003705010766770329,EXP_CatBoostModel_Alpha158_csi300_custom_step0_s_20260519_18,a8b5f94e2ca0420db6d93c029ae60976,0.059,,,
3535,2026-05-19,SZ002415,-0.0029978172675043445,EXP_CatBoostModel_Alpha158_csi300_custom_step0_s_20260519_18,a8b5f94e2ca0420db6d93c029ae60976,0.059,,,
3536,2026-05-19,SZ002384,0.029396733147148187,EXP_CatBoostModel_Alpha158_csi300_custom_step0_s_20260519_18,a8b5f94e2ca0420db6d93c029ae60976,0.059,,,
3537,2026-05-19,SZ002371,-0.0006445775075426261,EXP_CatBoostModel_Alpha158_csi300_custom_step0_s_20260519_18,a8b5f94e2ca0420db6d93c029ae60976,0.059,,,
3538,2026-05-19,SZ002352,-0.00358380281337617,EXP_CatBoostModel_Alpha158_csi300_custom_step0_s_20260519_18,a8b5f94e2ca0420db6d93c029ae60976,0.059,,,
3539,2026-05-19,SZ002311,-0.0029978172675043445,EXP_CatBoostModel_Alpha158_csi300_custom_step0_s_20260519_18,a8b5f94e2ca0420db6d93c029ae60976,0.059,,,
3540,2026-05-19,SZ002304,-0.0011721784610408473,EXP_CatBoostModel_Alpha158_csi300_custom_step0_s_20260519_18,a8b5f94e2ca0420db6d93c029ae60976,0.059,,,
3541,2026-05-19,SZ002252,-0.00358380281337617,EXP_CatBoostModel_Alpha158_csi300_custom_step0_s_20260519_18,a8b5f94e2ca0420db6d93c029ae60976,0.059,,,
3542,2026-05-19,SZ002422,-0.0018574482558247909,EXP_CatBoostModel_Alpha158_csi300_custom_step0_s_20260519_18,a8b5f94e2ca0420db6d93c029ae60976,0.059,,,
3543,2026-05-19,SZ000895,0.004182209304950545,EXP_CatBoostModel_Alpha158_csi300_custom_step0_s_20260519_18,a8b5f94e2ca0420db6d93c029ae60976,0.059,,,
3544,2026-05-19,SZ000876,0.000271748496346686,EXP_CatBoostModel_Alpha158_csi300_custom_step0_s_20260519_18,a8b5f94e2ca0420db6d93c029ae60976,0.059,,,
3545,2026-05-19,SZ000858,-0.0011721784610408473,EXP_CatBoostModel_Alpha158_csi300_custom_step0_s_20260519_18,a8b5f94e2ca0420db6d93c029ae60976,0.059,,,
3546,2026-05-19,SZ000166,-0.0024434338016966163,EXP_CatBoostModel_Alpha158_csi300_custom_step0_s_20260519_18,a8b5f94e2ca0420db6d93c029ae60976,0.059,,,
3547,2026-05-19,SZ000157,-0.002312547472720401,EXP_CatBoostModel_Alpha158_csi300_custom_step0_s_20260519_18,a8b5f94e2ca0420db6d93c029ae60976,0.059,,,
3548,2026-05-19,SZ000100,0.003941554130329879,EXP_CatBoostModel_Alpha158_csi300_custom_step0_s_20260519_18,a8b5f94e2ca0420db6d93c029ae60976,0.059,,,
3549,2026-05-19,SZ000063,-0.0018574482558247909,EXP_CatBoostModel_Alpha158_csi300_custom_step0_s_20260519_18,a8b5f94e2ca0420db6d93c029ae60976,0.059,,,
3550,2026-05-19,SZ000002,-0.004845379778449883,EXP_CatBoostModel_Alpha158_csi300_custom_step0_s_20260519_18,a8b5f94e2ca0420db6d93c029ae60976,0.059,,,
3551,2026-05-19,SZ000001,-0.00358380281337617,EXP_CatBoostModel_Alpha158_csi300_custom_step0_s_20260519_18,a8b5f94e2ca0420db6d93c029ae60976,0.059,,,
3552,2026-05-19,SH688981,-0.0011721784610408473,EXP_CatBoostModel_Alpha158_csi300_custom_step0_s_20260519_18,a8b5f94e2ca0420db6d93c029ae60976,0.059,,,
3553,2026-05-19,SZ000301,-0.0029978172675043445,EXP_CatBoostModel_Alpha158_csi300_custom_step0_s_20260519_18,a8b5f94e2ca0420db6d93c029ae60976,0.059,,,
3554,2026-05-19,SH688506,-0.002312547472720401,EXP_CatBoostModel_Alpha158_csi300_custom_step0_s_20260519_18,a8b5f94e2ca0420db6d93c029ae60976,0.059,,,
3555,2026-05-19,SH688396,-0.00016679834923722644,EXP_CatBoostModel_Alpha158_csi300_custom_step0_s_20260519_18,a8b5f94e2ca0420db6d93c029ae60976,0.059,,,
3556,2026-05-19,SH688303,-0.0029978172675043445,EXP_CatBoostModel_Alpha158_csi300_custom_step0_s_20260519_18,a8b5f94e2ca0420db6d93c029ae60976,0.059,,,
3557,2026-05-19,SH688271,0.000271748496346686,EXP_CatBoostModel_Alpha158_csi300_custom_step0_s_20260519_18,a8b5f94e2ca0420db6d93c029ae60976,0.059,,,
3558,2026-05-19,SH688256,-0.019318889515648946,EXP_CatBoostModel_Alpha158_csi300_custom_step0_s_20260519_18,a8b5f94e2ca0420db6d93c029ae60976,0.059,,,
3559,2026-05-19,SH688223,-0.004845379778449883,EXP_CatBoostModel_Alpha158_csi300_custom_step0_s_20260519_18,a8b5f94e2ca0420db6d93c029ae60976,0.059,,,
3560,2026-05-19,SH688187,-0.0034316016637071633,EXP_CatBoostModel_Alpha158_csi300_custom_step0_s_20260519_18,a8b5f94e2ca0420db6d93c029ae60976,0.059,,,
3561,2026-05-19,SH688169,0.00011510973681711596,EXP_CatBoostModel_Alpha158_csi300_custom_step0_s_20260519_18,a8b5f94e2ca0420db6d93c029ae60976,0.059,,,
3562,2026-05-19,SH688472,-0.002312547472720401,EXP_CatBoostModel_Alpha158_csi300_custom_step0_s_20260519_18,a8b5f94e2ca0420db6d93c029ae60976,0.059,,,
3563,2026-05-19,SZ002601,-0.0018574482558247909,EXP_CatBoostModel_Alpha158_csi300_custom_step0_s_20260519_18,a8b5f94e2ca0420db6d93c029ae60976,0.059,,,
3564,2026-05-19,SZ000333,0.003977948886716414,EXP_CatBoostModel_Alpha158_csi300_custom_step0_s_20260519_18,a8b5f94e2ca0420db6d93c029ae60976,0.059,,,
3565,2026-05-19,SZ000408,-0.003705010766770329,EXP_CatBoostModel_Alpha158_csi300_custom_step0_s_20260519_18,a8b5f94e2ca0420db6d93c029ae60976,0.059,,,
3566,2026-05-19,SZ000807,-0.0011721784610408473,EXP_CatBoostModel_Alpha158_csi300_custom_step0_s_20260519_18,a8b5f94e2ca0420db6d93c029ae60976,0.059,,,
3567,2026-05-19,SZ000792,-0.004845379778449883,EXP_CatBoostModel_Alpha158_csi300_custom_step0_s_20260519_18,a8b5f94e2ca0420db6d93c029ae60976,0.059,,,
3568,2026-05-19,SZ000786,-0.00358380281337617,EXP_CatBoostModel_Alpha158_csi300_custom_step0_s_20260519_18,a8b5f94e2ca0420db6d93c029ae60976,0.059,,,
3569,2026-05-19,SZ000776,-0.004845379778449883,EXP_CatBoostModel_Alpha158_csi300_custom_step0_s_20260519_18,a8b5f94e2ca0420db6d93c029ae60976,0.059,,,
3570,2026-05-19,SZ000768,-0.004845379778449883,EXP_CatBoostModel_Alpha158_csi300_custom_step0_s_20260519_18,a8b5f94e2ca0420db6d93c029ae60976,0.059,,,
3571,2026-05-19,SZ000725,0.0034940834204693055,EXP_CatBoostModel_Alpha158_csi300_custom_step0_s_20260519_18,a8b5f94e2ca0420db6d93c029ae60976,0.059,,,
3572,2026-05-19,SZ000708,-0.002312547472720401,EXP_CatBoostModel_Alpha158_csi300_custom_step0_s_20260519_18,a8b5f94e2ca0420db6d93c029ae60976,0.059,,,
3573,2026-05-19,SZ000338,0.004536276936177334,EXP_CatBoostModel_Alpha158_csi300_custom_step0_s_20260519_18,a8b5f94e2ca0420db6d93c029ae60976,0.059,,,
3574,2026-05-19,SZ000661,-0.00358380281337617,EXP_CatBoostModel_Alpha158_csi300_custom_step0_s_20260519_18,a8b5f94e2ca0420db6d93c029ae60976,0.059,,,
3575,2026-05-19,SZ000630,-0.004845379778449883,EXP_CatBoostModel_Alpha158_csi300_custom_step0_s_20260519_18,a8b5f94e2ca0420db6d93c029ae60976,0.059,,,
3576,2026-05-19,SZ000625,-0.0011721784610408473,EXP_CatBoostModel_Alpha158_csi300_custom_step0_s_20260519_18,a8b5f94e2ca0420db6d93c029ae60976,0.059,,,
3577,2026-05-19,SZ000617,-0.0011721784610408473,EXP_CatBoostModel_Alpha158_csi300_custom_step0_s_20260519_18,a8b5f94e2ca0420db6d93c029ae60976,0.059,,,
3578,2026-05-19,SZ000596,-0.0011721784610408473,EXP_CatBoostModel_Alpha158_csi300_custom_step0_s_20260519_18,a8b5f94e2ca0420db6d93c029ae60976,0.059,,,
3579,2026-05-19,SZ000568,-0.0011721784610408473,EXP_CatBoostModel_Alpha158_csi300_custom_step0_s_20260519_18,a8b5f94e2ca0420db6d93c029ae60976,0.059,,,
3580,2026-05-19,SZ000538,-0.002112159426550652,EXP_CatBoostModel_Alpha158_csi300_custom_step0_s_20260519_18,a8b5f94e2ca0420db6d93c029ae60976,0.059,,,
3581,2026-05-19,SZ000425,-0.003705010766770329,EXP_CatBoostModel_Alpha158_csi300_custom_step0_s_20260519_18,a8b5f94e2ca0420db6d93c029ae60976,0.059,,,
3582,2026-05-19,SZ000651,0.0013572581612627914,EXP_CatBoostModel_Alpha158_csi300_custom_step0_s_20260519_18,a8b5f94e2ca0420db6d93c029ae60976,0.059,,,
3583,2026-05-19,SZ002625,-0.0029978172675043445,EXP_CatBoostModel_Alpha158_csi300_custom_step0_s_20260519_18,a8b5f94e2ca0420db6d93c029ae60976,0.059,,,
3584,2026-05-19,SZ002648,5.892524988375869e-06,EXP_CatBoostModel_Alpha158_csi300_custom_step0_s_20260519_18,a8b5f94e2ca0420db6d93c029ae60976,0.059,,,
3585,2026-05-19,SZ002709,0.007669402982019661,EXP_CatBoostModel_Alpha158_csi300_custom_step0_s_20260519_18,a8b5f94e2ca0420db6d93c029ae60976,0.059,,,
3586,2026-05-19,SH600030,-0.0018312168314194622,EXP_CatBoostModel_Alpha158_csi300_custom_step0_s_20260519_18,b642ace3dfe54aa9940c51465a4d8ad8,0.028,,,
3587,2026-05-19,SH600029,-0.0018312168314194622,EXP_CatBoostModel_Alpha158_csi300_custom_step0_s_20260519_18,b642ace3dfe54aa9940c51465a4d8ad8,0.028,,,
3588,2026-05-19,SH600028,0.0002695080739567845,EXP_CatBoostModel_Alpha158_csi300_custom_step0_s_20260519_18,b642ace3dfe54aa9940c51465a4d8ad8,0.028,,,
3589,2026-05-19,SH600027,-0.0013977384104782234,EXP_CatBoostModel_Alpha158_csi300_custom_step0_s_20260519_18,b642ace3dfe54aa9940c51465a4d8ad8,0.028,,,
3590,2026-05-19,SH600026,-0.0018312168314194622,EXP_CatBoostModel_Alpha158_csi300_custom_step0_s_20260519_18,b642ace3dfe54aa9940c51465a4d8ad8,0.028,,,
3591,2026-05-19,SH600025,-0.0040344553337330336,EXP_CatBoostModel_Alpha158_csi300_custom_step0_s_20260519_18,b642ace3dfe54aa9940c51465a4d8ad8,0.028,,,
3592,2026-05-19,SH600023,0.006364096713556342,EXP_CatBoostModel_Alpha158_csi300_custom_step0_s_20260519_18,b642ace3dfe54aa9940c51465a4d8ad8,0.028,,,
3593,2026-05-19,SH600031,-0.0018312168314194622,EXP_CatBoostModel_Alpha158_csi300_custom_step0_s_20260519_18,b642ace3dfe54aa9940c51465a4d8ad8,0.028,,,
3594,2026-05-19,SH600019,-0.0018312168314194622,EXP_CatBoostModel_Alpha158_csi300_custom_step0_s_20260519_18,b642ace3dfe54aa9940c51465a4d8ad8,0.028,,,
3595,2026-05-19,SH600016,0.0011176056885541395,EXP_CatBoostModel_Alpha158_csi300_custom_step0_s_20260519_18,b642ace3dfe54aa9940c51465a4d8ad8,0.028,,,
3596,2026-05-19,SH600015,0.0026687985731909617,EXP_CatBoostModel_Alpha158_csi300_custom_step0_s_20260519_18,b642ace3dfe54aa9940c51465a4d8ad8,0.028,,,
3597,2026-05-19,SH600011,-0.0024882954865528004,EXP_CatBoostModel_Alpha158_csi300_custom_step0_s_20260519_18,b642ace3dfe54aa9940c51465a4d8ad8,0.028,,,
3598,2026-05-19,SH600010,-0.0018312168314194622,EXP_CatBoostModel_Alpha158_csi300_custom_step0_s_20260519_18,b642ace3dfe54aa9940c51465a4d8ad8,0.028,,,
3599,2026-05-19,SH600009,-0.0018312168314194622,EXP_CatBoostModel_Alpha158_csi300_custom_step0_s_20260519_18,b642ace3dfe54aa9940c51465a4d8ad8,0.028,,,
3600,2026-05-19,SH600000,0.0011176056885541395,EXP_CatBoostModel_Alpha158_csi300_custom_step0_s_20260519_18,b642ace3dfe54aa9940c51465a4d8ad8,0.028,,,
3601,2026-05-19,SZ302132,-0.004845379778449883,EXP_CatBoostModel_Alpha158_csi300_custom_step0_s_20260519_18,a8b5f94e2ca0420db6d93c029ae60976,0.059,,,
3602,2026-05-19,SH600018,0.002383787577490321,EXP_CatBoostModel_Alpha158_csi300_custom_step0_s_20260519_18,b642ace3dfe54aa9940c51465a4d8ad8,0.028,,,
3603,2026-05-19,SZ301269,-0.0011721784610408473,EXP_CatBoostModel_Alpha158_csi300_custom_step0_s_20260519_18,a8b5f94e2ca0420db6d93c029ae60976,0.059,,,
3604,2026-05-19,SH600036,0.0011176056885541395,EXP_CatBoostModel_Alpha158_csi300_custom_step0_s_20260519_18,b642ace3dfe54aa9940c51465a4d8ad8,0.028,,,
3605,2026-05-19,SH600048,-0.0018312168314194622,EXP_CatBoostModel_Alpha158_csi300_custom_step0_s_20260519_18,b642ace3dfe54aa9940c51465a4d8ad8,0.028,,,
3606,2026-05-19,SH600219,-0.0018312168314194622,EXP_CatBoostModel_Alpha158_csi300_custom_step0_s_20260519_18,b642ace3dfe54aa9940c51465a4d8ad8,0.028,,,
3607,2026-05-19,SH600196,-0.0018312168314194622,EXP_CatBoostModel_Alpha158_csi300_custom_step0_s_20260519_18,b642ace3dfe54aa9940c51465a4d8ad8,0.028,,,
3608,2026-05-19,SH600188,-0.0018312168314194622,EXP_CatBoostModel_Alpha158_csi300_custom_step0_s_20260519_18,b642ace3dfe54aa9940c51465a4d8ad8,0.028,,,
3609,2026-05-19,SH600183,0.008105533638736716,EXP_CatBoostModel_Alpha158_csi300_custom_step0_s_20260519_18,b642ace3dfe54aa9940c51465a4d8ad8,0.028,,,
3610,2026-05-19,SH600176,0.0007477091192699457,EXP_CatBoostModel_Alpha158_csi300_custom_step0_s_20260519_18,b642ace3dfe54aa9940c51465a4d8ad8,0.028,,,
3611,2026-05-19,SH600161,-0.0018312168314194622,EXP_CatBoostModel_Alpha158_csi300_custom_step0_s_20260519_18,b642ace3dfe54aa9940c51465a4d8ad8,0.028,,,
3612,2026-05-19,SH600160,-0.0024882954865528004,EXP_CatBoostModel_Alpha158_csi300_custom_step0_s_20260519_18,b642ace3dfe54aa9940c51465a4d8ad8,0.028,,,
3613,2026-05-19,SH600039,0.0011176056885541395,EXP_CatBoostModel_Alpha158_csi300_custom_step0_s_20260519_18,b642ace3dfe54aa9940c51465a4d8ad8,0.028,,,
3614,2026-05-19,SH600150,0.0007477091192699457,EXP_CatBoostModel_Alpha158_csi300_custom_step0_s_20260519_18,b642ace3dfe54aa9940c51465a4d8ad8,0.028,,,
3615,2026-05-19,SH600111,-0.0018312168314194622,EXP_CatBoostModel_Alpha158_csi300_custom_step0_s_20260519_18,b642ace3dfe54aa9940c51465a4d8ad8,0.028,,,
3616,2026-05-19,SH600104,-0.0018312168314194622,EXP_CatBoostModel_Alpha158_csi300_custom_step0_s_20260519_18,b642ace3dfe54aa9940c51465a4d8ad8,0.028,,,
3617,2026-05-19,SH600089,-0.0024882954865528004,EXP_CatBoostModel_Alpha158_csi300_custom_step0_s_20260519_18,b642ace3dfe54aa9940c51465a4d8ad8,0.028,,,
3618,2026-05-19,SH600085,-0.0018312168314194622,EXP_CatBoostModel_Alpha158_csi300_custom_step0_s_20260519_18,b642ace3dfe54aa9940c51465a4d8ad8,0.028,,,
3619,2026-05-19,SH600066,-0.0018312168314194622,EXP_CatBoostModel_Alpha158_csi300_custom_step0_s_20260519_18,b642ace3dfe54aa9940c51465a4d8ad8,0.028,,,
3620,2026-05-19,SH600061,-0.0018312168314194622,EXP_CatBoostModel_Alpha158_csi300_custom_step0_s_20260519_18,b642ace3dfe54aa9940c51465a4d8ad8,0.028,,,
3621,2026-05-19,SH600050,-0.0013977384104782234,EXP_CatBoostModel_Alpha158_csi300_custom_step0_s_20260519_18,b642ace3dfe54aa9940c51465a4d8ad8,0.028,,,
3622,2026-05-19,SH600115,-0.0018312168314194622,EXP_CatBoostModel_Alpha158_csi300_custom_step0_s_20260519_18,b642ace3dfe54aa9940c51465a4d8ad8,0.028,,,
3623,2026-05-19,SH688126,-0.007480133870332221,EXP_CatBoostModel_Alpha158_csi300_custom_step0_s_20260519_18,a8b5f94e2ca0420db6d93c029ae60976,0.059,,,
3624,2026-05-19,SZ301236,-0.0018574482558247909,EXP_CatBoostModel_Alpha158_csi300_custom_step0_s_20260519_18,a8b5f94e2ca0420db6d93c029ae60976,0.059,,,
3625,2026-05-19,SZ300979,0.0013538020897574544,EXP_CatBoostModel_Alpha158_csi300_custom_step0_s_20260519_18,a8b5f94e2ca0420db6d93c029ae60976,0.059,,,
3626,2026-05-19,SZ300316,-0.002312547472720401,EXP_CatBoostModel_Alpha158_csi300_custom_step0_s_20260519_18,a8b5f94e2ca0420db6d93c029ae60976,0.059,,,
3627,2026-05-19,SZ300308,-0.019318889515648946,EXP_CatBoostModel_Alpha158_csi300_custom_step0_s_20260519_18,a8b5f94e2ca0420db6d93c029ae60976,0.059,,,
3628,2026-05-19,SZ300274,-0.0006445775075426261,EXP_CatBoostModel_Alpha158_csi300_custom_step0_s_20260519_18,a8b5f94e2ca0420db6d93c029ae60976,0.059,,,
3629,2026-05-19,SZ300251,-0.0011721784610408473,EXP_CatBoostModel_Alpha158_csi300_custom_step0_s_20260519_18,a8b5f94e2ca0420db6d93c029ae60976,0.059,,,
3630,2026-05-19,SZ300124,-0.0011721784610408473,EXP_CatBoostModel_Alpha158_csi300_custom_step0_s_20260519_18,a8b5f94e2ca0420db6d93c029ae60976,0.059,,,
3631,2026-05-19,SZ300122,-0.0029978172675043445,EXP_CatBoostModel_Alpha158_csi300_custom_step0_s_20260519_18,a8b5f94e2ca0420db6d93c029ae60976,0.059,,,
3632,2026-05-19,SZ300059,-0.004845379778449883,EXP_CatBoostModel_Alpha158_csi300_custom_step0_s_20260519_18,a8b5f94e2ca0420db6d93c029ae60976,0.059,,,
3633,2026-05-19,SZ300347,-0.0011721784610408473,EXP_CatBoostModel_Alpha158_csi300_custom_step0_s_20260519_18,a8b5f94e2ca0420db6d93c029ae60976,0.059,,,
3634,2026-05-19,SZ300033,-0.004845379778449883,EXP_CatBoostModel_Alpha158_csi300_custom_step0_s_20260519_18,a8b5f94e2ca0420db6d93c029ae60976,0.059,,,
3635,2026-05-19,SZ300014,-0.0029978172675043445,EXP_CatBoostModel_Alpha158_csi300_custom_step0_s_20260519_18,a8b5f94e2ca0420db6d93c029ae60976,0.059,,,
3636,2026-05-19,SZ003816,0.0006911623197723192,EXP_CatBoostModel_Alpha158_csi300_custom_step0_s_20260519_18,a8b5f94e2ca0420db6d93c029ae60976,0.059,,,
3637,2026-05-19,SZ002938,-0.004175960998897668,EXP_CatBoostModel_Alpha158_csi300_custom_step0_s_20260519_18,a8b5f94e2ca0420db6d93c029ae60976,0.059,,,
3638,2026-05-19,SZ002920,0.0019958924228438294,EXP_CatBoostModel_Alpha158_csi300_custom_step0_s_20260519_18,a8b5f94e2ca0420db6d93c029ae60976,0.059,,,
3639,2026-05-19,SZ002916,0.008306279073369099,EXP_CatBoostModel_Alpha158_csi300_custom_step0_s_20260519_18,a8b5f94e2ca0420db6d93c029ae60976,0.059,,,
3640,2026-05-19,SZ002736,-0.002312547472720401,EXP_CatBoostModel_Alpha158_csi300_custom_step0_s_20260519_18,a8b5f94e2ca0420db6d93c029ae60976,0.059,,,
3641,2026-05-19,SZ002714,-0.0011721784610408473,EXP_CatBoostModel_Alpha158_csi300_custom_step0_s_20260519_18,a8b5f94e2ca0420db6d93c029ae60976,0.059,,,
3642,2026-05-19,SZ300015,-0.0022912326520276097,EXP_CatBoostModel_Alpha158_csi300_custom_step0_s_20260519_18,a8b5f94e2ca0420db6d93c029ae60976,0.059,,,
3643,2026-05-19,SZ300999,-0.0024434338016966163,EXP_CatBoostModel_Alpha158_csi300_custom_step0_s_20260519_18,a8b5f94e2ca0420db6d93c029ae60976,0.059,,,
3644,2026-05-19,SZ300394,-0.0029978172675043445,EXP_CatBoostModel_Alpha158_csi300_custom_step0_s_20260519_18,a8b5f94e2ca0420db6d93c029ae60976,0.059,,,
3645,2026-05-19,SZ300413,-0.002312547472720401,EXP_CatBoostModel_Alpha158_csi300_custom_step0_s_20260519_18,a8b5f94e2ca0420db6d93c029ae60976,0.059,,,
3646,2026-05-19,SZ300896,-0.004845379778449883,EXP_CatBoostModel_Alpha158_csi300_custom_step0_s_20260519_18,a8b5f94e2ca0420db6d93c029ae60976,0.059,,,
3647,2026-05-19,SZ300866,-0.0011721784610408473,EXP_CatBoostModel_Alpha158_csi300_custom_step0_s_20260519_18,a8b5f94e2ca0420db6d93c029ae60976,0.059,,,
3648,2026-05-19,SZ300832,-0.0006445775075426261,EXP_CatBoostModel_Alpha158_csi300_custom_step0_s_20260519_18,a8b5f94e2ca0420db6d93c029ae60976,0.059,,,
3649,2026-05-19,SZ300803,-0.0029978172675043445,EXP_CatBoostModel_Alpha158_csi300_custom_step0_s_20260519_18,a8b5f94e2ca0420db6d93c029ae60976,0.059,,,
3650,2026-05-19,SZ300782,-0.010694134036207817,EXP_CatBoostModel_Alpha158_csi300_custom_step0_s_20260519_18,a8b5f94e2ca0420db6d93c029ae60976,0.059,,,
3651,2026-05-19,SZ300760,-0.0029978172675043445,EXP_CatBoostModel_Alpha158_csi300_custom_step0_s_20260519_18,a8b5f94e2ca0420db6d93c029ae60976,0.059,,,
3652,2026-05-19,SZ300759,-0.002312547472720401,EXP_CatBoostModel_Alpha158_csi300_custom_step0_s_20260519_18,a8b5f94e2ca0420db6d93c029ae60976,0.059,,,
3653,2026-05-19,SZ300408,0.01965463692209853,EXP_CatBoostModel_Alpha158_csi300_custom_step0_s_20260519_18,a8b5f94e2ca0420db6d93c029ae60976,0.059,,,
3654,2026-05-19,SZ300750,-0.0029978172675043445,EXP_CatBoostModel_Alpha158_csi300_custom_step0_s_20260519_18,a8b5f94e2ca0420db6d93c029ae60976,0.059,,,
3655,2026-05-19,SZ300628,-0.002312547472720401,EXP_CatBoostModel_Alpha158_csi300_custom_step0_s_20260519_18,a8b5f94e2ca0420db6d93c029ae60976,0.059,,,
3656,2026-05-19,SZ300502,-0.0018574482558247909,EXP_CatBoostModel_Alpha158_csi300_custom_step0_s_20260519_18,a8b5f94e2ca0420db6d93c029ae60976,0.059,,,
3657,2026-05-19,SZ300498,-0.0011721784610408473,EXP_CatBoostModel_Alpha158_csi300_custom_step0_s_20260519_18,a8b5f94e2ca0420db6d93c029ae60976,0.059,,,
3658,2026-05-19,SZ300476,-0.003705010766770329,EXP_CatBoostModel_Alpha158_csi300_custom_step0_s_20260519_18,a8b5f94e2ca0420db6d93c029ae60976,0.059,,,
3659,2026-05-19,SZ300442,-0.0029978172675043445,EXP_CatBoostModel_Alpha158_csi300_custom_step0_s_20260519_18,a8b5f94e2ca0420db6d93c029ae60976,0.059,,,
3660,2026-05-19,SZ300433,-0.0036929522853630277,EXP_CatBoostModel_Alpha158_csi300_custom_step0_s_20260519_18,a8b5f94e2ca0420db6d93c029ae60976,0.059,,,
3661,2026-05-19,SZ300418,-0.0018574482558247909,EXP_CatBoostModel_Alpha158_csi300_custom_step0_s_20260519_18,a8b5f94e2ca0420db6d93c029ae60976,0.059,,,
3662,2026-05-19,SZ300661,-0.029138419935246077,EXP_CatBoostModel_Alpha158_csi300_custom_step0_s_20260519_18,a8b5f94e2ca0420db6d93c029ae60976,0.059,,,
3663,2026-05-19,SH688111,-0.0029978172675043445,EXP_CatBoostModel_Alpha158_csi300_custom_step0_s_20260519_18,a8b5f94e2ca0420db6d93c029ae60976,0.059,,,
3664,2026-05-19,SH688082,-0.0006445775075426261,EXP_CatBoostModel_Alpha158_csi300_custom_step0_s_20260519_18,a8b5f94e2ca0420db6d93c029ae60976,0.059,,,
3665,2026-05-19,SH688047,-0.0034316016637071633,EXP_CatBoostModel_Alpha158_csi300_custom_step0_s_20260519_18,a8b5f94e2ca0420db6d93c029ae60976,0.059,,,
3666,2026-05-19,SH600919,0.0034940834204693055,EXP_CatBoostModel_Alpha158_csi300_custom_step0_s_20260519_18,a8b5f94e2ca0420db6d93c029ae60976,0.059,,,
3667,2026-05-19,SH600918,0.0018359206828886289,EXP_CatBoostModel_Alpha158_csi300_custom_step0_s_20260519_18,a8b5f94e2ca0420db6d93c029ae60976,0.059,,,
3668,2026-05-19,SH600905,-0.006064118492695286,EXP_CatBoostModel_Alpha158_csi300_custom_step0_s_20260519_18,a8b5f94e2ca0420db6d93c029ae60976,0.059,,,
3669,2026-05-19,SH600900,0.002074431890035852,EXP_CatBoostModel_Alpha158_csi300_custom_step0_s_20260519_18,a8b5f94e2ca0420db6d93c029ae60976,0.059,,,
3670,2026-05-19,SH600893,-0.0029978172675043445,EXP_CatBoostModel_Alpha158_csi300_custom_step0_s_20260519_18,a8b5f94e2ca0420db6d93c029ae60976,0.059,,,
3671,2026-05-19,SH600887,0.0006819897590972924,EXP_CatBoostModel_Alpha158_csi300_custom_step0_s_20260519_18,a8b5f94e2ca0420db6d93c029ae60976,0.059,,,
3672,2026-05-19,SH600886,0.002074431890035852,EXP_CatBoostModel_Alpha158_csi300_custom_step0_s_20260519_18,a8b5f94e2ca0420db6d93c029ae60976,0.059,,,
3673,2026-05-19,SH600926,0.00032665799522768927,EXP_CatBoostModel_Alpha158_csi300_custom_step0_s_20260519_18,a8b5f94e2ca0420db6d93c029ae60976,0.059,,,
3674,2026-05-19,SH600875,0.0006911623197723192,EXP_CatBoostModel_Alpha158_csi300_custom_step0_s_20260519_18,a8b5f94e2ca0420db6d93c029ae60976,0.059,,,
3675,2026-05-19,SH600809,-0.0018574482558247909,EXP_CatBoostModel_Alpha158_csi300_custom_step0_s_20260519_18,a8b5f94e2ca0420db6d93c029ae60976,0.059,,,
3676,2026-05-19,SH600803,0.000671988366478848,EXP_CatBoostModel_Alpha158_csi300_custom_step0_s_20260519_18,a8b5f94e2ca0420db6d93c029ae60976,0.059,,,
3677,2026-05-19,SH600795,7.259622123043487e-05,EXP_CatBoostModel_Alpha158_csi300_custom_step0_s_20260519_18,a8b5f94e2ca0420db6d93c029ae60976,0.059,,,
3678,2026-05-19,SH600760,-0.0029978172675043445,EXP_CatBoostModel_Alpha158_csi300_custom_step0_s_20260519_18,a8b5f94e2ca0420db6d93c029ae60976,0.059,,,
3679,2026-05-19,SH600741,-0.002312547472720401,EXP_CatBoostModel_Alpha158_csi300_custom_step0_s_20260519_18,a8b5f94e2ca0420db6d93c029ae60976,0.059,,,
3680,2026-05-19,SH600690,0.0037347385950899726,EXP_CatBoostModel_Alpha158_csi300_custom_step0_s_20260519_18,a8b5f94e2ca0420db6d93c029ae60976,0.059,,,
3681,2026-05-19,SH600674,0.0034940834204693055,EXP_CatBoostModel_Alpha158_csi300_custom_step0_s_20260519_18,a8b5f94e2ca0420db6d93c029ae60976,0.059,,,
3682,2026-05-19,SH600845,0.0013572581612627914,EXP_CatBoostModel_Alpha158_csi300_custom_step0_s_20260519_18,a8b5f94e2ca0420db6d93c029ae60976,0.059,,,
3683,2026-05-19,SH600660,-0.00358380281337617,EXP_CatBoostModel_Alpha158_csi300_custom_step0_s_20260519_18,a8b5f94e2ca0420db6d93c029ae60976,0.059,,,
3684,2026-05-19,SH600930,-0.0029978172675043445,EXP_CatBoostModel_Alpha158_csi300_custom_step0_s_20260519_18,a8b5f94e2ca0420db6d93c029ae60976,0.059,,,
3685,2026-05-19,SH600941,0.002074431890035852,EXP_CatBoostModel_Alpha158_csi300_custom_step0_s_20260519_18,a8b5f94e2ca0420db6d93c029ae60976,0.059,,,
3686,2026-05-19,SH601117,-0.002312547472720401,EXP_CatBoostModel_Alpha158_csi300_custom_step0_s_20260519_18,a8b5f94e2ca0420db6d93c029ae60976,0.059,,,
3687,2026-05-19,SH601111,-0.0018574482558247909,EXP_CatBoostModel_Alpha158_csi300_custom_step0_s_20260519_18,a8b5f94e2ca0420db6d93c029ae60976,0.059,,,
3688,2026-05-19,SH601100,-0.002312547472720401,EXP_CatBoostModel_Alpha158_csi300_custom_step0_s_20260519_18,a8b5f94e2ca0420db6d93c029ae60976,0.059,,,
3689,2026-05-19,SH601088,0.0032754582888394066,EXP_CatBoostModel_Alpha158_csi300_custom_step0_s_20260519_18,a8b5f94e2ca0420db6d93c029ae60976,0.059,,,
3690,2026-05-19,SH601077,-0.0011721784610408473,EXP_CatBoostModel_Alpha158_csi300_custom_step0_s_20260519_18,a8b5f94e2ca0420db6d93c029ae60976,0.059,,,
3691,2026-05-19,SH601066,-0.0029978172675043445,EXP_CatBoostModel_Alpha158_csi300_custom_step0_s_20260519_18,a8b5f94e2ca0420db6d93c029ae60976,0.059,,,
3692,2026-05-19,SH601059,0.002074431890035852,EXP_CatBoostModel_Alpha158_csi300_custom_step0_s_20260519_18,a8b5f94e2ca0420db6d93c029ae60976,0.059,,,
3693,2026-05-19,SH600938,-0.0029978172675043445,EXP_CatBoostModel_Alpha158_csi300_custom_step0_s_20260519_18,a8b5f94e2ca0420db6d93c029ae60976,0.059,,,
3694,2026-05-19,SH601058,-0.0029978172675043445,EXP_CatBoostModel_Alpha158_csi300_custom_step0_s_20260519_18,a8b5f94e2ca0420db6d93c029ae60976,0.059,,,
3695,2026-05-19,SH601018,0.001597913335883458,EXP_CatBoostModel_Alpha158_csi300_custom_step0_s_20260519_18,a8b5f94e2ca0420db6d93c029ae60976,0.059,,,
3696,2026-05-19,SH601012,-0.0011721784610408473,EXP_CatBoostModel_Alpha158_csi300_custom_step0_s_20260519_18,a8b5f94e2ca0420db6d93c029ae60976,0.059,,,
3697,2026-05-19,SH601009,0.002236547597464496,EXP_CatBoostModel_Alpha158_csi300_custom_step0_s_20260519_18,a8b5f94e2ca0420db6d93c029ae60976,0.059,,,
3698,2026-05-19,SH601006,0.003977948886716414,EXP_CatBoostModel_Alpha158_csi300_custom_step0_s_20260519_18,a8b5f94e2ca0420db6d93c029ae60976,0.059,,,
3699,2026-05-19,SH600999,0.002074431890035852,EXP_CatBoostModel_Alpha158_csi300_custom_step0_s_20260519_18,a8b5f94e2ca0420db6d93c029ae60976,0.059,,,
3700,2026-05-19,SH600989,-0.0029978172675043445,EXP_CatBoostModel_Alpha158_csi300_custom_step0_s_20260519_18,a8b5f94e2ca0420db6d93c029ae60976,0.059,,,
3701,2026-05-19,SH600958,-0.0018574482558247909,EXP_CatBoostModel_Alpha158_csi300_custom_step0_s_20260519_18,a8b5f94e2ca0420db6d93c029ae60976,0.059,,,
3702,2026-05-19,SH601021,-0.0016739132111393633,EXP_CatBoostModel_Alpha158_csi300_custom_step0_s_20260519_18,a8b5f94e2ca0420db6d93c029ae60976,0.059,,,
3703,2026-05-19,SH601127,-0.0011721784610408473,EXP_CatBoostModel_Alpha158_csi300_custom_step0_s_20260519_18,a8b5f94e2ca0420db6d93c029ae60976,0.059,,,
3704,2026-05-19,SH600600,0.0018359206828886289,EXP_CatBoostModel_Alpha158_csi300_custom_step0_s_20260519_18,a8b5f94e2ca0420db6d93c029ae60976,0.059,,,
3705,2026-05-19,SH600585,-0.002312547472720401,EXP_CatBoostModel_Alpha158_csi300_custom_step0_s_20260519_18,a8b5f94e2ca0420db6d93c029ae60976,0.059,,,
3706,2026-05-19,SH600233,0.0006911623197723192,EXP_CatBoostModel_Alpha158_csi300_custom_step0_s_20260519_18,a8b5f94e2ca0420db6d93c029ae60976,0.059,,,
3707,2026-05-19,SH600219,-0.002312547472720401,EXP_CatBoostModel_Alpha158_csi300_custom_step0_s_20260519_18,a8b5f94e2ca0420db6d93c029ae60976,0.059,,,
3708,2026-05-19,SH600196,-0.002312547472720401,EXP_CatBoostModel_Alpha158_csi300_custom_step0_s_20260519_18,a8b5f94e2ca0420db6d93c029ae60976,0.059,,,
3709,2026-05-19,SH600188,-0.0029978172675043445,EXP_CatBoostModel_Alpha158_csi300_custom_step0_s_20260519_18,a8b5f94e2ca0420db6d93c029ae60976,0.059,,,
3710,2026-05-19,SH600183,-0.019318889515648946,EXP_CatBoostModel_Alpha158_csi300_custom_step0_s_20260519_18,a8b5f94e2ca0420db6d93c029ae60976,0.059,,,
3711,2026-05-19,SH600176,0.003417222745190572,EXP_CatBoostModel_Alpha158_csi300_custom_step0_s_20260519_18,a8b5f94e2ca0420db6d93c029ae60976,0.059,,,
3712,2026-05-19,SH600161,-0.002312547472720401,EXP_CatBoostModel_Alpha158_csi300_custom_step0_s_20260519_18,a8b5f94e2ca0420db6d93c029ae60976,0.059,,,
3713,2026-05-19,SH600276,-0.002312547472720401,EXP_CatBoostModel_Alpha158_csi300_custom_step0_s_20260519_18,a8b5f94e2ca0420db6d93c029ae60976,0.059,,,
3714,2026-05-19,SH600160,-0.0022912326520276097,EXP_CatBoostModel_Alpha158_csi300_custom_step0_s_20260519_18,a8b5f94e2ca0420db6d93c029ae60976,0.059,,,
3715,2026-05-19,SH600115,-0.003705010766770329,EXP_CatBoostModel_Alpha158_csi300_custom_step0_s_20260519_18,a8b5f94e2ca0420db6d93c029ae60976,0.059,,,
3716,2026-05-19,SH600111,-0.004845379778449883,EXP_CatBoostModel_Alpha158_csi300_custom_step0_s_20260519_18,a8b5f94e2ca0420db6d93c029ae60976,0.059,,,
3717,2026-05-19,SH600104,-0.0011721784610408473,EXP_CatBoostModel_Alpha158_csi300_custom_step0_s_20260519_18,a8b5f94e2ca0420db6d93c029ae60976,0.059,,,
3718,2026-05-19,SH600089,-0.004845379778449883,EXP_CatBoostModel_Alpha158_csi300_custom_step0_s_20260519_18,a8b5f94e2ca0420db6d93c029ae60976,0.059,,,
3719,2026-05-19,SH600085,-0.0024434338016966163,EXP_CatBoostModel_Alpha158_csi300_custom_step0_s_20260519_18,a8b5f94e2ca0420db6d93c029ae60976,0.059,,,
3720,2026-05-19,SH600066,-0.0011721784610408473,EXP_CatBoostModel_Alpha158_csi300_custom_step0_s_20260519_18,a8b5f94e2ca0420db6d93c029ae60976,0.059,,,
3721,2026-05-19,SH600061,-0.0029978172675043445,EXP_CatBoostModel_Alpha158_csi300_custom_step0_s_20260519_18,a8b5f94e2ca0420db6d93c029ae60976,0.059,,,
3722,2026-05-19,SH600150,-0.004845379778449883,EXP_CatBoostModel_Alpha158_csi300_custom_step0_s_20260519_18,a8b5f94e2ca0420db6d93c029ae60976,0.059,,,
3723,2026-05-19,SH600588,-0.0029978172675043445,EXP_CatBoostModel_Alpha158_csi300_custom_step0_s_20260519_18,a8b5f94e2ca0420db6d93c029ae60976,0.059,,,
3724,2026-05-19,SH600309,-0.002312547472720401,EXP_CatBoostModel_Alpha158_csi300_custom_step0_s_20260519_18,a8b5f94e2ca0420db6d93c029ae60976,0.059,,,
3725,2026-05-19,SH600362,-0.004845379778449883,EXP_CatBoostModel_Alpha158_csi300_custom_step0_s_20260519_18,a8b5f94e2ca0420db6d93c029ae60976,0.059,,,
3726,2026-05-19,SH600584,-0.00016679834923722644,EXP_CatBoostModel_Alpha158_csi300_custom_step0_s_20260519_18,a8b5f94e2ca0420db6d93c029ae60976,0.059,,,
3727,2026-05-19,SH600570,0.000271748496346686,EXP_CatBoostModel_Alpha158_csi300_custom_step0_s_20260519_18,a8b5f94e2ca0420db6d93c029ae60976,0.059,,,
3728,2026-05-19,SH600547,-0.002312547472720401,EXP_CatBoostModel_Alpha158_csi300_custom_step0_s_20260519_18,a8b5f94e2ca0420db6d93c029ae60976,0.059,,,
3729,2026-05-19,SH600522,-0.031764164443779414,EXP_CatBoostModel_Alpha158_csi300_custom_step0_s_20260519_18,a8b5f94e2ca0420db6d93c029ae60976,0.059,,,
3730,2026-05-19,SH600519,-0.0008409040858948832,EXP_CatBoostModel_Alpha158_csi300_custom_step0_s_20260519_18,a8b5f94e2ca0420db6d93c029ae60976,0.059,,,
3731,2026-05-19,SH600515,-0.002312547472720401,EXP_CatBoostModel_Alpha158_csi300_custom_step0_s_20260519_18,a8b5f94e2ca0420db6d93c029ae60976,0.059,,,
3732,2026-05-19,SH600489,-0.004845379778449883,EXP_CatBoostModel_Alpha158_csi300_custom_step0_s_20260519_18,a8b5f94e2ca0420db6d93c029ae60976,0.059,,,
3733,2026-05-19,SH600346,-0.002312547472720401,EXP_CatBoostModel_Alpha158_csi300_custom_step0_s_20260519_18,a8b5f94e2ca0420db6d93c029ae60976,0.059,,,
3734,2026-05-19,SH600482,-0.0029978172675043445,EXP_CatBoostModel_Alpha158_csi300_custom_step0_s_20260519_18,a8b5f94e2ca0420db6d93c029ae60976,0.059,,,
3735,2026-05-19,SH600438,-0.002312547472720401,EXP_CatBoostModel_Alpha158_csi300_custom_step0_s_20260519_18,a8b5f94e2ca0420db6d93c029ae60976,0.059,,,
3736,2026-05-19,SH600436,-0.0011721784610408473,EXP_CatBoostModel_Alpha158_csi300_custom_step0_s_20260519_18,a8b5f94e2ca0420db6d93c029ae60976,0.059,,,
3737,2026-05-19,SH600426,-0.0022912326520276097,EXP_CatBoostModel_Alpha158_csi300_custom_step0_s_20260519_18,a8b5f94e2ca0420db6d93c029ae60976,0.059,,,
3738,2026-05-19,SH600415,0.00011510973681711596,EXP_CatBoostModel_Alpha158_csi300_custom_step0_s_20260519_18,a8b5f94e2ca0420db6d93c029ae60976,0.059,,,
3739,2026-05-19,SH600406,0.0003081432527332214,EXP_CatBoostModel_Alpha158_csi300_custom_step0_s_20260519_18,a8b5f94e2ca0420db6d93c029ae60976,0.059,,,
3740,2026-05-19,SH600377,0.003977948886716414,EXP_CatBoostModel_Alpha158_csi300_custom_step0_s_20260519_18,a8b5f94e2ca0420db6d93c029ae60976,0.059,,,
3741,2026-05-19,SH600372,-0.003705010766770329,EXP_CatBoostModel_Alpha158_csi300_custom_step0_s_20260519_18,a8b5f94e2ca0420db6d93c029ae60976,0.059,,,
3742,2026-05-19,SH600460,0.0012341639278038781,EXP_CatBoostModel_Alpha158_csi300_custom_step0_s_20260519_18,a8b5f94e2ca0420db6d93c029ae60976,0.059,,,
3743,2026-05-19,SH600048,-0.004845379778449883,EXP_CatBoostModel_Alpha158_csi300_custom_step0_s_20260519_18,a8b5f94e2ca0420db6d93c029ae60976,0.059,,,
3744,2026-05-19,SH601136,-0.00358380281337617,EXP_CatBoostModel_Alpha158_csi300_custom_step0_s_20260519_18,a8b5f94e2ca0420db6d93c029ae60976,0.059,,,
3745,2026-05-19,SH601166,-0.002112159426550652,EXP_CatBoostModel_Alpha158_csi300_custom_step0_s_20260519_18,a8b5f94e2ca0420db6d93c029ae60976,0.059,,,
3746,2026-05-19,SH601998,0.000271748496346686,EXP_CatBoostModel_Alpha158_csi300_custom_step0_s_20260519_18,a8b5f94e2ca0420db6d93c029ae60976,0.059,,,
3747,2026-05-19,SH601995,0.0023787949918890883,EXP_CatBoostModel_Alpha158_csi300_custom_step0_s_20260519_18,a8b5f94e2ca0420db6d93c029ae60976,0.059,,,
3748,2026-05-19,SH601988,0.003977948886716414,EXP_CatBoostModel_Alpha158_csi300_custom_step0_s_20260519_18,a8b5f94e2ca0420db6d93c029ae60976,0.059,,,
3749,2026-05-19,SH601985,0.003977948886716414,EXP_CatBoostModel_Alpha158_csi300_custom_step0_s_20260519_18,a8b5f94e2ca0420db6d93c029ae60976,0.059,,,
3750,2026-05-19,SH601939,0.0033026804845509147,EXP_CatBoostModel_Alpha158_csi300_custom_step0_s_20260519_18,a8b5f94e2ca0420db6d93c029ae60976,0.059,,,
3751,2026-05-19,SH601919,0.0013572581612627914,EXP_CatBoostModel_Alpha158_csi300_custom_step0_s_20260519_18,a8b5f94e2ca0420db6d93c029ae60976,0.059,,,
3752,2026-05-19,SH601916,0.0033026804845509147,EXP_CatBoostModel_Alpha158_csi300_custom_step0_s_20260519_18,a8b5f94e2ca0420db6d93c029ae60976,0.059,,,
3753,2026-05-19,SH603019,-0.002312547472720401,EXP_CatBoostModel_Alpha158_csi300_custom_step0_s_20260519_18,a8b5f94e2ca0420db6d93c029ae60976,0.059,,,
3754,2026-05-19,SH601901,0.004182209304950545,EXP_CatBoostModel_Alpha158_csi300_custom_step0_s_20260519_18,a8b5f94e2ca0420db6d93c029ae60976,0.059,,,
3755,2026-05-19,SH601898,-0.0029978172675043445,EXP_CatBoostModel_Alpha158_csi300_custom_step0_s_20260519_18,a8b5f94e2ca0420db6d93c029ae60976,0.059,,,
3756,2026-05-19,SH601888,-0.0011721784610408473,EXP_CatBoostModel_Alpha158_csi300_custom_step0_s_20260519_18,a8b5f94e2ca0420db6d93c029ae60976,0.059,,,
3757,2026-05-19,SH601881,-0.00358380281337617,EXP_CatBoostModel_Alpha158_csi300_custom_step0_s_20260519_18,a8b5f94e2ca0420db6d93c029ae60976,0.059,,,
3758,2026-05-19,SH601878,0.0019313242820285157,EXP_CatBoostModel_Alpha158_csi300_custom_step0_s_20260519_18,a8b5f94e2ca0420db6d93c029ae60976,0.059,,,
3759,2026-05-19,SH601877,0.000271748496346686,EXP_CatBoostModel_Alpha158_csi300_custom_step0_s_20260519_18,a8b5f94e2ca0420db6d93c029ae60976,0.059,,,
3760,2026-05-19,SH601872,-0.0029978172675043445,EXP_CatBoostModel_Alpha158_csi300_custom_step0_s_20260519_18,a8b5f94e2ca0420db6d93c029ae60976,0.059,,,
3761,2026-05-19,SH601868,-0.0029978172675043445,EXP_CatBoostModel_Alpha158_csi300_custom_step0_s_20260519_18,a8b5f94e2ca0420db6d93c029ae60976,0.059,,,
3762,2026-05-19,SH601899,-0.004845379778449883,EXP_CatBoostModel_Alpha158_csi300_custom_step0_s_20260519_18,a8b5f94e2ca0420db6d93c029ae60976,0.059,,,
3763,2026-05-19,SH601857,5.892524988375869e-06,EXP_CatBoostModel_Alpha158_csi300_custom_step0_s_20260519_18,a8b5f94e2ca0420db6d93c029ae60976,0.059,,,
3764,2026-05-19,SH603195,-0.0013245551681647608,EXP_CatBoostModel_Alpha158_csi300_custom_step0_s_20260519_18,a8b5f94e2ca0420db6d93c029ae60976,0.059,,,
3765,2026-05-19,SH603260,-0.003705010766770329,EXP_CatBoostModel_Alpha158_csi300_custom_step0_s_20260519_18,a8b5f94e2ca0420db6d93c029ae60976,0.059,,,
3766,2026-05-19,SH688041,0.008306279073369099,EXP_CatBoostModel_Alpha158_csi300_custom_step0_s_20260519_18,a8b5f94e2ca0420db6d93c029ae60976,0.059,,,
3767,2026-05-19,SH688036,-0.0006445775075426261,EXP_CatBoostModel_Alpha158_csi300_custom_step0_s_20260519_18,a8b5f94e2ca0420db6d93c029ae60976,0.059,,,
3768,2026-05-19,SH688012,-0.00016679834923722644,EXP_CatBoostModel_Alpha158_csi300_custom_step0_s_20260519_18,a8b5f94e2ca0420db6d93c029ae60976,0.059,,,
3769,2026-05-19,SH688009,-0.00020550097717799857,EXP_CatBoostModel_Alpha158_csi300_custom_step0_s_20260519_18,a8b5f94e2ca0420db6d93c029ae60976,0.059,,,
3770,2026-05-19,SH688008,-0.004138995854761367,EXP_CatBoostModel_Alpha158_csi300_custom_step0_s_20260519_18,a8b5f94e2ca0420db6d93c029ae60976,0.059,,,
3771,2026-05-19,SH605499,-0.0011721784610408473,EXP_CatBoostModel_Alpha158_csi300_custom_step0_s_20260519_18,a8b5f94e2ca0420db6d93c029ae60976,0.059,,,
3772,2026-05-19,SH605117,-0.021042949409406823,EXP_CatBoostModel_Alpha158_csi300_custom_step0_s_20260519_18,a8b5f94e2ca0420db6d93c029ae60976,0.059,,,
3773,2026-05-19,SH603259,-0.004845379778449883,EXP_CatBoostModel_Alpha158_csi300_custom_step0_s_20260519_18,a8b5f94e2ca0420db6d93c029ae60976,0.059,,,
3774,2026-05-19,SH603993,-0.004845379778449883,EXP_CatBoostModel_Alpha158_csi300_custom_step0_s_20260519_18,a8b5f94e2ca0420db6d93c029ae60976,0.059,,,
3775,2026-05-19,SH603893,0.00011510973681711596,EXP_CatBoostModel_Alpha158_csi300_custom_step0_s_20260519_18,a8b5f94e2ca0420db6d93c029ae60976,0.059,,,
3776,2026-05-19,SH603799,-0.004845379778449883,EXP_CatBoostModel_Alpha158_csi300_custom_step0_s_20260519_18,a8b5f94e2ca0420db6d93c029ae60976,0.059,,,
3777,2026-05-19,SH603501,0.0013572581612627914,EXP_CatBoostModel_Alpha158_csi300_custom_step0_s_20260519_18,a8b5f94e2ca0420db6d93c029ae60976,0.059,,,
3778,2026-05-19,SH603392,-0.004845379778449883,EXP_CatBoostModel_Alpha158_csi300_custom_step0_s_20260519_18,a8b5f94e2ca0420db6d93c029ae60976,0.059,,,
3779,2026-05-19,SH603369,-0.002312547472720401,EXP_CatBoostModel_Alpha158_csi300_custom_step0_s_20260519_18,a8b5f94e2ca0420db6d93c029ae60976,0.059,,,
3780,2026-05-19,SH603296,-0.0011721784610408473,EXP_CatBoostModel_Alpha158_csi300_custom_step0_s_20260519_18,a8b5f94e2ca0420db6d93c029ae60976,0.059,,,
3781,2026-05-19,SH603288,-0.002312547472720401,EXP_CatBoostModel_Alpha158_csi300_custom_step0_s_20260519_18,a8b5f94e2ca0420db6d93c029ae60976,0.059,,,
3782,2026-05-19,SH603986,-0.019318889515648946,EXP_CatBoostModel_Alpha158_csi300_custom_step0_s_20260519_18,a8b5f94e2ca0420db6d93c029ae60976,0.059,,,
3783,2026-05-19,SH601138,-0.0029978172675043445,EXP_CatBoostModel_Alpha158_csi300_custom_step0_s_20260519_18,a8b5f94e2ca0420db6d93c029ae60976,0.059,,,
3784,2026-05-19,SH601838,-0.000890770771961942,EXP_CatBoostModel_Alpha158_csi300_custom_step0_s_20260519_18,a8b5f94e2ca0420db6d93c029ae60976,0.059,,,
3785,2026-05-19,SH601818,0.00272341141916392,EXP_CatBoostModel_Alpha158_csi300_custom_step0_s_20260519_18,a8b5f94e2ca0420db6d93c029ae60976,0.059,,,
3786,2026-05-19,SH601390,-0.0024434338016966163,EXP_CatBoostModel_Alpha158_csi300_custom_step0_s_20260519_18,a8b5f94e2ca0420db6d93c029ae60976,0.059,,,
3787,2026-05-19,SH601377,0.000271748496346686,EXP_CatBoostModel_Alpha158_csi300_custom_step0_s_20260519_18,a8b5f94e2ca0420db6d93c029ae60976,0.059,,,
3788,2026-05-19,SH601360,-0.0029978172675043445,EXP_CatBoostModel_Alpha158_csi300_custom_step0_s_20260519_18,a8b5f94e2ca0420db6d93c029ae60976,0.059,,,
3789,2026-05-19,SH601336,-0.004845379778449883,EXP_CatBoostModel_Alpha158_csi300_custom_step0_s_20260519_18,a8b5f94e2ca0420db6d93c029ae60976,0.059,,,
3790,2026-05-19,SH601328,0.0019958924228438294,EXP_CatBoostModel_Alpha158_csi300_custom_step0_s_20260519_18,a8b5f94e2ca0420db6d93c029ae60976,0.059,,,
3791,2026-05-19,SH601319,-0.0005335441994598095,EXP_CatBoostModel_Alpha158_csi300_custom_step0_s_20260519_18,a8b5f94e2ca0420db6d93c029ae60976,0.059,,,
3792,2026-05-19,SH601318,-0.003705010766770329,EXP_CatBoostModel_Alpha158_csi300_custom_step0_s_20260519_18,a8b5f94e2ca0420db6d93c029ae60976,0.059,,,
3793,2026-05-19,SH601398,0.003977948886716414,EXP_CatBoostModel_Alpha158_csi300_custom_step0_s_20260519_18,a8b5f94e2ca0420db6d93c029ae60976,0.059,,,
3794,2026-05-19,SH601298,0.0033026804845509147,EXP_CatBoostModel_Alpha158_csi300_custom_step0_s_20260519_18,a8b5f94e2ca0420db6d93c029ae60976,0.059,,,
3795,2026-05-19,SH601238,-0.0011721784610408473,EXP_CatBoostModel_Alpha158_csi300_custom_step0_s_20260519_18,a8b5f94e2ca0420db6d93c029ae60976,0.059,,,
3796,2026-05-19,SH601236,-0.00358380281337617,EXP_CatBoostModel_Alpha158_csi300_custom_step0_s_20260519_18,a8b5f94e2ca0420db6d93c029ae60976,0.059,,,
3797,2026-05-19,SH601229,0.0006819897590972924,EXP_CatBoostModel_Alpha158_csi300_custom_step0_s_20260519_18,a8b5f94e2ca0420db6d93c029ae60976,0.059,,,
3798,2026-05-19,SH601225,-0.0029978172675043445,EXP_CatBoostModel_Alpha158_csi300_custom_step0_s_20260519_18,a8b5f94e2ca0420db6d93c029ae60976,0.059,,,
3799,2026-05-19,SH601211,-0.002312547472720401,EXP_CatBoostModel_Alpha158_csi300_custom_step0_s_20260519_18,a8b5f94e2ca0420db6d93c029ae60976,0.059,,,
3800,2026-05-19,SH601186,-0.002112159426550652,EXP_CatBoostModel_Alpha158_csi300_custom_step0_s_20260519_18,a8b5f94e2ca0420db6d93c029ae60976,0.059,,,
3801,2026-05-19,SH601169,-0.002112159426550652,EXP_CatBoostModel_Alpha158_csi300_custom_step0_s_20260519_18,a8b5f94e2ca0420db6d93c029ae60976,0.059,,,
3802,2026-05-19,SH601288,0.0023787949918890883,EXP_CatBoostModel_Alpha158_csi300_custom_step0_s_20260519_18,a8b5f94e2ca0420db6d93c029ae60976,0.059,,,
3803,2026-05-19,SH601825,0.003977948886716414,EXP_CatBoostModel_Alpha158_csi300_custom_step0_s_20260519_18,a8b5f94e2ca0420db6d93c029ae60976,0.059,,,
3804,2026-05-19,SH601456,-0.0001757222135138868,EXP_CatBoostModel_Alpha158_csi300_custom_step0_s_20260519_18,a8b5f94e2ca0420db6d93c029ae60976,0.059,,,
3805,2026-05-19,SH601601,-0.002312547472720401,EXP_CatBoostModel_Alpha158_csi300_custom_step0_s_20260519_18,a8b5f94e2ca0420db6d93c029ae60976,0.059,,,
3806,2026-05-19,SH601816,0.003977948886716414,EXP_CatBoostModel_Alpha158_csi300_custom_step0_s_20260519_18,a8b5f94e2ca0420db6d93c029ae60976,0.059,,,
3807,2026-05-19,SH601808,-0.00020550097717799857,EXP_CatBoostModel_Alpha158_csi300_custom_step0_s_20260519_18,a8b5f94e2ca0420db6d93c029ae60976,0.059,,,
3808,2026-05-19,SH601800,-0.002312547472720401,EXP_CatBoostModel_Alpha158_csi300_custom_step0_s_20260519_18,a8b5f94e2ca0420db6d93c029ae60976,0.059,,,
3809,2026-05-19,SH601788,-0.00358380281337617,EXP_CatBoostModel_Alpha158_csi300_custom_step0_s_20260519_18,a8b5f94e2ca0420db6d93c029ae60976,0.059,,,
3810,2026-05-19,SH601766,0.003398679821329419,EXP_CatBoostModel_Alpha158_csi300_custom_step0_s_20260519_18,a8b5f94e2ca0420db6d93c029ae60976,0.059,,,
3811,2026-05-19,SH601728,-0.00017874824178541412,EXP_CatBoostModel_Alpha158_csi300_custom_step0_s_20260519_18,a8b5f94e2ca0420db6d93c029ae60976,0.059,,,
3812,2026-05-19,SH601698,-0.004845379778449883,EXP_CatBoostModel_Alpha158_csi300_custom_step0_s_20260519_18,a8b5f94e2ca0420db6d93c029ae60976,0.059,,,
3813,2026-05-19,SH601600,-0.0011721784610408473,EXP_CatBoostModel_Alpha158_csi300_custom_step0_s_20260519_18,a8b5f94e2ca0420db6d93c029ae60976,0.059,,,
3814,2026-05-19,SH601689,-0.0006445775075426261,EXP_CatBoostModel_Alpha158_csi300_custom_step0_s_20260519_18,a8b5f94e2ca0420db6d93c029ae60976,0.059,,,
3815,2026-05-19,SH601669,0.0003081432527332214,EXP_CatBoostModel_Alpha158_csi300_custom_step0_s_20260519_18,a8b5f94e2ca0420db6d93c029ae60976,0.059,,,
3816,2026-05-19,SH601668,0.003398679821329419,EXP_CatBoostModel_Alpha158_csi300_custom_step0_s_20260519_18,a8b5f94e2ca0420db6d93c029ae60976,0.059,,,
3817,2026-05-19,SH601658,0.00032665799522768927,EXP_CatBoostModel_Alpha158_csi300_custom_step0_s_20260519_18,a8b5f94e2ca0420db6d93c029ae60976,0.059,,,
3818,2026-05-19,SH601633,-0.0011721784610408473,EXP_CatBoostModel_Alpha158_csi300_custom_step0_s_20260519_18,a8b5f94e2ca0420db6d93c029ae60976,0.059,,,
3819,2026-05-19,SH601628,-0.004845379778449883,EXP_CatBoostModel_Alpha158_csi300_custom_step0_s_20260519_18,a8b5f94e2ca0420db6d93c029ae60976,0.059,,,
3820,2026-05-19,SH601618,0.0018359206828886289,EXP_CatBoostModel_Alpha158_csi300_custom_step0_s_20260519_18,a8b5f94e2ca0420db6d93c029ae60976,0.059,,,
3821,2026-05-19,SH601607,0.0036393349959500856,EXP_CatBoostModel_Alpha158_csi300_custom_step0_s_20260519_18,a8b5f94e2ca0420db6d93c029ae60976,0.059,,,
3822,2026-05-19,SH601688,-0.0029978172675043445,EXP_CatBoostModel_Alpha158_csi300_custom_step0_s_20260519_18,a8b5f94e2ca0420db6d93c029ae60976,0.059,,,
3823,2026-05-19,SH600905,0.002568324417190581,EXP_LGBModel_Alpha158_csi300_custom_step0_s_20260519_18,f60df0eefcb742eca95f9049ff4f8a15,0.073,,,
3824,2026-05-19,SH600918,-2.6181950547923836e-10,EXP_LGBModel_Alpha158_csi300_custom_step0_s_20260519_18,f60df0eefcb742eca95f9049ff4f8a15,0.073,,,
3825,2026-05-19,SH600919,0.002568324417190581,EXP_LGBModel_Alpha158_csi300_custom_step0_s_20260519_18,f60df0eefcb742eca95f9049ff4f8a15,0.073,,,
3826,2026-05-19,SH600160,-0.020951394451574002,EXP_DEnsembleModel_Alpha158_csi300_custom_step0_s_20260519_15,491014f444e34d238dba962805df9db4,0.051,,,
3827,2026-05-19,SH600150,0.041063123845643125,EXP_DEnsembleModel_Alpha158_csi300_custom_step0_s_20260519_15,491014f444e34d238dba962805df9db4,0.051,,,
3828,2026-05-19,SH600115,-0.06525290059457124,EXP_DEnsembleModel_Alpha158_csi300_custom_step0_s_20260519_15,491014f444e34d238dba962805df9db4,0.051,,,
3829,2026-05-19,SH600111,-0.0021601167364646806,EXP_DEnsembleModel_Alpha158_csi300_custom_step0_s_20260519_15,491014f444e34d238dba962805df9db4,0.051,,,
3830,2026-05-19,SH600104,0.006727463434576899,EXP_DEnsembleModel_Alpha158_csi300_custom_step0_s_20260519_15,491014f444e34d238dba962805df9db4,0.051,,,
3831,2026-05-19,SH600089,-0.09690884387273806,EXP_DEnsembleModel_Alpha158_csi300_custom_step0_s_20260519_15,491014f444e34d238dba962805df9db4,0.051,,,
3832,2026-05-19,SH600085,0.0015745848768028705,EXP_DEnsembleModel_Alpha158_csi300_custom_step0_s_20260519_15,491014f444e34d238dba962805df9db4,0.051,,,
3833,2026-05-19,SH600066,-0.026342841320010402,EXP_DEnsembleModel_Alpha158_csi300_custom_step0_s_20260519_15,491014f444e34d238dba962805df9db4,0.051,,,
3834,2026-05-19,SH600061,-0.11081768220838616,EXP_DEnsembleModel_Alpha158_csi300_custom_step0_s_20260519_15,491014f444e34d238dba962805df9db4,0.051,,,
3835,2026-05-19,SH600050,0.0705149836592248,EXP_DEnsembleModel_Alpha158_csi300_custom_step0_s_20260519_15,491014f444e34d238dba962805df9db4,0.051,,,
3836,2026-05-19,SH600048,-0.09345114475573657,EXP_DEnsembleModel_Alpha158_csi300_custom_step0_s_20260519_15,491014f444e34d238dba962805df9db4,0.051,,,
3837,2026-05-19,SH600039,-0.007137505495676701,EXP_DEnsembleModel_Alpha158_csi300_custom_step0_s_20260519_15,491014f444e34d238dba962805df9db4,0.051,,,
3838,2026-05-19,SH600036,0.016972261508487036,EXP_DEnsembleModel_Alpha158_csi300_custom_step0_s_20260519_15,491014f444e34d238dba962805df9db4,0.051,,,
3839,2026-05-19,SH600031,-0.06455487572166894,EXP_DEnsembleModel_Alpha158_csi300_custom_step0_s_20260519_15,491014f444e34d238dba962805df9db4,0.051,,,
3840,2026-05-19,SH600030,-0.07114217946963228,EXP_DEnsembleModel_Alpha158_csi300_custom_step0_s_20260519_15,491014f444e34d238dba962805df9db4,0.051,,,
3841,2026-05-19,SH600161,-0.034103324950913554,EXP_DEnsembleModel_Alpha158_csi300_custom_step0_s_20260519_15,491014f444e34d238dba962805df9db4,0.051,,,
3842,2026-05-19,SH600176,0.08332147661614953,EXP_DEnsembleModel_Alpha158_csi300_custom_step0_s_20260519_15,491014f444e34d238dba962805df9db4,0.051,,,
3843,2026-05-19,SH600183,-0.2568037863285632,EXP_DEnsembleModel_Alpha158_csi300_custom_step0_s_20260519_15,491014f444e34d238dba962805df9db4,0.051,,,
3844,2026-05-19,SH600188,-0.04575443287433881,EXP_DEnsembleModel_Alpha158_csi300_custom_step0_s_20260519_15,491014f444e34d238dba962805df9db4,0.051,,,
3845,2026-05-19,SH600482,-0.016512528726287803,EXP_DEnsembleModel_Alpha158_csi300_custom_step0_s_20260519_15,491014f444e34d238dba962805df9db4,0.051,,,
3846,2026-05-19,SH600460,-0.1252939165419469,EXP_DEnsembleModel_Alpha158_csi300_custom_step0_s_20260519_15,491014f444e34d238dba962805df9db4,0.051,,,
3847,2026-05-19,SH600438,-0.05970762006831976,EXP_DEnsembleModel_Alpha158_csi300_custom_step0_s_20260519_15,491014f444e34d238dba962805df9db4,0.051,,,
3848,2026-05-19,SH600436,-0.027952783497677984,EXP_DEnsembleModel_Alpha158_csi300_custom_step0_s_20260519_15,491014f444e34d238dba962805df9db4,0.051,,,
3849,2026-05-19,SH600426,-0.12588588225532527,EXP_DEnsembleModel_Alpha158_csi300_custom_step0_s_20260519_15,491014f444e34d238dba962805df9db4,0.051,,,
3850,2026-05-19,SH600415,-0.0724376970286131,EXP_DEnsembleModel_Alpha158_csi300_custom_step0_s_20260519_15,491014f444e34d238dba962805df9db4,0.051,,,
3851,2026-05-19,SH600406,0.019750741236941736,EXP_DEnsembleModel_Alpha158_csi300_custom_step0_s_20260519_15,491014f444e34d238dba962805df9db4,0.051,,,
3852,2026-05-19,SH600029,-0.07832060572761416,EXP_DEnsembleModel_Alpha158_csi300_custom_step0_s_20260519_15,491014f444e34d238dba962805df9db4,0.051,,,
3853,2026-05-19,SH600377,0.05944971778459639,EXP_DEnsembleModel_Alpha158_csi300_custom_step0_s_20260519_15,491014f444e34d238dba962805df9db4,0.051,,,
3854,2026-05-19,SH600362,-0.02864251960610102,EXP_DEnsembleModel_Alpha158_csi300_custom_step0_s_20260519_15,491014f444e34d238dba962805df9db4,0.051,,,
3855,2026-05-19,SH600346,-0.10612256988534938,EXP_DEnsembleModel_Alpha158_csi300_custom_step0_s_20260519_15,491014f444e34d238dba962805df9db4,0.051,,,
3856,2026-05-19,SH600309,0.036387378810898936,EXP_DEnsembleModel_Alpha158_csi300_custom_step0_s_20260519_15,491014f444e34d238dba962805df9db4,0.051,,,
3857,2026-05-19,SH600276,-0.038336843350619564,EXP_DEnsembleModel_Alpha158_csi300_custom_step0_s_20260519_15,491014f444e34d238dba962805df9db4,0.051,,,
3858,2026-05-19,SH600233,-0.03366271701977445,EXP_DEnsembleModel_Alpha158_csi300_custom_step0_s_20260519_15,491014f444e34d238dba962805df9db4,0.051,,,
3859,2026-05-19,SH600219,0.0216800140876211,EXP_DEnsembleModel_Alpha158_csi300_custom_step0_s_20260519_15,491014f444e34d238dba962805df9db4,0.051,,,
3860,2026-05-19,SH600196,-0.06502864391249462,EXP_DEnsembleModel_Alpha158_csi300_custom_step0_s_20260519_15,491014f444e34d238dba962805df9db4,0.051,,,
3861,2026-05-19,SH600372,0.025334281695508165,EXP_DEnsembleModel_Alpha158_csi300_custom_step0_s_20260519_15,491014f444e34d238dba962805df9db4,0.051,,,
3862,2026-05-19,SH600028,0.02451551473546808,EXP_DEnsembleModel_Alpha158_csi300_custom_step0_s_20260519_15,491014f444e34d238dba962805df9db4,0.051,,,
3863,2026-05-19,SH600027,0.04237903595307813,EXP_DEnsembleModel_Alpha158_csi300_custom_step0_s_20260519_15,491014f444e34d238dba962805df9db4,0.051,,,
3864,2026-05-19,SH600026,-0.07598631430939683,EXP_DEnsembleModel_Alpha158_csi300_custom_step0_s_20260519_15,491014f444e34d238dba962805df9db4,0.051,,,
3865,2026-05-19,SZ300760,0.00789377810455585,EXP_LGBModel_Alpha158_csi300_custom_step0_s_20260519_18,c3971fbd67184ec48cd63cedfd7ced5e,0.077,,,
3866,2026-05-19,SZ300759,-0.0007177640918859689,EXP_LGBModel_Alpha158_csi300_custom_step0_s_20260519_18,c3971fbd67184ec48cd63cedfd7ced5e,0.077,,,
3867,2026-05-19,SZ300750,0.0035219975303875063,EXP_LGBModel_Alpha158_csi300_custom_step0_s_20260519_18,c3971fbd67184ec48cd63cedfd7ced5e,0.077,,,
3868,2026-05-19,SZ300661,0.00671379928877665,EXP_LGBModel_Alpha158_csi300_custom_step0_s_20260519_18,c3971fbd67184ec48cd63cedfd7ced5e,0.077,,,
3869,2026-05-19,SZ300628,0.036347605783353,EXP_LGBModel_Alpha158_csi300_custom_step0_s_20260519_18,c3971fbd67184ec48cd63cedfd7ced5e,0.077,,,
3870,2026-05-19,SZ300502,0.08432867644355316,EXP_LGBModel_Alpha158_csi300_custom_step0_s_20260519_18,c3971fbd67184ec48cd63cedfd7ced5e,0.077,,,
3871,2026-05-19,SZ300498,0.018375178958578743,EXP_LGBModel_Alpha158_csi300_custom_step0_s_20260519_18,c3971fbd67184ec48cd63cedfd7ced5e,0.077,,,
3872,2026-05-19,SZ300782,-0.0002792370722203459,EXP_LGBModel_Alpha158_csi300_custom_step0_s_20260519_18,c3971fbd67184ec48cd63cedfd7ced5e,0.077,,,
3873,2026-05-19,SZ300476,0.08697459769505186,EXP_LGBModel_Alpha158_csi300_custom_step0_s_20260519_18,c3971fbd67184ec48cd63cedfd7ced5e,0.077,,,
3874,2026-05-19,SZ300433,-0.0150768053581364,EXP_LGBModel_Alpha158_csi300_custom_step0_s_20260519_18,c3971fbd67184ec48cd63cedfd7ced5e,0.077,,,
3875,2026-05-19,SZ300418,0.013962430156236869,EXP_LGBModel_Alpha158_csi300_custom_step0_s_20260519_18,c3971fbd67184ec48cd63cedfd7ced5e,0.077,,,
3876,2026-05-19,SZ300413,-0.04157476315113894,EXP_LGBModel_Alpha158_csi300_custom_step0_s_20260519_18,c3971fbd67184ec48cd63cedfd7ced5e,0.077,,,
3877,2026-05-19,SZ300408,0.05086124398061579,EXP_LGBModel_Alpha158_csi300_custom_step0_s_20260519_18,c3971fbd67184ec48cd63cedfd7ced5e,0.077,,,
3878,2026-05-19,SZ300394,0.009638593006753068,EXP_LGBModel_Alpha158_csi300_custom_step0_s_20260519_18,c3971fbd67184ec48cd63cedfd7ced5e,0.077,,,
3879,2026-05-19,SZ300347,0.019290665757771875,EXP_LGBModel_Alpha158_csi300_custom_step0_s_20260519_18,c3971fbd67184ec48cd63cedfd7ced5e,0.077,,,
3880,2026-05-19,SZ300316,0.0038170715879668445,EXP_LGBModel_Alpha158_csi300_custom_step0_s_20260519_18,c3971fbd67184ec48cd63cedfd7ced5e,0.077,,,
3881,2026-05-19,SZ300442,-0.012216646733632298,EXP_LGBModel_Alpha158_csi300_custom_step0_s_20260519_18,c3971fbd67184ec48cd63cedfd7ced5e,0.077,,,
3882,2026-05-19,SH600489,0.1127343938231146,EXP_DEnsembleModel_Alpha158_csi300_custom_step0_s_20260519_15,491014f444e34d238dba962805df9db4,0.051,,,
3883,2026-05-19,SZ300803,0.0045509826661653645,EXP_LGBModel_Alpha158_csi300_custom_step0_s_20260519_18,c3971fbd67184ec48cd63cedfd7ced5e,0.077,,,
3884,2026-05-19,SZ300866,0.117589701305709,EXP_LGBModel_Alpha158_csi300_custom_step0_s_20260519_18,c3971fbd67184ec48cd63cedfd7ced5e,0.077,,,
3885,2026-05-19,SH600025,0.13640990404616551,EXP_DEnsembleModel_Alpha158_csi300_custom_step0_s_20260519_15,491014f444e34d238dba962805df9db4,0.051,,,
3886,2026-05-19,SH600023,0.10904037406320276,EXP_DEnsembleModel_Alpha158_csi300_custom_step0_s_20260519_15,491014f444e34d238dba962805df9db4,0.051,,,
3887,2026-05-19,SH600019,-0.01751286007050957,EXP_DEnsembleModel_Alpha158_csi300_custom_step0_s_20260519_15,491014f444e34d238dba962805df9db4,0.051,,,
3888,2026-05-19,SH600018,0.1568020367080484,EXP_DEnsembleModel_Alpha158_csi300_custom_step0_s_20260519_15,491014f444e34d238dba962805df9db4,0.051,,,
3889,2026-05-19,SH600016,0.00835421176182388,EXP_DEnsembleModel_Alpha158_csi300_custom_step0_s_20260519_15,491014f444e34d238dba962805df9db4,0.051,,,
3890,2026-05-19,SH600015,0.019943708988140966,EXP_DEnsembleModel_Alpha158_csi300_custom_step0_s_20260519_15,491014f444e34d238dba962805df9db4,0.051,,,
3891,2026-05-19,SH600011,0.09448684489485158,EXP_DEnsembleModel_Alpha158_csi300_custom_step0_s_20260519_15,491014f444e34d238dba962805df9db4,0.051,,,
3892,2026-05-19,SZ300832,0.022366836018370383,EXP_LGBModel_Alpha158_csi300_custom_step0_s_20260519_18,c3971fbd67184ec48cd63cedfd7ced5e,0.077,,,
3893,2026-05-19,SH600010,-0.06091700900848558,EXP_DEnsembleModel_Alpha158_csi300_custom_step0_s_20260519_15,491014f444e34d238dba962805df9db4,0.051,,,
3894,2026-05-19,SH600000,0.004497762621502973,EXP_DEnsembleModel_Alpha158_csi300_custom_step0_s_20260519_15,491014f444e34d238dba962805df9db4,0.051,,,
3895,2026-05-19,SZ302132,-0.01536961203089856,EXP_LGBModel_Alpha158_csi300_custom_step0_s_20260519_18,c3971fbd67184ec48cd63cedfd7ced5e,0.077,,,
3896,2026-05-19,SZ301269,0.03024520122089889,EXP_LGBModel_Alpha158_csi300_custom_step0_s_20260519_18,c3971fbd67184ec48cd63cedfd7ced5e,0.077,,,
3897,2026-05-19,SZ301236,0.020228289188498474,EXP_LGBModel_Alpha158_csi300_custom_step0_s_20260519_18,c3971fbd67184ec48cd63cedfd7ced5e,0.077,,,
3898,2026-05-19,SZ300999,0.00648381134487843,EXP_LGBModel_Alpha158_csi300_custom_step0_s_20260519_18,c3971fbd67184ec48cd63cedfd7ced5e,0.077,,,
3899,2026-05-19,SZ300979,-0.02578731726814354,EXP_LGBModel_Alpha158_csi300_custom_step0_s_20260519_18,c3971fbd67184ec48cd63cedfd7ced5e,0.077,,,
3900,2026-05-19,SZ300896,-0.00874061814296696,EXP_LGBModel_Alpha158_csi300_custom_step0_s_20260519_18,c3971fbd67184ec48cd63cedfd7ced5e,0.077,,,
3901,2026-05-19,SH600009,-0.09270848217186534,EXP_DEnsembleModel_Alpha158_csi300_custom_step0_s_20260519_15,491014f444e34d238dba962805df9db4,0.051,,,
3902,2026-05-19,SH600515,-0.10582359146564262,EXP_DEnsembleModel_Alpha158_csi300_custom_step0_s_20260519_15,491014f444e34d238dba962805df9db4,0.051,,,
3903,2026-05-19,SH600519,-0.020336645574643316,EXP_DEnsembleModel_Alpha158_csi300_custom_step0_s_20260519_15,491014f444e34d238dba962805df9db4,0.051,,,
3904,2026-05-19,SH600522,-0.2400587696239844,EXP_DEnsembleModel_Alpha158_csi300_custom_step0_s_20260519_15,491014f444e34d238dba962805df9db4,0.051,,,
3905,2026-05-19,SH601298,0.0806349790729662,EXP_DEnsembleModel_Alpha158_csi300_custom_step0_s_20260519_15,491014f444e34d238dba962805df9db4,0.051,,,
3906,2026-05-19,SH601288,0.056463433784561576,EXP_DEnsembleModel_Alpha158_csi300_custom_step0_s_20260519_15,491014f444e34d238dba962805df9db4,0.051,,,
3907,2026-05-19,SH601238,-0.06538914978857296,EXP_DEnsembleModel_Alpha158_csi300_custom_step0_s_20260519_15,491014f444e34d238dba962805df9db4,0.051,,,
3908,2026-05-19,SH601236,-0.0494895429001487,EXP_DEnsembleModel_Alpha158_csi300_custom_step0_s_20260519_15,491014f444e34d238dba962805df9db4,0.051,,,
3909,2026-05-19,SH601229,-0.013719760240890376,EXP_DEnsembleModel_Alpha158_csi300_custom_step0_s_20260519_15,491014f444e34d238dba962805df9db4,0.051,,,
3910,2026-05-19,SH601225,-0.01574144428513653,EXP_DEnsembleModel_Alpha158_csi300_custom_step0_s_20260519_15,491014f444e34d238dba962805df9db4,0.051,,,
3911,2026-05-19,SH601211,-0.038670424389316005,EXP_DEnsembleModel_Alpha158_csi300_custom_step0_s_20260519_15,491014f444e34d238dba962805df9db4,0.051,,,
3912,2026-05-19,SH601318,-0.1274470068907929,EXP_DEnsembleModel_Alpha158_csi300_custom_step0_s_20260519_15,491014f444e34d238dba962805df9db4,0.051,,,
3913,2026-05-19,SH601186,0.0054827132892354335,EXP_DEnsembleModel_Alpha158_csi300_custom_step0_s_20260519_15,491014f444e34d238dba962805df9db4,0.051,,,
3914,2026-05-19,SH601166,0.017761223966081163,EXP_DEnsembleModel_Alpha158_csi300_custom_step0_s_20260519_15,491014f444e34d238dba962805df9db4,0.051,,,
3915,2026-05-19,SH601138,-0.1143642943510279,EXP_DEnsembleModel_Alpha158_csi300_custom_step0_s_20260519_15,491014f444e34d238dba962805df9db4,0.051,,,
3916,2026-05-19,SH601136,-0.01593978518975461,EXP_DEnsembleModel_Alpha158_csi300_custom_step0_s_20260519_15,491014f444e34d238dba962805df9db4,0.051,,,
3917,2026-05-19,SH601127,-0.07418852132543487,EXP_DEnsembleModel_Alpha158_csi300_custom_step0_s_20260519_15,491014f444e34d238dba962805df9db4,0.051,,,
3918,2026-05-19,SH601117,-0.05587246471881021,EXP_DEnsembleModel_Alpha158_csi300_custom_step0_s_20260519_15,491014f444e34d238dba962805df9db4,0.051,,,
3919,2026-05-19,SH601111,-0.08742293217440596,EXP_DEnsembleModel_Alpha158_csi300_custom_step0_s_20260519_15,491014f444e34d238dba962805df9db4,0.051,,,
3920,2026-05-19,SH601100,-0.08511541996852737,EXP_DEnsembleModel_Alpha158_csi300_custom_step0_s_20260519_15,491014f444e34d238dba962805df9db4,0.051,,,
3921,2026-05-19,SH601169,0.033709318115383725,EXP_DEnsembleModel_Alpha158_csi300_custom_step0_s_20260519_15,491014f444e34d238dba962805df9db4,0.051,,,
3922,2026-05-19,SH601088,0.016499322638212115,EXP_DEnsembleModel_Alpha158_csi300_custom_step0_s_20260519_15,491014f444e34d238dba962805df9db4,0.051,,,
3923,2026-05-19,SH601319,0.018904726111264928,EXP_DEnsembleModel_Alpha158_csi300_custom_step0_s_20260519_15,491014f444e34d238dba962805df9db4,0.051,,,
3924,2026-05-19,SH601336,-0.07506677966603008,EXP_DEnsembleModel_Alpha158_csi300_custom_step0_s_20260519_15,491014f444e34d238dba962805df9db4,0.051,,,
3925,2026-05-19,SH601689,-0.06636031256406341,EXP_DEnsembleModel_Alpha158_csi300_custom_step0_s_20260519_15,491014f444e34d238dba962805df9db4,0.051,,,
3926,2026-05-19,SH601688,-0.07803253112832201,EXP_DEnsembleModel_Alpha158_csi300_custom_step0_s_20260519_15,491014f444e34d238dba962805df9db4,0.051,,,
3927,2026-05-19,SH601669,-0.01970420962319101,EXP_DEnsembleModel_Alpha158_csi300_custom_step0_s_20260519_15,491014f444e34d238dba962805df9db4,0.051,,,
3928,2026-05-19,SH601668,0.09744735337581086,EXP_DEnsembleModel_Alpha158_csi300_custom_step0_s_20260519_15,491014f444e34d238dba962805df9db4,0.051,,,
3929,2026-05-19,SH601658,0.022419913806486988,EXP_DEnsembleModel_Alpha158_csi300_custom_step0_s_20260519_15,491014f444e34d238dba962805df9db4,0.051,,,
3930,2026-05-19,SH601633,-0.0732274469413966,EXP_DEnsembleModel_Alpha158_csi300_custom_step0_s_20260519_15,491014f444e34d238dba962805df9db4,0.051,,,
3931,2026-05-19,SH601628,-0.06456058348401948,EXP_DEnsembleModel_Alpha158_csi300_custom_step0_s_20260519_15,491014f444e34d238dba962805df9db4,0.051,,,
3932,2026-05-19,SH601328,0.08431033230251318,EXP_DEnsembleModel_Alpha158_csi300_custom_step0_s_20260519_15,491014f444e34d238dba962805df9db4,0.051,,,
3933,2026-05-19,SH601618,0.008509609415404297,EXP_DEnsembleModel_Alpha158_csi300_custom_step0_s_20260519_15,491014f444e34d238dba962805df9db4,0.051,,,
3934,2026-05-19,SH601601,-0.03612569825319419,EXP_DEnsembleModel_Alpha158_csi300_custom_step0_s_20260519_15,491014f444e34d238dba962805df9db4,0.051,,,
3935,2026-05-19,SH601600,-0.11239124444902651,EXP_DEnsembleModel_Alpha158_csi300_custom_step0_s_20260519_15,491014f444e34d238dba962805df9db4,0.051,,,
3936,2026-05-19,SH601456,0.0025018267677097404,EXP_DEnsembleModel_Alpha158_csi300_custom_step0_s_20260519_15,491014f444e34d238dba962805df9db4,0.051,,,
3937,2026-05-19,SH601398,0.09577551139528458,EXP_DEnsembleModel_Alpha158_csi300_custom_step0_s_20260519_15,491014f444e34d238dba962805df9db4,0.051,,,
3938,2026-05-19,SH601390,0.01024251975531728,EXP_DEnsembleModel_Alpha158_csi300_custom_step0_s_20260519_15,491014f444e34d238dba962805df9db4,0.051,,,
3939,2026-05-19,SH601377,-0.04095688007448399,EXP_DEnsembleModel_Alpha158_csi300_custom_step0_s_20260519_15,491014f444e34d238dba962805df9db4,0.051,,,
3940,2026-05-19,SH601360,-0.13106476437055375,EXP_DEnsembleModel_Alpha158_csi300_custom_step0_s_20260519_15,491014f444e34d238dba962805df9db4,0.051,,,
3941,2026-05-19,SH601607,0.006339719368428016,EXP_DEnsembleModel_Alpha158_csi300_custom_step0_s_20260519_15,491014f444e34d238dba962805df9db4,0.051,,,
3942,2026-05-19,SZ300308,0.02165999452198188,EXP_LGBModel_Alpha158_csi300_custom_step0_s_20260519_18,c3971fbd67184ec48cd63cedfd7ced5e,0.077,,,
3943,2026-05-19,SH601077,0.009517992806823587,EXP_DEnsembleModel_Alpha158_csi300_custom_step0_s_20260519_15,491014f444e34d238dba962805df9db4,0.051,,,
3944,2026-05-19,SH601059,0.07959432541847547,EXP_DEnsembleModel_Alpha158_csi300_custom_step0_s_20260519_15,491014f444e34d238dba962805df9db4,0.051,,,
3945,2026-05-19,SH600875,-0.06122377577992839,EXP_DEnsembleModel_Alpha158_csi300_custom_step0_s_20260519_15,491014f444e34d238dba962805df9db4,0.051,,,
3946,2026-05-19,SH600845,0.030420335616324592,EXP_DEnsembleModel_Alpha158_csi300_custom_step0_s_20260519_15,491014f444e34d238dba962805df9db4,0.051,,,
3947,2026-05-19,SH600809,-0.1305933471239827,EXP_DEnsembleModel_Alpha158_csi300_custom_step0_s_20260519_15,491014f444e34d238dba962805df9db4,0.051,,,
3948,2026-05-19,SH600803,0.06635219305340394,EXP_DEnsembleModel_Alpha158_csi300_custom_step0_s_20260519_15,491014f444e34d238dba962805df9db4,0.051,,,
3949,2026-05-19,SH600795,0.14965662011458325,EXP_DEnsembleModel_Alpha158_csi300_custom_step0_s_20260519_15,491014f444e34d238dba962805df9db4,0.051,,,
3950,2026-05-19,SH600760,-0.0805904686341165,EXP_DEnsembleModel_Alpha158_csi300_custom_step0_s_20260519_15,491014f444e34d238dba962805df9db4,0.051,,,
3951,2026-05-19,SH600741,0.027917718928662523,EXP_DEnsembleModel_Alpha158_csi300_custom_step0_s_20260519_15,491014f444e34d238dba962805df9db4,0.051,,,
3952,2026-05-19,SH600886,0.08997925564269828,EXP_DEnsembleModel_Alpha158_csi300_custom_step0_s_20260519_15,491014f444e34d238dba962805df9db4,0.051,,,
3953,2026-05-19,SH600690,0.09739750088805264,EXP_DEnsembleModel_Alpha158_csi300_custom_step0_s_20260519_15,491014f444e34d238dba962805df9db4,0.051,,,
3954,2026-05-19,SH600660,-0.02948115653191041,EXP_DEnsembleModel_Alpha158_csi300_custom_step0_s_20260519_15,491014f444e34d238dba962805df9db4,0.051,,,
3955,2026-05-19,SH600600,0.06008259834172773,EXP_DEnsembleModel_Alpha158_csi300_custom_step0_s_20260519_15,491014f444e34d238dba962805df9db4,0.051,,,
3956,2026-05-19,SH600588,-0.09453491989039209,EXP_DEnsembleModel_Alpha158_csi300_custom_step0_s_20260519_15,491014f444e34d238dba962805df9db4,0.051,,,
3957,2026-05-19,SH600585,-0.04405648613532606,EXP_DEnsembleModel_Alpha158_csi300_custom_step0_s_20260519_15,491014f444e34d238dba962805df9db4,0.051,,,
3958,2026-05-19,SH600584,-0.10150019357792178,EXP_DEnsembleModel_Alpha158_csi300_custom_step0_s_20260519_15,491014f444e34d238dba962805df9db4,0.051,,,
3959,2026-05-19,SH600570,-0.12400951905143522,EXP_DEnsembleModel_Alpha158_csi300_custom_step0_s_20260519_15,491014f444e34d238dba962805df9db4,0.051,,,
3960,2026-05-19,SH600547,0.030482808056448114,EXP_DEnsembleModel_Alpha158_csi300_custom_step0_s_20260519_15,491014f444e34d238dba962805df9db4,0.051,,,
3961,2026-05-19,SH600674,0.127801644972881,EXP_DEnsembleModel_Alpha158_csi300_custom_step0_s_20260519_15,491014f444e34d238dba962805df9db4,0.051,,,
3962,2026-05-19,SH601066,-0.06321757091526735,EXP_DEnsembleModel_Alpha158_csi300_custom_step0_s_20260519_15,491014f444e34d238dba962805df9db4,0.051,,,
3963,2026-05-19,SH600887,0.06877408704013366,EXP_DEnsembleModel_Alpha158_csi300_custom_step0_s_20260519_15,491014f444e34d238dba962805df9db4,0.051,,,
3964,2026-05-19,SH600900,0.1475612533438255,EXP_DEnsembleModel_Alpha158_csi300_custom_step0_s_20260519_15,491014f444e34d238dba962805df9db4,0.051,,,
3965,2026-05-19,SH601058,-0.049652616636936785,EXP_DEnsembleModel_Alpha158_csi300_custom_step0_s_20260519_15,491014f444e34d238dba962805df9db4,0.051,,,
3966,2026-05-19,SH601021,-0.12910122853861264,EXP_DEnsembleModel_Alpha158_csi300_custom_step0_s_20260519_15,491014f444e34d238dba962805df9db4,0.051,,,
3967,2026-05-19,SH601018,0.008679997237278443,EXP_DEnsembleModel_Alpha158_csi300_custom_step0_s_20260519_15,491014f444e34d238dba962805df9db4,0.051,,,
3968,2026-05-19,SH601012,-0.02825136669470704,EXP_DEnsembleModel_Alpha158_csi300_custom_step0_s_20260519_15,491014f444e34d238dba962805df9db4,0.051,,,
3969,2026-05-19,SH601009,0.00858984939822451,EXP_DEnsembleModel_Alpha158_csi300_custom_step0_s_20260519_15,491014f444e34d238dba962805df9db4,0.051,,,
3970,2026-05-19,SH601006,0.20949327099887297,EXP_DEnsembleModel_Alpha158_csi300_custom_step0_s_20260519_15,491014f444e34d238dba962805df9db4,0.051,,,
3971,2026-05-19,SH600999,0.10226353874335416,EXP_DEnsembleModel_Alpha158_csi300_custom_step0_s_20260519_15,491014f444e34d238dba962805df9db4,0.051,,,
3972,2026-05-19,SH600893,-0.0023318839924962,EXP_DEnsembleModel_Alpha158_csi300_custom_step0_s_20260519_15,491014f444e34d238dba962805df9db4,0.051,,,
3973,2026-05-19,SH600989,-0.004729346379151786,EXP_DEnsembleModel_Alpha158_csi300_custom_step0_s_20260519_15,491014f444e34d238dba962805df9db4,0.051,,,
3974,2026-05-19,SH600941,0.12979361902074207,EXP_DEnsembleModel_Alpha158_csi300_custom_step0_s_20260519_15,491014f444e34d238dba962805df9db4,0.051,,,
3975,2026-05-19,SH600938,0.06588173878116861,EXP_DEnsembleModel_Alpha158_csi300_custom_step0_s_20260519_15,491014f444e34d238dba962805df9db4,0.051,,,
3976,2026-05-19,SH600930,-0.013975053229799273,EXP_DEnsembleModel_Alpha158_csi300_custom_step0_s_20260519_15,491014f444e34d238dba962805df9db4,0.051,,,
3977,2026-05-19,SH600926,-0.006909141513558483,EXP_DEnsembleModel_Alpha158_csi300_custom_step0_s_20260519_15,491014f444e34d238dba962805df9db4,0.051,,,
3978,2026-05-19,SH600919,0.12403933756580074,EXP_DEnsembleModel_Alpha158_csi300_custom_step0_s_20260519_15,491014f444e34d238dba962805df9db4,0.051,,,
3979,2026-05-19,SH600918,-0.014743643347784876,EXP_DEnsembleModel_Alpha158_csi300_custom_step0_s_20260519_15,491014f444e34d238dba962805df9db4,0.051,,,
3980,2026-05-19,SH600905,0.0825190238839043,EXP_DEnsembleModel_Alpha158_csi300_custom_step0_s_20260519_15,491014f444e34d238dba962805df9db4,0.051,,,
3981,2026-05-19,SH600958,-0.07863707925099084,EXP_DEnsembleModel_Alpha158_csi300_custom_step0_s_20260519_15,491014f444e34d238dba962805df9db4,0.051,,,
3982,2026-05-19,SZ300274,0.04202260782381673,EXP_LGBModel_Alpha158_csi300_custom_step0_s_20260519_18,c3971fbd67184ec48cd63cedfd7ced5e,0.077,,,
3983,2026-05-19,SZ300251,0.025623478244201227,EXP_LGBModel_Alpha158_csi300_custom_step0_s_20260519_18,c3971fbd67184ec48cd63cedfd7ced5e,0.077,,,
3984,2026-05-19,SZ300124,0.028991093254362596,EXP_LGBModel_Alpha158_csi300_custom_step0_s_20260519_18,c3971fbd67184ec48cd63cedfd7ced5e,0.077,,,
3985,2026-05-19,SH605117,0.1334879804324653,EXP_LGBModel_Alpha158_csi300_custom_step0_s_20260519_18,c3971fbd67184ec48cd63cedfd7ced5e,0.077,,,
3986,2026-05-19,SH603993,0.01839345504264975,EXP_LGBModel_Alpha158_csi300_custom_step0_s_20260519_18,c3971fbd67184ec48cd63cedfd7ced5e,0.077,,,
3987,2026-05-19,SH603986,0.03924689194764993,EXP_LGBModel_Alpha158_csi300_custom_step0_s_20260519_18,c3971fbd67184ec48cd63cedfd7ced5e,0.077,,,
3988,2026-05-19,SH603893,0.014889891725039489,EXP_LGBModel_Alpha158_csi300_custom_step0_s_20260519_18,c3971fbd67184ec48cd63cedfd7ced5e,0.077,,,
3989,2026-05-19,SH603799,-0.0008096880132672337,EXP_LGBModel_Alpha158_csi300_custom_step0_s_20260519_18,c3971fbd67184ec48cd63cedfd7ced5e,0.077,,,
3990,2026-05-19,SH603501,0.017998998945876848,EXP_LGBModel_Alpha158_csi300_custom_step0_s_20260519_18,c3971fbd67184ec48cd63cedfd7ced5e,0.077,,,
3991,2026-05-19,SH603392,-0.00844711828971284,EXP_LGBModel_Alpha158_csi300_custom_step0_s_20260519_18,c3971fbd67184ec48cd63cedfd7ced5e,0.077,,,
3992,2026-05-19,SH605499,0.008353203500526495,EXP_LGBModel_Alpha158_csi300_custom_step0_s_20260519_18,c3971fbd67184ec48cd63cedfd7ced5e,0.077,,,
3993,2026-05-19,SH603369,0.0076790515852605806,EXP_LGBModel_Alpha158_csi300_custom_step0_s_20260519_18,c3971fbd67184ec48cd63cedfd7ced5e,0.077,,,
3994,2026-05-19,SH603288,-0.005528078164913751,EXP_LGBModel_Alpha158_csi300_custom_step0_s_20260519_18,c3971fbd67184ec48cd63cedfd7ced5e,0.077,,,
3995,2026-05-19,SH603260,0.005213191931934632,EXP_LGBModel_Alpha158_csi300_custom_step0_s_20260519_18,c3971fbd67184ec48cd63cedfd7ced5e,0.077,,,
3996,2026-05-19,SH603259,0.0036235206669103675,EXP_LGBModel_Alpha158_csi300_custom_step0_s_20260519_18,c3971fbd67184ec48cd63cedfd7ced5e,0.077,,,
3997,2026-05-19,SH603195,0.023416418724086906,EXP_LGBModel_Alpha158_csi300_custom_step0_s_20260519_18,c3971fbd67184ec48cd63cedfd7ced5e,0.077,,,
3998,2026-05-19,SH603019,0.017741124756295867,EXP_LGBModel_Alpha158_csi300_custom_step0_s_20260519_18,c3971fbd67184ec48cd63cedfd7ced5e,0.077,,,
3999,2026-05-19,SH601998,-0.02013346078599454,EXP_LGBModel_Alpha158_csi300_custom_step0_s_20260519_18,c3971fbd67184ec48cd63cedfd7ced5e,0.077,,,
4000,2026-05-19,SH601995,0.030554527168794546,EXP_LGBModel_Alpha158_csi300_custom_step0_s_20260519_18,c3971fbd67184ec48cd63cedfd7ced5e,0.077,,,
4001,2026-05-19,SH603296,0.053697868101484365,EXP_LGBModel_Alpha158_csi300_custom_step0_s_20260519_18,c3971fbd67184ec48cd63cedfd7ced5e,0.077,,,
4002,2026-05-19,SH601988,-0.00891341657307036,EXP_LGBModel_Alpha158_csi300_custom_step0_s_20260519_18,c3971fbd67184ec48cd63cedfd7ced5e,0.077,,,
4003,2026-05-19,SH688008,0.0023300711764865723,EXP_LGBModel_Alpha158_csi300_custom_step0_s_20260519_18,c3971fbd67184ec48cd63cedfd7ced5e,0.077,,,
4004,2026-05-19,SH688012,0.014199078976034663,EXP_LGBModel_Alpha158_csi300_custom_step0_s_20260519_18,c3971fbd67184ec48cd63cedfd7ced5e,0.077,,,
4005,2026-05-19,SH688981,0.001731948411039759,EXP_LGBModel_Alpha158_csi300_custom_step0_s_20260519_18,c3971fbd67184ec48cd63cedfd7ced5e,0.077,,,
4006,2026-05-19,SH688506,0.021594018382785782,EXP_LGBModel_Alpha158_csi300_custom_step0_s_20260519_18,c3971fbd67184ec48cd63cedfd7ced5e,0.077,,,
4007,2026-05-19,SH688472,0.05668535585501863,EXP_LGBModel_Alpha158_csi300_custom_step0_s_20260519_18,c3971fbd67184ec48cd63cedfd7ced5e,0.077,,,
4008,2026-05-19,SH688396,0.012440557902542018,EXP_LGBModel_Alpha158_csi300_custom_step0_s_20260519_18,c3971fbd67184ec48cd63cedfd7ced5e,0.077,,,
4009,2026-05-19,SH688303,0.006944740263427589,EXP_LGBModel_Alpha158_csi300_custom_step0_s_20260519_18,c3971fbd67184ec48cd63cedfd7ced5e,0.077,,,
4010,2026-05-19,SH688271,-0.032214236737700734,EXP_LGBModel_Alpha158_csi300_custom_step0_s_20260519_18,c3971fbd67184ec48cd63cedfd7ced5e,0.077,,,
4011,2026-05-19,SH688256,0.011897847923110322,EXP_LGBModel_Alpha158_csi300_custom_step0_s_20260519_18,c3971fbd67184ec48cd63cedfd7ced5e,0.077,,,
4012,2026-05-19,SH688009,-0.015226813509260487,EXP_LGBModel_Alpha158_csi300_custom_step0_s_20260519_18,c3971fbd67184ec48cd63cedfd7ced5e,0.077,,,
4013,2026-05-19,SH688223,0.0013339513706657371,EXP_LGBModel_Alpha158_csi300_custom_step0_s_20260519_18,c3971fbd67184ec48cd63cedfd7ced5e,0.077,,,
4014,2026-05-19,SH688169,-0.004562740463208834,EXP_LGBModel_Alpha158_csi300_custom_step0_s_20260519_18,c3971fbd67184ec48cd63cedfd7ced5e,0.077,,,
4015,2026-05-19,SH688126,0.011257280234691646,EXP_LGBModel_Alpha158_csi300_custom_step0_s_20260519_18,c3971fbd67184ec48cd63cedfd7ced5e,0.077,,,
4016,2026-05-19,SH688111,0.008909400685382346,EXP_LGBModel_Alpha158_csi300_custom_step0_s_20260519_18,c3971fbd67184ec48cd63cedfd7ced5e,0.077,,,
4017,2026-05-19,SH688082,0.021417682336080913,EXP_LGBModel_Alpha158_csi300_custom_step0_s_20260519_18,c3971fbd67184ec48cd63cedfd7ced5e,0.077,,,
4018,2026-05-19,SH688047,0.0011286051945643908,EXP_LGBModel_Alpha158_csi300_custom_step0_s_20260519_18,c3971fbd67184ec48cd63cedfd7ced5e,0.077,,,
4019,2026-05-19,SH688041,0.0034741973983211123,EXP_LGBModel_Alpha158_csi300_custom_step0_s_20260519_18,c3971fbd67184ec48cd63cedfd7ced5e,0.077,,,
4020,2026-05-19,SH688036,0.0276935945247603,EXP_LGBModel_Alpha158_csi300_custom_step0_s_20260519_18,c3971fbd67184ec48cd63cedfd7ced5e,0.077,,,
4021,2026-05-19,SH688187,-0.0078540631033822,EXP_LGBModel_Alpha158_csi300_custom_step0_s_20260519_18,c3971fbd67184ec48cd63cedfd7ced5e,0.077,,,
4022,2026-05-19,SZ000001,-0.01602817940830325,EXP_LGBModel_Alpha158_csi300_custom_step0_s_20260519_18,c3971fbd67184ec48cd63cedfd7ced5e,0.077,,,
4023,2026-05-19,SH601985,0.03388513480316127,EXP_LGBModel_Alpha158_csi300_custom_step0_s_20260519_18,c3971fbd67184ec48cd63cedfd7ced5e,0.077,,,
4024,2026-05-19,SH601919,-0.019863281679092886,EXP_LGBModel_Alpha158_csi300_custom_step0_s_20260519_18,c3971fbd67184ec48cd63cedfd7ced5e,0.077,,,
4025,2026-05-19,SH601698,0.035081552203570315,EXP_LGBModel_Alpha158_csi300_custom_step0_s_20260519_18,c3971fbd67184ec48cd63cedfd7ced5e,0.077,,,
4026,2026-05-19,SH601689,0.04357319134093558,EXP_LGBModel_Alpha158_csi300_custom_step0_s_20260519_18,c3971fbd67184ec48cd63cedfd7ced5e,0.077,,,
4027,2026-05-19,SH601688,-0.0027204577076899075,EXP_LGBModel_Alpha158_csi300_custom_step0_s_20260519_18,c3971fbd67184ec48cd63cedfd7ced5e,0.077,,,
4028,2026-05-19,SH601669,0.00933769513406102,EXP_LGBModel_Alpha158_csi300_custom_step0_s_20260519_18,c3971fbd67184ec48cd63cedfd7ced5e,0.077,,,
4029,2026-05-19,SH601668,-0.026788344627863128,EXP_LGBModel_Alpha158_csi300_custom_step0_s_20260519_18,c3971fbd67184ec48cd63cedfd7ced5e,0.077,,,
4030,2026-05-19,SH601658,-0.030267786394405333,EXP_LGBModel_Alpha158_csi300_custom_step0_s_20260519_18,c3971fbd67184ec48cd63cedfd7ced5e,0.077,,,
4031,2026-05-19,SH601633,-0.005528078164913751,EXP_LGBModel_Alpha158_csi300_custom_step0_s_20260519_18,c3971fbd67184ec48cd63cedfd7ced5e,0.077,,,
4032,2026-05-19,SH601728,0.009396891826791813,EXP_LGBModel_Alpha158_csi300_custom_step0_s_20260519_18,c3971fbd67184ec48cd63cedfd7ced5e,0.077,,,
4033,2026-05-19,SH601628,-0.00869052174884904,EXP_LGBModel_Alpha158_csi300_custom_step0_s_20260519_18,c3971fbd67184ec48cd63cedfd7ced5e,0.077,,,
4034,2026-05-19,SH601607,-0.001627191859067089,EXP_LGBModel_Alpha158_csi300_custom_step0_s_20260519_18,c3971fbd67184ec48cd63cedfd7ced5e,0.077,,,
4035,2026-05-19,SH601601,0.004626227146441766,EXP_LGBModel_Alpha158_csi300_custom_step0_s_20260519_18,c3971fbd67184ec48cd63cedfd7ced5e,0.077,,,
4036,2026-05-19,SH601600,0.006087791993923711,EXP_LGBModel_Alpha158_csi300_custom_step0_s_20260519_18,c3971fbd67184ec48cd63cedfd7ced5e,0.077,,,
4037,2026-05-19,SH601456,-0.008487665486303385,EXP_LGBModel_Alpha158_csi300_custom_step0_s_20260519_18,c3971fbd67184ec48cd63cedfd7ced5e,0.077,,,
4038,2026-05-19,SH601398,-0.016251305036089098,EXP_LGBModel_Alpha158_csi300_custom_step0_s_20260519_18,c3971fbd67184ec48cd63cedfd7ced5e,0.077,,,
4039,2026-05-19,SH601390,-0.0068240840258181334,EXP_LGBModel_Alpha158_csi300_custom_step0_s_20260519_18,c3971fbd67184ec48cd63cedfd7ced5e,0.077,,,
4040,2026-05-19,SH601377,0.003327887000847251,EXP_LGBModel_Alpha158_csi300_custom_step0_s_20260519_18,c3971fbd67184ec48cd63cedfd7ced5e,0.077,,,
4041,2026-05-19,SH601618,0.003298352689068482,EXP_LGBModel_Alpha158_csi300_custom_step0_s_20260519_18,c3971fbd67184ec48cd63cedfd7ced5e,0.077,,,
4042,2026-05-19,SH601939,0.011377561913529972,EXP_LGBModel_Alpha158_csi300_custom_step0_s_20260519_18,c3971fbd67184ec48cd63cedfd7ced5e,0.077,,,
4043,2026-05-19,SH601766,-0.03840049465488142,EXP_LGBModel_Alpha158_csi300_custom_step0_s_20260519_18,c3971fbd67184ec48cd63cedfd7ced5e,0.077,,,
4044,2026-05-19,SH601800,-0.02371327281340769,EXP_LGBModel_Alpha158_csi300_custom_step0_s_20260519_18,c3971fbd67184ec48cd63cedfd7ced5e,0.077,,,
4045,2026-05-19,SH601916,-0.019455066973428147,EXP_LGBModel_Alpha158_csi300_custom_step0_s_20260519_18,c3971fbd67184ec48cd63cedfd7ced5e,0.077,,,
4046,2026-05-19,SH601901,0.009316424479664243,EXP_LGBModel_Alpha158_csi300_custom_step0_s_20260519_18,c3971fbd67184ec48cd63cedfd7ced5e,0.077,,,
4047,2026-05-19,SH601899,0.009718120230151292,EXP_LGBModel_Alpha158_csi300_custom_step0_s_20260519_18,c3971fbd67184ec48cd63cedfd7ced5e,0.077,,,
4048,2026-05-19,SH601898,0.009420840059975552,EXP_LGBModel_Alpha158_csi300_custom_step0_s_20260519_18,c3971fbd67184ec48cd63cedfd7ced5e,0.077,,,
4049,2026-05-19,SH601888,0.0028601146132217867,EXP_LGBModel_Alpha158_csi300_custom_step0_s_20260519_18,c3971fbd67184ec48cd63cedfd7ced5e,0.077,,,
4050,2026-05-19,SH601881,-0.011045361383354827,EXP_LGBModel_Alpha158_csi300_custom_step0_s_20260519_18,c3971fbd67184ec48cd63cedfd7ced5e,0.077,,,
4051,2026-05-19,SH601878,0.007254194467028524,EXP_LGBModel_Alpha158_csi300_custom_step0_s_20260519_18,c3971fbd67184ec48cd63cedfd7ced5e,0.077,,,
4052,2026-05-19,SH601788,-0.011085319797567885,EXP_LGBModel_Alpha158_csi300_custom_step0_s_20260519_18,c3971fbd67184ec48cd63cedfd7ced5e,0.077,,,
4053,2026-05-19,SH601877,0.014214555767807627,EXP_LGBModel_Alpha158_csi300_custom_step0_s_20260519_18,c3971fbd67184ec48cd63cedfd7ced5e,0.077,,,
4054,2026-05-19,SH601868,-0.0037651713004876975,EXP_LGBModel_Alpha158_csi300_custom_step0_s_20260519_18,c3971fbd67184ec48cd63cedfd7ced5e,0.077,,,
4055,2026-05-19,SH601857,-0.002890547007174545,EXP_LGBModel_Alpha158_csi300_custom_step0_s_20260519_18,c3971fbd67184ec48cd63cedfd7ced5e,0.077,,,
4056,2026-05-19,SH601838,0.021986209170543985,EXP_LGBModel_Alpha158_csi300_custom_step0_s_20260519_18,c3971fbd67184ec48cd63cedfd7ced5e,0.077,,,
4057,2026-05-19,SH601825,-0.02304382300384558,EXP_LGBModel_Alpha158_csi300_custom_step0_s_20260519_18,c3971fbd67184ec48cd63cedfd7ced5e,0.077,,,
4058,2026-05-19,SH601818,-0.012089220155432567,EXP_LGBModel_Alpha158_csi300_custom_step0_s_20260519_18,c3971fbd67184ec48cd63cedfd7ced5e,0.077,,,
4059,2026-05-19,SH601816,-0.012771005842179474,EXP_LGBModel_Alpha158_csi300_custom_step0_s_20260519_18,c3971fbd67184ec48cd63cedfd7ced5e,0.077,,,
4060,2026-05-19,SH601808,-0.002098574812479104,EXP_LGBModel_Alpha158_csi300_custom_step0_s_20260519_18,c3971fbd67184ec48cd63cedfd7ced5e,0.077,,,
4061,2026-05-19,SH601872,0.0023338658327531994,EXP_LGBModel_Alpha158_csi300_custom_step0_s_20260519_18,c3971fbd67184ec48cd63cedfd7ced5e,0.077,,,
4062,2026-05-19,SH601698,-0.020101396201462476,EXP_DEnsembleModel_Alpha158_csi300_custom_step0_s_20260519_15,491014f444e34d238dba962805df9db4,0.051,,,
4063,2026-05-19,SZ000002,-0.020822324408613015,EXP_LGBModel_Alpha158_csi300_custom_step0_s_20260519_18,c3971fbd67184ec48cd63cedfd7ced5e,0.077,,,
4064,2026-05-19,SZ000100,-0.027794416863938184,EXP_LGBModel_Alpha158_csi300_custom_step0_s_20260519_18,c3971fbd67184ec48cd63cedfd7ced5e,0.077,,,
4065,2026-05-19,SZ002463,0.02651745281100544,EXP_LGBModel_Alpha158_csi300_custom_step0_s_20260519_18,c3971fbd67184ec48cd63cedfd7ced5e,0.077,,,
4066,2026-05-19,SZ002460,0.030309127875127184,EXP_LGBModel_Alpha158_csi300_custom_step0_s_20260519_18,c3971fbd67184ec48cd63cedfd7ced5e,0.077,,,
4067,2026-05-19,SZ002459,0.003965469613641481,EXP_LGBModel_Alpha158_csi300_custom_step0_s_20260519_18,c3971fbd67184ec48cd63cedfd7ced5e,0.077,,,
4068,2026-05-19,SZ002422,0.014740020463897514,EXP_LGBModel_Alpha158_csi300_custom_step0_s_20260519_18,c3971fbd67184ec48cd63cedfd7ced5e,0.077,,,
4069,2026-05-19,SZ002415,0.011490408986590272,EXP_LGBModel_Alpha158_csi300_custom_step0_s_20260519_18,c3971fbd67184ec48cd63cedfd7ced5e,0.077,,,
4070,2026-05-19,SZ002384,-0.0016504154752935323,EXP_LGBModel_Alpha158_csi300_custom_step0_s_20260519_18,c3971fbd67184ec48cd63cedfd7ced5e,0.077,,,
4071,2026-05-19,SZ002371,0.04956818443567719,EXP_LGBModel_Alpha158_csi300_custom_step0_s_20260519_18,c3971fbd67184ec48cd63cedfd7ced5e,0.077,,,
4072,2026-05-19,SZ002466,0.06701922096678439,EXP_LGBModel_Alpha158_csi300_custom_step0_s_20260519_18,c3971fbd67184ec48cd63cedfd7ced5e,0.077,,,
4073,2026-05-19,SZ002352,-0.026958988339667374,EXP_LGBModel_Alpha158_csi300_custom_step0_s_20260519_18,c3971fbd67184ec48cd63cedfd7ced5e,0.077,,,
4074,2026-05-19,SZ002304,-0.0169050413663356,EXP_LGBModel_Alpha158_csi300_custom_step0_s_20260519_18,c3971fbd67184ec48cd63cedfd7ced5e,0.077,,,
4075,2026-05-19,SZ002252,-0.023906896541368516,EXP_LGBModel_Alpha158_csi300_custom_step0_s_20260519_18,c3971fbd67184ec48cd63cedfd7ced5e,0.077,,,
4076,2026-05-19,SZ002241,0.02900798967009743,EXP_LGBModel_Alpha158_csi300_custom_step0_s_20260519_18,c3971fbd67184ec48cd63cedfd7ced5e,0.077,,,
4077,2026-05-19,SZ002236,0.0204661090433575,EXP_LGBModel_Alpha158_csi300_custom_step0_s_20260519_18,c3971fbd67184ec48cd63cedfd7ced5e,0.077,,,
4078,2026-05-19,SZ002230,0.03055948152485446,EXP_LGBModel_Alpha158_csi300_custom_step0_s_20260519_18,c3971fbd67184ec48cd63cedfd7ced5e,0.077,,,
4079,2026-05-19,SZ002179,0.0017690061485730359,EXP_LGBModel_Alpha158_csi300_custom_step0_s_20260519_18,c3971fbd67184ec48cd63cedfd7ced5e,0.077,,,
4080,2026-05-19,SZ002142,0.018894061053853235,EXP_LGBModel_Alpha158_csi300_custom_step0_s_20260519_18,c3971fbd67184ec48cd63cedfd7ced5e,0.077,,,
4081,2026-05-19,SZ002311,-0.012102043248725856,EXP_LGBModel_Alpha158_csi300_custom_step0_s_20260519_18,c3971fbd67184ec48cd63cedfd7ced5e,0.077,,,
4082,2026-05-19,SZ002074,-0.007617493245037814,EXP_LGBModel_Alpha158_csi300_custom_step0_s_20260519_18,c3971fbd67184ec48cd63cedfd7ced5e,0.077,,,
4083,2026-05-19,SZ002475,0.03734420958541414,EXP_LGBModel_Alpha158_csi300_custom_step0_s_20260519_18,c3971fbd67184ec48cd63cedfd7ced5e,0.077,,,
4084,2026-05-19,SZ002594,0.013460669804156715,EXP_LGBModel_Alpha158_csi300_custom_step0_s_20260519_18,c3971fbd67184ec48cd63cedfd7ced5e,0.077,,,
4085,2026-05-19,SZ300122,-0.01231377412689677,EXP_LGBModel_Alpha158_csi300_custom_step0_s_20260519_18,c3971fbd67184ec48cd63cedfd7ced5e,0.077,,,
4086,2026-05-19,SZ300059,0.0008317340403656895,EXP_LGBModel_Alpha158_csi300_custom_step0_s_20260519_18,c3971fbd67184ec48cd63cedfd7ced5e,0.077,,,
4087,2026-05-19,SZ300033,0.005898524726526886,EXP_LGBModel_Alpha158_csi300_custom_step0_s_20260519_18,c3971fbd67184ec48cd63cedfd7ced5e,0.077,,,
4088,2026-05-19,SZ300015,0.00047229361645983846,EXP_LGBModel_Alpha158_csi300_custom_step0_s_20260519_18,c3971fbd67184ec48cd63cedfd7ced5e,0.077,,,
4089,2026-05-19,SZ300014,0.01236961826260691,EXP_LGBModel_Alpha158_csi300_custom_step0_s_20260519_18,c3971fbd67184ec48cd63cedfd7ced5e,0.077,,,
4090,2026-05-19,SZ003816,0.023461655669468524,EXP_LGBModel_Alpha158_csi300_custom_step0_s_20260519_18,c3971fbd67184ec48cd63cedfd7ced5e,0.077,,,
4091,2026-05-19,SZ002938,0.030599625807641216,EXP_LGBModel_Alpha158_csi300_custom_step0_s_20260519_18,c3971fbd67184ec48cd63cedfd7ced5e,0.077,,,
4092,2026-05-19,SZ002493,0.016949096298027353,EXP_LGBModel_Alpha158_csi300_custom_step0_s_20260519_18,c3971fbd67184ec48cd63cedfd7ced5e,0.077,,,
4093,2026-05-19,SZ002920,-0.030434504139777257,EXP_LGBModel_Alpha158_csi300_custom_step0_s_20260519_18,c3971fbd67184ec48cd63cedfd7ced5e,0.077,,,
4094,2026-05-19,SZ002736,-0.0068825198858136465,EXP_LGBModel_Alpha158_csi300_custom_step0_s_20260519_18,c3971fbd67184ec48cd63cedfd7ced5e,0.077,,,
4095,2026-05-19,SZ002714,0.008497303711884188,EXP_LGBModel_Alpha158_csi300_custom_step0_s_20260519_18,c3971fbd67184ec48cd63cedfd7ced5e,0.077,,,
4096,2026-05-19,SZ002709,0.1024472335250347,EXP_LGBModel_Alpha158_csi300_custom_step0_s_20260519_18,c3971fbd67184ec48cd63cedfd7ced5e,0.077,,,
4097,2026-05-19,SZ002648,-0.011379458241895055,EXP_LGBModel_Alpha158_csi300_custom_step0_s_20260519_18,c3971fbd67184ec48cd63cedfd7ced5e,0.077,,,
4098,2026-05-19,SZ002625,0.014315870284428982,EXP_LGBModel_Alpha158_csi300_custom_step0_s_20260519_18,c3971fbd67184ec48cd63cedfd7ced5e,0.077,,,
4099,2026-05-19,SZ002601,-0.013290013409528664,EXP_LGBModel_Alpha158_csi300_custom_step0_s_20260519_18,c3971fbd67184ec48cd63cedfd7ced5e,0.077,,,
4100,2026-05-19,SZ002600,-0.0019007948763759366,EXP_LGBModel_Alpha158_csi300_custom_step0_s_20260519_18,c3971fbd67184ec48cd63cedfd7ced5e,0.077,,,
4101,2026-05-19,SZ002916,0.002439483299091494,EXP_LGBModel_Alpha158_csi300_custom_step0_s_20260519_18,c3971fbd67184ec48cd63cedfd7ced5e,0.077,,,
4102,2026-05-19,SZ000063,0.030951929696918786,EXP_LGBModel_Alpha158_csi300_custom_step0_s_20260519_18,c3971fbd67184ec48cd63cedfd7ced5e,0.077,,,
4103,2026-05-19,SZ002050,-0.000874688054389507,EXP_LGBModel_Alpha158_csi300_custom_step0_s_20260519_18,c3971fbd67184ec48cd63cedfd7ced5e,0.077,,,
4104,2026-05-19,SZ002028,0.001122484571672432,EXP_LGBModel_Alpha158_csi300_custom_step0_s_20260519_18,c3971fbd67184ec48cd63cedfd7ced5e,0.077,,,
4105,2026-05-19,SZ000708,-0.002966974224509787,EXP_LGBModel_Alpha158_csi300_custom_step0_s_20260519_18,c3971fbd67184ec48cd63cedfd7ced5e,0.077,,,
4106,2026-05-19,SZ000661,-0.007360922946157156,EXP_LGBModel_Alpha158_csi300_custom_step0_s_20260519_18,c3971fbd67184ec48cd63cedfd7ced5e,0.077,,,
4107,2026-05-19,SZ000651,0.004058848184440259,EXP_LGBModel_Alpha158_csi300_custom_step0_s_20260519_18,c3971fbd67184ec48cd63cedfd7ced5e,0.077,,,
4108,2026-05-19,SZ000630,0.005735721239016245,EXP_LGBModel_Alpha158_csi300_custom_step0_s_20260519_18,c3971fbd67184ec48cd63cedfd7ced5e,0.077,,,
4109,2026-05-19,SZ000625,0.005880323809801621,EXP_LGBModel_Alpha158_csi300_custom_step0_s_20260519_18,c3971fbd67184ec48cd63cedfd7ced5e,0.077,,,
4110,2026-05-19,SZ000617,0.0028018216572158893,EXP_LGBModel_Alpha158_csi300_custom_step0_s_20260519_18,c3971fbd67184ec48cd63cedfd7ced5e,0.077,,,
4111,2026-05-19,SZ000596,0.0007129000298308507,EXP_LGBModel_Alpha158_csi300_custom_step0_s_20260519_18,c3971fbd67184ec48cd63cedfd7ced5e,0.077,,,
4112,2026-05-19,SZ000725,0.026077721548553052,EXP_LGBModel_Alpha158_csi300_custom_step0_s_20260519_18,c3971fbd67184ec48cd63cedfd7ced5e,0.077,,,
4113,2026-05-19,SZ000568,-0.0029940560212589956,EXP_LGBModel_Alpha158_csi300_custom_step0_s_20260519_18,c3971fbd67184ec48cd63cedfd7ced5e,0.077,,,
4114,2026-05-19,SZ000425,-0.017954212912246158,EXP_LGBModel_Alpha158_csi300_custom_step0_s_20260519_18,c3971fbd67184ec48cd63cedfd7ced5e,0.077,,,
4115,2026-05-19,SZ000408,0.011709263491405709,EXP_LGBModel_Alpha158_csi300_custom_step0_s_20260519_18,c3971fbd67184ec48cd63cedfd7ced5e,0.077,,,
4116,2026-05-19,SZ000338,0.09111341098696177,EXP_LGBModel_Alpha158_csi300_custom_step0_s_20260519_18,c3971fbd67184ec48cd63cedfd7ced5e,0.077,,,
4117,2026-05-19,SZ000333,0.01758727501057957,EXP_LGBModel_Alpha158_csi300_custom_step0_s_20260519_18,c3971fbd67184ec48cd63cedfd7ced5e,0.077,,,
4118,2026-05-19,SZ000301,0.0436425085684145,EXP_LGBModel_Alpha158_csi300_custom_step0_s_20260519_18,c3971fbd67184ec48cd63cedfd7ced5e,0.077,,,
4119,2026-05-19,SZ000166,-0.012876278321749155,EXP_LGBModel_Alpha158_csi300_custom_step0_s_20260519_18,c3971fbd67184ec48cd63cedfd7ced5e,0.077,,,
4120,2026-05-19,SZ000157,-0.0007890603680865951,EXP_LGBModel_Alpha158_csi300_custom_step0_s_20260519_18,c3971fbd67184ec48cd63cedfd7ced5e,0.077,,,
4121,2026-05-19,SZ000538,-0.020640930095245452,EXP_LGBModel_Alpha158_csi300_custom_step0_s_20260519_18,c3971fbd67184ec48cd63cedfd7ced5e,0.077,,,
4122,2026-05-19,SZ002049,0.014534447662781499,EXP_LGBModel_Alpha158_csi300_custom_step0_s_20260519_18,c3971fbd67184ec48cd63cedfd7ced5e,0.077,,,
4123,2026-05-19,SZ000768,-0.007919931985978866,EXP_LGBModel_Alpha158_csi300_custom_step0_s_20260519_18,c3971fbd67184ec48cd63cedfd7ced5e,0.077,,,
4124,2026-05-19,SZ000786,-0.004426299710962042,EXP_LGBModel_Alpha158_csi300_custom_step0_s_20260519_18,c3971fbd67184ec48cd63cedfd7ced5e,0.077,,,
4125,2026-05-19,SZ002027,-0.010139895486374683,EXP_LGBModel_Alpha158_csi300_custom_step0_s_20260519_18,c3971fbd67184ec48cd63cedfd7ced5e,0.077,,,
4126,2026-05-19,SZ002001,0.02032194916753348,EXP_LGBModel_Alpha158_csi300_custom_step0_s_20260519_18,c3971fbd67184ec48cd63cedfd7ced5e,0.077,,,
4127,2026-05-19,SZ001979,0.032372331923216056,EXP_LGBModel_Alpha158_csi300_custom_step0_s_20260519_18,c3971fbd67184ec48cd63cedfd7ced5e,0.077,,,
4128,2026-05-19,SZ001965,0.02309366455362503,EXP_LGBModel_Alpha158_csi300_custom_step0_s_20260519_18,c3971fbd67184ec48cd63cedfd7ced5e,0.077,,,
4129,2026-05-19,SZ001391,-0.005621711891823664,EXP_LGBModel_Alpha158_csi300_custom_step0_s_20260519_18,c3971fbd67184ec48cd63cedfd7ced5e,0.077,,,
4130,2026-05-19,SZ000999,-0.008076313373468704,EXP_LGBModel_Alpha158_csi300_custom_step0_s_20260519_18,c3971fbd67184ec48cd63cedfd7ced5e,0.077,,,
4131,2026-05-19,SZ000983,0.014520918537531614,EXP_LGBModel_Alpha158_csi300_custom_step0_s_20260519_18,c3971fbd67184ec48cd63cedfd7ced5e,0.077,,,
4132,2026-05-19,SZ000776,0.008324365567451229,EXP_LGBModel_Alpha158_csi300_custom_step0_s_20260519_18,c3971fbd67184ec48cd63cedfd7ced5e,0.077,,,
4133,2026-05-19,SZ000977,-0.0007919621266373501,EXP_LGBModel_Alpha158_csi300_custom_step0_s_20260519_18,c3971fbd67184ec48cd63cedfd7ced5e,0.077,,,
4134,2026-05-19,SZ000963,0.0014283066124117507,EXP_LGBModel_Alpha158_csi300_custom_step0_s_20260519_18,c3971fbd67184ec48cd63cedfd7ced5e,0.077,,,
4135,2026-05-19,SZ000938,0.006819530157612184,EXP_LGBModel_Alpha158_csi300_custom_step0_s_20260519_18,c3971fbd67184ec48cd63cedfd7ced5e,0.077,,,
4136,2026-05-19,SZ000895,-0.030594681791839107,EXP_LGBModel_Alpha158_csi300_custom_step0_s_20260519_18,c3971fbd67184ec48cd63cedfd7ced5e,0.077,,,
4137,2026-05-19,SZ000876,-0.02296018656548747,EXP_LGBModel_Alpha158_csi300_custom_step0_s_20260519_18,c3971fbd67184ec48cd63cedfd7ced5e,0.077,,,
4138,2026-05-19,SZ000858,0.005142660761177375,EXP_LGBModel_Alpha158_csi300_custom_step0_s_20260519_18,c3971fbd67184ec48cd63cedfd7ced5e,0.077,,,
4139,2026-05-19,SZ000807,0.0008127316079980709,EXP_LGBModel_Alpha158_csi300_custom_step0_s_20260519_18,c3971fbd67184ec48cd63cedfd7ced5e,0.077,,,
4140,2026-05-19,SZ000792,0.015600776955381788,EXP_LGBModel_Alpha158_csi300_custom_step0_s_20260519_18,c3971fbd67184ec48cd63cedfd7ced5e,0.077,,,
4141,2026-05-19,SZ000975,0.015847557979436763,EXP_LGBModel_Alpha158_csi300_custom_step0_s_20260519_18,c3971fbd67184ec48cd63cedfd7ced5e,0.077,,,
4142,2026-05-19,SH601360,0.015204734724445876,EXP_LGBModel_Alpha158_csi300_custom_step0_s_20260519_18,c3971fbd67184ec48cd63cedfd7ced5e,0.077,,,
4143,2026-05-19,SH601728,0.04559011925131575,EXP_DEnsembleModel_Alpha158_csi300_custom_step0_s_20260519_15,491014f444e34d238dba962805df9db4,0.051,,,
4144,2026-05-19,SH601788,-0.06421170848342937,EXP_DEnsembleModel_Alpha158_csi300_custom_step0_s_20260519_15,491014f444e34d238dba962805df9db4,0.051,,,
4145,2026-05-19,SH600460,-0.20626060258604853,EXP_DEnsembleModel_Alpha158_csi300_custom_step0_s_20260519_15,dab809d9c5a648b0a8f659dfd01c6af7,0.051,,,
4146,2026-05-19,SH600438,-0.0562889873806836,EXP_DEnsembleModel_Alpha158_csi300_custom_step0_s_20260519_15,dab809d9c5a648b0a8f659dfd01c6af7,0.051,,,
4147,2026-05-19,SH600436,-0.04424925705043075,EXP_DEnsembleModel_Alpha158_csi300_custom_step0_s_20260519_15,dab809d9c5a648b0a8f659dfd01c6af7,0.051,,,
4148,2026-05-19,SH600426,-0.09378775871712446,EXP_DEnsembleModel_Alpha158_csi300_custom_step0_s_20260519_15,dab809d9c5a648b0a8f659dfd01c6af7,0.051,,,
4149,2026-05-19,SH600415,-0.0874976384531117,EXP_DEnsembleModel_Alpha158_csi300_custom_step0_s_20260519_15,dab809d9c5a648b0a8f659dfd01c6af7,0.051,,,
4150,2026-05-19,SH600406,-0.030660153666745495,EXP_DEnsembleModel_Alpha158_csi300_custom_step0_s_20260519_15,dab809d9c5a648b0a8f659dfd01c6af7,0.051,,,
4151,2026-05-19,SH600377,0.0544103239673568,EXP_DEnsembleModel_Alpha158_csi300_custom_step0_s_20260519_15,dab809d9c5a648b0a8f659dfd01c6af7,0.051,,,
4152,2026-05-19,SH600372,-0.006473496083011936,EXP_DEnsembleModel_Alpha158_csi300_custom_step0_s_20260519_15,dab809d9c5a648b0a8f659dfd01c6af7,0.051,,,
4153,2026-05-19,SH600362,-0.048617502825485256,EXP_DEnsembleModel_Alpha158_csi300_custom_step0_s_20260519_15,dab809d9c5a648b0a8f659dfd01c6af7,0.051,,,
4154,2026-05-19,SH600346,-0.09372283101669188,EXP_DEnsembleModel_Alpha158_csi300_custom_step0_s_20260519_15,dab809d9c5a648b0a8f659dfd01c6af7,0.051,,,
4155,2026-05-19,SH600309,0.08320098562679991,EXP_DEnsembleModel_Alpha158_csi300_custom_step0_s_20260519_15,dab809d9c5a648b0a8f659dfd01c6af7,0.051,,,
4156,2026-05-19,SH600276,-0.05784032320364821,EXP_DEnsembleModel_Alpha158_csi300_custom_step0_s_20260519_15,dab809d9c5a648b0a8f659dfd01c6af7,0.051,,,
4157,2026-05-19,SH600233,-0.004815789012307238,EXP_DEnsembleModel_Alpha158_csi300_custom_step0_s_20260519_15,dab809d9c5a648b0a8f659dfd01c6af7,0.051,,,
4158,2026-05-19,SH600219,0.061818889503419586,EXP_DEnsembleModel_Alpha158_csi300_custom_step0_s_20260519_15,dab809d9c5a648b0a8f659dfd01c6af7,0.051,,,
4159,2026-05-19,SH600196,-0.061780124468914635,EXP_DEnsembleModel_Alpha158_csi300_custom_step0_s_20260519_15,dab809d9c5a648b0a8f659dfd01c6af7,0.051,,,
4160,2026-05-19,SH600482,-0.07111944274006142,EXP_DEnsembleModel_Alpha158_csi300_custom_step0_s_20260519_15,dab809d9c5a648b0a8f659dfd01c6af7,0.051,,,
4161,2026-05-19,SH600489,0.03558705679904738,EXP_DEnsembleModel_Alpha158_csi300_custom_step0_s_20260519_15,dab809d9c5a648b0a8f659dfd01c6af7,0.051,,,
4162,2026-05-19,SH600515,-0.07676357817444988,EXP_DEnsembleModel_Alpha158_csi300_custom_step0_s_20260519_15,dab809d9c5a648b0a8f659dfd01c6af7,0.051,,,
4163,2026-05-19,SH600519,0.021353566813501167,EXP_DEnsembleModel_Alpha158_csi300_custom_step0_s_20260519_15,dab809d9c5a648b0a8f659dfd01c6af7,0.051,,,
4164,2026-05-19,SH600845,0.016032017167781073,EXP_DEnsembleModel_Alpha158_csi300_custom_step0_s_20260519_15,dab809d9c5a648b0a8f659dfd01c6af7,0.051,,,
4165,2026-05-19,SH600809,-0.12875318672742936,EXP_DEnsembleModel_Alpha158_csi300_custom_step0_s_20260519_15,dab809d9c5a648b0a8f659dfd01c6af7,0.051,,,
4166,2026-05-19,SH600803,0.059063410763334906,EXP_DEnsembleModel_Alpha158_csi300_custom_step0_s_20260519_15,dab809d9c5a648b0a8f659dfd01c6af7,0.051,,,
4167,2026-05-19,SH600795,0.06598797899410473,EXP_DEnsembleModel_Alpha158_csi300_custom_step0_s_20260519_15,dab809d9c5a648b0a8f659dfd01c6af7,0.051,,,
4168,2026-05-19,SH600760,-0.1043275345309077,EXP_DEnsembleModel_Alpha158_csi300_custom_step0_s_20260519_15,dab809d9c5a648b0a8f659dfd01c6af7,0.051,,,
4169,2026-05-19,SH600741,0.005352126419774823,EXP_DEnsembleModel_Alpha158_csi300_custom_step0_s_20260519_15,dab809d9c5a648b0a8f659dfd01c6af7,0.051,,,
4170,2026-05-19,SH600690,0.12357349028297399,EXP_DEnsembleModel_Alpha158_csi300_custom_step0_s_20260519_15,dab809d9c5a648b0a8f659dfd01c6af7,0.051,,,
4171,2026-05-19,SH600188,-0.09804984801109459,EXP_DEnsembleModel_Alpha158_csi300_custom_step0_s_20260519_15,dab809d9c5a648b0a8f659dfd01c6af7,0.051,,,
4172,2026-05-19,SH600674,0.03495612420228723,EXP_DEnsembleModel_Alpha158_csi300_custom_step0_s_20260519_15,dab809d9c5a648b0a8f659dfd01c6af7,0.051,,,
4173,2026-05-19,SH600600,0.03639603010995582,EXP_DEnsembleModel_Alpha158_csi300_custom_step0_s_20260519_15,dab809d9c5a648b0a8f659dfd01c6af7,0.051,,,
4174,2026-05-19,SH600588,-0.1159519018254899,EXP_DEnsembleModel_Alpha158_csi300_custom_step0_s_20260519_15,dab809d9c5a648b0a8f659dfd01c6af7,0.051,,,
4175,2026-05-19,SH600585,-0.029365293759062532,EXP_DEnsembleModel_Alpha158_csi300_custom_step0_s_20260519_15,dab809d9c5a648b0a8f659dfd01c6af7,0.051,,,
4176,2026-05-19,SH600584,-0.1028125649393328,EXP_DEnsembleModel_Alpha158_csi300_custom_step0_s_20260519_15,dab809d9c5a648b0a8f659dfd01c6af7,0.051,,,
4177,2026-05-19,SH600570,-0.1261858542505902,EXP_DEnsembleModel_Alpha158_csi300_custom_step0_s_20260519_15,dab809d9c5a648b0a8f659dfd01c6af7,0.051,,,
4178,2026-05-19,SH600547,0.0804826050221264,EXP_DEnsembleModel_Alpha158_csi300_custom_step0_s_20260519_15,dab809d9c5a648b0a8f659dfd01c6af7,0.051,,,
4179,2026-05-19,SH600522,-0.018039943193726277,EXP_DEnsembleModel_Alpha158_csi300_custom_step0_s_20260519_15,dab809d9c5a648b0a8f659dfd01c6af7,0.051,,,
4180,2026-05-19,SH600660,-0.013639960489489953,EXP_DEnsembleModel_Alpha158_csi300_custom_step0_s_20260519_15,dab809d9c5a648b0a8f659dfd01c6af7,0.051,,,
4181,2026-05-19,SH600183,-0.27644604698214775,EXP_DEnsembleModel_Alpha158_csi300_custom_step0_s_20260519_15,dab809d9c5a648b0a8f659dfd01c6af7,0.051,,,
4182,2026-05-19,SH600176,0.016106789812230685,EXP_DEnsembleModel_Alpha158_csi300_custom_step0_s_20260519_15,dab809d9c5a648b0a8f659dfd01c6af7,0.051,,,
4183,2026-05-19,SH600161,-0.02386843443787646,EXP_DEnsembleModel_Alpha158_csi300_custom_step0_s_20260519_15,dab809d9c5a648b0a8f659dfd01c6af7,0.051,,,
4184,2026-05-19,SH600023,0.08088378946117664,EXP_DEnsembleModel_Alpha158_csi300_custom_step0_s_20260519_15,dab809d9c5a648b0a8f659dfd01c6af7,0.051,,,
4185,2026-05-19,SH600019,0.020052192008286885,EXP_DEnsembleModel_Alpha158_csi300_custom_step0_s_20260519_15,dab809d9c5a648b0a8f659dfd01c6af7,0.051,,,
4186,2026-05-19,SH600018,0.1376799153928584,EXP_DEnsembleModel_Alpha158_csi300_custom_step0_s_20260519_15,dab809d9c5a648b0a8f659dfd01c6af7,0.051,,,
4187,2026-05-19,SH600016,0.039136993675300574,EXP_DEnsembleModel_Alpha158_csi300_custom_step0_s_20260519_15,dab809d9c5a648b0a8f659dfd01c6af7,0.051,,,
4188,2026-05-19,SH600015,0.04246606655732039,EXP_DEnsembleModel_Alpha158_csi300_custom_step0_s_20260519_15,dab809d9c5a648b0a8f659dfd01c6af7,0.051,,,
4189,2026-05-19,SH600011,0.11969884628059535,EXP_DEnsembleModel_Alpha158_csi300_custom_step0_s_20260519_15,dab809d9c5a648b0a8f659dfd01c6af7,0.051,,,
4190,2026-05-19,SH600010,-0.10492875813650801,EXP_DEnsembleModel_Alpha158_csi300_custom_step0_s_20260519_15,dab809d9c5a648b0a8f659dfd01c6af7,0.051,,,
4191,2026-05-19,SH600025,0.035367900923155435,EXP_DEnsembleModel_Alpha158_csi300_custom_step0_s_20260519_15,dab809d9c5a648b0a8f659dfd01c6af7,0.051,,,
4192,2026-05-19,SH600009,-0.021498325771340213,EXP_DEnsembleModel_Alpha158_csi300_custom_step0_s_20260519_15,dab809d9c5a648b0a8f659dfd01c6af7,0.051,,,
4193,2026-05-19,SZ302132,-0.07826177105675934,EXP_DEnsembleModel_Alpha158_csi300_custom_step0_s_20260519_15,491014f444e34d238dba962805df9db4,0.051,,,
4194,2026-05-19,SZ301269,-0.07300624682614443,EXP_DEnsembleModel_Alpha158_csi300_custom_step0_s_20260519_15,491014f444e34d238dba962805df9db4,0.051,,,
4195,2026-05-19,SZ301236,-0.0866398892075491,EXP_DEnsembleModel_Alpha158_csi300_custom_step0_s_20260519_15,491014f444e34d238dba962805df9db4,0.051,,,
4196,2026-05-19,SZ300999,-0.033974417952603295,EXP_DEnsembleModel_Alpha158_csi300_custom_step0_s_20260519_15,491014f444e34d238dba962805df9db4,0.051,,,
4197,2026-05-19,SZ300979,0.04493840330661085,EXP_DEnsembleModel_Alpha158_csi300_custom_step0_s_20260519_15,491014f444e34d238dba962805df9db4,0.051,,,
4198,2026-05-19,SZ300896,-0.05904202778791647,EXP_DEnsembleModel_Alpha158_csi300_custom_step0_s_20260519_15,491014f444e34d238dba962805df9db4,0.051,,,
4199,2026-05-19,SZ300866,0.07508481912682329,EXP_DEnsembleModel_Alpha158_csi300_custom_step0_s_20260519_15,491014f444e34d238dba962805df9db4,0.051,,,
4200,2026-05-19,SH600000,-0.019416004647568968,EXP_DEnsembleModel_Alpha158_csi300_custom_step0_s_20260519_15,dab809d9c5a648b0a8f659dfd01c6af7,0.051,,,
4201,2026-05-19,SH600875,-0.015017402616310151,EXP_DEnsembleModel_Alpha158_csi300_custom_step0_s_20260519_15,dab809d9c5a648b0a8f659dfd01c6af7,0.051,,,
4202,2026-05-19,SH600026,-0.09636342743150432,EXP_DEnsembleModel_Alpha158_csi300_custom_step0_s_20260519_15,dab809d9c5a648b0a8f659dfd01c6af7,0.051,,,
4203,2026-05-19,SH600028,-0.005894259199141012,EXP_DEnsembleModel_Alpha158_csi300_custom_step0_s_20260519_15,dab809d9c5a648b0a8f659dfd01c6af7,0.051,,,
4204,2026-05-19,SH600160,-0.0019216200082139,EXP_DEnsembleModel_Alpha158_csi300_custom_step0_s_20260519_15,dab809d9c5a648b0a8f659dfd01c6af7,0.051,,,
4205,2026-05-19,SH600150,0.045444095191486504,EXP_DEnsembleModel_Alpha158_csi300_custom_step0_s_20260519_15,dab809d9c5a648b0a8f659dfd01c6af7,0.051,,,
4206,2026-05-19,SH600115,-0.1741359589246686,EXP_DEnsembleModel_Alpha158_csi300_custom_step0_s_20260519_15,dab809d9c5a648b0a8f659dfd01c6af7,0.051,,,
4207,2026-05-19,SH600111,-0.010812796442667671,EXP_DEnsembleModel_Alpha158_csi300_custom_step0_s_20260519_15,dab809d9c5a648b0a8f659dfd01c6af7,0.051,,,
4208,2026-05-19,SH600104,0.025908546231592743,EXP_DEnsembleModel_Alpha158_csi300_custom_step0_s_20260519_15,dab809d9c5a648b0a8f659dfd01c6af7,0.051,,,
4209,2026-05-19,SH600089,-0.09408143080387293,EXP_DEnsembleModel_Alpha158_csi300_custom_step0_s_20260519_15,dab809d9c5a648b0a8f659dfd01c6af7,0.051,,,
4210,2026-05-19,SH600085,0.03221528973574757,EXP_DEnsembleModel_Alpha158_csi300_custom_step0_s_20260519_15,dab809d9c5a648b0a8f659dfd01c6af7,0.051,,,
4211,2026-05-19,SH600027,0.08748901760088883,EXP_DEnsembleModel_Alpha158_csi300_custom_step0_s_20260519_15,dab809d9c5a648b0a8f659dfd01c6af7,0.051,,,
4212,2026-05-19,SH600066,-0.02537072650573701,EXP_DEnsembleModel_Alpha158_csi300_custom_step0_s_20260519_15,dab809d9c5a648b0a8f659dfd01c6af7,0.051,,,
4213,2026-05-19,SH600050,0.030861828388560397,EXP_DEnsembleModel_Alpha158_csi300_custom_step0_s_20260519_15,dab809d9c5a648b0a8f659dfd01c6af7,0.051,,,
4214,2026-05-19,SH600048,-0.1730531776664369,EXP_DEnsembleModel_Alpha158_csi300_custom_step0_s_20260519_15,dab809d9c5a648b0a8f659dfd01c6af7,0.051,,,
4215,2026-05-19,SH600039,0.12281328723281414,EXP_DEnsembleModel_Alpha158_csi300_custom_step0_s_20260519_15,dab809d9c5a648b0a8f659dfd01c6af7,0.051,,,
4216,2026-05-19,SH600036,0.0368669809726495,EXP_DEnsembleModel_Alpha158_csi300_custom_step0_s_20260519_15,dab809d9c5a648b0a8f659dfd01c6af7,0.051,,,
4217,2026-05-19,SH600031,-0.08023333318500624,EXP_DEnsembleModel_Alpha158_csi300_custom_step0_s_20260519_15,dab809d9c5a648b0a8f659dfd01c6af7,0.051,,,
4218,2026-05-19,SH600030,-0.09272481647642823,EXP_DEnsembleModel_Alpha158_csi300_custom_step0_s_20260519_15,dab809d9c5a648b0a8f659dfd01c6af7,0.051,,,
4219,2026-05-19,SH600029,-0.10909498617672285,EXP_DEnsembleModel_Alpha158_csi300_custom_step0_s_20260519_15,dab809d9c5a648b0a8f659dfd01c6af7,0.051,,,
4220,2026-05-19,SH600061,-0.09894598850317343,EXP_DEnsembleModel_Alpha158_csi300_custom_step0_s_20260519_15,dab809d9c5a648b0a8f659dfd01c6af7,0.051,,,
4221,2026-05-19,SH600886,0.016320418183124862,EXP_DEnsembleModel_Alpha158_csi300_custom_step0_s_20260519_15,dab809d9c5a648b0a8f659dfd01c6af7,0.051,,,
4222,2026-05-19,SH600887,0.06942490617719593,EXP_DEnsembleModel_Alpha158_csi300_custom_step0_s_20260519_15,dab809d9c5a648b0a8f659dfd01c6af7,0.051,,,
4223,2026-05-19,SH600893,-0.020836507442244502,EXP_DEnsembleModel_Alpha158_csi300_custom_step0_s_20260519_15,dab809d9c5a648b0a8f659dfd01c6af7,0.051,,,
4224,2026-05-19,SH601688,-0.15992231875151755,EXP_DEnsembleModel_Alpha158_csi300_custom_step0_s_20260519_15,dab809d9c5a648b0a8f659dfd01c6af7,0.051,,,
4225,2026-05-19,SH601669,-0.01886563543564659,EXP_DEnsembleModel_Alpha158_csi300_custom_step0_s_20260519_15,dab809d9c5a648b0a8f659dfd01c6af7,0.051,,,
4226,2026-05-19,SH601668,0.12097863014499276,EXP_DEnsembleModel_Alpha158_csi300_custom_step0_s_20260519_15,dab809d9c5a648b0a8f659dfd01c6af7,0.051,,,
4227,2026-05-19,SH601658,0.05309214908288095,EXP_DEnsembleModel_Alpha158_csi300_custom_step0_s_20260519_15,dab809d9c5a648b0a8f659dfd01c6af7,0.051,,,
4228,2026-05-19,SH601633,-0.0159620456351525,EXP_DEnsembleModel_Alpha158_csi300_custom_step0_s_20260519_15,dab809d9c5a648b0a8f659dfd01c6af7,0.051,,,
4229,2026-05-19,SH601628,-0.03581415496462431,EXP_DEnsembleModel_Alpha158_csi300_custom_step0_s_20260519_15,dab809d9c5a648b0a8f659dfd01c6af7,0.051,,,
4230,2026-05-19,SH601618,0.04529091074670461,EXP_DEnsembleModel_Alpha158_csi300_custom_step0_s_20260519_15,dab809d9c5a648b0a8f659dfd01c6af7,0.051,,,
4231,2026-05-19,SH601689,-0.08324849820530046,EXP_DEnsembleModel_Alpha158_csi300_custom_step0_s_20260519_15,dab809d9c5a648b0a8f659dfd01c6af7,0.051,,,
4232,2026-05-19,SH601607,0.04291022767202555,EXP_DEnsembleModel_Alpha158_csi300_custom_step0_s_20260519_15,dab809d9c5a648b0a8f659dfd01c6af7,0.051,,,
4233,2026-05-19,SH601600,-0.08048307287278912,EXP_DEnsembleModel_Alpha158_csi300_custom_step0_s_20260519_15,dab809d9c5a648b0a8f659dfd01c6af7,0.051,,,
4234,2026-05-19,SH601456,0.011136304651507403,EXP_DEnsembleModel_Alpha158_csi300_custom_step0_s_20260519_15,dab809d9c5a648b0a8f659dfd01c6af7,0.051,,,
4235,2026-05-19,SH601398,0.13231212732781275,EXP_DEnsembleModel_Alpha158_csi300_custom_step0_s_20260519_15,dab809d9c5a648b0a8f659dfd01c6af7,0.051,,,
4236,2026-05-19,SH601390,0.009144079389743202,EXP_DEnsembleModel_Alpha158_csi300_custom_step0_s_20260519_15,dab809d9c5a648b0a8f659dfd01c6af7,0.051,,,
4237,2026-05-19,SH601377,-0.04100220178691923,EXP_DEnsembleModel_Alpha158_csi300_custom_step0_s_20260519_15,dab809d9c5a648b0a8f659dfd01c6af7,0.051,,,
4238,2026-05-19,SH601360,-0.12731966792701166,EXP_DEnsembleModel_Alpha158_csi300_custom_step0_s_20260519_15,dab809d9c5a648b0a8f659dfd01c6af7,0.051,,,
4239,2026-05-19,SH601336,-0.09485918994905106,EXP_DEnsembleModel_Alpha158_csi300_custom_step0_s_20260519_15,dab809d9c5a648b0a8f659dfd01c6af7,0.051,,,
4240,2026-05-19,SH601601,-0.052650930738904055,EXP_DEnsembleModel_Alpha158_csi300_custom_step0_s_20260519_15,dab809d9c5a648b0a8f659dfd01c6af7,0.051,,,
4241,2026-05-19,SH601328,0.1246978428036329,EXP_DEnsembleModel_Alpha158_csi300_custom_step0_s_20260519_15,dab809d9c5a648b0a8f659dfd01c6af7,0.051,,,
4242,2026-05-19,SH601698,-0.01283575655085944,EXP_DEnsembleModel_Alpha158_csi300_custom_step0_s_20260519_15,dab809d9c5a648b0a8f659dfd01c6af7,0.051,,,
4243,2026-05-19,SH601766,0.06742158484126497,EXP_DEnsembleModel_Alpha158_csi300_custom_step0_s_20260519_15,dab809d9c5a648b0a8f659dfd01c6af7,0.051,,,
4244,2026-05-19,SH601899,-0.008062505527856713,EXP_DEnsembleModel_Alpha158_csi300_custom_step0_s_20260519_15,dab809d9c5a648b0a8f659dfd01c6af7,0.051,,,
4245,2026-05-19,SH601898,-0.07031700786731897,EXP_DEnsembleModel_Alpha158_csi300_custom_step0_s_20260519_15,dab809d9c5a648b0a8f659dfd01c6af7,0.051,,,
4246,2026-05-19,SH601888,-0.028095121902649765,EXP_DEnsembleModel_Alpha158_csi300_custom_step0_s_20260519_15,dab809d9c5a648b0a8f659dfd01c6af7,0.051,,,
4247,2026-05-19,SH601881,-0.06421030982724654,EXP_DEnsembleModel_Alpha158_csi300_custom_step0_s_20260519_15,dab809d9c5a648b0a8f659dfd01c6af7,0.051,,,
4248,2026-05-19,SH601878,-0.025355748890676492,EXP_DEnsembleModel_Alpha158_csi300_custom_step0_s_20260519_15,dab809d9c5a648b0a8f659dfd01c6af7,0.051,,,
4249,2026-05-19,SH601877,0.01947818527594165,EXP_DEnsembleModel_Alpha158_csi300_custom_step0_s_20260519_15,dab809d9c5a648b0a8f659dfd01c6af7,0.051,,,
4250,2026-05-19,SH601872,-0.09496127895042235,EXP_DEnsembleModel_Alpha158_csi300_custom_step0_s_20260519_15,dab809d9c5a648b0a8f659dfd01c6af7,0.051,,,
4251,2026-05-19,SH601728,0.04900950553715572,EXP_DEnsembleModel_Alpha158_csi300_custom_step0_s_20260519_15,dab809d9c5a648b0a8f659dfd01c6af7,0.051,,,
4252,2026-05-19,SH601868,0.009933432461627615,EXP_DEnsembleModel_Alpha158_csi300_custom_step0_s_20260519_15,dab809d9c5a648b0a8f659dfd01c6af7,0.051,,,
4253,2026-05-19,SH601838,0.013049965812619822,EXP_DEnsembleModel_Alpha158_csi300_custom_step0_s_20260519_15,dab809d9c5a648b0a8f659dfd01c6af7,0.051,,,
4254,2026-05-19,SH601825,0.09426056119966598,EXP_DEnsembleModel_Alpha158_csi300_custom_step0_s_20260519_15,dab809d9c5a648b0a8f659dfd01c6af7,0.051,,,
4255,2026-05-19,SH601818,0.0843270508493992,EXP_DEnsembleModel_Alpha158_csi300_custom_step0_s_20260519_15,dab809d9c5a648b0a8f659dfd01c6af7,0.051,,,
4256,2026-05-19,SH601816,0.02582884344492699,EXP_DEnsembleModel_Alpha158_csi300_custom_step0_s_20260519_15,dab809d9c5a648b0a8f659dfd01c6af7,0.051,,,
4257,2026-05-19,SH601808,0.01580599382595222,EXP_DEnsembleModel_Alpha158_csi300_custom_step0_s_20260519_15,dab809d9c5a648b0a8f659dfd01c6af7,0.051,,,
4258,2026-05-19,SH601800,-0.026151766458121662,EXP_DEnsembleModel_Alpha158_csi300_custom_step0_s_20260519_15,dab809d9c5a648b0a8f659dfd01c6af7,0.051,,,
4259,2026-05-19,SH601788,-0.060128714319648516,EXP_DEnsembleModel_Alpha158_csi300_custom_step0_s_20260519_15,dab809d9c5a648b0a8f659dfd01c6af7,0.051,,,
4260,2026-05-19,SH601857,0.05210848340913837,EXP_DEnsembleModel_Alpha158_csi300_custom_step0_s_20260519_15,dab809d9c5a648b0a8f659dfd01c6af7,0.051,,,
4261,2026-05-19,SZ300832,-0.004580420861439905,EXP_DEnsembleModel_Alpha158_csi300_custom_step0_s_20260519_15,491014f444e34d238dba962805df9db4,0.051,,,
4262,2026-05-19,SH601319,-0.0438180240531111,EXP_DEnsembleModel_Alpha158_csi300_custom_step0_s_20260519_15,dab809d9c5a648b0a8f659dfd01c6af7,0.051,,,
4263,2026-05-19,SH601298,0.09052849703836569,EXP_DEnsembleModel_Alpha158_csi300_custom_step0_s_20260519_15,dab809d9c5a648b0a8f659dfd01c6af7,0.051,,,
4264,2026-05-19,SH601021,-0.17844844048600567,EXP_DEnsembleModel_Alpha158_csi300_custom_step0_s_20260519_15,dab809d9c5a648b0a8f659dfd01c6af7,0.051,,,
4265,2026-05-19,SH601018,0.036682869792512354,EXP_DEnsembleModel_Alpha158_csi300_custom_step0_s_20260519_15,dab809d9c5a648b0a8f659dfd01c6af7,0.051,,,
4266,2026-05-19,SH601012,-0.017290031583468934,EXP_DEnsembleModel_Alpha158_csi300_custom_step0_s_20260519_15,dab809d9c5a648b0a8f659dfd01c6af7,0.051,,,
4267,2026-05-19,SH601009,0.028094912516942055,EXP_DEnsembleModel_Alpha158_csi300_custom_step0_s_20260519_15,dab809d9c5a648b0a8f659dfd01c6af7,0.051,,,
4268,2026-05-19,SH601006,0.18154837576675903,EXP_DEnsembleModel_Alpha158_csi300_custom_step0_s_20260519_15,dab809d9c5a648b0a8f659dfd01c6af7,0.051,,,
4269,2026-05-19,SH600999,0.01207118703066559,EXP_DEnsembleModel_Alpha158_csi300_custom_step0_s_20260519_15,dab809d9c5a648b0a8f659dfd01c6af7,0.051,,,
4270,2026-05-19,SH600989,-0.05301464000980187,EXP_DEnsembleModel_Alpha158_csi300_custom_step0_s_20260519_15,dab809d9c5a648b0a8f659dfd01c6af7,0.051,,,
4271,2026-05-19,SH601058,-0.08242894492571042,EXP_DEnsembleModel_Alpha158_csi300_custom_step0_s_20260519_15,dab809d9c5a648b0a8f659dfd01c6af7,0.051,,,
4272,2026-05-19,SH600958,-0.0723101838096712,EXP_DEnsembleModel_Alpha158_csi300_custom_step0_s_20260519_15,dab809d9c5a648b0a8f659dfd01c6af7,0.051,,,
4273,2026-05-19,SH600938,0.0733359306838421,EXP_DEnsembleModel_Alpha158_csi300_custom_step0_s_20260519_15,dab809d9c5a648b0a8f659dfd01c6af7,0.051,,,
4274,2026-05-19,SH600930,-0.04383333678654744,EXP_DEnsembleModel_Alpha158_csi300_custom_step0_s_20260519_15,dab809d9c5a648b0a8f659dfd01c6af7,0.051,,,
4275,2026-05-19,SH600926,0.025676733298416996,EXP_DEnsembleModel_Alpha158_csi300_custom_step0_s_20260519_15,dab809d9c5a648b0a8f659dfd01c6af7,0.051,,,
4276,2026-05-19,SH600919,0.14220966767557977,EXP_DEnsembleModel_Alpha158_csi300_custom_step0_s_20260519_15,dab809d9c5a648b0a8f659dfd01c6af7,0.051,,,
4277,2026-05-19,SH600918,0.038434650379378654,EXP_DEnsembleModel_Alpha158_csi300_custom_step0_s_20260519_15,dab809d9c5a648b0a8f659dfd01c6af7,0.051,,,
4278,2026-05-19,SH600905,0.09721178633009123,EXP_DEnsembleModel_Alpha158_csi300_custom_step0_s_20260519_15,dab809d9c5a648b0a8f659dfd01c6af7,0.051,,,
4279,2026-05-19,SH600900,0.09717589993353472,EXP_DEnsembleModel_Alpha158_csi300_custom_step0_s_20260519_15,dab809d9c5a648b0a8f659dfd01c6af7,0.051,,,
4280,2026-05-19,SH600941,0.13678164801924755,EXP_DEnsembleModel_Alpha158_csi300_custom_step0_s_20260519_15,dab809d9c5a648b0a8f659dfd01c6af7,0.051,,,
4281,2026-05-19,SH601318,-0.08116611395072293,EXP_DEnsembleModel_Alpha158_csi300_custom_step0_s_20260519_15,dab809d9c5a648b0a8f659dfd01c6af7,0.051,,,
4282,2026-05-19,SH601059,0.07486641487468347,EXP_DEnsembleModel_Alpha158_csi300_custom_step0_s_20260519_15,dab809d9c5a648b0a8f659dfd01c6af7,0.051,,,
4283,2026-05-19,SH601077,0.0453901990899999,EXP_DEnsembleModel_Alpha158_csi300_custom_step0_s_20260519_15,dab809d9c5a648b0a8f659dfd01c6af7,0.051,,,
4284,2026-05-19,SH601288,0.08546250659578832,EXP_DEnsembleModel_Alpha158_csi300_custom_step0_s_20260519_15,dab809d9c5a648b0a8f659dfd01c6af7,0.051,,,
4285,2026-05-19,SH601238,-0.05488408224013883,EXP_DEnsembleModel_Alpha158_csi300_custom_step0_s_20260519_15,dab809d9c5a648b0a8f659dfd01c6af7,0.051,,,
4286,2026-05-19,SH601236,-0.018949051908696328,EXP_DEnsembleModel_Alpha158_csi300_custom_step0_s_20260519_15,dab809d9c5a648b0a8f659dfd01c6af7,0.051,,,
4287,2026-05-19,SH601229,-0.005790371704034124,EXP_DEnsembleModel_Alpha158_csi300_custom_step0_s_20260519_15,dab809d9c5a648b0a8f659dfd01c6af7,0.051,,,
4288,2026-05-19,SH601225,0.017470086326977503,EXP_DEnsembleModel_Alpha158_csi300_custom_step0_s_20260519_15,dab809d9c5a648b0a8f659dfd01c6af7,0.051,,,
4289,2026-05-19,SH601211,-0.041105096882240726,EXP_DEnsembleModel_Alpha158_csi300_custom_step0_s_20260519_15,dab809d9c5a648b0a8f659dfd01c6af7,0.051,,,
4290,2026-05-19,SH601186,0.0287615733029668,EXP_DEnsembleModel_Alpha158_csi300_custom_step0_s_20260519_15,dab809d9c5a648b0a8f659dfd01c6af7,0.051,,,
4291,2026-05-19,SH601066,-0.09785636915734314,EXP_DEnsembleModel_Alpha158_csi300_custom_step0_s_20260519_15,dab809d9c5a648b0a8f659dfd01c6af7,0.051,,,
4292,2026-05-19,SH601169,0.059286803525339,EXP_DEnsembleModel_Alpha158_csi300_custom_step0_s_20260519_15,dab809d9c5a648b0a8f659dfd01c6af7,0.051,,,
4293,2026-05-19,SH601138,-0.1160607410254817,EXP_DEnsembleModel_Alpha158_csi300_custom_step0_s_20260519_15,dab809d9c5a648b0a8f659dfd01c6af7,0.051,,,
4294,2026-05-19,SH601136,-0.025572759532076047,EXP_DEnsembleModel_Alpha158_csi300_custom_step0_s_20260519_15,dab809d9c5a648b0a8f659dfd01c6af7,0.051,,,
4295,2026-05-19,SH601127,-0.10114493016150644,EXP_DEnsembleModel_Alpha158_csi300_custom_step0_s_20260519_15,dab809d9c5a648b0a8f659dfd01c6af7,0.051,,,
4296,2026-05-19,SH601117,-0.02332327492342088,EXP_DEnsembleModel_Alpha158_csi300_custom_step0_s_20260519_15,dab809d9c5a648b0a8f659dfd01c6af7,0.051,,,
4297,2026-05-19,SH601111,-0.14173425944887047,EXP_DEnsembleModel_Alpha158_csi300_custom_step0_s_20260519_15,dab809d9c5a648b0a8f659dfd01c6af7,0.051,,,
4298,2026-05-19,SH601100,-0.08415565548347817,EXP_DEnsembleModel_Alpha158_csi300_custom_step0_s_20260519_15,dab809d9c5a648b0a8f659dfd01c6af7,0.051,,,
4299,2026-05-19,SH601088,0.028571034563319588,EXP_DEnsembleModel_Alpha158_csi300_custom_step0_s_20260519_15,dab809d9c5a648b0a8f659dfd01c6af7,0.051,,,
4300,2026-05-19,SH601166,0.04567657681971806,EXP_DEnsembleModel_Alpha158_csi300_custom_step0_s_20260519_15,dab809d9c5a648b0a8f659dfd01c6af7,0.051,,,
4301,2026-05-19,SZ300803,-0.13887404571757783,EXP_DEnsembleModel_Alpha158_csi300_custom_step0_s_20260519_15,491014f444e34d238dba962805df9db4,0.051,,,
4302,2026-05-19,SZ300782,0.003990249739307269,EXP_DEnsembleModel_Alpha158_csi300_custom_step0_s_20260519_15,491014f444e34d238dba962805df9db4,0.051,,,
4303,2026-05-19,SZ300760,-0.07956646805263974,EXP_DEnsembleModel_Alpha158_csi300_custom_step0_s_20260519_15,491014f444e34d238dba962805df9db4,0.051,,,
4304,2026-05-19,SH688506,-0.055022127516806796,EXP_DEnsembleModel_Alpha158_csi300_custom_step0_s_20260519_15,491014f444e34d238dba962805df9db4,0.051,,,
4305,2026-05-19,SH688472,-0.018344085751022823,EXP_DEnsembleModel_Alpha158_csi300_custom_step0_s_20260519_15,491014f444e34d238dba962805df9db4,0.051,,,
4306,2026-05-19,SH688396,-0.1412480491426926,EXP_DEnsembleModel_Alpha158_csi300_custom_step0_s_20260519_15,491014f444e34d238dba962805df9db4,0.051,,,
4307,2026-05-19,SH688303,-0.10313609234712313,EXP_DEnsembleModel_Alpha158_csi300_custom_step0_s_20260519_15,491014f444e34d238dba962805df9db4,0.051,,,
4308,2026-05-19,SH688271,-0.007761477117349984,EXP_DEnsembleModel_Alpha158_csi300_custom_step0_s_20260519_15,491014f444e34d238dba962805df9db4,0.051,,,
4309,2026-05-19,SH688256,-0.0669279292316466,EXP_DEnsembleModel_Alpha158_csi300_custom_step0_s_20260519_15,491014f444e34d238dba962805df9db4,0.051,,,
4310,2026-05-19,SH688223,-0.03748260424121494,EXP_DEnsembleModel_Alpha158_csi300_custom_step0_s_20260519_15,491014f444e34d238dba962805df9db4,0.051,,,
4311,2026-05-19,SH688981,-0.10698390367652129,EXP_DEnsembleModel_Alpha158_csi300_custom_step0_s_20260519_15,491014f444e34d238dba962805df9db4,0.051,,,
4312,2026-05-19,SH688187,0.03952173866470344,EXP_DEnsembleModel_Alpha158_csi300_custom_step0_s_20260519_15,491014f444e34d238dba962805df9db4,0.051,,,
4313,2026-05-19,SH688126,-0.24371111711418944,EXP_DEnsembleModel_Alpha158_csi300_custom_step0_s_20260519_15,491014f444e34d238dba962805df9db4,0.051,,,
4314,2026-05-19,SH688111,-0.13387218637826642,EXP_DEnsembleModel_Alpha158_csi300_custom_step0_s_20260519_15,491014f444e34d238dba962805df9db4,0.051,,,
4315,2026-05-19,SH688082,-0.13272342879366478,EXP_DEnsembleModel_Alpha158_csi300_custom_step0_s_20260519_15,491014f444e34d238dba962805df9db4,0.051,,,
4316,2026-05-19,SH688047,-0.024061177887791083,EXP_DEnsembleModel_Alpha158_csi300_custom_step0_s_20260519_15,491014f444e34d238dba962805df9db4,0.051,,,
4317,2026-05-19,SH688041,0.00854851100241873,EXP_DEnsembleModel_Alpha158_csi300_custom_step0_s_20260519_15,491014f444e34d238dba962805df9db4,0.051,,,
4318,2026-05-19,SH688036,-0.039957920768725126,EXP_DEnsembleModel_Alpha158_csi300_custom_step0_s_20260519_15,491014f444e34d238dba962805df9db4,0.051,,,
4319,2026-05-19,SH688012,-0.32043773420539096,EXP_DEnsembleModel_Alpha158_csi300_custom_step0_s_20260519_15,491014f444e34d238dba962805df9db4,0.051,,,
4320,2026-05-19,SH688169,-0.0728013936352507,EXP_DEnsembleModel_Alpha158_csi300_custom_step0_s_20260519_15,491014f444e34d238dba962805df9db4,0.051,,,
4321,2026-05-19,SH688009,-0.009242865153968488,EXP_DEnsembleModel_Alpha158_csi300_custom_step0_s_20260519_15,491014f444e34d238dba962805df9db4,0.051,,,
4322,2026-05-19,SZ000001,0.022323273332536028,EXP_DEnsembleModel_Alpha158_csi300_custom_step0_s_20260519_15,491014f444e34d238dba962805df9db4,0.051,,,
4323,2026-05-19,SZ000063,-0.017909655936241036,EXP_DEnsembleModel_Alpha158_csi300_custom_step0_s_20260519_15,491014f444e34d238dba962805df9db4,0.051,,,
4324,2026-05-19,SZ000661,-0.044232431155366604,EXP_DEnsembleModel_Alpha158_csi300_custom_step0_s_20260519_15,491014f444e34d238dba962805df9db4,0.051,,,
4325,2026-05-19,SZ000651,0.10462124211834864,EXP_DEnsembleModel_Alpha158_csi300_custom_step0_s_20260519_15,491014f444e34d238dba962805df9db4,0.051,,,
4326,2026-05-19,SZ000630,-0.012573038803353833,EXP_DEnsembleModel_Alpha158_csi300_custom_step0_s_20260519_15,491014f444e34d238dba962805df9db4,0.051,,,
4327,2026-05-19,SZ000625,-0.03525248553719675,EXP_DEnsembleModel_Alpha158_csi300_custom_step0_s_20260519_15,491014f444e34d238dba962805df9db4,0.051,,,
4328,2026-05-19,SZ000617,-0.06823735448931047,EXP_DEnsembleModel_Alpha158_csi300_custom_step0_s_20260519_15,491014f444e34d238dba962805df9db4,0.051,,,
4329,2026-05-19,SZ000596,-0.07712780487174743,EXP_DEnsembleModel_Alpha158_csi300_custom_step0_s_20260519_15,491014f444e34d238dba962805df9db4,0.051,,,
4330,2026-05-19,SZ000568,-0.0969265889591117,EXP_DEnsembleModel_Alpha158_csi300_custom_step0_s_20260519_15,491014f444e34d238dba962805df9db4,0.051,,,
4331,2026-05-19,SZ000002,-0.06870973165613731,EXP_DEnsembleModel_Alpha158_csi300_custom_step0_s_20260519_15,491014f444e34d238dba962805df9db4,0.051,,,
4332,2026-05-19,SZ000538,0.004936310487017674,EXP_DEnsembleModel_Alpha158_csi300_custom_step0_s_20260519_15,491014f444e34d238dba962805df9db4,0.051,,,
4333,2026-05-19,SZ000408,-0.020506336185197753,EXP_DEnsembleModel_Alpha158_csi300_custom_step0_s_20260519_15,491014f444e34d238dba962805df9db4,0.051,,,
4334,2026-05-19,SZ000338,0.11210450404777718,EXP_DEnsembleModel_Alpha158_csi300_custom_step0_s_20260519_15,491014f444e34d238dba962805df9db4,0.051,,,
4335,2026-05-19,SZ000333,0.08516324954506645,EXP_DEnsembleModel_Alpha158_csi300_custom_step0_s_20260519_15,491014f444e34d238dba962805df9db4,0.051,,,
4336,2026-05-19,SZ000301,-0.022908068928015595,EXP_DEnsembleModel_Alpha158_csi300_custom_step0_s_20260519_15,491014f444e34d238dba962805df9db4,0.051,,,
4337,2026-05-19,SZ000166,-0.06322614985207979,EXP_DEnsembleModel_Alpha158_csi300_custom_step0_s_20260519_15,491014f444e34d238dba962805df9db4,0.051,,,
4338,2026-05-19,SZ000157,0.09874863078888572,EXP_DEnsembleModel_Alpha158_csi300_custom_step0_s_20260519_15,491014f444e34d238dba962805df9db4,0.051,,,
4339,2026-05-19,SZ000100,0.02877097679806626,EXP_DEnsembleModel_Alpha158_csi300_custom_step0_s_20260519_15,491014f444e34d238dba962805df9db4,0.051,,,
4340,2026-05-19,SZ000425,0.044339086004217446,EXP_DEnsembleModel_Alpha158_csi300_custom_step0_s_20260519_15,491014f444e34d238dba962805df9db4,0.051,,,
4341,2026-05-19,SZ000708,-0.009250665680315226,EXP_DEnsembleModel_Alpha158_csi300_custom_step0_s_20260519_15,491014f444e34d238dba962805df9db4,0.051,,,
4342,2026-05-19,SH688008,0.08832272740016023,EXP_DEnsembleModel_Alpha158_csi300_custom_step0_s_20260519_15,491014f444e34d238dba962805df9db4,0.051,,,
4343,2026-05-19,SH605117,-0.06160467991514922,EXP_DEnsembleModel_Alpha158_csi300_custom_step0_s_20260519_15,491014f444e34d238dba962805df9db4,0.051,,,
4344,2026-05-19,SH601901,-0.02473665724840106,EXP_DEnsembleModel_Alpha158_csi300_custom_step0_s_20260519_15,491014f444e34d238dba962805df9db4,0.051,,,
4345,2026-05-19,SH601899,0.0001961101609115995,EXP_DEnsembleModel_Alpha158_csi300_custom_step0_s_20260519_15,491014f444e34d238dba962805df9db4,0.051,,,
4346,2026-05-19,SH601898,-0.05777254011782689,EXP_DEnsembleModel_Alpha158_csi300_custom_step0_s_20260519_15,491014f444e34d238dba962805df9db4,0.051,,,
4347,2026-05-19,SH601888,-0.0757424950247504,EXP_DEnsembleModel_Alpha158_csi300_custom_step0_s_20260519_15,491014f444e34d238dba962805df9db4,0.051,,,
4348,2026-05-19,SH601881,-0.06734381773605225,EXP_DEnsembleModel_Alpha158_csi300_custom_step0_s_20260519_15,491014f444e34d238dba962805df9db4,0.051,,,
4349,2026-05-19,SH601878,-0.03329852194352834,EXP_DEnsembleModel_Alpha158_csi300_custom_step0_s_20260519_15,491014f444e34d238dba962805df9db4,0.051,,,
4350,2026-05-19,SH601877,0.07308716901341256,EXP_DEnsembleModel_Alpha158_csi300_custom_step0_s_20260519_15,491014f444e34d238dba962805df9db4,0.051,,,
4351,2026-05-19,SH601916,0.12623416796803236,EXP_DEnsembleModel_Alpha158_csi300_custom_step0_s_20260519_15,491014f444e34d238dba962805df9db4,0.051,,,
4352,2026-05-19,SH601872,-0.06403736586247873,EXP_DEnsembleModel_Alpha158_csi300_custom_step0_s_20260519_15,491014f444e34d238dba962805df9db4,0.051,,,
4353,2026-05-19,SH601857,0.08179608467991169,EXP_DEnsembleModel_Alpha158_csi300_custom_step0_s_20260519_15,491014f444e34d238dba962805df9db4,0.051,,,
4354,2026-05-19,SH601838,0.04643647647853411,EXP_DEnsembleModel_Alpha158_csi300_custom_step0_s_20260519_15,491014f444e34d238dba962805df9db4,0.051,,,
4355,2026-05-19,SH601825,0.06856714499396309,EXP_DEnsembleModel_Alpha158_csi300_custom_step0_s_20260519_15,491014f444e34d238dba962805df9db4,0.051,,,
4356,2026-05-19,SH601818,0.061790325499660105,EXP_DEnsembleModel_Alpha158_csi300_custom_step0_s_20260519_15,491014f444e34d238dba962805df9db4,0.051,,,
4357,2026-05-19,SH601816,0.054993329429828944,EXP_DEnsembleModel_Alpha158_csi300_custom_step0_s_20260519_15,491014f444e34d238dba962805df9db4,0.051,,,
4358,2026-05-19,SH601808,-0.022722681692343955,EXP_DEnsembleModel_Alpha158_csi300_custom_step0_s_20260519_15,491014f444e34d238dba962805df9db4,0.051,,,
4359,2026-05-19,SH601800,-0.05561161471834554,EXP_DEnsembleModel_Alpha158_csi300_custom_step0_s_20260519_15,491014f444e34d238dba962805df9db4,0.051,,,
4360,2026-05-19,SH601868,-0.0038630110790638084,EXP_DEnsembleModel_Alpha158_csi300_custom_step0_s_20260519_15,491014f444e34d238dba962805df9db4,0.051,,,
4361,2026-05-19,SH605499,-0.02044412370535848,EXP_DEnsembleModel_Alpha158_csi300_custom_step0_s_20260519_15,491014f444e34d238dba962805df9db4,0.051,,,
4362,2026-05-19,SH601919,0.052912518626880164,EXP_DEnsembleModel_Alpha158_csi300_custom_step0_s_20260519_15,491014f444e34d238dba962805df9db4,0.051,,,
4363,2026-05-19,SH601985,0.09414208331698169,EXP_DEnsembleModel_Alpha158_csi300_custom_step0_s_20260519_15,491014f444e34d238dba962805df9db4,0.051,,,
4364,2026-05-19,SH603993,-0.010251313503902007,EXP_DEnsembleModel_Alpha158_csi300_custom_step0_s_20260519_15,491014f444e34d238dba962805df9db4,0.051,,,
4365,2026-05-19,SH603986,-0.23757613296717867,EXP_DEnsembleModel_Alpha158_csi300_custom_step0_s_20260519_15,491014f444e34d238dba962805df9db4,0.051,,,
4366,2026-05-19,SH603893,0.07055981405523008,EXP_DEnsembleModel_Alpha158_csi300_custom_step0_s_20260519_15,491014f444e34d238dba962805df9db4,0.051,,,
4367,2026-05-19,SH603799,-0.08355330626663457,EXP_DEnsembleModel_Alpha158_csi300_custom_step0_s_20260519_15,491014f444e34d238dba962805df9db4,0.051,,,
4368,2026-05-19,SH603501,-0.08491396638038934,EXP_DEnsembleModel_Alpha158_csi300_custom_step0_s_20260519_15,491014f444e34d238dba962805df9db4,0.051,,,
4369,2026-05-19,SH603392,-0.10747760706090799,EXP_DEnsembleModel_Alpha158_csi300_custom_step0_s_20260519_15,491014f444e34d238dba962805df9db4,0.051,,,
4370,2026-05-19,SH603369,-0.06809751903826725,EXP_DEnsembleModel_Alpha158_csi300_custom_step0_s_20260519_15,491014f444e34d238dba962805df9db4,0.051,,,
4371,2026-05-19,SH601939,0.11621497309995443,EXP_DEnsembleModel_Alpha158_csi300_custom_step0_s_20260519_15,491014f444e34d238dba962805df9db4,0.051,,,
4372,2026-05-19,SH603296,0.09926881259443009,EXP_DEnsembleModel_Alpha158_csi300_custom_step0_s_20260519_15,491014f444e34d238dba962805df9db4,0.051,,,
4373,2026-05-19,SH603260,-0.06812969349817012,EXP_DEnsembleModel_Alpha158_csi300_custom_step0_s_20260519_15,491014f444e34d238dba962805df9db4,0.051,,,
4374,2026-05-19,SH603259,-0.007565632995666133,EXP_DEnsembleModel_Alpha158_csi300_custom_step0_s_20260519_15,491014f444e34d238dba962805df9db4,0.051,,,
4375,2026-05-19,SH603195,0.04838569560657698,EXP_DEnsembleModel_Alpha158_csi300_custom_step0_s_20260519_15,491014f444e34d238dba962805df9db4,0.051,,,
4376,2026-05-19,SH603019,-0.02570074635342488,EXP_DEnsembleModel_Alpha158_csi300_custom_step0_s_20260519_15,491014f444e34d238dba962805df9db4,0.051,,,
4377,2026-05-19,SH601998,0.04744891447924503,EXP_DEnsembleModel_Alpha158_csi300_custom_step0_s_20260519_15,491014f444e34d238dba962805df9db4,0.051,,,
4378,2026-05-19,SH601995,0.04687627728048698,EXP_DEnsembleModel_Alpha158_csi300_custom_step0_s_20260519_15,491014f444e34d238dba962805df9db4,0.051,,,
4379,2026-05-19,SH601988,0.16277579894439226,EXP_DEnsembleModel_Alpha158_csi300_custom_step0_s_20260519_15,491014f444e34d238dba962805df9db4,0.051,,,
4380,2026-05-19,SH603288,-0.09344177360525864,EXP_DEnsembleModel_Alpha158_csi300_custom_step0_s_20260519_15,491014f444e34d238dba962805df9db4,0.051,,,
4381,2026-05-19,SH601766,0.005526059939030377,EXP_DEnsembleModel_Alpha158_csi300_custom_step0_s_20260519_15,491014f444e34d238dba962805df9db4,0.051,,,
4382,2026-05-19,SZ000725,0.0324602791085608,EXP_DEnsembleModel_Alpha158_csi300_custom_step0_s_20260519_15,491014f444e34d238dba962805df9db4,0.051,,,
4383,2026-05-19,SZ000776,-0.02133793868696292,EXP_DEnsembleModel_Alpha158_csi300_custom_step0_s_20260519_15,491014f444e34d238dba962805df9db4,0.051,,,
4384,2026-05-19,SZ300059,-0.12322777675390903,EXP_DEnsembleModel_Alpha158_csi300_custom_step0_s_20260519_15,491014f444e34d238dba962805df9db4,0.051,,,
4385,2026-05-19,SZ300033,-0.029509086927088115,EXP_DEnsembleModel_Alpha158_csi300_custom_step0_s_20260519_15,491014f444e34d238dba962805df9db4,0.051,,,
4386,2026-05-19,SZ300015,-0.014487350252980204,EXP_DEnsembleModel_Alpha158_csi300_custom_step0_s_20260519_15,491014f444e34d238dba962805df9db4,0.051,,,
4387,2026-05-19,SZ300014,-0.034026886924643465,EXP_DEnsembleModel_Alpha158_csi300_custom_step0_s_20260519_15,491014f444e34d238dba962805df9db4,0.051,,,
4388,2026-05-19,SZ003816,0.022057683925882813,EXP_DEnsembleModel_Alpha158_csi300_custom_step0_s_20260519_15,491014f444e34d238dba962805df9db4,0.051,,,
4389,2026-05-19,SZ002938,-0.39775319312429663,EXP_DEnsembleModel_Alpha158_csi300_custom_step0_s_20260519_15,491014f444e34d238dba962805df9db4,0.051,,,
4390,2026-05-19,SZ002920,0.03833008452210051,EXP_DEnsembleModel_Alpha158_csi300_custom_step0_s_20260519_15,491014f444e34d238dba962805df9db4,0.051,,,
4391,2026-05-19,SZ300122,-0.06116768713206253,EXP_DEnsembleModel_Alpha158_csi300_custom_step0_s_20260519_15,491014f444e34d238dba962805df9db4,0.051,,,
4392,2026-05-19,SZ002916,-0.09004854010687553,EXP_DEnsembleModel_Alpha158_csi300_custom_step0_s_20260519_15,491014f444e34d238dba962805df9db4,0.051,,,
4393,2026-05-19,SZ002714,-0.009289304222185175,EXP_DEnsembleModel_Alpha158_csi300_custom_step0_s_20260519_15,491014f444e34d238dba962805df9db4,0.051,,,
4394,2026-05-19,SZ002709,0.12484531169320684,EXP_DEnsembleModel_Alpha158_csi300_custom_step0_s_20260519_15,491014f444e34d238dba962805df9db4,0.051,,,
4395,2026-05-19,SZ002648,0.013361608842575437,EXP_DEnsembleModel_Alpha158_csi300_custom_step0_s_20260519_15,491014f444e34d238dba962805df9db4,0.051,,,
4396,2026-05-19,SZ002625,-0.06745511305958464,EXP_DEnsembleModel_Alpha158_csi300_custom_step0_s_20260519_15,491014f444e34d238dba962805df9db4,0.051,,,
4397,2026-05-19,SZ002601,0.04277771835479961,EXP_DEnsembleModel_Alpha158_csi300_custom_step0_s_20260519_15,491014f444e34d238dba962805df9db4,0.051,,,
4398,2026-05-19,SZ002600,0.1598934656996994,EXP_DEnsembleModel_Alpha158_csi300_custom_step0_s_20260519_15,491014f444e34d238dba962805df9db4,0.051,,,
4399,2026-05-19,SZ002594,-0.03970593577486295,EXP_DEnsembleModel_Alpha158_csi300_custom_step0_s_20260519_15,491014f444e34d238dba962805df9db4,0.051,,,
4400,2026-05-19,SZ002736,-0.05882958403795724,EXP_DEnsembleModel_Alpha158_csi300_custom_step0_s_20260519_15,491014f444e34d238dba962805df9db4,0.051,,,
4401,2026-05-19,SZ002493,0.06820636941461844,EXP_DEnsembleModel_Alpha158_csi300_custom_step0_s_20260519_15,491014f444e34d238dba962805df9db4,0.051,,,
4402,2026-05-19,SZ300124,-0.03414045350064737,EXP_DEnsembleModel_Alpha158_csi300_custom_step0_s_20260519_15,491014f444e34d238dba962805df9db4,0.051,,,
4403,2026-05-19,SZ300274,-0.15647368939836087,EXP_DEnsembleModel_Alpha158_csi300_custom_step0_s_20260519_15,491014f444e34d238dba962805df9db4,0.051,,,
4404,2026-05-19,SZ300759,-0.01409042561534078,EXP_DEnsembleModel_Alpha158_csi300_custom_step0_s_20260519_15,491014f444e34d238dba962805df9db4,0.051,,,
4405,2026-05-19,SZ300750,0.029661664827748232,EXP_DEnsembleModel_Alpha158_csi300_custom_step0_s_20260519_15,491014f444e34d238dba962805df9db4,0.051,,,
4406,2026-05-19,SZ300661,-0.18074426340252406,EXP_DEnsembleModel_Alpha158_csi300_custom_step0_s_20260519_15,491014f444e34d238dba962805df9db4,0.051,,,
4407,2026-05-19,SZ300628,-0.03600891251934654,EXP_DEnsembleModel_Alpha158_csi300_custom_step0_s_20260519_15,491014f444e34d238dba962805df9db4,0.051,,,
4408,2026-05-19,SZ300502,0.19802740978158434,EXP_DEnsembleModel_Alpha158_csi300_custom_step0_s_20260519_15,491014f444e34d238dba962805df9db4,0.051,,,
4409,2026-05-19,SZ300498,-0.04388000977392931,EXP_DEnsembleModel_Alpha158_csi300_custom_step0_s_20260519_15,491014f444e34d238dba962805df9db4,0.051,,,
4410,2026-05-19,SZ300476,0.05942900902100392,EXP_DEnsembleModel_Alpha158_csi300_custom_step0_s_20260519_15,491014f444e34d238dba962805df9db4,0.051,,,
4411,2026-05-19,SZ300251,-0.06870391183510928,EXP_DEnsembleModel_Alpha158_csi300_custom_step0_s_20260519_15,491014f444e34d238dba962805df9db4,0.051,,,
4412,2026-05-19,SZ300442,-0.022605689498105208,EXP_DEnsembleModel_Alpha158_csi300_custom_step0_s_20260519_15,491014f444e34d238dba962805df9db4,0.051,,,
4413,2026-05-19,SZ300418,-0.09153477730923461,EXP_DEnsembleModel_Alpha158_csi300_custom_step0_s_20260519_15,491014f444e34d238dba962805df9db4,0.051,,,
4414,2026-05-19,SZ300413,-0.04947634806251588,EXP_DEnsembleModel_Alpha158_csi300_custom_step0_s_20260519_15,491014f444e34d238dba962805df9db4,0.051,,,
4415,2026-05-19,SZ300408,-0.1953473212466353,EXP_DEnsembleModel_Alpha158_csi300_custom_step0_s_20260519_15,491014f444e34d238dba962805df9db4,0.051,,,
4416,2026-05-19,SZ300394,-0.01687822827804157,EXP_DEnsembleModel_Alpha158_csi300_custom_step0_s_20260519_15,491014f444e34d238dba962805df9db4,0.051,,,
4417,2026-05-19,SZ300347,0.03768104439637782,EXP_DEnsembleModel_Alpha158_csi300_custom_step0_s_20260519_15,491014f444e34d238dba962805df9db4,0.051,,,
4418,2026-05-19,SZ300316,-0.11109693216592241,EXP_DEnsembleModel_Alpha158_csi300_custom_step0_s_20260519_15,491014f444e34d238dba962805df9db4,0.051,,,
4419,2026-05-19,SZ300308,0.04555270075117012,EXP_DEnsembleModel_Alpha158_csi300_custom_step0_s_20260519_15,491014f444e34d238dba962805df9db4,0.051,,,
4420,2026-05-19,SZ300433,-0.0421732633190706,EXP_DEnsembleModel_Alpha158_csi300_custom_step0_s_20260519_15,491014f444e34d238dba962805df9db4,0.051,,,
4421,2026-05-19,SZ000768,-0.061101947410368875,EXP_DEnsembleModel_Alpha158_csi300_custom_step0_s_20260519_15,491014f444e34d238dba962805df9db4,0.051,,,
4422,2026-05-19,SZ002475,0.06144747297053192,EXP_DEnsembleModel_Alpha158_csi300_custom_step0_s_20260519_15,491014f444e34d238dba962805df9db4,0.051,,,
4423,2026-05-19,SZ002463,0.009780553186234938,EXP_DEnsembleModel_Alpha158_csi300_custom_step0_s_20260519_15,491014f444e34d238dba962805df9db4,0.051,,,
4424,2026-05-19,SZ002001,0.06959917942054278,EXP_DEnsembleModel_Alpha158_csi300_custom_step0_s_20260519_15,491014f444e34d238dba962805df9db4,0.051,,,
4425,2026-05-19,SZ001979,-0.07560708809446627,EXP_DEnsembleModel_Alpha158_csi300_custom_step0_s_20260519_15,491014f444e34d238dba962805df9db4,0.051,,,
4426,2026-05-19,SZ001965,-0.010875082508391835,EXP_DEnsembleModel_Alpha158_csi300_custom_step0_s_20260519_15,491014f444e34d238dba962805df9db4,0.051,,,
4427,2026-05-19,SZ001391,0.03937409710607832,EXP_DEnsembleModel_Alpha158_csi300_custom_step0_s_20260519_15,491014f444e34d238dba962805df9db4,0.051,,,
4428,2026-05-19,SZ000999,-0.01607898509932296,EXP_DEnsembleModel_Alpha158_csi300_custom_step0_s_20260519_15,491014f444e34d238dba962805df9db4,0.051,,,
4429,2026-05-19,SZ000983,-0.0991457487937696,EXP_DEnsembleModel_Alpha158_csi300_custom_step0_s_20260519_15,491014f444e34d238dba962805df9db4,0.051,,,
4430,2026-05-19,SZ000977,-0.02012223566889884,EXP_DEnsembleModel_Alpha158_csi300_custom_step0_s_20260519_15,491014f444e34d238dba962805df9db4,0.051,,,
4431,2026-05-19,SZ002027,-0.09501636811936053,EXP_DEnsembleModel_Alpha158_csi300_custom_step0_s_20260519_15,491014f444e34d238dba962805df9db4,0.051,,,
4432,2026-05-19,SZ000975,0.034993812707190874,EXP_DEnsembleModel_Alpha158_csi300_custom_step0_s_20260519_15,491014f444e34d238dba962805df9db4,0.051,,,
4433,2026-05-19,SZ000938,-0.1089473369415713,EXP_DEnsembleModel_Alpha158_csi300_custom_step0_s_20260519_15,491014f444e34d238dba962805df9db4,0.051,,,
4434,2026-05-19,SZ000895,0.04035949144772931,EXP_DEnsembleModel_Alpha158_csi300_custom_step0_s_20260519_15,491014f444e34d238dba962805df9db4,0.051,,,
4435,2026-05-19,SZ000876,-0.053922631574225686,EXP_DEnsembleModel_Alpha158_csi300_custom_step0_s_20260519_15,491014f444e34d238dba962805df9db4,0.051,,,
4436,2026-05-19,SZ000858,-0.008781611302079691,EXP_DEnsembleModel_Alpha158_csi300_custom_step0_s_20260519_15,491014f444e34d238dba962805df9db4,0.051,,,
4437,2026-05-19,SZ000807,-0.024298506280724635,EXP_DEnsembleModel_Alpha158_csi300_custom_step0_s_20260519_15,491014f444e34d238dba962805df9db4,0.051,,,
4438,2026-05-19,SZ000792,-0.08215671600142102,EXP_DEnsembleModel_Alpha158_csi300_custom_step0_s_20260519_15,491014f444e34d238dba962805df9db4,0.051,,,
4439,2026-05-19,SZ000786,-0.06837286693558303,EXP_DEnsembleModel_Alpha158_csi300_custom_step0_s_20260519_15,491014f444e34d238dba962805df9db4,0.051,,,
4440,2026-05-19,SZ000963,-0.01122613982515725,EXP_DEnsembleModel_Alpha158_csi300_custom_step0_s_20260519_15,491014f444e34d238dba962805df9db4,0.051,,,
4441,2026-05-19,SZ002466,0.1528027888749288,EXP_DEnsembleModel_Alpha158_csi300_custom_step0_s_20260519_15,491014f444e34d238dba962805df9db4,0.051,,,
4442,2026-05-19,SZ002028,-0.013016804700393599,EXP_DEnsembleModel_Alpha158_csi300_custom_step0_s_20260519_15,491014f444e34d238dba962805df9db4,0.051,,,
4443,2026-05-19,SZ002050,-0.07221383211426133,EXP_DEnsembleModel_Alpha158_csi300_custom_step0_s_20260519_15,491014f444e34d238dba962805df9db4,0.051,,,
4444,2026-05-19,SZ002460,0.03013081540924625,EXP_DEnsembleModel_Alpha158_csi300_custom_step0_s_20260519_15,491014f444e34d238dba962805df9db4,0.051,,,
4445,2026-05-19,SZ002459,0.0389599784765148,EXP_DEnsembleModel_Alpha158_csi300_custom_step0_s_20260519_15,491014f444e34d238dba962805df9db4,0.051,,,
4446,2026-05-19,SZ002422,0.022788244497734585,EXP_DEnsembleModel_Alpha158_csi300_custom_step0_s_20260519_15,491014f444e34d238dba962805df9db4,0.051,,,
4447,2026-05-19,SZ002415,-0.027333596563871465,EXP_DEnsembleModel_Alpha158_csi300_custom_step0_s_20260519_15,491014f444e34d238dba962805df9db4,0.051,,,
4448,2026-05-19,SZ002384,-0.0535622070302219,EXP_DEnsembleModel_Alpha158_csi300_custom_step0_s_20260519_15,491014f444e34d238dba962805df9db4,0.051,,,
4449,2026-05-19,SZ002371,-0.22435873908116566,EXP_DEnsembleModel_Alpha158_csi300_custom_step0_s_20260519_15,491014f444e34d238dba962805df9db4,0.051,,,
4450,2026-05-19,SZ002352,-0.03771789001020227,EXP_DEnsembleModel_Alpha158_csi300_custom_step0_s_20260519_15,491014f444e34d238dba962805df9db4,0.051,,,
4451,2026-05-19,SZ002049,-0.05413121466276807,EXP_DEnsembleModel_Alpha158_csi300_custom_step0_s_20260519_15,491014f444e34d238dba962805df9db4,0.051,,,
4452,2026-05-19,SZ002311,-0.009837158157313031,EXP_DEnsembleModel_Alpha158_csi300_custom_step0_s_20260519_15,491014f444e34d238dba962805df9db4,0.051,,,
4453,2026-05-19,SZ002252,-0.010369471619474881,EXP_DEnsembleModel_Alpha158_csi300_custom_step0_s_20260519_15,491014f444e34d238dba962805df9db4,0.051,,,
4454,2026-05-19,SZ002241,-0.060309013485401436,EXP_DEnsembleModel_Alpha158_csi300_custom_step0_s_20260519_15,491014f444e34d238dba962805df9db4,0.051,,,
4455,2026-05-19,SZ002236,-0.11810331743114383,EXP_DEnsembleModel_Alpha158_csi300_custom_step0_s_20260519_15,491014f444e34d238dba962805df9db4,0.051,,,
4456,2026-05-19,SZ002230,-0.084088885041885,EXP_DEnsembleModel_Alpha158_csi300_custom_step0_s_20260519_15,491014f444e34d238dba962805df9db4,0.051,,,
4457,2026-05-19,SZ002179,0.005818783363500213,EXP_DEnsembleModel_Alpha158_csi300_custom_step0_s_20260519_15,491014f444e34d238dba962805df9db4,0.051,,,
4458,2026-05-19,SZ002142,-0.014121320650251045,EXP_DEnsembleModel_Alpha158_csi300_custom_step0_s_20260519_15,491014f444e34d238dba962805df9db4,0.051,,,
4459,2026-05-19,SZ002074,-0.04875132832272565,EXP_DEnsembleModel_Alpha158_csi300_custom_step0_s_20260519_15,491014f444e34d238dba962805df9db4,0.051,,,
4460,2026-05-19,SZ002304,-0.06065808670564159,EXP_DEnsembleModel_Alpha158_csi300_custom_step0_s_20260519_15,491014f444e34d238dba962805df9db4,0.051,,,
4461,2026-05-19,SZ301269,0.07484869658946991,EXP_XGBModel_Alpha158_csi300_custom_step0_s_20260519_15,9957b559351d4c1f93212a6c32a03282,0.058,,,
4462,2026-05-19,SH601336,-0.016876176918463496,EXP_LGBModel_Alpha158_csi300_custom_step0_s_20260519_18,c3971fbd67184ec48cd63cedfd7ced5e,0.077,,,
4463,2026-05-19,SH601319,-0.010598038113269212,EXP_LGBModel_Alpha158_csi300_custom_step0_s_20260519_18,c3971fbd67184ec48cd63cedfd7ced5e,0.077,,,
4464,2026-05-19,SZ300782,-0.00326391307289959,EXP_LGBModel_Alpha158_csi300_custom_step0_s_20260519_18,f60df0eefcb742eca95f9049ff4f8a15,0.073,,,
4465,2026-05-19,SZ300760,-0.002534382098025488,EXP_LGBModel_Alpha158_csi300_custom_step0_s_20260519_18,f60df0eefcb742eca95f9049ff4f8a15,0.073,,,
4466,2026-05-19,SZ300759,-0.002534382098025488,EXP_LGBModel_Alpha158_csi300_custom_step0_s_20260519_18,f60df0eefcb742eca95f9049ff4f8a15,0.073,,,
4467,2026-05-19,SZ300750,-0.002534382098025488,EXP_LGBModel_Alpha158_csi300_custom_step0_s_20260519_18,f60df0eefcb742eca95f9049ff4f8a15,0.073,,,
4468,2026-05-19,SZ300661,-0.00326391307289959,EXP_LGBModel_Alpha158_csi300_custom_step0_s_20260519_18,f60df0eefcb742eca95f9049ff4f8a15,0.073,,,
4469,2026-05-19,SZ300628,-0.002534382098025488,EXP_LGBModel_Alpha158_csi300_custom_step0_s_20260519_18,f60df0eefcb742eca95f9049ff4f8a15,0.073,,,
4470,2026-05-19,SZ300502,0.00399916983706269,EXP_LGBModel_Alpha158_csi300_custom_step0_s_20260519_18,f60df0eefcb742eca95f9049ff4f8a15,0.073,,,
4471,2026-05-19,SZ300498,-0.002534382098025488,EXP_LGBModel_Alpha158_csi300_custom_step0_s_20260519_18,f60df0eefcb742eca95f9049ff4f8a15,0.073,,,
4472,2026-05-19,SZ300476,0.00399916983706269,EXP_LGBModel_Alpha158_csi300_custom_step0_s_20260519_18,f60df0eefcb742eca95f9049ff4f8a15,0.073,,,
4473,2026-05-19,SZ300442,-0.002534382098025488,EXP_LGBModel_Alpha158_csi300_custom_step0_s_20260519_18,f60df0eefcb742eca95f9049ff4f8a15,0.073,,,
4474,2026-05-19,SZ300433,-0.00326391307289959,EXP_LGBModel_Alpha158_csi300_custom_step0_s_20260519_18,f60df0eefcb742eca95f9049ff4f8a15,0.073,,,
4475,2026-05-19,SZ300418,-0.002534382098025488,EXP_LGBModel_Alpha158_csi300_custom_step0_s_20260519_18,f60df0eefcb742eca95f9049ff4f8a15,0.073,,,
4476,2026-05-19,SZ300413,-2.6181950547923836e-10,EXP_LGBModel_Alpha158_csi300_custom_step0_s_20260519_18,f60df0eefcb742eca95f9049ff4f8a15,0.073,,,
4477,2026-05-19,SZ300408,-2.6181950547923836e-10,EXP_LGBModel_Alpha158_csi300_custom_step0_s_20260519_18,f60df0eefcb742eca95f9049ff4f8a15,0.073,,,
4478,2026-05-19,SZ300394,0.00042866724244429986,EXP_LGBModel_Alpha158_csi300_custom_step0_s_20260519_18,f60df0eefcb742eca95f9049ff4f8a15,0.073,,,
4479,2026-05-19,SZ300803,-0.002534382098025488,EXP_LGBModel_Alpha158_csi300_custom_step0_s_20260519_18,f60df0eefcb742eca95f9049ff4f8a15,0.073,,,
4480,2026-05-19,SZ300832,-0.002534382098025488,EXP_LGBModel_Alpha158_csi300_custom_step0_s_20260519_18,f60df0eefcb742eca95f9049ff4f8a15,0.073,,,
4481,2026-05-19,SZ300866,-0.002534382098025488,EXP_LGBModel_Alpha158_csi300_custom_step0_s_20260519_18,f60df0eefcb742eca95f9049ff4f8a15,0.073,,,
4482,2026-05-19,SZ300896,-0.002534382098025488,EXP_LGBModel_Alpha158_csi300_custom_step0_s_20260519_18,f60df0eefcb742eca95f9049ff4f8a15,0.073,,,
4483,2026-05-19,SH600026,-0.004132033081038649,EXP_LGBModel_Alpha158_csi300_custom_step0_s_20260519_18,7278a8efdf2243c881f049f2b46de42f,0.015,,,
4484,2026-05-19,SH600025,-4.1089627725711704e-10,EXP_LGBModel_Alpha158_csi300_custom_step0_s_20260519_18,7278a8efdf2243c881f049f2b46de42f,0.015,,,
4485,2026-05-19,SH600023,0.003651060350701972,EXP_LGBModel_Alpha158_csi300_custom_step0_s_20260519_18,7278a8efdf2243c881f049f2b46de42f,0.015,,,
4486,2026-05-19,SH600019,-0.01208342287138071,EXP_LGBModel_Alpha158_csi300_custom_step0_s_20260519_18,7278a8efdf2243c881f049f2b46de42f,0.015,,,
4487,2026-05-19,SH600018,0.006598145156703973,EXP_LGBModel_Alpha158_csi300_custom_step0_s_20260519_18,7278a8efdf2243c881f049f2b46de42f,0.015,,,
4488,2026-05-19,SH600016,-0.0022936434140750426,EXP_LGBModel_Alpha158_csi300_custom_step0_s_20260519_18,7278a8efdf2243c881f049f2b46de42f,0.015,,,
4489,2026-05-19,SH600015,-0.00020865586622207402,EXP_LGBModel_Alpha158_csi300_custom_step0_s_20260519_18,7278a8efdf2243c881f049f2b46de42f,0.015,,,
4490,2026-05-19,SZ300347,0.00399916983706269,EXP_LGBModel_Alpha158_csi300_custom_step0_s_20260519_18,f60df0eefcb742eca95f9049ff4f8a15,0.073,,,
4491,2026-05-19,SH600011,-0.005168781921288315,EXP_LGBModel_Alpha158_csi300_custom_step0_s_20260519_18,7278a8efdf2243c881f049f2b46de42f,0.015,,,
4492,2026-05-19,SH600009,-0.0067314187708819,EXP_LGBModel_Alpha158_csi300_custom_step0_s_20260519_18,7278a8efdf2243c881f049f2b46de42f,0.015,,,
4493,2026-05-19,SH600000,-0.0022936434140750426,EXP_LGBModel_Alpha158_csi300_custom_step0_s_20260519_18,7278a8efdf2243c881f049f2b46de42f,0.015,,,
4494,2026-05-19,SZ302132,-2.6181950547923836e-10,EXP_LGBModel_Alpha158_csi300_custom_step0_s_20260519_18,f60df0eefcb742eca95f9049ff4f8a15,0.073,,,
4495,2026-05-19,SZ301269,-0.002534382098025488,EXP_LGBModel_Alpha158_csi300_custom_step0_s_20260519_18,f60df0eefcb742eca95f9049ff4f8a15,0.073,,,
4496,2026-05-19,SZ301236,-0.002534382098025488,EXP_LGBModel_Alpha158_csi300_custom_step0_s_20260519_18,f60df0eefcb742eca95f9049ff4f8a15,0.073,,,
4497,2026-05-19,SZ300999,-2.6181950547923836e-10,EXP_LGBModel_Alpha158_csi300_custom_step0_s_20260519_18,f60df0eefcb742eca95f9049ff4f8a15,0.073,,,
4498,2026-05-19,SZ300979,-2.6181950547923836e-10,EXP_LGBModel_Alpha158_csi300_custom_step0_s_20260519_18,f60df0eefcb742eca95f9049ff4f8a15,0.073,,,
4499,2026-05-19,SH600010,-0.013555354454504613,EXP_LGBModel_Alpha158_csi300_custom_step0_s_20260519_18,7278a8efdf2243c881f049f2b46de42f,0.015,,,
4500,2026-05-19,SZ300316,-0.002534382098025488,EXP_LGBModel_Alpha158_csi300_custom_step0_s_20260519_18,f60df0eefcb742eca95f9049ff4f8a15,0.073,,,
4501,2026-05-19,SZ300308,-0.00326391307289959,EXP_LGBModel_Alpha158_csi300_custom_step0_s_20260519_18,f60df0eefcb742eca95f9049ff4f8a15,0.073,,,
4502,2026-05-19,SZ300274,0.0020771554568820346,EXP_LGBModel_Alpha158_csi300_custom_step0_s_20260519_18,f60df0eefcb742eca95f9049ff4f8a15,0.073,,,
4503,2026-05-19,SZ002475,0.00399916983706269,EXP_LGBModel_Alpha158_csi300_custom_step0_s_20260519_18,f60df0eefcb742eca95f9049ff4f8a15,0.073,,,
4504,2026-05-19,SZ002466,0.00399916983706269,EXP_LGBModel_Alpha158_csi300_custom_step0_s_20260519_18,f60df0eefcb742eca95f9049ff4f8a15,0.073,,,
4505,2026-05-19,SZ002463,0.00399916983706269,EXP_LGBModel_Alpha158_csi300_custom_step0_s_20260519_18,f60df0eefcb742eca95f9049ff4f8a15,0.073,,,
4506,2026-05-19,SZ002460,-0.002534382098025488,EXP_LGBModel_Alpha158_csi300_custom_step0_s_20260519_18,f60df0eefcb742eca95f9049ff4f8a15,0.073,,,
4507,2026-05-19,SZ002459,-0.002534382098025488,EXP_LGBModel_Alpha158_csi300_custom_step0_s_20260519_18,f60df0eefcb742eca95f9049ff4f8a15,0.073,,,
4508,2026-05-19,SZ002422,-0.0006979604627668624,EXP_LGBModel_Alpha158_csi300_custom_step0_s_20260519_18,f60df0eefcb742eca95f9049ff4f8a15,0.073,,,
4509,2026-05-19,SZ002415,-0.002534382098025488,EXP_LGBModel_Alpha158_csi300_custom_step0_s_20260519_18,f60df0eefcb742eca95f9049ff4f8a15,0.073,,,
4510,2026-05-19,SZ002493,-0.002534382098025488,EXP_LGBModel_Alpha158_csi300_custom_step0_s_20260519_18,f60df0eefcb742eca95f9049ff4f8a15,0.073,,,
4511,2026-05-19,SZ002384,0.00399916983706269,EXP_LGBModel_Alpha158_csi300_custom_step0_s_20260519_18,f60df0eefcb742eca95f9049ff4f8a15,0.073,,,
4512,2026-05-19,SZ002352,-2.6181950547923836e-10,EXP_LGBModel_Alpha158_csi300_custom_step0_s_20260519_18,f60df0eefcb742eca95f9049ff4f8a15,0.073,,,
4513,2026-05-19,SZ002311,-0.002534382098025488,EXP_LGBModel_Alpha158_csi300_custom_step0_s_20260519_18,f60df0eefcb742eca95f9049ff4f8a15,0.073,,,
4514,2026-05-19,SZ002304,-0.002534382098025488,EXP_LGBModel_Alpha158_csi300_custom_step0_s_20260519_18,f60df0eefcb742eca95f9049ff4f8a15,0.073,,,
4515,2026-05-19,SZ002252,-2.6181950547923836e-10,EXP_LGBModel_Alpha158_csi300_custom_step0_s_20260519_18,f60df0eefcb742eca95f9049ff4f8a15,0.073,,,
4516,2026-05-19,SZ002241,-2.6181950547923836e-10,EXP_LGBModel_Alpha158_csi300_custom_step0_s_20260519_18,f60df0eefcb742eca95f9049ff4f8a15,0.073,,,
4517,2026-05-19,SZ002236,-0.002534382098025488,EXP_LGBModel_Alpha158_csi300_custom_step0_s_20260519_18,f60df0eefcb742eca95f9049ff4f8a15,0.073,,,
4518,2026-05-19,SZ002230,0.00042866724244429986,EXP_LGBModel_Alpha158_csi300_custom_step0_s_20260519_18,f60df0eefcb742eca95f9049ff4f8a15,0.073,,,
4519,2026-05-19,SZ002371,-2.6181950547923836e-10,EXP_LGBModel_Alpha158_csi300_custom_step0_s_20260519_18,f60df0eefcb742eca95f9049ff4f8a15,0.073,,,
4520,2026-05-19,SH600027,0.0002739043443626668,EXP_LGBModel_Alpha158_csi300_custom_step0_s_20260519_18,7278a8efdf2243c881f049f2b46de42f,0.015,,,
4521,2026-05-19,SZ002594,-0.002534382098025488,EXP_LGBModel_Alpha158_csi300_custom_step0_s_20260519_18,f60df0eefcb742eca95f9049ff4f8a15,0.073,,,
4522,2026-05-19,SZ002601,-2.6181950547923836e-10,EXP_LGBModel_Alpha158_csi300_custom_step0_s_20260519_18,f60df0eefcb742eca95f9049ff4f8a15,0.073,,,
4523,2026-05-19,SZ300251,-0.002534382098025488,EXP_LGBModel_Alpha158_csi300_custom_step0_s_20260519_18,f60df0eefcb742eca95f9049ff4f8a15,0.073,,,
4524,2026-05-19,SZ300124,-0.002534382098025488,EXP_LGBModel_Alpha158_csi300_custom_step0_s_20260519_18,f60df0eefcb742eca95f9049ff4f8a15,0.073,,,
4525,2026-05-19,SZ300122,-2.6181950547923836e-10,EXP_LGBModel_Alpha158_csi300_custom_step0_s_20260519_18,f60df0eefcb742eca95f9049ff4f8a15,0.073,,,
4526,2026-05-19,SZ300059,-0.002534382098025488,EXP_LGBModel_Alpha158_csi300_custom_step0_s_20260519_18,f60df0eefcb742eca95f9049ff4f8a15,0.073,,,
4527,2026-05-19,SZ300033,-0.002534382098025488,EXP_LGBModel_Alpha158_csi300_custom_step0_s_20260519_18,f60df0eefcb742eca95f9049ff4f8a15,0.073,,,
4528,2026-05-19,SZ300015,-0.002534382098025488,EXP_LGBModel_Alpha158_csi300_custom_step0_s_20260519_18,f60df0eefcb742eca95f9049ff4f8a15,0.073,,,
4529,2026-05-19,SZ300014,-0.002534382098025488,EXP_LGBModel_Alpha158_csi300_custom_step0_s_20260519_18,f60df0eefcb742eca95f9049ff4f8a15,0.073,,,
4530,2026-05-19,SZ002600,-0.002534382098025488,EXP_LGBModel_Alpha158_csi300_custom_step0_s_20260519_18,f60df0eefcb742eca95f9049ff4f8a15,0.073,,,
4531,2026-05-19,SZ003816,-2.6181950547923836e-10,EXP_LGBModel_Alpha158_csi300_custom_step0_s_20260519_18,f60df0eefcb742eca95f9049ff4f8a15,0.073,,,
4532,2026-05-19,SZ002920,-2.6181950547923836e-10,EXP_LGBModel_Alpha158_csi300_custom_step0_s_20260519_18,f60df0eefcb742eca95f9049ff4f8a15,0.073,,,
4533,2026-05-19,SZ002916,0.00399916983706269,EXP_LGBModel_Alpha158_csi300_custom_step0_s_20260519_18,f60df0eefcb742eca95f9049ff4f8a15,0.073,,,
4534,2026-05-19,SZ002736,-2.6181950547923836e-10,EXP_LGBModel_Alpha158_csi300_custom_step0_s_20260519_18,f60df0eefcb742eca95f9049ff4f8a15,0.073,,,
4535,2026-05-19,SZ002714,-0.002534382098025488,EXP_LGBModel_Alpha158_csi300_custom_step0_s_20260519_18,f60df0eefcb742eca95f9049ff4f8a15,0.073,,,
4536,2026-05-19,SZ002709,0.00399916983706269,EXP_LGBModel_Alpha158_csi300_custom_step0_s_20260519_18,f60df0eefcb742eca95f9049ff4f8a15,0.073,,,
4537,2026-05-19,SZ002648,-2.6181950547923836e-10,EXP_LGBModel_Alpha158_csi300_custom_step0_s_20260519_18,f60df0eefcb742eca95f9049ff4f8a15,0.073,,,
4538,2026-05-19,SZ002625,-0.002534382098025488,EXP_LGBModel_Alpha158_csi300_custom_step0_s_20260519_18,f60df0eefcb742eca95f9049ff4f8a15,0.073,,,
4539,2026-05-19,SZ002938,-0.00326391307289959,EXP_LGBModel_Alpha158_csi300_custom_step0_s_20260519_18,f60df0eefcb742eca95f9049ff4f8a15,0.073,,,
4540,2026-05-19,SH600028,0.007805891488023764,EXP_LGBModel_Alpha158_csi300_custom_step0_s_20260519_18,7278a8efdf2243c881f049f2b46de42f,0.015,,,
4541,2026-05-19,SH600029,-0.0061794444541254006,EXP_LGBModel_Alpha158_csi300_custom_step0_s_20260519_18,7278a8efdf2243c881f049f2b46de42f,0.015,,,
4542,2026-05-19,SH600030,-0.0032670169635421195,EXP_LGBModel_Alpha158_csi300_custom_step0_s_20260519_18,7278a8efdf2243c881f049f2b46de42f,0.015,,,
4543,2026-05-19,SH600887,0.009861683608330646,EXP_LGBModel_Alpha158_csi300_custom_step0_s_20260519_18,7278a8efdf2243c881f049f2b46de42f,0.015,,,
4544,2026-05-19,SH600886,0.0009163086009227132,EXP_LGBModel_Alpha158_csi300_custom_step0_s_20260519_18,7278a8efdf2243c881f049f2b46de42f,0.015,,,
4545,2026-05-19,SH600875,-0.007993394463864352,EXP_LGBModel_Alpha158_csi300_custom_step0_s_20260519_18,7278a8efdf2243c881f049f2b46de42f,0.015,,,
4546,2026-05-19,SH600845,0.0012228405596915318,EXP_LGBModel_Alpha158_csi300_custom_step0_s_20260519_18,7278a8efdf2243c881f049f2b46de42f,0.015,,,
4547,2026-05-19,SH600809,-0.01428413982247594,EXP_LGBModel_Alpha158_csi300_custom_step0_s_20260519_18,7278a8efdf2243c881f049f2b46de42f,0.015,,,
4548,2026-05-19,SH600803,0.007908628067646754,EXP_LGBModel_Alpha158_csi300_custom_step0_s_20260519_18,7278a8efdf2243c881f049f2b46de42f,0.015,,,
4549,2026-05-19,SH600795,0.0006888473466339399,EXP_LGBModel_Alpha158_csi300_custom_step0_s_20260519_18,7278a8efdf2243c881f049f2b46de42f,0.015,,,
4550,2026-05-19,SH600893,-0.014086333815968115,EXP_LGBModel_Alpha158_csi300_custom_step0_s_20260519_18,7278a8efdf2243c881f049f2b46de42f,0.015,,,
4551,2026-05-19,SH600760,-0.016232040410794936,EXP_LGBModel_Alpha158_csi300_custom_step0_s_20260519_18,7278a8efdf2243c881f049f2b46de42f,0.015,,,
4552,2026-05-19,SH600690,0.012076520482779955,EXP_LGBModel_Alpha158_csi300_custom_step0_s_20260519_18,7278a8efdf2243c881f049f2b46de42f,0.015,,,
4553,2026-05-19,SH600674,0.0029060527662181012,EXP_LGBModel_Alpha158_csi300_custom_step0_s_20260519_18,7278a8efdf2243c881f049f2b46de42f,0.015,,,
4554,2026-05-19,SH600660,-0.012111738420986425,EXP_LGBModel_Alpha158_csi300_custom_step0_s_20260519_18,7278a8efdf2243c881f049f2b46de42f,0.015,,,
4555,2026-05-19,SH600600,-4.1089627725711704e-10,EXP_LGBModel_Alpha158_csi300_custom_step0_s_20260519_18,7278a8efdf2243c881f049f2b46de42f,0.015,,,
4556,2026-05-19,SH600588,-0.008508481567114635,EXP_LGBModel_Alpha158_csi300_custom_step0_s_20260519_18,7278a8efdf2243c881f049f2b46de42f,0.015,,,
4557,2026-05-19,SH600585,-0.013874687748199988,EXP_LGBModel_Alpha158_csi300_custom_step0_s_20260519_18,7278a8efdf2243c881f049f2b46de42f,0.015,,,
4558,2026-05-19,SH600584,-0.011705138094340851,EXP_LGBModel_Alpha158_csi300_custom_step0_s_20260519_18,7278a8efdf2243c881f049f2b46de42f,0.015,,,
4559,2026-05-19,SH600741,-0.0022428350018055434,EXP_LGBModel_Alpha158_csi300_custom_step0_s_20260519_18,7278a8efdf2243c881f049f2b46de42f,0.015,,,
4560,2026-05-19,SH600570,-0.006291943996085816,EXP_LGBModel_Alpha158_csi300_custom_step0_s_20260519_18,7278a8efdf2243c881f049f2b46de42f,0.015,,,
4561,2026-05-19,SH600900,-4.1089627725711704e-10,EXP_LGBModel_Alpha158_csi300_custom_step0_s_20260519_18,7278a8efdf2243c881f049f2b46de42f,0.015,,,
4562,2026-05-19,SH600918,0.005967987673107103,EXP_LGBModel_Alpha158_csi300_custom_step0_s_20260519_18,7278a8efdf2243c881f049f2b46de42f,0.015,,,
4563,2026-05-19,SH601066,-0.005352004511395088,EXP_LGBModel_Alpha158_csi300_custom_step0_s_20260519_18,7278a8efdf2243c881f049f2b46de42f,0.015,,,
4564,2026-05-19,SH601059,-4.1089627725711704e-10,EXP_LGBModel_Alpha158_csi300_custom_step0_s_20260519_18,7278a8efdf2243c881f049f2b46de42f,0.015,,,
4565,2026-05-19,SH601058,-0.014440775533975658,EXP_LGBModel_Alpha158_csi300_custom_step0_s_20260519_18,7278a8efdf2243c881f049f2b46de42f,0.015,,,
4566,2026-05-19,SH601021,-0.01411464936557383,EXP_LGBModel_Alpha158_csi300_custom_step0_s_20260519_18,7278a8efdf2243c881f049f2b46de42f,0.015,,,
4567,2026-05-19,SH601018,-0.002486014606124194,EXP_LGBModel_Alpha158_csi300_custom_step0_s_20260519_18,7278a8efdf2243c881f049f2b46de42f,0.015,,,
4568,2026-05-19,SH601012,0.0005309789505672251,EXP_LGBModel_Alpha158_csi300_custom_step0_s_20260519_18,7278a8efdf2243c881f049f2b46de42f,0.015,,,
4569,2026-05-19,SH601009,0.005777482627397234,EXP_LGBModel_Alpha158_csi300_custom_step0_s_20260519_18,7278a8efdf2243c881f049f2b46de42f,0.015,,,
4570,2026-05-19,SH600905,0.004385830062839322,EXP_LGBModel_Alpha158_csi300_custom_step0_s_20260519_18,7278a8efdf2243c881f049f2b46de42f,0.015,,,
4571,2026-05-19,SH601006,0.0020849871369566916,EXP_LGBModel_Alpha158_csi300_custom_step0_s_20260519_18,7278a8efdf2243c881f049f2b46de42f,0.015,,,
4572,2026-05-19,SH600989,-0.00971226811857744,EXP_LGBModel_Alpha158_csi300_custom_step0_s_20260519_18,7278a8efdf2243c881f049f2b46de42f,0.015,,,
4573,2026-05-19,SH600958,-0.0043605041701034785,EXP_LGBModel_Alpha158_csi300_custom_step0_s_20260519_18,7278a8efdf2243c881f049f2b46de42f,0.015,,,
4574,2026-05-19,SH600941,0.0029060527662181012,EXP_LGBModel_Alpha158_csi300_custom_step0_s_20260519_18,7278a8efdf2243c881f049f2b46de42f,0.015,,,
4575,2026-05-19,SH600938,-0.00573650490913744,EXP_LGBModel_Alpha158_csi300_custom_step0_s_20260519_18,7278a8efdf2243c881f049f2b46de42f,0.015,,,
4576,2026-05-19,SH600930,-0.014086333815968115,EXP_LGBModel_Alpha158_csi300_custom_step0_s_20260519_18,7278a8efdf2243c881f049f2b46de42f,0.015,,,
4577,2026-05-19,SH600926,-0.0010627590223292157,EXP_LGBModel_Alpha158_csi300_custom_step0_s_20260519_18,7278a8efdf2243c881f049f2b46de42f,0.015,,,
4578,2026-05-19,SH600919,0.005578739096021512,EXP_LGBModel_Alpha158_csi300_custom_step0_s_20260519_18,7278a8efdf2243c881f049f2b46de42f,0.015,,,
4579,2026-05-19,SH600999,-0.0021543154466477734,EXP_LGBModel_Alpha158_csi300_custom_step0_s_20260519_18,7278a8efdf2243c881f049f2b46de42f,0.015,,,
4580,2026-05-19,SZ002179,-0.002534382098025488,EXP_LGBModel_Alpha158_csi300_custom_step0_s_20260519_18,f60df0eefcb742eca95f9049ff4f8a15,0.073,,,
4581,2026-05-19,SH600547,0.039663354739692847,EXP_LGBModel_Alpha158_csi300_custom_step0_s_20260519_18,7278a8efdf2243c881f049f2b46de42f,0.015,,,
4582,2026-05-19,SH600519,-0.0022936434140750426,EXP_LGBModel_Alpha158_csi300_custom_step0_s_20260519_18,7278a8efdf2243c881f049f2b46de42f,0.015,,,
4583,2026-05-19,SH600176,0.039663354739692847,EXP_LGBModel_Alpha158_csi300_custom_step0_s_20260519_18,7278a8efdf2243c881f049f2b46de42f,0.015,,,
4584,2026-05-19,SH600161,-0.0046001876644004925,EXP_LGBModel_Alpha158_csi300_custom_step0_s_20260519_18,7278a8efdf2243c881f049f2b46de42f,0.015,,,
4585,2026-05-19,SH600160,-0.009651001382783998,EXP_LGBModel_Alpha158_csi300_custom_step0_s_20260519_18,7278a8efdf2243c881f049f2b46de42f,0.015,,,
4586,2026-05-19,SH600150,0.039663354739692847,EXP_LGBModel_Alpha158_csi300_custom_step0_s_20260519_18,7278a8efdf2243c881f049f2b46de42f,0.015,,,
4587,2026-05-19,SH600115,-0.016443686478563063,EXP_LGBModel_Alpha158_csi300_custom_step0_s_20260519_18,7278a8efdf2243c881f049f2b46de42f,0.015,,,
4588,2026-05-19,SH600111,-0.011226317341515378,EXP_LGBModel_Alpha158_csi300_custom_step0_s_20260519_18,7278a8efdf2243c881f049f2b46de42f,0.015,,,
4589,2026-05-19,SH600104,-0.009952191764899303,EXP_LGBModel_Alpha158_csi300_custom_step0_s_20260519_18,7278a8efdf2243c881f049f2b46de42f,0.015,,,
4590,2026-05-19,SH600183,0.00959080397336369,EXP_LGBModel_Alpha158_csi300_custom_step0_s_20260519_18,7278a8efdf2243c881f049f2b46de42f,0.015,,,
4591,2026-05-19,SH600089,-0.016443686478563063,EXP_LGBModel_Alpha158_csi300_custom_step0_s_20260519_18,7278a8efdf2243c881f049f2b46de42f,0.015,,,
4592,2026-05-19,SH600066,-0.008508481567114635,EXP_LGBModel_Alpha158_csi300_custom_step0_s_20260519_18,7278a8efdf2243c881f049f2b46de42f,0.015,,,
4593,2026-05-19,SH600061,-0.009517695911261028,EXP_LGBModel_Alpha158_csi300_custom_step0_s_20260519_18,7278a8efdf2243c881f049f2b46de42f,0.015,,,
4594,2026-05-19,SH600050,-0.006391622891876124,EXP_LGBModel_Alpha158_csi300_custom_step0_s_20260519_18,7278a8efdf2243c881f049f2b46de42f,0.015,,,
4595,2026-05-19,SH600048,-0.016443686478563063,EXP_LGBModel_Alpha158_csi300_custom_step0_s_20260519_18,7278a8efdf2243c881f049f2b46de42f,0.015,,,
4596,2026-05-19,SH600039,-4.1089627725711704e-10,EXP_LGBModel_Alpha158_csi300_custom_step0_s_20260519_18,7278a8efdf2243c881f049f2b46de42f,0.015,,,
4597,2026-05-19,SH600036,-0.0022936434140750426,EXP_LGBModel_Alpha158_csi300_custom_step0_s_20260519_18,7278a8efdf2243c881f049f2b46de42f,0.015,,,
4598,2026-05-19,SH600031,-0.009152973207508224,EXP_LGBModel_Alpha158_csi300_custom_step0_s_20260519_18,7278a8efdf2243c881f049f2b46de42f,0.015,,,
4599,2026-05-19,SH600085,-0.013903003297805703,EXP_LGBModel_Alpha158_csi300_custom_step0_s_20260519_18,7278a8efdf2243c881f049f2b46de42f,0.015,,,
4600,2026-05-19,SH600522,-0.016253244272569706,EXP_LGBModel_Alpha158_csi300_custom_step0_s_20260519_18,7278a8efdf2243c881f049f2b46de42f,0.015,,,
4601,2026-05-19,SH600188,-0.01428413982247594,EXP_LGBModel_Alpha158_csi300_custom_step0_s_20260519_18,7278a8efdf2243c881f049f2b46de42f,0.015,,,
4602,2026-05-19,SH600219,-0.00014045124350236328,EXP_LGBModel_Alpha158_csi300_custom_step0_s_20260519_18,7278a8efdf2243c881f049f2b46de42f,0.015,,,
4603,2026-05-19,SH600515,-0.01208342287138071,EXP_LGBModel_Alpha158_csi300_custom_step0_s_20260519_18,7278a8efdf2243c881f049f2b46de42f,0.015,,,
4604,2026-05-19,SH600489,-0.003158480425384534,EXP_LGBModel_Alpha158_csi300_custom_step0_s_20260519_18,7278a8efdf2243c881f049f2b46de42f,0.015,,,
4605,2026-05-19,SH600482,-0.009651001382783998,EXP_LGBModel_Alpha158_csi300_custom_step0_s_20260519_18,7278a8efdf2243c881f049f2b46de42f,0.015,,,
4606,2026-05-19,SH600460,0.002428219380114163,EXP_LGBModel_Alpha158_csi300_custom_step0_s_20260519_18,7278a8efdf2243c881f049f2b46de42f,0.015,,,
4607,2026-05-19,SH600438,-0.006823936094518989,EXP_LGBModel_Alpha158_csi300_custom_step0_s_20260519_18,7278a8efdf2243c881f049f2b46de42f,0.015,,,
4608,2026-05-19,SH600436,-0.005874313241016567,EXP_LGBModel_Alpha158_csi300_custom_step0_s_20260519_18,7278a8efdf2243c881f049f2b46de42f,0.015,,,
4609,2026-05-19,SH600426,-0.006046812449442985,EXP_LGBModel_Alpha158_csi300_custom_step0_s_20260519_18,7278a8efdf2243c881f049f2b46de42f,0.015,,,
4610,2026-05-19,SH600196,-0.012111738420986425,EXP_LGBModel_Alpha158_csi300_custom_step0_s_20260519_18,7278a8efdf2243c881f049f2b46de42f,0.015,,,
4611,2026-05-19,SH600415,0.00696915621712768,EXP_LGBModel_Alpha158_csi300_custom_step0_s_20260519_18,7278a8efdf2243c881f049f2b46de42f,0.015,,,
4612,2026-05-19,SH600377,0.01767030857989782,EXP_LGBModel_Alpha158_csi300_custom_step0_s_20260519_18,7278a8efdf2243c881f049f2b46de42f,0.015,,,
4613,2026-05-19,SH600372,-0.009152973207508224,EXP_LGBModel_Alpha158_csi300_custom_step0_s_20260519_18,7278a8efdf2243c881f049f2b46de42f,0.015,,,
4614,2026-05-19,SH600362,-0.005620149543056183,EXP_LGBModel_Alpha158_csi300_custom_step0_s_20260519_18,7278a8efdf2243c881f049f2b46de42f,0.015,,,
4615,2026-05-19,SH600346,-4.1089627725711704e-10,EXP_LGBModel_Alpha158_csi300_custom_step0_s_20260519_18,7278a8efdf2243c881f049f2b46de42f,0.015,,,
4616,2026-05-19,SH600309,-0.004922493967385778,EXP_LGBModel_Alpha158_csi300_custom_step0_s_20260519_18,7278a8efdf2243c881f049f2b46de42f,0.015,,,
4617,2026-05-19,SH600276,-0.016443686478563063,EXP_LGBModel_Alpha158_csi300_custom_step0_s_20260519_18,7278a8efdf2243c881f049f2b46de42f,0.015,,,
4618,2026-05-19,SH600233,-0.01139580779841749,EXP_LGBModel_Alpha158_csi300_custom_step0_s_20260519_18,7278a8efdf2243c881f049f2b46de42f,0.015,,,
4619,2026-05-19,SH600406,-0.016249114271246652,EXP_LGBModel_Alpha158_csi300_custom_step0_s_20260519_18,7278a8efdf2243c881f049f2b46de42f,0.015,,,
4620,2026-05-19,SZ002142,-2.6181950547923836e-10,EXP_LGBModel_Alpha158_csi300_custom_step0_s_20260519_18,f60df0eefcb742eca95f9049ff4f8a15,0.073,,,
4621,2026-05-19,SZ002074,-0.002534382098025488,EXP_LGBModel_Alpha158_csi300_custom_step0_s_20260519_18,f60df0eefcb742eca95f9049ff4f8a15,0.073,,,
4622,2026-05-19,SZ002050,-0.002534382098025488,EXP_LGBModel_Alpha158_csi300_custom_step0_s_20260519_18,f60df0eefcb742eca95f9049ff4f8a15,0.073,,,
4623,2026-05-19,SH601766,-2.6181950547923836e-10,EXP_LGBModel_Alpha158_csi300_custom_step0_s_20260519_18,f60df0eefcb742eca95f9049ff4f8a15,0.073,,,
4624,2026-05-19,SH601728,0.0020771554568820346,EXP_LGBModel_Alpha158_csi300_custom_step0_s_20260519_18,f60df0eefcb742eca95f9049ff4f8a15,0.073,,,
4625,2026-05-19,SH601698,-0.002534382098025488,EXP_LGBModel_Alpha158_csi300_custom_step0_s_20260519_18,f60df0eefcb742eca95f9049ff4f8a15,0.073,,,
4626,2026-05-19,SH601689,-0.002534382098025488,EXP_LGBModel_Alpha158_csi300_custom_step0_s_20260519_18,f60df0eefcb742eca95f9049ff4f8a15,0.073,,,
4627,2026-05-19,SH601688,-2.6181950547923836e-10,EXP_LGBModel_Alpha158_csi300_custom_step0_s_20260519_18,f60df0eefcb742eca95f9049ff4f8a15,0.073,,,
4628,2026-05-19,SH601669,-0.002534382098025488,EXP_LGBModel_Alpha158_csi300_custom_step0_s_20260519_18,f60df0eefcb742eca95f9049ff4f8a15,0.073,,,
4629,2026-05-19,SH601668,-2.6181950547923836e-10,EXP_LGBModel_Alpha158_csi300_custom_step0_s_20260519_18,f60df0eefcb742eca95f9049ff4f8a15,0.073,,,
4630,2026-05-19,SH601788,-0.002534382098025488,EXP_LGBModel_Alpha158_csi300_custom_step0_s_20260519_18,f60df0eefcb742eca95f9049ff4f8a15,0.073,,,
4631,2026-05-19,SH601658,-2.6181950547923836e-10,EXP_LGBModel_Alpha158_csi300_custom_step0_s_20260519_18,f60df0eefcb742eca95f9049ff4f8a15,0.073,,,
4632,2026-05-19,SH601628,-0.002534382098025488,EXP_LGBModel_Alpha158_csi300_custom_step0_s_20260519_18,f60df0eefcb742eca95f9049ff4f8a15,0.073,,,
4633,2026-05-19,SH601618,-2.6181950547923836e-10,EXP_LGBModel_Alpha158_csi300_custom_step0_s_20260519_18,f60df0eefcb742eca95f9049ff4f8a15,0.073,,,
4634,2026-05-19,SH601607,-2.6181950547923836e-10,EXP_LGBModel_Alpha158_csi300_custom_step0_s_20260519_18,f60df0eefcb742eca95f9049ff4f8a15,0.073,,,
4635,2026-05-19,SH601601,-0.002534382098025488,EXP_LGBModel_Alpha158_csi300_custom_step0_s_20260519_18,f60df0eefcb742eca95f9049ff4f8a15,0.073,,,
4636,2026-05-19,SH601600,-0.002534382098025488,EXP_LGBModel_Alpha158_csi300_custom_step0_s_20260519_18,f60df0eefcb742eca95f9049ff4f8a15,0.073,,,
4637,2026-05-19,SH601456,-2.6181950547923836e-10,EXP_LGBModel_Alpha158_csi300_custom_step0_s_20260519_18,f60df0eefcb742eca95f9049ff4f8a15,0.073,,,
4638,2026-05-19,SH601398,0.002568324417190581,EXP_LGBModel_Alpha158_csi300_custom_step0_s_20260519_18,f60df0eefcb742eca95f9049ff4f8a15,0.073,,,
4639,2026-05-19,SH601633,-2.6181950547923836e-10,EXP_LGBModel_Alpha158_csi300_custom_step0_s_20260519_18,f60df0eefcb742eca95f9049ff4f8a15,0.073,,,
4640,2026-05-19,SH601390,-2.6181950547923836e-10,EXP_LGBModel_Alpha158_csi300_custom_step0_s_20260519_18,f60df0eefcb742eca95f9049ff4f8a15,0.073,,,
4641,2026-05-19,SH601800,-0.002534382098025488,EXP_LGBModel_Alpha158_csi300_custom_step0_s_20260519_18,f60df0eefcb742eca95f9049ff4f8a15,0.073,,,
4642,2026-05-19,SH601816,0.002568324417190581,EXP_LGBModel_Alpha158_csi300_custom_step0_s_20260519_18,f60df0eefcb742eca95f9049ff4f8a15,0.073,,,
4643,2026-05-19,SH601939,0.002568324417190581,EXP_LGBModel_Alpha158_csi300_custom_step0_s_20260519_18,f60df0eefcb742eca95f9049ff4f8a15,0.073,,,
4644,2026-05-19,SH601919,-2.6181950547923836e-10,EXP_LGBModel_Alpha158_csi300_custom_step0_s_20260519_18,f60df0eefcb742eca95f9049ff4f8a15,0.073,,,
4645,2026-05-19,SH601916,0.002568324417190581,EXP_LGBModel_Alpha158_csi300_custom_step0_s_20260519_18,f60df0eefcb742eca95f9049ff4f8a15,0.073,,,
4646,2026-05-19,SH601901,-2.6181950547923836e-10,EXP_LGBModel_Alpha158_csi300_custom_step0_s_20260519_18,f60df0eefcb742eca95f9049ff4f8a15,0.073,,,
4647,2026-05-19,SH601899,-0.002534382098025488,EXP_LGBModel_Alpha158_csi300_custom_step0_s_20260519_18,f60df0eefcb742eca95f9049ff4f8a15,0.073,,,
4648,2026-05-19,SH601898,-0.002534382098025488,EXP_LGBModel_Alpha158_csi300_custom_step0_s_20260519_18,f60df0eefcb742eca95f9049ff4f8a15,0.073,,,
4649,2026-05-19,SH601888,-2.6181950547923836e-10,EXP_LGBModel_Alpha158_csi300_custom_step0_s_20260519_18,f60df0eefcb742eca95f9049ff4f8a15,0.073,,,
4650,2026-05-19,SH601808,-2.6181950547923836e-10,EXP_LGBModel_Alpha158_csi300_custom_step0_s_20260519_18,f60df0eefcb742eca95f9049ff4f8a15,0.073,,,
4651,2026-05-19,SH601881,-2.6181950547923836e-10,EXP_LGBModel_Alpha158_csi300_custom_step0_s_20260519_18,f60df0eefcb742eca95f9049ff4f8a15,0.073,,,
4652,2026-05-19,SH601877,-2.6181950547923836e-10,EXP_LGBModel_Alpha158_csi300_custom_step0_s_20260519_18,f60df0eefcb742eca95f9049ff4f8a15,0.073,,,
4653,2026-05-19,SH601872,-0.002534382098025488,EXP_LGBModel_Alpha158_csi300_custom_step0_s_20260519_18,f60df0eefcb742eca95f9049ff4f8a15,0.073,,,
4654,2026-05-19,SH601868,-0.002534382098025488,EXP_LGBModel_Alpha158_csi300_custom_step0_s_20260519_18,f60df0eefcb742eca95f9049ff4f8a15,0.073,,,
4655,2026-05-19,SH601857,-0.002534382098025488,EXP_LGBModel_Alpha158_csi300_custom_step0_s_20260519_18,f60df0eefcb742eca95f9049ff4f8a15,0.073,,,
4656,2026-05-19,SH601838,-2.6181950547923836e-10,EXP_LGBModel_Alpha158_csi300_custom_step0_s_20260519_18,f60df0eefcb742eca95f9049ff4f8a15,0.073,,,
4657,2026-05-19,SH601825,0.002568324417190581,EXP_LGBModel_Alpha158_csi300_custom_step0_s_20260519_18,f60df0eefcb742eca95f9049ff4f8a15,0.073,,,
4658,2026-05-19,SH601818,-2.6181950547923836e-10,EXP_LGBModel_Alpha158_csi300_custom_step0_s_20260519_18,f60df0eefcb742eca95f9049ff4f8a15,0.073,,,
4659,2026-05-19,SH601878,0.002568324417190581,EXP_LGBModel_Alpha158_csi300_custom_step0_s_20260519_18,f60df0eefcb742eca95f9049ff4f8a15,0.073,,,
4660,2026-05-19,SH601985,0.002568324417190581,EXP_LGBModel_Alpha158_csi300_custom_step0_s_20260519_18,f60df0eefcb742eca95f9049ff4f8a15,0.073,,,
4661,2026-05-19,SH601377,-2.6181950547923836e-10,EXP_LGBModel_Alpha158_csi300_custom_step0_s_20260519_18,f60df0eefcb742eca95f9049ff4f8a15,0.073,,,
4662,2026-05-19,SH601336,-0.002534382098025488,EXP_LGBModel_Alpha158_csi300_custom_step0_s_20260519_18,f60df0eefcb742eca95f9049ff4f8a15,0.073,,,
4663,2026-05-19,SH601077,-2.6181950547923836e-10,EXP_LGBModel_Alpha158_csi300_custom_step0_s_20260519_18,f60df0eefcb742eca95f9049ff4f8a15,0.073,,,
4664,2026-05-19,SH601066,-2.6181950547923836e-10,EXP_LGBModel_Alpha158_csi300_custom_step0_s_20260519_18,f60df0eefcb742eca95f9049ff4f8a15,0.073,,,
4665,2026-05-19,SH601059,-2.6181950547923836e-10,EXP_LGBModel_Alpha158_csi300_custom_step0_s_20260519_18,f60df0eefcb742eca95f9049ff4f8a15,0.073,,,
4666,2026-05-19,SH601058,-2.6181950547923836e-10,EXP_LGBModel_Alpha158_csi300_custom_step0_s_20260519_18,f60df0eefcb742eca95f9049ff4f8a15,0.073,,,
4667,2026-05-19,SH601021,-0.002534382098025488,EXP_LGBModel_Alpha158_csi300_custom_step0_s_20260519_18,f60df0eefcb742eca95f9049ff4f8a15,0.073,,,
4668,2026-05-19,SH601018,0.002568324417190581,EXP_LGBModel_Alpha158_csi300_custom_step0_s_20260519_18,f60df0eefcb742eca95f9049ff4f8a15,0.073,,,
4669,2026-05-19,SH601012,-2.6181950547923836e-10,EXP_LGBModel_Alpha158_csi300_custom_step0_s_20260519_18,f60df0eefcb742eca95f9049ff4f8a15,0.073,,,
4670,2026-05-19,SH601088,-0.002534382098025488,EXP_LGBModel_Alpha158_csi300_custom_step0_s_20260519_18,f60df0eefcb742eca95f9049ff4f8a15,0.073,,,
4671,2026-05-19,SH601009,-2.6181950547923836e-10,EXP_LGBModel_Alpha158_csi300_custom_step0_s_20260519_18,f60df0eefcb742eca95f9049ff4f8a15,0.073,,,
4672,2026-05-19,SH600999,-2.6181950547923836e-10,EXP_LGBModel_Alpha158_csi300_custom_step0_s_20260519_18,f60df0eefcb742eca95f9049ff4f8a15,0.073,,,
4673,2026-05-19,SH600989,-0.002534382098025488,EXP_LGBModel_Alpha158_csi300_custom_step0_s_20260519_18,f60df0eefcb742eca95f9049ff4f8a15,0.073,,,
4674,2026-05-19,SH600958,-0.002534382098025488,EXP_LGBModel_Alpha158_csi300_custom_step0_s_20260519_18,f60df0eefcb742eca95f9049ff4f8a15,0.073,,,
4675,2026-05-19,SH600941,-2.6181950547923836e-10,EXP_LGBModel_Alpha158_csi300_custom_step0_s_20260519_18,f60df0eefcb742eca95f9049ff4f8a15,0.073,,,
4676,2026-05-19,SH600938,-2.6181950547923836e-10,EXP_LGBModel_Alpha158_csi300_custom_step0_s_20260519_18,f60df0eefcb742eca95f9049ff4f8a15,0.073,,,
4677,2026-05-19,SH600930,-0.002534382098025488,EXP_LGBModel_Alpha158_csi300_custom_step0_s_20260519_18,f60df0eefcb742eca95f9049ff4f8a15,0.073,,,
4678,2026-05-19,SH600926,-0.002534382098025488,EXP_LGBModel_Alpha158_csi300_custom_step0_s_20260519_18,f60df0eefcb742eca95f9049ff4f8a15,0.073,,,
4679,2026-05-19,SH601006,0.002568324417190581,EXP_LGBModel_Alpha158_csi300_custom_step0_s_20260519_18,f60df0eefcb742eca95f9049ff4f8a15,0.073,,,
4680,2026-05-19,SH601360,-0.002534382098025488,EXP_LGBModel_Alpha158_csi300_custom_step0_s_20260519_18,f60df0eefcb742eca95f9049ff4f8a15,0.073,,,
4681,2026-05-19,SH601100,-0.002534382098025488,EXP_LGBModel_Alpha158_csi300_custom_step0_s_20260519_18,f60df0eefcb742eca95f9049ff4f8a15,0.073,,,
4682,2026-05-19,SH601117,-0.002534382098025488,EXP_LGBModel_Alpha158_csi300_custom_step0_s_20260519_18,f60df0eefcb742eca95f9049ff4f8a15,0.073,,,
4683,2026-05-19,SH601328,0.002568324417190581,EXP_LGBModel_Alpha158_csi300_custom_step0_s_20260519_18,f60df0eefcb742eca95f9049ff4f8a15,0.073,,,
4684,2026-05-19,SH601319,-0.0006979604627668624,EXP_LGBModel_Alpha158_csi300_custom_step0_s_20260519_18,f60df0eefcb742eca95f9049ff4f8a15,0.073,,,
4685,2026-05-19,SH601318,-0.0006979604627668624,EXP_LGBModel_Alpha158_csi300_custom_step0_s_20260519_18,f60df0eefcb742eca95f9049ff4f8a15,0.073,,,
4686,2026-05-19,SH601298,0.002568324417190581,EXP_LGBModel_Alpha158_csi300_custom_step0_s_20260519_18,f60df0eefcb742eca95f9049ff4f8a15,0.073,,,
4687,2026-05-19,SH601288,0.002568324417190581,EXP_LGBModel_Alpha158_csi300_custom_step0_s_20260519_18,f60df0eefcb742eca95f9049ff4f8a15,0.073,,,
4688,2026-05-19,SH601238,-2.6181950547923836e-10,EXP_LGBModel_Alpha158_csi300_custom_step0_s_20260519_18,f60df0eefcb742eca95f9049ff4f8a15,0.073,,,
4689,2026-05-19,SH601236,-0.002534382098025488,EXP_LGBModel_Alpha158_csi300_custom_step0_s_20260519_18,f60df0eefcb742eca95f9049ff4f8a15,0.073,,,
4690,2026-05-19,SH601111,-0.002534382098025488,EXP_LGBModel_Alpha158_csi300_custom_step0_s_20260519_18,f60df0eefcb742eca95f9049ff4f8a15,0.073,,,
4691,2026-05-19,SH601229,-2.6181950547923836e-10,EXP_LGBModel_Alpha158_csi300_custom_step0_s_20260519_18,f60df0eefcb742eca95f9049ff4f8a15,0.073,,,
4692,2026-05-19,SH601211,-2.6181950547923836e-10,EXP_LGBModel_Alpha158_csi300_custom_step0_s_20260519_18,f60df0eefcb742eca95f9049ff4f8a15,0.073,,,
4693,2026-05-19,SH601186,-2.6181950547923836e-10,EXP_LGBModel_Alpha158_csi300_custom_step0_s_20260519_18,f60df0eefcb742eca95f9049ff4f8a15,0.073,,,
4694,2026-05-19,SH601169,-2.6181950547923836e-10,EXP_LGBModel_Alpha158_csi300_custom_step0_s_20260519_18,f60df0eefcb742eca95f9049ff4f8a15,0.073,,,
4695,2026-05-19,SH601166,-2.6181950547923836e-10,EXP_LGBModel_Alpha158_csi300_custom_step0_s_20260519_18,f60df0eefcb742eca95f9049ff4f8a15,0.073,,,
4696,2026-05-19,SH601138,0.00399916983706269,EXP_LGBModel_Alpha158_csi300_custom_step0_s_20260519_18,f60df0eefcb742eca95f9049ff4f8a15,0.073,,,
4697,2026-05-19,SH601136,-2.6181950547923836e-10,EXP_LGBModel_Alpha158_csi300_custom_step0_s_20260519_18,f60df0eefcb742eca95f9049ff4f8a15,0.073,,,
4698,2026-05-19,SH601127,-0.0006979604627668624,EXP_LGBModel_Alpha158_csi300_custom_step0_s_20260519_18,f60df0eefcb742eca95f9049ff4f8a15,0.073,,,
4699,2026-05-19,SH601225,-2.6181950547923836e-10,EXP_LGBModel_Alpha158_csi300_custom_step0_s_20260519_18,f60df0eefcb742eca95f9049ff4f8a15,0.073,,,
4700,2026-05-19,SH601077,-0.0017912652877155517,EXP_LGBModel_Alpha158_csi300_custom_step0_s_20260519_18,7278a8efdf2243c881f049f2b46de42f,0.015,,,
4701,2026-05-19,SH601988,0.002568324417190581,EXP_LGBModel_Alpha158_csi300_custom_step0_s_20260519_18,f60df0eefcb742eca95f9049ff4f8a15,0.073,,,
4702,2026-05-19,SH601998,-2.6181950547923836e-10,EXP_LGBModel_Alpha158_csi300_custom_step0_s_20260519_18,f60df0eefcb742eca95f9049ff4f8a15,0.073,,,
4703,2026-05-19,SZ000768,-0.002534382098025488,EXP_LGBModel_Alpha158_csi300_custom_step0_s_20260519_18,f60df0eefcb742eca95f9049ff4f8a15,0.073,,,
4704,2026-05-19,SZ000725,-2.6181950547923836e-10,EXP_LGBModel_Alpha158_csi300_custom_step0_s_20260519_18,f60df0eefcb742eca95f9049ff4f8a15,0.073,,,
4705,2026-05-19,SZ000708,-2.6181950547923836e-10,EXP_LGBModel_Alpha158_csi300_custom_step0_s_20260519_18,f60df0eefcb742eca95f9049ff4f8a15,0.073,,,
4706,2026-05-19,SZ000661,-0.002534382098025488,EXP_LGBModel_Alpha158_csi300_custom_step0_s_20260519_18,f60df0eefcb742eca95f9049ff4f8a15,0.073,,,
4707,2026-05-19,SZ000651,0.002388955466893429,EXP_LGBModel_Alpha158_csi300_custom_step0_s_20260519_18,f60df0eefcb742eca95f9049ff4f8a15,0.073,,,
4708,2026-05-19,SZ000630,-0.002534382098025488,EXP_LGBModel_Alpha158_csi300_custom_step0_s_20260519_18,f60df0eefcb742eca95f9049ff4f8a15,0.073,,,
4709,2026-05-19,SZ000625,-0.0006979604627668624,EXP_LGBModel_Alpha158_csi300_custom_step0_s_20260519_18,f60df0eefcb742eca95f9049ff4f8a15,0.073,,,
4710,2026-05-19,SZ000776,-2.6181950547923836e-10,EXP_LGBModel_Alpha158_csi300_custom_step0_s_20260519_18,f60df0eefcb742eca95f9049ff4f8a15,0.073,,,
4711,2026-05-19,SZ000617,-2.6181950547923836e-10,EXP_LGBModel_Alpha158_csi300_custom_step0_s_20260519_18,f60df0eefcb742eca95f9049ff4f8a15,0.073,,,
4712,2026-05-19,SZ000568,-0.002534382098025488,EXP_LGBModel_Alpha158_csi300_custom_step0_s_20260519_18,f60df0eefcb742eca95f9049ff4f8a15,0.073,,,
4713,2026-05-19,SZ000538,-2.6181950547923836e-10,EXP_LGBModel_Alpha158_csi300_custom_step0_s_20260519_18,f60df0eefcb742eca95f9049ff4f8a15,0.073,,,
4714,2026-05-19,SZ000425,-0.002534382098025488,EXP_LGBModel_Alpha158_csi300_custom_step0_s_20260519_18,f60df0eefcb742eca95f9049ff4f8a15,0.073,,,
4715,2026-05-19,SZ000408,-0.002534382098025488,EXP_LGBModel_Alpha158_csi300_custom_step0_s_20260519_18,f60df0eefcb742eca95f9049ff4f8a15,0.073,,,
4716,2026-05-19,SZ000338,0.00399916983706269,EXP_LGBModel_Alpha158_csi300_custom_step0_s_20260519_18,f60df0eefcb742eca95f9049ff4f8a15,0.073,,,
4717,2026-05-19,SZ000333,0.002568324417190581,EXP_LGBModel_Alpha158_csi300_custom_step0_s_20260519_18,f60df0eefcb742eca95f9049ff4f8a15,0.073,,,
4718,2026-05-19,SZ000301,-0.002534382098025488,EXP_LGBModel_Alpha158_csi300_custom_step0_s_20260519_18,f60df0eefcb742eca95f9049ff4f8a15,0.073,,,
4719,2026-05-19,SZ000596,-0.002534382098025488,EXP_LGBModel_Alpha158_csi300_custom_step0_s_20260519_18,f60df0eefcb742eca95f9049ff4f8a15,0.073,,,
4720,2026-05-19,SZ000166,-0.0006979604627668624,EXP_LGBModel_Alpha158_csi300_custom_step0_s_20260519_18,f60df0eefcb742eca95f9049ff4f8a15,0.073,,,
4721,2026-05-19,SZ000786,-0.002534382098025488,EXP_LGBModel_Alpha158_csi300_custom_step0_s_20260519_18,f60df0eefcb742eca95f9049ff4f8a15,0.073,,,
4722,2026-05-19,SZ000807,-0.002534382098025488,EXP_LGBModel_Alpha158_csi300_custom_step0_s_20260519_18,f60df0eefcb742eca95f9049ff4f8a15,0.073,,,
4723,2026-05-19,SZ002049,0.00042866724244429986,EXP_LGBModel_Alpha158_csi300_custom_step0_s_20260519_18,f60df0eefcb742eca95f9049ff4f8a15,0.073,,,
4724,2026-05-19,SZ002028,-2.6181950547923836e-10,EXP_LGBModel_Alpha158_csi300_custom_step0_s_20260519_18,f60df0eefcb742eca95f9049ff4f8a15,0.073,,,
4725,2026-05-19,SZ002027,-0.002534382098025488,EXP_LGBModel_Alpha158_csi300_custom_step0_s_20260519_18,f60df0eefcb742eca95f9049ff4f8a15,0.073,,,
4726,2026-05-19,SZ002001,-2.6181950547923836e-10,EXP_LGBModel_Alpha158_csi300_custom_step0_s_20260519_18,f60df0eefcb742eca95f9049ff4f8a15,0.073,,,
4727,2026-05-19,SZ001979,0.00042866724244429986,EXP_LGBModel_Alpha158_csi300_custom_step0_s_20260519_18,f60df0eefcb742eca95f9049ff4f8a15,0.073,,,
4728,2026-05-19,SZ001965,-2.6181950547923836e-10,EXP_LGBModel_Alpha158_csi300_custom_step0_s_20260519_18,f60df0eefcb742eca95f9049ff4f8a15,0.073,,,
4729,2026-05-19,SZ001391,0.002568324417190581,EXP_LGBModel_Alpha158_csi300_custom_step0_s_20260519_18,f60df0eefcb742eca95f9049ff4f8a15,0.073,,,
4730,2026-05-19,SZ000792,-0.0006979604627668624,EXP_LGBModel_Alpha158_csi300_custom_step0_s_20260519_18,f60df0eefcb742eca95f9049ff4f8a15,0.073,,,
4731,2026-05-19,SZ000999,-2.6181950547923836e-10,EXP_LGBModel_Alpha158_csi300_custom_step0_s_20260519_18,f60df0eefcb742eca95f9049ff4f8a15,0.073,,,
4732,2026-05-19,SZ000977,-0.002534382098025488,EXP_LGBModel_Alpha158_csi300_custom_step0_s_20260519_18,f60df0eefcb742eca95f9049ff4f8a15,0.073,,,
4733,2026-05-19,SZ000975,-2.6181950547923836e-10,EXP_LGBModel_Alpha158_csi300_custom_step0_s_20260519_18,f60df0eefcb742eca95f9049ff4f8a15,0.073,,,
4734,2026-05-19,SZ000963,-0.002534382098025488,EXP_LGBModel_Alpha158_csi300_custom_step0_s_20260519_18,f60df0eefcb742eca95f9049ff4f8a15,0.073,,,
4735,2026-05-19,SZ000938,0.00399916983706269,EXP_LGBModel_Alpha158_csi300_custom_step0_s_20260519_18,f60df0eefcb742eca95f9049ff4f8a15,0.073,,,
4736,2026-05-19,SZ000895,-2.6181950547923836e-10,EXP_LGBModel_Alpha158_csi300_custom_step0_s_20260519_18,f60df0eefcb742eca95f9049ff4f8a15,0.073,,,
4737,2026-05-19,SZ000876,-2.6181950547923836e-10,EXP_LGBModel_Alpha158_csi300_custom_step0_s_20260519_18,f60df0eefcb742eca95f9049ff4f8a15,0.073,,,
4738,2026-05-19,SZ000858,-2.6181950547923836e-10,EXP_LGBModel_Alpha158_csi300_custom_step0_s_20260519_18,f60df0eefcb742eca95f9049ff4f8a15,0.073,,,
4739,2026-05-19,SZ000983,-2.6181950547923836e-10,EXP_LGBModel_Alpha158_csi300_custom_step0_s_20260519_18,f60df0eefcb742eca95f9049ff4f8a15,0.073,,,
4740,2026-05-19,SH601995,0.002568324417190581,EXP_LGBModel_Alpha158_csi300_custom_step0_s_20260519_18,f60df0eefcb742eca95f9049ff4f8a15,0.073,,,
4741,2026-05-19,SZ000157,-0.002534382098025488,EXP_LGBModel_Alpha158_csi300_custom_step0_s_20260519_18,f60df0eefcb742eca95f9049ff4f8a15,0.073,,,
4742,2026-05-19,SZ000063,-0.002534382098025488,EXP_LGBModel_Alpha158_csi300_custom_step0_s_20260519_18,f60df0eefcb742eca95f9049ff4f8a15,0.073,,,
4743,2026-05-19,SH688008,0.00399916983706269,EXP_LGBModel_Alpha158_csi300_custom_step0_s_20260519_18,f60df0eefcb742eca95f9049ff4f8a15,0.073,,,
4744,2026-05-19,SH605499,-0.0006979604627668624,EXP_LGBModel_Alpha158_csi300_custom_step0_s_20260519_18,f60df0eefcb742eca95f9049ff4f8a15,0.073,,,
4745,2026-05-19,SH605117,-0.002534382098025488,EXP_LGBModel_Alpha158_csi300_custom_step0_s_20260519_18,f60df0eefcb742eca95f9049ff4f8a15,0.073,,,
4746,2026-05-19,SH603993,-0.002534382098025488,EXP_LGBModel_Alpha158_csi300_custom_step0_s_20260519_18,f60df0eefcb742eca95f9049ff4f8a15,0.073,,,
4747,2026-05-19,SH603986,-0.00326391307289959,EXP_LGBModel_Alpha158_csi300_custom_step0_s_20260519_18,f60df0eefcb742eca95f9049ff4f8a15,0.073,,,
4748,2026-05-19,SH603893,0.00042866724244429986,EXP_LGBModel_Alpha158_csi300_custom_step0_s_20260519_18,f60df0eefcb742eca95f9049ff4f8a15,0.073,,,
4749,2026-05-19,SH603799,-0.002534382098025488,EXP_LGBModel_Alpha158_csi300_custom_step0_s_20260519_18,f60df0eefcb742eca95f9049ff4f8a15,0.073,,,
4750,2026-05-19,SH688009,-2.6181950547923836e-10,EXP_LGBModel_Alpha158_csi300_custom_step0_s_20260519_18,f60df0eefcb742eca95f9049ff4f8a15,0.073,,,
4751,2026-05-19,SH603501,-2.6181950547923836e-10,EXP_LGBModel_Alpha158_csi300_custom_step0_s_20260519_18,f60df0eefcb742eca95f9049ff4f8a15,0.073,,,
4752,2026-05-19,SH603369,-0.002534382098025488,EXP_LGBModel_Alpha158_csi300_custom_step0_s_20260519_18,f60df0eefcb742eca95f9049ff4f8a15,0.073,,,
4753,2026-05-19,SH603296,-0.0006979604627668624,EXP_LGBModel_Alpha158_csi300_custom_step0_s_20260519_18,f60df0eefcb742eca95f9049ff4f8a15,0.073,,,
4754,2026-05-19,SH603288,-2.6181950547923836e-10,EXP_LGBModel_Alpha158_csi300_custom_step0_s_20260519_18,f60df0eefcb742eca95f9049ff4f8a15,0.073,,,
4755,2026-05-19,SH603260,-0.002534382098025488,EXP_LGBModel_Alpha158_csi300_custom_step0_s_20260519_18,f60df0eefcb742eca95f9049ff4f8a15,0.073,,,
4756,2026-05-19,SH603259,-0.002534382098025488,EXP_LGBModel_Alpha158_csi300_custom_step0_s_20260519_18,f60df0eefcb742eca95f9049ff4f8a15,0.073,,,
4757,2026-05-19,SH603195,-2.6181950547923836e-10,EXP_LGBModel_Alpha158_csi300_custom_step0_s_20260519_18,f60df0eefcb742eca95f9049ff4f8a15,0.073,,,
4758,2026-05-19,SH603019,-0.002534382098025488,EXP_LGBModel_Alpha158_csi300_custom_step0_s_20260519_18,f60df0eefcb742eca95f9049ff4f8a15,0.073,,,
4759,2026-05-19,SH603392,-0.002534382098025488,EXP_LGBModel_Alpha158_csi300_custom_step0_s_20260519_18,f60df0eefcb742eca95f9049ff4f8a15,0.073,,,
4760,2026-05-19,SZ000100,0.002568324417190581,EXP_LGBModel_Alpha158_csi300_custom_step0_s_20260519_18,f60df0eefcb742eca95f9049ff4f8a15,0.073,,,
4761,2026-05-19,SH688012,-0.00326391307289959,EXP_LGBModel_Alpha158_csi300_custom_step0_s_20260519_18,f60df0eefcb742eca95f9049ff4f8a15,0.073,,,
4762,2026-05-19,SH688041,0.00399916983706269,EXP_LGBModel_Alpha158_csi300_custom_step0_s_20260519_18,f60df0eefcb742eca95f9049ff4f8a15,0.073,,,
4763,2026-05-19,SZ000002,-0.002534382098025488,EXP_LGBModel_Alpha158_csi300_custom_step0_s_20260519_18,f60df0eefcb742eca95f9049ff4f8a15,0.073,,,
4764,2026-05-19,SZ000001,-2.6181950547923836e-10,EXP_LGBModel_Alpha158_csi300_custom_step0_s_20260519_18,f60df0eefcb742eca95f9049ff4f8a15,0.073,,,
4765,2026-05-19,SH688981,-2.6181950547923836e-10,EXP_LGBModel_Alpha158_csi300_custom_step0_s_20260519_18,f60df0eefcb742eca95f9049ff4f8a15,0.073,,,
4766,2026-05-19,SH688506,-2.6181950547923836e-10,EXP_LGBModel_Alpha158_csi300_custom_step0_s_20260519_18,f60df0eefcb742eca95f9049ff4f8a15,0.073,,,
4767,2026-05-19,SH688472,-0.002534382098025488,EXP_LGBModel_Alpha158_csi300_custom_step0_s_20260519_18,f60df0eefcb742eca95f9049ff4f8a15,0.073,,,
4768,2026-05-19,SH688396,-2.6181950547923836e-10,EXP_LGBModel_Alpha158_csi300_custom_step0_s_20260519_18,f60df0eefcb742eca95f9049ff4f8a15,0.073,,,
4769,2026-05-19,SH688303,-0.002534382098025488,EXP_LGBModel_Alpha158_csi300_custom_step0_s_20260519_18,f60df0eefcb742eca95f9049ff4f8a15,0.073,,,
4770,2026-05-19,SH688036,0.00042866724244429986,EXP_LGBModel_Alpha158_csi300_custom_step0_s_20260519_18,f60df0eefcb742eca95f9049ff4f8a15,0.073,,,
4771,2026-05-19,SH688271,0.00042866724244429986,EXP_LGBModel_Alpha158_csi300_custom_step0_s_20260519_18,f60df0eefcb742eca95f9049ff4f8a15,0.073,,,
4772,2026-05-19,SH688223,-0.002534382098025488,EXP_LGBModel_Alpha158_csi300_custom_step0_s_20260519_18,f60df0eefcb742eca95f9049ff4f8a15,0.073,,,
4773,2026-05-19,SH688187,-2.6181950547923836e-10,EXP_LGBModel_Alpha158_csi300_custom_step0_s_20260519_18,f60df0eefcb742eca95f9049ff4f8a15,0.073,,,
4774,2026-05-19,SH688169,0.00042866724244429986,EXP_LGBModel_Alpha158_csi300_custom_step0_s_20260519_18,f60df0eefcb742eca95f9049ff4f8a15,0.073,,,
4775,2026-05-19,SH688126,-0.00326391307289959,EXP_LGBModel_Alpha158_csi300_custom_step0_s_20260519_18,f60df0eefcb742eca95f9049ff4f8a15,0.073,,,
4776,2026-05-19,SH688111,-0.002534382098025488,EXP_LGBModel_Alpha158_csi300_custom_step0_s_20260519_18,f60df0eefcb742eca95f9049ff4f8a15,0.073,,,
4777,2026-05-19,SH688082,0.00042866724244429986,EXP_LGBModel_Alpha158_csi300_custom_step0_s_20260519_18,f60df0eefcb742eca95f9049ff4f8a15,0.073,,,
4778,2026-05-19,SH688047,-2.6181950547923836e-10,EXP_LGBModel_Alpha158_csi300_custom_step0_s_20260519_18,f60df0eefcb742eca95f9049ff4f8a15,0.073,,,
4779,2026-05-19,SH688256,-2.6181950547923836e-10,EXP_LGBModel_Alpha158_csi300_custom_step0_s_20260519_18,f60df0eefcb742eca95f9049ff4f8a15,0.073,,,
4780,2026-05-19,SH601328,-0.026648499532090447,EXP_LGBModel_Alpha158_csi300_custom_step0_s_20260519_18,c3971fbd67184ec48cd63cedfd7ced5e,0.077,,,
4781,2026-05-19,SH601088,-0.004329775574975058,EXP_LGBModel_Alpha158_csi300_custom_step0_s_20260519_18,7278a8efdf2243c881f049f2b46de42f,0.015,,,
4782,2026-05-19,SH601111,-0.016443686478563063,EXP_LGBModel_Alpha158_csi300_custom_step0_s_20260519_18,7278a8efdf2243c881f049f2b46de42f,0.015,,,
4783,2026-05-19,SH600025,-0.023148802445625696,EXP_LGBModel_Alpha158_csi300_custom_step0_s_20260519_18,c3971fbd67184ec48cd63cedfd7ced5e,0.077,,,
4784,2026-05-19,SH600023,0.0158155200546469,EXP_LGBModel_Alpha158_csi300_custom_step0_s_20260519_18,c3971fbd67184ec48cd63cedfd7ced5e,0.077,,,
4785,2026-05-19,SH600019,-0.026190510805066288,EXP_LGBModel_Alpha158_csi300_custom_step0_s_20260519_18,c3971fbd67184ec48cd63cedfd7ced5e,0.077,,,
4786,2026-05-19,SH600018,0.002167958533182086,EXP_LGBModel_Alpha158_csi300_custom_step0_s_20260519_18,c3971fbd67184ec48cd63cedfd7ced5e,0.077,,,
4787,2026-05-19,SH600016,-0.01219114332169786,EXP_LGBModel_Alpha158_csi300_custom_step0_s_20260519_18,c3971fbd67184ec48cd63cedfd7ced5e,0.077,,,
4788,2026-05-19,SH600015,-0.027853207072608435,EXP_LGBModel_Alpha158_csi300_custom_step0_s_20260519_18,c3971fbd67184ec48cd63cedfd7ced5e,0.077,,,
4789,2026-05-19,SH600011,0.024882488389062304,EXP_LGBModel_Alpha158_csi300_custom_step0_s_20260519_18,c3971fbd67184ec48cd63cedfd7ced5e,0.077,,,
4790,2026-05-19,SH600010,-0.0059687725540681445,EXP_LGBModel_Alpha158_csi300_custom_step0_s_20260519_18,c3971fbd67184ec48cd63cedfd7ced5e,0.077,,,
4791,2026-05-19,SH600009,-0.020810151619568937,EXP_LGBModel_Alpha158_csi300_custom_step0_s_20260519_18,c3971fbd67184ec48cd63cedfd7ced5e,0.077,,,
4792,2026-05-19,SH600000,-0.04127545867406666,EXP_LGBModel_Alpha158_csi300_custom_step0_s_20260519_18,c3971fbd67184ec48cd63cedfd7ced5e,0.077,,,
4793,2026-05-19,SZ302132,-0.016232040410794936,EXP_LGBModel_Alpha158_csi300_custom_step0_s_20260519_18,7278a8efdf2243c881f049f2b46de42f,0.015,,,
4794,2026-05-19,SZ301269,-0.009669100002425123,EXP_LGBModel_Alpha158_csi300_custom_step0_s_20260519_18,7278a8efdf2243c881f049f2b46de42f,0.015,,,
4795,2026-05-19,SZ301236,-0.007495366288588577,EXP_LGBModel_Alpha158_csi300_custom_step0_s_20260519_18,7278a8efdf2243c881f049f2b46de42f,0.015,,,
4796,2026-05-19,SZ300999,-0.005352004511395088,EXP_LGBModel_Alpha158_csi300_custom_step0_s_20260519_18,7278a8efdf2243c881f049f2b46de42f,0.015,,,
4797,2026-05-19,SZ300979,-4.1089627725711704e-10,EXP_LGBModel_Alpha158_csi300_custom_step0_s_20260519_18,7278a8efdf2243c881f049f2b46de42f,0.015,,,
4798,2026-05-19,SH600026,0.005393724058457269,EXP_LGBModel_Alpha158_csi300_custom_step0_s_20260519_18,c3971fbd67184ec48cd63cedfd7ced5e,0.077,,,
4799,2026-05-19,SH600027,0.015772391951464362,EXP_LGBModel_Alpha158_csi300_custom_step0_s_20260519_18,c3971fbd67184ec48cd63cedfd7ced5e,0.077,,,
4800,2026-05-19,SH600028,-0.03634423741177627,EXP_LGBModel_Alpha158_csi300_custom_step0_s_20260519_18,c3971fbd67184ec48cd63cedfd7ced5e,0.077,,,
4801,2026-05-19,SH600029,-0.00705553224729872,EXP_LGBModel_Alpha158_csi300_custom_step0_s_20260519_18,c3971fbd67184ec48cd63cedfd7ced5e,0.077,,,
4802,2026-05-19,SH600161,-0.019651278466756423,EXP_LGBModel_Alpha158_csi300_custom_step0_s_20260519_18,c3971fbd67184ec48cd63cedfd7ced5e,0.077,,,
4803,2026-05-19,SH600160,0.0073945289349380714,EXP_LGBModel_Alpha158_csi300_custom_step0_s_20260519_18,c3971fbd67184ec48cd63cedfd7ced5e,0.077,,,
4804,2026-05-19,SH600150,0.048788419580155305,EXP_LGBModel_Alpha158_csi300_custom_step0_s_20260519_18,c3971fbd67184ec48cd63cedfd7ced5e,0.077,,,
4805,2026-05-19,SH600115,-0.015433406375190691,EXP_LGBModel_Alpha158_csi300_custom_step0_s_20260519_18,c3971fbd67184ec48cd63cedfd7ced5e,0.077,,,
4806,2026-05-19,SH600111,-0.0013443823941458313,EXP_LGBModel_Alpha158_csi300_custom_step0_s_20260519_18,c3971fbd67184ec48cd63cedfd7ced5e,0.077,,,
4807,2026-05-19,SH600104,-0.018127177413719265,EXP_LGBModel_Alpha158_csi300_custom_step0_s_20260519_18,c3971fbd67184ec48cd63cedfd7ced5e,0.077,,,
4808,2026-05-19,SH600089,0.0005314688682860325,EXP_LGBModel_Alpha158_csi300_custom_step0_s_20260519_18,c3971fbd67184ec48cd63cedfd7ced5e,0.077,,,
4809,2026-05-19,SZ300896,-0.013555354454504613,EXP_LGBModel_Alpha158_csi300_custom_step0_s_20260519_18,7278a8efdf2243c881f049f2b46de42f,0.015,,,
4810,2026-05-19,SH600085,-0.01945099848145982,EXP_LGBModel_Alpha158_csi300_custom_step0_s_20260519_18,c3971fbd67184ec48cd63cedfd7ced5e,0.077,,,
4811,2026-05-19,SH600061,-0.0038397546822397316,EXP_LGBModel_Alpha158_csi300_custom_step0_s_20260519_18,c3971fbd67184ec48cd63cedfd7ced5e,0.077,,,
4812,2026-05-19,SH600050,-0.0032591178473172075,EXP_LGBModel_Alpha158_csi300_custom_step0_s_20260519_18,c3971fbd67184ec48cd63cedfd7ced5e,0.077,,,
4813,2026-05-19,SH600048,0.01057107444315732,EXP_LGBModel_Alpha158_csi300_custom_step0_s_20260519_18,c3971fbd67184ec48cd63cedfd7ced5e,0.077,,,
4814,2026-05-19,SH600039,-0.00992399919473436,EXP_LGBModel_Alpha158_csi300_custom_step0_s_20260519_18,c3971fbd67184ec48cd63cedfd7ced5e,0.077,,,
4815,2026-05-19,SH600036,-0.020999800027443203,EXP_LGBModel_Alpha158_csi300_custom_step0_s_20260519_18,c3971fbd67184ec48cd63cedfd7ced5e,0.077,,,
4816,2026-05-19,SH600031,-1.3121552980908512e-06,EXP_LGBModel_Alpha158_csi300_custom_step0_s_20260519_18,c3971fbd67184ec48cd63cedfd7ced5e,0.077,,,
4817,2026-05-19,SH600030,0.0051682189406902345,EXP_LGBModel_Alpha158_csi300_custom_step0_s_20260519_18,c3971fbd67184ec48cd63cedfd7ced5e,0.077,,,
4818,2026-05-19,SH600066,-0.006036526275061115,EXP_LGBModel_Alpha158_csi300_custom_step0_s_20260519_18,c3971fbd67184ec48cd63cedfd7ced5e,0.077,,,
4819,2026-05-19,SZ300866,-0.014086333815968115,EXP_LGBModel_Alpha158_csi300_custom_step0_s_20260519_18,7278a8efdf2243c881f049f2b46de42f,0.015,,,
4820,2026-05-19,SZ300832,-0.0046675759193803065,EXP_LGBModel_Alpha158_csi300_custom_step0_s_20260519_18,7278a8efdf2243c881f049f2b46de42f,0.015,,,
4821,2026-05-19,SZ300803,-0.005920050329857198,EXP_LGBModel_Alpha158_csi300_custom_step0_s_20260519_18,7278a8efdf2243c881f049f2b46de42f,0.015,,,
4822,2026-05-19,SZ300124,-0.0026883086597053662,EXP_LGBModel_Alpha158_csi300_custom_step0_s_20260519_18,7278a8efdf2243c881f049f2b46de42f,0.015,,,
4823,2026-05-19,SZ300122,-0.016232040410794936,EXP_LGBModel_Alpha158_csi300_custom_step0_s_20260519_18,7278a8efdf2243c881f049f2b46de42f,0.015,,,
4824,2026-05-19,SZ300059,-0.009824403401577812,EXP_LGBModel_Alpha158_csi300_custom_step0_s_20260519_18,7278a8efdf2243c881f049f2b46de42f,0.015,,,
4825,2026-05-19,SZ300033,-0.002919583022798375,EXP_LGBModel_Alpha158_csi300_custom_step0_s_20260519_18,7278a8efdf2243c881f049f2b46de42f,0.015,,,
4826,2026-05-19,SZ300015,-0.016443686478563063,EXP_LGBModel_Alpha158_csi300_custom_step0_s_20260519_18,7278a8efdf2243c881f049f2b46de42f,0.015,,,
4827,2026-05-19,SZ300014,-0.009152973207508224,EXP_LGBModel_Alpha158_csi300_custom_step0_s_20260519_18,7278a8efdf2243c881f049f2b46de42f,0.015,,,
4828,2026-05-19,SZ003816,0.002428219380114163,EXP_LGBModel_Alpha158_csi300_custom_step0_s_20260519_18,7278a8efdf2243c881f049f2b46de42f,0.015,,,
4829,2026-05-19,SZ300251,-0.012111738420986425,EXP_LGBModel_Alpha158_csi300_custom_step0_s_20260519_18,7278a8efdf2243c881f049f2b46de42f,0.015,,,
4830,2026-05-19,SZ002938,-4.1089627725711704e-10,EXP_LGBModel_Alpha158_csi300_custom_step0_s_20260519_18,7278a8efdf2243c881f049f2b46de42f,0.015,,,
4831,2026-05-19,SZ002916,0.020991516420493697,EXP_LGBModel_Alpha158_csi300_custom_step0_s_20260519_18,7278a8efdf2243c881f049f2b46de42f,0.015,,,
4832,2026-05-19,SZ002736,-0.012111738420986425,EXP_LGBModel_Alpha158_csi300_custom_step0_s_20260519_18,7278a8efdf2243c881f049f2b46de42f,0.015,,,
4833,2026-05-19,SZ002714,-0.008203350354005802,EXP_LGBModel_Alpha158_csi300_custom_step0_s_20260519_18,7278a8efdf2243c881f049f2b46de42f,0.015,,,
4834,2026-05-19,SZ002709,0.020991516420493697,EXP_LGBModel_Alpha158_csi300_custom_step0_s_20260519_18,7278a8efdf2243c881f049f2b46de42f,0.015,,,
4835,2026-05-19,SZ002648,-0.016443686478563063,EXP_LGBModel_Alpha158_csi300_custom_step0_s_20260519_18,7278a8efdf2243c881f049f2b46de42f,0.015,,,
4836,2026-05-19,SZ002625,-0.016249114271246652,EXP_LGBModel_Alpha158_csi300_custom_step0_s_20260519_18,7278a8efdf2243c881f049f2b46de42f,0.015,,,
4837,2026-05-19,SZ002601,-0.00887478054807539,EXP_LGBModel_Alpha158_csi300_custom_step0_s_20260519_18,7278a8efdf2243c881f049f2b46de42f,0.015,,,
4838,2026-05-19,SZ002920,0.01096568805286333,EXP_LGBModel_Alpha158_csi300_custom_step0_s_20260519_18,7278a8efdf2243c881f049f2b46de42f,0.015,,,
4839,2026-05-19,SH600176,0.002439483299091494,EXP_LGBModel_Alpha158_csi300_custom_step0_s_20260519_18,c3971fbd67184ec48cd63cedfd7ced5e,0.077,,,
4840,2026-05-19,SZ300274,-0.0010639405829998567,EXP_LGBModel_Alpha158_csi300_custom_step0_s_20260519_18,7278a8efdf2243c881f049f2b46de42f,0.015,,,
4841,2026-05-19,SZ300316,-0.009996305408451757,EXP_LGBModel_Alpha158_csi300_custom_step0_s_20260519_18,7278a8efdf2243c881f049f2b46de42f,0.015,,,
4842,2026-05-19,SZ300782,-5.171310353572509e-05,EXP_LGBModel_Alpha158_csi300_custom_step0_s_20260519_18,7278a8efdf2243c881f049f2b46de42f,0.015,,,
4843,2026-05-19,SZ300760,-0.012111738420986425,EXP_LGBModel_Alpha158_csi300_custom_step0_s_20260519_18,7278a8efdf2243c881f049f2b46de42f,0.015,,,
4844,2026-05-19,SZ300759,-0.011955102709486706,EXP_LGBModel_Alpha158_csi300_custom_step0_s_20260519_18,7278a8efdf2243c881f049f2b46de42f,0.015,,,
4845,2026-05-19,SZ300750,-0.003460602886969061,EXP_LGBModel_Alpha158_csi300_custom_step0_s_20260519_18,7278a8efdf2243c881f049f2b46de42f,0.015,,,
4846,2026-05-19,SZ300661,0.018671837908302874,EXP_LGBModel_Alpha158_csi300_custom_step0_s_20260519_18,7278a8efdf2243c881f049f2b46de42f,0.015,,,
4847,2026-05-19,SZ300628,-0.011398994279365929,EXP_LGBModel_Alpha158_csi300_custom_step0_s_20260519_18,7278a8efdf2243c881f049f2b46de42f,0.015,,,
4848,2026-05-19,SZ300502,0.026535402347042526,EXP_LGBModel_Alpha158_csi300_custom_step0_s_20260519_18,7278a8efdf2243c881f049f2b46de42f,0.015,,,
4849,2026-05-19,SZ300308,-4.1089627725711704e-10,EXP_LGBModel_Alpha158_csi300_custom_step0_s_20260519_18,7278a8efdf2243c881f049f2b46de42f,0.015,,,
4850,2026-05-19,SZ300498,-0.001471931994020178,EXP_LGBModel_Alpha158_csi300_custom_step0_s_20260519_18,7278a8efdf2243c881f049f2b46de42f,0.015,,,
4851,2026-05-19,SZ300442,-0.0101819807442475,EXP_LGBModel_Alpha158_csi300_custom_step0_s_20260519_18,7278a8efdf2243c881f049f2b46de42f,0.015,,,
4852,2026-05-19,SZ300433,-0.014148589021616892,EXP_LGBModel_Alpha158_csi300_custom_step0_s_20260519_18,7278a8efdf2243c881f049f2b46de42f,0.015,,,
4853,2026-05-19,SZ300418,-0.014086333815968115,EXP_LGBModel_Alpha158_csi300_custom_step0_s_20260519_18,7278a8efdf2243c881f049f2b46de42f,0.015,,,
4854,2026-05-19,SZ300413,-0.006405292602480069,EXP_LGBModel_Alpha158_csi300_custom_step0_s_20260519_18,7278a8efdf2243c881f049f2b46de42f,0.015,,,
4855,2026-05-19,SZ300408,-4.1089627725711704e-10,EXP_LGBModel_Alpha158_csi300_custom_step0_s_20260519_18,7278a8efdf2243c881f049f2b46de42f,0.015,,,
4856,2026-05-19,SZ300394,-0.008201004696427715,EXP_LGBModel_Alpha158_csi300_custom_step0_s_20260519_18,7278a8efdf2243c881f049f2b46de42f,0.015,,,
4857,2026-05-19,SZ300347,0.0285225391354745,EXP_LGBModel_Alpha158_csi300_custom_step0_s_20260519_18,7278a8efdf2243c881f049f2b46de42f,0.015,,,
4858,2026-05-19,SZ300476,0.039663354739692847,EXP_LGBModel_Alpha158_csi300_custom_step0_s_20260519_18,7278a8efdf2243c881f049f2b46de42f,0.015,,,
4859,2026-05-19,SH600183,0.0032148363741946124,EXP_LGBModel_Alpha158_csi300_custom_step0_s_20260519_18,c3971fbd67184ec48cd63cedfd7ced5e,0.077,,,
4860,2026-05-19,SH600188,0.045043543521991386,EXP_LGBModel_Alpha158_csi300_custom_step0_s_20260519_18,c3971fbd67184ec48cd63cedfd7ced5e,0.077,,,
4861,2026-05-19,SH600196,-0.01903883293073368,EXP_LGBModel_Alpha158_csi300_custom_step0_s_20260519_18,c3971fbd67184ec48cd63cedfd7ced5e,0.077,,,
4862,2026-05-19,SH601059,-0.0013382523043715718,EXP_LGBModel_Alpha158_csi300_custom_step0_s_20260519_18,c3971fbd67184ec48cd63cedfd7ced5e,0.077,,,
4863,2026-05-19,SH601058,-0.011268213193422597,EXP_LGBModel_Alpha158_csi300_custom_step0_s_20260519_18,c3971fbd67184ec48cd63cedfd7ced5e,0.077,,,
4864,2026-05-19,SH601021,-0.024090354361575285,EXP_LGBModel_Alpha158_csi300_custom_step0_s_20260519_18,c3971fbd67184ec48cd63cedfd7ced5e,0.077,,,
4865,2026-05-19,SH601018,-0.01420983954191975,EXP_LGBModel_Alpha158_csi300_custom_step0_s_20260519_18,c3971fbd67184ec48cd63cedfd7ced5e,0.077,,,
4866,2026-05-19,SH601012,0.004808059391497901,EXP_LGBModel_Alpha158_csi300_custom_step0_s_20260519_18,c3971fbd67184ec48cd63cedfd7ced5e,0.077,,,
4867,2026-05-19,SH601009,-0.006306403078957,EXP_LGBModel_Alpha158_csi300_custom_step0_s_20260519_18,c3971fbd67184ec48cd63cedfd7ced5e,0.077,,,
4868,2026-05-19,SH601006,0.023865024411718977,EXP_LGBModel_Alpha158_csi300_custom_step0_s_20260519_18,c3971fbd67184ec48cd63cedfd7ced5e,0.077,,,
4869,2026-05-19,SH601066,0.006634563121688896,EXP_LGBModel_Alpha158_csi300_custom_step0_s_20260519_18,c3971fbd67184ec48cd63cedfd7ced5e,0.077,,,
4870,2026-05-19,SH600999,0.017436901533896633,EXP_LGBModel_Alpha158_csi300_custom_step0_s_20260519_18,c3971fbd67184ec48cd63cedfd7ced5e,0.077,,,
4871,2026-05-19,SH600958,0.0053822898017718,EXP_LGBModel_Alpha158_csi300_custom_step0_s_20260519_18,c3971fbd67184ec48cd63cedfd7ced5e,0.077,,,
4872,2026-05-19,SH600941,-0.005368455475142633,EXP_LGBModel_Alpha158_csi300_custom_step0_s_20260519_18,c3971fbd67184ec48cd63cedfd7ced5e,0.077,,,
4873,2026-05-19,SH600938,-0.0027846593864174715,EXP_LGBModel_Alpha158_csi300_custom_step0_s_20260519_18,c3971fbd67184ec48cd63cedfd7ced5e,0.077,,,
4874,2026-05-19,SH600930,0.009111239584900906,EXP_LGBModel_Alpha158_csi300_custom_step0_s_20260519_18,c3971fbd67184ec48cd63cedfd7ced5e,0.077,,,
4875,2026-05-19,SH600926,-0.0455749387851754,EXP_LGBModel_Alpha158_csi300_custom_step0_s_20260519_18,c3971fbd67184ec48cd63cedfd7ced5e,0.077,,,
4876,2026-05-19,SH600919,0.0299409659916453,EXP_LGBModel_Alpha158_csi300_custom_step0_s_20260519_18,c3971fbd67184ec48cd63cedfd7ced5e,0.077,,,
4877,2026-05-19,SH600918,-0.010923314595550657,EXP_LGBModel_Alpha158_csi300_custom_step0_s_20260519_18,c3971fbd67184ec48cd63cedfd7ced5e,0.077,,,
4878,2026-05-19,SH600989,-0.007610925189630448,EXP_LGBModel_Alpha158_csi300_custom_step0_s_20260519_18,c3971fbd67184ec48cd63cedfd7ced5e,0.077,,,
4879,2026-05-19,SH600905,-0.009523676414840879,EXP_LGBModel_Alpha158_csi300_custom_step0_s_20260519_18,c3971fbd67184ec48cd63cedfd7ced5e,0.077,,,
4880,2026-05-19,SH601077,-0.033091750112266415,EXP_LGBModel_Alpha158_csi300_custom_step0_s_20260519_18,c3971fbd67184ec48cd63cedfd7ced5e,0.077,,,
4881,2026-05-19,SH601100,0.011213457927698876,EXP_LGBModel_Alpha158_csi300_custom_step0_s_20260519_18,c3971fbd67184ec48cd63cedfd7ced5e,0.077,,,
4882,2026-05-19,SH601318,-0.016578948973960055,EXP_LGBModel_Alpha158_csi300_custom_step0_s_20260519_18,c3971fbd67184ec48cd63cedfd7ced5e,0.077,,,
4883,2026-05-19,SH601298,0.01302110377883544,EXP_LGBModel_Alpha158_csi300_custom_step0_s_20260519_18,c3971fbd67184ec48cd63cedfd7ced5e,0.077,,,
4884,2026-05-19,SH601288,-0.02537741950318571,EXP_LGBModel_Alpha158_csi300_custom_step0_s_20260519_18,c3971fbd67184ec48cd63cedfd7ced5e,0.077,,,
4885,2026-05-19,SH601238,-0.008843427987972993,EXP_LGBModel_Alpha158_csi300_custom_step0_s_20260519_18,c3971fbd67184ec48cd63cedfd7ced5e,0.077,,,
4886,2026-05-19,SH601236,-0.017846235384429462,EXP_LGBModel_Alpha158_csi300_custom_step0_s_20260519_18,c3971fbd67184ec48cd63cedfd7ced5e,0.077,,,
4887,2026-05-19,SH601229,-0.04108796124378386,EXP_LGBModel_Alpha158_csi300_custom_step0_s_20260519_18,c3971fbd67184ec48cd63cedfd7ced5e,0.077,,,
4888,2026-05-19,SH601225,-0.019759559600868254,EXP_LGBModel_Alpha158_csi300_custom_step0_s_20260519_18,c3971fbd67184ec48cd63cedfd7ced5e,0.077,,,
4889,2026-05-19,SH601088,-0.03293552961391936,EXP_LGBModel_Alpha158_csi300_custom_step0_s_20260519_18,c3971fbd67184ec48cd63cedfd7ced5e,0.077,,,
4890,2026-05-19,SH601211,-0.025884064619646416,EXP_LGBModel_Alpha158_csi300_custom_step0_s_20260519_18,c3971fbd67184ec48cd63cedfd7ced5e,0.077,,,
4891,2026-05-19,SH601169,-0.037742266203389954,EXP_LGBModel_Alpha158_csi300_custom_step0_s_20260519_18,c3971fbd67184ec48cd63cedfd7ced5e,0.077,,,
4892,2026-05-19,SH601166,-0.03216137635257841,EXP_LGBModel_Alpha158_csi300_custom_step0_s_20260519_18,c3971fbd67184ec48cd63cedfd7ced5e,0.077,,,
4893,2026-05-19,SH601138,0.038982014524555735,EXP_LGBModel_Alpha158_csi300_custom_step0_s_20260519_18,c3971fbd67184ec48cd63cedfd7ced5e,0.077,,,
4894,2026-05-19,SH601136,-0.002380916437109454,EXP_LGBModel_Alpha158_csi300_custom_step0_s_20260519_18,c3971fbd67184ec48cd63cedfd7ced5e,0.077,,,
4895,2026-05-19,SH601127,0.005822030853795725,EXP_LGBModel_Alpha158_csi300_custom_step0_s_20260519_18,c3971fbd67184ec48cd63cedfd7ced5e,0.077,,,
4896,2026-05-19,SH601117,-0.010689390306359405,EXP_LGBModel_Alpha158_csi300_custom_step0_s_20260519_18,c3971fbd67184ec48cd63cedfd7ced5e,0.077,,,
4897,2026-05-19,SH601111,-0.004200972992332502,EXP_LGBModel_Alpha158_csi300_custom_step0_s_20260519_18,c3971fbd67184ec48cd63cedfd7ced5e,0.077,,,
4898,2026-05-19,SH601186,-0.03366575094752833,EXP_LGBModel_Alpha158_csi300_custom_step0_s_20260519_18,c3971fbd67184ec48cd63cedfd7ced5e,0.077,,,
4899,2026-05-19,SZ002600,-0.012018635031124207,EXP_LGBModel_Alpha158_csi300_custom_step0_s_20260519_18,7278a8efdf2243c881f049f2b46de42f,0.015,,,
4900,2026-05-19,SH600900,0.014187700751940889,EXP_LGBModel_Alpha158_csi300_custom_step0_s_20260519_18,c3971fbd67184ec48cd63cedfd7ced5e,0.077,,,
4901,2026-05-19,SH600887,0.002698751363584501,EXP_LGBModel_Alpha158_csi300_custom_step0_s_20260519_18,c3971fbd67184ec48cd63cedfd7ced5e,0.077,,,
4902,2026-05-19,SH600489,0.005558607532602984,EXP_LGBModel_Alpha158_csi300_custom_step0_s_20260519_18,c3971fbd67184ec48cd63cedfd7ced5e,0.077,,,
4903,2026-05-19,SH600482,0.009459543273777847,EXP_LGBModel_Alpha158_csi300_custom_step0_s_20260519_18,c3971fbd67184ec48cd63cedfd7ced5e,0.077,,,
4904,2026-05-19,SH600460,0.011545807642453818,EXP_LGBModel_Alpha158_csi300_custom_step0_s_20260519_18,c3971fbd67184ec48cd63cedfd7ced5e,0.077,,,
4905,2026-05-19,SH600438,-0.003741924377703089,EXP_LGBModel_Alpha158_csi300_custom_step0_s_20260519_18,c3971fbd67184ec48cd63cedfd7ced5e,0.077,,,
4906,2026-05-19,SH600436,0.007085953451991519,EXP_LGBModel_Alpha158_csi300_custom_step0_s_20260519_18,c3971fbd67184ec48cd63cedfd7ced5e,0.077,,,
4907,2026-05-19,SH600426,0.001865908490062317,EXP_LGBModel_Alpha158_csi300_custom_step0_s_20260519_18,c3971fbd67184ec48cd63cedfd7ced5e,0.077,,,
4908,2026-05-19,SH600415,0.018166859326019996,EXP_LGBModel_Alpha158_csi300_custom_step0_s_20260519_18,c3971fbd67184ec48cd63cedfd7ced5e,0.077,,,
4909,2026-05-19,SH600515,-0.026663422634710783,EXP_LGBModel_Alpha158_csi300_custom_step0_s_20260519_18,c3971fbd67184ec48cd63cedfd7ced5e,0.077,,,
4910,2026-05-19,SH600406,0.0004152586866410235,EXP_LGBModel_Alpha158_csi300_custom_step0_s_20260519_18,c3971fbd67184ec48cd63cedfd7ced5e,0.077,,,
4911,2026-05-19,SH600372,0.0003292544317956853,EXP_LGBModel_Alpha158_csi300_custom_step0_s_20260519_18,c3971fbd67184ec48cd63cedfd7ced5e,0.077,,,
4912,2026-05-19,SH600362,-0.006305249973538198,EXP_LGBModel_Alpha158_csi300_custom_step0_s_20260519_18,c3971fbd67184ec48cd63cedfd7ced5e,0.077,,,
4913,2026-05-19,SH600346,0.001865908490062317,EXP_LGBModel_Alpha158_csi300_custom_step0_s_20260519_18,c3971fbd67184ec48cd63cedfd7ced5e,0.077,,,
4914,2026-05-19,SH600309,0.002750053878618963,EXP_LGBModel_Alpha158_csi300_custom_step0_s_20260519_18,c3971fbd67184ec48cd63cedfd7ced5e,0.077,,,
4915,2026-05-19,SH600276,-0.019906095826425125,EXP_LGBModel_Alpha158_csi300_custom_step0_s_20260519_18,c3971fbd67184ec48cd63cedfd7ced5e,0.077,,,
4916,2026-05-19,SH600233,0.008062204703673524,EXP_LGBModel_Alpha158_csi300_custom_step0_s_20260519_18,c3971fbd67184ec48cd63cedfd7ced5e,0.077,,,
4917,2026-05-19,SH600219,0.013474730793396294,EXP_LGBModel_Alpha158_csi300_custom_step0_s_20260519_18,c3971fbd67184ec48cd63cedfd7ced5e,0.077,,,
4918,2026-05-19,SH600377,0.030047809282796014,EXP_LGBModel_Alpha158_csi300_custom_step0_s_20260519_18,c3971fbd67184ec48cd63cedfd7ced5e,0.077,,,
4919,2026-05-19,SH600893,-0.023680508117889437,EXP_LGBModel_Alpha158_csi300_custom_step0_s_20260519_18,c3971fbd67184ec48cd63cedfd7ced5e,0.077,,,
4920,2026-05-19,SH600519,-0.04595308093927773,EXP_LGBModel_Alpha158_csi300_custom_step0_s_20260519_18,c3971fbd67184ec48cd63cedfd7ced5e,0.077,,,
4921,2026-05-19,SH600547,0.04886571569047796,EXP_LGBModel_Alpha158_csi300_custom_step0_s_20260519_18,c3971fbd67184ec48cd63cedfd7ced5e,0.077,,,
4922,2026-05-19,SH600886,-0.026814572320951396,EXP_LGBModel_Alpha158_csi300_custom_step0_s_20260519_18,c3971fbd67184ec48cd63cedfd7ced5e,0.077,,,
4923,2026-05-19,SH600875,0.037108309949582564,EXP_LGBModel_Alpha158_csi300_custom_step0_s_20260519_18,c3971fbd67184ec48cd63cedfd7ced5e,0.077,,,
4924,2026-05-19,SH600845,0.03993789396714155,EXP_LGBModel_Alpha158_csi300_custom_step0_s_20260519_18,c3971fbd67184ec48cd63cedfd7ced5e,0.077,,,
4925,2026-05-19,SH600809,-0.0030032030124167385,EXP_LGBModel_Alpha158_csi300_custom_step0_s_20260519_18,c3971fbd67184ec48cd63cedfd7ced5e,0.077,,,
4926,2026-05-19,SH600803,-0.00799522545708493,EXP_LGBModel_Alpha158_csi300_custom_step0_s_20260519_18,c3971fbd67184ec48cd63cedfd7ced5e,0.077,,,
4927,2026-05-19,SH600795,0.03487483866193986,EXP_LGBModel_Alpha158_csi300_custom_step0_s_20260519_18,c3971fbd67184ec48cd63cedfd7ced5e,0.077,,,
4928,2026-05-19,SH600760,-0.006691944722628615,EXP_LGBModel_Alpha158_csi300_custom_step0_s_20260519_18,c3971fbd67184ec48cd63cedfd7ced5e,0.077,,,
4929,2026-05-19,SH600522,0.005839970440257026,EXP_LGBModel_Alpha158_csi300_custom_step0_s_20260519_18,c3971fbd67184ec48cd63cedfd7ced5e,0.077,,,
4930,2026-05-19,SH600741,-0.0008879544950805406,EXP_LGBModel_Alpha158_csi300_custom_step0_s_20260519_18,c3971fbd67184ec48cd63cedfd7ced5e,0.077,,,
4931,2026-05-19,SH600674,0.030386014168886387,EXP_LGBModel_Alpha158_csi300_custom_step0_s_20260519_18,c3971fbd67184ec48cd63cedfd7ced5e,0.077,,,
4932,2026-05-19,SH600660,-0.016018287021522776,EXP_LGBModel_Alpha158_csi300_custom_step0_s_20260519_18,c3971fbd67184ec48cd63cedfd7ced5e,0.077,,,
4933,2026-05-19,SH600600,-0.015033339202973806,EXP_LGBModel_Alpha158_csi300_custom_step0_s_20260519_18,c3971fbd67184ec48cd63cedfd7ced5e,0.077,,,
4934,2026-05-19,SH600588,-0.027626862257849535,EXP_LGBModel_Alpha158_csi300_custom_step0_s_20260519_18,c3971fbd67184ec48cd63cedfd7ced5e,0.077,,,
4935,2026-05-19,SH600585,-0.026128351788066738,EXP_LGBModel_Alpha158_csi300_custom_step0_s_20260519_18,c3971fbd67184ec48cd63cedfd7ced5e,0.077,,,
4936,2026-05-19,SH600584,0.0161626206235421,EXP_LGBModel_Alpha158_csi300_custom_step0_s_20260519_18,c3971fbd67184ec48cd63cedfd7ced5e,0.077,,,
4937,2026-05-19,SH600570,0.024341529120903732,EXP_LGBModel_Alpha158_csi300_custom_step0_s_20260519_18,c3971fbd67184ec48cd63cedfd7ced5e,0.077,,,
4938,2026-05-19,SH600690,-0.01393138599656439,EXP_LGBModel_Alpha158_csi300_custom_step0_s_20260519_18,c3971fbd67184ec48cd63cedfd7ced5e,0.077,,,
4939,2026-05-19,SZ002594,-0.01411464936557383,EXP_LGBModel_Alpha158_csi300_custom_step0_s_20260519_18,7278a8efdf2243c881f049f2b46de42f,0.015,,,
4940,2026-05-19,SZ002493,-0.009223406396927973,EXP_LGBModel_Alpha158_csi300_custom_step0_s_20260519_18,7278a8efdf2243c881f049f2b46de42f,0.015,,,
4941,2026-05-19,SZ002475,0.03478155712158434,EXP_LGBModel_Alpha158_csi300_custom_step0_s_20260519_18,7278a8efdf2243c881f049f2b46de42f,0.015,,,
4942,2026-05-19,SH601919,0.010265980730241703,EXP_LGBModel_Alpha158_csi300_custom_step0_s_20260519_18,7278a8efdf2243c881f049f2b46de42f,0.015,,,
4943,2026-05-19,SH601916,0.006598145156703973,EXP_LGBModel_Alpha158_csi300_custom_step0_s_20260519_18,7278a8efdf2243c881f049f2b46de42f,0.015,,,
4944,2026-05-19,SH601901,0.0016887209139659356,EXP_LGBModel_Alpha158_csi300_custom_step0_s_20260519_18,7278a8efdf2243c881f049f2b46de42f,0.015,,,
4945,2026-05-19,SH601899,-0.009152973207508224,EXP_LGBModel_Alpha158_csi300_custom_step0_s_20260519_18,7278a8efdf2243c881f049f2b46de42f,0.015,,,
4946,2026-05-19,SH601898,-0.016443686478563063,EXP_LGBModel_Alpha158_csi300_custom_step0_s_20260519_18,7278a8efdf2243c881f049f2b46de42f,0.015,,,
4947,2026-05-19,SH601888,-0.004245745946392947,EXP_LGBModel_Alpha158_csi300_custom_step0_s_20260519_18,7278a8efdf2243c881f049f2b46de42f,0.015,,,
4948,2026-05-19,SH601881,-0.009754385758391475,EXP_LGBModel_Alpha158_csi300_custom_step0_s_20260519_18,7278a8efdf2243c881f049f2b46de42f,0.015,,,
4949,2026-05-19,SH601939,0.019755296127750788,EXP_LGBModel_Alpha158_csi300_custom_step0_s_20260519_18,7278a8efdf2243c881f049f2b46de42f,0.015,,,
4950,2026-05-19,SH601878,0.003543991447440037,EXP_LGBModel_Alpha158_csi300_custom_step0_s_20260519_18,7278a8efdf2243c881f049f2b46de42f,0.015,,,
4951,2026-05-19,SH601872,-0.013555354454504613,EXP_LGBModel_Alpha158_csi300_custom_step0_s_20260519_18,7278a8efdf2243c881f049f2b46de42f,0.015,,,
4952,2026-05-19,SH601868,-0.0034505623842618774,EXP_LGBModel_Alpha158_csi300_custom_step0_s_20260519_18,7278a8efdf2243c881f049f2b46de42f,0.015,,,
4953,2026-05-19,SH601857,-0.01235578798612269,EXP_LGBModel_Alpha158_csi300_custom_step0_s_20260519_18,7278a8efdf2243c881f049f2b46de42f,0.015,,,
4954,2026-05-19,SH601838,0.0034937515481685433,EXP_LGBModel_Alpha158_csi300_custom_step0_s_20260519_18,7278a8efdf2243c881f049f2b46de42f,0.015,,,
4955,2026-05-19,SH601825,0.01392164070404813,EXP_LGBModel_Alpha158_csi300_custom_step0_s_20260519_18,7278a8efdf2243c881f049f2b46de42f,0.015,,,
4956,2026-05-19,SH601818,0.014967690312688789,EXP_LGBModel_Alpha158_csi300_custom_step0_s_20260519_18,7278a8efdf2243c881f049f2b46de42f,0.015,,,
4957,2026-05-19,SH601816,0.006149368809355953,EXP_LGBModel_Alpha158_csi300_custom_step0_s_20260519_18,7278a8efdf2243c881f049f2b46de42f,0.015,,,
4958,2026-05-19,SH601877,-0.014246203326659247,EXP_LGBModel_Alpha158_csi300_custom_step0_s_20260519_18,7278a8efdf2243c881f049f2b46de42f,0.015,,,
4959,2026-05-19,SH601808,-0.001622695499799353,EXP_LGBModel_Alpha158_csi300_custom_step0_s_20260519_18,7278a8efdf2243c881f049f2b46de42f,0.015,,,
4960,2026-05-19,SH601985,0.005735998579438814,EXP_LGBModel_Alpha158_csi300_custom_step0_s_20260519_18,7278a8efdf2243c881f049f2b46de42f,0.015,,,
4961,2026-05-19,SH601995,0.0034937515481685433,EXP_LGBModel_Alpha158_csi300_custom_step0_s_20260519_18,7278a8efdf2243c881f049f2b46de42f,0.015,,,
4962,2026-05-19,SH605499,-0.010833577849110342,EXP_LGBModel_Alpha158_csi300_custom_step0_s_20260519_18,7278a8efdf2243c881f049f2b46de42f,0.015,,,
4963,2026-05-19,SH605117,-0.003904353482616891,EXP_LGBModel_Alpha158_csi300_custom_step0_s_20260519_18,7278a8efdf2243c881f049f2b46de42f,0.015,,,
4964,2026-05-19,SH603993,-0.013555354454504613,EXP_LGBModel_Alpha158_csi300_custom_step0_s_20260519_18,7278a8efdf2243c881f049f2b46de42f,0.015,,,
4965,2026-05-19,SH603986,-0.016253244272569706,EXP_LGBModel_Alpha158_csi300_custom_step0_s_20260519_18,7278a8efdf2243c881f049f2b46de42f,0.015,,,
4966,2026-05-19,SH603893,0.008730409566288518,EXP_LGBModel_Alpha158_csi300_custom_step0_s_20260519_18,7278a8efdf2243c881f049f2b46de42f,0.015,,,
4967,2026-05-19,SH603799,0.0005309789505672251,EXP_LGBModel_Alpha158_csi300_custom_step0_s_20260519_18,7278a8efdf2243c881f049f2b46de42f,0.015,,,
4968,2026-05-19,SH603501,0.0016900141639332991,EXP_LGBModel_Alpha158_csi300_custom_step0_s_20260519_18,7278a8efdf2243c881f049f2b46de42f,0.015,,,
4969,2026-05-19,SH601988,0.007514454168522963,EXP_LGBModel_Alpha158_csi300_custom_step0_s_20260519_18,7278a8efdf2243c881f049f2b46de42f,0.015,,,
4970,2026-05-19,SH603392,-0.016443686478563063,EXP_LGBModel_Alpha158_csi300_custom_step0_s_20260519_18,7278a8efdf2243c881f049f2b46de42f,0.015,,,
4971,2026-05-19,SH603296,-0.003991582248432563,EXP_LGBModel_Alpha158_csi300_custom_step0_s_20260519_18,7278a8efdf2243c881f049f2b46de42f,0.015,,,
4972,2026-05-19,SH603288,-0.002357353073491226,EXP_LGBModel_Alpha158_csi300_custom_step0_s_20260519_18,7278a8efdf2243c881f049f2b46de42f,0.015,,,
4973,2026-05-19,SH603260,-0.0072515310803750125,EXP_LGBModel_Alpha158_csi300_custom_step0_s_20260519_18,7278a8efdf2243c881f049f2b46de42f,0.015,,,
4974,2026-05-19,SH603259,-0.011955102709486706,EXP_LGBModel_Alpha158_csi300_custom_step0_s_20260519_18,7278a8efdf2243c881f049f2b46de42f,0.015,,,
4975,2026-05-19,SH603195,0.0029494902971865878,EXP_LGBModel_Alpha158_csi300_custom_step0_s_20260519_18,7278a8efdf2243c881f049f2b46de42f,0.015,,,
4976,2026-05-19,SH603019,-0.007942379952529648,EXP_LGBModel_Alpha158_csi300_custom_step0_s_20260519_18,7278a8efdf2243c881f049f2b46de42f,0.015,,,
4977,2026-05-19,SH601998,-0.016232040410794936,EXP_LGBModel_Alpha158_csi300_custom_step0_s_20260519_18,7278a8efdf2243c881f049f2b46de42f,0.015,,,
4978,2026-05-19,SH603369,-0.007893327834555519,EXP_LGBModel_Alpha158_csi300_custom_step0_s_20260519_18,7278a8efdf2243c881f049f2b46de42f,0.015,,,
4979,2026-05-19,SH688008,-0.0024939693631709048,EXP_LGBModel_Alpha158_csi300_custom_step0_s_20260519_18,7278a8efdf2243c881f049f2b46de42f,0.015,,,
4980,2026-05-19,SH601800,-0.0017912652877155517,EXP_LGBModel_Alpha158_csi300_custom_step0_s_20260519_18,7278a8efdf2243c881f049f2b46de42f,0.015,,,
4981,2026-05-19,SH601766,-0.0004831036615367911,EXP_LGBModel_Alpha158_csi300_custom_step0_s_20260519_18,7278a8efdf2243c881f049f2b46de42f,0.015,,,
4982,2026-05-19,SH601319,-0.014086333815968115,EXP_LGBModel_Alpha158_csi300_custom_step0_s_20260519_18,7278a8efdf2243c881f049f2b46de42f,0.015,,,
4983,2026-05-19,SH601318,-0.016232040410794936,EXP_LGBModel_Alpha158_csi300_custom_step0_s_20260519_18,7278a8efdf2243c881f049f2b46de42f,0.015,,,
4984,2026-05-19,SH601298,0.004042054779626077,EXP_LGBModel_Alpha158_csi300_custom_step0_s_20260519_18,7278a8efdf2243c881f049f2b46de42f,0.015,,,
4985,2026-05-19,SH601288,0.012350968278094673,EXP_LGBModel_Alpha158_csi300_custom_step0_s_20260519_18,7278a8efdf2243c881f049f2b46de42f,0.015,,,
4986,2026-05-19,SH601238,-0.00619364653471194,EXP_LGBModel_Alpha158_csi300_custom_step0_s_20260519_18,7278a8efdf2243c881f049f2b46de42f,0.015,,,
4987,2026-05-19,SH601236,-0.012111738420986425,EXP_LGBModel_Alpha158_csi300_custom_step0_s_20260519_18,7278a8efdf2243c881f049f2b46de42f,0.015,,,
4988,2026-05-19,SH601229,-0.0022936434140750426,EXP_LGBModel_Alpha158_csi300_custom_step0_s_20260519_18,7278a8efdf2243c881f049f2b46de42f,0.015,,,
4989,2026-05-19,SH601328,-0.00020865586622207402,EXP_LGBModel_Alpha158_csi300_custom_step0_s_20260519_18,7278a8efdf2243c881f049f2b46de42f,0.015,,,
4990,2026-05-19,SH601225,-0.01428413982247594,EXP_LGBModel_Alpha158_csi300_custom_step0_s_20260519_18,7278a8efdf2243c881f049f2b46de42f,0.015,,,
4991,2026-05-19,SH601186,-0.0004831036615367911,EXP_LGBModel_Alpha158_csi300_custom_step0_s_20260519_18,7278a8efdf2243c881f049f2b46de42f,0.015,,,
4992,2026-05-19,SH601169,0.007134943573748075,EXP_LGBModel_Alpha158_csi300_custom_step0_s_20260519_18,7278a8efdf2243c881f049f2b46de42f,0.015,,,
4993,2026-05-19,SH601166,-0.0022936434140750426,EXP_LGBModel_Alpha158_csi300_custom_step0_s_20260519_18,7278a8efdf2243c881f049f2b46de42f,0.015,,,
4994,2026-05-19,SH601138,0.023713882684726295,EXP_LGBModel_Alpha158_csi300_custom_step0_s_20260519_18,7278a8efdf2243c881f049f2b46de42f,0.015,,,
4995,2026-05-19,SH601136,-0.005352004511395088,EXP_LGBModel_Alpha158_csi300_custom_step0_s_20260519_18,7278a8efdf2243c881f049f2b46de42f,0.015,,,
4996,2026-05-19,SH601127,-0.004516899729578349,EXP_LGBModel_Alpha158_csi300_custom_step0_s_20260519_18,7278a8efdf2243c881f049f2b46de42f,0.015,,,
4997,2026-05-19,SH601117,-0.008508481567114635,EXP_LGBModel_Alpha158_csi300_custom_step0_s_20260519_18,7278a8efdf2243c881f049f2b46de42f,0.015,,,
4998,2026-05-19,SH601211,-0.0024694883564915977,EXP_LGBModel_Alpha158_csi300_custom_step0_s_20260519_18,7278a8efdf2243c881f049f2b46de42f,0.015,,,
4999,2026-05-19,SH601788,-0.004085726009838793,EXP_LGBModel_Alpha158_csi300_custom_step0_s_20260519_18,7278a8efdf2243c881f049f2b46de42f,0.015,,,
5000,2026-05-19,SH601336,-0.012111738420986425,EXP_LGBModel_Alpha158_csi300_custom_step0_s_20260519_18,7278a8efdf2243c881f049f2b46de42f,0.015,,,
5001,2026-05-19,SH601377,-0.0032670169635421195,EXP_LGBModel_Alpha158_csi300_custom_step0_s_20260519_18,7278a8efdf2243c881f049f2b46de42f,0.015,,,
5002,2026-05-19,SH601728,-0.006391622891876124,EXP_LGBModel_Alpha158_csi300_custom_step0_s_20260519_18,7278a8efdf2243c881f049f2b46de42f,0.015,,,
5003,2026-05-19,SH601698,-0.011226317341515378,EXP_LGBModel_Alpha158_csi300_custom_step0_s_20260519_18,7278a8efdf2243c881f049f2b46de42f,0.015,,,
5004,2026-05-19,SH601689,-0.007514784966673625,EXP_LGBModel_Alpha158_csi300_custom_step0_s_20260519_18,7278a8efdf2243c881f049f2b46de42f,0.015,,,
5005,2026-05-19,SH601688,-0.016249114271246652,EXP_LGBModel_Alpha158_csi300_custom_step0_s_20260519_18,7278a8efdf2243c881f049f2b46de42f,0.015,,,
5006,2026-05-19,SH601669,-0.005352004511395088,EXP_LGBModel_Alpha158_csi300_custom_step0_s_20260519_18,7278a8efdf2243c881f049f2b46de42f,0.015,,,
5007,2026-05-19,SH601668,0.003982903515623944,EXP_LGBModel_Alpha158_csi300_custom_step0_s_20260519_18,7278a8efdf2243c881f049f2b46de42f,0.015,,,
5008,2026-05-19,SH601658,0.007805891488023764,EXP_LGBModel_Alpha158_csi300_custom_step0_s_20260519_18,7278a8efdf2243c881f049f2b46de42f,0.015,,,
5009,2026-05-19,SH601360,-0.01175729670297888,EXP_LGBModel_Alpha158_csi300_custom_step0_s_20260519_18,7278a8efdf2243c881f049f2b46de42f,0.015,,,
5010,2026-05-19,SH601633,-0.004245745946392947,EXP_LGBModel_Alpha158_csi300_custom_step0_s_20260519_18,7278a8efdf2243c881f049f2b46de42f,0.015,,,
5011,2026-05-19,SH601618,0.008428076915325041,EXP_LGBModel_Alpha158_csi300_custom_step0_s_20260519_18,7278a8efdf2243c881f049f2b46de42f,0.015,,,
5012,2026-05-19,SH601607,0.01250760107047085,EXP_LGBModel_Alpha158_csi300_custom_step0_s_20260519_18,7278a8efdf2243c881f049f2b46de42f,0.015,,,
5013,2026-05-19,SH601601,-0.013343708386736486,EXP_LGBModel_Alpha158_csi300_custom_step0_s_20260519_18,7278a8efdf2243c881f049f2b46de42f,0.015,,,
5014,2026-05-19,SH601600,-0.0032599492428387264,EXP_LGBModel_Alpha158_csi300_custom_step0_s_20260519_18,7278a8efdf2243c881f049f2b46de42f,0.015,,,
5015,2026-05-19,SH601456,-0.005429797418820656,EXP_LGBModel_Alpha158_csi300_custom_step0_s_20260519_18,7278a8efdf2243c881f049f2b46de42f,0.015,,,
5016,2026-05-19,SH601398,0.007514454168522963,EXP_LGBModel_Alpha158_csi300_custom_step0_s_20260519_18,7278a8efdf2243c881f049f2b46de42f,0.015,,,
5017,2026-05-19,SH601390,-0.002357353073491226,EXP_LGBModel_Alpha158_csi300_custom_step0_s_20260519_18,7278a8efdf2243c881f049f2b46de42f,0.015,,,
5018,2026-05-19,SH601628,-0.00715006226292082,EXP_LGBModel_Alpha158_csi300_custom_step0_s_20260519_18,7278a8efdf2243c881f049f2b46de42f,0.015,,,
5019,2026-05-19,SH601100,-0.01175729670297888,EXP_LGBModel_Alpha158_csi300_custom_step0_s_20260519_18,7278a8efdf2243c881f049f2b46de42f,0.015,,,
5020,2026-05-19,SH688009,0.012964779368101385,EXP_LGBModel_Alpha158_csi300_custom_step0_s_20260519_18,7278a8efdf2243c881f049f2b46de42f,0.015,,,
5021,2026-05-19,SH688036,0.0031126479721289447,EXP_LGBModel_Alpha158_csi300_custom_step0_s_20260519_18,7278a8efdf2243c881f049f2b46de42f,0.015,,,
5022,2026-05-19,SZ002028,-0.0055939241614553666,EXP_LGBModel_Alpha158_csi300_custom_step0_s_20260519_18,7278a8efdf2243c881f049f2b46de42f,0.015,,,
5023,2026-05-19,SZ002027,-0.009597750046891756,EXP_LGBModel_Alpha158_csi300_custom_step0_s_20260519_18,7278a8efdf2243c881f049f2b46de42f,0.015,,,
5024,2026-05-19,SZ002001,-0.006823936094518989,EXP_LGBModel_Alpha158_csi300_custom_step0_s_20260519_18,7278a8efdf2243c881f049f2b46de42f,0.015,,,
5025,2026-05-19,SZ001979,-0.006151128904519685,EXP_LGBModel_Alpha158_csi300_custom_step0_s_20260519_18,7278a8efdf2243c881f049f2b46de42f,0.015,,,
5026,2026-05-19,SZ001965,0.002428219380114163,EXP_LGBModel_Alpha158_csi300_custom_step0_s_20260519_18,7278a8efdf2243c881f049f2b46de42f,0.015,,,
5027,2026-05-19,SZ001391,0.0022777129458837414,EXP_LGBModel_Alpha158_csi300_custom_step0_s_20260519_18,7278a8efdf2243c881f049f2b46de42f,0.015,,,
5028,2026-05-19,SZ000999,0.0005338167564176068,EXP_LGBModel_Alpha158_csi300_custom_step0_s_20260519_18,7278a8efdf2243c881f049f2b46de42f,0.015,,,
5029,2026-05-19,SZ002049,-0.007514784966673625,EXP_LGBModel_Alpha158_csi300_custom_step0_s_20260519_18,7278a8efdf2243c881f049f2b46de42f,0.015,,,
5030,2026-05-19,SZ000983,-0.009500622050809312,EXP_LGBModel_Alpha158_csi300_custom_step0_s_20260519_18,7278a8efdf2243c881f049f2b46de42f,0.015,,,
5031,2026-05-19,SZ000975,0.0005309789505672251,EXP_LGBModel_Alpha158_csi300_custom_step0_s_20260519_18,7278a8efdf2243c881f049f2b46de42f,0.015,,,
5032,2026-05-19,SZ000963,-0.0054807246636673105,EXP_LGBModel_Alpha158_csi300_custom_step0_s_20260519_18,7278a8efdf2243c881f049f2b46de42f,0.015,,,
5033,2026-05-19,SZ000938,0.028682786293789408,EXP_LGBModel_Alpha158_csi300_custom_step0_s_20260519_18,7278a8efdf2243c881f049f2b46de42f,0.015,,,
5034,2026-05-19,SZ000895,-0.0002723655256382574,EXP_LGBModel_Alpha158_csi300_custom_step0_s_20260519_18,7278a8efdf2243c881f049f2b46de42f,0.015,,,
5035,2026-05-19,SZ000876,-0.002799862855110421,EXP_LGBModel_Alpha158_csi300_custom_step0_s_20260519_18,7278a8efdf2243c881f049f2b46de42f,0.015,,,
5036,2026-05-19,SZ000858,-0.0017912652877155517,EXP_LGBModel_Alpha158_csi300_custom_step0_s_20260519_18,7278a8efdf2243c881f049f2b46de42f,0.015,,,
5037,2026-05-19,SZ000807,0.0005309789505672251,EXP_LGBModel_Alpha158_csi300_custom_step0_s_20260519_18,7278a8efdf2243c881f049f2b46de42f,0.015,,,
5038,2026-05-19,SZ000977,-0.0101819807442475,EXP_LGBModel_Alpha158_csi300_custom_step0_s_20260519_18,7278a8efdf2243c881f049f2b46de42f,0.015,,,
5039,2026-05-19,SZ000792,-0.0036894597868480363,EXP_LGBModel_Alpha158_csi300_custom_step0_s_20260519_18,7278a8efdf2243c881f049f2b46de42f,0.015,,,
5040,2026-05-19,SZ002050,-0.014246203326659247,EXP_LGBModel_Alpha158_csi300_custom_step0_s_20260519_18,7278a8efdf2243c881f049f2b46de42f,0.015,,,
5041,2026-05-19,SZ002142,0.0004029589843351774,EXP_LGBModel_Alpha158_csi300_custom_step0_s_20260519_18,7278a8efdf2243c881f049f2b46de42f,0.015,,,
5042,2026-05-19,SZ002466,0.0300883822065591,EXP_LGBModel_Alpha158_csi300_custom_step0_s_20260519_18,7278a8efdf2243c881f049f2b46de42f,0.015,,,
5043,2026-05-19,SZ002463,0.020991516420493697,EXP_LGBModel_Alpha158_csi300_custom_step0_s_20260519_18,7278a8efdf2243c881f049f2b46de42f,0.015,,,
5044,2026-05-19,SZ002460,-0.0016285677055198973,EXP_LGBModel_Alpha158_csi300_custom_step0_s_20260519_18,7278a8efdf2243c881f049f2b46de42f,0.015,,,
5045,2026-05-19,SZ002459,-0.005248620135787609,EXP_LGBModel_Alpha158_csi300_custom_step0_s_20260519_18,7278a8efdf2243c881f049f2b46de42f,0.015,,,
5046,2026-05-19,SZ002422,-0.00971226811857744,EXP_LGBModel_Alpha158_csi300_custom_step0_s_20260519_18,7278a8efdf2243c881f049f2b46de42f,0.015,,,
5047,2026-05-19,SZ002415,-0.011226317341515378,EXP_LGBModel_Alpha158_csi300_custom_step0_s_20260519_18,7278a8efdf2243c881f049f2b46de42f,0.015,,,
5048,2026-05-19,SZ002384,-4.1089627725711704e-10,EXP_LGBModel_Alpha158_csi300_custom_step0_s_20260519_18,7278a8efdf2243c881f049f2b46de42f,0.015,,,
5049,2026-05-19,SZ002074,-0.011226317341515378,EXP_LGBModel_Alpha158_csi300_custom_step0_s_20260519_18,7278a8efdf2243c881f049f2b46de42f,0.015,,,
5050,2026-05-19,SZ002371,0.018671837908302874,EXP_LGBModel_Alpha158_csi300_custom_step0_s_20260519_18,7278a8efdf2243c881f049f2b46de42f,0.015,,,
5051,2026-05-19,SZ002311,-0.00971226811857744,EXP_LGBModel_Alpha158_csi300_custom_step0_s_20260519_18,7278a8efdf2243c881f049f2b46de42f,0.015,,,
5052,2026-05-19,SZ002304,-0.004034099878624818,EXP_LGBModel_Alpha158_csi300_custom_step0_s_20260519_18,7278a8efdf2243c881f049f2b46de42f,0.015,,,
5053,2026-05-19,SZ002252,-0.014440775533975658,EXP_LGBModel_Alpha158_csi300_custom_step0_s_20260519_18,7278a8efdf2243c881f049f2b46de42f,0.015,,,
5054,2026-05-19,SZ002241,0.0047165925187563525,EXP_LGBModel_Alpha158_csi300_custom_step0_s_20260519_18,7278a8efdf2243c881f049f2b46de42f,0.015,,,
5055,2026-05-19,SZ002236,-0.0038253255907218656,EXP_LGBModel_Alpha158_csi300_custom_step0_s_20260519_18,7278a8efdf2243c881f049f2b46de42f,0.015,,,
5056,2026-05-19,SZ002230,-0.006218538029059521,EXP_LGBModel_Alpha158_csi300_custom_step0_s_20260519_18,7278a8efdf2243c881f049f2b46de42f,0.015,,,
5057,2026-05-19,SZ002179,-0.014086333815968115,EXP_LGBModel_Alpha158_csi300_custom_step0_s_20260519_18,7278a8efdf2243c881f049f2b46de42f,0.015,,,
5058,2026-05-19,SZ002352,-0.009754385758391475,EXP_LGBModel_Alpha158_csi300_custom_step0_s_20260519_18,7278a8efdf2243c881f049f2b46de42f,0.015,,,
5059,2026-05-19,SH688012,-0.0025456820558103525,EXP_LGBModel_Alpha158_csi300_custom_step0_s_20260519_18,7278a8efdf2243c881f049f2b46de42f,0.015,,,
5060,2026-05-19,SZ000786,-0.007821492456990408,EXP_LGBModel_Alpha158_csi300_custom_step0_s_20260519_18,7278a8efdf2243c881f049f2b46de42f,0.015,,,
5061,2026-05-19,SZ000768,-0.014440775533975658,EXP_LGBModel_Alpha158_csi300_custom_step0_s_20260519_18,7278a8efdf2243c881f049f2b46de42f,0.015,,,
5062,2026-05-19,SZ000001,-0.005352004511395088,EXP_LGBModel_Alpha158_csi300_custom_step0_s_20260519_18,7278a8efdf2243c881f049f2b46de42f,0.015,,,
5063,2026-05-19,SH688981,0.0008514919360597568,EXP_LGBModel_Alpha158_csi300_custom_step0_s_20260519_18,7278a8efdf2243c881f049f2b46de42f,0.015,,,
5064,2026-05-19,SH688506,0.014892745592698766,EXP_LGBModel_Alpha158_csi300_custom_step0_s_20260519_18,7278a8efdf2243c881f049f2b46de42f,0.015,,,
5065,2026-05-19,SH688472,-0.014086333815968115,EXP_LGBModel_Alpha158_csi300_custom_step0_s_20260519_18,7278a8efdf2243c881f049f2b46de42f,0.015,,,
5066,2026-05-19,SH688396,0.018671837908302874,EXP_LGBModel_Alpha158_csi300_custom_step0_s_20260519_18,7278a8efdf2243c881f049f2b46de42f,0.015,,,
5067,2026-05-19,SH688303,-0.0072515310803750125,EXP_LGBModel_Alpha158_csi300_custom_step0_s_20260519_18,7278a8efdf2243c881f049f2b46de42f,0.015,,,
5068,2026-05-19,SH688271,-0.007269831149454928,EXP_LGBModel_Alpha158_csi300_custom_step0_s_20260519_18,7278a8efdf2243c881f049f2b46de42f,0.015,,,
5069,2026-05-19,SZ000002,-0.014440775533975658,EXP_LGBModel_Alpha158_csi300_custom_step0_s_20260519_18,7278a8efdf2243c881f049f2b46de42f,0.015,,,
5070,2026-05-19,SH688256,-0.011653425401701403,EXP_LGBModel_Alpha158_csi300_custom_step0_s_20260519_18,7278a8efdf2243c881f049f2b46de42f,0.015,,,
5071,2026-05-19,SH688187,-0.00985585457584567,EXP_LGBModel_Alpha158_csi300_custom_step0_s_20260519_18,7278a8efdf2243c881f049f2b46de42f,0.015,,,
5072,2026-05-19,SH688169,-0.004490678593153632,EXP_LGBModel_Alpha158_csi300_custom_step0_s_20260519_18,7278a8efdf2243c881f049f2b46de42f,0.015,,,
5073,2026-05-19,SH688126,-0.0025456820558103525,EXP_LGBModel_Alpha158_csi300_custom_step0_s_20260519_18,7278a8efdf2243c881f049f2b46de42f,0.015,,,
5074,2026-05-19,SH688111,-0.016443686478563063,EXP_LGBModel_Alpha158_csi300_custom_step0_s_20260519_18,7278a8efdf2243c881f049f2b46de42f,0.015,,,
5075,2026-05-19,SH688082,-0.00854593792762762,EXP_LGBModel_Alpha158_csi300_custom_step0_s_20260519_18,7278a8efdf2243c881f049f2b46de42f,0.015,,,
5076,2026-05-19,SH688047,0.006950262763854685,EXP_LGBModel_Alpha158_csi300_custom_step0_s_20260519_18,7278a8efdf2243c881f049f2b46de42f,0.015,,,
5077,2026-05-19,SH688041,0.016109718802385185,EXP_LGBModel_Alpha158_csi300_custom_step0_s_20260519_18,7278a8efdf2243c881f049f2b46de42f,0.015,,,
5078,2026-05-19,SH688223,-0.0037986234494313278,EXP_LGBModel_Alpha158_csi300_custom_step0_s_20260519_18,7278a8efdf2243c881f049f2b46de42f,0.015,,,
5079,2026-05-19,SZ000776,-0.005248620135787609,EXP_LGBModel_Alpha158_csi300_custom_step0_s_20260519_18,7278a8efdf2243c881f049f2b46de42f,0.015,,,
5080,2026-05-19,SZ000063,-0.011846733024250263,EXP_LGBModel_Alpha158_csi300_custom_step0_s_20260519_18,7278a8efdf2243c881f049f2b46de42f,0.015,,,
5081,2026-05-19,SZ000157,-0.01101467127374725,EXP_LGBModel_Alpha158_csi300_custom_step0_s_20260519_18,7278a8efdf2243c881f049f2b46de42f,0.015,,,
5082,2026-05-19,SZ000725,0.0012228405596915318,EXP_LGBModel_Alpha158_csi300_custom_step0_s_20260519_18,7278a8efdf2243c881f049f2b46de42f,0.015,,,
5083,2026-05-19,SZ000708,-0.006334097367318026,EXP_LGBModel_Alpha158_csi300_custom_step0_s_20260519_18,7278a8efdf2243c881f049f2b46de42f,0.015,,,
5084,2026-05-19,SZ000661,-0.010279372133654457,EXP_LGBModel_Alpha158_csi300_custom_step0_s_20260519_18,7278a8efdf2243c881f049f2b46de42f,0.015,,,
5085,2026-05-19,SZ000651,0.0034937515481685433,EXP_LGBModel_Alpha158_csi300_custom_step0_s_20260519_18,7278a8efdf2243c881f049f2b46de42f,0.015,,,
5086,2026-05-19,SZ000630,-0.009152973207508224,EXP_LGBModel_Alpha158_csi300_custom_step0_s_20260519_18,7278a8efdf2243c881f049f2b46de42f,0.015,,,
5087,2026-05-19,SZ000625,-0.0020029113554836803,EXP_LGBModel_Alpha158_csi300_custom_step0_s_20260519_18,7278a8efdf2243c881f049f2b46de42f,0.015,,,
5088,2026-05-19,SZ000617,-0.011226317341515378,EXP_LGBModel_Alpha158_csi300_custom_step0_s_20260519_18,7278a8efdf2243c881f049f2b46de42f,0.015,,,
5089,2026-05-19,SZ000100,0.002826016177341275,EXP_LGBModel_Alpha158_csi300_custom_step0_s_20260519_18,7278a8efdf2243c881f049f2b46de42f,0.015,,,
5090,2026-05-19,SZ000596,-0.011955102709486706,EXP_LGBModel_Alpha158_csi300_custom_step0_s_20260519_18,7278a8efdf2243c881f049f2b46de42f,0.015,,,
5091,2026-05-19,SZ000538,-0.0022936434140750426,EXP_LGBModel_Alpha158_csi300_custom_step0_s_20260519_18,7278a8efdf2243c881f049f2b46de42f,0.015,,,
5092,2026-05-19,SZ000425,-0.01175729670297888,EXP_LGBModel_Alpha158_csi300_custom_step0_s_20260519_18,7278a8efdf2243c881f049f2b46de42f,0.015,,,
5093,2026-05-19,SZ000408,-0.0017980581624220092,EXP_LGBModel_Alpha158_csi300_custom_step0_s_20260519_18,7278a8efdf2243c881f049f2b46de42f,0.015,,,
5094,2026-05-19,SZ000338,0.039663354739692847,EXP_LGBModel_Alpha158_csi300_custom_step0_s_20260519_18,7278a8efdf2243c881f049f2b46de42f,0.015,,,
5095,2026-05-19,SZ000333,0.0029060527662181012,EXP_LGBModel_Alpha158_csi300_custom_step0_s_20260519_18,7278a8efdf2243c881f049f2b46de42f,0.015,,,
5096,2026-05-19,SZ000301,-0.005352004511395088,EXP_LGBModel_Alpha158_csi300_custom_step0_s_20260519_18,7278a8efdf2243c881f049f2b46de42f,0.015,,,
5097,2026-05-19,SZ000166,-0.005465140269325605,EXP_LGBModel_Alpha158_csi300_custom_step0_s_20260519_18,7278a8efdf2243c881f049f2b46de42f,0.015,,,
5098,2026-05-19,SZ000568,-0.0022428350018055434,EXP_LGBModel_Alpha158_csi300_custom_step0_s_20260519_18,7278a8efdf2243c881f049f2b46de42f,0.015,,,
5099,2026-05-19,SZ302132,-0.030073080211877823,EXP_XGBModel_Alpha158_csi300_custom_step0_s_20260519_15,9957b559351d4c1f93212a6c32a03282,0.058,,,
