,datetime,instrument,score,exp_name,rid,weight,real_label,error,abs_error
0,2026-05-21,SH600000,-0.0001628373495605366,EXP_CatBoostModel_Alpha158_csi300_custom_step0_s_20260521_18,45d54012168440d398441b02bd49e8e2,0.049,,,
1,2026-05-21,SZ300803,-0.0018192814539152553,EXP_DEnsembleModel_Alpha158_csi300_custom_step0_s_20260521_16,9a7904693a6c454d87fba758511b42d8,0.036,,,
2,2026-05-21,SZ300832,0.15297562343813728,EXP_DEnsembleModel_Alpha158_csi300_custom_step0_s_20260521_16,9a7904693a6c454d87fba758511b42d8,0.036,,,
3,2026-05-21,SZ300866,0.21889267100802887,EXP_DEnsembleModel_Alpha158_csi300_custom_step0_s_20260521_16,9a7904693a6c454d87fba758511b42d8,0.036,,,
4,2026-05-21,SZ300896,0.08796841353360724,EXP_DEnsembleModel_Alpha158_csi300_custom_step0_s_20260521_16,9a7904693a6c454d87fba758511b42d8,0.036,,,
5,2026-05-21,SZ300979,-0.034648876529290995,EXP_DEnsembleModel_Alpha158_csi300_custom_step0_s_20260521_16,9a7904693a6c454d87fba758511b42d8,0.036,,,
6,2026-05-21,SZ300999,-0.0357620198476847,EXP_DEnsembleModel_Alpha158_csi300_custom_step0_s_20260521_16,9a7904693a6c454d87fba758511b42d8,0.036,,,
7,2026-05-21,SZ301236,0.045361114031298576,EXP_DEnsembleModel_Alpha158_csi300_custom_step0_s_20260521_16,9a7904693a6c454d87fba758511b42d8,0.036,,,
8,2026-05-21,SZ301269,-0.12019539787753288,EXP_DEnsembleModel_Alpha158_csi300_custom_step0_s_20260521_16,9a7904693a6c454d87fba758511b42d8,0.036,,,
9,2026-05-21,SZ302132,-0.00453438343337582,EXP_DEnsembleModel_Alpha158_csi300_custom_step0_s_20260521_16,9a7904693a6c454d87fba758511b42d8,0.036,,,
10,2026-05-21,SH600000,-0.0447213351726532,EXP_LinearModel_Alpha158_csi300_custom_step0_s_20260521_15,d1a518bbb39c4c3292e21c8e4b604b95,0.097,,,
11,2026-05-21,SH600009,-0.02475671097636223,EXP_LinearModel_Alpha158_csi300_custom_step0_s_20260521_15,d1a518bbb39c4c3292e21c8e4b604b95,0.097,,,
12,2026-05-21,SH600010,-0.004262087866663933,EXP_LinearModel_Alpha158_csi300_custom_step0_s_20260521_15,d1a518bbb39c4c3292e21c8e4b604b95,0.097,,,
13,2026-05-21,SH600011,-0.011480754241347313,EXP_LinearModel_Alpha158_csi300_custom_step0_s_20260521_15,d1a518bbb39c4c3292e21c8e4b604b95,0.097,,,
14,2026-05-21,SH600015,0.005179932340979576,EXP_LinearModel_Alpha158_csi300_custom_step0_s_20260521_15,d1a518bbb39c4c3292e21c8e4b604b95,0.097,,,
15,2026-05-21,SH600016,0.030401751399040222,EXP_LinearModel_Alpha158_csi300_custom_step0_s_20260521_15,d1a518bbb39c4c3292e21c8e4b604b95,0.097,,,
16,2026-05-21,SH600018,0.0819801539182663,EXP_LinearModel_Alpha158_csi300_custom_step0_s_20260521_15,d1a518bbb39c4c3292e21c8e4b604b95,0.097,,,
17,2026-05-21,SH600019,0.043719518929719925,EXP_LinearModel_Alpha158_csi300_custom_step0_s_20260521_15,d1a518bbb39c4c3292e21c8e4b604b95,0.097,,,
18,2026-05-21,SH600066,0.0035102730616927147,EXP_LinearModel_Alpha158_csi300_custom_step0_s_20260521_15,d1a518bbb39c4c3292e21c8e4b604b95,0.097,,,
19,2026-05-21,SH600061,-0.01291398610919714,EXP_LinearModel_Alpha158_csi300_custom_step0_s_20260521_15,d1a518bbb39c4c3292e21c8e4b604b95,0.097,,,
20,2026-05-21,SH600050,-0.012931836768984795,EXP_LinearModel_Alpha158_csi300_custom_step0_s_20260521_15,d1a518bbb39c4c3292e21c8e4b604b95,0.097,,,
21,2026-05-21,SH600048,-0.009585119783878326,EXP_LinearModel_Alpha158_csi300_custom_step0_s_20260521_15,d1a518bbb39c4c3292e21c8e4b604b95,0.097,,,
22,2026-05-21,SH600039,0.13728176057338715,EXP_LinearModel_Alpha158_csi300_custom_step0_s_20260521_15,d1a518bbb39c4c3292e21c8e4b604b95,0.097,,,
23,2026-05-21,SH600036,-0.035808343440294266,EXP_LinearModel_Alpha158_csi300_custom_step0_s_20260521_15,d1a518bbb39c4c3292e21c8e4b604b95,0.097,,,
24,2026-05-21,SZ300782,-0.1066185125190322,EXP_DEnsembleModel_Alpha158_csi300_custom_step0_s_20260521_16,9a7904693a6c454d87fba758511b42d8,0.036,,,
25,2026-05-21,SH600031,-0.04048862308263779,EXP_LinearModel_Alpha158_csi300_custom_step0_s_20260521_15,d1a518bbb39c4c3292e21c8e4b604b95,0.097,,,
26,2026-05-21,SH600029,-0.05906851217150688,EXP_LinearModel_Alpha158_csi300_custom_step0_s_20260521_15,d1a518bbb39c4c3292e21c8e4b604b95,0.097,,,
27,2026-05-21,SH600028,-0.06744182109832764,EXP_LinearModel_Alpha158_csi300_custom_step0_s_20260521_15,d1a518bbb39c4c3292e21c8e4b604b95,0.097,,,
28,2026-05-21,SH600027,-0.014866214245557785,EXP_LinearModel_Alpha158_csi300_custom_step0_s_20260521_15,d1a518bbb39c4c3292e21c8e4b604b95,0.097,,,
29,2026-05-21,SH600026,-0.0024678304325789213,EXP_LinearModel_Alpha158_csi300_custom_step0_s_20260521_15,d1a518bbb39c4c3292e21c8e4b604b95,0.097,,,
30,2026-05-21,SH600025,0.008527316153049469,EXP_LinearModel_Alpha158_csi300_custom_step0_s_20260521_15,d1a518bbb39c4c3292e21c8e4b604b95,0.097,,,
31,2026-05-21,SH600023,-0.01986878551542759,EXP_LinearModel_Alpha158_csi300_custom_step0_s_20260521_15,d1a518bbb39c4c3292e21c8e4b604b95,0.097,,,
32,2026-05-21,SH600030,0.0030334708280861378,EXP_LinearModel_Alpha158_csi300_custom_step0_s_20260521_15,d1a518bbb39c4c3292e21c8e4b604b95,0.097,,,
33,2026-05-21,SH600085,-0.030380062758922577,EXP_LinearModel_Alpha158_csi300_custom_step0_s_20260521_15,d1a518bbb39c4c3292e21c8e4b604b95,0.097,,,
34,2026-05-21,SZ300760,0.17296203778773228,EXP_DEnsembleModel_Alpha158_csi300_custom_step0_s_20260521_16,9a7904693a6c454d87fba758511b42d8,0.036,,,
35,2026-05-21,SZ300750,0.07370008239000514,EXP_DEnsembleModel_Alpha158_csi300_custom_step0_s_20260521_16,9a7904693a6c454d87fba758511b42d8,0.036,,,
36,2026-05-21,SZ002625,0.08839251997869535,EXP_DEnsembleModel_Alpha158_csi300_custom_step0_s_20260521_16,9a7904693a6c454d87fba758511b42d8,0.036,,,
37,2026-05-21,SZ002648,0.10314364870177542,EXP_DEnsembleModel_Alpha158_csi300_custom_step0_s_20260521_16,9a7904693a6c454d87fba758511b42d8,0.036,,,
38,2026-05-21,SZ002709,0.3434022109185119,EXP_DEnsembleModel_Alpha158_csi300_custom_step0_s_20260521_16,9a7904693a6c454d87fba758511b42d8,0.036,,,
39,2026-05-21,SZ002714,0.0815612999982901,EXP_DEnsembleModel_Alpha158_csi300_custom_step0_s_20260521_16,9a7904693a6c454d87fba758511b42d8,0.036,,,
40,2026-05-21,SZ002736,0.0039152265635749505,EXP_DEnsembleModel_Alpha158_csi300_custom_step0_s_20260521_16,9a7904693a6c454d87fba758511b42d8,0.036,,,
41,2026-05-21,SZ002916,0.14491315982003994,EXP_DEnsembleModel_Alpha158_csi300_custom_step0_s_20260521_16,9a7904693a6c454d87fba758511b42d8,0.036,,,
42,2026-05-21,SZ002920,-0.047819187864938016,EXP_DEnsembleModel_Alpha158_csi300_custom_step0_s_20260521_16,9a7904693a6c454d87fba758511b42d8,0.036,,,
43,2026-05-21,SZ002938,0.04584839538947486,EXP_DEnsembleModel_Alpha158_csi300_custom_step0_s_20260521_16,9a7904693a6c454d87fba758511b42d8,0.036,,,
44,2026-05-21,SZ003816,-0.004899759918318624,EXP_DEnsembleModel_Alpha158_csi300_custom_step0_s_20260521_16,9a7904693a6c454d87fba758511b42d8,0.036,,,
45,2026-05-21,SZ300014,0.015797258436041826,EXP_DEnsembleModel_Alpha158_csi300_custom_step0_s_20260521_16,9a7904693a6c454d87fba758511b42d8,0.036,,,
46,2026-05-21,SZ300015,0.06354983040125611,EXP_DEnsembleModel_Alpha158_csi300_custom_step0_s_20260521_16,9a7904693a6c454d87fba758511b42d8,0.036,,,
47,2026-05-21,SZ300033,0.04448348529256183,EXP_DEnsembleModel_Alpha158_csi300_custom_step0_s_20260521_16,9a7904693a6c454d87fba758511b42d8,0.036,,,
48,2026-05-21,SZ300059,0.0771114827381333,EXP_DEnsembleModel_Alpha158_csi300_custom_step0_s_20260521_16,9a7904693a6c454d87fba758511b42d8,0.036,,,
49,2026-05-21,SZ300122,-0.010250594394460945,EXP_DEnsembleModel_Alpha158_csi300_custom_step0_s_20260521_16,9a7904693a6c454d87fba758511b42d8,0.036,,,
50,2026-05-21,SZ300124,0.1744674333464154,EXP_DEnsembleModel_Alpha158_csi300_custom_step0_s_20260521_16,9a7904693a6c454d87fba758511b42d8,0.036,,,
51,2026-05-21,SZ300251,0.1256289378505054,EXP_DEnsembleModel_Alpha158_csi300_custom_step0_s_20260521_16,9a7904693a6c454d87fba758511b42d8,0.036,,,
52,2026-05-21,SZ300274,0.1467218321671049,EXP_DEnsembleModel_Alpha158_csi300_custom_step0_s_20260521_16,9a7904693a6c454d87fba758511b42d8,0.036,,,
53,2026-05-21,SZ300661,-0.12648120366386154,EXP_DEnsembleModel_Alpha158_csi300_custom_step0_s_20260521_16,9a7904693a6c454d87fba758511b42d8,0.036,,,
54,2026-05-21,SZ300628,-0.07083725767651078,EXP_DEnsembleModel_Alpha158_csi300_custom_step0_s_20260521_16,9a7904693a6c454d87fba758511b42d8,0.036,,,
55,2026-05-21,SZ300502,-0.07096882491987831,EXP_DEnsembleModel_Alpha158_csi300_custom_step0_s_20260521_16,9a7904693a6c454d87fba758511b42d8,0.036,,,
56,2026-05-21,SZ300498,0.026643957881677553,EXP_DEnsembleModel_Alpha158_csi300_custom_step0_s_20260521_16,9a7904693a6c454d87fba758511b42d8,0.036,,,
57,2026-05-21,SZ300476,0.28019637133617203,EXP_DEnsembleModel_Alpha158_csi300_custom_step0_s_20260521_16,9a7904693a6c454d87fba758511b42d8,0.036,,,
58,2026-05-21,SZ300442,0.0163642404427921,EXP_DEnsembleModel_Alpha158_csi300_custom_step0_s_20260521_16,9a7904693a6c454d87fba758511b42d8,0.036,,,
59,2026-05-21,SZ300759,0.05308223695481043,EXP_DEnsembleModel_Alpha158_csi300_custom_step0_s_20260521_16,9a7904693a6c454d87fba758511b42d8,0.036,,,
60,2026-05-21,SZ300433,-0.14837396354967605,EXP_DEnsembleModel_Alpha158_csi300_custom_step0_s_20260521_16,9a7904693a6c454d87fba758511b42d8,0.036,,,
61,2026-05-21,SZ300413,0.06033743650676427,EXP_DEnsembleModel_Alpha158_csi300_custom_step0_s_20260521_16,9a7904693a6c454d87fba758511b42d8,0.036,,,
62,2026-05-21,SZ300408,-0.005841390635166954,EXP_DEnsembleModel_Alpha158_csi300_custom_step0_s_20260521_16,9a7904693a6c454d87fba758511b42d8,0.036,,,
63,2026-05-21,SZ300394,-0.06242501218514249,EXP_DEnsembleModel_Alpha158_csi300_custom_step0_s_20260521_16,9a7904693a6c454d87fba758511b42d8,0.036,,,
64,2026-05-21,SZ300347,0.19601717943331365,EXP_DEnsembleModel_Alpha158_csi300_custom_step0_s_20260521_16,9a7904693a6c454d87fba758511b42d8,0.036,,,
65,2026-05-21,SZ300316,-0.22656903986744822,EXP_DEnsembleModel_Alpha158_csi300_custom_step0_s_20260521_16,9a7904693a6c454d87fba758511b42d8,0.036,,,
66,2026-05-21,SZ300308,-0.06529009389900968,EXP_DEnsembleModel_Alpha158_csi300_custom_step0_s_20260521_16,9a7904693a6c454d87fba758511b42d8,0.036,,,
67,2026-05-21,SZ300418,0.12527278114729615,EXP_DEnsembleModel_Alpha158_csi300_custom_step0_s_20260521_16,9a7904693a6c454d87fba758511b42d8,0.036,,,
68,2026-05-21,SZ002601,0.010756236212390776,EXP_DEnsembleModel_Alpha158_csi300_custom_step0_s_20260521_16,9a7904693a6c454d87fba758511b42d8,0.036,,,
69,2026-05-21,SH600089,-0.03776496648788452,EXP_LinearModel_Alpha158_csi300_custom_step0_s_20260521_15,d1a518bbb39c4c3292e21c8e4b604b95,0.097,,,
70,2026-05-21,SH600111,-0.008307383395731449,EXP_LinearModel_Alpha158_csi300_custom_step0_s_20260521_15,d1a518bbb39c4c3292e21c8e4b604b95,0.097,,,
71,2026-05-21,SH600690,-0.02215450629591942,EXP_LinearModel_Alpha158_csi300_custom_step0_s_20260521_15,d1a518bbb39c4c3292e21c8e4b604b95,0.097,,,
72,2026-05-21,SH600741,-0.04708234220743179,EXP_LinearModel_Alpha158_csi300_custom_step0_s_20260521_15,d1a518bbb39c4c3292e21c8e4b604b95,0.097,,,
73,2026-05-21,SH600760,-0.06182349845767021,EXP_LinearModel_Alpha158_csi300_custom_step0_s_20260521_15,d1a518bbb39c4c3292e21c8e4b604b95,0.097,,,
74,2026-05-21,SH600795,-0.024411790072917938,EXP_LinearModel_Alpha158_csi300_custom_step0_s_20260521_15,d1a518bbb39c4c3292e21c8e4b604b95,0.097,,,
75,2026-05-21,SH600803,0.055656928569078445,EXP_LinearModel_Alpha158_csi300_custom_step0_s_20260521_15,d1a518bbb39c4c3292e21c8e4b604b95,0.097,,,
76,2026-05-21,SH600809,-0.08012906461954117,EXP_LinearModel_Alpha158_csi300_custom_step0_s_20260521_15,d1a518bbb39c4c3292e21c8e4b604b95,0.097,,,
77,2026-05-21,SH600845,-0.02598077803850174,EXP_LinearModel_Alpha158_csi300_custom_step0_s_20260521_15,d1a518bbb39c4c3292e21c8e4b604b95,0.097,,,
78,2026-05-21,SH600875,-0.03973072022199631,EXP_LinearModel_Alpha158_csi300_custom_step0_s_20260521_15,d1a518bbb39c4c3292e21c8e4b604b95,0.097,,,
79,2026-05-21,SH600886,0.007391924969851971,EXP_LinearModel_Alpha158_csi300_custom_step0_s_20260521_15,d1a518bbb39c4c3292e21c8e4b604b95,0.097,,,
80,2026-05-21,SH600887,0.06124857813119888,EXP_LinearModel_Alpha158_csi300_custom_step0_s_20260521_15,d1a518bbb39c4c3292e21c8e4b604b95,0.097,,,
81,2026-05-21,SH600893,-0.012779437005519867,EXP_LinearModel_Alpha158_csi300_custom_step0_s_20260521_15,d1a518bbb39c4c3292e21c8e4b604b95,0.097,,,
82,2026-05-21,SH600900,0.028896795585751534,EXP_LinearModel_Alpha158_csi300_custom_step0_s_20260521_15,d1a518bbb39c4c3292e21c8e4b604b95,0.097,,,
83,2026-05-21,SH600905,-0.005825455766171217,EXP_LinearModel_Alpha158_csi300_custom_step0_s_20260521_15,d1a518bbb39c4c3292e21c8e4b604b95,0.097,,,
84,2026-05-21,SH600918,-0.04481429606676102,EXP_LinearModel_Alpha158_csi300_custom_step0_s_20260521_15,d1a518bbb39c4c3292e21c8e4b604b95,0.097,,,
85,2026-05-21,SH600919,0.05629001557826996,EXP_LinearModel_Alpha158_csi300_custom_step0_s_20260521_15,d1a518bbb39c4c3292e21c8e4b604b95,0.097,,,
86,2026-05-21,SH600926,-0.04233292490243912,EXP_LinearModel_Alpha158_csi300_custom_step0_s_20260521_15,d1a518bbb39c4c3292e21c8e4b604b95,0.097,,,
87,2026-05-21,SH600930,-0.01199384406208992,EXP_LinearModel_Alpha158_csi300_custom_step0_s_20260521_15,d1a518bbb39c4c3292e21c8e4b604b95,0.097,,,
88,2026-05-21,SH601077,-0.06168285757303238,EXP_LinearModel_Alpha158_csi300_custom_step0_s_20260521_15,d1a518bbb39c4c3292e21c8e4b604b95,0.097,,,
89,2026-05-21,SH601066,0.013733861967921257,EXP_LinearModel_Alpha158_csi300_custom_step0_s_20260521_15,d1a518bbb39c4c3292e21c8e4b604b95,0.097,,,
90,2026-05-21,SH601059,0.05286616086959839,EXP_LinearModel_Alpha158_csi300_custom_step0_s_20260521_15,d1a518bbb39c4c3292e21c8e4b604b95,0.097,,,
91,2026-05-21,SH601058,-0.07925746589899063,EXP_LinearModel_Alpha158_csi300_custom_step0_s_20260521_15,d1a518bbb39c4c3292e21c8e4b604b95,0.097,,,
92,2026-05-21,SH601021,0.02150401473045349,EXP_LinearModel_Alpha158_csi300_custom_step0_s_20260521_15,d1a518bbb39c4c3292e21c8e4b604b95,0.097,,,
93,2026-05-21,SH601018,0.061281006783246994,EXP_LinearModel_Alpha158_csi300_custom_step0_s_20260521_15,d1a518bbb39c4c3292e21c8e4b604b95,0.097,,,
94,2026-05-21,SH600674,0.01361330971121788,EXP_LinearModel_Alpha158_csi300_custom_step0_s_20260521_15,d1a518bbb39c4c3292e21c8e4b604b95,0.097,,,
95,2026-05-21,SH601012,0.04563964158296585,EXP_LinearModel_Alpha158_csi300_custom_step0_s_20260521_15,d1a518bbb39c4c3292e21c8e4b604b95,0.097,,,
96,2026-05-21,SH601006,0.03857314586639404,EXP_LinearModel_Alpha158_csi300_custom_step0_s_20260521_15,d1a518bbb39c4c3292e21c8e4b604b95,0.097,,,
97,2026-05-21,SH600999,0.03482069447636604,EXP_LinearModel_Alpha158_csi300_custom_step0_s_20260521_15,d1a518bbb39c4c3292e21c8e4b604b95,0.097,,,
98,2026-05-21,SH600989,0.0073300013318657875,EXP_LinearModel_Alpha158_csi300_custom_step0_s_20260521_15,d1a518bbb39c4c3292e21c8e4b604b95,0.097,,,
99,2026-05-21,SH600958,,EXP_LinearModel_Alpha158_csi300_custom_step0_s_20260521_15,d1a518bbb39c4c3292e21c8e4b604b95,0.097,,,
100,2026-05-21,SH600941,-0.03604940325021744,EXP_LinearModel_Alpha158_csi300_custom_step0_s_20260521_15,d1a518bbb39c4c3292e21c8e4b604b95,0.097,,,
101,2026-05-21,SH600938,0.0862618237733841,EXP_LinearModel_Alpha158_csi300_custom_step0_s_20260521_15,d1a518bbb39c4c3292e21c8e4b604b95,0.097,,,
102,2026-05-21,SH601009,-0.060008205473423004,EXP_LinearModel_Alpha158_csi300_custom_step0_s_20260521_15,d1a518bbb39c4c3292e21c8e4b604b95,0.097,,,
103,2026-05-21,SH600104,-0.01232208777219057,EXP_LinearModel_Alpha158_csi300_custom_step0_s_20260521_15,d1a518bbb39c4c3292e21c8e4b604b95,0.097,,,
104,2026-05-21,SH600660,-0.06770718842744827,EXP_LinearModel_Alpha158_csi300_custom_step0_s_20260521_15,d1a518bbb39c4c3292e21c8e4b604b95,0.097,,,
105,2026-05-21,SH600588,-0.03755732625722885,EXP_LinearModel_Alpha158_csi300_custom_step0_s_20260521_15,d1a518bbb39c4c3292e21c8e4b604b95,0.097,,,
106,2026-05-21,SH600115,-0.047845400869846344,EXP_LinearModel_Alpha158_csi300_custom_step0_s_20260521_15,d1a518bbb39c4c3292e21c8e4b604b95,0.097,,,
107,2026-05-21,SH600150,-0.011546222493052483,EXP_LinearModel_Alpha158_csi300_custom_step0_s_20260521_15,d1a518bbb39c4c3292e21c8e4b604b95,0.097,,,
108,2026-05-21,SH600160,-0.019041838124394417,EXP_LinearModel_Alpha158_csi300_custom_step0_s_20260521_15,d1a518bbb39c4c3292e21c8e4b604b95,0.097,,,
109,2026-05-21,SH600161,-0.04787502810359001,EXP_LinearModel_Alpha158_csi300_custom_step0_s_20260521_15,d1a518bbb39c4c3292e21c8e4b604b95,0.097,,,
110,2026-05-21,SH600176,0.024456052109599113,EXP_LinearModel_Alpha158_csi300_custom_step0_s_20260521_15,d1a518bbb39c4c3292e21c8e4b604b95,0.097,,,
111,2026-05-21,SH600183,-0.08517329394817352,EXP_LinearModel_Alpha158_csi300_custom_step0_s_20260521_15,d1a518bbb39c4c3292e21c8e4b604b95,0.097,,,
112,2026-05-21,SH600188,-0.043817318975925446,EXP_LinearModel_Alpha158_csi300_custom_step0_s_20260521_15,d1a518bbb39c4c3292e21c8e4b604b95,0.097,,,
113,2026-05-21,SH600196,-0.058663539588451385,EXP_LinearModel_Alpha158_csi300_custom_step0_s_20260521_15,d1a518bbb39c4c3292e21c8e4b604b95,0.097,,,
114,2026-05-21,SH600219,0.0805753543972969,EXP_LinearModel_Alpha158_csi300_custom_step0_s_20260521_15,d1a518bbb39c4c3292e21c8e4b604b95,0.097,,,
115,2026-05-21,SH600233,-0.01836041733622551,EXP_LinearModel_Alpha158_csi300_custom_step0_s_20260521_15,d1a518bbb39c4c3292e21c8e4b604b95,0.097,,,
116,2026-05-21,SH600276,-0.0693853348493576,EXP_LinearModel_Alpha158_csi300_custom_step0_s_20260521_15,d1a518bbb39c4c3292e21c8e4b604b95,0.097,,,
117,2026-05-21,SH600309,-0.02246488817036152,EXP_LinearModel_Alpha158_csi300_custom_step0_s_20260521_15,d1a518bbb39c4c3292e21c8e4b604b95,0.097,,,
118,2026-05-21,SH600346,0.010885762050747871,EXP_LinearModel_Alpha158_csi300_custom_step0_s_20260521_15,d1a518bbb39c4c3292e21c8e4b604b95,0.097,,,
119,2026-05-21,SH600362,-0.009149112738668919,EXP_LinearModel_Alpha158_csi300_custom_step0_s_20260521_15,d1a518bbb39c4c3292e21c8e4b604b95,0.097,,,
120,2026-05-21,SH600372,0.02577810361981392,EXP_LinearModel_Alpha158_csi300_custom_step0_s_20260521_15,d1a518bbb39c4c3292e21c8e4b604b95,0.097,,,
121,2026-05-21,SH600377,0.024764839559793472,EXP_LinearModel_Alpha158_csi300_custom_step0_s_20260521_15,d1a518bbb39c4c3292e21c8e4b604b95,0.097,,,
122,2026-05-21,SH600406,-0.056975532323122025,EXP_LinearModel_Alpha158_csi300_custom_step0_s_20260521_15,d1a518bbb39c4c3292e21c8e4b604b95,0.097,,,
123,2026-05-21,SH600585,-0.04299924150109291,EXP_LinearModel_Alpha158_csi300_custom_step0_s_20260521_15,d1a518bbb39c4c3292e21c8e4b604b95,0.097,,,
124,2026-05-21,SH600584,-0.058918461203575134,EXP_LinearModel_Alpha158_csi300_custom_step0_s_20260521_15,d1a518bbb39c4c3292e21c8e4b604b95,0.097,,,
125,2026-05-21,SH600570,-0.06212541088461876,EXP_LinearModel_Alpha158_csi300_custom_step0_s_20260521_15,d1a518bbb39c4c3292e21c8e4b604b95,0.097,,,
126,2026-05-21,SH600547,0.03000611998140812,EXP_LinearModel_Alpha158_csi300_custom_step0_s_20260521_15,d1a518bbb39c4c3292e21c8e4b604b95,0.097,,,
127,2026-05-21,SH600522,0.07564373314380646,EXP_LinearModel_Alpha158_csi300_custom_step0_s_20260521_15,d1a518bbb39c4c3292e21c8e4b604b95,0.097,,,
128,2026-05-21,SH600519,-0.057028088718652725,EXP_LinearModel_Alpha158_csi300_custom_step0_s_20260521_15,d1a518bbb39c4c3292e21c8e4b604b95,0.097,,,
129,2026-05-21,SH600600,-0.02930702641606331,EXP_LinearModel_Alpha158_csi300_custom_step0_s_20260521_15,d1a518bbb39c4c3292e21c8e4b604b95,0.097,,,
130,2026-05-21,SH600515,0.0010891440324485302,EXP_LinearModel_Alpha158_csi300_custom_step0_s_20260521_15,d1a518bbb39c4c3292e21c8e4b604b95,0.097,,,
131,2026-05-21,SH600482,0.005443132948130369,EXP_LinearModel_Alpha158_csi300_custom_step0_s_20260521_15,d1a518bbb39c4c3292e21c8e4b604b95,0.097,,,
132,2026-05-21,SH600460,0.03868451341986656,EXP_LinearModel_Alpha158_csi300_custom_step0_s_20260521_15,d1a518bbb39c4c3292e21c8e4b604b95,0.097,,,
133,2026-05-21,SH600438,0.02729366347193718,EXP_LinearModel_Alpha158_csi300_custom_step0_s_20260521_15,d1a518bbb39c4c3292e21c8e4b604b95,0.097,,,
134,2026-05-21,SH600436,-0.055404361337423325,EXP_LinearModel_Alpha158_csi300_custom_step0_s_20260521_15,d1a518bbb39c4c3292e21c8e4b604b95,0.097,,,
135,2026-05-21,SH600426,0.007319685071706772,EXP_LinearModel_Alpha158_csi300_custom_step0_s_20260521_15,d1a518bbb39c4c3292e21c8e4b604b95,0.097,,,
136,2026-05-21,SH600415,-0.04636789858341217,EXP_LinearModel_Alpha158_csi300_custom_step0_s_20260521_15,d1a518bbb39c4c3292e21c8e4b604b95,0.097,,,
137,2026-05-21,SH600489,0.04746094346046448,EXP_LinearModel_Alpha158_csi300_custom_step0_s_20260521_15,d1a518bbb39c4c3292e21c8e4b604b95,0.097,,,
138,2026-05-21,SZ002600,-0.0039615323161741765,EXP_DEnsembleModel_Alpha158_csi300_custom_step0_s_20260521_16,9a7904693a6c454d87fba758511b42d8,0.036,,,
139,2026-05-21,SZ002594,0.041488092968309534,EXP_DEnsembleModel_Alpha158_csi300_custom_step0_s_20260521_16,9a7904693a6c454d87fba758511b42d8,0.036,,,
140,2026-05-21,SZ002493,0.0700207512561301,EXP_DEnsembleModel_Alpha158_csi300_custom_step0_s_20260521_16,9a7904693a6c454d87fba758511b42d8,0.036,,,
141,2026-05-21,SH601919,-0.034829110123751436,EXP_DEnsembleModel_Alpha158_csi300_custom_step0_s_20260521_16,9a7904693a6c454d87fba758511b42d8,0.036,,,
142,2026-05-21,SH601939,0.04470449877096036,EXP_DEnsembleModel_Alpha158_csi300_custom_step0_s_20260521_16,9a7904693a6c454d87fba758511b42d8,0.036,,,
143,2026-05-21,SH601985,-0.06188060684004499,EXP_DEnsembleModel_Alpha158_csi300_custom_step0_s_20260521_16,9a7904693a6c454d87fba758511b42d8,0.036,,,
144,2026-05-21,SH601988,-0.05237229935943535,EXP_DEnsembleModel_Alpha158_csi300_custom_step0_s_20260521_16,9a7904693a6c454d87fba758511b42d8,0.036,,,
145,2026-05-21,SH601995,0.13803953340809386,EXP_DEnsembleModel_Alpha158_csi300_custom_step0_s_20260521_16,9a7904693a6c454d87fba758511b42d8,0.036,,,
146,2026-05-21,SH601998,-0.01599957683120075,EXP_DEnsembleModel_Alpha158_csi300_custom_step0_s_20260521_16,9a7904693a6c454d87fba758511b42d8,0.036,,,
147,2026-05-21,SH603019,0.004890971251574012,EXP_DEnsembleModel_Alpha158_csi300_custom_step0_s_20260521_16,9a7904693a6c454d87fba758511b42d8,0.036,,,
148,2026-05-21,SH603195,0.031448835565293966,EXP_DEnsembleModel_Alpha158_csi300_custom_step0_s_20260521_16,9a7904693a6c454d87fba758511b42d8,0.036,,,
149,2026-05-21,SH603259,0.20583561564122582,EXP_DEnsembleModel_Alpha158_csi300_custom_step0_s_20260521_16,9a7904693a6c454d87fba758511b42d8,0.036,,,
150,2026-05-21,SH603260,0.06682239566089214,EXP_DEnsembleModel_Alpha158_csi300_custom_step0_s_20260521_16,9a7904693a6c454d87fba758511b42d8,0.036,,,
151,2026-05-21,SH603288,0.010670792651228703,EXP_DEnsembleModel_Alpha158_csi300_custom_step0_s_20260521_16,9a7904693a6c454d87fba758511b42d8,0.036,,,
152,2026-05-21,SH603296,-0.02773676908476103,EXP_DEnsembleModel_Alpha158_csi300_custom_step0_s_20260521_16,9a7904693a6c454d87fba758511b42d8,0.036,,,
153,2026-05-21,SH603369,0.09199799829026555,EXP_DEnsembleModel_Alpha158_csi300_custom_step0_s_20260521_16,9a7904693a6c454d87fba758511b42d8,0.036,,,
154,2026-05-21,SH603392,-0.03696733609966438,EXP_DEnsembleModel_Alpha158_csi300_custom_step0_s_20260521_16,9a7904693a6c454d87fba758511b42d8,0.036,,,
155,2026-05-21,SH603501,0.018416069723638583,EXP_DEnsembleModel_Alpha158_csi300_custom_step0_s_20260521_16,9a7904693a6c454d87fba758511b42d8,0.036,,,
156,2026-05-21,SH603799,0.10567564942601253,EXP_DEnsembleModel_Alpha158_csi300_custom_step0_s_20260521_16,9a7904693a6c454d87fba758511b42d8,0.036,,,
157,2026-05-21,SH603893,-0.15196275593243977,EXP_DEnsembleModel_Alpha158_csi300_custom_step0_s_20260521_16,9a7904693a6c454d87fba758511b42d8,0.036,,,
158,2026-05-21,SH688169,0.13680695500868303,EXP_DEnsembleModel_Alpha158_csi300_custom_step0_s_20260521_16,9a7904693a6c454d87fba758511b42d8,0.036,,,
159,2026-05-21,SH688126,-0.4603940878240472,EXP_DEnsembleModel_Alpha158_csi300_custom_step0_s_20260521_16,9a7904693a6c454d87fba758511b42d8,0.036,,,
160,2026-05-21,SH688111,0.04306129729791077,EXP_DEnsembleModel_Alpha158_csi300_custom_step0_s_20260521_16,9a7904693a6c454d87fba758511b42d8,0.036,,,
161,2026-05-21,SH688082,-0.2602106489030111,EXP_DEnsembleModel_Alpha158_csi300_custom_step0_s_20260521_16,9a7904693a6c454d87fba758511b42d8,0.036,,,
162,2026-05-21,SH688047,0.17112638098741387,EXP_DEnsembleModel_Alpha158_csi300_custom_step0_s_20260521_16,9a7904693a6c454d87fba758511b42d8,0.036,,,
163,2026-05-21,SH688041,0.13513639787378323,EXP_DEnsembleModel_Alpha158_csi300_custom_step0_s_20260521_16,9a7904693a6c454d87fba758511b42d8,0.036,,,
164,2026-05-21,SH601916,-0.026576856642813493,EXP_DEnsembleModel_Alpha158_csi300_custom_step0_s_20260521_16,9a7904693a6c454d87fba758511b42d8,0.036,,,
165,2026-05-21,SH688036,0.13564347629671067,EXP_DEnsembleModel_Alpha158_csi300_custom_step0_s_20260521_16,9a7904693a6c454d87fba758511b42d8,0.036,,,
166,2026-05-21,SH688009,-0.02826595253529566,EXP_DEnsembleModel_Alpha158_csi300_custom_step0_s_20260521_16,9a7904693a6c454d87fba758511b42d8,0.036,,,
167,2026-05-21,SH688008,-0.1904049409812207,EXP_DEnsembleModel_Alpha158_csi300_custom_step0_s_20260521_16,9a7904693a6c454d87fba758511b42d8,0.036,,,
168,2026-05-21,SH605499,0.11356620474170964,EXP_DEnsembleModel_Alpha158_csi300_custom_step0_s_20260521_16,9a7904693a6c454d87fba758511b42d8,0.036,,,
169,2026-05-21,SH605117,0.23153104732931581,EXP_DEnsembleModel_Alpha158_csi300_custom_step0_s_20260521_16,9a7904693a6c454d87fba758511b42d8,0.036,,,
170,2026-05-21,SH603993,0.06596131794083501,EXP_DEnsembleModel_Alpha158_csi300_custom_step0_s_20260521_16,9a7904693a6c454d87fba758511b42d8,0.036,,,
171,2026-05-21,SH603986,-0.2591268703513909,EXP_DEnsembleModel_Alpha158_csi300_custom_step0_s_20260521_16,9a7904693a6c454d87fba758511b42d8,0.036,,,
172,2026-05-21,SH688012,-0.4802887019296374,EXP_DEnsembleModel_Alpha158_csi300_custom_step0_s_20260521_16,9a7904693a6c454d87fba758511b42d8,0.036,,,
173,2026-05-21,SH688187,-0.06409522367067519,EXP_DEnsembleModel_Alpha158_csi300_custom_step0_s_20260521_16,9a7904693a6c454d87fba758511b42d8,0.036,,,
174,2026-05-21,SH601901,0.09500240199516612,EXP_DEnsembleModel_Alpha158_csi300_custom_step0_s_20260521_16,9a7904693a6c454d87fba758511b42d8,0.036,,,
175,2026-05-21,SH601898,0.17394571791372626,EXP_DEnsembleModel_Alpha158_csi300_custom_step0_s_20260521_16,9a7904693a6c454d87fba758511b42d8,0.036,,,
176,2026-05-21,SH601390,0.03978538179191487,EXP_DEnsembleModel_Alpha158_csi300_custom_step0_s_20260521_16,9a7904693a6c454d87fba758511b42d8,0.036,,,
177,2026-05-21,SH601398,-0.05852096385623587,EXP_DEnsembleModel_Alpha158_csi300_custom_step0_s_20260521_16,9a7904693a6c454d87fba758511b42d8,0.036,,,
178,2026-05-21,SH601456,0.07022546161864097,EXP_DEnsembleModel_Alpha158_csi300_custom_step0_s_20260521_16,9a7904693a6c454d87fba758511b42d8,0.036,,,
179,2026-05-21,SH601600,0.10392952776209155,EXP_DEnsembleModel_Alpha158_csi300_custom_step0_s_20260521_16,9a7904693a6c454d87fba758511b42d8,0.036,,,
180,2026-05-21,SH601601,0.03164750057403351,EXP_DEnsembleModel_Alpha158_csi300_custom_step0_s_20260521_16,9a7904693a6c454d87fba758511b42d8,0.036,,,
181,2026-05-21,SH601607,-0.055605884347367324,EXP_DEnsembleModel_Alpha158_csi300_custom_step0_s_20260521_16,9a7904693a6c454d87fba758511b42d8,0.036,,,
182,2026-05-21,SH601618,-0.07204600732148682,EXP_DEnsembleModel_Alpha158_csi300_custom_step0_s_20260521_16,9a7904693a6c454d87fba758511b42d8,0.036,,,
183,2026-05-21,SH601628,0.010366890884075927,EXP_DEnsembleModel_Alpha158_csi300_custom_step0_s_20260521_16,9a7904693a6c454d87fba758511b42d8,0.036,,,
184,2026-05-21,SH601633,-0.031756981006398684,EXP_DEnsembleModel_Alpha158_csi300_custom_step0_s_20260521_16,9a7904693a6c454d87fba758511b42d8,0.036,,,
185,2026-05-21,SH601658,-0.0682358234576764,EXP_DEnsembleModel_Alpha158_csi300_custom_step0_s_20260521_16,9a7904693a6c454d87fba758511b42d8,0.036,,,
186,2026-05-21,SH601668,-0.07843938178928034,EXP_DEnsembleModel_Alpha158_csi300_custom_step0_s_20260521_16,9a7904693a6c454d87fba758511b42d8,0.036,,,
187,2026-05-21,SH601669,0.06409082224958174,EXP_DEnsembleModel_Alpha158_csi300_custom_step0_s_20260521_16,9a7904693a6c454d87fba758511b42d8,0.036,,,
188,2026-05-21,SH601688,0.13484030850329076,EXP_DEnsembleModel_Alpha158_csi300_custom_step0_s_20260521_16,9a7904693a6c454d87fba758511b42d8,0.036,,,
189,2026-05-21,SH601689,0.15513401470339053,EXP_DEnsembleModel_Alpha158_csi300_custom_step0_s_20260521_16,9a7904693a6c454d87fba758511b42d8,0.036,,,
190,2026-05-21,SH601698,0.031394009080200534,EXP_DEnsembleModel_Alpha158_csi300_custom_step0_s_20260521_16,9a7904693a6c454d87fba758511b42d8,0.036,,,
191,2026-05-21,SH601728,-0.014303330750358698,EXP_DEnsembleModel_Alpha158_csi300_custom_step0_s_20260521_16,9a7904693a6c454d87fba758511b42d8,0.036,,,
192,2026-05-21,SH601766,-0.06954865785876937,EXP_DEnsembleModel_Alpha158_csi300_custom_step0_s_20260521_16,9a7904693a6c454d87fba758511b42d8,0.036,,,
193,2026-05-21,SH601888,0.061048493523788556,EXP_DEnsembleModel_Alpha158_csi300_custom_step0_s_20260521_16,9a7904693a6c454d87fba758511b42d8,0.036,,,
194,2026-05-21,SH601881,0.08693770214467438,EXP_DEnsembleModel_Alpha158_csi300_custom_step0_s_20260521_16,9a7904693a6c454d87fba758511b42d8,0.036,,,
195,2026-05-21,SH601878,0.03970047145600303,EXP_DEnsembleModel_Alpha158_csi300_custom_step0_s_20260521_16,9a7904693a6c454d87fba758511b42d8,0.036,,,
196,2026-05-21,SH601877,-0.021720239089522832,EXP_DEnsembleModel_Alpha158_csi300_custom_step0_s_20260521_16,9a7904693a6c454d87fba758511b42d8,0.036,,,
197,2026-05-21,SH601872,-0.03095651384817685,EXP_DEnsembleModel_Alpha158_csi300_custom_step0_s_20260521_16,9a7904693a6c454d87fba758511b42d8,0.036,,,
198,2026-05-21,SH601868,0.028290446358533533,EXP_DEnsembleModel_Alpha158_csi300_custom_step0_s_20260521_16,9a7904693a6c454d87fba758511b42d8,0.036,,,
199,2026-05-21,SH601899,0.05709957285501649,EXP_DEnsembleModel_Alpha158_csi300_custom_step0_s_20260521_16,9a7904693a6c454d87fba758511b42d8,0.036,,,
200,2026-05-21,SH601857,0.014846393002633561,EXP_DEnsembleModel_Alpha158_csi300_custom_step0_s_20260521_16,9a7904693a6c454d87fba758511b42d8,0.036,,,
201,2026-05-21,SH601825,-0.08348620561511919,EXP_DEnsembleModel_Alpha158_csi300_custom_step0_s_20260521_16,9a7904693a6c454d87fba758511b42d8,0.036,,,
202,2026-05-21,SH601818,-0.11616191655298715,EXP_DEnsembleModel_Alpha158_csi300_custom_step0_s_20260521_16,9a7904693a6c454d87fba758511b42d8,0.036,,,
203,2026-05-21,SH601816,-0.061532645897011025,EXP_DEnsembleModel_Alpha158_csi300_custom_step0_s_20260521_16,9a7904693a6c454d87fba758511b42d8,0.036,,,
204,2026-05-21,SH601808,-0.00491289469480897,EXP_DEnsembleModel_Alpha158_csi300_custom_step0_s_20260521_16,9a7904693a6c454d87fba758511b42d8,0.036,,,
205,2026-05-21,SH601800,0.0015110576263304952,EXP_DEnsembleModel_Alpha158_csi300_custom_step0_s_20260521_16,9a7904693a6c454d87fba758511b42d8,0.036,,,
206,2026-05-21,SH601788,0.009185263535152375,EXP_DEnsembleModel_Alpha158_csi300_custom_step0_s_20260521_16,9a7904693a6c454d87fba758511b42d8,0.036,,,
207,2026-05-21,SH601838,0.10486555155284863,EXP_DEnsembleModel_Alpha158_csi300_custom_step0_s_20260521_16,9a7904693a6c454d87fba758511b42d8,0.036,,,
208,2026-05-21,SH688223,0.05578890265467254,EXP_DEnsembleModel_Alpha158_csi300_custom_step0_s_20260521_16,9a7904693a6c454d87fba758511b42d8,0.036,,,
209,2026-05-21,SH688256,-0.055803210743452396,EXP_DEnsembleModel_Alpha158_csi300_custom_step0_s_20260521_16,9a7904693a6c454d87fba758511b42d8,0.036,,,
210,2026-05-21,SH688271,-0.15394235839890524,EXP_DEnsembleModel_Alpha158_csi300_custom_step0_s_20260521_16,9a7904693a6c454d87fba758511b42d8,0.036,,,
211,2026-05-21,SZ000975,0.10081731186963593,EXP_DEnsembleModel_Alpha158_csi300_custom_step0_s_20260521_16,9a7904693a6c454d87fba758511b42d8,0.036,,,
212,2026-05-21,SZ000977,0.06469346934713055,EXP_DEnsembleModel_Alpha158_csi300_custom_step0_s_20260521_16,9a7904693a6c454d87fba758511b42d8,0.036,,,
213,2026-05-21,SZ000983,0.030808533724115916,EXP_DEnsembleModel_Alpha158_csi300_custom_step0_s_20260521_16,9a7904693a6c454d87fba758511b42d8,0.036,,,
214,2026-05-21,SZ000999,-0.06307993676399812,EXP_DEnsembleModel_Alpha158_csi300_custom_step0_s_20260521_16,9a7904693a6c454d87fba758511b42d8,0.036,,,
215,2026-05-21,SZ001391,-0.038161067209827246,EXP_DEnsembleModel_Alpha158_csi300_custom_step0_s_20260521_16,9a7904693a6c454d87fba758511b42d8,0.036,,,
216,2026-05-21,SZ001965,0.07457686133401509,EXP_DEnsembleModel_Alpha158_csi300_custom_step0_s_20260521_16,9a7904693a6c454d87fba758511b42d8,0.036,,,
217,2026-05-21,SZ001979,0.061732584767243824,EXP_DEnsembleModel_Alpha158_csi300_custom_step0_s_20260521_16,9a7904693a6c454d87fba758511b42d8,0.036,,,
218,2026-05-21,SZ002001,0.1319940474270702,EXP_DEnsembleModel_Alpha158_csi300_custom_step0_s_20260521_16,9a7904693a6c454d87fba758511b42d8,0.036,,,
219,2026-05-21,SZ002027,0.03918988675692397,EXP_DEnsembleModel_Alpha158_csi300_custom_step0_s_20260521_16,9a7904693a6c454d87fba758511b42d8,0.036,,,
220,2026-05-21,SZ002028,0.053692415416493076,EXP_DEnsembleModel_Alpha158_csi300_custom_step0_s_20260521_16,9a7904693a6c454d87fba758511b42d8,0.036,,,
221,2026-05-21,SZ002049,0.00933998213241991,EXP_DEnsembleModel_Alpha158_csi300_custom_step0_s_20260521_16,9a7904693a6c454d87fba758511b42d8,0.036,,,
222,2026-05-21,SZ002050,0.1466107940351894,EXP_DEnsembleModel_Alpha158_csi300_custom_step0_s_20260521_16,9a7904693a6c454d87fba758511b42d8,0.036,,,
223,2026-05-21,SZ002074,-0.009892628627984146,EXP_DEnsembleModel_Alpha158_csi300_custom_step0_s_20260521_16,9a7904693a6c454d87fba758511b42d8,0.036,,,
224,2026-05-21,SZ002142,0.02587126830832506,EXP_DEnsembleModel_Alpha158_csi300_custom_step0_s_20260521_16,9a7904693a6c454d87fba758511b42d8,0.036,,,
225,2026-05-21,SZ002179,0.02009559365671117,EXP_DEnsembleModel_Alpha158_csi300_custom_step0_s_20260521_16,9a7904693a6c454d87fba758511b42d8,0.036,,,
226,2026-05-21,SZ002230,0.0917729437408778,EXP_DEnsembleModel_Alpha158_csi300_custom_step0_s_20260521_16,9a7904693a6c454d87fba758511b42d8,0.036,,,
227,2026-05-21,SZ002236,-0.02713751898677798,EXP_DEnsembleModel_Alpha158_csi300_custom_step0_s_20260521_16,9a7904693a6c454d87fba758511b42d8,0.036,,,
228,2026-05-21,SZ002475,-0.017898451835529332,EXP_DEnsembleModel_Alpha158_csi300_custom_step0_s_20260521_16,9a7904693a6c454d87fba758511b42d8,0.036,,,
229,2026-05-21,SZ002466,0.02676350621392659,EXP_DEnsembleModel_Alpha158_csi300_custom_step0_s_20260521_16,9a7904693a6c454d87fba758511b42d8,0.036,,,
230,2026-05-21,SZ002463,0.37462157098004895,EXP_DEnsembleModel_Alpha158_csi300_custom_step0_s_20260521_16,9a7904693a6c454d87fba758511b42d8,0.036,,,
231,2026-05-21,SZ002460,0.24075797137436547,EXP_DEnsembleModel_Alpha158_csi300_custom_step0_s_20260521_16,9a7904693a6c454d87fba758511b42d8,0.036,,,
232,2026-05-21,SZ002459,0.061162857951303815,EXP_DEnsembleModel_Alpha158_csi300_custom_step0_s_20260521_16,9a7904693a6c454d87fba758511b42d8,0.036,,,
233,2026-05-21,SZ002422,0.11758083287197647,EXP_DEnsembleModel_Alpha158_csi300_custom_step0_s_20260521_16,9a7904693a6c454d87fba758511b42d8,0.036,,,
234,2026-05-21,SZ000963,0.02299638381589397,EXP_DEnsembleModel_Alpha158_csi300_custom_step0_s_20260521_16,9a7904693a6c454d87fba758511b42d8,0.036,,,
235,2026-05-21,SZ002415,-0.039381570899479634,EXP_DEnsembleModel_Alpha158_csi300_custom_step0_s_20260521_16,9a7904693a6c454d87fba758511b42d8,0.036,,,
236,2026-05-21,SZ002371,-0.28703213964410645,EXP_DEnsembleModel_Alpha158_csi300_custom_step0_s_20260521_16,9a7904693a6c454d87fba758511b42d8,0.036,,,
237,2026-05-21,SZ002352,-0.08359527167338367,EXP_DEnsembleModel_Alpha158_csi300_custom_step0_s_20260521_16,9a7904693a6c454d87fba758511b42d8,0.036,,,
238,2026-05-21,SZ002311,-0.021552526400144833,EXP_DEnsembleModel_Alpha158_csi300_custom_step0_s_20260521_16,9a7904693a6c454d87fba758511b42d8,0.036,,,
239,2026-05-21,SZ002304,-0.02702067570519849,EXP_DEnsembleModel_Alpha158_csi300_custom_step0_s_20260521_16,9a7904693a6c454d87fba758511b42d8,0.036,,,
240,2026-05-21,SZ002252,-0.09503898379311622,EXP_DEnsembleModel_Alpha158_csi300_custom_step0_s_20260521_16,9a7904693a6c454d87fba758511b42d8,0.036,,,
241,2026-05-21,SZ002241,0.17805616284267634,EXP_DEnsembleModel_Alpha158_csi300_custom_step0_s_20260521_16,9a7904693a6c454d87fba758511b42d8,0.036,,,
242,2026-05-21,SZ002384,0.06348471883490289,EXP_DEnsembleModel_Alpha158_csi300_custom_step0_s_20260521_16,9a7904693a6c454d87fba758511b42d8,0.036,,,
243,2026-05-21,SZ000938,0.0025429557279398125,EXP_DEnsembleModel_Alpha158_csi300_custom_step0_s_20260521_16,9a7904693a6c454d87fba758511b42d8,0.036,,,
244,2026-05-21,SZ000895,-0.04019299262863258,EXP_DEnsembleModel_Alpha158_csi300_custom_step0_s_20260521_16,9a7904693a6c454d87fba758511b42d8,0.036,,,
245,2026-05-21,SZ000876,-0.018207200127391666,EXP_DEnsembleModel_Alpha158_csi300_custom_step0_s_20260521_16,9a7904693a6c454d87fba758511b42d8,0.036,,,
246,2026-05-21,SZ000338,0.23084267218332874,EXP_DEnsembleModel_Alpha158_csi300_custom_step0_s_20260521_16,9a7904693a6c454d87fba758511b42d8,0.036,,,
247,2026-05-21,SZ000333,0.14010196629325075,EXP_DEnsembleModel_Alpha158_csi300_custom_step0_s_20260521_16,9a7904693a6c454d87fba758511b42d8,0.036,,,
248,2026-05-21,SZ000301,0.07609049104089653,EXP_DEnsembleModel_Alpha158_csi300_custom_step0_s_20260521_16,9a7904693a6c454d87fba758511b42d8,0.036,,,
249,2026-05-21,SZ000166,0.036059391458079376,EXP_DEnsembleModel_Alpha158_csi300_custom_step0_s_20260521_16,9a7904693a6c454d87fba758511b42d8,0.036,,,
250,2026-05-21,SZ000157,0.09708316143468222,EXP_DEnsembleModel_Alpha158_csi300_custom_step0_s_20260521_16,9a7904693a6c454d87fba758511b42d8,0.036,,,
251,2026-05-21,SZ000100,-0.129823682866615,EXP_DEnsembleModel_Alpha158_csi300_custom_step0_s_20260521_16,9a7904693a6c454d87fba758511b42d8,0.036,,,
252,2026-05-21,SZ000408,0.010464797098203592,EXP_DEnsembleModel_Alpha158_csi300_custom_step0_s_20260521_16,9a7904693a6c454d87fba758511b42d8,0.036,,,
253,2026-05-21,SZ000063,0.0158334609485349,EXP_DEnsembleModel_Alpha158_csi300_custom_step0_s_20260521_16,9a7904693a6c454d87fba758511b42d8,0.036,,,
254,2026-05-21,SZ000001,-0.10500969489840827,EXP_DEnsembleModel_Alpha158_csi300_custom_step0_s_20260521_16,9a7904693a6c454d87fba758511b42d8,0.036,,,
255,2026-05-21,SH688981,-0.25183036341557985,EXP_DEnsembleModel_Alpha158_csi300_custom_step0_s_20260521_16,9a7904693a6c454d87fba758511b42d8,0.036,,,
256,2026-05-21,SH688506,0.2868406571496107,EXP_DEnsembleModel_Alpha158_csi300_custom_step0_s_20260521_16,9a7904693a6c454d87fba758511b42d8,0.036,,,
257,2026-05-21,SH688472,-0.0006872101014948584,EXP_DEnsembleModel_Alpha158_csi300_custom_step0_s_20260521_16,9a7904693a6c454d87fba758511b42d8,0.036,,,
258,2026-05-21,SH688396,-0.15602841907892442,EXP_DEnsembleModel_Alpha158_csi300_custom_step0_s_20260521_16,9a7904693a6c454d87fba758511b42d8,0.036,,,
259,2026-05-21,SH688303,0.01805073298643189,EXP_DEnsembleModel_Alpha158_csi300_custom_step0_s_20260521_16,9a7904693a6c454d87fba758511b42d8,0.036,,,
260,2026-05-21,SZ000002,0.1050664192149041,EXP_DEnsembleModel_Alpha158_csi300_custom_step0_s_20260521_16,9a7904693a6c454d87fba758511b42d8,0.036,,,
261,2026-05-21,SH601088,0.03993648663163185,EXP_LinearModel_Alpha158_csi300_custom_step0_s_20260521_15,d1a518bbb39c4c3292e21c8e4b604b95,0.097,,,
262,2026-05-21,SZ000425,0.1329942687753458,EXP_DEnsembleModel_Alpha158_csi300_custom_step0_s_20260521_16,9a7904693a6c454d87fba758511b42d8,0.036,,,
263,2026-05-21,SZ000568,0.03466653504937952,EXP_DEnsembleModel_Alpha158_csi300_custom_step0_s_20260521_16,9a7904693a6c454d87fba758511b42d8,0.036,,,
264,2026-05-21,SZ000858,0.012070560032677724,EXP_DEnsembleModel_Alpha158_csi300_custom_step0_s_20260521_16,9a7904693a6c454d87fba758511b42d8,0.036,,,
265,2026-05-21,SZ000807,0.23364732324425422,EXP_DEnsembleModel_Alpha158_csi300_custom_step0_s_20260521_16,9a7904693a6c454d87fba758511b42d8,0.036,,,
266,2026-05-21,SZ000792,0.12880876861302018,EXP_DEnsembleModel_Alpha158_csi300_custom_step0_s_20260521_16,9a7904693a6c454d87fba758511b42d8,0.036,,,
267,2026-05-21,SZ000786,-0.022625384460991407,EXP_DEnsembleModel_Alpha158_csi300_custom_step0_s_20260521_16,9a7904693a6c454d87fba758511b42d8,0.036,,,
268,2026-05-21,SZ000776,0.05061504760989457,EXP_DEnsembleModel_Alpha158_csi300_custom_step0_s_20260521_16,9a7904693a6c454d87fba758511b42d8,0.036,,,
269,2026-05-21,SZ000768,0.03202346475358985,EXP_DEnsembleModel_Alpha158_csi300_custom_step0_s_20260521_16,9a7904693a6c454d87fba758511b42d8,0.036,,,
270,2026-05-21,SZ000538,-0.10365845529006745,EXP_DEnsembleModel_Alpha158_csi300_custom_step0_s_20260521_16,9a7904693a6c454d87fba758511b42d8,0.036,,,
271,2026-05-21,SZ000725,0.0712705934890843,EXP_DEnsembleModel_Alpha158_csi300_custom_step0_s_20260521_16,9a7904693a6c454d87fba758511b42d8,0.036,,,
272,2026-05-21,SZ000661,-0.03394099314735638,EXP_DEnsembleModel_Alpha158_csi300_custom_step0_s_20260521_16,9a7904693a6c454d87fba758511b42d8,0.036,,,
273,2026-05-21,SZ000651,-0.03806751365198172,EXP_DEnsembleModel_Alpha158_csi300_custom_step0_s_20260521_16,9a7904693a6c454d87fba758511b42d8,0.036,,,
274,2026-05-21,SZ000630,0.05550892138760046,EXP_DEnsembleModel_Alpha158_csi300_custom_step0_s_20260521_16,9a7904693a6c454d87fba758511b42d8,0.036,,,
275,2026-05-21,SZ000625,0.07627217321893313,EXP_DEnsembleModel_Alpha158_csi300_custom_step0_s_20260521_16,9a7904693a6c454d87fba758511b42d8,0.036,,,
276,2026-05-21,SZ000617,0.10359861379858827,EXP_DEnsembleModel_Alpha158_csi300_custom_step0_s_20260521_16,9a7904693a6c454d87fba758511b42d8,0.036,,,
277,2026-05-21,SZ000596,0.055159582712658535,EXP_DEnsembleModel_Alpha158_csi300_custom_step0_s_20260521_16,9a7904693a6c454d87fba758511b42d8,0.036,,,
278,2026-05-21,SZ000708,-0.04604636155363666,EXP_DEnsembleModel_Alpha158_csi300_custom_step0_s_20260521_16,9a7904693a6c454d87fba758511b42d8,0.036,,,
279,2026-05-21,SH601377,0.02145436535403121,EXP_DEnsembleModel_Alpha158_csi300_custom_step0_s_20260521_16,9a7904693a6c454d87fba758511b42d8,0.036,,,
280,2026-05-21,SH601100,-0.05052567645907402,EXP_LinearModel_Alpha158_csi300_custom_step0_s_20260521_15,d1a518bbb39c4c3292e21c8e4b604b95,0.097,,,
281,2026-05-21,SH601117,-0.00280933640897274,EXP_LinearModel_Alpha158_csi300_custom_step0_s_20260521_15,d1a518bbb39c4c3292e21c8e4b604b95,0.097,,,
282,2026-05-21,SZ300274,-0.08691363036632538,EXP_LinearModel_Alpha158_csi300_custom_step0_s_20260521_15,d1a518bbb39c4c3292e21c8e4b604b95,0.097,,,
283,2026-05-21,SZ300308,0.06467115134000778,EXP_LinearModel_Alpha158_csi300_custom_step0_s_20260521_15,d1a518bbb39c4c3292e21c8e4b604b95,0.097,,,
284,2026-05-21,SZ300316,0.02270720899105072,EXP_LinearModel_Alpha158_csi300_custom_step0_s_20260521_15,d1a518bbb39c4c3292e21c8e4b604b95,0.097,,,
285,2026-05-21,SZ300347,-0.03396684303879738,EXP_LinearModel_Alpha158_csi300_custom_step0_s_20260521_15,d1a518bbb39c4c3292e21c8e4b604b95,0.097,,,
286,2026-05-21,SZ300394,0.04339376464486122,EXP_LinearModel_Alpha158_csi300_custom_step0_s_20260521_15,d1a518bbb39c4c3292e21c8e4b604b95,0.097,,,
287,2026-05-21,SZ300408,-0.18157345056533813,EXP_LinearModel_Alpha158_csi300_custom_step0_s_20260521_15,d1a518bbb39c4c3292e21c8e4b604b95,0.097,,,
288,2026-05-21,SZ300413,-0.04293648526072502,EXP_LinearModel_Alpha158_csi300_custom_step0_s_20260521_15,d1a518bbb39c4c3292e21c8e4b604b95,0.097,,,
289,2026-05-21,SZ300418,-0.0730069950222969,EXP_LinearModel_Alpha158_csi300_custom_step0_s_20260521_15,d1a518bbb39c4c3292e21c8e4b604b95,0.097,,,
290,2026-05-21,SZ300433,-0.007926524616777897,EXP_LinearModel_Alpha158_csi300_custom_step0_s_20260521_15,d1a518bbb39c4c3292e21c8e4b604b95,0.097,,,
291,2026-05-21,SZ300442,,EXP_LinearModel_Alpha158_csi300_custom_step0_s_20260521_15,d1a518bbb39c4c3292e21c8e4b604b95,0.097,,,
292,2026-05-21,SZ300476,0.041384730488061905,EXP_LinearModel_Alpha158_csi300_custom_step0_s_20260521_15,d1a518bbb39c4c3292e21c8e4b604b95,0.097,,,
293,2026-05-21,SZ300498,-0.026174573227763176,EXP_LinearModel_Alpha158_csi300_custom_step0_s_20260521_15,d1a518bbb39c4c3292e21c8e4b604b95,0.097,,,
294,2026-05-21,SZ300502,-0.002502231393009424,EXP_LinearModel_Alpha158_csi300_custom_step0_s_20260521_15,d1a518bbb39c4c3292e21c8e4b604b95,0.097,,,
295,2026-05-21,SZ300628,0.010403098538517952,EXP_LinearModel_Alpha158_csi300_custom_step0_s_20260521_15,d1a518bbb39c4c3292e21c8e4b604b95,0.097,,,
296,2026-05-21,SZ300661,-0.027862483635544777,EXP_LinearModel_Alpha158_csi300_custom_step0_s_20260521_15,d1a518bbb39c4c3292e21c8e4b604b95,0.097,,,
297,2026-05-21,SZ300750,-0.013077300041913986,EXP_LinearModel_Alpha158_csi300_custom_step0_s_20260521_15,d1a518bbb39c4c3292e21c8e4b604b95,0.097,,,
298,2026-05-21,SZ300759,-0.05145404487848282,EXP_LinearModel_Alpha158_csi300_custom_step0_s_20260521_15,d1a518bbb39c4c3292e21c8e4b604b95,0.097,,,
299,2026-05-21,SH600010,-0.0668502002954483,EXP_LinearModel_Alpha158_csi300_custom_step0_s_20260521_15,e0e0fe7aefed4ad8a1b89f561b844988,0.115,,,
300,2026-05-21,SH600009,-0.013598283752799034,EXP_LinearModel_Alpha158_csi300_custom_step0_s_20260521_15,e0e0fe7aefed4ad8a1b89f561b844988,0.115,,,
301,2026-05-21,SH600000,-0.001545836916193366,EXP_LinearModel_Alpha158_csi300_custom_step0_s_20260521_15,e0e0fe7aefed4ad8a1b89f561b844988,0.115,,,
302,2026-05-21,SZ302132,-0.01348104327917099,EXP_LinearModel_Alpha158_csi300_custom_step0_s_20260521_15,d1a518bbb39c4c3292e21c8e4b604b95,0.097,,,
303,2026-05-21,SZ301269,-0.07396836578845978,EXP_LinearModel_Alpha158_csi300_custom_step0_s_20260521_15,d1a518bbb39c4c3292e21c8e4b604b95,0.097,,,
304,2026-05-21,SZ301236,-0.04093483090400696,EXP_LinearModel_Alpha158_csi300_custom_step0_s_20260521_15,d1a518bbb39c4c3292e21c8e4b604b95,0.097,,,
305,2026-05-21,SZ300251,-0.11909593641757965,EXP_LinearModel_Alpha158_csi300_custom_step0_s_20260521_15,d1a518bbb39c4c3292e21c8e4b604b95,0.097,,,
306,2026-05-21,SZ300999,-0.06122549995779991,EXP_LinearModel_Alpha158_csi300_custom_step0_s_20260521_15,d1a518bbb39c4c3292e21c8e4b604b95,0.097,,,
307,2026-05-21,SZ300896,-0.0468442440032959,EXP_LinearModel_Alpha158_csi300_custom_step0_s_20260521_15,d1a518bbb39c4c3292e21c8e4b604b95,0.097,,,
308,2026-05-21,SZ300866,-0.0011561836581677198,EXP_LinearModel_Alpha158_csi300_custom_step0_s_20260521_15,d1a518bbb39c4c3292e21c8e4b604b95,0.097,,,
309,2026-05-21,SZ300832,-0.05342307314276695,EXP_LinearModel_Alpha158_csi300_custom_step0_s_20260521_15,d1a518bbb39c4c3292e21c8e4b604b95,0.097,,,
310,2026-05-21,SZ300803,-0.08469560742378235,EXP_LinearModel_Alpha158_csi300_custom_step0_s_20260521_15,d1a518bbb39c4c3292e21c8e4b604b95,0.097,,,
311,2026-05-21,SZ300782,0.12569691240787506,EXP_LinearModel_Alpha158_csi300_custom_step0_s_20260521_15,d1a518bbb39c4c3292e21c8e4b604b95,0.097,,,
312,2026-05-21,SZ300760,-0.0987129881978035,EXP_LinearModel_Alpha158_csi300_custom_step0_s_20260521_15,d1a518bbb39c4c3292e21c8e4b604b95,0.097,,,
313,2026-05-21,SZ300979,0.05817175284028053,EXP_LinearModel_Alpha158_csi300_custom_step0_s_20260521_15,d1a518bbb39c4c3292e21c8e4b604b95,0.097,,,
314,2026-05-21,SH600011,-0.02226860821247101,EXP_LinearModel_Alpha158_csi300_custom_step0_s_20260521_15,e0e0fe7aefed4ad8a1b89f561b844988,0.115,,,
315,2026-05-21,SZ300124,-0.029077690094709396,EXP_LinearModel_Alpha158_csi300_custom_step0_s_20260521_15,d1a518bbb39c4c3292e21c8e4b604b95,0.097,,,
316,2026-05-21,SZ300059,-0.05755094066262245,EXP_LinearModel_Alpha158_csi300_custom_step0_s_20260521_15,d1a518bbb39c4c3292e21c8e4b604b95,0.097,,,
317,2026-05-21,SZ002236,0.0071075535379350185,EXP_LinearModel_Alpha158_csi300_custom_step0_s_20260521_15,d1a518bbb39c4c3292e21c8e4b604b95,0.097,,,
318,2026-05-21,SZ002241,0.02000805363059044,EXP_LinearModel_Alpha158_csi300_custom_step0_s_20260521_15,d1a518bbb39c4c3292e21c8e4b604b95,0.097,,,
319,2026-05-21,SZ002252,0.0057174088433384895,EXP_LinearModel_Alpha158_csi300_custom_step0_s_20260521_15,d1a518bbb39c4c3292e21c8e4b604b95,0.097,,,
320,2026-05-21,SZ002304,-0.050024084746837616,EXP_LinearModel_Alpha158_csi300_custom_step0_s_20260521_15,d1a518bbb39c4c3292e21c8e4b604b95,0.097,,,
321,2026-05-21,SZ002311,-0.03495822101831436,EXP_LinearModel_Alpha158_csi300_custom_step0_s_20260521_15,d1a518bbb39c4c3292e21c8e4b604b95,0.097,,,
322,2026-05-21,SZ002352,-0.05677502974867821,EXP_LinearModel_Alpha158_csi300_custom_step0_s_20260521_15,d1a518bbb39c4c3292e21c8e4b604b95,0.097,,,
323,2026-05-21,SZ002371,-0.17989732325077057,EXP_LinearModel_Alpha158_csi300_custom_step0_s_20260521_15,d1a518bbb39c4c3292e21c8e4b604b95,0.097,,,
324,2026-05-21,SZ002384,-0.046328749507665634,EXP_LinearModel_Alpha158_csi300_custom_step0_s_20260521_15,d1a518bbb39c4c3292e21c8e4b604b95,0.097,,,
325,2026-05-21,SZ002415,0.007499562576413155,EXP_LinearModel_Alpha158_csi300_custom_step0_s_20260521_15,d1a518bbb39c4c3292e21c8e4b604b95,0.097,,,
326,2026-05-21,SZ002422,-0.005534127354621887,EXP_LinearModel_Alpha158_csi300_custom_step0_s_20260521_15,d1a518bbb39c4c3292e21c8e4b604b95,0.097,,,
327,2026-05-21,SZ002459,0.034773025661706924,EXP_LinearModel_Alpha158_csi300_custom_step0_s_20260521_15,d1a518bbb39c4c3292e21c8e4b604b95,0.097,,,
328,2026-05-21,SZ002460,0.016028063371777534,EXP_LinearModel_Alpha158_csi300_custom_step0_s_20260521_15,d1a518bbb39c4c3292e21c8e4b604b95,0.097,,,
329,2026-05-21,SZ002463,-0.021802866831421852,EXP_LinearModel_Alpha158_csi300_custom_step0_s_20260521_15,d1a518bbb39c4c3292e21c8e4b604b95,0.097,,,
330,2026-05-21,SZ002466,0.029766591265797615,EXP_LinearModel_Alpha158_csi300_custom_step0_s_20260521_15,d1a518bbb39c4c3292e21c8e4b604b95,0.097,,,
331,2026-05-21,SZ002475,-0.02986665815114975,EXP_LinearModel_Alpha158_csi300_custom_step0_s_20260521_15,d1a518bbb39c4c3292e21c8e4b604b95,0.097,,,
332,2026-05-21,SZ002493,0.027035808190703392,EXP_LinearModel_Alpha158_csi300_custom_step0_s_20260521_15,d1a518bbb39c4c3292e21c8e4b604b95,0.097,,,
333,2026-05-21,SZ002594,-0.05399706959724426,EXP_LinearModel_Alpha158_csi300_custom_step0_s_20260521_15,d1a518bbb39c4c3292e21c8e4b604b95,0.097,,,
334,2026-05-21,SZ300033,-0.05485372245311737,EXP_LinearModel_Alpha158_csi300_custom_step0_s_20260521_15,d1a518bbb39c4c3292e21c8e4b604b95,0.097,,,
335,2026-05-21,SZ300015,-0.018962474539875984,EXP_LinearModel_Alpha158_csi300_custom_step0_s_20260521_15,d1a518bbb39c4c3292e21c8e4b604b95,0.097,,,
336,2026-05-21,SZ300014,-0.038803596049547195,EXP_LinearModel_Alpha158_csi300_custom_step0_s_20260521_15,d1a518bbb39c4c3292e21c8e4b604b95,0.097,,,
337,2026-05-21,SZ003816,0.02749355137348175,EXP_LinearModel_Alpha158_csi300_custom_step0_s_20260521_15,d1a518bbb39c4c3292e21c8e4b604b95,0.097,,,
338,2026-05-21,SZ002938,-0.1346285343170166,EXP_LinearModel_Alpha158_csi300_custom_step0_s_20260521_15,d1a518bbb39c4c3292e21c8e4b604b95,0.097,,,
339,2026-05-21,SZ002920,0.07160994410514832,EXP_LinearModel_Alpha158_csi300_custom_step0_s_20260521_15,d1a518bbb39c4c3292e21c8e4b604b95,0.097,,,
340,2026-05-21,SZ300122,-0.07547196000814438,EXP_LinearModel_Alpha158_csi300_custom_step0_s_20260521_15,d1a518bbb39c4c3292e21c8e4b604b95,0.097,,,
341,2026-05-21,SZ002916,-0.10607803612947464,EXP_LinearModel_Alpha158_csi300_custom_step0_s_20260521_15,d1a518bbb39c4c3292e21c8e4b604b95,0.097,,,
342,2026-05-21,SZ002714,-0.03794023022055626,EXP_LinearModel_Alpha158_csi300_custom_step0_s_20260521_15,d1a518bbb39c4c3292e21c8e4b604b95,0.097,,,
343,2026-05-21,SZ002709,-0.038048744201660156,EXP_LinearModel_Alpha158_csi300_custom_step0_s_20260521_15,d1a518bbb39c4c3292e21c8e4b604b95,0.097,,,
344,2026-05-21,SZ002648,-0.012487705796957016,EXP_LinearModel_Alpha158_csi300_custom_step0_s_20260521_15,d1a518bbb39c4c3292e21c8e4b604b95,0.097,,,
345,2026-05-21,SZ002625,-0.04705386981368065,EXP_LinearModel_Alpha158_csi300_custom_step0_s_20260521_15,d1a518bbb39c4c3292e21c8e4b604b95,0.097,,,
346,2026-05-21,SZ002601,0.021233290433883667,EXP_LinearModel_Alpha158_csi300_custom_step0_s_20260521_15,d1a518bbb39c4c3292e21c8e4b604b95,0.097,,,
347,2026-05-21,SZ002600,0.04158597066998482,EXP_LinearModel_Alpha158_csi300_custom_step0_s_20260521_15,d1a518bbb39c4c3292e21c8e4b604b95,0.097,,,
348,2026-05-21,SZ002736,-0.032149992883205414,EXP_LinearModel_Alpha158_csi300_custom_step0_s_20260521_15,d1a518bbb39c4c3292e21c8e4b604b95,0.097,,,
349,2026-05-21,SZ002230,-0.06577763706445694,EXP_LinearModel_Alpha158_csi300_custom_step0_s_20260521_15,d1a518bbb39c4c3292e21c8e4b604b95,0.097,,,
350,2026-05-21,SH600015,0.01409472431987524,EXP_LinearModel_Alpha158_csi300_custom_step0_s_20260521_15,e0e0fe7aefed4ad8a1b89f561b844988,0.115,,,
351,2026-05-21,SH600018,0.09751533716917038,EXP_LinearModel_Alpha158_csi300_custom_step0_s_20260521_15,e0e0fe7aefed4ad8a1b89f561b844988,0.115,,,
352,2026-05-21,SH600406,-0.07766272872686386,EXP_LinearModel_Alpha158_csi300_custom_step0_s_20260521_15,e0e0fe7aefed4ad8a1b89f561b844988,0.115,,,
353,2026-05-21,SH600415,-0.053055595606565475,EXP_LinearModel_Alpha158_csi300_custom_step0_s_20260521_15,e0e0fe7aefed4ad8a1b89f561b844988,0.115,,,
354,2026-05-21,SH600426,0.039030853658914566,EXP_LinearModel_Alpha158_csi300_custom_step0_s_20260521_15,e0e0fe7aefed4ad8a1b89f561b844988,0.115,,,
355,2026-05-21,SH600436,-0.04335975646972656,EXP_LinearModel_Alpha158_csi300_custom_step0_s_20260521_15,e0e0fe7aefed4ad8a1b89f561b844988,0.115,,,
356,2026-05-21,SH600438,0.1019284799695015,EXP_LinearModel_Alpha158_csi300_custom_step0_s_20260521_15,e0e0fe7aefed4ad8a1b89f561b844988,0.115,,,
357,2026-05-21,SH600460,0.04406450316309929,EXP_LinearModel_Alpha158_csi300_custom_step0_s_20260521_15,e0e0fe7aefed4ad8a1b89f561b844988,0.115,,,
358,2026-05-21,SH600482,0.03273874521255493,EXP_LinearModel_Alpha158_csi300_custom_step0_s_20260521_15,e0e0fe7aefed4ad8a1b89f561b844988,0.115,,,
359,2026-05-21,SH600489,0.013048631139099598,EXP_LinearModel_Alpha158_csi300_custom_step0_s_20260521_15,e0e0fe7aefed4ad8a1b89f561b844988,0.115,,,
360,2026-05-21,SH600515,-0.0554363951086998,EXP_LinearModel_Alpha158_csi300_custom_step0_s_20260521_15,e0e0fe7aefed4ad8a1b89f561b844988,0.115,,,
361,2026-05-21,SH600519,-0.02251417376101017,EXP_LinearModel_Alpha158_csi300_custom_step0_s_20260521_15,e0e0fe7aefed4ad8a1b89f561b844988,0.115,,,
362,2026-05-21,SH600522,0.1386655867099762,EXP_LinearModel_Alpha158_csi300_custom_step0_s_20260521_15,e0e0fe7aefed4ad8a1b89f561b844988,0.115,,,
363,2026-05-21,SH600547,-0.014401894994080067,EXP_LinearModel_Alpha158_csi300_custom_step0_s_20260521_15,e0e0fe7aefed4ad8a1b89f561b844988,0.115,,,
364,2026-05-21,SH600570,-0.0035499599762260914,EXP_LinearModel_Alpha158_csi300_custom_step0_s_20260521_15,e0e0fe7aefed4ad8a1b89f561b844988,0.115,,,
365,2026-05-21,SH600584,-0.11907625198364258,EXP_LinearModel_Alpha158_csi300_custom_step0_s_20260521_15,e0e0fe7aefed4ad8a1b89f561b844988,0.115,,,
366,2026-05-21,SH600585,-0.08032561838626862,EXP_LinearModel_Alpha158_csi300_custom_step0_s_20260521_15,e0e0fe7aefed4ad8a1b89f561b844988,0.115,,,
367,2026-05-21,SH600588,-0.023085810244083405,EXP_LinearModel_Alpha158_csi300_custom_step0_s_20260521_15,e0e0fe7aefed4ad8a1b89f561b844988,0.115,,,
368,2026-05-21,SH600600,-0.0757514238357544,EXP_LinearModel_Alpha158_csi300_custom_step0_s_20260521_15,e0e0fe7aefed4ad8a1b89f561b844988,0.115,,,
369,2026-05-21,SH600900,-0.025122303515672684,EXP_LinearModel_Alpha158_csi300_custom_step0_s_20260521_15,e0e0fe7aefed4ad8a1b89f561b844988,0.115,,,
370,2026-05-21,SH600893,-0.039608974009752274,EXP_LinearModel_Alpha158_csi300_custom_step0_s_20260521_15,e0e0fe7aefed4ad8a1b89f561b844988,0.115,,,
371,2026-05-21,SH600887,0.018643252551555634,EXP_LinearModel_Alpha158_csi300_custom_step0_s_20260521_15,e0e0fe7aefed4ad8a1b89f561b844988,0.115,,,
372,2026-05-21,SH600886,0.03689176216721535,EXP_LinearModel_Alpha158_csi300_custom_step0_s_20260521_15,e0e0fe7aefed4ad8a1b89f561b844988,0.115,,,
373,2026-05-21,SH600875,0.018773913383483887,EXP_LinearModel_Alpha158_csi300_custom_step0_s_20260521_15,e0e0fe7aefed4ad8a1b89f561b844988,0.115,,,
374,2026-05-21,SH600845,-0.011465304531157017,EXP_LinearModel_Alpha158_csi300_custom_step0_s_20260521_15,e0e0fe7aefed4ad8a1b89f561b844988,0.115,,,
375,2026-05-21,SH600377,0.06070598214864731,EXP_LinearModel_Alpha158_csi300_custom_step0_s_20260521_15,e0e0fe7aefed4ad8a1b89f561b844988,0.115,,,
376,2026-05-21,SH600809,-0.03755014017224312,EXP_LinearModel_Alpha158_csi300_custom_step0_s_20260521_15,e0e0fe7aefed4ad8a1b89f561b844988,0.115,,,
377,2026-05-21,SH600795,-0.015687154605984688,EXP_LinearModel_Alpha158_csi300_custom_step0_s_20260521_15,e0e0fe7aefed4ad8a1b89f561b844988,0.115,,,
378,2026-05-21,SH600760,-0.10116931796073914,EXP_LinearModel_Alpha158_csi300_custom_step0_s_20260521_15,e0e0fe7aefed4ad8a1b89f561b844988,0.115,,,
379,2026-05-21,SH600741,-0.04447390139102936,EXP_LinearModel_Alpha158_csi300_custom_step0_s_20260521_15,e0e0fe7aefed4ad8a1b89f561b844988,0.115,,,
380,2026-05-21,SH600690,-0.053613532334566116,EXP_LinearModel_Alpha158_csi300_custom_step0_s_20260521_15,e0e0fe7aefed4ad8a1b89f561b844988,0.115,,,
381,2026-05-21,SH600674,-0.0004986058920621872,EXP_LinearModel_Alpha158_csi300_custom_step0_s_20260521_15,e0e0fe7aefed4ad8a1b89f561b844988,0.115,,,
382,2026-05-21,SH600660,-0.03549043461680412,EXP_LinearModel_Alpha158_csi300_custom_step0_s_20260521_15,e0e0fe7aefed4ad8a1b89f561b844988,0.115,,,
383,2026-05-21,SH600803,-0.022907759994268417,EXP_LinearModel_Alpha158_csi300_custom_step0_s_20260521_15,e0e0fe7aefed4ad8a1b89f561b844988,0.115,,,
384,2026-05-21,SH600016,0.032018110156059265,EXP_LinearModel_Alpha158_csi300_custom_step0_s_20260521_15,e0e0fe7aefed4ad8a1b89f561b844988,0.115,,,
385,2026-05-21,SH600372,-0.07763245701789856,EXP_LinearModel_Alpha158_csi300_custom_step0_s_20260521_15,e0e0fe7aefed4ad8a1b89f561b844988,0.115,,,
386,2026-05-21,SH600346,-0.008995959535241127,EXP_LinearModel_Alpha158_csi300_custom_step0_s_20260521_15,e0e0fe7aefed4ad8a1b89f561b844988,0.115,,,
387,2026-05-21,SH600019,0.012808374129235744,EXP_LinearModel_Alpha158_csi300_custom_step0_s_20260521_15,e0e0fe7aefed4ad8a1b89f561b844988,0.115,,,
388,2026-05-21,SH600023,0.05351285636425018,EXP_LinearModel_Alpha158_csi300_custom_step0_s_20260521_15,e0e0fe7aefed4ad8a1b89f561b844988,0.115,,,
389,2026-05-21,SH600025,0.0374770425260067,EXP_LinearModel_Alpha158_csi300_custom_step0_s_20260521_15,e0e0fe7aefed4ad8a1b89f561b844988,0.115,,,
390,2026-05-21,SH600026,0.023857345804572105,EXP_LinearModel_Alpha158_csi300_custom_step0_s_20260521_15,e0e0fe7aefed4ad8a1b89f561b844988,0.115,,,
391,2026-05-21,SH600027,0.012680232524871826,EXP_LinearModel_Alpha158_csi300_custom_step0_s_20260521_15,e0e0fe7aefed4ad8a1b89f561b844988,0.115,,,
392,2026-05-21,SH600028,-0.15196308493614197,EXP_LinearModel_Alpha158_csi300_custom_step0_s_20260521_15,e0e0fe7aefed4ad8a1b89f561b844988,0.115,,,
393,2026-05-21,SH600029,-0.1096363440155983,EXP_LinearModel_Alpha158_csi300_custom_step0_s_20260521_15,e0e0fe7aefed4ad8a1b89f561b844988,0.115,,,
394,2026-05-21,SH600030,0.002756378846243024,EXP_LinearModel_Alpha158_csi300_custom_step0_s_20260521_15,e0e0fe7aefed4ad8a1b89f561b844988,0.115,,,
395,2026-05-21,SH600031,-0.04968017712235451,EXP_LinearModel_Alpha158_csi300_custom_step0_s_20260521_15,e0e0fe7aefed4ad8a1b89f561b844988,0.115,,,
396,2026-05-21,SH600036,-0.060586970299482346,EXP_LinearModel_Alpha158_csi300_custom_step0_s_20260521_15,e0e0fe7aefed4ad8a1b89f561b844988,0.115,,,
397,2026-05-21,SH600039,0.21341966092586517,EXP_LinearModel_Alpha158_csi300_custom_step0_s_20260521_15,e0e0fe7aefed4ad8a1b89f561b844988,0.115,,,
398,2026-05-21,SH600048,-0.03160114586353302,EXP_LinearModel_Alpha158_csi300_custom_step0_s_20260521_15,e0e0fe7aefed4ad8a1b89f561b844988,0.115,,,
399,2026-05-21,SH600050,0.02755804732441902,EXP_LinearModel_Alpha158_csi300_custom_step0_s_20260521_15,e0e0fe7aefed4ad8a1b89f561b844988,0.115,,,
400,2026-05-21,SH600061,0.023584691807627678,EXP_LinearModel_Alpha158_csi300_custom_step0_s_20260521_15,e0e0fe7aefed4ad8a1b89f561b844988,0.115,,,
401,2026-05-21,SH600066,-0.01915563829243183,EXP_LinearModel_Alpha158_csi300_custom_step0_s_20260521_15,e0e0fe7aefed4ad8a1b89f561b844988,0.115,,,
402,2026-05-21,SH600085,-0.024032019078731537,EXP_LinearModel_Alpha158_csi300_custom_step0_s_20260521_15,e0e0fe7aefed4ad8a1b89f561b844988,0.115,,,
403,2026-05-21,SH600089,-0.06511056423187256,EXP_LinearModel_Alpha158_csi300_custom_step0_s_20260521_15,e0e0fe7aefed4ad8a1b89f561b844988,0.115,,,
404,2026-05-21,SH600309,-0.040672387927770615,EXP_LinearModel_Alpha158_csi300_custom_step0_s_20260521_15,e0e0fe7aefed4ad8a1b89f561b844988,0.115,,,
405,2026-05-21,SH600276,-0.08980441093444824,EXP_LinearModel_Alpha158_csi300_custom_step0_s_20260521_15,e0e0fe7aefed4ad8a1b89f561b844988,0.115,,,
406,2026-05-21,SH600233,0.006879904307425022,EXP_LinearModel_Alpha158_csi300_custom_step0_s_20260521_15,e0e0fe7aefed4ad8a1b89f561b844988,0.115,,,
407,2026-05-21,SH600219,0.08451766520738602,EXP_LinearModel_Alpha158_csi300_custom_step0_s_20260521_15,e0e0fe7aefed4ad8a1b89f561b844988,0.115,,,
408,2026-05-21,SH600196,-0.1128142923116684,EXP_LinearModel_Alpha158_csi300_custom_step0_s_20260521_15,e0e0fe7aefed4ad8a1b89f561b844988,0.115,,,
409,2026-05-21,SH600188,0.013256918638944626,EXP_LinearModel_Alpha158_csi300_custom_step0_s_20260521_15,e0e0fe7aefed4ad8a1b89f561b844988,0.115,,,
410,2026-05-21,SH600362,-0.048721373081207275,EXP_LinearModel_Alpha158_csi300_custom_step0_s_20260521_15,e0e0fe7aefed4ad8a1b89f561b844988,0.115,,,
411,2026-05-21,SH600183,-0.04456530511379242,EXP_LinearModel_Alpha158_csi300_custom_step0_s_20260521_15,e0e0fe7aefed4ad8a1b89f561b844988,0.115,,,
412,2026-05-21,SH600161,-0.04428604990243912,EXP_LinearModel_Alpha158_csi300_custom_step0_s_20260521_15,e0e0fe7aefed4ad8a1b89f561b844988,0.115,,,
413,2026-05-21,SH600160,-0.030609767884016037,EXP_LinearModel_Alpha158_csi300_custom_step0_s_20260521_15,e0e0fe7aefed4ad8a1b89f561b844988,0.115,,,
414,2026-05-21,SH600150,0.014913078397512436,EXP_LinearModel_Alpha158_csi300_custom_step0_s_20260521_15,e0e0fe7aefed4ad8a1b89f561b844988,0.115,,,
415,2026-05-21,SH600115,-0.10553499311208725,EXP_LinearModel_Alpha158_csi300_custom_step0_s_20260521_15,e0e0fe7aefed4ad8a1b89f561b844988,0.115,,,
416,2026-05-21,SH600111,-0.03031034581363201,EXP_LinearModel_Alpha158_csi300_custom_step0_s_20260521_15,e0e0fe7aefed4ad8a1b89f561b844988,0.115,,,
417,2026-05-21,SH600104,-0.020356131717562675,EXP_LinearModel_Alpha158_csi300_custom_step0_s_20260521_15,e0e0fe7aefed4ad8a1b89f561b844988,0.115,,,
418,2026-05-21,SH600176,-0.023688288405537605,EXP_LinearModel_Alpha158_csi300_custom_step0_s_20260521_15,e0e0fe7aefed4ad8a1b89f561b844988,0.115,,,
419,2026-05-21,SZ002179,0.04850570857524872,EXP_LinearModel_Alpha158_csi300_custom_step0_s_20260521_15,d1a518bbb39c4c3292e21c8e4b604b95,0.097,,,
420,2026-05-21,SZ002142,-0.01067839190363884,EXP_LinearModel_Alpha158_csi300_custom_step0_s_20260521_15,d1a518bbb39c4c3292e21c8e4b604b95,0.097,,,
421,2026-05-21,SZ002074,-0.02996315434575081,EXP_LinearModel_Alpha158_csi300_custom_step0_s_20260521_15,d1a518bbb39c4c3292e21c8e4b604b95,0.097,,,
422,2026-05-21,SH601766,-0.044286228716373444,EXP_LinearModel_Alpha158_csi300_custom_step0_s_20260521_15,d1a518bbb39c4c3292e21c8e4b604b95,0.097,,,
423,2026-05-21,SH601788,-0.04816261678934097,EXP_LinearModel_Alpha158_csi300_custom_step0_s_20260521_15,d1a518bbb39c4c3292e21c8e4b604b95,0.097,,,
424,2026-05-21,SH601800,-0.030166395008563995,EXP_LinearModel_Alpha158_csi300_custom_step0_s_20260521_15,d1a518bbb39c4c3292e21c8e4b604b95,0.097,,,
425,2026-05-21,SH601808,0.03917475789785385,EXP_LinearModel_Alpha158_csi300_custom_step0_s_20260521_15,d1a518bbb39c4c3292e21c8e4b604b95,0.097,,,
426,2026-05-21,SH601816,-0.01005067490041256,EXP_LinearModel_Alpha158_csi300_custom_step0_s_20260521_15,d1a518bbb39c4c3292e21c8e4b604b95,0.097,,,
427,2026-05-21,SH601818,0.12494136393070221,EXP_LinearModel_Alpha158_csi300_custom_step0_s_20260521_15,d1a518bbb39c4c3292e21c8e4b604b95,0.097,,,
428,2026-05-21,SH601825,0.028556304052472115,EXP_LinearModel_Alpha158_csi300_custom_step0_s_20260521_15,d1a518bbb39c4c3292e21c8e4b604b95,0.097,,,
429,2026-05-21,SH601838,0.013358993455767632,EXP_LinearModel_Alpha158_csi300_custom_step0_s_20260521_15,d1a518bbb39c4c3292e21c8e4b604b95,0.097,,,
430,2026-05-21,SH601857,0.008431706577539444,EXP_LinearModel_Alpha158_csi300_custom_step0_s_20260521_15,d1a518bbb39c4c3292e21c8e4b604b95,0.097,,,
431,2026-05-21,SH601868,-0.02457837574183941,EXP_LinearModel_Alpha158_csi300_custom_step0_s_20260521_15,d1a518bbb39c4c3292e21c8e4b604b95,0.097,,,
432,2026-05-21,SH601872,-0.006286537274718285,EXP_LinearModel_Alpha158_csi300_custom_step0_s_20260521_15,d1a518bbb39c4c3292e21c8e4b604b95,0.097,,,
433,2026-05-21,SH601877,0.009865287691354752,EXP_LinearModel_Alpha158_csi300_custom_step0_s_20260521_15,d1a518bbb39c4c3292e21c8e4b604b95,0.097,,,
434,2026-05-21,SH601878,-0.02236611396074295,EXP_LinearModel_Alpha158_csi300_custom_step0_s_20260521_15,d1a518bbb39c4c3292e21c8e4b604b95,0.097,,,
435,2026-05-21,SH601881,-0.03230292722582817,EXP_LinearModel_Alpha158_csi300_custom_step0_s_20260521_15,d1a518bbb39c4c3292e21c8e4b604b95,0.097,,,
436,2026-05-21,SH601888,-0.03895135223865509,EXP_LinearModel_Alpha158_csi300_custom_step0_s_20260521_15,d1a518bbb39c4c3292e21c8e4b604b95,0.097,,,
437,2026-05-21,SH601898,0.014997030608355999,EXP_LinearModel_Alpha158_csi300_custom_step0_s_20260521_15,d1a518bbb39c4c3292e21c8e4b604b95,0.097,,,
438,2026-05-21,SH601899,-0.01142231747508049,EXP_LinearModel_Alpha158_csi300_custom_step0_s_20260521_15,d1a518bbb39c4c3292e21c8e4b604b95,0.097,,,
439,2026-05-21,SH603296,0.022936634719371796,EXP_LinearModel_Alpha158_csi300_custom_step0_s_20260521_15,d1a518bbb39c4c3292e21c8e4b604b95,0.097,,,
440,2026-05-21,SH603288,-0.07250894606113434,EXP_LinearModel_Alpha158_csi300_custom_step0_s_20260521_15,d1a518bbb39c4c3292e21c8e4b604b95,0.097,,,
441,2026-05-21,SH603260,-0.002598006743937731,EXP_LinearModel_Alpha158_csi300_custom_step0_s_20260521_15,d1a518bbb39c4c3292e21c8e4b604b95,0.097,,,
442,2026-05-21,SH603259,-0.010209173895418644,EXP_LinearModel_Alpha158_csi300_custom_step0_s_20260521_15,d1a518bbb39c4c3292e21c8e4b604b95,0.097,,,
443,2026-05-21,SH603195,0.0390910878777504,EXP_LinearModel_Alpha158_csi300_custom_step0_s_20260521_15,d1a518bbb39c4c3292e21c8e4b604b95,0.097,,,
444,2026-05-21,SH603019,0.05726908519864082,EXP_LinearModel_Alpha158_csi300_custom_step0_s_20260521_15,d1a518bbb39c4c3292e21c8e4b604b95,0.097,,,
445,2026-05-21,SH601728,-0.044078461825847626,EXP_LinearModel_Alpha158_csi300_custom_step0_s_20260521_15,d1a518bbb39c4c3292e21c8e4b604b95,0.097,,,
446,2026-05-21,SH601998,-0.027734169736504555,EXP_LinearModel_Alpha158_csi300_custom_step0_s_20260521_15,d1a518bbb39c4c3292e21c8e4b604b95,0.097,,,
447,2026-05-21,SH601988,0.025070538744330406,EXP_LinearModel_Alpha158_csi300_custom_step0_s_20260521_15,d1a518bbb39c4c3292e21c8e4b604b95,0.097,,,
448,2026-05-21,SH601985,-0.010782252997159958,EXP_LinearModel_Alpha158_csi300_custom_step0_s_20260521_15,d1a518bbb39c4c3292e21c8e4b604b95,0.097,,,
449,2026-05-21,SH601939,0.02237085998058319,EXP_LinearModel_Alpha158_csi300_custom_step0_s_20260521_15,d1a518bbb39c4c3292e21c8e4b604b95,0.097,,,
450,2026-05-21,SH601919,-0.0045639220625162125,EXP_LinearModel_Alpha158_csi300_custom_step0_s_20260521_15,d1a518bbb39c4c3292e21c8e4b604b95,0.097,,,
451,2026-05-21,SH601916,0.08020113408565521,EXP_LinearModel_Alpha158_csi300_custom_step0_s_20260521_15,d1a518bbb39c4c3292e21c8e4b604b95,0.097,,,
452,2026-05-21,SH601901,-0.034883271902799606,EXP_LinearModel_Alpha158_csi300_custom_step0_s_20260521_15,d1a518bbb39c4c3292e21c8e4b604b95,0.097,,,
453,2026-05-21,SH601995,0.05870285630226135,EXP_LinearModel_Alpha158_csi300_custom_step0_s_20260521_15,d1a518bbb39c4c3292e21c8e4b604b95,0.097,,,
454,2026-05-21,SH603369,-0.02662741020321846,EXP_LinearModel_Alpha158_csi300_custom_step0_s_20260521_15,d1a518bbb39c4c3292e21c8e4b604b95,0.097,,,
455,2026-05-21,SH601698,-0.018307050690054893,EXP_LinearModel_Alpha158_csi300_custom_step0_s_20260521_15,d1a518bbb39c4c3292e21c8e4b604b95,0.097,,,
456,2026-05-21,SH601688,-0.06432931870222092,EXP_LinearModel_Alpha158_csi300_custom_step0_s_20260521_15,d1a518bbb39c4c3292e21c8e4b604b95,0.097,,,
457,2026-05-21,SH601127,-0.036075420677661896,EXP_LinearModel_Alpha158_csi300_custom_step0_s_20260521_15,d1a518bbb39c4c3292e21c8e4b604b95,0.097,,,
458,2026-05-21,SH601136,-0.03527231141924858,EXP_LinearModel_Alpha158_csi300_custom_step0_s_20260521_15,d1a518bbb39c4c3292e21c8e4b604b95,0.097,,,
459,2026-05-21,SH601138,0.005244511179625988,EXP_LinearModel_Alpha158_csi300_custom_step0_s_20260521_15,d1a518bbb39c4c3292e21c8e4b604b95,0.097,,,
460,2026-05-21,SH601166,-0.04030241072177887,EXP_LinearModel_Alpha158_csi300_custom_step0_s_20260521_15,d1a518bbb39c4c3292e21c8e4b604b95,0.097,,,
461,2026-05-21,SH601169,0.03464532271027565,EXP_LinearModel_Alpha158_csi300_custom_step0_s_20260521_15,d1a518bbb39c4c3292e21c8e4b604b95,0.097,,,
462,2026-05-21,SH601186,0.04215821623802185,EXP_LinearModel_Alpha158_csi300_custom_step0_s_20260521_15,d1a518bbb39c4c3292e21c8e4b604b95,0.097,,,
463,2026-05-21,SH601211,-0.07798273861408234,EXP_LinearModel_Alpha158_csi300_custom_step0_s_20260521_15,d1a518bbb39c4c3292e21c8e4b604b95,0.097,,,
464,2026-05-21,SH601225,0.03915945068001747,EXP_LinearModel_Alpha158_csi300_custom_step0_s_20260521_15,d1a518bbb39c4c3292e21c8e4b604b95,0.097,,,
465,2026-05-21,SH601229,-0.04103917255997658,EXP_LinearModel_Alpha158_csi300_custom_step0_s_20260521_15,d1a518bbb39c4c3292e21c8e4b604b95,0.097,,,
466,2026-05-21,SH601236,-0.015147898346185684,EXP_LinearModel_Alpha158_csi300_custom_step0_s_20260521_15,d1a518bbb39c4c3292e21c8e4b604b95,0.097,,,
467,2026-05-21,SH601238,-0.014849450439214706,EXP_LinearModel_Alpha158_csi300_custom_step0_s_20260521_15,d1a518bbb39c4c3292e21c8e4b604b95,0.097,,,
468,2026-05-21,SH601288,-0.02318575792014599,EXP_LinearModel_Alpha158_csi300_custom_step0_s_20260521_15,d1a518bbb39c4c3292e21c8e4b604b95,0.097,,,
469,2026-05-21,SH601298,0.054274678230285645,EXP_LinearModel_Alpha158_csi300_custom_step0_s_20260521_15,d1a518bbb39c4c3292e21c8e4b604b95,0.097,,,
470,2026-05-21,SH601318,-0.03699462115764618,EXP_LinearModel_Alpha158_csi300_custom_step0_s_20260521_15,d1a518bbb39c4c3292e21c8e4b604b95,0.097,,,
471,2026-05-21,SH601319,-0.0033143209293484688,EXP_LinearModel_Alpha158_csi300_custom_step0_s_20260521_15,d1a518bbb39c4c3292e21c8e4b604b95,0.097,,,
472,2026-05-21,SH601328,-0.012860618531703949,EXP_LinearModel_Alpha158_csi300_custom_step0_s_20260521_15,d1a518bbb39c4c3292e21c8e4b604b95,0.097,,,
473,2026-05-21,SH601336,-0.08771578967571259,EXP_LinearModel_Alpha158_csi300_custom_step0_s_20260521_15,d1a518bbb39c4c3292e21c8e4b604b95,0.097,,,
474,2026-05-21,SH601669,-0.02506304159760475,EXP_LinearModel_Alpha158_csi300_custom_step0_s_20260521_15,d1a518bbb39c4c3292e21c8e4b604b95,0.097,,,
475,2026-05-21,SH601668,0.03220495209097862,EXP_LinearModel_Alpha158_csi300_custom_step0_s_20260521_15,d1a518bbb39c4c3292e21c8e4b604b95,0.097,,,
476,2026-05-21,SH601658,-0.03492574393749237,EXP_LinearModel_Alpha158_csi300_custom_step0_s_20260521_15,d1a518bbb39c4c3292e21c8e4b604b95,0.097,,,
477,2026-05-21,SH601633,-0.027686651796102524,EXP_LinearModel_Alpha158_csi300_custom_step0_s_20260521_15,d1a518bbb39c4c3292e21c8e4b604b95,0.097,,,
478,2026-05-21,SH601628,-0.09537170082330704,EXP_LinearModel_Alpha158_csi300_custom_step0_s_20260521_15,d1a518bbb39c4c3292e21c8e4b604b95,0.097,,,
479,2026-05-21,SH601618,0.07577762007713318,EXP_LinearModel_Alpha158_csi300_custom_step0_s_20260521_15,d1a518bbb39c4c3292e21c8e4b604b95,0.097,,,
480,2026-05-21,SH601689,-0.055425047874450684,EXP_LinearModel_Alpha158_csi300_custom_step0_s_20260521_15,d1a518bbb39c4c3292e21c8e4b604b95,0.097,,,
481,2026-05-21,SH601607,-0.01541798934340477,EXP_LinearModel_Alpha158_csi300_custom_step0_s_20260521_15,d1a518bbb39c4c3292e21c8e4b604b95,0.097,,,
482,2026-05-21,SH601600,0.013231530785560608,EXP_LinearModel_Alpha158_csi300_custom_step0_s_20260521_15,d1a518bbb39c4c3292e21c8e4b604b95,0.097,,,
483,2026-05-21,SH601456,0.02211984246969223,EXP_LinearModel_Alpha158_csi300_custom_step0_s_20260521_15,d1a518bbb39c4c3292e21c8e4b604b95,0.097,,,
484,2026-05-21,SH601398,-0.013985001482069492,EXP_LinearModel_Alpha158_csi300_custom_step0_s_20260521_15,d1a518bbb39c4c3292e21c8e4b604b95,0.097,,,
485,2026-05-21,SH601390,0.053622424602508545,EXP_LinearModel_Alpha158_csi300_custom_step0_s_20260521_15,d1a518bbb39c4c3292e21c8e4b604b95,0.097,,,
486,2026-05-21,SH601377,-0.02258872240781784,EXP_LinearModel_Alpha158_csi300_custom_step0_s_20260521_15,d1a518bbb39c4c3292e21c8e4b604b95,0.097,,,
487,2026-05-21,SH601360,-0.047321368008852005,EXP_LinearModel_Alpha158_csi300_custom_step0_s_20260521_15,d1a518bbb39c4c3292e21c8e4b604b95,0.097,,,
488,2026-05-21,SH601601,-0.04037368670105934,EXP_LinearModel_Alpha158_csi300_custom_step0_s_20260521_15,d1a518bbb39c4c3292e21c8e4b604b95,0.097,,,
489,2026-05-21,SH603392,-0.08190718293190002,EXP_LinearModel_Alpha158_csi300_custom_step0_s_20260521_15,d1a518bbb39c4c3292e21c8e4b604b95,0.097,,,
490,2026-05-21,SH603501,-0.03720850124955177,EXP_LinearModel_Alpha158_csi300_custom_step0_s_20260521_15,d1a518bbb39c4c3292e21c8e4b604b95,0.097,,,
491,2026-05-21,SH603799,-0.057970646768808365,EXP_LinearModel_Alpha158_csi300_custom_step0_s_20260521_15,d1a518bbb39c4c3292e21c8e4b604b95,0.097,,,
492,2026-05-21,SZ000568,-0.0633847787976265,EXP_LinearModel_Alpha158_csi300_custom_step0_s_20260521_15,d1a518bbb39c4c3292e21c8e4b604b95,0.097,,,
493,2026-05-21,SZ000596,-0.05313052982091904,EXP_LinearModel_Alpha158_csi300_custom_step0_s_20260521_15,d1a518bbb39c4c3292e21c8e4b604b95,0.097,,,
494,2026-05-21,SZ000617,-0.028835389763116837,EXP_LinearModel_Alpha158_csi300_custom_step0_s_20260521_15,d1a518bbb39c4c3292e21c8e4b604b95,0.097,,,
495,2026-05-21,SZ000625,-0.05192162096500397,EXP_LinearModel_Alpha158_csi300_custom_step0_s_20260521_15,d1a518bbb39c4c3292e21c8e4b604b95,0.097,,,
496,2026-05-21,SZ000630,0.032069627195596695,EXP_LinearModel_Alpha158_csi300_custom_step0_s_20260521_15,d1a518bbb39c4c3292e21c8e4b604b95,0.097,,,
497,2026-05-21,SZ000651,0.07954606413841248,EXP_LinearModel_Alpha158_csi300_custom_step0_s_20260521_15,d1a518bbb39c4c3292e21c8e4b604b95,0.097,,,
498,2026-05-21,SZ000661,-0.056080352514982224,EXP_LinearModel_Alpha158_csi300_custom_step0_s_20260521_15,d1a518bbb39c4c3292e21c8e4b604b95,0.097,,,
499,2026-05-21,SZ000708,0.01651819609105587,EXP_LinearModel_Alpha158_csi300_custom_step0_s_20260521_15,d1a518bbb39c4c3292e21c8e4b604b95,0.097,,,
500,2026-05-21,SZ000725,0.023620057851076126,EXP_LinearModel_Alpha158_csi300_custom_step0_s_20260521_15,d1a518bbb39c4c3292e21c8e4b604b95,0.097,,,
501,2026-05-21,SZ000768,-0.018214615061879158,EXP_LinearModel_Alpha158_csi300_custom_step0_s_20260521_15,d1a518bbb39c4c3292e21c8e4b604b95,0.097,,,
502,2026-05-21,SZ000776,0.005602538585662842,EXP_LinearModel_Alpha158_csi300_custom_step0_s_20260521_15,d1a518bbb39c4c3292e21c8e4b604b95,0.097,,,
503,2026-05-21,SZ000786,-0.012540108524262905,EXP_LinearModel_Alpha158_csi300_custom_step0_s_20260521_15,d1a518bbb39c4c3292e21c8e4b604b95,0.097,,,
504,2026-05-21,SZ000792,-0.007374390494078398,EXP_LinearModel_Alpha158_csi300_custom_step0_s_20260521_15,d1a518bbb39c4c3292e21c8e4b604b95,0.097,,,
505,2026-05-21,SZ000807,-0.02181335911154747,EXP_LinearModel_Alpha158_csi300_custom_step0_s_20260521_15,d1a518bbb39c4c3292e21c8e4b604b95,0.097,,,
506,2026-05-21,SZ000858,0.0051484378054738045,EXP_LinearModel_Alpha158_csi300_custom_step0_s_20260521_15,d1a518bbb39c4c3292e21c8e4b604b95,0.097,,,
507,2026-05-21,SZ000876,-0.00148480583447963,EXP_LinearModel_Alpha158_csi300_custom_step0_s_20260521_15,d1a518bbb39c4c3292e21c8e4b604b95,0.097,,,
508,2026-05-21,SZ000895,-0.026260696351528168,EXP_LinearModel_Alpha158_csi300_custom_step0_s_20260521_15,d1a518bbb39c4c3292e21c8e4b604b95,0.097,,,
509,2026-05-21,SZ002050,-0.028571825474500656,EXP_LinearModel_Alpha158_csi300_custom_step0_s_20260521_15,d1a518bbb39c4c3292e21c8e4b604b95,0.097,,,
510,2026-05-21,SZ002049,0.05310220643877983,EXP_LinearModel_Alpha158_csi300_custom_step0_s_20260521_15,d1a518bbb39c4c3292e21c8e4b604b95,0.097,,,
511,2026-05-21,SZ002028,0.001598968869075179,EXP_LinearModel_Alpha158_csi300_custom_step0_s_20260521_15,d1a518bbb39c4c3292e21c8e4b604b95,0.097,,,
512,2026-05-21,SZ002027,-0.028436461463570595,EXP_LinearModel_Alpha158_csi300_custom_step0_s_20260521_15,d1a518bbb39c4c3292e21c8e4b604b95,0.097,,,
513,2026-05-21,SZ002001,-0.0010254108346998692,EXP_LinearModel_Alpha158_csi300_custom_step0_s_20260521_15,d1a518bbb39c4c3292e21c8e4b604b95,0.097,,,
514,2026-05-21,SZ001979,-0.03832554817199707,EXP_LinearModel_Alpha158_csi300_custom_step0_s_20260521_15,d1a518bbb39c4c3292e21c8e4b604b95,0.097,,,
515,2026-05-21,SZ000538,-0.0558927059173584,EXP_LinearModel_Alpha158_csi300_custom_step0_s_20260521_15,d1a518bbb39c4c3292e21c8e4b604b95,0.097,,,
516,2026-05-21,SZ001965,0.027761608362197876,EXP_LinearModel_Alpha158_csi300_custom_step0_s_20260521_15,d1a518bbb39c4c3292e21c8e4b604b95,0.097,,,
517,2026-05-21,SZ000999,-0.005899819079786539,EXP_LinearModel_Alpha158_csi300_custom_step0_s_20260521_15,d1a518bbb39c4c3292e21c8e4b604b95,0.097,,,
518,2026-05-21,SZ000983,-0.0015671836445108056,EXP_LinearModel_Alpha158_csi300_custom_step0_s_20260521_15,d1a518bbb39c4c3292e21c8e4b604b95,0.097,,,
519,2026-05-21,SZ000977,0.059614118188619614,EXP_LinearModel_Alpha158_csi300_custom_step0_s_20260521_15,d1a518bbb39c4c3292e21c8e4b604b95,0.097,,,
520,2026-05-21,SZ000975,0.06621122360229492,EXP_LinearModel_Alpha158_csi300_custom_step0_s_20260521_15,d1a518bbb39c4c3292e21c8e4b604b95,0.097,,,
521,2026-05-21,SZ000963,0.005872876383364201,EXP_LinearModel_Alpha158_csi300_custom_step0_s_20260521_15,d1a518bbb39c4c3292e21c8e4b604b95,0.097,,,
522,2026-05-21,SZ000938,0.08905260264873505,EXP_LinearModel_Alpha158_csi300_custom_step0_s_20260521_15,d1a518bbb39c4c3292e21c8e4b604b95,0.097,,,
523,2026-05-21,SZ001391,-0.013968074694275856,EXP_LinearModel_Alpha158_csi300_custom_step0_s_20260521_15,d1a518bbb39c4c3292e21c8e4b604b95,0.097,,,
524,2026-05-21,SZ000425,-0.04847181588411331,EXP_LinearModel_Alpha158_csi300_custom_step0_s_20260521_15,d1a518bbb39c4c3292e21c8e4b604b95,0.097,,,
525,2026-05-21,SZ000408,-0.02720375545322895,EXP_LinearModel_Alpha158_csi300_custom_step0_s_20260521_15,d1a518bbb39c4c3292e21c8e4b604b95,0.097,,,
526,2026-05-21,SZ000338,-0.02359781414270401,EXP_LinearModel_Alpha158_csi300_custom_step0_s_20260521_15,d1a518bbb39c4c3292e21c8e4b604b95,0.097,,,
527,2026-05-21,SH688126,-0.0077164191752672195,EXP_LinearModel_Alpha158_csi300_custom_step0_s_20260521_15,d1a518bbb39c4c3292e21c8e4b604b95,0.097,,,
528,2026-05-21,SH688111,-0.06162736564874649,EXP_LinearModel_Alpha158_csi300_custom_step0_s_20260521_15,d1a518bbb39c4c3292e21c8e4b604b95,0.097,,,
529,2026-05-21,SH688082,-0.08557180315256119,EXP_LinearModel_Alpha158_csi300_custom_step0_s_20260521_15,d1a518bbb39c4c3292e21c8e4b604b95,0.097,,,
530,2026-05-21,SH688047,0.0600544698536396,EXP_LinearModel_Alpha158_csi300_custom_step0_s_20260521_15,d1a518bbb39c4c3292e21c8e4b604b95,0.097,,,
531,2026-05-21,SH688041,0.1185772493481636,EXP_LinearModel_Alpha158_csi300_custom_step0_s_20260521_15,d1a518bbb39c4c3292e21c8e4b604b95,0.097,,,
532,2026-05-21,SH688036,-0.06839245557785034,EXP_LinearModel_Alpha158_csi300_custom_step0_s_20260521_15,d1a518bbb39c4c3292e21c8e4b604b95,0.097,,,
533,2026-05-21,SH688169,-0.10465618968009949,EXP_LinearModel_Alpha158_csi300_custom_step0_s_20260521_15,d1a518bbb39c4c3292e21c8e4b604b95,0.097,,,
534,2026-05-21,SH688012,-0.18070584535598755,EXP_LinearModel_Alpha158_csi300_custom_step0_s_20260521_15,d1a518bbb39c4c3292e21c8e4b604b95,0.097,,,
535,2026-05-21,SH688008,0.057448744773864746,EXP_LinearModel_Alpha158_csi300_custom_step0_s_20260521_15,d1a518bbb39c4c3292e21c8e4b604b95,0.097,,,
536,2026-05-21,SH605499,-0.01699257083237171,EXP_LinearModel_Alpha158_csi300_custom_step0_s_20260521_15,d1a518bbb39c4c3292e21c8e4b604b95,0.097,,,
537,2026-05-21,SH605117,-0.0907633826136589,EXP_LinearModel_Alpha158_csi300_custom_step0_s_20260521_15,d1a518bbb39c4c3292e21c8e4b604b95,0.097,,,
538,2026-05-21,SH603993,-0.015864016488194466,EXP_LinearModel_Alpha158_csi300_custom_step0_s_20260521_15,d1a518bbb39c4c3292e21c8e4b604b95,0.097,,,
539,2026-05-21,SH603986,-0.18292608857154846,EXP_LinearModel_Alpha158_csi300_custom_step0_s_20260521_15,d1a518bbb39c4c3292e21c8e4b604b95,0.097,,,
540,2026-05-21,SH603893,-0.05340278893709183,EXP_LinearModel_Alpha158_csi300_custom_step0_s_20260521_15,d1a518bbb39c4c3292e21c8e4b604b95,0.097,,,
541,2026-05-21,SH688009,0.022393368184566498,EXP_LinearModel_Alpha158_csi300_custom_step0_s_20260521_15,d1a518bbb39c4c3292e21c8e4b604b95,0.097,,,
542,2026-05-21,SH601111,-0.022998057305812836,EXP_LinearModel_Alpha158_csi300_custom_step0_s_20260521_15,d1a518bbb39c4c3292e21c8e4b604b95,0.097,,,
543,2026-05-21,SH688187,0.0013181534595787525,EXP_LinearModel_Alpha158_csi300_custom_step0_s_20260521_15,d1a518bbb39c4c3292e21c8e4b604b95,0.097,,,
544,2026-05-21,SH688256,-0.053673744201660156,EXP_LinearModel_Alpha158_csi300_custom_step0_s_20260521_15,d1a518bbb39c4c3292e21c8e4b604b95,0.097,,,
545,2026-05-21,SZ000333,0.04505939036607742,EXP_LinearModel_Alpha158_csi300_custom_step0_s_20260521_15,d1a518bbb39c4c3292e21c8e4b604b95,0.097,,,
546,2026-05-21,SZ000301,0.023905107751488686,EXP_LinearModel_Alpha158_csi300_custom_step0_s_20260521_15,d1a518bbb39c4c3292e21c8e4b604b95,0.097,,,
547,2026-05-21,SZ000166,-0.011533694341778755,EXP_LinearModel_Alpha158_csi300_custom_step0_s_20260521_15,d1a518bbb39c4c3292e21c8e4b604b95,0.097,,,
548,2026-05-21,SZ000157,-0.04499427229166031,EXP_LinearModel_Alpha158_csi300_custom_step0_s_20260521_15,d1a518bbb39c4c3292e21c8e4b604b95,0.097,,,
549,2026-05-21,SZ000100,0.03511583432555199,EXP_LinearModel_Alpha158_csi300_custom_step0_s_20260521_15,d1a518bbb39c4c3292e21c8e4b604b95,0.097,,,
550,2026-05-21,SZ000063,0.06487230956554413,EXP_LinearModel_Alpha158_csi300_custom_step0_s_20260521_15,d1a518bbb39c4c3292e21c8e4b604b95,0.097,,,
551,2026-05-21,SH688223,0.06512700766324997,EXP_LinearModel_Alpha158_csi300_custom_step0_s_20260521_15,d1a518bbb39c4c3292e21c8e4b604b95,0.097,,,
552,2026-05-21,SZ000002,-0.0005027502775192261,EXP_LinearModel_Alpha158_csi300_custom_step0_s_20260521_15,d1a518bbb39c4c3292e21c8e4b604b95,0.097,,,
553,2026-05-21,SH688981,-0.03586325794458389,EXP_LinearModel_Alpha158_csi300_custom_step0_s_20260521_15,d1a518bbb39c4c3292e21c8e4b604b95,0.097,,,
554,2026-05-21,SH688506,-0.09533344209194183,EXP_LinearModel_Alpha158_csi300_custom_step0_s_20260521_15,d1a518bbb39c4c3292e21c8e4b604b95,0.097,,,
555,2026-05-21,SH688472,0.04238951951265335,EXP_LinearModel_Alpha158_csi300_custom_step0_s_20260521_15,d1a518bbb39c4c3292e21c8e4b604b95,0.097,,,
556,2026-05-21,SH688396,0.08688604831695557,EXP_LinearModel_Alpha158_csi300_custom_step0_s_20260521_15,d1a518bbb39c4c3292e21c8e4b604b95,0.097,,,
557,2026-05-21,SH688303,-0.05215239152312279,EXP_LinearModel_Alpha158_csi300_custom_step0_s_20260521_15,d1a518bbb39c4c3292e21c8e4b604b95,0.097,,,
558,2026-05-21,SH688271,0.0026933103799819946,EXP_LinearModel_Alpha158_csi300_custom_step0_s_20260521_15,d1a518bbb39c4c3292e21c8e4b604b95,0.097,,,
559,2026-05-21,SZ000001,-0.013325397856533527,EXP_LinearModel_Alpha158_csi300_custom_step0_s_20260521_15,d1a518bbb39c4c3292e21c8e4b604b95,0.097,,,
560,2026-05-21,SH601360,0.015254851458947154,EXP_DEnsembleModel_Alpha158_csi300_custom_step0_s_20260521_16,9a7904693a6c454d87fba758511b42d8,0.036,,,
561,2026-05-21,SH601336,0.04409053808528604,EXP_DEnsembleModel_Alpha158_csi300_custom_step0_s_20260521_16,9a7904693a6c454d87fba758511b42d8,0.036,,,
562,2026-05-21,SH601328,-0.05175447207859438,EXP_DEnsembleModel_Alpha158_csi300_custom_step0_s_20260521_16,9a7904693a6c454d87fba758511b42d8,0.036,,,
563,2026-05-21,SH600160,-0.07799619405345247,EXP_DEnsembleModel_Alpha158_csi300_custom_step0_s_20260521_16,6c7be937aa7040479e2211102695e657,0.095,,,
564,2026-05-21,SH600161,-0.07932122142447681,EXP_DEnsembleModel_Alpha158_csi300_custom_step0_s_20260521_16,6c7be937aa7040479e2211102695e657,0.095,,,
565,2026-05-21,SH600176,-0.08503021065666239,EXP_DEnsembleModel_Alpha158_csi300_custom_step0_s_20260521_16,6c7be937aa7040479e2211102695e657,0.095,,,
566,2026-05-21,SH600183,-0.15754172081579018,EXP_DEnsembleModel_Alpha158_csi300_custom_step0_s_20260521_16,6c7be937aa7040479e2211102695e657,0.095,,,
567,2026-05-21,SH600188,-0.09573469905870913,EXP_DEnsembleModel_Alpha158_csi300_custom_step0_s_20260521_16,6c7be937aa7040479e2211102695e657,0.095,,,
568,2026-05-21,SH600196,-0.032600870103328655,EXP_DEnsembleModel_Alpha158_csi300_custom_step0_s_20260521_16,6c7be937aa7040479e2211102695e657,0.095,,,
569,2026-05-21,SH600219,0.1227928440559868,EXP_DEnsembleModel_Alpha158_csi300_custom_step0_s_20260521_16,6c7be937aa7040479e2211102695e657,0.095,,,
570,2026-05-21,SH600233,-0.03183666972424522,EXP_DEnsembleModel_Alpha158_csi300_custom_step0_s_20260521_16,6c7be937aa7040479e2211102695e657,0.095,,,
571,2026-05-21,SH600276,-0.11133932885787368,EXP_DEnsembleModel_Alpha158_csi300_custom_step0_s_20260521_16,6c7be937aa7040479e2211102695e657,0.095,,,
572,2026-05-21,SH600309,-0.014124600677696594,EXP_DEnsembleModel_Alpha158_csi300_custom_step0_s_20260521_16,6c7be937aa7040479e2211102695e657,0.095,,,
573,2026-05-21,SH600346,-0.16160539321478853,EXP_DEnsembleModel_Alpha158_csi300_custom_step0_s_20260521_16,6c7be937aa7040479e2211102695e657,0.095,,,
574,2026-05-21,SH600362,-0.10225426989577487,EXP_DEnsembleModel_Alpha158_csi300_custom_step0_s_20260521_16,6c7be937aa7040479e2211102695e657,0.095,,,
575,2026-05-21,SH600372,-0.1339578123100933,EXP_DEnsembleModel_Alpha158_csi300_custom_step0_s_20260521_16,6c7be937aa7040479e2211102695e657,0.095,,,
576,2026-05-21,SH600377,0.09529175294776242,EXP_DEnsembleModel_Alpha158_csi300_custom_step0_s_20260521_16,6c7be937aa7040479e2211102695e657,0.095,,,
577,2026-05-21,SH600406,-0.08723947776425386,EXP_DEnsembleModel_Alpha158_csi300_custom_step0_s_20260521_16,6c7be937aa7040479e2211102695e657,0.095,,,
578,2026-05-21,SH600415,-0.23417742165037272,EXP_DEnsembleModel_Alpha158_csi300_custom_step0_s_20260521_16,6c7be937aa7040479e2211102695e657,0.095,,,
579,2026-05-21,SH600426,-0.05494918505867304,EXP_DEnsembleModel_Alpha158_csi300_custom_step0_s_20260521_16,6c7be937aa7040479e2211102695e657,0.095,,,
580,2026-05-21,SH600600,0.08759189708913004,EXP_DEnsembleModel_Alpha158_csi300_custom_step0_s_20260521_16,6c7be937aa7040479e2211102695e657,0.095,,,
581,2026-05-21,SH600588,-0.15746679925671625,EXP_DEnsembleModel_Alpha158_csi300_custom_step0_s_20260521_16,6c7be937aa7040479e2211102695e657,0.095,,,
582,2026-05-21,SH600585,-0.012580121113858051,EXP_DEnsembleModel_Alpha158_csi300_custom_step0_s_20260521_16,6c7be937aa7040479e2211102695e657,0.095,,,
583,2026-05-21,SH600584,-0.3101143508566178,EXP_DEnsembleModel_Alpha158_csi300_custom_step0_s_20260521_16,6c7be937aa7040479e2211102695e657,0.095,,,
584,2026-05-21,SH600570,-0.0025059247630566535,EXP_DEnsembleModel_Alpha158_csi300_custom_step0_s_20260521_16,6c7be937aa7040479e2211102695e657,0.095,,,
585,2026-05-21,SH600547,-0.0962340533089153,EXP_DEnsembleModel_Alpha158_csi300_custom_step0_s_20260521_16,6c7be937aa7040479e2211102695e657,0.095,,,
586,2026-05-21,SH600150,0.013831572391716554,EXP_DEnsembleModel_Alpha158_csi300_custom_step0_s_20260521_16,6c7be937aa7040479e2211102695e657,0.095,,,
587,2026-05-21,SH600522,-0.017004964908178755,EXP_DEnsembleModel_Alpha158_csi300_custom_step0_s_20260521_16,6c7be937aa7040479e2211102695e657,0.095,,,
588,2026-05-21,SH600515,-0.06757058596311487,EXP_DEnsembleModel_Alpha158_csi300_custom_step0_s_20260521_16,6c7be937aa7040479e2211102695e657,0.095,,,
589,2026-05-21,SH600489,-0.10504232221441175,EXP_DEnsembleModel_Alpha158_csi300_custom_step0_s_20260521_16,6c7be937aa7040479e2211102695e657,0.095,,,
590,2026-05-21,SH600482,-0.07607569883925726,EXP_DEnsembleModel_Alpha158_csi300_custom_step0_s_20260521_16,6c7be937aa7040479e2211102695e657,0.095,,,
591,2026-05-21,SH600460,-0.05968573513284906,EXP_DEnsembleModel_Alpha158_csi300_custom_step0_s_20260521_16,6c7be937aa7040479e2211102695e657,0.095,,,
592,2026-05-21,SH600438,-0.09266808376496363,EXP_DEnsembleModel_Alpha158_csi300_custom_step0_s_20260521_16,6c7be937aa7040479e2211102695e657,0.095,,,
593,2026-05-21,SH600436,-0.06017299485770548,EXP_DEnsembleModel_Alpha158_csi300_custom_step0_s_20260521_16,6c7be937aa7040479e2211102695e657,0.095,,,
594,2026-05-21,SH600519,0.004581998245694503,EXP_DEnsembleModel_Alpha158_csi300_custom_step0_s_20260521_16,6c7be937aa7040479e2211102695e657,0.095,,,
595,2026-05-21,SH600660,-0.05470910470240514,EXP_DEnsembleModel_Alpha158_csi300_custom_step0_s_20260521_16,6c7be937aa7040479e2211102695e657,0.095,,,
596,2026-05-21,SH600115,-0.06925719461772828,EXP_DEnsembleModel_Alpha158_csi300_custom_step0_s_20260521_16,6c7be937aa7040479e2211102695e657,0.095,,,
597,2026-05-21,SH600104,0.0032722859598997003,EXP_DEnsembleModel_Alpha158_csi300_custom_step0_s_20260521_16,6c7be937aa7040479e2211102695e657,0.095,,,
598,2026-05-21,SZ300866,-0.04829627039588734,EXP_DEnsembleModel_Alpha158_csi300_custom_step0_s_20260521_16,2fcea84c08a442a3ab64e414f50e10e3,0.078,,,
599,2026-05-21,SZ300896,-0.16332413295014653,EXP_DEnsembleModel_Alpha158_csi300_custom_step0_s_20260521_16,2fcea84c08a442a3ab64e414f50e10e3,0.078,,,
600,2026-05-21,SZ300979,-0.02609779864413891,EXP_DEnsembleModel_Alpha158_csi300_custom_step0_s_20260521_16,2fcea84c08a442a3ab64e414f50e10e3,0.078,,,
601,2026-05-21,SZ300999,-0.04786295561231096,EXP_DEnsembleModel_Alpha158_csi300_custom_step0_s_20260521_16,2fcea84c08a442a3ab64e414f50e10e3,0.078,,,
602,2026-05-21,SZ301236,-0.24049929150259985,EXP_DEnsembleModel_Alpha158_csi300_custom_step0_s_20260521_16,2fcea84c08a442a3ab64e414f50e10e3,0.078,,,
603,2026-05-21,SZ301269,-0.04917113317246164,EXP_DEnsembleModel_Alpha158_csi300_custom_step0_s_20260521_16,2fcea84c08a442a3ab64e414f50e10e3,0.078,,,
604,2026-05-21,SZ302132,-0.16661308551318235,EXP_DEnsembleModel_Alpha158_csi300_custom_step0_s_20260521_16,2fcea84c08a442a3ab64e414f50e10e3,0.078,,,
605,2026-05-21,SH600000,-0.008257948589616999,EXP_DEnsembleModel_Alpha158_csi300_custom_step0_s_20260521_16,6c7be937aa7040479e2211102695e657,0.095,,,
606,2026-05-21,SH600009,0.06780438107105752,EXP_DEnsembleModel_Alpha158_csi300_custom_step0_s_20260521_16,6c7be937aa7040479e2211102695e657,0.095,,,
607,2026-05-21,SH600010,-0.1497499880976408,EXP_DEnsembleModel_Alpha158_csi300_custom_step0_s_20260521_16,6c7be937aa7040479e2211102695e657,0.095,,,
608,2026-05-21,SH600011,0.02413788508156536,EXP_DEnsembleModel_Alpha158_csi300_custom_step0_s_20260521_16,6c7be937aa7040479e2211102695e657,0.095,,,
609,2026-05-21,SH600015,0.029111414660409774,EXP_DEnsembleModel_Alpha158_csi300_custom_step0_s_20260521_16,6c7be937aa7040479e2211102695e657,0.095,,,
610,2026-05-21,SH600016,0.047997551395327895,EXP_DEnsembleModel_Alpha158_csi300_custom_step0_s_20260521_16,6c7be937aa7040479e2211102695e657,0.095,,,
611,2026-05-21,SH600018,0.17591213913651943,EXP_DEnsembleModel_Alpha158_csi300_custom_step0_s_20260521_16,6c7be937aa7040479e2211102695e657,0.095,,,
612,2026-05-21,SH600019,-0.0781252357639978,EXP_DEnsembleModel_Alpha158_csi300_custom_step0_s_20260521_16,6c7be937aa7040479e2211102695e657,0.095,,,
613,2026-05-21,SH600023,0.0009964131928813672,EXP_DEnsembleModel_Alpha158_csi300_custom_step0_s_20260521_16,6c7be937aa7040479e2211102695e657,0.095,,,
614,2026-05-21,SH600025,0.06039841635317582,EXP_DEnsembleModel_Alpha158_csi300_custom_step0_s_20260521_16,6c7be937aa7040479e2211102695e657,0.095,,,
615,2026-05-21,SH600089,-0.09250315918640978,EXP_DEnsembleModel_Alpha158_csi300_custom_step0_s_20260521_16,6c7be937aa7040479e2211102695e657,0.095,,,
616,2026-05-21,SH600085,-0.09493887150920112,EXP_DEnsembleModel_Alpha158_csi300_custom_step0_s_20260521_16,6c7be937aa7040479e2211102695e657,0.095,,,
617,2026-05-21,SH600066,0.034301539681793045,EXP_DEnsembleModel_Alpha158_csi300_custom_step0_s_20260521_16,6c7be937aa7040479e2211102695e657,0.095,,,
618,2026-05-21,SH600061,0.026327344697439286,EXP_DEnsembleModel_Alpha158_csi300_custom_step0_s_20260521_16,6c7be937aa7040479e2211102695e657,0.095,,,
619,2026-05-21,SH600050,-0.09448892502674557,EXP_DEnsembleModel_Alpha158_csi300_custom_step0_s_20260521_16,6c7be937aa7040479e2211102695e657,0.095,,,
620,2026-05-21,SH600048,-0.12297567784705368,EXP_DEnsembleModel_Alpha158_csi300_custom_step0_s_20260521_16,6c7be937aa7040479e2211102695e657,0.095,,,
621,2026-05-21,SH600111,-0.11295285882847925,EXP_DEnsembleModel_Alpha158_csi300_custom_step0_s_20260521_16,6c7be937aa7040479e2211102695e657,0.095,,,
622,2026-05-21,SH600039,0.0888913989870567,EXP_DEnsembleModel_Alpha158_csi300_custom_step0_s_20260521_16,6c7be937aa7040479e2211102695e657,0.095,,,
623,2026-05-21,SH600031,-0.20903293888917873,EXP_DEnsembleModel_Alpha158_csi300_custom_step0_s_20260521_16,6c7be937aa7040479e2211102695e657,0.095,,,
624,2026-05-21,SH600030,0.01901221599798465,EXP_DEnsembleModel_Alpha158_csi300_custom_step0_s_20260521_16,6c7be937aa7040479e2211102695e657,0.095,,,
625,2026-05-21,SH600029,-0.10151766881006467,EXP_DEnsembleModel_Alpha158_csi300_custom_step0_s_20260521_16,6c7be937aa7040479e2211102695e657,0.095,,,
626,2026-05-21,SH600028,-0.024636279281088563,EXP_DEnsembleModel_Alpha158_csi300_custom_step0_s_20260521_16,6c7be937aa7040479e2211102695e657,0.095,,,
627,2026-05-21,SH600027,0.026619130037941193,EXP_DEnsembleModel_Alpha158_csi300_custom_step0_s_20260521_16,6c7be937aa7040479e2211102695e657,0.095,,,
628,2026-05-21,SH600026,-0.1293476635341659,EXP_DEnsembleModel_Alpha158_csi300_custom_step0_s_20260521_16,6c7be937aa7040479e2211102695e657,0.095,,,
629,2026-05-21,SH600036,-0.032393798566572485,EXP_DEnsembleModel_Alpha158_csi300_custom_step0_s_20260521_16,6c7be937aa7040479e2211102695e657,0.095,,,
630,2026-05-21,SZ300832,-0.08689046667492213,EXP_DEnsembleModel_Alpha158_csi300_custom_step0_s_20260521_16,2fcea84c08a442a3ab64e414f50e10e3,0.078,,,
631,2026-05-21,SH600674,0.06880682365876263,EXP_DEnsembleModel_Alpha158_csi300_custom_step0_s_20260521_16,6c7be937aa7040479e2211102695e657,0.095,,,
632,2026-05-21,SH600741,-0.010924754116130767,EXP_DEnsembleModel_Alpha158_csi300_custom_step0_s_20260521_16,6c7be937aa7040479e2211102695e657,0.095,,,
633,2026-05-21,SH601138,-0.07885364417045942,EXP_DEnsembleModel_Alpha158_csi300_custom_step0_s_20260521_16,6c7be937aa7040479e2211102695e657,0.095,,,
634,2026-05-21,SH601166,-0.03491836376697917,EXP_DEnsembleModel_Alpha158_csi300_custom_step0_s_20260521_16,6c7be937aa7040479e2211102695e657,0.095,,,
635,2026-05-21,SH601169,0.00747193815533458,EXP_DEnsembleModel_Alpha158_csi300_custom_step0_s_20260521_16,6c7be937aa7040479e2211102695e657,0.095,,,
636,2026-05-21,SH601186,0.021113040968045036,EXP_DEnsembleModel_Alpha158_csi300_custom_step0_s_20260521_16,6c7be937aa7040479e2211102695e657,0.095,,,
637,2026-05-21,SH601211,-0.030024420604255374,EXP_DEnsembleModel_Alpha158_csi300_custom_step0_s_20260521_16,6c7be937aa7040479e2211102695e657,0.095,,,
638,2026-05-21,SH601225,-0.04376131924954301,EXP_DEnsembleModel_Alpha158_csi300_custom_step0_s_20260521_16,6c7be937aa7040479e2211102695e657,0.095,,,
639,2026-05-21,SH601229,-0.04186812206946152,EXP_DEnsembleModel_Alpha158_csi300_custom_step0_s_20260521_16,6c7be937aa7040479e2211102695e657,0.095,,,
640,2026-05-21,SH601236,0.013458218789068851,EXP_DEnsembleModel_Alpha158_csi300_custom_step0_s_20260521_16,6c7be937aa7040479e2211102695e657,0.095,,,
641,2026-05-21,SH601238,0.01397201920605264,EXP_DEnsembleModel_Alpha158_csi300_custom_step0_s_20260521_16,6c7be937aa7040479e2211102695e657,0.095,,,
642,2026-05-21,SH601288,0.014415417209755402,EXP_DEnsembleModel_Alpha158_csi300_custom_step0_s_20260521_16,6c7be937aa7040479e2211102695e657,0.095,,,
643,2026-05-21,SH601298,0.15268055066524014,EXP_DEnsembleModel_Alpha158_csi300_custom_step0_s_20260521_16,6c7be937aa7040479e2211102695e657,0.095,,,
644,2026-05-21,SH601318,-0.07048079748655767,EXP_DEnsembleModel_Alpha158_csi300_custom_step0_s_20260521_16,6c7be937aa7040479e2211102695e657,0.095,,,
645,2026-05-21,SH601319,0.019192061356958827,EXP_DEnsembleModel_Alpha158_csi300_custom_step0_s_20260521_16,6c7be937aa7040479e2211102695e657,0.095,,,
646,2026-05-21,SH601328,0.04104883019982463,EXP_DEnsembleModel_Alpha158_csi300_custom_step0_s_20260521_16,6c7be937aa7040479e2211102695e657,0.095,,,
647,2026-05-21,SH601336,-0.1579542873887658,EXP_DEnsembleModel_Alpha158_csi300_custom_step0_s_20260521_16,6c7be937aa7040479e2211102695e657,0.095,,,
648,2026-05-21,SH601360,-0.07870817199053991,EXP_DEnsembleModel_Alpha158_csi300_custom_step0_s_20260521_16,6c7be937aa7040479e2211102695e657,0.095,,,
649,2026-05-21,SH601377,-0.05206965610115324,EXP_DEnsembleModel_Alpha158_csi300_custom_step0_s_20260521_16,6c7be937aa7040479e2211102695e657,0.095,,,
650,2026-05-21,SH601689,-0.02241033649987514,EXP_DEnsembleModel_Alpha158_csi300_custom_step0_s_20260521_16,6c7be937aa7040479e2211102695e657,0.095,,,
651,2026-05-21,SH601688,-0.08751264261508931,EXP_DEnsembleModel_Alpha158_csi300_custom_step0_s_20260521_16,6c7be937aa7040479e2211102695e657,0.095,,,
652,2026-05-21,SH601669,-0.08584199171081837,EXP_DEnsembleModel_Alpha158_csi300_custom_step0_s_20260521_16,6c7be937aa7040479e2211102695e657,0.095,,,
653,2026-05-21,SH601668,0.07264317926712822,EXP_DEnsembleModel_Alpha158_csi300_custom_step0_s_20260521_16,6c7be937aa7040479e2211102695e657,0.095,,,
654,2026-05-21,SH601658,-0.007522504397279096,EXP_DEnsembleModel_Alpha158_csi300_custom_step0_s_20260521_16,6c7be937aa7040479e2211102695e657,0.095,,,
655,2026-05-21,SH601633,-0.02369604888812185,EXP_DEnsembleModel_Alpha158_csi300_custom_step0_s_20260521_16,6c7be937aa7040479e2211102695e657,0.095,,,
656,2026-05-21,SH601136,-0.08015316497672595,EXP_DEnsembleModel_Alpha158_csi300_custom_step0_s_20260521_16,6c7be937aa7040479e2211102695e657,0.095,,,
657,2026-05-21,SH601628,-0.10670441006970892,EXP_DEnsembleModel_Alpha158_csi300_custom_step0_s_20260521_16,6c7be937aa7040479e2211102695e657,0.095,,,
658,2026-05-21,SH601607,0.07564778288728734,EXP_DEnsembleModel_Alpha158_csi300_custom_step0_s_20260521_16,6c7be937aa7040479e2211102695e657,0.095,,,
659,2026-05-21,SH601601,-0.09803742651314222,EXP_DEnsembleModel_Alpha158_csi300_custom_step0_s_20260521_16,6c7be937aa7040479e2211102695e657,0.095,,,
660,2026-05-21,SH601600,-0.05704391240138494,EXP_DEnsembleModel_Alpha158_csi300_custom_step0_s_20260521_16,6c7be937aa7040479e2211102695e657,0.095,,,
661,2026-05-21,SH601456,0.04164352343920065,EXP_DEnsembleModel_Alpha158_csi300_custom_step0_s_20260521_16,6c7be937aa7040479e2211102695e657,0.095,,,
662,2026-05-21,SH601398,0.08518871019027553,EXP_DEnsembleModel_Alpha158_csi300_custom_step0_s_20260521_16,6c7be937aa7040479e2211102695e657,0.095,,,
663,2026-05-21,SH601390,-0.043170408482693934,EXP_DEnsembleModel_Alpha158_csi300_custom_step0_s_20260521_16,6c7be937aa7040479e2211102695e657,0.095,,,
664,2026-05-21,SH601618,0.03563691566752854,EXP_DEnsembleModel_Alpha158_csi300_custom_step0_s_20260521_16,6c7be937aa7040479e2211102695e657,0.095,,,
665,2026-05-21,SH600690,0.005967493128446429,EXP_DEnsembleModel_Alpha158_csi300_custom_step0_s_20260521_16,6c7be937aa7040479e2211102695e657,0.095,,,
666,2026-05-21,SH601127,-0.005338357696129716,EXP_DEnsembleModel_Alpha158_csi300_custom_step0_s_20260521_16,6c7be937aa7040479e2211102695e657,0.095,,,
667,2026-05-21,SH601111,-0.11206557445449195,EXP_DEnsembleModel_Alpha158_csi300_custom_step0_s_20260521_16,6c7be937aa7040479e2211102695e657,0.095,,,
668,2026-05-21,SH600760,-0.1326994579901625,EXP_DEnsembleModel_Alpha158_csi300_custom_step0_s_20260521_16,6c7be937aa7040479e2211102695e657,0.095,,,
669,2026-05-21,SH600795,0.053888750889156435,EXP_DEnsembleModel_Alpha158_csi300_custom_step0_s_20260521_16,6c7be937aa7040479e2211102695e657,0.095,,,
670,2026-05-21,SH600803,0.01976673779430941,EXP_DEnsembleModel_Alpha158_csi300_custom_step0_s_20260521_16,6c7be937aa7040479e2211102695e657,0.095,,,
671,2026-05-21,SH600809,-0.03756714070784258,EXP_DEnsembleModel_Alpha158_csi300_custom_step0_s_20260521_16,6c7be937aa7040479e2211102695e657,0.095,,,
672,2026-05-21,SH600845,-0.07313548811579981,EXP_DEnsembleModel_Alpha158_csi300_custom_step0_s_20260521_16,6c7be937aa7040479e2211102695e657,0.095,,,
673,2026-05-21,SH600875,-0.10365780103453781,EXP_DEnsembleModel_Alpha158_csi300_custom_step0_s_20260521_16,6c7be937aa7040479e2211102695e657,0.095,,,
674,2026-05-21,SH600886,0.1654181851634036,EXP_DEnsembleModel_Alpha158_csi300_custom_step0_s_20260521_16,6c7be937aa7040479e2211102695e657,0.095,,,
675,2026-05-21,SH600887,0.06516360217312787,EXP_DEnsembleModel_Alpha158_csi300_custom_step0_s_20260521_16,6c7be937aa7040479e2211102695e657,0.095,,,
676,2026-05-21,SH600893,-0.07906581934769258,EXP_DEnsembleModel_Alpha158_csi300_custom_step0_s_20260521_16,6c7be937aa7040479e2211102695e657,0.095,,,
677,2026-05-21,SH600900,0.12411918228670141,EXP_DEnsembleModel_Alpha158_csi300_custom_step0_s_20260521_16,6c7be937aa7040479e2211102695e657,0.095,,,
678,2026-05-21,SH600905,0.005265421441870587,EXP_DEnsembleModel_Alpha158_csi300_custom_step0_s_20260521_16,6c7be937aa7040479e2211102695e657,0.095,,,
679,2026-05-21,SH600918,0.039458085362167244,EXP_DEnsembleModel_Alpha158_csi300_custom_step0_s_20260521_16,6c7be937aa7040479e2211102695e657,0.095,,,
680,2026-05-21,SH600919,0.1513704026555144,EXP_DEnsembleModel_Alpha158_csi300_custom_step0_s_20260521_16,6c7be937aa7040479e2211102695e657,0.095,,,
681,2026-05-21,SH600926,0.036656381960332496,EXP_DEnsembleModel_Alpha158_csi300_custom_step0_s_20260521_16,6c7be937aa7040479e2211102695e657,0.095,,,
682,2026-05-21,SH600930,-0.06121189531993204,EXP_DEnsembleModel_Alpha158_csi300_custom_step0_s_20260521_16,6c7be937aa7040479e2211102695e657,0.095,,,
683,2026-05-21,SH600938,0.004042016114543602,EXP_DEnsembleModel_Alpha158_csi300_custom_step0_s_20260521_16,6c7be937aa7040479e2211102695e657,0.095,,,
684,2026-05-21,SH600941,0.058127489199716456,EXP_DEnsembleModel_Alpha158_csi300_custom_step0_s_20260521_16,6c7be937aa7040479e2211102695e657,0.095,,,
685,2026-05-21,SH601100,0.038498287693056535,EXP_DEnsembleModel_Alpha158_csi300_custom_step0_s_20260521_16,6c7be937aa7040479e2211102695e657,0.095,,,
686,2026-05-21,SH601088,0.02350542819632942,EXP_DEnsembleModel_Alpha158_csi300_custom_step0_s_20260521_16,6c7be937aa7040479e2211102695e657,0.095,,,
687,2026-05-21,SH601077,0.11575022299569485,EXP_DEnsembleModel_Alpha158_csi300_custom_step0_s_20260521_16,6c7be937aa7040479e2211102695e657,0.095,,,
688,2026-05-21,SH601066,0.005084409775271268,EXP_DEnsembleModel_Alpha158_csi300_custom_step0_s_20260521_16,6c7be937aa7040479e2211102695e657,0.095,,,
689,2026-05-21,SH601059,0.09685393482551644,EXP_DEnsembleModel_Alpha158_csi300_custom_step0_s_20260521_16,6c7be937aa7040479e2211102695e657,0.095,,,
690,2026-05-21,SH601058,-0.08217528672417387,EXP_DEnsembleModel_Alpha158_csi300_custom_step0_s_20260521_16,6c7be937aa7040479e2211102695e657,0.095,,,
691,2026-05-21,SH601117,-0.016256591582959858,EXP_DEnsembleModel_Alpha158_csi300_custom_step0_s_20260521_16,6c7be937aa7040479e2211102695e657,0.095,,,
692,2026-05-21,SH601021,-0.09627302514354803,EXP_DEnsembleModel_Alpha158_csi300_custom_step0_s_20260521_16,6c7be937aa7040479e2211102695e657,0.095,,,
693,2026-05-21,SH601012,-0.06841341753676168,EXP_DEnsembleModel_Alpha158_csi300_custom_step0_s_20260521_16,6c7be937aa7040479e2211102695e657,0.095,,,
694,2026-05-21,SH601009,-0.03793746074145418,EXP_DEnsembleModel_Alpha158_csi300_custom_step0_s_20260521_16,6c7be937aa7040479e2211102695e657,0.095,,,
695,2026-05-21,SH601006,0.11450339837449756,EXP_DEnsembleModel_Alpha158_csi300_custom_step0_s_20260521_16,6c7be937aa7040479e2211102695e657,0.095,,,
696,2026-05-21,SH600999,0.014088999219753274,EXP_DEnsembleModel_Alpha158_csi300_custom_step0_s_20260521_16,6c7be937aa7040479e2211102695e657,0.095,,,
697,2026-05-21,SH600989,-0.09086104712946408,EXP_DEnsembleModel_Alpha158_csi300_custom_step0_s_20260521_16,6c7be937aa7040479e2211102695e657,0.095,,,
698,2026-05-21,SH600958,-0.05014471397193466,EXP_DEnsembleModel_Alpha158_csi300_custom_step0_s_20260521_16,6c7be937aa7040479e2211102695e657,0.095,,,
699,2026-05-21,SH601018,0.1045308735111432,EXP_DEnsembleModel_Alpha158_csi300_custom_step0_s_20260521_16,6c7be937aa7040479e2211102695e657,0.095,,,
700,2026-05-21,SZ300803,-0.10801981546769905,EXP_DEnsembleModel_Alpha158_csi300_custom_step0_s_20260521_16,2fcea84c08a442a3ab64e414f50e10e3,0.078,,,
701,2026-05-21,SZ300782,0.22755651347788336,EXP_DEnsembleModel_Alpha158_csi300_custom_step0_s_20260521_16,2fcea84c08a442a3ab64e414f50e10e3,0.078,,,
702,2026-05-21,SZ300760,-0.08501136841577703,EXP_DEnsembleModel_Alpha158_csi300_custom_step0_s_20260521_16,2fcea84c08a442a3ab64e414f50e10e3,0.078,,,
703,2026-05-21,SH688472,-0.12805849973354602,EXP_DEnsembleModel_Alpha158_csi300_custom_step0_s_20260521_16,2fcea84c08a442a3ab64e414f50e10e3,0.078,,,
704,2026-05-21,SH688506,-0.1404993190078134,EXP_DEnsembleModel_Alpha158_csi300_custom_step0_s_20260521_16,2fcea84c08a442a3ab64e414f50e10e3,0.078,,,
705,2026-05-21,SH688981,0.001331011705392709,EXP_DEnsembleModel_Alpha158_csi300_custom_step0_s_20260521_16,2fcea84c08a442a3ab64e414f50e10e3,0.078,,,
706,2026-05-21,SZ000001,0.013753101299330254,EXP_DEnsembleModel_Alpha158_csi300_custom_step0_s_20260521_16,2fcea84c08a442a3ab64e414f50e10e3,0.078,,,
707,2026-05-21,SZ000002,-0.10463506201482149,EXP_DEnsembleModel_Alpha158_csi300_custom_step0_s_20260521_16,2fcea84c08a442a3ab64e414f50e10e3,0.078,,,
708,2026-05-21,SZ000063,-0.09192189335782179,EXP_DEnsembleModel_Alpha158_csi300_custom_step0_s_20260521_16,2fcea84c08a442a3ab64e414f50e10e3,0.078,,,
709,2026-05-21,SZ000100,-0.015784717968924247,EXP_DEnsembleModel_Alpha158_csi300_custom_step0_s_20260521_16,2fcea84c08a442a3ab64e414f50e10e3,0.078,,,
710,2026-05-21,SZ000157,-0.0485778004073044,EXP_DEnsembleModel_Alpha158_csi300_custom_step0_s_20260521_16,2fcea84c08a442a3ab64e414f50e10e3,0.078,,,
711,2026-05-21,SZ000166,-0.009604022683754928,EXP_DEnsembleModel_Alpha158_csi300_custom_step0_s_20260521_16,2fcea84c08a442a3ab64e414f50e10e3,0.078,,,
712,2026-05-21,SZ000301,0.00947393653178344,EXP_DEnsembleModel_Alpha158_csi300_custom_step0_s_20260521_16,2fcea84c08a442a3ab64e414f50e10e3,0.078,,,
713,2026-05-21,SZ000333,0.16588141501359704,EXP_DEnsembleModel_Alpha158_csi300_custom_step0_s_20260521_16,2fcea84c08a442a3ab64e414f50e10e3,0.078,,,
714,2026-05-21,SZ000338,-0.01064155186566656,EXP_DEnsembleModel_Alpha158_csi300_custom_step0_s_20260521_16,2fcea84c08a442a3ab64e414f50e10e3,0.078,,,
715,2026-05-21,SZ000408,-0.14437994471345397,EXP_DEnsembleModel_Alpha158_csi300_custom_step0_s_20260521_16,2fcea84c08a442a3ab64e414f50e10e3,0.078,,,
716,2026-05-21,SZ000425,-0.10158835360595367,EXP_DEnsembleModel_Alpha158_csi300_custom_step0_s_20260521_16,2fcea84c08a442a3ab64e414f50e10e3,0.078,,,
717,2026-05-21,SZ000538,0.06226232547335943,EXP_DEnsembleModel_Alpha158_csi300_custom_step0_s_20260521_16,2fcea84c08a442a3ab64e414f50e10e3,0.078,,,
718,2026-05-21,SZ000568,-0.023565578001269783,EXP_DEnsembleModel_Alpha158_csi300_custom_step0_s_20260521_16,2fcea84c08a442a3ab64e414f50e10e3,0.078,,,
719,2026-05-21,SZ000596,-0.052768740636992,EXP_DEnsembleModel_Alpha158_csi300_custom_step0_s_20260521_16,2fcea84c08a442a3ab64e414f50e10e3,0.078,,,
720,2026-05-21,SZ000876,-0.06893671476853916,EXP_DEnsembleModel_Alpha158_csi300_custom_step0_s_20260521_16,2fcea84c08a442a3ab64e414f50e10e3,0.078,,,
721,2026-05-21,SZ000858,0.007815066602533905,EXP_DEnsembleModel_Alpha158_csi300_custom_step0_s_20260521_16,2fcea84c08a442a3ab64e414f50e10e3,0.078,,,
722,2026-05-21,SZ000807,-0.09161284076020548,EXP_DEnsembleModel_Alpha158_csi300_custom_step0_s_20260521_16,2fcea84c08a442a3ab64e414f50e10e3,0.078,,,
723,2026-05-21,SZ000792,-0.08591433029479525,EXP_DEnsembleModel_Alpha158_csi300_custom_step0_s_20260521_16,2fcea84c08a442a3ab64e414f50e10e3,0.078,,,
724,2026-05-21,SZ000786,-0.13717558042421346,EXP_DEnsembleModel_Alpha158_csi300_custom_step0_s_20260521_16,2fcea84c08a442a3ab64e414f50e10e3,0.078,,,
725,2026-05-21,SZ000776,-0.11110552605089584,EXP_DEnsembleModel_Alpha158_csi300_custom_step0_s_20260521_16,2fcea84c08a442a3ab64e414f50e10e3,0.078,,,
726,2026-05-21,SH688396,0.0030110820988361706,EXP_DEnsembleModel_Alpha158_csi300_custom_step0_s_20260521_16,2fcea84c08a442a3ab64e414f50e10e3,0.078,,,
727,2026-05-21,SZ000768,-0.05723649178632443,EXP_DEnsembleModel_Alpha158_csi300_custom_step0_s_20260521_16,2fcea84c08a442a3ab64e414f50e10e3,0.078,,,
728,2026-05-21,SZ000708,-0.0018294747326948826,EXP_DEnsembleModel_Alpha158_csi300_custom_step0_s_20260521_16,2fcea84c08a442a3ab64e414f50e10e3,0.078,,,
729,2026-05-21,SZ000661,-0.1288469377399785,EXP_DEnsembleModel_Alpha158_csi300_custom_step0_s_20260521_16,2fcea84c08a442a3ab64e414f50e10e3,0.078,,,
730,2026-05-21,SZ000651,0.04800813016768143,EXP_DEnsembleModel_Alpha158_csi300_custom_step0_s_20260521_16,2fcea84c08a442a3ab64e414f50e10e3,0.078,,,
731,2026-05-21,SZ000630,-0.19019028782330816,EXP_DEnsembleModel_Alpha158_csi300_custom_step0_s_20260521_16,2fcea84c08a442a3ab64e414f50e10e3,0.078,,,
732,2026-05-21,SZ000625,-0.05235528143527638,EXP_DEnsembleModel_Alpha158_csi300_custom_step0_s_20260521_16,2fcea84c08a442a3ab64e414f50e10e3,0.078,,,
733,2026-05-21,SZ000617,-0.08310459067654526,EXP_DEnsembleModel_Alpha158_csi300_custom_step0_s_20260521_16,2fcea84c08a442a3ab64e414f50e10e3,0.078,,,
734,2026-05-21,SZ000725,0.0389955032392802,EXP_DEnsembleModel_Alpha158_csi300_custom_step0_s_20260521_16,2fcea84c08a442a3ab64e414f50e10e3,0.078,,,
735,2026-05-21,SZ000895,0.05185721644709972,EXP_DEnsembleModel_Alpha158_csi300_custom_step0_s_20260521_16,2fcea84c08a442a3ab64e414f50e10e3,0.078,,,
736,2026-05-21,SH688303,-0.16671015703520714,EXP_DEnsembleModel_Alpha158_csi300_custom_step0_s_20260521_16,2fcea84c08a442a3ab64e414f50e10e3,0.078,,,
737,2026-05-21,SH688256,-0.07664065295567253,EXP_DEnsembleModel_Alpha158_csi300_custom_step0_s_20260521_16,2fcea84c08a442a3ab64e414f50e10e3,0.078,,,
738,2026-05-21,SH601985,0.03162146457993391,EXP_DEnsembleModel_Alpha158_csi300_custom_step0_s_20260521_16,2fcea84c08a442a3ab64e414f50e10e3,0.078,,,
739,2026-05-21,SH601988,0.0771180260867331,EXP_DEnsembleModel_Alpha158_csi300_custom_step0_s_20260521_16,2fcea84c08a442a3ab64e414f50e10e3,0.078,,,
740,2026-05-21,SH601995,0.10139505977434633,EXP_DEnsembleModel_Alpha158_csi300_custom_step0_s_20260521_16,2fcea84c08a442a3ab64e414f50e10e3,0.078,,,
741,2026-05-21,SH601998,0.030292118701689515,EXP_DEnsembleModel_Alpha158_csi300_custom_step0_s_20260521_16,2fcea84c08a442a3ab64e414f50e10e3,0.078,,,
742,2026-05-21,SH603019,0.02707094651610484,EXP_DEnsembleModel_Alpha158_csi300_custom_step0_s_20260521_16,2fcea84c08a442a3ab64e414f50e10e3,0.078,,,
743,2026-05-21,SH603195,0.01604766048225995,EXP_DEnsembleModel_Alpha158_csi300_custom_step0_s_20260521_16,2fcea84c08a442a3ab64e414f50e10e3,0.078,,,
744,2026-05-21,SH603259,-0.13832111194562802,EXP_DEnsembleModel_Alpha158_csi300_custom_step0_s_20260521_16,2fcea84c08a442a3ab64e414f50e10e3,0.078,,,
745,2026-05-21,SH603260,-0.17462507286139153,EXP_DEnsembleModel_Alpha158_csi300_custom_step0_s_20260521_16,2fcea84c08a442a3ab64e414f50e10e3,0.078,,,
746,2026-05-21,SH603288,-0.028870291735036947,EXP_DEnsembleModel_Alpha158_csi300_custom_step0_s_20260521_16,2fcea84c08a442a3ab64e414f50e10e3,0.078,,,
747,2026-05-21,SH603296,-0.0383946207635459,EXP_DEnsembleModel_Alpha158_csi300_custom_step0_s_20260521_16,2fcea84c08a442a3ab64e414f50e10e3,0.078,,,
748,2026-05-21,SH603369,-0.07923183077867729,EXP_DEnsembleModel_Alpha158_csi300_custom_step0_s_20260521_16,2fcea84c08a442a3ab64e414f50e10e3,0.078,,,
749,2026-05-21,SH603392,-0.0949554073247058,EXP_DEnsembleModel_Alpha158_csi300_custom_step0_s_20260521_16,2fcea84c08a442a3ab64e414f50e10e3,0.078,,,
750,2026-05-21,SH603501,-0.07229642811609786,EXP_DEnsembleModel_Alpha158_csi300_custom_step0_s_20260521_16,2fcea84c08a442a3ab64e414f50e10e3,0.078,,,
751,2026-05-21,SH603799,-0.11402600708350191,EXP_DEnsembleModel_Alpha158_csi300_custom_step0_s_20260521_16,2fcea84c08a442a3ab64e414f50e10e3,0.078,,,
752,2026-05-21,SH603893,-0.06175058391786253,EXP_DEnsembleModel_Alpha158_csi300_custom_step0_s_20260521_16,2fcea84c08a442a3ab64e414f50e10e3,0.078,,,
753,2026-05-21,SH603986,-0.11714651746828417,EXP_DEnsembleModel_Alpha158_csi300_custom_step0_s_20260521_16,2fcea84c08a442a3ab64e414f50e10e3,0.078,,,
754,2026-05-21,SH603993,-0.19626692717031594,EXP_DEnsembleModel_Alpha158_csi300_custom_step0_s_20260521_16,2fcea84c08a442a3ab64e414f50e10e3,0.078,,,
755,2026-05-21,SH688223,-0.04412874540587878,EXP_DEnsembleModel_Alpha158_csi300_custom_step0_s_20260521_16,2fcea84c08a442a3ab64e414f50e10e3,0.078,,,
756,2026-05-21,SH688187,0.011886068029586165,EXP_DEnsembleModel_Alpha158_csi300_custom_step0_s_20260521_16,2fcea84c08a442a3ab64e414f50e10e3,0.078,,,
757,2026-05-21,SH688169,-0.17368480029976707,EXP_DEnsembleModel_Alpha158_csi300_custom_step0_s_20260521_16,2fcea84c08a442a3ab64e414f50e10e3,0.078,,,
758,2026-05-21,SH688126,-0.12309099795049641,EXP_DEnsembleModel_Alpha158_csi300_custom_step0_s_20260521_16,2fcea84c08a442a3ab64e414f50e10e3,0.078,,,
759,2026-05-21,SH688111,-0.19264018954737533,EXP_DEnsembleModel_Alpha158_csi300_custom_step0_s_20260521_16,2fcea84c08a442a3ab64e414f50e10e3,0.078,,,
760,2026-05-21,SH688082,-0.03264368305149202,EXP_DEnsembleModel_Alpha158_csi300_custom_step0_s_20260521_16,2fcea84c08a442a3ab64e414f50e10e3,0.078,,,
761,2026-05-21,SH688271,0.06346882099698492,EXP_DEnsembleModel_Alpha158_csi300_custom_step0_s_20260521_16,2fcea84c08a442a3ab64e414f50e10e3,0.078,,,
762,2026-05-21,SH688047,0.06281694102437066,EXP_DEnsembleModel_Alpha158_csi300_custom_step0_s_20260521_16,2fcea84c08a442a3ab64e414f50e10e3,0.078,,,
763,2026-05-21,SH688036,-0.028566315156410595,EXP_DEnsembleModel_Alpha158_csi300_custom_step0_s_20260521_16,2fcea84c08a442a3ab64e414f50e10e3,0.078,,,
764,2026-05-21,SH688012,-0.04582318377824317,EXP_DEnsembleModel_Alpha158_csi300_custom_step0_s_20260521_16,2fcea84c08a442a3ab64e414f50e10e3,0.078,,,
765,2026-05-21,SH688009,0.05234292213701305,EXP_DEnsembleModel_Alpha158_csi300_custom_step0_s_20260521_16,2fcea84c08a442a3ab64e414f50e10e3,0.078,,,
766,2026-05-21,SH688008,0.03332373940394167,EXP_DEnsembleModel_Alpha158_csi300_custom_step0_s_20260521_16,2fcea84c08a442a3ab64e414f50e10e3,0.078,,,
767,2026-05-21,SH605499,-0.024677248613392076,EXP_DEnsembleModel_Alpha158_csi300_custom_step0_s_20260521_16,2fcea84c08a442a3ab64e414f50e10e3,0.078,,,
768,2026-05-21,SH605117,-0.2172959108073436,EXP_DEnsembleModel_Alpha158_csi300_custom_step0_s_20260521_16,2fcea84c08a442a3ab64e414f50e10e3,0.078,,,
769,2026-05-21,SH688041,0.15745689480450745,EXP_DEnsembleModel_Alpha158_csi300_custom_step0_s_20260521_16,2fcea84c08a442a3ab64e414f50e10e3,0.078,,,
770,2026-05-21,SZ000938,0.10340244351770556,EXP_DEnsembleModel_Alpha158_csi300_custom_step0_s_20260521_16,2fcea84c08a442a3ab64e414f50e10e3,0.078,,,
771,2026-05-21,SZ000963,-0.05978292152695256,EXP_DEnsembleModel_Alpha158_csi300_custom_step0_s_20260521_16,2fcea84c08a442a3ab64e414f50e10e3,0.078,,,
772,2026-05-21,SZ000975,-0.08153258117083569,EXP_DEnsembleModel_Alpha158_csi300_custom_step0_s_20260521_16,2fcea84c08a442a3ab64e414f50e10e3,0.078,,,
773,2026-05-21,SZ002709,-0.11921452389668266,EXP_DEnsembleModel_Alpha158_csi300_custom_step0_s_20260521_16,2fcea84c08a442a3ab64e414f50e10e3,0.078,,,
774,2026-05-21,SZ002714,-0.14173551213674893,EXP_DEnsembleModel_Alpha158_csi300_custom_step0_s_20260521_16,2fcea84c08a442a3ab64e414f50e10e3,0.078,,,
775,2026-05-21,SZ002736,-0.04142960851393912,EXP_DEnsembleModel_Alpha158_csi300_custom_step0_s_20260521_16,2fcea84c08a442a3ab64e414f50e10e3,0.078,,,
776,2026-05-21,SZ002916,-0.040506411855565,EXP_DEnsembleModel_Alpha158_csi300_custom_step0_s_20260521_16,2fcea84c08a442a3ab64e414f50e10e3,0.078,,,
777,2026-05-21,SZ002920,-0.02933566316726944,EXP_DEnsembleModel_Alpha158_csi300_custom_step0_s_20260521_16,2fcea84c08a442a3ab64e414f50e10e3,0.078,,,
778,2026-05-21,SZ002938,-0.18704332235395513,EXP_DEnsembleModel_Alpha158_csi300_custom_step0_s_20260521_16,2fcea84c08a442a3ab64e414f50e10e3,0.078,,,
779,2026-05-21,SZ003816,-0.05378897090746655,EXP_DEnsembleModel_Alpha158_csi300_custom_step0_s_20260521_16,2fcea84c08a442a3ab64e414f50e10e3,0.078,,,
780,2026-05-21,SZ300014,-0.14198146256230879,EXP_DEnsembleModel_Alpha158_csi300_custom_step0_s_20260521_16,2fcea84c08a442a3ab64e414f50e10e3,0.078,,,
781,2026-05-21,SZ300015,-0.04499022381308055,EXP_DEnsembleModel_Alpha158_csi300_custom_step0_s_20260521_16,2fcea84c08a442a3ab64e414f50e10e3,0.078,,,
782,2026-05-21,SZ300033,-0.014534796092686994,EXP_DEnsembleModel_Alpha158_csi300_custom_step0_s_20260521_16,2fcea84c08a442a3ab64e414f50e10e3,0.078,,,
783,2026-05-21,SZ300059,-0.12943945281674155,EXP_DEnsembleModel_Alpha158_csi300_custom_step0_s_20260521_16,2fcea84c08a442a3ab64e414f50e10e3,0.078,,,
784,2026-05-21,SZ300122,-0.14000961204363307,EXP_DEnsembleModel_Alpha158_csi300_custom_step0_s_20260521_16,2fcea84c08a442a3ab64e414f50e10e3,0.078,,,
785,2026-05-21,SZ300124,-0.011375561181868459,EXP_DEnsembleModel_Alpha158_csi300_custom_step0_s_20260521_16,2fcea84c08a442a3ab64e414f50e10e3,0.078,,,
786,2026-05-21,SZ300251,-0.07802208286323968,EXP_DEnsembleModel_Alpha158_csi300_custom_step0_s_20260521_16,2fcea84c08a442a3ab64e414f50e10e3,0.078,,,
787,2026-05-21,SZ300274,-0.17468229139348487,EXP_DEnsembleModel_Alpha158_csi300_custom_step0_s_20260521_16,2fcea84c08a442a3ab64e414f50e10e3,0.078,,,
788,2026-05-21,SZ300308,0.1711406751204721,EXP_DEnsembleModel_Alpha158_csi300_custom_step0_s_20260521_16,2fcea84c08a442a3ab64e414f50e10e3,0.078,,,
789,2026-05-21,SZ300316,-0.030770345958937927,EXP_DEnsembleModel_Alpha158_csi300_custom_step0_s_20260521_16,2fcea84c08a442a3ab64e414f50e10e3,0.078,,,
790,2026-05-21,SZ300759,-0.039014454008338216,EXP_DEnsembleModel_Alpha158_csi300_custom_step0_s_20260521_16,2fcea84c08a442a3ab64e414f50e10e3,0.078,,,
791,2026-05-21,SZ300750,-0.05233616254852063,EXP_DEnsembleModel_Alpha158_csi300_custom_step0_s_20260521_16,2fcea84c08a442a3ab64e414f50e10e3,0.078,,,
792,2026-05-21,SZ300661,-0.10602958378565269,EXP_DEnsembleModel_Alpha158_csi300_custom_step0_s_20260521_16,2fcea84c08a442a3ab64e414f50e10e3,0.078,,,
793,2026-05-21,SZ300628,0.00041686684723571524,EXP_DEnsembleModel_Alpha158_csi300_custom_step0_s_20260521_16,2fcea84c08a442a3ab64e414f50e10e3,0.078,,,
794,2026-05-21,SZ300502,-0.019695663334493633,EXP_DEnsembleModel_Alpha158_csi300_custom_step0_s_20260521_16,2fcea84c08a442a3ab64e414f50e10e3,0.078,,,
795,2026-05-21,SZ300498,-0.13044838231891262,EXP_DEnsembleModel_Alpha158_csi300_custom_step0_s_20260521_16,2fcea84c08a442a3ab64e414f50e10e3,0.078,,,
796,2026-05-21,SZ002648,-0.13866324013773448,EXP_DEnsembleModel_Alpha158_csi300_custom_step0_s_20260521_16,2fcea84c08a442a3ab64e414f50e10e3,0.078,,,
797,2026-05-21,SZ300476,-0.020747407195069387,EXP_DEnsembleModel_Alpha158_csi300_custom_step0_s_20260521_16,2fcea84c08a442a3ab64e414f50e10e3,0.078,,,
798,2026-05-21,SZ300433,0.05425122304448296,EXP_DEnsembleModel_Alpha158_csi300_custom_step0_s_20260521_16,2fcea84c08a442a3ab64e414f50e10e3,0.078,,,
799,2026-05-21,SZ300418,-0.15994698390202813,EXP_DEnsembleModel_Alpha158_csi300_custom_step0_s_20260521_16,2fcea84c08a442a3ab64e414f50e10e3,0.078,,,
800,2026-05-21,SZ300413,-0.08003831041390011,EXP_DEnsembleModel_Alpha158_csi300_custom_step0_s_20260521_16,2fcea84c08a442a3ab64e414f50e10e3,0.078,,,
801,2026-05-21,SZ300408,-0.131631375672884,EXP_DEnsembleModel_Alpha158_csi300_custom_step0_s_20260521_16,2fcea84c08a442a3ab64e414f50e10e3,0.078,,,
802,2026-05-21,SZ300394,0.03147128365990858,EXP_DEnsembleModel_Alpha158_csi300_custom_step0_s_20260521_16,2fcea84c08a442a3ab64e414f50e10e3,0.078,,,
803,2026-05-21,SZ300347,-0.07625021980364044,EXP_DEnsembleModel_Alpha158_csi300_custom_step0_s_20260521_16,2fcea84c08a442a3ab64e414f50e10e3,0.078,,,
804,2026-05-21,SZ300442,-0.05431208606576659,EXP_DEnsembleModel_Alpha158_csi300_custom_step0_s_20260521_16,2fcea84c08a442a3ab64e414f50e10e3,0.078,,,
805,2026-05-21,SZ002625,-0.13723107015768476,EXP_DEnsembleModel_Alpha158_csi300_custom_step0_s_20260521_16,2fcea84c08a442a3ab64e414f50e10e3,0.078,,,
806,2026-05-21,SZ002601,-0.021732041834532246,EXP_DEnsembleModel_Alpha158_csi300_custom_step0_s_20260521_16,2fcea84c08a442a3ab64e414f50e10e3,0.078,,,
807,2026-05-21,SZ002600,0.04048926023252174,EXP_DEnsembleModel_Alpha158_csi300_custom_step0_s_20260521_16,2fcea84c08a442a3ab64e414f50e10e3,0.078,,,
808,2026-05-21,SZ002179,0.014399332395458701,EXP_DEnsembleModel_Alpha158_csi300_custom_step0_s_20260521_16,2fcea84c08a442a3ab64e414f50e10e3,0.078,,,
809,2026-05-21,SZ002142,0.034527517093234115,EXP_DEnsembleModel_Alpha158_csi300_custom_step0_s_20260521_16,2fcea84c08a442a3ab64e414f50e10e3,0.078,,,
810,2026-05-21,SZ002074,-0.14437928972860398,EXP_DEnsembleModel_Alpha158_csi300_custom_step0_s_20260521_16,2fcea84c08a442a3ab64e414f50e10e3,0.078,,,
811,2026-05-21,SZ002050,-0.01322340471984827,EXP_DEnsembleModel_Alpha158_csi300_custom_step0_s_20260521_16,2fcea84c08a442a3ab64e414f50e10e3,0.078,,,
812,2026-05-21,SZ002049,0.035551405512642256,EXP_DEnsembleModel_Alpha158_csi300_custom_step0_s_20260521_16,2fcea84c08a442a3ab64e414f50e10e3,0.078,,,
813,2026-05-21,SZ002028,-0.032802222046631434,EXP_DEnsembleModel_Alpha158_csi300_custom_step0_s_20260521_16,2fcea84c08a442a3ab64e414f50e10e3,0.078,,,
814,2026-05-21,SZ002230,-0.09307686306628606,EXP_DEnsembleModel_Alpha158_csi300_custom_step0_s_20260521_16,2fcea84c08a442a3ab64e414f50e10e3,0.078,,,
815,2026-05-21,SZ002027,-0.07792376601429847,EXP_DEnsembleModel_Alpha158_csi300_custom_step0_s_20260521_16,2fcea84c08a442a3ab64e414f50e10e3,0.078,,,
816,2026-05-21,SZ001979,-0.2335023345288097,EXP_DEnsembleModel_Alpha158_csi300_custom_step0_s_20260521_16,2fcea84c08a442a3ab64e414f50e10e3,0.078,,,
817,2026-05-21,SZ001965,0.06331836491780093,EXP_DEnsembleModel_Alpha158_csi300_custom_step0_s_20260521_16,2fcea84c08a442a3ab64e414f50e10e3,0.078,,,
818,2026-05-21,SZ001391,0.019139150800833348,EXP_DEnsembleModel_Alpha158_csi300_custom_step0_s_20260521_16,2fcea84c08a442a3ab64e414f50e10e3,0.078,,,
819,2026-05-21,SZ000999,0.025630765424581967,EXP_DEnsembleModel_Alpha158_csi300_custom_step0_s_20260521_16,2fcea84c08a442a3ab64e414f50e10e3,0.078,,,
820,2026-05-21,SZ000983,-0.08002760846332321,EXP_DEnsembleModel_Alpha158_csi300_custom_step0_s_20260521_16,2fcea84c08a442a3ab64e414f50e10e3,0.078,,,
821,2026-05-21,SZ000977,-0.020887938655819175,EXP_DEnsembleModel_Alpha158_csi300_custom_step0_s_20260521_16,2fcea84c08a442a3ab64e414f50e10e3,0.078,,,
822,2026-05-21,SZ002001,-0.05402997880421722,EXP_DEnsembleModel_Alpha158_csi300_custom_step0_s_20260521_16,2fcea84c08a442a3ab64e414f50e10e3,0.078,,,
823,2026-05-21,SH601698,-0.07082383356871726,EXP_DEnsembleModel_Alpha158_csi300_custom_step0_s_20260521_16,6c7be937aa7040479e2211102695e657,0.095,,,
824,2026-05-21,SZ002236,-0.005397411831876808,EXP_DEnsembleModel_Alpha158_csi300_custom_step0_s_20260521_16,2fcea84c08a442a3ab64e414f50e10e3,0.078,,,
825,2026-05-21,SZ002252,0.026803521996433995,EXP_DEnsembleModel_Alpha158_csi300_custom_step0_s_20260521_16,2fcea84c08a442a3ab64e414f50e10e3,0.078,,,
826,2026-05-21,SZ002594,-0.11489512843891464,EXP_DEnsembleModel_Alpha158_csi300_custom_step0_s_20260521_16,2fcea84c08a442a3ab64e414f50e10e3,0.078,,,
827,2026-05-21,SZ002493,-0.1690847033633009,EXP_DEnsembleModel_Alpha158_csi300_custom_step0_s_20260521_16,2fcea84c08a442a3ab64e414f50e10e3,0.078,,,
828,2026-05-21,SZ002475,0.11953045771881846,EXP_DEnsembleModel_Alpha158_csi300_custom_step0_s_20260521_16,2fcea84c08a442a3ab64e414f50e10e3,0.078,,,
829,2026-05-21,SZ002466,0.04702185219286256,EXP_DEnsembleModel_Alpha158_csi300_custom_step0_s_20260521_16,2fcea84c08a442a3ab64e414f50e10e3,0.078,,,
830,2026-05-21,SZ002463,-0.14986526077037768,EXP_DEnsembleModel_Alpha158_csi300_custom_step0_s_20260521_16,2fcea84c08a442a3ab64e414f50e10e3,0.078,,,
831,2026-05-21,SZ002460,-0.11871838870967463,EXP_DEnsembleModel_Alpha158_csi300_custom_step0_s_20260521_16,2fcea84c08a442a3ab64e414f50e10e3,0.078,,,
832,2026-05-21,SZ002241,0.026695454305706665,EXP_DEnsembleModel_Alpha158_csi300_custom_step0_s_20260521_16,2fcea84c08a442a3ab64e414f50e10e3,0.078,,,
833,2026-05-21,SZ002459,-0.12457473709242207,EXP_DEnsembleModel_Alpha158_csi300_custom_step0_s_20260521_16,2fcea84c08a442a3ab64e414f50e10e3,0.078,,,
834,2026-05-21,SZ002415,-0.06377290271502793,EXP_DEnsembleModel_Alpha158_csi300_custom_step0_s_20260521_16,2fcea84c08a442a3ab64e414f50e10e3,0.078,,,
835,2026-05-21,SZ002384,0.07960049245443739,EXP_DEnsembleModel_Alpha158_csi300_custom_step0_s_20260521_16,2fcea84c08a442a3ab64e414f50e10e3,0.078,,,
836,2026-05-21,SZ002371,-0.0875926664958723,EXP_DEnsembleModel_Alpha158_csi300_custom_step0_s_20260521_16,2fcea84c08a442a3ab64e414f50e10e3,0.078,,,
837,2026-05-21,SZ002352,0.03424028241118175,EXP_DEnsembleModel_Alpha158_csi300_custom_step0_s_20260521_16,2fcea84c08a442a3ab64e414f50e10e3,0.078,,,
838,2026-05-21,SZ002311,0.005832221746476659,EXP_DEnsembleModel_Alpha158_csi300_custom_step0_s_20260521_16,2fcea84c08a442a3ab64e414f50e10e3,0.078,,,
839,2026-05-21,SZ002304,-0.01892314667378691,EXP_DEnsembleModel_Alpha158_csi300_custom_step0_s_20260521_16,2fcea84c08a442a3ab64e414f50e10e3,0.078,,,
840,2026-05-21,SZ002422,-0.056459269380733146,EXP_DEnsembleModel_Alpha158_csi300_custom_step0_s_20260521_16,2fcea84c08a442a3ab64e414f50e10e3,0.078,,,
841,2026-05-21,SH601728,-0.03442550885318098,EXP_DEnsembleModel_Alpha158_csi300_custom_step0_s_20260521_16,6c7be937aa7040479e2211102695e657,0.095,,,
842,2026-05-21,SH601766,0.03515640589007057,EXP_DEnsembleModel_Alpha158_csi300_custom_step0_s_20260521_16,6c7be937aa7040479e2211102695e657,0.095,,,
843,2026-05-21,SH601788,-0.041878628039938,EXP_DEnsembleModel_Alpha158_csi300_custom_step0_s_20260521_16,6c7be937aa7040479e2211102695e657,0.095,,,
844,2026-05-21,SH600025,-0.027167745486275315,EXP_DEnsembleModel_Alpha158_csi300_custom_step0_s_20260521_16,9a7904693a6c454d87fba758511b42d8,0.036,,,
845,2026-05-21,SH600026,-0.06013208553027472,EXP_DEnsembleModel_Alpha158_csi300_custom_step0_s_20260521_16,9a7904693a6c454d87fba758511b42d8,0.036,,,
846,2026-05-21,SH600027,0.033057213466366815,EXP_DEnsembleModel_Alpha158_csi300_custom_step0_s_20260521_16,9a7904693a6c454d87fba758511b42d8,0.036,,,
847,2026-05-21,SH600028,-0.08280757700969031,EXP_DEnsembleModel_Alpha158_csi300_custom_step0_s_20260521_16,9a7904693a6c454d87fba758511b42d8,0.036,,,
848,2026-05-21,SH600029,0.04913805657576582,EXP_DEnsembleModel_Alpha158_csi300_custom_step0_s_20260521_16,9a7904693a6c454d87fba758511b42d8,0.036,,,
849,2026-05-21,SH600030,0.140855254974975,EXP_DEnsembleModel_Alpha158_csi300_custom_step0_s_20260521_16,9a7904693a6c454d87fba758511b42d8,0.036,,,
850,2026-05-21,SH600031,0.028340316479207917,EXP_DEnsembleModel_Alpha158_csi300_custom_step0_s_20260521_16,9a7904693a6c454d87fba758511b42d8,0.036,,,
851,2026-05-21,SH600036,-0.08500456600845348,EXP_DEnsembleModel_Alpha158_csi300_custom_step0_s_20260521_16,9a7904693a6c454d87fba758511b42d8,0.036,,,
852,2026-05-21,SH600039,-0.008517188357855183,EXP_DEnsembleModel_Alpha158_csi300_custom_step0_s_20260521_16,9a7904693a6c454d87fba758511b42d8,0.036,,,
853,2026-05-21,SH600048,0.058329222487519226,EXP_DEnsembleModel_Alpha158_csi300_custom_step0_s_20260521_16,9a7904693a6c454d87fba758511b42d8,0.036,,,
854,2026-05-21,SH600050,-0.031252611947292556,EXP_DEnsembleModel_Alpha158_csi300_custom_step0_s_20260521_16,9a7904693a6c454d87fba758511b42d8,0.036,,,
855,2026-05-21,SH600061,0.1339564548644857,EXP_DEnsembleModel_Alpha158_csi300_custom_step0_s_20260521_16,9a7904693a6c454d87fba758511b42d8,0.036,,,
856,2026-05-21,SH600066,0.02821171031146609,EXP_DEnsembleModel_Alpha158_csi300_custom_step0_s_20260521_16,9a7904693a6c454d87fba758511b42d8,0.036,,,
857,2026-05-21,SH600085,-0.027236251635068983,EXP_DEnsembleModel_Alpha158_csi300_custom_step0_s_20260521_16,9a7904693a6c454d87fba758511b42d8,0.036,,,
858,2026-05-21,SH600089,0.05953754670668524,EXP_DEnsembleModel_Alpha158_csi300_custom_step0_s_20260521_16,9a7904693a6c454d87fba758511b42d8,0.036,,,
859,2026-05-21,SH600104,-0.006125575430825561,EXP_DEnsembleModel_Alpha158_csi300_custom_step0_s_20260521_16,9a7904693a6c454d87fba758511b42d8,0.036,,,
860,2026-05-21,SH600111,-0.01150485942094435,EXP_DEnsembleModel_Alpha158_csi300_custom_step0_s_20260521_16,9a7904693a6c454d87fba758511b42d8,0.036,,,
861,2026-05-21,SH600362,0.02919068963914434,EXP_DEnsembleModel_Alpha158_csi300_custom_step0_s_20260521_16,9a7904693a6c454d87fba758511b42d8,0.036,,,
862,2026-05-21,SH600346,0.07257513541327851,EXP_DEnsembleModel_Alpha158_csi300_custom_step0_s_20260521_16,9a7904693a6c454d87fba758511b42d8,0.036,,,
863,2026-05-21,SH600309,0.10264223521263978,EXP_DEnsembleModel_Alpha158_csi300_custom_step0_s_20260521_16,9a7904693a6c454d87fba758511b42d8,0.036,,,
864,2026-05-21,SH600276,0.05544803009568778,EXP_DEnsembleModel_Alpha158_csi300_custom_step0_s_20260521_16,9a7904693a6c454d87fba758511b42d8,0.036,,,
865,2026-05-21,SH600233,0.07047486735897283,EXP_DEnsembleModel_Alpha158_csi300_custom_step0_s_20260521_16,9a7904693a6c454d87fba758511b42d8,0.036,,,
866,2026-05-21,SH600219,0.16050600716473057,EXP_DEnsembleModel_Alpha158_csi300_custom_step0_s_20260521_16,9a7904693a6c454d87fba758511b42d8,0.036,,,
867,2026-05-21,SH600023,-0.04892464002453019,EXP_DEnsembleModel_Alpha158_csi300_custom_step0_s_20260521_16,9a7904693a6c454d87fba758511b42d8,0.036,,,
868,2026-05-21,SH600196,-0.06028803515832939,EXP_DEnsembleModel_Alpha158_csi300_custom_step0_s_20260521_16,9a7904693a6c454d87fba758511b42d8,0.036,,,
869,2026-05-21,SH600183,-0.18936799274833674,EXP_DEnsembleModel_Alpha158_csi300_custom_step0_s_20260521_16,9a7904693a6c454d87fba758511b42d8,0.036,,,
870,2026-05-21,SH600176,0.2103477035064594,EXP_DEnsembleModel_Alpha158_csi300_custom_step0_s_20260521_16,9a7904693a6c454d87fba758511b42d8,0.036,,,
871,2026-05-21,SH600161,0.013359856052577841,EXP_DEnsembleModel_Alpha158_csi300_custom_step0_s_20260521_16,9a7904693a6c454d87fba758511b42d8,0.036,,,
872,2026-05-21,SH600160,0.16830156738352312,EXP_DEnsembleModel_Alpha158_csi300_custom_step0_s_20260521_16,9a7904693a6c454d87fba758511b42d8,0.036,,,
873,2026-05-21,SH600150,0.21897618149434026,EXP_DEnsembleModel_Alpha158_csi300_custom_step0_s_20260521_16,9a7904693a6c454d87fba758511b42d8,0.036,,,
874,2026-05-21,SH600115,0.1247875604795081,EXP_DEnsembleModel_Alpha158_csi300_custom_step0_s_20260521_16,9a7904693a6c454d87fba758511b42d8,0.036,,,
875,2026-05-21,SH600188,0.03782565836200247,EXP_DEnsembleModel_Alpha158_csi300_custom_step0_s_20260521_16,9a7904693a6c454d87fba758511b42d8,0.036,,,
876,2026-05-21,SH600372,0.07903615967525368,EXP_DEnsembleModel_Alpha158_csi300_custom_step0_s_20260521_16,9a7904693a6c454d87fba758511b42d8,0.036,,,
877,2026-05-21,SH600019,-0.0403503711182689,EXP_DEnsembleModel_Alpha158_csi300_custom_step0_s_20260521_16,9a7904693a6c454d87fba758511b42d8,0.036,,,
878,2026-05-21,SH600016,-0.11085619831772116,EXP_DEnsembleModel_Alpha158_csi300_custom_step0_s_20260521_16,9a7904693a6c454d87fba758511b42d8,0.036,,,
879,2026-05-21,SZ300316,-0.07274854408040145,EXP_DEnsembleModel_Alpha158_csi300_custom_step0_s_20260521_16,6c7be937aa7040479e2211102695e657,0.095,,,
880,2026-05-21,SZ300347,-0.10590484740963417,EXP_DEnsembleModel_Alpha158_csi300_custom_step0_s_20260521_16,6c7be937aa7040479e2211102695e657,0.095,,,
881,2026-05-21,SZ300394,0.1326067325682245,EXP_DEnsembleModel_Alpha158_csi300_custom_step0_s_20260521_16,6c7be937aa7040479e2211102695e657,0.095,,,
882,2026-05-21,SZ300408,-0.25276676576247153,EXP_DEnsembleModel_Alpha158_csi300_custom_step0_s_20260521_16,6c7be937aa7040479e2211102695e657,0.095,,,
883,2026-05-21,SZ300413,-0.13619521803696458,EXP_DEnsembleModel_Alpha158_csi300_custom_step0_s_20260521_16,6c7be937aa7040479e2211102695e657,0.095,,,
884,2026-05-21,SZ300418,-0.15180768451280893,EXP_DEnsembleModel_Alpha158_csi300_custom_step0_s_20260521_16,6c7be937aa7040479e2211102695e657,0.095,,,
885,2026-05-21,SZ300433,0.11524209778226457,EXP_DEnsembleModel_Alpha158_csi300_custom_step0_s_20260521_16,6c7be937aa7040479e2211102695e657,0.095,,,
886,2026-05-21,SZ300442,-0.017036946526618735,EXP_DEnsembleModel_Alpha158_csi300_custom_step0_s_20260521_16,6c7be937aa7040479e2211102695e657,0.095,,,
887,2026-05-21,SZ300476,0.09291694849172016,EXP_DEnsembleModel_Alpha158_csi300_custom_step0_s_20260521_16,6c7be937aa7040479e2211102695e657,0.095,,,
888,2026-05-21,SZ300498,-0.10170566621786752,EXP_DEnsembleModel_Alpha158_csi300_custom_step0_s_20260521_16,6c7be937aa7040479e2211102695e657,0.095,,,
889,2026-05-21,SZ300502,0.039807509473316405,EXP_DEnsembleModel_Alpha158_csi300_custom_step0_s_20260521_16,6c7be937aa7040479e2211102695e657,0.095,,,
890,2026-05-21,SZ300628,-0.019866292719607527,EXP_DEnsembleModel_Alpha158_csi300_custom_step0_s_20260521_16,6c7be937aa7040479e2211102695e657,0.095,,,
891,2026-05-21,SZ300661,-0.06528271485737241,EXP_DEnsembleModel_Alpha158_csi300_custom_step0_s_20260521_16,6c7be937aa7040479e2211102695e657,0.095,,,
892,2026-05-21,SZ300750,-0.017001719284191356,EXP_DEnsembleModel_Alpha158_csi300_custom_step0_s_20260521_16,6c7be937aa7040479e2211102695e657,0.095,,,
893,2026-05-21,SZ300759,-0.0030935689595361087,EXP_DEnsembleModel_Alpha158_csi300_custom_step0_s_20260521_16,6c7be937aa7040479e2211102695e657,0.095,,,
894,2026-05-21,SZ300760,-0.00419695654897115,EXP_DEnsembleModel_Alpha158_csi300_custom_step0_s_20260521_16,6c7be937aa7040479e2211102695e657,0.095,,,
895,2026-05-21,SZ300782,0.23418063432265782,EXP_DEnsembleModel_Alpha158_csi300_custom_step0_s_20260521_16,6c7be937aa7040479e2211102695e657,0.095,,,
896,2026-05-21,SH600015,-0.08973662723717424,EXP_DEnsembleModel_Alpha158_csi300_custom_step0_s_20260521_16,9a7904693a6c454d87fba758511b42d8,0.036,,,
897,2026-05-21,SH600011,0.005383074917459592,EXP_DEnsembleModel_Alpha158_csi300_custom_step0_s_20260521_16,9a7904693a6c454d87fba758511b42d8,0.036,,,
898,2026-05-21,SH600010,0.08961003582508162,EXP_DEnsembleModel_Alpha158_csi300_custom_step0_s_20260521_16,9a7904693a6c454d87fba758511b42d8,0.036,,,
899,2026-05-21,SH600009,0.011332629013993442,EXP_DEnsembleModel_Alpha158_csi300_custom_step0_s_20260521_16,9a7904693a6c454d87fba758511b42d8,0.036,,,
900,2026-05-21,SH600000,-0.08075294751361752,EXP_DEnsembleModel_Alpha158_csi300_custom_step0_s_20260521_16,9a7904693a6c454d87fba758511b42d8,0.036,,,
901,2026-05-21,SZ302132,-0.17546063709067827,EXP_DEnsembleModel_Alpha158_csi300_custom_step0_s_20260521_16,6c7be937aa7040479e2211102695e657,0.095,,,
902,2026-05-21,SH600018,0.008935715856779982,EXP_DEnsembleModel_Alpha158_csi300_custom_step0_s_20260521_16,9a7904693a6c454d87fba758511b42d8,0.036,,,
903,2026-05-21,SZ301269,-0.14337337359301403,EXP_DEnsembleModel_Alpha158_csi300_custom_step0_s_20260521_16,6c7be937aa7040479e2211102695e657,0.095,,,
904,2026-05-21,SZ300999,-0.07502574598945133,EXP_DEnsembleModel_Alpha158_csi300_custom_step0_s_20260521_16,6c7be937aa7040479e2211102695e657,0.095,,,
905,2026-05-21,SZ300979,-0.08549906279684984,EXP_DEnsembleModel_Alpha158_csi300_custom_step0_s_20260521_16,6c7be937aa7040479e2211102695e657,0.095,,,
906,2026-05-21,SZ300896,-0.23787549208245243,EXP_DEnsembleModel_Alpha158_csi300_custom_step0_s_20260521_16,6c7be937aa7040479e2211102695e657,0.095,,,
907,2026-05-21,SZ300866,0.10194597463112555,EXP_DEnsembleModel_Alpha158_csi300_custom_step0_s_20260521_16,6c7be937aa7040479e2211102695e657,0.095,,,
908,2026-05-21,SZ300832,-0.11278404819441364,EXP_DEnsembleModel_Alpha158_csi300_custom_step0_s_20260521_16,6c7be937aa7040479e2211102695e657,0.095,,,
909,2026-05-21,SZ300803,-0.10598648829145688,EXP_DEnsembleModel_Alpha158_csi300_custom_step0_s_20260521_16,6c7be937aa7040479e2211102695e657,0.095,,,
910,2026-05-21,SZ301236,-0.1735043191207006,EXP_DEnsembleModel_Alpha158_csi300_custom_step0_s_20260521_16,6c7be937aa7040479e2211102695e657,0.095,,,
911,2026-05-21,SH600377,0.041583248603501786,EXP_DEnsembleModel_Alpha158_csi300_custom_step0_s_20260521_16,9a7904693a6c454d87fba758511b42d8,0.036,,,
912,2026-05-21,SH600406,-0.012086985619495873,EXP_DEnsembleModel_Alpha158_csi300_custom_step0_s_20260521_16,9a7904693a6c454d87fba758511b42d8,0.036,,,
913,2026-05-21,SH600415,0.041668932395309284,EXP_DEnsembleModel_Alpha158_csi300_custom_step0_s_20260521_16,9a7904693a6c454d87fba758511b42d8,0.036,,,
914,2026-05-21,SH600958,0.08135694070049385,EXP_DEnsembleModel_Alpha158_csi300_custom_step0_s_20260521_16,9a7904693a6c454d87fba758511b42d8,0.036,,,
915,2026-05-21,SH600989,0.12028538099561333,EXP_DEnsembleModel_Alpha158_csi300_custom_step0_s_20260521_16,9a7904693a6c454d87fba758511b42d8,0.036,,,
916,2026-05-21,SH600999,-0.1635492752126468,EXP_DEnsembleModel_Alpha158_csi300_custom_step0_s_20260521_16,9a7904693a6c454d87fba758511b42d8,0.036,,,
917,2026-05-21,SH601006,-0.013799286471112093,EXP_DEnsembleModel_Alpha158_csi300_custom_step0_s_20260521_16,9a7904693a6c454d87fba758511b42d8,0.036,,,
918,2026-05-21,SH601009,-0.09811409910618704,EXP_DEnsembleModel_Alpha158_csi300_custom_step0_s_20260521_16,9a7904693a6c454d87fba758511b42d8,0.036,,,
919,2026-05-21,SH601012,0.08734983924132271,EXP_DEnsembleModel_Alpha158_csi300_custom_step0_s_20260521_16,9a7904693a6c454d87fba758511b42d8,0.036,,,
920,2026-05-21,SH601018,0.0379125641346679,EXP_DEnsembleModel_Alpha158_csi300_custom_step0_s_20260521_16,9a7904693a6c454d87fba758511b42d8,0.036,,,
921,2026-05-21,SH601021,-0.042417295921417124,EXP_DEnsembleModel_Alpha158_csi300_custom_step0_s_20260521_16,9a7904693a6c454d87fba758511b42d8,0.036,,,
922,2026-05-21,SH601058,0.09827652294714677,EXP_DEnsembleModel_Alpha158_csi300_custom_step0_s_20260521_16,9a7904693a6c454d87fba758511b42d8,0.036,,,
923,2026-05-21,SH601059,-0.03401921727347241,EXP_DEnsembleModel_Alpha158_csi300_custom_step0_s_20260521_16,9a7904693a6c454d87fba758511b42d8,0.036,,,
924,2026-05-21,SH601066,0.07698690388102852,EXP_DEnsembleModel_Alpha158_csi300_custom_step0_s_20260521_16,9a7904693a6c454d87fba758511b42d8,0.036,,,
925,2026-05-21,SH601077,-0.10326583348005748,EXP_DEnsembleModel_Alpha158_csi300_custom_step0_s_20260521_16,9a7904693a6c454d87fba758511b42d8,0.036,,,
926,2026-05-21,SH601088,-0.04333111682862288,EXP_DEnsembleModel_Alpha158_csi300_custom_step0_s_20260521_16,9a7904693a6c454d87fba758511b42d8,0.036,,,
927,2026-05-21,SH601100,0.06491550778815167,EXP_DEnsembleModel_Alpha158_csi300_custom_step0_s_20260521_16,9a7904693a6c454d87fba758511b42d8,0.036,,,
928,2026-05-21,SH601111,0.04996381637555556,EXP_DEnsembleModel_Alpha158_csi300_custom_step0_s_20260521_16,9a7904693a6c454d87fba758511b42d8,0.036,,,
929,2026-05-21,SH601117,0.004321136212768593,EXP_DEnsembleModel_Alpha158_csi300_custom_step0_s_20260521_16,9a7904693a6c454d87fba758511b42d8,0.036,,,
930,2026-05-21,SH601127,-0.03234460942291566,EXP_DEnsembleModel_Alpha158_csi300_custom_step0_s_20260521_16,9a7904693a6c454d87fba758511b42d8,0.036,,,
931,2026-05-21,SH601319,0.09182968614365243,EXP_DEnsembleModel_Alpha158_csi300_custom_step0_s_20260521_16,9a7904693a6c454d87fba758511b42d8,0.036,,,
932,2026-05-21,SH601318,0.00034249941862392726,EXP_DEnsembleModel_Alpha158_csi300_custom_step0_s_20260521_16,9a7904693a6c454d87fba758511b42d8,0.036,,,
933,2026-05-21,SH601298,0.041979542102398175,EXP_DEnsembleModel_Alpha158_csi300_custom_step0_s_20260521_16,9a7904693a6c454d87fba758511b42d8,0.036,,,
934,2026-05-21,SH601288,0.07326413366745625,EXP_DEnsembleModel_Alpha158_csi300_custom_step0_s_20260521_16,9a7904693a6c454d87fba758511b42d8,0.036,,,
935,2026-05-21,SH601238,0.03840926889085594,EXP_DEnsembleModel_Alpha158_csi300_custom_step0_s_20260521_16,9a7904693a6c454d87fba758511b42d8,0.036,,,
936,2026-05-21,SH601236,-0.033135907093134014,EXP_DEnsembleModel_Alpha158_csi300_custom_step0_s_20260521_16,9a7904693a6c454d87fba758511b42d8,0.036,,,
937,2026-05-21,SH600941,0.010043166653351558,EXP_DEnsembleModel_Alpha158_csi300_custom_step0_s_20260521_16,9a7904693a6c454d87fba758511b42d8,0.036,,,
938,2026-05-21,SH601229,-0.04004075447561417,EXP_DEnsembleModel_Alpha158_csi300_custom_step0_s_20260521_16,9a7904693a6c454d87fba758511b42d8,0.036,,,
939,2026-05-21,SH601211,0.0006449282964616356,EXP_DEnsembleModel_Alpha158_csi300_custom_step0_s_20260521_16,9a7904693a6c454d87fba758511b42d8,0.036,,,
940,2026-05-21,SH601186,-0.054629457801202846,EXP_DEnsembleModel_Alpha158_csi300_custom_step0_s_20260521_16,9a7904693a6c454d87fba758511b42d8,0.036,,,
941,2026-05-21,SH601169,-0.058672800375856336,EXP_DEnsembleModel_Alpha158_csi300_custom_step0_s_20260521_16,9a7904693a6c454d87fba758511b42d8,0.036,,,
942,2026-05-21,SH601166,-0.09963489047883214,EXP_DEnsembleModel_Alpha158_csi300_custom_step0_s_20260521_16,9a7904693a6c454d87fba758511b42d8,0.036,,,
943,2026-05-21,SH601138,-0.07217920642883568,EXP_DEnsembleModel_Alpha158_csi300_custom_step0_s_20260521_16,9a7904693a6c454d87fba758511b42d8,0.036,,,
944,2026-05-21,SH601136,0.014127175173428187,EXP_DEnsembleModel_Alpha158_csi300_custom_step0_s_20260521_16,9a7904693a6c454d87fba758511b42d8,0.036,,,
945,2026-05-21,SH601225,-0.06462548219192309,EXP_DEnsembleModel_Alpha158_csi300_custom_step0_s_20260521_16,9a7904693a6c454d87fba758511b42d8,0.036,,,
946,2026-05-21,SH600938,0.06320830431740367,EXP_DEnsembleModel_Alpha158_csi300_custom_step0_s_20260521_16,9a7904693a6c454d87fba758511b42d8,0.036,,,
947,2026-05-21,SH600930,0.064802495359927,EXP_DEnsembleModel_Alpha158_csi300_custom_step0_s_20260521_16,9a7904693a6c454d87fba758511b42d8,0.036,,,
948,2026-05-21,SH600926,-0.09056022835152414,EXP_DEnsembleModel_Alpha158_csi300_custom_step0_s_20260521_16,9a7904693a6c454d87fba758511b42d8,0.036,,,
949,2026-05-21,SH600588,0.03590885047788553,EXP_DEnsembleModel_Alpha158_csi300_custom_step0_s_20260521_16,9a7904693a6c454d87fba758511b42d8,0.036,,,
950,2026-05-21,SH600585,-0.027169969828356805,EXP_DEnsembleModel_Alpha158_csi300_custom_step0_s_20260521_16,9a7904693a6c454d87fba758511b42d8,0.036,,,
951,2026-05-21,SH600584,-0.2104856807389236,EXP_DEnsembleModel_Alpha158_csi300_custom_step0_s_20260521_16,9a7904693a6c454d87fba758511b42d8,0.036,,,
952,2026-05-21,SH600570,0.12212622394345368,EXP_DEnsembleModel_Alpha158_csi300_custom_step0_s_20260521_16,9a7904693a6c454d87fba758511b42d8,0.036,,,
953,2026-05-21,SH600547,0.10070378784685485,EXP_DEnsembleModel_Alpha158_csi300_custom_step0_s_20260521_16,9a7904693a6c454d87fba758511b42d8,0.036,,,
954,2026-05-21,SH600522,0.09768478999838487,EXP_DEnsembleModel_Alpha158_csi300_custom_step0_s_20260521_16,9a7904693a6c454d87fba758511b42d8,0.036,,,
955,2026-05-21,SH600600,-0.09104848502960848,EXP_DEnsembleModel_Alpha158_csi300_custom_step0_s_20260521_16,9a7904693a6c454d87fba758511b42d8,0.036,,,
956,2026-05-21,SH600519,-0.049229570281693405,EXP_DEnsembleModel_Alpha158_csi300_custom_step0_s_20260521_16,9a7904693a6c454d87fba758511b42d8,0.036,,,
957,2026-05-21,SH600489,0.07878314487340209,EXP_DEnsembleModel_Alpha158_csi300_custom_step0_s_20260521_16,9a7904693a6c454d87fba758511b42d8,0.036,,,
958,2026-05-21,SH600482,0.08577020992103737,EXP_DEnsembleModel_Alpha158_csi300_custom_step0_s_20260521_16,9a7904693a6c454d87fba758511b42d8,0.036,,,
959,2026-05-21,SH600460,0.05773678237055288,EXP_DEnsembleModel_Alpha158_csi300_custom_step0_s_20260521_16,9a7904693a6c454d87fba758511b42d8,0.036,,,
960,2026-05-21,SH600438,0.03742720401897266,EXP_DEnsembleModel_Alpha158_csi300_custom_step0_s_20260521_16,9a7904693a6c454d87fba758511b42d8,0.036,,,
961,2026-05-21,SH600436,0.03293361050842109,EXP_DEnsembleModel_Alpha158_csi300_custom_step0_s_20260521_16,9a7904693a6c454d87fba758511b42d8,0.036,,,
962,2026-05-21,SH600426,0.126470880261879,EXP_DEnsembleModel_Alpha158_csi300_custom_step0_s_20260521_16,9a7904693a6c454d87fba758511b42d8,0.036,,,
963,2026-05-21,SH600515,0.036798973382808076,EXP_DEnsembleModel_Alpha158_csi300_custom_step0_s_20260521_16,9a7904693a6c454d87fba758511b42d8,0.036,,,
964,2026-05-21,SZ300308,0.21368730580266368,EXP_DEnsembleModel_Alpha158_csi300_custom_step0_s_20260521_16,6c7be937aa7040479e2211102695e657,0.095,,,
965,2026-05-21,SH600660,-0.029916419611729153,EXP_DEnsembleModel_Alpha158_csi300_custom_step0_s_20260521_16,9a7904693a6c454d87fba758511b42d8,0.036,,,
966,2026-05-21,SH600690,-0.024857290240968846,EXP_DEnsembleModel_Alpha158_csi300_custom_step0_s_20260521_16,9a7904693a6c454d87fba758511b42d8,0.036,,,
967,2026-05-21,SH600919,0.008264621057707203,EXP_DEnsembleModel_Alpha158_csi300_custom_step0_s_20260521_16,9a7904693a6c454d87fba758511b42d8,0.036,,,
968,2026-05-21,SH600918,0.007320108227392604,EXP_DEnsembleModel_Alpha158_csi300_custom_step0_s_20260521_16,9a7904693a6c454d87fba758511b42d8,0.036,,,
969,2026-05-21,SH600905,-0.01586948514183936,EXP_DEnsembleModel_Alpha158_csi300_custom_step0_s_20260521_16,9a7904693a6c454d87fba758511b42d8,0.036,,,
970,2026-05-21,SH600900,-0.01569611436691613,EXP_DEnsembleModel_Alpha158_csi300_custom_step0_s_20260521_16,9a7904693a6c454d87fba758511b42d8,0.036,,,
971,2026-05-21,SH600893,0.005112988796499059,EXP_DEnsembleModel_Alpha158_csi300_custom_step0_s_20260521_16,9a7904693a6c454d87fba758511b42d8,0.036,,,
972,2026-05-21,SH600887,-0.03203218011619364,EXP_DEnsembleModel_Alpha158_csi300_custom_step0_s_20260521_16,9a7904693a6c454d87fba758511b42d8,0.036,,,
973,2026-05-21,SH600674,-0.007047314999869107,EXP_DEnsembleModel_Alpha158_csi300_custom_step0_s_20260521_16,9a7904693a6c454d87fba758511b42d8,0.036,,,
974,2026-05-21,SH600886,0.07683972139737924,EXP_DEnsembleModel_Alpha158_csi300_custom_step0_s_20260521_16,9a7904693a6c454d87fba758511b42d8,0.036,,,
975,2026-05-21,SH600845,-0.030200723741832438,EXP_DEnsembleModel_Alpha158_csi300_custom_step0_s_20260521_16,9a7904693a6c454d87fba758511b42d8,0.036,,,
976,2026-05-21,SH600809,0.04076747835622697,EXP_DEnsembleModel_Alpha158_csi300_custom_step0_s_20260521_16,9a7904693a6c454d87fba758511b42d8,0.036,,,
977,2026-05-21,SH600803,-0.10205438346976617,EXP_DEnsembleModel_Alpha158_csi300_custom_step0_s_20260521_16,9a7904693a6c454d87fba758511b42d8,0.036,,,
978,2026-05-21,SH600795,0.0818045513684793,EXP_DEnsembleModel_Alpha158_csi300_custom_step0_s_20260521_16,9a7904693a6c454d87fba758511b42d8,0.036,,,
979,2026-05-21,SH600760,-0.0895073329733678,EXP_DEnsembleModel_Alpha158_csi300_custom_step0_s_20260521_16,9a7904693a6c454d87fba758511b42d8,0.036,,,
980,2026-05-21,SH600741,0.0177317852968636,EXP_DEnsembleModel_Alpha158_csi300_custom_step0_s_20260521_16,9a7904693a6c454d87fba758511b42d8,0.036,,,
981,2026-05-21,SH600875,0.15313490727024776,EXP_DEnsembleModel_Alpha158_csi300_custom_step0_s_20260521_16,9a7904693a6c454d87fba758511b42d8,0.036,,,
982,2026-05-21,SH600905,-0.02823552116751671,EXP_LinearModel_Alpha158_csi300_custom_step0_s_20260521_15,e0e0fe7aefed4ad8a1b89f561b844988,0.115,,,
983,2026-05-21,SZ300274,-0.056454679549057044,EXP_DEnsembleModel_Alpha158_csi300_custom_step0_s_20260521_16,6c7be937aa7040479e2211102695e657,0.095,,,
984,2026-05-21,SZ300124,0.0735824112185119,EXP_DEnsembleModel_Alpha158_csi300_custom_step0_s_20260521_16,6c7be937aa7040479e2211102695e657,0.095,,,
985,2026-05-21,SH603993,-0.2076695231744333,EXP_DEnsembleModel_Alpha158_csi300_custom_step0_s_20260521_16,6c7be937aa7040479e2211102695e657,0.095,,,
986,2026-05-21,SH605117,-0.1873011193391286,EXP_DEnsembleModel_Alpha158_csi300_custom_step0_s_20260521_16,6c7be937aa7040479e2211102695e657,0.095,,,
987,2026-05-21,SH605499,-0.03550534390955988,EXP_DEnsembleModel_Alpha158_csi300_custom_step0_s_20260521_16,6c7be937aa7040479e2211102695e657,0.095,,,
988,2026-05-21,SH688008,-0.107160697436652,EXP_DEnsembleModel_Alpha158_csi300_custom_step0_s_20260521_16,6c7be937aa7040479e2211102695e657,0.095,,,
989,2026-05-21,SH688009,0.04565362019879747,EXP_DEnsembleModel_Alpha158_csi300_custom_step0_s_20260521_16,6c7be937aa7040479e2211102695e657,0.095,,,
990,2026-05-21,SH688012,-0.08733105347565427,EXP_DEnsembleModel_Alpha158_csi300_custom_step0_s_20260521_16,6c7be937aa7040479e2211102695e657,0.095,,,
991,2026-05-21,SH688036,-0.06904167485829152,EXP_DEnsembleModel_Alpha158_csi300_custom_step0_s_20260521_16,6c7be937aa7040479e2211102695e657,0.095,,,
992,2026-05-21,SH688041,0.10364454871200325,EXP_DEnsembleModel_Alpha158_csi300_custom_step0_s_20260521_16,6c7be937aa7040479e2211102695e657,0.095,,,
993,2026-05-21,SH688047,0.09803229920735869,EXP_DEnsembleModel_Alpha158_csi300_custom_step0_s_20260521_16,6c7be937aa7040479e2211102695e657,0.095,,,
994,2026-05-21,SH688082,0.0223391924171159,EXP_DEnsembleModel_Alpha158_csi300_custom_step0_s_20260521_16,6c7be937aa7040479e2211102695e657,0.095,,,
995,2026-05-21,SH688111,-0.12610263683321876,EXP_DEnsembleModel_Alpha158_csi300_custom_step0_s_20260521_16,6c7be937aa7040479e2211102695e657,0.095,,,
996,2026-05-21,SH688126,-0.14970882995994525,EXP_DEnsembleModel_Alpha158_csi300_custom_step0_s_20260521_16,6c7be937aa7040479e2211102695e657,0.095,,,
997,2026-05-21,SH688169,-0.10855342850205033,EXP_DEnsembleModel_Alpha158_csi300_custom_step0_s_20260521_16,6c7be937aa7040479e2211102695e657,0.095,,,
998,2026-05-21,SH688187,0.023960339865540716,EXP_DEnsembleModel_Alpha158_csi300_custom_step0_s_20260521_16,6c7be937aa7040479e2211102695e657,0.095,,,
999,2026-05-21,SH688223,-0.051402082771447165,EXP_DEnsembleModel_Alpha158_csi300_custom_step0_s_20260521_16,6c7be937aa7040479e2211102695e657,0.095,,,
1000,2026-05-21,SH688256,-0.09582586966940562,EXP_DEnsembleModel_Alpha158_csi300_custom_step0_s_20260521_16,6c7be937aa7040479e2211102695e657,0.095,,,
1001,2026-05-21,SH688271,0.0689286772908015,EXP_DEnsembleModel_Alpha158_csi300_custom_step0_s_20260521_16,6c7be937aa7040479e2211102695e657,0.095,,,
1002,2026-05-21,SZ000338,0.06691532923600939,EXP_DEnsembleModel_Alpha158_csi300_custom_step0_s_20260521_16,6c7be937aa7040479e2211102695e657,0.095,,,
1003,2026-05-21,SZ000333,0.18001301401594338,EXP_DEnsembleModel_Alpha158_csi300_custom_step0_s_20260521_16,6c7be937aa7040479e2211102695e657,0.095,,,
1004,2026-05-21,SZ000301,0.06807903382849345,EXP_DEnsembleModel_Alpha158_csi300_custom_step0_s_20260521_16,6c7be937aa7040479e2211102695e657,0.095,,,
1005,2026-05-21,SZ000166,0.025513564852996374,EXP_DEnsembleModel_Alpha158_csi300_custom_step0_s_20260521_16,6c7be937aa7040479e2211102695e657,0.095,,,
1006,2026-05-21,SZ000157,-0.00343458030489423,EXP_DEnsembleModel_Alpha158_csi300_custom_step0_s_20260521_16,6c7be937aa7040479e2211102695e657,0.095,,,
1007,2026-05-21,SZ000100,-0.08744541264979547,EXP_DEnsembleModel_Alpha158_csi300_custom_step0_s_20260521_16,6c7be937aa7040479e2211102695e657,0.095,,,
1008,2026-05-21,SH603986,-0.16356424573332812,EXP_DEnsembleModel_Alpha158_csi300_custom_step0_s_20260521_16,6c7be937aa7040479e2211102695e657,0.095,,,
1009,2026-05-21,SZ000063,-0.04600943632371797,EXP_DEnsembleModel_Alpha158_csi300_custom_step0_s_20260521_16,6c7be937aa7040479e2211102695e657,0.095,,,
1010,2026-05-21,SZ000001,0.019126182597558737,EXP_DEnsembleModel_Alpha158_csi300_custom_step0_s_20260521_16,6c7be937aa7040479e2211102695e657,0.095,,,
1011,2026-05-21,SH688981,-0.09394477384994124,EXP_DEnsembleModel_Alpha158_csi300_custom_step0_s_20260521_16,6c7be937aa7040479e2211102695e657,0.095,,,
1012,2026-05-21,SH688506,-0.06365473911925608,EXP_DEnsembleModel_Alpha158_csi300_custom_step0_s_20260521_16,6c7be937aa7040479e2211102695e657,0.095,,,
1013,2026-05-21,SH688472,-0.09058873368279609,EXP_DEnsembleModel_Alpha158_csi300_custom_step0_s_20260521_16,6c7be937aa7040479e2211102695e657,0.095,,,
1014,2026-05-21,SH688396,0.051562987560756994,EXP_DEnsembleModel_Alpha158_csi300_custom_step0_s_20260521_16,6c7be937aa7040479e2211102695e657,0.095,,,
1015,2026-05-21,SH688303,-0.15594341686280883,EXP_DEnsembleModel_Alpha158_csi300_custom_step0_s_20260521_16,6c7be937aa7040479e2211102695e657,0.095,,,
1016,2026-05-21,SZ000002,-0.209950781240144,EXP_DEnsembleModel_Alpha158_csi300_custom_step0_s_20260521_16,6c7be937aa7040479e2211102695e657,0.095,,,
1017,2026-05-21,SZ000408,-0.15087217481777335,EXP_DEnsembleModel_Alpha158_csi300_custom_step0_s_20260521_16,6c7be937aa7040479e2211102695e657,0.095,,,
1018,2026-05-21,SH603893,-0.09870396663458163,EXP_DEnsembleModel_Alpha158_csi300_custom_step0_s_20260521_16,6c7be937aa7040479e2211102695e657,0.095,,,
1019,2026-05-21,SH603501,-0.11793648163007524,EXP_DEnsembleModel_Alpha158_csi300_custom_step0_s_20260521_16,6c7be937aa7040479e2211102695e657,0.095,,,
1020,2026-05-21,SH601800,-0.0076758263198964255,EXP_DEnsembleModel_Alpha158_csi300_custom_step0_s_20260521_16,6c7be937aa7040479e2211102695e657,0.095,,,
1021,2026-05-21,SH601808,-0.008298566398289344,EXP_DEnsembleModel_Alpha158_csi300_custom_step0_s_20260521_16,6c7be937aa7040479e2211102695e657,0.095,,,
1022,2026-05-21,SH601816,0.025649053966664028,EXP_DEnsembleModel_Alpha158_csi300_custom_step0_s_20260521_16,6c7be937aa7040479e2211102695e657,0.095,,,
1023,2026-05-21,SH601818,0.07345193764411595,EXP_DEnsembleModel_Alpha158_csi300_custom_step0_s_20260521_16,6c7be937aa7040479e2211102695e657,0.095,,,
1024,2026-05-21,SH601825,0.09625068361148306,EXP_DEnsembleModel_Alpha158_csi300_custom_step0_s_20260521_16,6c7be937aa7040479e2211102695e657,0.095,,,
1025,2026-05-21,SH601838,0.05394319136235537,EXP_DEnsembleModel_Alpha158_csi300_custom_step0_s_20260521_16,6c7be937aa7040479e2211102695e657,0.095,,,
1026,2026-05-21,SH601857,-0.08229144800062557,EXP_DEnsembleModel_Alpha158_csi300_custom_step0_s_20260521_16,6c7be937aa7040479e2211102695e657,0.095,,,
1027,2026-05-21,SH601868,0.05768933201049428,EXP_DEnsembleModel_Alpha158_csi300_custom_step0_s_20260521_16,6c7be937aa7040479e2211102695e657,0.095,,,
1028,2026-05-21,SH601872,-0.14706617476902792,EXP_DEnsembleModel_Alpha158_csi300_custom_step0_s_20260521_16,6c7be937aa7040479e2211102695e657,0.095,,,
1029,2026-05-21,SH601877,-0.09682794789833758,EXP_DEnsembleModel_Alpha158_csi300_custom_step0_s_20260521_16,6c7be937aa7040479e2211102695e657,0.095,,,
1030,2026-05-21,SH601878,-0.0013590645361890809,EXP_DEnsembleModel_Alpha158_csi300_custom_step0_s_20260521_16,6c7be937aa7040479e2211102695e657,0.095,,,
1031,2026-05-21,SH601881,0.004410394648908493,EXP_DEnsembleModel_Alpha158_csi300_custom_step0_s_20260521_16,6c7be937aa7040479e2211102695e657,0.095,,,
1032,2026-05-21,SH601888,-0.007537947838090391,EXP_DEnsembleModel_Alpha158_csi300_custom_step0_s_20260521_16,6c7be937aa7040479e2211102695e657,0.095,,,
1033,2026-05-21,SH601898,-0.05020199328171599,EXP_DEnsembleModel_Alpha158_csi300_custom_step0_s_20260521_16,6c7be937aa7040479e2211102695e657,0.095,,,
1034,2026-05-21,SH601899,-0.28047400251253835,EXP_DEnsembleModel_Alpha158_csi300_custom_step0_s_20260521_16,6c7be937aa7040479e2211102695e657,0.095,,,
1035,2026-05-21,SH601901,0.021700791049833718,EXP_DEnsembleModel_Alpha158_csi300_custom_step0_s_20260521_16,6c7be937aa7040479e2211102695e657,0.095,,,
1036,2026-05-21,SH601916,0.1027558178498814,EXP_DEnsembleModel_Alpha158_csi300_custom_step0_s_20260521_16,6c7be937aa7040479e2211102695e657,0.095,,,
1037,2026-05-21,SH603392,-0.10737745137258357,EXP_DEnsembleModel_Alpha158_csi300_custom_step0_s_20260521_16,6c7be937aa7040479e2211102695e657,0.095,,,
1038,2026-05-21,SH603369,-0.00496299789546757,EXP_DEnsembleModel_Alpha158_csi300_custom_step0_s_20260521_16,6c7be937aa7040479e2211102695e657,0.095,,,
1039,2026-05-21,SH603296,-0.0071328920016029826,EXP_DEnsembleModel_Alpha158_csi300_custom_step0_s_20260521_16,6c7be937aa7040479e2211102695e657,0.095,,,
1040,2026-05-21,SH603288,-0.026535880275372552,EXP_DEnsembleModel_Alpha158_csi300_custom_step0_s_20260521_16,6c7be937aa7040479e2211102695e657,0.095,,,
1041,2026-05-21,SH603260,-0.09538796610994506,EXP_DEnsembleModel_Alpha158_csi300_custom_step0_s_20260521_16,6c7be937aa7040479e2211102695e657,0.095,,,
1042,2026-05-21,SH603259,-0.050123375887254636,EXP_DEnsembleModel_Alpha158_csi300_custom_step0_s_20260521_16,6c7be937aa7040479e2211102695e657,0.095,,,
1043,2026-05-21,SH603799,-0.07764245683096116,EXP_DEnsembleModel_Alpha158_csi300_custom_step0_s_20260521_16,6c7be937aa7040479e2211102695e657,0.095,,,
1044,2026-05-21,SH603195,-0.004069978713156682,EXP_DEnsembleModel_Alpha158_csi300_custom_step0_s_20260521_16,6c7be937aa7040479e2211102695e657,0.095,,,
1045,2026-05-21,SH601998,0.028582304626987673,EXP_DEnsembleModel_Alpha158_csi300_custom_step0_s_20260521_16,6c7be937aa7040479e2211102695e657,0.095,,,
1046,2026-05-21,SH601995,0.17079986076534473,EXP_DEnsembleModel_Alpha158_csi300_custom_step0_s_20260521_16,6c7be937aa7040479e2211102695e657,0.095,,,
1047,2026-05-21,SH601988,0.08593861540515367,EXP_DEnsembleModel_Alpha158_csi300_custom_step0_s_20260521_16,6c7be937aa7040479e2211102695e657,0.095,,,
1048,2026-05-21,SH601985,0.028284191324494733,EXP_DEnsembleModel_Alpha158_csi300_custom_step0_s_20260521_16,6c7be937aa7040479e2211102695e657,0.095,,,
1049,2026-05-21,SH601939,0.10766496906433318,EXP_DEnsembleModel_Alpha158_csi300_custom_step0_s_20260521_16,6c7be937aa7040479e2211102695e657,0.095,,,
1050,2026-05-21,SH601919,-0.09429816667634724,EXP_DEnsembleModel_Alpha158_csi300_custom_step0_s_20260521_16,6c7be937aa7040479e2211102695e657,0.095,,,
1051,2026-05-21,SH603019,0.003214788977395209,EXP_DEnsembleModel_Alpha158_csi300_custom_step0_s_20260521_16,6c7be937aa7040479e2211102695e657,0.095,,,
1052,2026-05-21,SZ000425,-0.11146992028227737,EXP_DEnsembleModel_Alpha158_csi300_custom_step0_s_20260521_16,6c7be937aa7040479e2211102695e657,0.095,,,
1053,2026-05-21,SZ000538,0.06636850966896966,EXP_DEnsembleModel_Alpha158_csi300_custom_step0_s_20260521_16,6c7be937aa7040479e2211102695e657,0.095,,,
1054,2026-05-21,SZ000568,0.05574254275227692,EXP_DEnsembleModel_Alpha158_csi300_custom_step0_s_20260521_16,6c7be937aa7040479e2211102695e657,0.095,,,
1055,2026-05-21,SZ002252,-0.0021567735859846946,EXP_DEnsembleModel_Alpha158_csi300_custom_step0_s_20260521_16,6c7be937aa7040479e2211102695e657,0.095,,,
1056,2026-05-21,SZ002304,-0.0021071326355998556,EXP_DEnsembleModel_Alpha158_csi300_custom_step0_s_20260521_16,6c7be937aa7040479e2211102695e657,0.095,,,
1057,2026-05-21,SZ002311,-0.05550508249317295,EXP_DEnsembleModel_Alpha158_csi300_custom_step0_s_20260521_16,6c7be937aa7040479e2211102695e657,0.095,,,
1058,2026-05-21,SZ002352,0.023342968236021434,EXP_DEnsembleModel_Alpha158_csi300_custom_step0_s_20260521_16,6c7be937aa7040479e2211102695e657,0.095,,,
1059,2026-05-21,SZ002371,-0.17152412609829534,EXP_DEnsembleModel_Alpha158_csi300_custom_step0_s_20260521_16,6c7be937aa7040479e2211102695e657,0.095,,,
1060,2026-05-21,SZ002384,0.03668542319576993,EXP_DEnsembleModel_Alpha158_csi300_custom_step0_s_20260521_16,6c7be937aa7040479e2211102695e657,0.095,,,
1061,2026-05-21,SZ002415,-0.04088766610262456,EXP_DEnsembleModel_Alpha158_csi300_custom_step0_s_20260521_16,6c7be937aa7040479e2211102695e657,0.095,,,
1062,2026-05-21,SZ002422,-0.05944978517877935,EXP_DEnsembleModel_Alpha158_csi300_custom_step0_s_20260521_16,6c7be937aa7040479e2211102695e657,0.095,,,
1063,2026-05-21,SZ002459,-0.16582227278293618,EXP_DEnsembleModel_Alpha158_csi300_custom_step0_s_20260521_16,6c7be937aa7040479e2211102695e657,0.095,,,
1064,2026-05-21,SZ002460,0.027447233490780296,EXP_DEnsembleModel_Alpha158_csi300_custom_step0_s_20260521_16,6c7be937aa7040479e2211102695e657,0.095,,,
1065,2026-05-21,SZ002463,-0.06406609747678874,EXP_DEnsembleModel_Alpha158_csi300_custom_step0_s_20260521_16,6c7be937aa7040479e2211102695e657,0.095,,,
1066,2026-05-21,SZ002466,0.04680294428330396,EXP_DEnsembleModel_Alpha158_csi300_custom_step0_s_20260521_16,6c7be937aa7040479e2211102695e657,0.095,,,
1067,2026-05-21,SZ002475,0.14114755927004555,EXP_DEnsembleModel_Alpha158_csi300_custom_step0_s_20260521_16,6c7be937aa7040479e2211102695e657,0.095,,,
1068,2026-05-21,SZ002493,-0.21724558953277234,EXP_DEnsembleModel_Alpha158_csi300_custom_step0_s_20260521_16,6c7be937aa7040479e2211102695e657,0.095,,,
1069,2026-05-21,SZ002594,-0.060267855415180524,EXP_DEnsembleModel_Alpha158_csi300_custom_step0_s_20260521_16,6c7be937aa7040479e2211102695e657,0.095,,,
1070,2026-05-21,SZ002600,0.11652450024755347,EXP_DEnsembleModel_Alpha158_csi300_custom_step0_s_20260521_16,6c7be937aa7040479e2211102695e657,0.095,,,
1071,2026-05-21,SZ002601,-0.11272272685574533,EXP_DEnsembleModel_Alpha158_csi300_custom_step0_s_20260521_16,6c7be937aa7040479e2211102695e657,0.095,,,
1072,2026-05-21,SZ300122,-0.07866295630142184,EXP_DEnsembleModel_Alpha158_csi300_custom_step0_s_20260521_16,6c7be937aa7040479e2211102695e657,0.095,,,
1073,2026-05-21,SZ300059,-0.07486972682619718,EXP_DEnsembleModel_Alpha158_csi300_custom_step0_s_20260521_16,6c7be937aa7040479e2211102695e657,0.095,,,
1074,2026-05-21,SZ300033,0.0534765412933099,EXP_DEnsembleModel_Alpha158_csi300_custom_step0_s_20260521_16,6c7be937aa7040479e2211102695e657,0.095,,,
1075,2026-05-21,SZ300015,-0.10043344843431472,EXP_DEnsembleModel_Alpha158_csi300_custom_step0_s_20260521_16,6c7be937aa7040479e2211102695e657,0.095,,,
1076,2026-05-21,SZ300014,-0.01582316084559233,EXP_DEnsembleModel_Alpha158_csi300_custom_step0_s_20260521_16,6c7be937aa7040479e2211102695e657,0.095,,,
1077,2026-05-21,SZ003816,-0.09959027594610635,EXP_DEnsembleModel_Alpha158_csi300_custom_step0_s_20260521_16,6c7be937aa7040479e2211102695e657,0.095,,,
1078,2026-05-21,SZ002241,0.0635857744038754,EXP_DEnsembleModel_Alpha158_csi300_custom_step0_s_20260521_16,6c7be937aa7040479e2211102695e657,0.095,,,
1079,2026-05-21,SZ002938,-0.10330770152899578,EXP_DEnsembleModel_Alpha158_csi300_custom_step0_s_20260521_16,6c7be937aa7040479e2211102695e657,0.095,,,
1080,2026-05-21,SZ002916,-0.07638398279410964,EXP_DEnsembleModel_Alpha158_csi300_custom_step0_s_20260521_16,6c7be937aa7040479e2211102695e657,0.095,,,
1081,2026-05-21,SZ002736,-0.050423379561833785,EXP_DEnsembleModel_Alpha158_csi300_custom_step0_s_20260521_16,6c7be937aa7040479e2211102695e657,0.095,,,
1082,2026-05-21,SZ002714,-0.1879063426751283,EXP_DEnsembleModel_Alpha158_csi300_custom_step0_s_20260521_16,6c7be937aa7040479e2211102695e657,0.095,,,
1083,2026-05-21,SZ002709,-0.050507800610726135,EXP_DEnsembleModel_Alpha158_csi300_custom_step0_s_20260521_16,6c7be937aa7040479e2211102695e657,0.095,,,
1084,2026-05-21,SZ002648,-0.12442561950784839,EXP_DEnsembleModel_Alpha158_csi300_custom_step0_s_20260521_16,6c7be937aa7040479e2211102695e657,0.095,,,
1085,2026-05-21,SZ002625,-0.1518764255611264,EXP_DEnsembleModel_Alpha158_csi300_custom_step0_s_20260521_16,6c7be937aa7040479e2211102695e657,0.095,,,
1086,2026-05-21,SZ002920,-0.03979386389682102,EXP_DEnsembleModel_Alpha158_csi300_custom_step0_s_20260521_16,6c7be937aa7040479e2211102695e657,0.095,,,
1087,2026-05-21,SZ002236,0.09252806448700766,EXP_DEnsembleModel_Alpha158_csi300_custom_step0_s_20260521_16,6c7be937aa7040479e2211102695e657,0.095,,,
1088,2026-05-21,SZ002230,-0.02225658527634905,EXP_DEnsembleModel_Alpha158_csi300_custom_step0_s_20260521_16,6c7be937aa7040479e2211102695e657,0.095,,,
1089,2026-05-21,SZ002179,-0.04488241004846289,EXP_DEnsembleModel_Alpha158_csi300_custom_step0_s_20260521_16,6c7be937aa7040479e2211102695e657,0.095,,,
1090,2026-05-21,SZ000858,0.041650148874655894,EXP_DEnsembleModel_Alpha158_csi300_custom_step0_s_20260521_16,6c7be937aa7040479e2211102695e657,0.095,,,
1091,2026-05-21,SZ000807,0.008006581445886032,EXP_DEnsembleModel_Alpha158_csi300_custom_step0_s_20260521_16,6c7be937aa7040479e2211102695e657,0.095,,,
1092,2026-05-21,SZ000792,-0.07107832386799917,EXP_DEnsembleModel_Alpha158_csi300_custom_step0_s_20260521_16,6c7be937aa7040479e2211102695e657,0.095,,,
1093,2026-05-21,SZ000786,-0.10620274101132177,EXP_DEnsembleModel_Alpha158_csi300_custom_step0_s_20260521_16,6c7be937aa7040479e2211102695e657,0.095,,,
1094,2026-05-21,SZ000776,-0.020220368132016376,EXP_DEnsembleModel_Alpha158_csi300_custom_step0_s_20260521_16,6c7be937aa7040479e2211102695e657,0.095,,,
1095,2026-05-21,SZ000768,-0.10932177877569593,EXP_DEnsembleModel_Alpha158_csi300_custom_step0_s_20260521_16,6c7be937aa7040479e2211102695e657,0.095,,,
1096,2026-05-21,SZ000876,-0.047010634573236475,EXP_DEnsembleModel_Alpha158_csi300_custom_step0_s_20260521_16,6c7be937aa7040479e2211102695e657,0.095,,,
1097,2026-05-21,SZ000725,0.04155102049642604,EXP_DEnsembleModel_Alpha158_csi300_custom_step0_s_20260521_16,6c7be937aa7040479e2211102695e657,0.095,,,
1098,2026-05-21,SZ000661,-0.12183279971923143,EXP_DEnsembleModel_Alpha158_csi300_custom_step0_s_20260521_16,6c7be937aa7040479e2211102695e657,0.095,,,
1099,2026-05-21,SZ000651,0.0746553383599383,EXP_DEnsembleModel_Alpha158_csi300_custom_step0_s_20260521_16,6c7be937aa7040479e2211102695e657,0.095,,,
1100,2026-05-21,SZ000630,-0.15045919443304662,EXP_DEnsembleModel_Alpha158_csi300_custom_step0_s_20260521_16,6c7be937aa7040479e2211102695e657,0.095,,,
1101,2026-05-21,SZ000625,0.014081907614510381,EXP_DEnsembleModel_Alpha158_csi300_custom_step0_s_20260521_16,6c7be937aa7040479e2211102695e657,0.095,,,
1102,2026-05-21,SZ000617,-0.0972050083592142,EXP_DEnsembleModel_Alpha158_csi300_custom_step0_s_20260521_16,6c7be937aa7040479e2211102695e657,0.095,,,
1103,2026-05-21,SZ000596,-0.02332145390204292,EXP_DEnsembleModel_Alpha158_csi300_custom_step0_s_20260521_16,6c7be937aa7040479e2211102695e657,0.095,,,
1104,2026-05-21,SZ000708,0.05300412672632379,EXP_DEnsembleModel_Alpha158_csi300_custom_step0_s_20260521_16,6c7be937aa7040479e2211102695e657,0.095,,,
1105,2026-05-21,SZ300251,-0.08000714925961942,EXP_DEnsembleModel_Alpha158_csi300_custom_step0_s_20260521_16,6c7be937aa7040479e2211102695e657,0.095,,,
1106,2026-05-21,SZ000895,0.025246713063475427,EXP_DEnsembleModel_Alpha158_csi300_custom_step0_s_20260521_16,6c7be937aa7040479e2211102695e657,0.095,,,
1107,2026-05-21,SZ000963,-0.004476186108827085,EXP_DEnsembleModel_Alpha158_csi300_custom_step0_s_20260521_16,6c7be937aa7040479e2211102695e657,0.095,,,
1108,2026-05-21,SZ002142,0.027417306482409746,EXP_DEnsembleModel_Alpha158_csi300_custom_step0_s_20260521_16,6c7be937aa7040479e2211102695e657,0.095,,,
1109,2026-05-21,SZ002074,-0.07903532800776779,EXP_DEnsembleModel_Alpha158_csi300_custom_step0_s_20260521_16,6c7be937aa7040479e2211102695e657,0.095,,,
1110,2026-05-21,SZ002050,0.005756929313768435,EXP_DEnsembleModel_Alpha158_csi300_custom_step0_s_20260521_16,6c7be937aa7040479e2211102695e657,0.095,,,
1111,2026-05-21,SZ002049,-0.015124470547061165,EXP_DEnsembleModel_Alpha158_csi300_custom_step0_s_20260521_16,6c7be937aa7040479e2211102695e657,0.095,,,
1112,2026-05-21,SZ002028,-0.0525247433237872,EXP_DEnsembleModel_Alpha158_csi300_custom_step0_s_20260521_16,6c7be937aa7040479e2211102695e657,0.095,,,
1113,2026-05-21,SZ002027,-0.062360918776363766,EXP_DEnsembleModel_Alpha158_csi300_custom_step0_s_20260521_16,6c7be937aa7040479e2211102695e657,0.095,,,
1114,2026-05-21,SZ000938,0.12969778409106264,EXP_DEnsembleModel_Alpha158_csi300_custom_step0_s_20260521_16,6c7be937aa7040479e2211102695e657,0.095,,,
1115,2026-05-21,SZ002001,-0.07897851470086881,EXP_DEnsembleModel_Alpha158_csi300_custom_step0_s_20260521_16,6c7be937aa7040479e2211102695e657,0.095,,,
1116,2026-05-21,SZ001965,-0.021981105270631476,EXP_DEnsembleModel_Alpha158_csi300_custom_step0_s_20260521_16,6c7be937aa7040479e2211102695e657,0.095,,,
1117,2026-05-21,SZ001391,0.0062568681979349216,EXP_DEnsembleModel_Alpha158_csi300_custom_step0_s_20260521_16,6c7be937aa7040479e2211102695e657,0.095,,,
1118,2026-05-21,SZ000999,-0.006787128967513322,EXP_DEnsembleModel_Alpha158_csi300_custom_step0_s_20260521_16,6c7be937aa7040479e2211102695e657,0.095,,,
1119,2026-05-21,SZ000983,-0.06670951662176855,EXP_DEnsembleModel_Alpha158_csi300_custom_step0_s_20260521_16,6c7be937aa7040479e2211102695e657,0.095,,,
1120,2026-05-21,SZ000977,-0.06054018621528471,EXP_DEnsembleModel_Alpha158_csi300_custom_step0_s_20260521_16,6c7be937aa7040479e2211102695e657,0.095,,,
1121,2026-05-21,SZ000975,-0.08869526638688087,EXP_DEnsembleModel_Alpha158_csi300_custom_step0_s_20260521_16,6c7be937aa7040479e2211102695e657,0.095,,,
1122,2026-05-21,SZ001979,-0.14840270003748707,EXP_DEnsembleModel_Alpha158_csi300_custom_step0_s_20260521_16,6c7be937aa7040479e2211102695e657,0.095,,,
1123,2026-05-21,SH601939,0.08006782697477953,EXP_DEnsembleModel_Alpha158_csi300_custom_step0_s_20260521_16,2fcea84c08a442a3ab64e414f50e10e3,0.078,,,
1124,2026-05-21,SH600918,-0.003194443415850401,EXP_LinearModel_Alpha158_csi300_custom_step0_s_20260521_15,e0e0fe7aefed4ad8a1b89f561b844988,0.115,,,
1125,2026-05-21,SH600926,-0.050268299877643585,EXP_LinearModel_Alpha158_csi300_custom_step0_s_20260521_15,e0e0fe7aefed4ad8a1b89f561b844988,0.115,,,
1126,2026-05-21,SZ000858,0.01994510181248188,EXP_XGBModel_Alpha158_csi300_custom_step0_s_20260521_15,b3556d9a05d74cc3ad6456f4d1f3126e,0.081,,,
1127,2026-05-21,SZ000876,-0.04173631966114044,EXP_XGBModel_Alpha158_csi300_custom_step0_s_20260521_15,b3556d9a05d74cc3ad6456f4d1f3126e,0.081,,,
1128,2026-05-21,SZ000895,0.005165386013686657,EXP_XGBModel_Alpha158_csi300_custom_step0_s_20260521_15,b3556d9a05d74cc3ad6456f4d1f3126e,0.081,,,
1129,2026-05-21,SZ000938,0.5871790647506714,EXP_XGBModel_Alpha158_csi300_custom_step0_s_20260521_15,b3556d9a05d74cc3ad6456f4d1f3126e,0.081,,,
1130,2026-05-21,SZ000963,-0.00925997830927372,EXP_XGBModel_Alpha158_csi300_custom_step0_s_20260521_15,b3556d9a05d74cc3ad6456f4d1f3126e,0.081,,,
1131,2026-05-21,SZ000975,-0.02062465436756611,EXP_XGBModel_Alpha158_csi300_custom_step0_s_20260521_15,b3556d9a05d74cc3ad6456f4d1f3126e,0.081,,,
1132,2026-05-21,SZ000977,-0.08158044517040253,EXP_XGBModel_Alpha158_csi300_custom_step0_s_20260521_15,b3556d9a05d74cc3ad6456f4d1f3126e,0.081,,,
1133,2026-05-21,SZ000983,-0.041408196091651917,EXP_XGBModel_Alpha158_csi300_custom_step0_s_20260521_15,b3556d9a05d74cc3ad6456f4d1f3126e,0.081,,,
1134,2026-05-21,SZ000999,-0.02555948868393898,EXP_XGBModel_Alpha158_csi300_custom_step0_s_20260521_15,b3556d9a05d74cc3ad6456f4d1f3126e,0.081,,,
1135,2026-05-21,SZ001391,0.02314062789082527,EXP_XGBModel_Alpha158_csi300_custom_step0_s_20260521_15,b3556d9a05d74cc3ad6456f4d1f3126e,0.081,,,
1136,2026-05-21,SZ001965,-0.06727322190999985,EXP_XGBModel_Alpha158_csi300_custom_step0_s_20260521_15,b3556d9a05d74cc3ad6456f4d1f3126e,0.081,,,
1137,2026-05-21,SZ001979,-0.07457517087459564,EXP_XGBModel_Alpha158_csi300_custom_step0_s_20260521_15,b3556d9a05d74cc3ad6456f4d1f3126e,0.081,,,
1138,2026-05-21,SZ002001,-0.02641136944293976,EXP_XGBModel_Alpha158_csi300_custom_step0_s_20260521_15,b3556d9a05d74cc3ad6456f4d1f3126e,0.081,,,
1139,2026-05-21,SZ002027,-0.014126761816442013,EXP_XGBModel_Alpha158_csi300_custom_step0_s_20260521_15,b3556d9a05d74cc3ad6456f4d1f3126e,0.081,,,
1140,2026-05-21,SZ002028,-0.03849231079220772,EXP_XGBModel_Alpha158_csi300_custom_step0_s_20260521_15,b3556d9a05d74cc3ad6456f4d1f3126e,0.081,,,
1141,2026-05-21,SZ002049,-0.07610168308019638,EXP_XGBModel_Alpha158_csi300_custom_step0_s_20260521_15,b3556d9a05d74cc3ad6456f4d1f3126e,0.081,,,
1142,2026-05-21,SZ002050,-0.04487668722867966,EXP_XGBModel_Alpha158_csi300_custom_step0_s_20260521_15,b3556d9a05d74cc3ad6456f4d1f3126e,0.081,,,
1143,2026-05-21,SZ002422,-0.03208146244287491,EXP_XGBModel_Alpha158_csi300_custom_step0_s_20260521_15,b3556d9a05d74cc3ad6456f4d1f3126e,0.081,,,
1144,2026-05-21,SZ002415,-0.07939863204956055,EXP_XGBModel_Alpha158_csi300_custom_step0_s_20260521_15,b3556d9a05d74cc3ad6456f4d1f3126e,0.081,,,
1145,2026-05-21,SZ002384,0.43358635902404785,EXP_XGBModel_Alpha158_csi300_custom_step0_s_20260521_15,b3556d9a05d74cc3ad6456f4d1f3126e,0.081,,,
1146,2026-05-21,SZ002371,0.13828936219215393,EXP_XGBModel_Alpha158_csi300_custom_step0_s_20260521_15,b3556d9a05d74cc3ad6456f4d1f3126e,0.081,,,
1147,2026-05-21,SZ002352,0.0061214035376906395,EXP_XGBModel_Alpha158_csi300_custom_step0_s_20260521_15,b3556d9a05d74cc3ad6456f4d1f3126e,0.081,,,
1148,2026-05-21,SZ002311,-0.02734302543103695,EXP_XGBModel_Alpha158_csi300_custom_step0_s_20260521_15,b3556d9a05d74cc3ad6456f4d1f3126e,0.081,,,
1149,2026-05-21,SZ000807,-0.03408728167414665,EXP_XGBModel_Alpha158_csi300_custom_step0_s_20260521_15,b3556d9a05d74cc3ad6456f4d1f3126e,0.081,,,
1150,2026-05-21,SZ002304,-0.04174786061048508,EXP_XGBModel_Alpha158_csi300_custom_step0_s_20260521_15,b3556d9a05d74cc3ad6456f4d1f3126e,0.081,,,
1151,2026-05-21,SZ002241,0.0033611676190048456,EXP_XGBModel_Alpha158_csi300_custom_step0_s_20260521_15,b3556d9a05d74cc3ad6456f4d1f3126e,0.081,,,
1152,2026-05-21,SZ002236,0.008430618792772293,EXP_XGBModel_Alpha158_csi300_custom_step0_s_20260521_15,b3556d9a05d74cc3ad6456f4d1f3126e,0.081,,,
1153,2026-05-21,SZ002230,-0.055035077035427094,EXP_XGBModel_Alpha158_csi300_custom_step0_s_20260521_15,b3556d9a05d74cc3ad6456f4d1f3126e,0.081,,,
1154,2026-05-21,SZ002179,-0.07000375539064407,EXP_XGBModel_Alpha158_csi300_custom_step0_s_20260521_15,b3556d9a05d74cc3ad6456f4d1f3126e,0.081,,,
1155,2026-05-21,SZ002142,-4.305914626456797e-05,EXP_XGBModel_Alpha158_csi300_custom_step0_s_20260521_15,b3556d9a05d74cc3ad6456f4d1f3126e,0.081,,,
1156,2026-05-21,SZ002074,-0.06621447205543518,EXP_XGBModel_Alpha158_csi300_custom_step0_s_20260521_15,b3556d9a05d74cc3ad6456f4d1f3126e,0.081,,,
1157,2026-05-21,SZ002252,-0.011727247387170792,EXP_XGBModel_Alpha158_csi300_custom_step0_s_20260521_15,b3556d9a05d74cc3ad6456f4d1f3126e,0.081,,,
1158,2026-05-21,SZ002459,-0.09557092189788818,EXP_XGBModel_Alpha158_csi300_custom_step0_s_20260521_15,b3556d9a05d74cc3ad6456f4d1f3126e,0.081,,,
1159,2026-05-21,SZ000792,-0.0518217459321022,EXP_XGBModel_Alpha158_csi300_custom_step0_s_20260521_15,b3556d9a05d74cc3ad6456f4d1f3126e,0.081,,,
1160,2026-05-21,SZ000776,-0.06827862560749054,EXP_XGBModel_Alpha158_csi300_custom_step0_s_20260521_15,b3556d9a05d74cc3ad6456f4d1f3126e,0.081,,,
1161,2026-05-21,SH688187,-0.019455894827842712,EXP_XGBModel_Alpha158_csi300_custom_step0_s_20260521_15,b3556d9a05d74cc3ad6456f4d1f3126e,0.081,,,
1162,2026-05-21,SH688223,-0.08631058037281036,EXP_XGBModel_Alpha158_csi300_custom_step0_s_20260521_15,b3556d9a05d74cc3ad6456f4d1f3126e,0.081,,,
1163,2026-05-21,SH688256,-0.157612144947052,EXP_XGBModel_Alpha158_csi300_custom_step0_s_20260521_15,b3556d9a05d74cc3ad6456f4d1f3126e,0.081,,,
1164,2026-05-21,SH688271,-0.17770497500896454,EXP_XGBModel_Alpha158_csi300_custom_step0_s_20260521_15,b3556d9a05d74cc3ad6456f4d1f3126e,0.081,,,
1165,2026-05-21,SH688303,-0.0807771235704422,EXP_XGBModel_Alpha158_csi300_custom_step0_s_20260521_15,b3556d9a05d74cc3ad6456f4d1f3126e,0.081,,,
1166,2026-05-21,SH688396,-0.2864020764827728,EXP_XGBModel_Alpha158_csi300_custom_step0_s_20260521_15,b3556d9a05d74cc3ad6456f4d1f3126e,0.081,,,
1167,2026-05-21,SH688472,-0.08399206399917603,EXP_XGBModel_Alpha158_csi300_custom_step0_s_20260521_15,b3556d9a05d74cc3ad6456f4d1f3126e,0.081,,,
1168,2026-05-21,SH688506,-0.08362529426813126,EXP_XGBModel_Alpha158_csi300_custom_step0_s_20260521_15,b3556d9a05d74cc3ad6456f4d1f3126e,0.081,,,
1169,2026-05-21,SH688981,-0.10878391563892365,EXP_XGBModel_Alpha158_csi300_custom_step0_s_20260521_15,b3556d9a05d74cc3ad6456f4d1f3126e,0.081,,,
1170,2026-05-21,SZ000001,-0.03229551389813423,EXP_XGBModel_Alpha158_csi300_custom_step0_s_20260521_15,b3556d9a05d74cc3ad6456f4d1f3126e,0.081,,,
1171,2026-05-21,SZ000002,-0.15061631798744202,EXP_XGBModel_Alpha158_csi300_custom_step0_s_20260521_15,b3556d9a05d74cc3ad6456f4d1f3126e,0.081,,,
1172,2026-05-21,SZ000063,-0.02936604805290699,EXP_XGBModel_Alpha158_csi300_custom_step0_s_20260521_15,b3556d9a05d74cc3ad6456f4d1f3126e,0.081,,,
1173,2026-05-21,SZ000100,-0.09020914137363434,EXP_XGBModel_Alpha158_csi300_custom_step0_s_20260521_15,b3556d9a05d74cc3ad6456f4d1f3126e,0.081,,,
1174,2026-05-21,SZ000157,-0.053579844534397125,EXP_XGBModel_Alpha158_csi300_custom_step0_s_20260521_15,b3556d9a05d74cc3ad6456f4d1f3126e,0.081,,,
1175,2026-05-21,SZ000166,-0.0002518756955396384,EXP_XGBModel_Alpha158_csi300_custom_step0_s_20260521_15,b3556d9a05d74cc3ad6456f4d1f3126e,0.081,,,
1176,2026-05-21,SZ000301,0.0011808533454313874,EXP_XGBModel_Alpha158_csi300_custom_step0_s_20260521_15,b3556d9a05d74cc3ad6456f4d1f3126e,0.081,,,
1177,2026-05-21,SZ000333,0.07792605459690094,EXP_XGBModel_Alpha158_csi300_custom_step0_s_20260521_15,b3556d9a05d74cc3ad6456f4d1f3126e,0.081,,,
1178,2026-05-21,SZ000768,-0.08487360924482346,EXP_XGBModel_Alpha158_csi300_custom_step0_s_20260521_15,b3556d9a05d74cc3ad6456f4d1f3126e,0.081,,,
1179,2026-05-21,SZ000725,0.12963934242725372,EXP_XGBModel_Alpha158_csi300_custom_step0_s_20260521_15,b3556d9a05d74cc3ad6456f4d1f3126e,0.081,,,
1180,2026-05-21,SZ000708,-0.009297804906964302,EXP_XGBModel_Alpha158_csi300_custom_step0_s_20260521_15,b3556d9a05d74cc3ad6456f4d1f3126e,0.081,,,
1181,2026-05-21,SZ000661,-0.049143947660923004,EXP_XGBModel_Alpha158_csi300_custom_step0_s_20260521_15,b3556d9a05d74cc3ad6456f4d1f3126e,0.081,,,
1182,2026-05-21,SZ000651,0.009779505431652069,EXP_XGBModel_Alpha158_csi300_custom_step0_s_20260521_15,b3556d9a05d74cc3ad6456f4d1f3126e,0.081,,,
1183,2026-05-21,SZ000630,-0.14142288267612457,EXP_XGBModel_Alpha158_csi300_custom_step0_s_20260521_15,b3556d9a05d74cc3ad6456f4d1f3126e,0.081,,,
1184,2026-05-21,SZ000786,-0.012477366253733635,EXP_XGBModel_Alpha158_csi300_custom_step0_s_20260521_15,b3556d9a05d74cc3ad6456f4d1f3126e,0.081,,,
1185,2026-05-21,SZ000625,-0.013095294125378132,EXP_XGBModel_Alpha158_csi300_custom_step0_s_20260521_15,b3556d9a05d74cc3ad6456f4d1f3126e,0.081,,,
1186,2026-05-21,SZ000596,0.01765226200222969,EXP_XGBModel_Alpha158_csi300_custom_step0_s_20260521_15,b3556d9a05d74cc3ad6456f4d1f3126e,0.081,,,
1187,2026-05-21,SZ000568,-0.006512448191642761,EXP_XGBModel_Alpha158_csi300_custom_step0_s_20260521_15,b3556d9a05d74cc3ad6456f4d1f3126e,0.081,,,
1188,2026-05-21,SZ000538,0.030098535120487213,EXP_XGBModel_Alpha158_csi300_custom_step0_s_20260521_15,b3556d9a05d74cc3ad6456f4d1f3126e,0.081,,,
1189,2026-05-21,SZ000425,-0.0951022282242775,EXP_XGBModel_Alpha158_csi300_custom_step0_s_20260521_15,b3556d9a05d74cc3ad6456f4d1f3126e,0.081,,,
1190,2026-05-21,SZ000408,-0.12031536549329758,EXP_XGBModel_Alpha158_csi300_custom_step0_s_20260521_15,b3556d9a05d74cc3ad6456f4d1f3126e,0.081,,,
1191,2026-05-21,SZ000338,-0.023037342354655266,EXP_XGBModel_Alpha158_csi300_custom_step0_s_20260521_15,b3556d9a05d74cc3ad6456f4d1f3126e,0.081,,,
1192,2026-05-21,SZ000617,-0.06799483299255371,EXP_XGBModel_Alpha158_csi300_custom_step0_s_20260521_15,b3556d9a05d74cc3ad6456f4d1f3126e,0.081,,,
1193,2026-05-21,SH688169,-0.03508578985929489,EXP_XGBModel_Alpha158_csi300_custom_step0_s_20260521_15,b3556d9a05d74cc3ad6456f4d1f3126e,0.081,,,
1194,2026-05-21,SZ002460,-0.01742657460272312,EXP_XGBModel_Alpha158_csi300_custom_step0_s_20260521_15,b3556d9a05d74cc3ad6456f4d1f3126e,0.081,,,
1195,2026-05-21,SZ002466,-0.04249909147620201,EXP_XGBModel_Alpha158_csi300_custom_step0_s_20260521_15,b3556d9a05d74cc3ad6456f4d1f3126e,0.081,,,
1196,2026-05-21,SZ300661,-0.13212090730667114,EXP_XGBModel_Alpha158_csi300_custom_step0_s_20260521_15,b3556d9a05d74cc3ad6456f4d1f3126e,0.081,,,
1197,2026-05-21,SZ300750,-0.033207714557647705,EXP_XGBModel_Alpha158_csi300_custom_step0_s_20260521_15,b3556d9a05d74cc3ad6456f4d1f3126e,0.081,,,
1198,2026-05-21,SZ300759,-0.011645859107375145,EXP_XGBModel_Alpha158_csi300_custom_step0_s_20260521_15,b3556d9a05d74cc3ad6456f4d1f3126e,0.081,,,
1199,2026-05-21,SZ300760,-0.038604918867349625,EXP_XGBModel_Alpha158_csi300_custom_step0_s_20260521_15,b3556d9a05d74cc3ad6456f4d1f3126e,0.081,,,
1200,2026-05-21,SZ300782,0.09891343861818314,EXP_XGBModel_Alpha158_csi300_custom_step0_s_20260521_15,b3556d9a05d74cc3ad6456f4d1f3126e,0.081,,,
1201,2026-05-21,SZ300803,-0.13488656282424927,EXP_XGBModel_Alpha158_csi300_custom_step0_s_20260521_15,b3556d9a05d74cc3ad6456f4d1f3126e,0.081,,,
1202,2026-05-21,SZ300832,-0.023924369364976883,EXP_XGBModel_Alpha158_csi300_custom_step0_s_20260521_15,b3556d9a05d74cc3ad6456f4d1f3126e,0.081,,,
1203,2026-05-21,SZ300866,0.0009336735820397735,EXP_XGBModel_Alpha158_csi300_custom_step0_s_20260521_15,b3556d9a05d74cc3ad6456f4d1f3126e,0.081,,,
1204,2026-05-21,SZ300896,-0.1332048922777176,EXP_XGBModel_Alpha158_csi300_custom_step0_s_20260521_15,b3556d9a05d74cc3ad6456f4d1f3126e,0.081,,,
1205,2026-05-21,SZ300979,-0.013760327361524105,EXP_XGBModel_Alpha158_csi300_custom_step0_s_20260521_15,b3556d9a05d74cc3ad6456f4d1f3126e,0.081,,,
1206,2026-05-21,SZ300999,-0.003179070306941867,EXP_XGBModel_Alpha158_csi300_custom_step0_s_20260521_15,b3556d9a05d74cc3ad6456f4d1f3126e,0.081,,,
1207,2026-05-21,SZ301236,-0.11289818584918976,EXP_XGBModel_Alpha158_csi300_custom_step0_s_20260521_15,b3556d9a05d74cc3ad6456f4d1f3126e,0.081,,,
1208,2026-05-21,SZ301269,-0.15314139425754547,EXP_XGBModel_Alpha158_csi300_custom_step0_s_20260521_15,b3556d9a05d74cc3ad6456f4d1f3126e,0.081,,,
1209,2026-05-21,SZ302132,-0.05459962412714958,EXP_XGBModel_Alpha158_csi300_custom_step0_s_20260521_15,b3556d9a05d74cc3ad6456f4d1f3126e,0.081,,,
1210,2026-05-21,SH600000,-0.08506592363119125,EXP_XGBModel_Alpha158_csi300_custom_step0_s_20260521_15,0a8bf20426f746fa87e47295471dc841,0.074,,,
1211,2026-05-21,SH600009,-0.049975499510765076,EXP_XGBModel_Alpha158_csi300_custom_step0_s_20260521_15,0a8bf20426f746fa87e47295471dc841,0.074,,,
1212,2026-05-21,SH600010,0.005612591281533241,EXP_XGBModel_Alpha158_csi300_custom_step0_s_20260521_15,0a8bf20426f746fa87e47295471dc841,0.074,,,
1213,2026-05-21,SH600036,-0.0828709527850151,EXP_XGBModel_Alpha158_csi300_custom_step0_s_20260521_15,0a8bf20426f746fa87e47295471dc841,0.074,,,
1214,2026-05-21,SH600031,-0.12830795347690582,EXP_XGBModel_Alpha158_csi300_custom_step0_s_20260521_15,0a8bf20426f746fa87e47295471dc841,0.074,,,
1215,2026-05-21,SH600030,0.13692903518676758,EXP_XGBModel_Alpha158_csi300_custom_step0_s_20260521_15,0a8bf20426f746fa87e47295471dc841,0.074,,,
1216,2026-05-21,SH600029,0.03160061687231064,EXP_XGBModel_Alpha158_csi300_custom_step0_s_20260521_15,0a8bf20426f746fa87e47295471dc841,0.074,,,
1217,2026-05-21,SH600028,-0.06928405165672302,EXP_XGBModel_Alpha158_csi300_custom_step0_s_20260521_15,0a8bf20426f746fa87e47295471dc841,0.074,,,
1218,2026-05-21,SH600027,0.003885375102981925,EXP_XGBModel_Alpha158_csi300_custom_step0_s_20260521_15,0a8bf20426f746fa87e47295471dc841,0.074,,,
1219,2026-05-21,SZ300628,-0.04618958383798599,EXP_XGBModel_Alpha158_csi300_custom_step0_s_20260521_15,b3556d9a05d74cc3ad6456f4d1f3126e,0.081,,,
1220,2026-05-21,SH600026,-0.006367445923388004,EXP_XGBModel_Alpha158_csi300_custom_step0_s_20260521_15,0a8bf20426f746fa87e47295471dc841,0.074,,,
1221,2026-05-21,SH600023,0.058094121515750885,EXP_XGBModel_Alpha158_csi300_custom_step0_s_20260521_15,0a8bf20426f746fa87e47295471dc841,0.074,,,
1222,2026-05-21,SH600019,-0.05563564971089363,EXP_XGBModel_Alpha158_csi300_custom_step0_s_20260521_15,0a8bf20426f746fa87e47295471dc841,0.074,,,
1223,2026-05-21,SH600018,-0.00014299973554443568,EXP_XGBModel_Alpha158_csi300_custom_step0_s_20260521_15,0a8bf20426f746fa87e47295471dc841,0.074,,,
1224,2026-05-21,SH600016,-0.07449473440647125,EXP_XGBModel_Alpha158_csi300_custom_step0_s_20260521_15,0a8bf20426f746fa87e47295471dc841,0.074,,,
1225,2026-05-21,SH600015,-0.05418534204363823,EXP_XGBModel_Alpha158_csi300_custom_step0_s_20260521_15,0a8bf20426f746fa87e47295471dc841,0.074,,,
1226,2026-05-21,SH600011,0.05024127662181854,EXP_XGBModel_Alpha158_csi300_custom_step0_s_20260521_15,0a8bf20426f746fa87e47295471dc841,0.074,,,
1227,2026-05-21,SH600025,-0.05377805233001709,EXP_XGBModel_Alpha158_csi300_custom_step0_s_20260521_15,0a8bf20426f746fa87e47295471dc841,0.074,,,
1228,2026-05-21,SZ002463,-0.09909402579069138,EXP_XGBModel_Alpha158_csi300_custom_step0_s_20260521_15,b3556d9a05d74cc3ad6456f4d1f3126e,0.081,,,
1229,2026-05-21,SZ300502,-0.058553289622068405,EXP_XGBModel_Alpha158_csi300_custom_step0_s_20260521_15,b3556d9a05d74cc3ad6456f4d1f3126e,0.081,,,
1230,2026-05-21,SZ300476,-0.03349710628390312,EXP_XGBModel_Alpha158_csi300_custom_step0_s_20260521_15,b3556d9a05d74cc3ad6456f4d1f3126e,0.081,,,
1231,2026-05-21,SZ002475,0.21637389063835144,EXP_XGBModel_Alpha158_csi300_custom_step0_s_20260521_15,b3556d9a05d74cc3ad6456f4d1f3126e,0.081,,,
1232,2026-05-21,SZ002493,-0.17158134281635284,EXP_XGBModel_Alpha158_csi300_custom_step0_s_20260521_15,b3556d9a05d74cc3ad6456f4d1f3126e,0.081,,,
1233,2026-05-21,SZ002594,-0.00934832263737917,EXP_XGBModel_Alpha158_csi300_custom_step0_s_20260521_15,b3556d9a05d74cc3ad6456f4d1f3126e,0.081,,,
1234,2026-05-21,SZ002600,0.028799697756767273,EXP_XGBModel_Alpha158_csi300_custom_step0_s_20260521_15,b3556d9a05d74cc3ad6456f4d1f3126e,0.081,,,
1235,2026-05-21,SZ002601,-0.06466963142156601,EXP_XGBModel_Alpha158_csi300_custom_step0_s_20260521_15,b3556d9a05d74cc3ad6456f4d1f3126e,0.081,,,
1236,2026-05-21,SZ002625,-0.05954978987574577,EXP_XGBModel_Alpha158_csi300_custom_step0_s_20260521_15,b3556d9a05d74cc3ad6456f4d1f3126e,0.081,,,
1237,2026-05-21,SZ002648,-0.06747537106275558,EXP_XGBModel_Alpha158_csi300_custom_step0_s_20260521_15,b3556d9a05d74cc3ad6456f4d1f3126e,0.081,,,
1238,2026-05-21,SZ002709,-0.11143232136964798,EXP_XGBModel_Alpha158_csi300_custom_step0_s_20260521_15,b3556d9a05d74cc3ad6456f4d1f3126e,0.081,,,
1239,2026-05-21,SZ002714,-0.08606144040822983,EXP_XGBModel_Alpha158_csi300_custom_step0_s_20260521_15,b3556d9a05d74cc3ad6456f4d1f3126e,0.081,,,
1240,2026-05-21,SZ002736,0.014060881920158863,EXP_XGBModel_Alpha158_csi300_custom_step0_s_20260521_15,b3556d9a05d74cc3ad6456f4d1f3126e,0.081,,,
1241,2026-05-21,SZ002916,0.006832316517829895,EXP_XGBModel_Alpha158_csi300_custom_step0_s_20260521_15,b3556d9a05d74cc3ad6456f4d1f3126e,0.081,,,
1242,2026-05-21,SZ002920,-0.015248112380504608,EXP_XGBModel_Alpha158_csi300_custom_step0_s_20260521_15,b3556d9a05d74cc3ad6456f4d1f3126e,0.081,,,
1243,2026-05-21,SZ002938,0.09574247151613235,EXP_XGBModel_Alpha158_csi300_custom_step0_s_20260521_15,b3556d9a05d74cc3ad6456f4d1f3126e,0.081,,,
1244,2026-05-21,SZ003816,-0.09591763466596603,EXP_XGBModel_Alpha158_csi300_custom_step0_s_20260521_15,b3556d9a05d74cc3ad6456f4d1f3126e,0.081,,,
1245,2026-05-21,SZ300014,-0.04540142044425011,EXP_XGBModel_Alpha158_csi300_custom_step0_s_20260521_15,b3556d9a05d74cc3ad6456f4d1f3126e,0.081,,,
1246,2026-05-21,SZ300015,-0.10851441323757172,EXP_XGBModel_Alpha158_csi300_custom_step0_s_20260521_15,b3556d9a05d74cc3ad6456f4d1f3126e,0.081,,,
1247,2026-05-21,SZ300033,0.10923559963703156,EXP_XGBModel_Alpha158_csi300_custom_step0_s_20260521_15,b3556d9a05d74cc3ad6456f4d1f3126e,0.081,,,
1248,2026-05-21,SZ300442,0.015019884333014488,EXP_XGBModel_Alpha158_csi300_custom_step0_s_20260521_15,b3556d9a05d74cc3ad6456f4d1f3126e,0.081,,,
1249,2026-05-21,SZ300433,0.08742132782936096,EXP_XGBModel_Alpha158_csi300_custom_step0_s_20260521_15,b3556d9a05d74cc3ad6456f4d1f3126e,0.081,,,
1250,2026-05-21,SZ300418,-0.13841906189918518,EXP_XGBModel_Alpha158_csi300_custom_step0_s_20260521_15,b3556d9a05d74cc3ad6456f4d1f3126e,0.081,,,
1251,2026-05-21,SZ300413,-0.06257277727127075,EXP_XGBModel_Alpha158_csi300_custom_step0_s_20260521_15,b3556d9a05d74cc3ad6456f4d1f3126e,0.081,,,
1252,2026-05-21,SZ300408,0.20321783423423767,EXP_XGBModel_Alpha158_csi300_custom_step0_s_20260521_15,b3556d9a05d74cc3ad6456f4d1f3126e,0.081,,,
1253,2026-05-21,SZ300394,0.23682163655757904,EXP_XGBModel_Alpha158_csi300_custom_step0_s_20260521_15,b3556d9a05d74cc3ad6456f4d1f3126e,0.081,,,
1254,2026-05-21,SZ300498,-0.024768855422735214,EXP_XGBModel_Alpha158_csi300_custom_step0_s_20260521_15,b3556d9a05d74cc3ad6456f4d1f3126e,0.081,,,
1255,2026-05-21,SZ300347,-0.035492125898599625,EXP_XGBModel_Alpha158_csi300_custom_step0_s_20260521_15,b3556d9a05d74cc3ad6456f4d1f3126e,0.081,,,
1256,2026-05-21,SZ300308,0.37751442193984985,EXP_XGBModel_Alpha158_csi300_custom_step0_s_20260521_15,b3556d9a05d74cc3ad6456f4d1f3126e,0.081,,,
1257,2026-05-21,SZ300274,-0.07973720133304596,EXP_XGBModel_Alpha158_csi300_custom_step0_s_20260521_15,b3556d9a05d74cc3ad6456f4d1f3126e,0.081,,,
1258,2026-05-21,SZ300251,-0.08527503907680511,EXP_XGBModel_Alpha158_csi300_custom_step0_s_20260521_15,b3556d9a05d74cc3ad6456f4d1f3126e,0.081,,,
1259,2026-05-21,SZ300124,-0.004637338221073151,EXP_XGBModel_Alpha158_csi300_custom_step0_s_20260521_15,b3556d9a05d74cc3ad6456f4d1f3126e,0.081,,,
1260,2026-05-21,SZ300122,-0.02155725099146366,EXP_XGBModel_Alpha158_csi300_custom_step0_s_20260521_15,b3556d9a05d74cc3ad6456f4d1f3126e,0.081,,,
1261,2026-05-21,SZ300059,-0.04808128997683525,EXP_XGBModel_Alpha158_csi300_custom_step0_s_20260521_15,b3556d9a05d74cc3ad6456f4d1f3126e,0.081,,,
1262,2026-05-21,SZ300316,-0.11451958119869232,EXP_XGBModel_Alpha158_csi300_custom_step0_s_20260521_15,b3556d9a05d74cc3ad6456f4d1f3126e,0.081,,,
1263,2026-05-21,SH688126,-0.02085067704319954,EXP_XGBModel_Alpha158_csi300_custom_step0_s_20260521_15,b3556d9a05d74cc3ad6456f4d1f3126e,0.081,,,
1264,2026-05-21,SH688111,-0.07767040282487869,EXP_XGBModel_Alpha158_csi300_custom_step0_s_20260521_15,b3556d9a05d74cc3ad6456f4d1f3126e,0.081,,,
1265,2026-05-21,SH688082,0.26634031534194946,EXP_XGBModel_Alpha158_csi300_custom_step0_s_20260521_15,b3556d9a05d74cc3ad6456f4d1f3126e,0.081,,,
1266,2026-05-21,SH600919,0.09628904610872269,EXP_XGBModel_Alpha158_csi300_custom_step0_s_20260521_15,b3556d9a05d74cc3ad6456f4d1f3126e,0.081,,,
1267,2026-05-21,SH600926,0.0010059415362775326,EXP_XGBModel_Alpha158_csi300_custom_step0_s_20260521_15,b3556d9a05d74cc3ad6456f4d1f3126e,0.081,,,
1268,2026-05-21,SH600930,-0.04032737761735916,EXP_XGBModel_Alpha158_csi300_custom_step0_s_20260521_15,b3556d9a05d74cc3ad6456f4d1f3126e,0.081,,,
1269,2026-05-21,SH600938,0.0052285878919065,EXP_XGBModel_Alpha158_csi300_custom_step0_s_20260521_15,b3556d9a05d74cc3ad6456f4d1f3126e,0.081,,,
1270,2026-05-21,SH600941,0.03942428156733513,EXP_XGBModel_Alpha158_csi300_custom_step0_s_20260521_15,b3556d9a05d74cc3ad6456f4d1f3126e,0.081,,,
1271,2026-05-21,SH600958,-0.13305796682834625,EXP_XGBModel_Alpha158_csi300_custom_step0_s_20260521_15,b3556d9a05d74cc3ad6456f4d1f3126e,0.081,,,
1272,2026-05-21,SH600989,0.0032705089543014765,EXP_XGBModel_Alpha158_csi300_custom_step0_s_20260521_15,b3556d9a05d74cc3ad6456f4d1f3126e,0.081,,,
1273,2026-05-21,SH600999,0.01738557405769825,EXP_XGBModel_Alpha158_csi300_custom_step0_s_20260521_15,b3556d9a05d74cc3ad6456f4d1f3126e,0.081,,,
1274,2026-05-21,SH601006,0.077579066157341,EXP_XGBModel_Alpha158_csi300_custom_step0_s_20260521_15,b3556d9a05d74cc3ad6456f4d1f3126e,0.081,,,
1275,2026-05-21,SH601009,0.0027790525928139687,EXP_XGBModel_Alpha158_csi300_custom_step0_s_20260521_15,b3556d9a05d74cc3ad6456f4d1f3126e,0.081,,,
1276,2026-05-21,SH601012,-0.06299520283937454,EXP_XGBModel_Alpha158_csi300_custom_step0_s_20260521_15,b3556d9a05d74cc3ad6456f4d1f3126e,0.081,,,
1277,2026-05-21,SH601018,0.013197229243814945,EXP_XGBModel_Alpha158_csi300_custom_step0_s_20260521_15,b3556d9a05d74cc3ad6456f4d1f3126e,0.081,,,
1278,2026-05-21,SH601021,-0.041362132877111435,EXP_XGBModel_Alpha158_csi300_custom_step0_s_20260521_15,b3556d9a05d74cc3ad6456f4d1f3126e,0.081,,,
1279,2026-05-21,SH601058,-0.040071308612823486,EXP_XGBModel_Alpha158_csi300_custom_step0_s_20260521_15,b3556d9a05d74cc3ad6456f4d1f3126e,0.081,,,
1280,2026-05-21,SH601059,0.02554386295378208,EXP_XGBModel_Alpha158_csi300_custom_step0_s_20260521_15,b3556d9a05d74cc3ad6456f4d1f3126e,0.081,,,
1281,2026-05-21,SH601066,-0.03308049961924553,EXP_XGBModel_Alpha158_csi300_custom_step0_s_20260521_15,b3556d9a05d74cc3ad6456f4d1f3126e,0.081,,,
1282,2026-05-21,SH601077,0.02101759985089302,EXP_XGBModel_Alpha158_csi300_custom_step0_s_20260521_15,b3556d9a05d74cc3ad6456f4d1f3126e,0.081,,,
1283,2026-05-21,SH601236,-0.0016377365682274103,EXP_XGBModel_Alpha158_csi300_custom_step0_s_20260521_15,b3556d9a05d74cc3ad6456f4d1f3126e,0.081,,,
1284,2026-05-21,SH601229,-0.015381469391286373,EXP_XGBModel_Alpha158_csi300_custom_step0_s_20260521_15,b3556d9a05d74cc3ad6456f4d1f3126e,0.081,,,
1285,2026-05-21,SH601225,-0.0018544113263487816,EXP_XGBModel_Alpha158_csi300_custom_step0_s_20260521_15,b3556d9a05d74cc3ad6456f4d1f3126e,0.081,,,
1286,2026-05-21,SH601211,-0.0035548247396945953,EXP_XGBModel_Alpha158_csi300_custom_step0_s_20260521_15,b3556d9a05d74cc3ad6456f4d1f3126e,0.081,,,
1287,2026-05-21,SH601186,-0.0031531676650047302,EXP_XGBModel_Alpha158_csi300_custom_step0_s_20260521_15,b3556d9a05d74cc3ad6456f4d1f3126e,0.081,,,
1288,2026-05-21,SH601169,0.008428419940173626,EXP_XGBModel_Alpha158_csi300_custom_step0_s_20260521_15,b3556d9a05d74cc3ad6456f4d1f3126e,0.081,,,
1289,2026-05-21,SH600918,0.055122118443250656,EXP_XGBModel_Alpha158_csi300_custom_step0_s_20260521_15,b3556d9a05d74cc3ad6456f4d1f3126e,0.081,,,
1290,2026-05-21,SH601166,0.012615910731256008,EXP_XGBModel_Alpha158_csi300_custom_step0_s_20260521_15,b3556d9a05d74cc3ad6456f4d1f3126e,0.081,,,
1291,2026-05-21,SH601136,-0.03401171416044235,EXP_XGBModel_Alpha158_csi300_custom_step0_s_20260521_15,b3556d9a05d74cc3ad6456f4d1f3126e,0.081,,,
1292,2026-05-21,SH601127,-0.08513765782117844,EXP_XGBModel_Alpha158_csi300_custom_step0_s_20260521_15,b3556d9a05d74cc3ad6456f4d1f3126e,0.081,,,
1293,2026-05-21,SH601117,0.014675022102892399,EXP_XGBModel_Alpha158_csi300_custom_step0_s_20260521_15,b3556d9a05d74cc3ad6456f4d1f3126e,0.081,,,
1294,2026-05-21,SH601111,-0.038732074201107025,EXP_XGBModel_Alpha158_csi300_custom_step0_s_20260521_15,b3556d9a05d74cc3ad6456f4d1f3126e,0.081,,,
1295,2026-05-21,SH601100,-0.0430426262319088,EXP_XGBModel_Alpha158_csi300_custom_step0_s_20260521_15,b3556d9a05d74cc3ad6456f4d1f3126e,0.081,,,
1296,2026-05-21,SH601088,0.00796876847743988,EXP_XGBModel_Alpha158_csi300_custom_step0_s_20260521_15,b3556d9a05d74cc3ad6456f4d1f3126e,0.081,,,
1297,2026-05-21,SH601138,-0.06985655426979065,EXP_XGBModel_Alpha158_csi300_custom_step0_s_20260521_15,b3556d9a05d74cc3ad6456f4d1f3126e,0.081,,,
1298,2026-05-21,SH601238,0.007281554397195578,EXP_XGBModel_Alpha158_csi300_custom_step0_s_20260521_15,b3556d9a05d74cc3ad6456f4d1f3126e,0.081,,,
1299,2026-05-21,SH600905,0.023810885846614838,EXP_XGBModel_Alpha158_csi300_custom_step0_s_20260521_15,b3556d9a05d74cc3ad6456f4d1f3126e,0.081,,,
1300,2026-05-21,SH600893,-0.06213397905230522,EXP_XGBModel_Alpha158_csi300_custom_step0_s_20260521_15,b3556d9a05d74cc3ad6456f4d1f3126e,0.081,,,
1301,2026-05-21,SH600372,-0.053627680987119675,EXP_XGBModel_Alpha158_csi300_custom_step0_s_20260521_15,b3556d9a05d74cc3ad6456f4d1f3126e,0.081,,,
1302,2026-05-21,SH600377,0.06340336799621582,EXP_XGBModel_Alpha158_csi300_custom_step0_s_20260521_15,b3556d9a05d74cc3ad6456f4d1f3126e,0.081,,,
1303,2026-05-21,SH600406,-0.04788273572921753,EXP_XGBModel_Alpha158_csi300_custom_step0_s_20260521_15,b3556d9a05d74cc3ad6456f4d1f3126e,0.081,,,
1304,2026-05-21,SH600415,-0.11822542548179626,EXP_XGBModel_Alpha158_csi300_custom_step0_s_20260521_15,b3556d9a05d74cc3ad6456f4d1f3126e,0.081,,,
1305,2026-05-21,SH600426,-0.05577132850885391,EXP_XGBModel_Alpha158_csi300_custom_step0_s_20260521_15,b3556d9a05d74cc3ad6456f4d1f3126e,0.081,,,
1306,2026-05-21,SH600436,-0.035522110760211945,EXP_XGBModel_Alpha158_csi300_custom_step0_s_20260521_15,b3556d9a05d74cc3ad6456f4d1f3126e,0.081,,,
1307,2026-05-21,SH600438,-0.0809943825006485,EXP_XGBModel_Alpha158_csi300_custom_step0_s_20260521_15,b3556d9a05d74cc3ad6456f4d1f3126e,0.081,,,
1308,2026-05-21,SH600460,-0.04070943221449852,EXP_XGBModel_Alpha158_csi300_custom_step0_s_20260521_15,b3556d9a05d74cc3ad6456f4d1f3126e,0.081,,,
1309,2026-05-21,SH600482,-0.0791885256767273,EXP_XGBModel_Alpha158_csi300_custom_step0_s_20260521_15,b3556d9a05d74cc3ad6456f4d1f3126e,0.081,,,
1310,2026-05-21,SH600489,0.08274514228105545,EXP_XGBModel_Alpha158_csi300_custom_step0_s_20260521_15,b3556d9a05d74cc3ad6456f4d1f3126e,0.081,,,
1311,2026-05-21,SH600515,-0.006190284620970488,EXP_XGBModel_Alpha158_csi300_custom_step0_s_20260521_15,b3556d9a05d74cc3ad6456f4d1f3126e,0.081,,,
1312,2026-05-21,SH600519,-0.03050539270043373,EXP_XGBModel_Alpha158_csi300_custom_step0_s_20260521_15,b3556d9a05d74cc3ad6456f4d1f3126e,0.081,,,
1313,2026-05-21,SH600522,0.004697128664702177,EXP_XGBModel_Alpha158_csi300_custom_step0_s_20260521_15,b3556d9a05d74cc3ad6456f4d1f3126e,0.081,,,
1314,2026-05-21,SH600547,0.07516792416572571,EXP_XGBModel_Alpha158_csi300_custom_step0_s_20260521_15,b3556d9a05d74cc3ad6456f4d1f3126e,0.081,,,
1315,2026-05-21,SH600570,-0.05148228630423546,EXP_XGBModel_Alpha158_csi300_custom_step0_s_20260521_15,b3556d9a05d74cc3ad6456f4d1f3126e,0.081,,,
1316,2026-05-21,SH600584,-0.11882279813289642,EXP_XGBModel_Alpha158_csi300_custom_step0_s_20260521_15,b3556d9a05d74cc3ad6456f4d1f3126e,0.081,,,
1317,2026-05-21,SH600585,-0.04168977215886116,EXP_XGBModel_Alpha158_csi300_custom_step0_s_20260521_15,b3556d9a05d74cc3ad6456f4d1f3126e,0.081,,,
1318,2026-05-21,SH600887,0.005690186284482479,EXP_XGBModel_Alpha158_csi300_custom_step0_s_20260521_15,b3556d9a05d74cc3ad6456f4d1f3126e,0.081,,,
1319,2026-05-21,SH600886,0.0634097084403038,EXP_XGBModel_Alpha158_csi300_custom_step0_s_20260521_15,b3556d9a05d74cc3ad6456f4d1f3126e,0.081,,,
1320,2026-05-21,SH600875,0.05680672451853752,EXP_XGBModel_Alpha158_csi300_custom_step0_s_20260521_15,b3556d9a05d74cc3ad6456f4d1f3126e,0.081,,,
1321,2026-05-21,SH600845,-0.06760004162788391,EXP_XGBModel_Alpha158_csi300_custom_step0_s_20260521_15,b3556d9a05d74cc3ad6456f4d1f3126e,0.081,,,
1322,2026-05-21,SH600809,-0.023122819140553474,EXP_XGBModel_Alpha158_csi300_custom_step0_s_20260521_15,b3556d9a05d74cc3ad6456f4d1f3126e,0.081,,,
1323,2026-05-21,SH600803,0.013030906207859516,EXP_XGBModel_Alpha158_csi300_custom_step0_s_20260521_15,b3556d9a05d74cc3ad6456f4d1f3126e,0.081,,,
1324,2026-05-21,SH600900,0.06467059999704361,EXP_XGBModel_Alpha158_csi300_custom_step0_s_20260521_15,b3556d9a05d74cc3ad6456f4d1f3126e,0.081,,,
1325,2026-05-21,SH600795,0.012216898612678051,EXP_XGBModel_Alpha158_csi300_custom_step0_s_20260521_15,b3556d9a05d74cc3ad6456f4d1f3126e,0.081,,,
1326,2026-05-21,SH600741,0.02812199853360653,EXP_XGBModel_Alpha158_csi300_custom_step0_s_20260521_15,b3556d9a05d74cc3ad6456f4d1f3126e,0.081,,,
1327,2026-05-21,SH600690,0.03221815824508667,EXP_XGBModel_Alpha158_csi300_custom_step0_s_20260521_15,b3556d9a05d74cc3ad6456f4d1f3126e,0.081,,,
1328,2026-05-21,SH600674,-0.0021513327956199646,EXP_XGBModel_Alpha158_csi300_custom_step0_s_20260521_15,b3556d9a05d74cc3ad6456f4d1f3126e,0.081,,,
1329,2026-05-21,SH600660,-0.026247963309288025,EXP_XGBModel_Alpha158_csi300_custom_step0_s_20260521_15,b3556d9a05d74cc3ad6456f4d1f3126e,0.081,,,
1330,2026-05-21,SH600600,0.02773190103471279,EXP_XGBModel_Alpha158_csi300_custom_step0_s_20260521_15,b3556d9a05d74cc3ad6456f4d1f3126e,0.081,,,
1331,2026-05-21,SH600588,-0.044780880212783813,EXP_XGBModel_Alpha158_csi300_custom_step0_s_20260521_15,b3556d9a05d74cc3ad6456f4d1f3126e,0.081,,,
1332,2026-05-21,SH600760,-0.03953437879681587,EXP_XGBModel_Alpha158_csi300_custom_step0_s_20260521_15,b3556d9a05d74cc3ad6456f4d1f3126e,0.081,,,
1333,2026-05-21,SH601288,0.02222391776740551,EXP_XGBModel_Alpha158_csi300_custom_step0_s_20260521_15,b3556d9a05d74cc3ad6456f4d1f3126e,0.081,,,
1334,2026-05-21,SH601298,0.06775723397731781,EXP_XGBModel_Alpha158_csi300_custom_step0_s_20260521_15,b3556d9a05d74cc3ad6456f4d1f3126e,0.081,,,
1335,2026-05-21,SH601318,-0.026326855644583702,EXP_XGBModel_Alpha158_csi300_custom_step0_s_20260521_15,b3556d9a05d74cc3ad6456f4d1f3126e,0.081,,,
1336,2026-05-21,SH601898,-0.03061278536915779,EXP_XGBModel_Alpha158_csi300_custom_step0_s_20260521_15,b3556d9a05d74cc3ad6456f4d1f3126e,0.081,,,
1337,2026-05-21,SH601899,-0.1522417813539505,EXP_XGBModel_Alpha158_csi300_custom_step0_s_20260521_15,b3556d9a05d74cc3ad6456f4d1f3126e,0.081,,,
1338,2026-05-21,SH601901,0.002026867587119341,EXP_XGBModel_Alpha158_csi300_custom_step0_s_20260521_15,b3556d9a05d74cc3ad6456f4d1f3126e,0.081,,,
1339,2026-05-21,SH601916,0.05623381584882736,EXP_XGBModel_Alpha158_csi300_custom_step0_s_20260521_15,b3556d9a05d74cc3ad6456f4d1f3126e,0.081,,,
1340,2026-05-21,SH601919,-0.07372242957353592,EXP_XGBModel_Alpha158_csi300_custom_step0_s_20260521_15,b3556d9a05d74cc3ad6456f4d1f3126e,0.081,,,
1341,2026-05-21,SH601939,0.050680555403232574,EXP_XGBModel_Alpha158_csi300_custom_step0_s_20260521_15,b3556d9a05d74cc3ad6456f4d1f3126e,0.081,,,
1342,2026-05-21,SH601985,0.003971738275140524,EXP_XGBModel_Alpha158_csi300_custom_step0_s_20260521_15,b3556d9a05d74cc3ad6456f4d1f3126e,0.081,,,
1343,2026-05-21,SH601988,0.04855412244796753,EXP_XGBModel_Alpha158_csi300_custom_step0_s_20260521_15,b3556d9a05d74cc3ad6456f4d1f3126e,0.081,,,
1344,2026-05-21,SH601995,0.09577734023332596,EXP_XGBModel_Alpha158_csi300_custom_step0_s_20260521_15,b3556d9a05d74cc3ad6456f4d1f3126e,0.081,,,
1345,2026-05-21,SH601998,0.0038753761909902096,EXP_XGBModel_Alpha158_csi300_custom_step0_s_20260521_15,b3556d9a05d74cc3ad6456f4d1f3126e,0.081,,,
1346,2026-05-21,SH603019,-0.060111626982688904,EXP_XGBModel_Alpha158_csi300_custom_step0_s_20260521_15,b3556d9a05d74cc3ad6456f4d1f3126e,0.081,,,
1347,2026-05-21,SH603195,-0.024699129164218903,EXP_XGBModel_Alpha158_csi300_custom_step0_s_20260521_15,b3556d9a05d74cc3ad6456f4d1f3126e,0.081,,,
1348,2026-05-21,SH603259,-0.012861974537372589,EXP_XGBModel_Alpha158_csi300_custom_step0_s_20260521_15,b3556d9a05d74cc3ad6456f4d1f3126e,0.081,,,
1349,2026-05-21,SH603260,-0.0819871574640274,EXP_XGBModel_Alpha158_csi300_custom_step0_s_20260521_15,b3556d9a05d74cc3ad6456f4d1f3126e,0.081,,,
1350,2026-05-21,SH603288,-0.03337328881025314,EXP_XGBModel_Alpha158_csi300_custom_step0_s_20260521_15,b3556d9a05d74cc3ad6456f4d1f3126e,0.081,,,
1351,2026-05-21,SH603296,-0.02295658364892006,EXP_XGBModel_Alpha158_csi300_custom_step0_s_20260521_15,b3556d9a05d74cc3ad6456f4d1f3126e,0.081,,,
1352,2026-05-21,SH603369,-0.014090541750192642,EXP_XGBModel_Alpha158_csi300_custom_step0_s_20260521_15,b3556d9a05d74cc3ad6456f4d1f3126e,0.081,,,
1353,2026-05-21,SH688047,-0.010923604480922222,EXP_XGBModel_Alpha158_csi300_custom_step0_s_20260521_15,b3556d9a05d74cc3ad6456f4d1f3126e,0.081,,,
1354,2026-05-21,SH688041,0.33097004890441895,EXP_XGBModel_Alpha158_csi300_custom_step0_s_20260521_15,b3556d9a05d74cc3ad6456f4d1f3126e,0.081,,,
1355,2026-05-21,SH688036,-0.04418130964040756,EXP_XGBModel_Alpha158_csi300_custom_step0_s_20260521_15,b3556d9a05d74cc3ad6456f4d1f3126e,0.081,,,
1356,2026-05-21,SH688012,-0.13550883531570435,EXP_XGBModel_Alpha158_csi300_custom_step0_s_20260521_15,b3556d9a05d74cc3ad6456f4d1f3126e,0.081,,,
1357,2026-05-21,SH688009,-0.00480559142306447,EXP_XGBModel_Alpha158_csi300_custom_step0_s_20260521_15,b3556d9a05d74cc3ad6456f4d1f3126e,0.081,,,
1358,2026-05-21,SH688008,0.08874503523111343,EXP_XGBModel_Alpha158_csi300_custom_step0_s_20260521_15,b3556d9a05d74cc3ad6456f4d1f3126e,0.081,,,
1359,2026-05-21,SH601888,0.013239064253866673,EXP_XGBModel_Alpha158_csi300_custom_step0_s_20260521_15,b3556d9a05d74cc3ad6456f4d1f3126e,0.081,,,
1360,2026-05-21,SH605499,-0.003992424346506596,EXP_XGBModel_Alpha158_csi300_custom_step0_s_20260521_15,b3556d9a05d74cc3ad6456f4d1f3126e,0.081,,,
1361,2026-05-21,SH603993,-0.10470809787511826,EXP_XGBModel_Alpha158_csi300_custom_step0_s_20260521_15,b3556d9a05d74cc3ad6456f4d1f3126e,0.081,,,
1362,2026-05-21,SH603986,-0.3631333112716675,EXP_XGBModel_Alpha158_csi300_custom_step0_s_20260521_15,b3556d9a05d74cc3ad6456f4d1f3126e,0.081,,,
1363,2026-05-21,SH603893,0.011224891990423203,EXP_XGBModel_Alpha158_csi300_custom_step0_s_20260521_15,b3556d9a05d74cc3ad6456f4d1f3126e,0.081,,,
1364,2026-05-21,SH603799,-0.06798308342695236,EXP_XGBModel_Alpha158_csi300_custom_step0_s_20260521_15,b3556d9a05d74cc3ad6456f4d1f3126e,0.081,,,
1365,2026-05-21,SH603501,-0.055482588708400726,EXP_XGBModel_Alpha158_csi300_custom_step0_s_20260521_15,b3556d9a05d74cc3ad6456f4d1f3126e,0.081,,,
1366,2026-05-21,SH603392,-0.04875558614730835,EXP_XGBModel_Alpha158_csi300_custom_step0_s_20260521_15,b3556d9a05d74cc3ad6456f4d1f3126e,0.081,,,
1367,2026-05-21,SH605117,-0.11045844107866287,EXP_XGBModel_Alpha158_csi300_custom_step0_s_20260521_15,b3556d9a05d74cc3ad6456f4d1f3126e,0.081,,,
1368,2026-05-21,SH601881,0.09194020181894302,EXP_XGBModel_Alpha158_csi300_custom_step0_s_20260521_15,b3556d9a05d74cc3ad6456f4d1f3126e,0.081,,,
1369,2026-05-21,SH601878,-0.014878876507282257,EXP_XGBModel_Alpha158_csi300_custom_step0_s_20260521_15,b3556d9a05d74cc3ad6456f4d1f3126e,0.081,,,
1370,2026-05-21,SH601877,-0.06106095761060715,EXP_XGBModel_Alpha158_csi300_custom_step0_s_20260521_15,b3556d9a05d74cc3ad6456f4d1f3126e,0.081,,,
1371,2026-05-21,SH601633,-0.038101229816675186,EXP_XGBModel_Alpha158_csi300_custom_step0_s_20260521_15,b3556d9a05d74cc3ad6456f4d1f3126e,0.081,,,
1372,2026-05-21,SH601628,-0.021478088572621346,EXP_XGBModel_Alpha158_csi300_custom_step0_s_20260521_15,b3556d9a05d74cc3ad6456f4d1f3126e,0.081,,,
1373,2026-05-21,SH601618,0.0144632738083601,EXP_XGBModel_Alpha158_csi300_custom_step0_s_20260521_15,b3556d9a05d74cc3ad6456f4d1f3126e,0.081,,,
1374,2026-05-21,SH601607,0.03459010645747185,EXP_XGBModel_Alpha158_csi300_custom_step0_s_20260521_15,b3556d9a05d74cc3ad6456f4d1f3126e,0.081,,,
1375,2026-05-21,SH601601,-0.026505300775170326,EXP_XGBModel_Alpha158_csi300_custom_step0_s_20260521_15,b3556d9a05d74cc3ad6456f4d1f3126e,0.081,,,
1376,2026-05-21,SH601600,-0.04368069767951965,EXP_XGBModel_Alpha158_csi300_custom_step0_s_20260521_15,b3556d9a05d74cc3ad6456f4d1f3126e,0.081,,,
1377,2026-05-21,SH601658,0.02178437076508999,EXP_XGBModel_Alpha158_csi300_custom_step0_s_20260521_15,b3556d9a05d74cc3ad6456f4d1f3126e,0.081,,,
1378,2026-05-21,SH601456,0.01119138766080141,EXP_XGBModel_Alpha158_csi300_custom_step0_s_20260521_15,b3556d9a05d74cc3ad6456f4d1f3126e,0.081,,,
1379,2026-05-21,SH601390,-0.012294278480112553,EXP_XGBModel_Alpha158_csi300_custom_step0_s_20260521_15,b3556d9a05d74cc3ad6456f4d1f3126e,0.081,,,
1380,2026-05-21,SH601377,-0.04088955000042915,EXP_XGBModel_Alpha158_csi300_custom_step0_s_20260521_15,b3556d9a05d74cc3ad6456f4d1f3126e,0.081,,,
1381,2026-05-21,SH601360,-0.045082952827215195,EXP_XGBModel_Alpha158_csi300_custom_step0_s_20260521_15,b3556d9a05d74cc3ad6456f4d1f3126e,0.081,,,
1382,2026-05-21,SH601336,-0.040261492133140564,EXP_XGBModel_Alpha158_csi300_custom_step0_s_20260521_15,b3556d9a05d74cc3ad6456f4d1f3126e,0.081,,,
1383,2026-05-21,SH601328,0.023488717153668404,EXP_XGBModel_Alpha158_csi300_custom_step0_s_20260521_15,b3556d9a05d74cc3ad6456f4d1f3126e,0.081,,,
1384,2026-05-21,SH601319,-0.012357558123767376,EXP_XGBModel_Alpha158_csi300_custom_step0_s_20260521_15,b3556d9a05d74cc3ad6456f4d1f3126e,0.081,,,
1385,2026-05-21,SH601398,0.04391034319996834,EXP_XGBModel_Alpha158_csi300_custom_step0_s_20260521_15,b3556d9a05d74cc3ad6456f4d1f3126e,0.081,,,
1386,2026-05-21,SH600039,0.02449479140341282,EXP_XGBModel_Alpha158_csi300_custom_step0_s_20260521_15,0a8bf20426f746fa87e47295471dc841,0.074,,,
1387,2026-05-21,SH601668,0.019743749871850014,EXP_XGBModel_Alpha158_csi300_custom_step0_s_20260521_15,b3556d9a05d74cc3ad6456f4d1f3126e,0.081,,,
1388,2026-05-21,SH601688,-0.0566134974360466,EXP_XGBModel_Alpha158_csi300_custom_step0_s_20260521_15,b3556d9a05d74cc3ad6456f4d1f3126e,0.081,,,
1389,2026-05-21,SH601872,-0.08529102802276611,EXP_XGBModel_Alpha158_csi300_custom_step0_s_20260521_15,b3556d9a05d74cc3ad6456f4d1f3126e,0.081,,,
1390,2026-05-21,SH601868,-0.018833858892321587,EXP_XGBModel_Alpha158_csi300_custom_step0_s_20260521_15,b3556d9a05d74cc3ad6456f4d1f3126e,0.081,,,
1391,2026-05-21,SH601857,-0.011834891512989998,EXP_XGBModel_Alpha158_csi300_custom_step0_s_20260521_15,b3556d9a05d74cc3ad6456f4d1f3126e,0.081,,,
1392,2026-05-21,SH601838,0.013459421694278717,EXP_XGBModel_Alpha158_csi300_custom_step0_s_20260521_15,b3556d9a05d74cc3ad6456f4d1f3126e,0.081,,,
1393,2026-05-21,SH601825,0.03398043289780617,EXP_XGBModel_Alpha158_csi300_custom_step0_s_20260521_15,b3556d9a05d74cc3ad6456f4d1f3126e,0.081,,,
1394,2026-05-21,SH601818,0.029352588579058647,EXP_XGBModel_Alpha158_csi300_custom_step0_s_20260521_15,b3556d9a05d74cc3ad6456f4d1f3126e,0.081,,,
1395,2026-05-21,SH601669,-0.045892614871263504,EXP_XGBModel_Alpha158_csi300_custom_step0_s_20260521_15,b3556d9a05d74cc3ad6456f4d1f3126e,0.081,,,
1396,2026-05-21,SH601816,-0.04258309677243233,EXP_XGBModel_Alpha158_csi300_custom_step0_s_20260521_15,b3556d9a05d74cc3ad6456f4d1f3126e,0.081,,,
1397,2026-05-21,SH601800,-0.017787301912903786,EXP_XGBModel_Alpha158_csi300_custom_step0_s_20260521_15,b3556d9a05d74cc3ad6456f4d1f3126e,0.081,,,
1398,2026-05-21,SH601788,-0.05522531643509865,EXP_XGBModel_Alpha158_csi300_custom_step0_s_20260521_15,b3556d9a05d74cc3ad6456f4d1f3126e,0.081,,,
1399,2026-05-21,SH601766,-0.0034367588814347982,EXP_XGBModel_Alpha158_csi300_custom_step0_s_20260521_15,b3556d9a05d74cc3ad6456f4d1f3126e,0.081,,,
1400,2026-05-21,SH601728,-0.026746034622192383,EXP_XGBModel_Alpha158_csi300_custom_step0_s_20260521_15,b3556d9a05d74cc3ad6456f4d1f3126e,0.081,,,
1401,2026-05-21,SH601698,-0.09693939238786697,EXP_XGBModel_Alpha158_csi300_custom_step0_s_20260521_15,b3556d9a05d74cc3ad6456f4d1f3126e,0.081,,,
1402,2026-05-21,SH601689,-0.017748424783349037,EXP_XGBModel_Alpha158_csi300_custom_step0_s_20260521_15,b3556d9a05d74cc3ad6456f4d1f3126e,0.081,,,
1403,2026-05-21,SH601808,0.10762837529182434,EXP_XGBModel_Alpha158_csi300_custom_step0_s_20260521_15,b3556d9a05d74cc3ad6456f4d1f3126e,0.081,,,
1404,2026-05-21,SH600362,-0.12163562327623367,EXP_XGBModel_Alpha158_csi300_custom_step0_s_20260521_15,b3556d9a05d74cc3ad6456f4d1f3126e,0.081,,,
1405,2026-05-21,SH600048,-0.004841714631766081,EXP_XGBModel_Alpha158_csi300_custom_step0_s_20260521_15,0a8bf20426f746fa87e47295471dc841,0.074,,,
1406,2026-05-21,SH600061,0.05044404789805412,EXP_XGBModel_Alpha158_csi300_custom_step0_s_20260521_15,0a8bf20426f746fa87e47295471dc841,0.074,,,
1407,2026-05-21,SZ000333,0.010543398559093475,EXP_XGBModel_Alpha158_csi300_custom_step0_s_20260521_15,0a8bf20426f746fa87e47295471dc841,0.074,,,
1408,2026-05-21,SZ000338,0.17205914855003357,EXP_XGBModel_Alpha158_csi300_custom_step0_s_20260521_15,0a8bf20426f746fa87e47295471dc841,0.074,,,
1409,2026-05-21,SZ000408,-0.07498005032539368,EXP_XGBModel_Alpha158_csi300_custom_step0_s_20260521_15,0a8bf20426f746fa87e47295471dc841,0.074,,,
1410,2026-05-21,SZ000425,0.030276652425527573,EXP_XGBModel_Alpha158_csi300_custom_step0_s_20260521_15,0a8bf20426f746fa87e47295471dc841,0.074,,,
1411,2026-05-21,SZ000538,-0.05219608172774315,EXP_XGBModel_Alpha158_csi300_custom_step0_s_20260521_15,0a8bf20426f746fa87e47295471dc841,0.074,,,
1412,2026-05-21,SZ000568,-0.035318367183208466,EXP_XGBModel_Alpha158_csi300_custom_step0_s_20260521_15,0a8bf20426f746fa87e47295471dc841,0.074,,,
1413,2026-05-21,SZ000596,-0.002193230204284191,EXP_XGBModel_Alpha158_csi300_custom_step0_s_20260521_15,0a8bf20426f746fa87e47295471dc841,0.074,,,
1414,2026-05-21,SZ000617,0.03752234950661659,EXP_XGBModel_Alpha158_csi300_custom_step0_s_20260521_15,0a8bf20426f746fa87e47295471dc841,0.074,,,
1415,2026-05-21,SZ000625,0.3120500445365906,EXP_XGBModel_Alpha158_csi300_custom_step0_s_20260521_15,0a8bf20426f746fa87e47295471dc841,0.074,,,
1416,2026-05-21,SZ000630,0.1121092438697815,EXP_XGBModel_Alpha158_csi300_custom_step0_s_20260521_15,0a8bf20426f746fa87e47295471dc841,0.074,,,
1417,2026-05-21,SZ000651,-0.015286345034837723,EXP_XGBModel_Alpha158_csi300_custom_step0_s_20260521_15,0a8bf20426f746fa87e47295471dc841,0.074,,,
1418,2026-05-21,SZ000661,-0.031938694417476654,EXP_XGBModel_Alpha158_csi300_custom_step0_s_20260521_15,0a8bf20426f746fa87e47295471dc841,0.074,,,
1419,2026-05-21,SZ000708,-0.06529293954372406,EXP_XGBModel_Alpha158_csi300_custom_step0_s_20260521_15,0a8bf20426f746fa87e47295471dc841,0.074,,,
1420,2026-05-21,SZ000725,0.24363388121128082,EXP_XGBModel_Alpha158_csi300_custom_step0_s_20260521_15,0a8bf20426f746fa87e47295471dc841,0.074,,,
1421,2026-05-21,SZ000768,-0.0903390571475029,EXP_XGBModel_Alpha158_csi300_custom_step0_s_20260521_15,0a8bf20426f746fa87e47295471dc841,0.074,,,
1422,2026-05-21,SZ000776,-0.025954093784093857,EXP_XGBModel_Alpha158_csi300_custom_step0_s_20260521_15,0a8bf20426f746fa87e47295471dc841,0.074,,,
1423,2026-05-21,SZ000786,0.0018134427955374122,EXP_XGBModel_Alpha158_csi300_custom_step0_s_20260521_15,0a8bf20426f746fa87e47295471dc841,0.074,,,
1424,2026-05-21,SZ001979,-0.016788452863693237,EXP_XGBModel_Alpha158_csi300_custom_step0_s_20260521_15,0a8bf20426f746fa87e47295471dc841,0.074,,,
1425,2026-05-21,SZ001965,0.015703894197940826,EXP_XGBModel_Alpha158_csi300_custom_step0_s_20260521_15,0a8bf20426f746fa87e47295471dc841,0.074,,,
1426,2026-05-21,SZ001391,-0.028000254184007645,EXP_XGBModel_Alpha158_csi300_custom_step0_s_20260521_15,0a8bf20426f746fa87e47295471dc841,0.074,,,
1427,2026-05-21,SZ000999,-0.030223025009036064,EXP_XGBModel_Alpha158_csi300_custom_step0_s_20260521_15,0a8bf20426f746fa87e47295471dc841,0.074,,,
1428,2026-05-21,SZ000983,-0.005441560409963131,EXP_XGBModel_Alpha158_csi300_custom_step0_s_20260521_15,0a8bf20426f746fa87e47295471dc841,0.074,,,
1429,2026-05-21,SZ000977,-0.12934477627277374,EXP_XGBModel_Alpha158_csi300_custom_step0_s_20260521_15,0a8bf20426f746fa87e47295471dc841,0.074,,,
1430,2026-05-21,SZ000301,0.013562701642513275,EXP_XGBModel_Alpha158_csi300_custom_step0_s_20260521_15,0a8bf20426f746fa87e47295471dc841,0.074,,,
1431,2026-05-21,SZ000975,0.16420720517635345,EXP_XGBModel_Alpha158_csi300_custom_step0_s_20260521_15,0a8bf20426f746fa87e47295471dc841,0.074,,,
1432,2026-05-21,SZ000938,-0.24229605495929718,EXP_XGBModel_Alpha158_csi300_custom_step0_s_20260521_15,0a8bf20426f746fa87e47295471dc841,0.074,,,
1433,2026-05-21,SZ000895,-0.0209044236689806,EXP_XGBModel_Alpha158_csi300_custom_step0_s_20260521_15,0a8bf20426f746fa87e47295471dc841,0.074,,,
1434,2026-05-21,SZ000876,-0.04023118317127228,EXP_XGBModel_Alpha158_csi300_custom_step0_s_20260521_15,0a8bf20426f746fa87e47295471dc841,0.074,,,
1435,2026-05-21,SZ000858,0.11330963671207428,EXP_XGBModel_Alpha158_csi300_custom_step0_s_20260521_15,0a8bf20426f746fa87e47295471dc841,0.074,,,
1436,2026-05-21,SZ000807,0.31960853934288025,EXP_XGBModel_Alpha158_csi300_custom_step0_s_20260521_15,0a8bf20426f746fa87e47295471dc841,0.074,,,
1437,2026-05-21,SZ000792,0.0728832557797432,EXP_XGBModel_Alpha158_csi300_custom_step0_s_20260521_15,0a8bf20426f746fa87e47295471dc841,0.074,,,
1438,2026-05-21,SZ000963,-0.03575970232486725,EXP_XGBModel_Alpha158_csi300_custom_step0_s_20260521_15,0a8bf20426f746fa87e47295471dc841,0.074,,,
1439,2026-05-21,SZ002001,0.09434585273265839,EXP_XGBModel_Alpha158_csi300_custom_step0_s_20260521_15,0a8bf20426f746fa87e47295471dc841,0.074,,,
1440,2026-05-21,SZ000166,0.05103427544236183,EXP_XGBModel_Alpha158_csi300_custom_step0_s_20260521_15,0a8bf20426f746fa87e47295471dc841,0.074,,,
1441,2026-05-21,SZ000100,-0.16742359101772308,EXP_XGBModel_Alpha158_csi300_custom_step0_s_20260521_15,0a8bf20426f746fa87e47295471dc841,0.074,,,
1442,2026-05-21,SH603369,0.02914922870695591,EXP_XGBModel_Alpha158_csi300_custom_step0_s_20260521_15,0a8bf20426f746fa87e47295471dc841,0.074,,,
1443,2026-05-21,SH603392,0.09811133146286011,EXP_XGBModel_Alpha158_csi300_custom_step0_s_20260521_15,0a8bf20426f746fa87e47295471dc841,0.074,,,
1444,2026-05-21,SH603501,-0.13797008991241455,EXP_XGBModel_Alpha158_csi300_custom_step0_s_20260521_15,0a8bf20426f746fa87e47295471dc841,0.074,,,
1445,2026-05-21,SH603799,0.15707796812057495,EXP_XGBModel_Alpha158_csi300_custom_step0_s_20260521_15,0a8bf20426f746fa87e47295471dc841,0.074,,,
1446,2026-05-21,SH603893,-0.25908565521240234,EXP_XGBModel_Alpha158_csi300_custom_step0_s_20260521_15,0a8bf20426f746fa87e47295471dc841,0.074,,,
1447,2026-05-21,SH603986,-0.9394178986549377,EXP_XGBModel_Alpha158_csi300_custom_step0_s_20260521_15,0a8bf20426f746fa87e47295471dc841,0.074,,,
1448,2026-05-21,SH603993,0.05795258656144142,EXP_XGBModel_Alpha158_csi300_custom_step0_s_20260521_15,0a8bf20426f746fa87e47295471dc841,0.074,,,
1449,2026-05-21,SH605117,0.15688198804855347,EXP_XGBModel_Alpha158_csi300_custom_step0_s_20260521_15,0a8bf20426f746fa87e47295471dc841,0.074,,,
1450,2026-05-21,SH605499,0.06094975396990776,EXP_XGBModel_Alpha158_csi300_custom_step0_s_20260521_15,0a8bf20426f746fa87e47295471dc841,0.074,,,
1451,2026-05-21,SH688008,-0.6329293251037598,EXP_XGBModel_Alpha158_csi300_custom_step0_s_20260521_15,0a8bf20426f746fa87e47295471dc841,0.074,,,
1452,2026-05-21,SH688009,-0.06108776479959488,EXP_XGBModel_Alpha158_csi300_custom_step0_s_20260521_15,0a8bf20426f746fa87e47295471dc841,0.074,,,
1453,2026-05-21,SH688012,-0.6809329390525818,EXP_XGBModel_Alpha158_csi300_custom_step0_s_20260521_15,0a8bf20426f746fa87e47295471dc841,0.074,,,
1454,2026-05-21,SH688036,0.06477175652980804,EXP_XGBModel_Alpha158_csi300_custom_step0_s_20260521_15,0a8bf20426f746fa87e47295471dc841,0.074,,,
1455,2026-05-21,SH688041,-0.018961193040013313,EXP_XGBModel_Alpha158_csi300_custom_step0_s_20260521_15,0a8bf20426f746fa87e47295471dc841,0.074,,,
1456,2026-05-21,SH688047,-0.016597773879766464,EXP_XGBModel_Alpha158_csi300_custom_step0_s_20260521_15,0a8bf20426f746fa87e47295471dc841,0.074,,,
1457,2026-05-21,SH688082,-0.33321434259414673,EXP_XGBModel_Alpha158_csi300_custom_step0_s_20260521_15,0a8bf20426f746fa87e47295471dc841,0.074,,,
1458,2026-05-21,SH688111,0.2499493509531021,EXP_XGBModel_Alpha158_csi300_custom_step0_s_20260521_15,0a8bf20426f746fa87e47295471dc841,0.074,,,
1459,2026-05-21,SZ000063,-0.006605084519833326,EXP_XGBModel_Alpha158_csi300_custom_step0_s_20260521_15,0a8bf20426f746fa87e47295471dc841,0.074,,,
1460,2026-05-21,SZ000002,0.22917814552783966,EXP_XGBModel_Alpha158_csi300_custom_step0_s_20260521_15,0a8bf20426f746fa87e47295471dc841,0.074,,,
1461,2026-05-21,SZ000001,-0.05147216469049454,EXP_XGBModel_Alpha158_csi300_custom_step0_s_20260521_15,0a8bf20426f746fa87e47295471dc841,0.074,,,
1462,2026-05-21,SH688981,-0.7506771087646484,EXP_XGBModel_Alpha158_csi300_custom_step0_s_20260521_15,0a8bf20426f746fa87e47295471dc841,0.074,,,
1463,2026-05-21,SH688506,0.14783208072185516,EXP_XGBModel_Alpha158_csi300_custom_step0_s_20260521_15,0a8bf20426f746fa87e47295471dc841,0.074,,,
1464,2026-05-21,SH688472,-0.10426109284162521,EXP_XGBModel_Alpha158_csi300_custom_step0_s_20260521_15,0a8bf20426f746fa87e47295471dc841,0.074,,,
1465,2026-05-21,SZ000157,0.433727890253067,EXP_XGBModel_Alpha158_csi300_custom_step0_s_20260521_15,0a8bf20426f746fa87e47295471dc841,0.074,,,
1466,2026-05-21,SH688396,0.1378762125968933,EXP_XGBModel_Alpha158_csi300_custom_step0_s_20260521_15,0a8bf20426f746fa87e47295471dc841,0.074,,,
1467,2026-05-21,SH688271,-0.4208754003047943,EXP_XGBModel_Alpha158_csi300_custom_step0_s_20260521_15,0a8bf20426f746fa87e47295471dc841,0.074,,,
1468,2026-05-21,SH688256,-0.1604212373495102,EXP_XGBModel_Alpha158_csi300_custom_step0_s_20260521_15,0a8bf20426f746fa87e47295471dc841,0.074,,,
1469,2026-05-21,SH688223,0.04176447540521622,EXP_XGBModel_Alpha158_csi300_custom_step0_s_20260521_15,0a8bf20426f746fa87e47295471dc841,0.074,,,
1470,2026-05-21,SH688187,-0.17788413166999817,EXP_XGBModel_Alpha158_csi300_custom_step0_s_20260521_15,0a8bf20426f746fa87e47295471dc841,0.074,,,
1471,2026-05-21,SH688169,0.2263738512992859,EXP_XGBModel_Alpha158_csi300_custom_step0_s_20260521_15,0a8bf20426f746fa87e47295471dc841,0.074,,,
1472,2026-05-21,SH688126,-0.9917051792144775,EXP_XGBModel_Alpha158_csi300_custom_step0_s_20260521_15,0a8bf20426f746fa87e47295471dc841,0.074,,,
1473,2026-05-21,SH688303,0.16330058872699738,EXP_XGBModel_Alpha158_csi300_custom_step0_s_20260521_15,0a8bf20426f746fa87e47295471dc841,0.074,,,
1474,2026-05-21,SH603296,-0.09663637727499008,EXP_XGBModel_Alpha158_csi300_custom_step0_s_20260521_15,0a8bf20426f746fa87e47295471dc841,0.074,,,
1475,2026-05-21,SZ002027,-0.009179342538118362,EXP_XGBModel_Alpha158_csi300_custom_step0_s_20260521_15,0a8bf20426f746fa87e47295471dc841,0.074,,,
1476,2026-05-21,SZ002049,-0.07379286736249924,EXP_XGBModel_Alpha158_csi300_custom_step0_s_20260521_15,0a8bf20426f746fa87e47295471dc841,0.074,,,
1477,2026-05-21,SZ300033,-0.02205377258360386,EXP_XGBModel_Alpha158_csi300_custom_step0_s_20260521_15,0a8bf20426f746fa87e47295471dc841,0.074,,,
1478,2026-05-21,SZ300059,0.06573651731014252,EXP_XGBModel_Alpha158_csi300_custom_step0_s_20260521_15,0a8bf20426f746fa87e47295471dc841,0.074,,,
1479,2026-05-21,SZ300122,0.04796682670712471,EXP_XGBModel_Alpha158_csi300_custom_step0_s_20260521_15,0a8bf20426f746fa87e47295471dc841,0.074,,,
1480,2026-05-21,SZ300124,-0.0625348836183548,EXP_XGBModel_Alpha158_csi300_custom_step0_s_20260521_15,0a8bf20426f746fa87e47295471dc841,0.074,,,
1481,2026-05-21,SZ300251,0.09133604168891907,EXP_XGBModel_Alpha158_csi300_custom_step0_s_20260521_15,0a8bf20426f746fa87e47295471dc841,0.074,,,
1482,2026-05-21,SZ300274,0.3426569402217865,EXP_XGBModel_Alpha158_csi300_custom_step0_s_20260521_15,0a8bf20426f746fa87e47295471dc841,0.074,,,
1483,2026-05-21,SZ300308,-0.3242643177509308,EXP_XGBModel_Alpha158_csi300_custom_step0_s_20260521_15,0a8bf20426f746fa87e47295471dc841,0.074,,,
1484,2026-05-21,SZ300316,-0.2784438729286194,EXP_XGBModel_Alpha158_csi300_custom_step0_s_20260521_15,0a8bf20426f746fa87e47295471dc841,0.074,,,
1485,2026-05-21,SZ300347,0.3659683167934418,EXP_XGBModel_Alpha158_csi300_custom_step0_s_20260521_15,0a8bf20426f746fa87e47295471dc841,0.074,,,
1486,2026-05-21,SZ300394,-0.033499594777822495,EXP_XGBModel_Alpha158_csi300_custom_step0_s_20260521_15,0a8bf20426f746fa87e47295471dc841,0.074,,,
1487,2026-05-21,SZ300408,-0.008652586489915848,EXP_XGBModel_Alpha158_csi300_custom_step0_s_20260521_15,0a8bf20426f746fa87e47295471dc841,0.074,,,
1488,2026-05-21,SZ300413,0.14997141063213348,EXP_XGBModel_Alpha158_csi300_custom_step0_s_20260521_15,0a8bf20426f746fa87e47295471dc841,0.074,,,
1489,2026-05-21,SZ300418,0.20642180740833282,EXP_XGBModel_Alpha158_csi300_custom_step0_s_20260521_15,0a8bf20426f746fa87e47295471dc841,0.074,,,
1490,2026-05-21,SZ300433,0.1246139407157898,EXP_XGBModel_Alpha158_csi300_custom_step0_s_20260521_15,0a8bf20426f746fa87e47295471dc841,0.074,,,
1491,2026-05-21,SZ300442,0.21341243386268616,EXP_XGBModel_Alpha158_csi300_custom_step0_s_20260521_15,0a8bf20426f746fa87e47295471dc841,0.074,,,
1492,2026-05-21,SZ300476,-0.07275854051113129,EXP_XGBModel_Alpha158_csi300_custom_step0_s_20260521_15,0a8bf20426f746fa87e47295471dc841,0.074,,,
1493,2026-05-21,SZ300498,-0.004313517827540636,EXP_XGBModel_Alpha158_csi300_custom_step0_s_20260521_15,0a8bf20426f746fa87e47295471dc841,0.074,,,
1494,2026-05-21,SZ301236,0.024110695347189903,EXP_XGBModel_Alpha158_csi300_custom_step0_s_20260521_15,0a8bf20426f746fa87e47295471dc841,0.074,,,
1495,2026-05-21,SZ300999,0.0027715875767171383,EXP_XGBModel_Alpha158_csi300_custom_step0_s_20260521_15,0a8bf20426f746fa87e47295471dc841,0.074,,,
1496,2026-05-21,SZ300979,-0.04151490330696106,EXP_XGBModel_Alpha158_csi300_custom_step0_s_20260521_15,0a8bf20426f746fa87e47295471dc841,0.074,,,
1497,2026-05-21,SZ300896,0.16386261582374573,EXP_XGBModel_Alpha158_csi300_custom_step0_s_20260521_15,0a8bf20426f746fa87e47295471dc841,0.074,,,
1498,2026-05-21,SZ300866,0.024165665730834007,EXP_XGBModel_Alpha158_csi300_custom_step0_s_20260521_15,0a8bf20426f746fa87e47295471dc841,0.074,,,
1499,2026-05-21,SZ300832,0.03942190855741501,EXP_XGBModel_Alpha158_csi300_custom_step0_s_20260521_15,0a8bf20426f746fa87e47295471dc841,0.074,,,
1500,2026-05-21,SZ300015,-0.031054161489009857,EXP_XGBModel_Alpha158_csi300_custom_step0_s_20260521_15,0a8bf20426f746fa87e47295471dc841,0.074,,,
1501,2026-05-21,SZ300803,0.03463666886091232,EXP_XGBModel_Alpha158_csi300_custom_step0_s_20260521_15,0a8bf20426f746fa87e47295471dc841,0.074,,,
1502,2026-05-21,SZ300760,0.20848551392555237,EXP_XGBModel_Alpha158_csi300_custom_step0_s_20260521_15,0a8bf20426f746fa87e47295471dc841,0.074,,,
1503,2026-05-21,SZ300759,-0.031578000634908676,EXP_XGBModel_Alpha158_csi300_custom_step0_s_20260521_15,0a8bf20426f746fa87e47295471dc841,0.074,,,
1504,2026-05-21,SZ300750,0.05384860560297966,EXP_XGBModel_Alpha158_csi300_custom_step0_s_20260521_15,0a8bf20426f746fa87e47295471dc841,0.074,,,
1505,2026-05-21,SZ300661,-0.7766010165214539,EXP_XGBModel_Alpha158_csi300_custom_step0_s_20260521_15,0a8bf20426f746fa87e47295471dc841,0.074,,,
1506,2026-05-21,SZ300628,-0.05642566829919815,EXP_XGBModel_Alpha158_csi300_custom_step0_s_20260521_15,0a8bf20426f746fa87e47295471dc841,0.074,,,
1507,2026-05-21,SZ300502,-0.32043418288230896,EXP_XGBModel_Alpha158_csi300_custom_step0_s_20260521_15,0a8bf20426f746fa87e47295471dc841,0.074,,,
1508,2026-05-21,SZ300782,0.24112947285175323,EXP_XGBModel_Alpha158_csi300_custom_step0_s_20260521_15,0a8bf20426f746fa87e47295471dc841,0.074,,,
1509,2026-05-21,SZ002028,-0.08156771957874298,EXP_XGBModel_Alpha158_csi300_custom_step0_s_20260521_15,0a8bf20426f746fa87e47295471dc841,0.074,,,
1510,2026-05-21,SZ300014,-0.020546002313494682,EXP_XGBModel_Alpha158_csi300_custom_step0_s_20260521_15,0a8bf20426f746fa87e47295471dc841,0.074,,,
1511,2026-05-21,SZ002938,0.019468622282147408,EXP_XGBModel_Alpha158_csi300_custom_step0_s_20260521_15,0a8bf20426f746fa87e47295471dc841,0.074,,,
1512,2026-05-21,SZ002050,-0.09849863499403,EXP_XGBModel_Alpha158_csi300_custom_step0_s_20260521_15,0a8bf20426f746fa87e47295471dc841,0.074,,,
1513,2026-05-21,SZ002074,0.03308376669883728,EXP_XGBModel_Alpha158_csi300_custom_step0_s_20260521_15,0a8bf20426f746fa87e47295471dc841,0.074,,,
1514,2026-05-21,SZ002142,-0.008874500170350075,EXP_XGBModel_Alpha158_csi300_custom_step0_s_20260521_15,0a8bf20426f746fa87e47295471dc841,0.074,,,
1515,2026-05-21,SZ002179,-0.1824980527162552,EXP_XGBModel_Alpha158_csi300_custom_step0_s_20260521_15,0a8bf20426f746fa87e47295471dc841,0.074,,,
1516,2026-05-21,SZ002230,0.1553855538368225,EXP_XGBModel_Alpha158_csi300_custom_step0_s_20260521_15,0a8bf20426f746fa87e47295471dc841,0.074,,,
1517,2026-05-21,SZ002236,0.08477480709552765,EXP_XGBModel_Alpha158_csi300_custom_step0_s_20260521_15,0a8bf20426f746fa87e47295471dc841,0.074,,,
1518,2026-05-21,SZ002241,0.030040211975574493,EXP_XGBModel_Alpha158_csi300_custom_step0_s_20260521_15,0a8bf20426f746fa87e47295471dc841,0.074,,,
1519,2026-05-21,SZ002252,-0.07049571722745895,EXP_XGBModel_Alpha158_csi300_custom_step0_s_20260521_15,0a8bf20426f746fa87e47295471dc841,0.074,,,
1520,2026-05-21,SZ002304,-0.06874088943004608,EXP_XGBModel_Alpha158_csi300_custom_step0_s_20260521_15,0a8bf20426f746fa87e47295471dc841,0.074,,,
1521,2026-05-21,SZ002311,-0.07948322594165802,EXP_XGBModel_Alpha158_csi300_custom_step0_s_20260521_15,0a8bf20426f746fa87e47295471dc841,0.074,,,
1522,2026-05-21,SZ002352,-0.038994889706373215,EXP_XGBModel_Alpha158_csi300_custom_step0_s_20260521_15,0a8bf20426f746fa87e47295471dc841,0.074,,,
1523,2026-05-21,SZ002371,-0.41592878103256226,EXP_XGBModel_Alpha158_csi300_custom_step0_s_20260521_15,0a8bf20426f746fa87e47295471dc841,0.074,,,
1524,2026-05-21,SZ002384,-0.5574991106987,EXP_XGBModel_Alpha158_csi300_custom_step0_s_20260521_15,0a8bf20426f746fa87e47295471dc841,0.074,,,
1525,2026-05-21,SZ002415,-0.012565972283482552,EXP_XGBModel_Alpha158_csi300_custom_step0_s_20260521_15,0a8bf20426f746fa87e47295471dc841,0.074,,,
1526,2026-05-21,SZ002422,0.023957861587405205,EXP_XGBModel_Alpha158_csi300_custom_step0_s_20260521_15,0a8bf20426f746fa87e47295471dc841,0.074,,,
1527,2026-05-21,SZ002459,0.023261770606040955,EXP_XGBModel_Alpha158_csi300_custom_step0_s_20260521_15,0a8bf20426f746fa87e47295471dc841,0.074,,,
1528,2026-05-21,SZ002460,0.21464383602142334,EXP_XGBModel_Alpha158_csi300_custom_step0_s_20260521_15,0a8bf20426f746fa87e47295471dc841,0.074,,,
1529,2026-05-21,SZ002920,0.006970853079110384,EXP_XGBModel_Alpha158_csi300_custom_step0_s_20260521_15,0a8bf20426f746fa87e47295471dc841,0.074,,,
1530,2026-05-21,SZ002916,0.31290403008461,EXP_XGBModel_Alpha158_csi300_custom_step0_s_20260521_15,0a8bf20426f746fa87e47295471dc841,0.074,,,
1531,2026-05-21,SZ002736,-0.02170783467590809,EXP_XGBModel_Alpha158_csi300_custom_step0_s_20260521_15,0a8bf20426f746fa87e47295471dc841,0.074,,,
1532,2026-05-21,SZ002714,-0.02357902191579342,EXP_XGBModel_Alpha158_csi300_custom_step0_s_20260521_15,0a8bf20426f746fa87e47295471dc841,0.074,,,
1533,2026-05-21,SZ002709,0.5086698532104492,EXP_XGBModel_Alpha158_csi300_custom_step0_s_20260521_15,0a8bf20426f746fa87e47295471dc841,0.074,,,
1534,2026-05-21,SZ002648,0.06055406853556633,EXP_XGBModel_Alpha158_csi300_custom_step0_s_20260521_15,0a8bf20426f746fa87e47295471dc841,0.074,,,
1535,2026-05-21,SZ003816,0.12841489911079407,EXP_XGBModel_Alpha158_csi300_custom_step0_s_20260521_15,0a8bf20426f746fa87e47295471dc841,0.074,,,
1536,2026-05-21,SZ002625,0.002710213651880622,EXP_XGBModel_Alpha158_csi300_custom_step0_s_20260521_15,0a8bf20426f746fa87e47295471dc841,0.074,,,
1537,2026-05-21,SZ002600,-0.27531564235687256,EXP_XGBModel_Alpha158_csi300_custom_step0_s_20260521_15,0a8bf20426f746fa87e47295471dc841,0.074,,,
1538,2026-05-21,SZ002594,0.10546258091926575,EXP_XGBModel_Alpha158_csi300_custom_step0_s_20260521_15,0a8bf20426f746fa87e47295471dc841,0.074,,,
1539,2026-05-21,SZ002493,-0.1531432867050171,EXP_XGBModel_Alpha158_csi300_custom_step0_s_20260521_15,0a8bf20426f746fa87e47295471dc841,0.074,,,
1540,2026-05-21,SZ002475,-0.05696877837181091,EXP_XGBModel_Alpha158_csi300_custom_step0_s_20260521_15,0a8bf20426f746fa87e47295471dc841,0.074,,,
1541,2026-05-21,SZ002466,0.2865752577781677,EXP_XGBModel_Alpha158_csi300_custom_step0_s_20260521_15,0a8bf20426f746fa87e47295471dc841,0.074,,,
1542,2026-05-21,SZ002463,0.32035115361213684,EXP_XGBModel_Alpha158_csi300_custom_step0_s_20260521_15,0a8bf20426f746fa87e47295471dc841,0.074,,,
1543,2026-05-21,SZ002601,0.08097150921821594,EXP_XGBModel_Alpha158_csi300_custom_step0_s_20260521_15,0a8bf20426f746fa87e47295471dc841,0.074,,,
1544,2026-05-21,SH603288,0.01669502444565296,EXP_XGBModel_Alpha158_csi300_custom_step0_s_20260521_15,0a8bf20426f746fa87e47295471dc841,0.074,,,
1545,2026-05-21,SH603260,0.12880274653434753,EXP_XGBModel_Alpha158_csi300_custom_step0_s_20260521_15,0a8bf20426f746fa87e47295471dc841,0.074,,,
1546,2026-05-21,SH603259,0.0858457088470459,EXP_XGBModel_Alpha158_csi300_custom_step0_s_20260521_15,0a8bf20426f746fa87e47295471dc841,0.074,,,
1547,2026-05-21,SH600585,-0.06784571707248688,EXP_XGBModel_Alpha158_csi300_custom_step0_s_20260521_15,0a8bf20426f746fa87e47295471dc841,0.074,,,
1548,2026-05-21,SH600588,0.17277230322360992,EXP_XGBModel_Alpha158_csi300_custom_step0_s_20260521_15,0a8bf20426f746fa87e47295471dc841,0.074,,,
1549,2026-05-21,SH600600,-0.02938409335911274,EXP_XGBModel_Alpha158_csi300_custom_step0_s_20260521_15,0a8bf20426f746fa87e47295471dc841,0.074,,,
1550,2026-05-21,SH600660,-0.04485143721103668,EXP_XGBModel_Alpha158_csi300_custom_step0_s_20260521_15,0a8bf20426f746fa87e47295471dc841,0.074,,,
1551,2026-05-21,SH600674,-0.012988075613975525,EXP_XGBModel_Alpha158_csi300_custom_step0_s_20260521_15,0a8bf20426f746fa87e47295471dc841,0.074,,,
1552,2026-05-21,SH600690,-0.0433453768491745,EXP_XGBModel_Alpha158_csi300_custom_step0_s_20260521_15,0a8bf20426f746fa87e47295471dc841,0.074,,,
1553,2026-05-21,SH600741,0.2251613438129425,EXP_XGBModel_Alpha158_csi300_custom_step0_s_20260521_15,0a8bf20426f746fa87e47295471dc841,0.074,,,
1554,2026-05-21,SH600760,-0.06045597046613693,EXP_XGBModel_Alpha158_csi300_custom_step0_s_20260521_15,0a8bf20426f746fa87e47295471dc841,0.074,,,
1555,2026-05-21,SH600795,0.007222803775221109,EXP_XGBModel_Alpha158_csi300_custom_step0_s_20260521_15,0a8bf20426f746fa87e47295471dc841,0.074,,,
1556,2026-05-21,SH600803,-0.06179576367139816,EXP_XGBModel_Alpha158_csi300_custom_step0_s_20260521_15,0a8bf20426f746fa87e47295471dc841,0.074,,,
1557,2026-05-21,SH600809,0.017319800332188606,EXP_XGBModel_Alpha158_csi300_custom_step0_s_20260521_15,0a8bf20426f746fa87e47295471dc841,0.074,,,
1558,2026-05-21,SH600845,0.02617170661687851,EXP_XGBModel_Alpha158_csi300_custom_step0_s_20260521_15,0a8bf20426f746fa87e47295471dc841,0.074,,,
1559,2026-05-21,SH600875,0.2237038016319275,EXP_XGBModel_Alpha158_csi300_custom_step0_s_20260521_15,0a8bf20426f746fa87e47295471dc841,0.074,,,
1560,2026-05-21,SH600886,-0.00418692035600543,EXP_XGBModel_Alpha158_csi300_custom_step0_s_20260521_15,0a8bf20426f746fa87e47295471dc841,0.074,,,
1561,2026-05-21,SH600887,-0.0197049118578434,EXP_XGBModel_Alpha158_csi300_custom_step0_s_20260521_15,0a8bf20426f746fa87e47295471dc841,0.074,,,
1562,2026-05-21,SH600893,0.1160823330283165,EXP_XGBModel_Alpha158_csi300_custom_step0_s_20260521_15,0a8bf20426f746fa87e47295471dc841,0.074,,,
1563,2026-05-21,SH600900,0.00034307470195926726,EXP_XGBModel_Alpha158_csi300_custom_step0_s_20260521_15,0a8bf20426f746fa87e47295471dc841,0.074,,,
1564,2026-05-21,SH601018,0.01109264325350523,EXP_XGBModel_Alpha158_csi300_custom_step0_s_20260521_15,0a8bf20426f746fa87e47295471dc841,0.074,,,
1565,2026-05-21,SH601012,-0.0265320036560297,EXP_XGBModel_Alpha158_csi300_custom_step0_s_20260521_15,0a8bf20426f746fa87e47295471dc841,0.074,,,
1566,2026-05-21,SH601009,-0.053137704730033875,EXP_XGBModel_Alpha158_csi300_custom_step0_s_20260521_15,0a8bf20426f746fa87e47295471dc841,0.074,,,
1567,2026-05-21,SH601006,-0.013895262032747269,EXP_XGBModel_Alpha158_csi300_custom_step0_s_20260521_15,0a8bf20426f746fa87e47295471dc841,0.074,,,
1568,2026-05-21,SH600999,-0.16228675842285156,EXP_XGBModel_Alpha158_csi300_custom_step0_s_20260521_15,0a8bf20426f746fa87e47295471dc841,0.074,,,
1569,2026-05-21,SH600989,0.056201133877038956,EXP_XGBModel_Alpha158_csi300_custom_step0_s_20260521_15,0a8bf20426f746fa87e47295471dc841,0.074,,,
1570,2026-05-21,SH600584,0.21086765825748444,EXP_XGBModel_Alpha158_csi300_custom_step0_s_20260521_15,0a8bf20426f746fa87e47295471dc841,0.074,,,
1571,2026-05-21,SH600958,0.08822237700223923,EXP_XGBModel_Alpha158_csi300_custom_step0_s_20260521_15,0a8bf20426f746fa87e47295471dc841,0.074,,,
1572,2026-05-21,SH600938,-0.026011303067207336,EXP_XGBModel_Alpha158_csi300_custom_step0_s_20260521_15,0a8bf20426f746fa87e47295471dc841,0.074,,,
1573,2026-05-21,SH600930,0.07858914881944656,EXP_XGBModel_Alpha158_csi300_custom_step0_s_20260521_15,0a8bf20426f746fa87e47295471dc841,0.074,,,
1574,2026-05-21,SH600926,-0.06344462931156158,EXP_XGBModel_Alpha158_csi300_custom_step0_s_20260521_15,0a8bf20426f746fa87e47295471dc841,0.074,,,
1575,2026-05-21,SH600919,0.0024049070198088884,EXP_XGBModel_Alpha158_csi300_custom_step0_s_20260521_15,0a8bf20426f746fa87e47295471dc841,0.074,,,
1576,2026-05-21,SH600918,0.022803889587521553,EXP_XGBModel_Alpha158_csi300_custom_step0_s_20260521_15,0a8bf20426f746fa87e47295471dc841,0.074,,,
1577,2026-05-21,SH600905,-0.036920614540576935,EXP_XGBModel_Alpha158_csi300_custom_step0_s_20260521_15,0a8bf20426f746fa87e47295471dc841,0.074,,,
1578,2026-05-21,SH600941,-0.014554878696799278,EXP_XGBModel_Alpha158_csi300_custom_step0_s_20260521_15,0a8bf20426f746fa87e47295471dc841,0.074,,,
1579,2026-05-21,SH601021,0.0006042033201083541,EXP_XGBModel_Alpha158_csi300_custom_step0_s_20260521_15,0a8bf20426f746fa87e47295471dc841,0.074,,,
1580,2026-05-21,SH600570,0.1008802056312561,EXP_XGBModel_Alpha158_csi300_custom_step0_s_20260521_15,0a8bf20426f746fa87e47295471dc841,0.074,,,
1581,2026-05-21,SH600522,-0.16176585853099823,EXP_XGBModel_Alpha158_csi300_custom_step0_s_20260521_15,0a8bf20426f746fa87e47295471dc841,0.074,,,
1582,2026-05-21,SH600066,-0.005586766637861729,EXP_XGBModel_Alpha158_csi300_custom_step0_s_20260521_15,0a8bf20426f746fa87e47295471dc841,0.074,,,
1583,2026-05-21,SH600085,-0.04793913662433624,EXP_XGBModel_Alpha158_csi300_custom_step0_s_20260521_15,0a8bf20426f746fa87e47295471dc841,0.074,,,
1584,2026-05-21,SH600089,-0.005790788680315018,EXP_XGBModel_Alpha158_csi300_custom_step0_s_20260521_15,0a8bf20426f746fa87e47295471dc841,0.074,,,
1585,2026-05-21,SH600104,-0.009231862612068653,EXP_XGBModel_Alpha158_csi300_custom_step0_s_20260521_15,0a8bf20426f746fa87e47295471dc841,0.074,,,
1586,2026-05-21,SH600111,-0.13797511160373688,EXP_XGBModel_Alpha158_csi300_custom_step0_s_20260521_15,0a8bf20426f746fa87e47295471dc841,0.074,,,
1587,2026-05-21,SH600115,0.025573771446943283,EXP_XGBModel_Alpha158_csi300_custom_step0_s_20260521_15,0a8bf20426f746fa87e47295471dc841,0.074,,,
1588,2026-05-21,SH600150,0.268869549036026,EXP_XGBModel_Alpha158_csi300_custom_step0_s_20260521_15,0a8bf20426f746fa87e47295471dc841,0.074,,,
1589,2026-05-21,SH600160,0.1962442696094513,EXP_XGBModel_Alpha158_csi300_custom_step0_s_20260521_15,0a8bf20426f746fa87e47295471dc841,0.074,,,
1590,2026-05-21,SH600161,-0.03286672756075859,EXP_XGBModel_Alpha158_csi300_custom_step0_s_20260521_15,0a8bf20426f746fa87e47295471dc841,0.074,,,
1591,2026-05-21,SH600176,0.3732432723045349,EXP_XGBModel_Alpha158_csi300_custom_step0_s_20260521_15,0a8bf20426f746fa87e47295471dc841,0.074,,,
1592,2026-05-21,SH600183,-0.6266867518424988,EXP_XGBModel_Alpha158_csi300_custom_step0_s_20260521_15,0a8bf20426f746fa87e47295471dc841,0.074,,,
1593,2026-05-21,SH600188,0.06271979212760925,EXP_XGBModel_Alpha158_csi300_custom_step0_s_20260521_15,0a8bf20426f746fa87e47295471dc841,0.074,,,
1594,2026-05-21,SH600196,-0.08827388286590576,EXP_XGBModel_Alpha158_csi300_custom_step0_s_20260521_15,0a8bf20426f746fa87e47295471dc841,0.074,,,
1595,2026-05-21,SH600219,0.20653434097766876,EXP_XGBModel_Alpha158_csi300_custom_step0_s_20260521_15,0a8bf20426f746fa87e47295471dc841,0.074,,,
1596,2026-05-21,SH600233,0.19103705883026123,EXP_XGBModel_Alpha158_csi300_custom_step0_s_20260521_15,0a8bf20426f746fa87e47295471dc841,0.074,,,
1597,2026-05-21,SH600276,-0.02305505983531475,EXP_XGBModel_Alpha158_csi300_custom_step0_s_20260521_15,0a8bf20426f746fa87e47295471dc841,0.074,,,
1598,2026-05-21,SH600309,0.019480476155877113,EXP_XGBModel_Alpha158_csi300_custom_step0_s_20260521_15,0a8bf20426f746fa87e47295471dc841,0.074,,,
1599,2026-05-21,SH600519,-0.061788205057382584,EXP_XGBModel_Alpha158_csi300_custom_step0_s_20260521_15,0a8bf20426f746fa87e47295471dc841,0.074,,,
1600,2026-05-21,SH600515,-0.0013390594394877553,EXP_XGBModel_Alpha158_csi300_custom_step0_s_20260521_15,0a8bf20426f746fa87e47295471dc841,0.074,,,
1601,2026-05-21,SH600489,0.18611696362495422,EXP_XGBModel_Alpha158_csi300_custom_step0_s_20260521_15,0a8bf20426f746fa87e47295471dc841,0.074,,,
1602,2026-05-21,SH600482,-0.0829191654920578,EXP_XGBModel_Alpha158_csi300_custom_step0_s_20260521_15,0a8bf20426f746fa87e47295471dc841,0.074,,,
1603,2026-05-21,SH600460,-0.18191421031951904,EXP_XGBModel_Alpha158_csi300_custom_step0_s_20260521_15,0a8bf20426f746fa87e47295471dc841,0.074,,,
1604,2026-05-21,SH600438,0.06252575665712357,EXP_XGBModel_Alpha158_csi300_custom_step0_s_20260521_15,0a8bf20426f746fa87e47295471dc841,0.074,,,
1605,2026-05-21,SH600547,-0.033649981021881104,EXP_XGBModel_Alpha158_csi300_custom_step0_s_20260521_15,0a8bf20426f746fa87e47295471dc841,0.074,,,
1606,2026-05-21,SH600436,-0.033941883593797684,EXP_XGBModel_Alpha158_csi300_custom_step0_s_20260521_15,0a8bf20426f746fa87e47295471dc841,0.074,,,
1607,2026-05-21,SH600415,0.04969143867492676,EXP_XGBModel_Alpha158_csi300_custom_step0_s_20260521_15,0a8bf20426f746fa87e47295471dc841,0.074,,,
1608,2026-05-21,SH600406,-0.08213149756193161,EXP_XGBModel_Alpha158_csi300_custom_step0_s_20260521_15,0a8bf20426f746fa87e47295471dc841,0.074,,,
1609,2026-05-21,SH600377,-0.004047791473567486,EXP_XGBModel_Alpha158_csi300_custom_step0_s_20260521_15,0a8bf20426f746fa87e47295471dc841,0.074,,,
1610,2026-05-21,SH600372,0.021633906289935112,EXP_XGBModel_Alpha158_csi300_custom_step0_s_20260521_15,0a8bf20426f746fa87e47295471dc841,0.074,,,
1611,2026-05-21,SH600362,0.01717234216630459,EXP_XGBModel_Alpha158_csi300_custom_step0_s_20260521_15,0a8bf20426f746fa87e47295471dc841,0.074,,,
1612,2026-05-21,SH600346,-0.1261117309331894,EXP_XGBModel_Alpha158_csi300_custom_step0_s_20260521_15,0a8bf20426f746fa87e47295471dc841,0.074,,,
1613,2026-05-21,SH600426,0.03007771633565426,EXP_XGBModel_Alpha158_csi300_custom_step0_s_20260521_15,0a8bf20426f746fa87e47295471dc841,0.074,,,
1614,2026-05-21,SH601058,0.11576330661773682,EXP_XGBModel_Alpha158_csi300_custom_step0_s_20260521_15,0a8bf20426f746fa87e47295471dc841,0.074,,,
1615,2026-05-21,SH601059,0.004778802860528231,EXP_XGBModel_Alpha158_csi300_custom_step0_s_20260521_15,0a8bf20426f746fa87e47295471dc841,0.074,,,
1616,2026-05-21,SH601066,-0.004442981909960508,EXP_XGBModel_Alpha158_csi300_custom_step0_s_20260521_15,0a8bf20426f746fa87e47295471dc841,0.074,,,
1617,2026-05-21,SH601688,0.022757794708013535,EXP_XGBModel_Alpha158_csi300_custom_step0_s_20260521_15,0a8bf20426f746fa87e47295471dc841,0.074,,,
1618,2026-05-21,SH601689,0.10783324390649796,EXP_XGBModel_Alpha158_csi300_custom_step0_s_20260521_15,0a8bf20426f746fa87e47295471dc841,0.074,,,
1619,2026-05-21,SH601698,-0.12756302952766418,EXP_XGBModel_Alpha158_csi300_custom_step0_s_20260521_15,0a8bf20426f746fa87e47295471dc841,0.074,,,
1620,2026-05-21,SH601728,0.010815413668751717,EXP_XGBModel_Alpha158_csi300_custom_step0_s_20260521_15,0a8bf20426f746fa87e47295471dc841,0.074,,,
1621,2026-05-21,SH601766,-0.07006204128265381,EXP_XGBModel_Alpha158_csi300_custom_step0_s_20260521_15,0a8bf20426f746fa87e47295471dc841,0.074,,,
1622,2026-05-21,SH601788,0.053444553166627884,EXP_XGBModel_Alpha158_csi300_custom_step0_s_20260521_15,0a8bf20426f746fa87e47295471dc841,0.074,,,
1623,2026-05-21,SH601800,0.013997609727084637,EXP_XGBModel_Alpha158_csi300_custom_step0_s_20260521_15,0a8bf20426f746fa87e47295471dc841,0.074,,,
1624,2026-05-21,SH601808,-0.01633603870868683,EXP_XGBModel_Alpha158_csi300_custom_step0_s_20260521_15,0a8bf20426f746fa87e47295471dc841,0.074,,,
1625,2026-05-21,SH601816,-0.04884381964802742,EXP_XGBModel_Alpha158_csi300_custom_step0_s_20260521_15,0a8bf20426f746fa87e47295471dc841,0.074,,,
1626,2026-05-21,SH601818,-0.06550991535186768,EXP_XGBModel_Alpha158_csi300_custom_step0_s_20260521_15,0a8bf20426f746fa87e47295471dc841,0.074,,,
1627,2026-05-21,SH601825,-0.04759545996785164,EXP_XGBModel_Alpha158_csi300_custom_step0_s_20260521_15,0a8bf20426f746fa87e47295471dc841,0.074,,,
1628,2026-05-21,SH601838,0.026600481942296028,EXP_XGBModel_Alpha158_csi300_custom_step0_s_20260521_15,0a8bf20426f746fa87e47295471dc841,0.074,,,
1629,2026-05-21,SH601857,-0.037682678550481796,EXP_XGBModel_Alpha158_csi300_custom_step0_s_20260521_15,0a8bf20426f746fa87e47295471dc841,0.074,,,
1630,2026-05-21,SH601868,0.01479223370552063,EXP_XGBModel_Alpha158_csi300_custom_step0_s_20260521_15,0a8bf20426f746fa87e47295471dc841,0.074,,,
1631,2026-05-21,SH601872,-0.11353445053100586,EXP_XGBModel_Alpha158_csi300_custom_step0_s_20260521_15,0a8bf20426f746fa87e47295471dc841,0.074,,,
1632,2026-05-21,SH601877,0.14326533675193787,EXP_XGBModel_Alpha158_csi300_custom_step0_s_20260521_15,0a8bf20426f746fa87e47295471dc841,0.074,,,
1633,2026-05-21,SH601878,0.0706687718629837,EXP_XGBModel_Alpha158_csi300_custom_step0_s_20260521_15,0a8bf20426f746fa87e47295471dc841,0.074,,,
1634,2026-05-21,SH603195,-0.013956916518509388,EXP_XGBModel_Alpha158_csi300_custom_step0_s_20260521_15,0a8bf20426f746fa87e47295471dc841,0.074,,,
1635,2026-05-21,SH603019,-0.21461935341358185,EXP_XGBModel_Alpha158_csi300_custom_step0_s_20260521_15,0a8bf20426f746fa87e47295471dc841,0.074,,,
1636,2026-05-21,SH601998,-0.009960832074284554,EXP_XGBModel_Alpha158_csi300_custom_step0_s_20260521_15,0a8bf20426f746fa87e47295471dc841,0.074,,,
1637,2026-05-21,SH601995,0.043429795652627945,EXP_XGBModel_Alpha158_csi300_custom_step0_s_20260521_15,0a8bf20426f746fa87e47295471dc841,0.074,,,
1638,2026-05-21,SH601988,-0.015855900943279266,EXP_XGBModel_Alpha158_csi300_custom_step0_s_20260521_15,0a8bf20426f746fa87e47295471dc841,0.074,,,
1639,2026-05-21,SH601985,-0.005669121164828539,EXP_XGBModel_Alpha158_csi300_custom_step0_s_20260521_15,0a8bf20426f746fa87e47295471dc841,0.074,,,
1640,2026-05-21,SH601669,0.05532362312078476,EXP_XGBModel_Alpha158_csi300_custom_step0_s_20260521_15,0a8bf20426f746fa87e47295471dc841,0.074,,,
1641,2026-05-21,SH601939,0.0012852596119046211,EXP_XGBModel_Alpha158_csi300_custom_step0_s_20260521_15,0a8bf20426f746fa87e47295471dc841,0.074,,,
1642,2026-05-21,SH601916,-0.04427817463874817,EXP_XGBModel_Alpha158_csi300_custom_step0_s_20260521_15,0a8bf20426f746fa87e47295471dc841,0.074,,,
1643,2026-05-21,SH601901,0.01858815923333168,EXP_XGBModel_Alpha158_csi300_custom_step0_s_20260521_15,0a8bf20426f746fa87e47295471dc841,0.074,,,
1644,2026-05-21,SH601899,-0.1567891538143158,EXP_XGBModel_Alpha158_csi300_custom_step0_s_20260521_15,0a8bf20426f746fa87e47295471dc841,0.074,,,
1645,2026-05-21,SH601898,-0.005894809495657682,EXP_XGBModel_Alpha158_csi300_custom_step0_s_20260521_15,0a8bf20426f746fa87e47295471dc841,0.074,,,
1646,2026-05-21,SH601888,0.08773718029260635,EXP_XGBModel_Alpha158_csi300_custom_step0_s_20260521_15,0a8bf20426f746fa87e47295471dc841,0.074,,,
1647,2026-05-21,SH601881,0.15332402288913727,EXP_XGBModel_Alpha158_csi300_custom_step0_s_20260521_15,0a8bf20426f746fa87e47295471dc841,0.074,,,
1648,2026-05-21,SH601919,-0.028837772086262703,EXP_XGBModel_Alpha158_csi300_custom_step0_s_20260521_15,0a8bf20426f746fa87e47295471dc841,0.074,,,
1649,2026-05-21,SH601668,-0.04758784547448158,EXP_XGBModel_Alpha158_csi300_custom_step0_s_20260521_15,0a8bf20426f746fa87e47295471dc841,0.074,,,
1650,2026-05-21,SH601658,-0.049365732818841934,EXP_XGBModel_Alpha158_csi300_custom_step0_s_20260521_15,0a8bf20426f746fa87e47295471dc841,0.074,,,
1651,2026-05-21,SH601633,-0.007030706852674484,EXP_XGBModel_Alpha158_csi300_custom_step0_s_20260521_15,0a8bf20426f746fa87e47295471dc841,0.074,,,
1652,2026-05-21,SH601229,-0.03505679592490196,EXP_XGBModel_Alpha158_csi300_custom_step0_s_20260521_15,0a8bf20426f746fa87e47295471dc841,0.074,,,
1653,2026-05-21,SH601225,-0.050618208944797516,EXP_XGBModel_Alpha158_csi300_custom_step0_s_20260521_15,0a8bf20426f746fa87e47295471dc841,0.074,,,
1654,2026-05-21,SH601211,-0.015561233274638653,EXP_XGBModel_Alpha158_csi300_custom_step0_s_20260521_15,0a8bf20426f746fa87e47295471dc841,0.074,,,
1655,2026-05-21,SH601186,-0.03557559847831726,EXP_XGBModel_Alpha158_csi300_custom_step0_s_20260521_15,0a8bf20426f746fa87e47295471dc841,0.074,,,
1656,2026-05-21,SH601169,-0.042987093329429626,EXP_XGBModel_Alpha158_csi300_custom_step0_s_20260521_15,0a8bf20426f746fa87e47295471dc841,0.074,,,
1657,2026-05-21,SH601166,-0.06040702387690544,EXP_XGBModel_Alpha158_csi300_custom_step0_s_20260521_15,0a8bf20426f746fa87e47295471dc841,0.074,,,
1658,2026-05-21,SH601236,0.003949295729398727,EXP_XGBModel_Alpha158_csi300_custom_step0_s_20260521_15,0a8bf20426f746fa87e47295471dc841,0.074,,,
1659,2026-05-21,SH601138,-0.051490940153598785,EXP_XGBModel_Alpha158_csi300_custom_step0_s_20260521_15,0a8bf20426f746fa87e47295471dc841,0.074,,,
1660,2026-05-21,SH601127,0.017857782542705536,EXP_XGBModel_Alpha158_csi300_custom_step0_s_20260521_15,0a8bf20426f746fa87e47295471dc841,0.074,,,
1661,2026-05-21,SH601117,-0.014407901093363762,EXP_XGBModel_Alpha158_csi300_custom_step0_s_20260521_15,0a8bf20426f746fa87e47295471dc841,0.074,,,
1662,2026-05-21,SH601111,-0.0036332071758806705,EXP_XGBModel_Alpha158_csi300_custom_step0_s_20260521_15,0a8bf20426f746fa87e47295471dc841,0.074,,,
1663,2026-05-21,SH601100,-0.05548880994319916,EXP_XGBModel_Alpha158_csi300_custom_step0_s_20260521_15,0a8bf20426f746fa87e47295471dc841,0.074,,,
1664,2026-05-21,SH601088,-0.037753619253635406,EXP_XGBModel_Alpha158_csi300_custom_step0_s_20260521_15,0a8bf20426f746fa87e47295471dc841,0.074,,,
1665,2026-05-21,SH601077,-0.06001070514321327,EXP_XGBModel_Alpha158_csi300_custom_step0_s_20260521_15,0a8bf20426f746fa87e47295471dc841,0.074,,,
1666,2026-05-21,SH601136,0.06065335497260094,EXP_XGBModel_Alpha158_csi300_custom_step0_s_20260521_15,0a8bf20426f746fa87e47295471dc841,0.074,,,
1667,2026-05-21,SH600050,-0.02850021794438362,EXP_XGBModel_Alpha158_csi300_custom_step0_s_20260521_15,0a8bf20426f746fa87e47295471dc841,0.074,,,
1668,2026-05-21,SH601238,0.040550146251916885,EXP_XGBModel_Alpha158_csi300_custom_step0_s_20260521_15,0a8bf20426f746fa87e47295471dc841,0.074,,,
1669,2026-05-21,SH601298,-0.008161922916769981,EXP_XGBModel_Alpha158_csi300_custom_step0_s_20260521_15,0a8bf20426f746fa87e47295471dc841,0.074,,,
1670,2026-05-21,SH601628,-0.07520437985658646,EXP_XGBModel_Alpha158_csi300_custom_step0_s_20260521_15,0a8bf20426f746fa87e47295471dc841,0.074,,,
1671,2026-05-21,SH601618,-0.05689176172018051,EXP_XGBModel_Alpha158_csi300_custom_step0_s_20260521_15,0a8bf20426f746fa87e47295471dc841,0.074,,,
1672,2026-05-21,SH601607,-0.028905240818858147,EXP_XGBModel_Alpha158_csi300_custom_step0_s_20260521_15,0a8bf20426f746fa87e47295471dc841,0.074,,,
1673,2026-05-21,SH601601,0.008359729312360287,EXP_XGBModel_Alpha158_csi300_custom_step0_s_20260521_15,0a8bf20426f746fa87e47295471dc841,0.074,,,
1674,2026-05-21,SH601600,0.05156581476330757,EXP_XGBModel_Alpha158_csi300_custom_step0_s_20260521_15,0a8bf20426f746fa87e47295471dc841,0.074,,,
1675,2026-05-21,SH601456,0.05485635623335838,EXP_XGBModel_Alpha158_csi300_custom_step0_s_20260521_15,0a8bf20426f746fa87e47295471dc841,0.074,,,
1676,2026-05-21,SH601288,0.0008086968446150422,EXP_XGBModel_Alpha158_csi300_custom_step0_s_20260521_15,0a8bf20426f746fa87e47295471dc841,0.074,,,
1677,2026-05-21,SH601398,-0.036154113709926605,EXP_XGBModel_Alpha158_csi300_custom_step0_s_20260521_15,0a8bf20426f746fa87e47295471dc841,0.074,,,
1678,2026-05-21,SH601377,0.1726759672164917,EXP_XGBModel_Alpha158_csi300_custom_step0_s_20260521_15,0a8bf20426f746fa87e47295471dc841,0.074,,,
1679,2026-05-21,SH601360,0.039099741727113724,EXP_XGBModel_Alpha158_csi300_custom_step0_s_20260521_15,0a8bf20426f746fa87e47295471dc841,0.074,,,
1680,2026-05-21,SH601336,0.06327005475759506,EXP_XGBModel_Alpha158_csi300_custom_step0_s_20260521_15,0a8bf20426f746fa87e47295471dc841,0.074,,,
1681,2026-05-21,SH601328,-0.028326144441962242,EXP_XGBModel_Alpha158_csi300_custom_step0_s_20260521_15,0a8bf20426f746fa87e47295471dc841,0.074,,,
1682,2026-05-21,SH601319,0.02269856445491314,EXP_XGBModel_Alpha158_csi300_custom_step0_s_20260521_15,0a8bf20426f746fa87e47295471dc841,0.074,,,
1683,2026-05-21,SH601318,-0.06933633238077164,EXP_XGBModel_Alpha158_csi300_custom_step0_s_20260521_15,0a8bf20426f746fa87e47295471dc841,0.074,,,
1684,2026-05-21,SH601390,-0.019012225791811943,EXP_XGBModel_Alpha158_csi300_custom_step0_s_20260521_15,0a8bf20426f746fa87e47295471dc841,0.074,,,
1685,2026-05-21,SH600346,-0.08141013979911804,EXP_XGBModel_Alpha158_csi300_custom_step0_s_20260521_15,b3556d9a05d74cc3ad6456f4d1f3126e,0.081,,,
1686,2026-05-21,SH600309,-0.027837784960865974,EXP_XGBModel_Alpha158_csi300_custom_step0_s_20260521_15,b3556d9a05d74cc3ad6456f4d1f3126e,0.081,,,
1687,2026-05-21,SH600276,-0.07759258896112442,EXP_XGBModel_Alpha158_csi300_custom_step0_s_20260521_15,b3556d9a05d74cc3ad6456f4d1f3126e,0.081,,,
1688,2026-05-21,SZ002594,-0.06071462482213974,EXP_LinearModel_Alpha158_csi300_custom_step0_s_20260521_15,e0e0fe7aefed4ad8a1b89f561b844988,0.115,,,
1689,2026-05-21,SZ002600,0.0442851260304451,EXP_LinearModel_Alpha158_csi300_custom_step0_s_20260521_15,e0e0fe7aefed4ad8a1b89f561b844988,0.115,,,
1690,2026-05-21,SZ002601,-0.02771640010178089,EXP_LinearModel_Alpha158_csi300_custom_step0_s_20260521_15,e0e0fe7aefed4ad8a1b89f561b844988,0.115,,,
1691,2026-05-21,SZ002625,-0.038269057869911194,EXP_LinearModel_Alpha158_csi300_custom_step0_s_20260521_15,e0e0fe7aefed4ad8a1b89f561b844988,0.115,,,
1692,2026-05-21,SZ002648,0.019751116633415222,EXP_LinearModel_Alpha158_csi300_custom_step0_s_20260521_15,e0e0fe7aefed4ad8a1b89f561b844988,0.115,,,
1693,2026-05-21,SZ002709,0.014934303238987923,EXP_LinearModel_Alpha158_csi300_custom_step0_s_20260521_15,e0e0fe7aefed4ad8a1b89f561b844988,0.115,,,
1694,2026-05-21,SZ002714,-0.04877621680498123,EXP_LinearModel_Alpha158_csi300_custom_step0_s_20260521_15,e0e0fe7aefed4ad8a1b89f561b844988,0.115,,,
1695,2026-05-21,SZ002736,-0.027614356949925423,EXP_LinearModel_Alpha158_csi300_custom_step0_s_20260521_15,e0e0fe7aefed4ad8a1b89f561b844988,0.115,,,
1696,2026-05-21,SZ002916,-0.03529876098036766,EXP_LinearModel_Alpha158_csi300_custom_step0_s_20260521_15,e0e0fe7aefed4ad8a1b89f561b844988,0.115,,,
1697,2026-05-21,SZ002920,0.16544219851493835,EXP_LinearModel_Alpha158_csi300_custom_step0_s_20260521_15,e0e0fe7aefed4ad8a1b89f561b844988,0.115,,,
1698,2026-05-21,SZ002938,-0.08234043419361115,EXP_LinearModel_Alpha158_csi300_custom_step0_s_20260521_15,e0e0fe7aefed4ad8a1b89f561b844988,0.115,,,
1699,2026-05-21,SZ003816,0.06954636424779892,EXP_LinearModel_Alpha158_csi300_custom_step0_s_20260521_15,e0e0fe7aefed4ad8a1b89f561b844988,0.115,,,
1700,2026-05-21,SZ300014,0.018643269315361977,EXP_LinearModel_Alpha158_csi300_custom_step0_s_20260521_15,e0e0fe7aefed4ad8a1b89f561b844988,0.115,,,
1701,2026-05-21,SZ300015,-0.03459232673048973,EXP_LinearModel_Alpha158_csi300_custom_step0_s_20260521_15,e0e0fe7aefed4ad8a1b89f561b844988,0.115,,,
1702,2026-05-21,SZ300033,-0.016498234122991562,EXP_LinearModel_Alpha158_csi300_custom_step0_s_20260521_15,e0e0fe7aefed4ad8a1b89f561b844988,0.115,,,
1703,2026-05-21,SZ300059,-0.05630712956190109,EXP_LinearModel_Alpha158_csi300_custom_step0_s_20260521_15,e0e0fe7aefed4ad8a1b89f561b844988,0.115,,,
1704,2026-05-21,SZ300122,-0.08176140487194061,EXP_LinearModel_Alpha158_csi300_custom_step0_s_20260521_15,e0e0fe7aefed4ad8a1b89f561b844988,0.115,,,
1705,2026-05-21,SZ300498,0.01822933554649353,EXP_LinearModel_Alpha158_csi300_custom_step0_s_20260521_15,e0e0fe7aefed4ad8a1b89f561b844988,0.115,,,
1706,2026-05-21,SZ300476,0.02671574242413044,EXP_LinearModel_Alpha158_csi300_custom_step0_s_20260521_15,e0e0fe7aefed4ad8a1b89f561b844988,0.115,,,
1707,2026-05-21,SZ300442,,EXP_LinearModel_Alpha158_csi300_custom_step0_s_20260521_15,e0e0fe7aefed4ad8a1b89f561b844988,0.115,,,
1708,2026-05-21,SZ300433,-0.029069097712635994,EXP_LinearModel_Alpha158_csi300_custom_step0_s_20260521_15,e0e0fe7aefed4ad8a1b89f561b844988,0.115,,,
1709,2026-05-21,SZ300418,-0.06575115025043488,EXP_LinearModel_Alpha158_csi300_custom_step0_s_20260521_15,e0e0fe7aefed4ad8a1b89f561b844988,0.115,,,
1710,2026-05-21,SZ300413,-0.038540612906217575,EXP_LinearModel_Alpha158_csi300_custom_step0_s_20260521_15,e0e0fe7aefed4ad8a1b89f561b844988,0.115,,,
1711,2026-05-21,SZ002493,-0.022336047142744064,EXP_LinearModel_Alpha158_csi300_custom_step0_s_20260521_15,e0e0fe7aefed4ad8a1b89f561b844988,0.115,,,
1712,2026-05-21,SZ300408,-0.1789828985929489,EXP_LinearModel_Alpha158_csi300_custom_step0_s_20260521_15,e0e0fe7aefed4ad8a1b89f561b844988,0.115,,,
1713,2026-05-21,SZ300347,-0.04543781280517578,EXP_LinearModel_Alpha158_csi300_custom_step0_s_20260521_15,e0e0fe7aefed4ad8a1b89f561b844988,0.115,,,
1714,2026-05-21,SZ300316,0.01565404236316681,EXP_LinearModel_Alpha158_csi300_custom_step0_s_20260521_15,e0e0fe7aefed4ad8a1b89f561b844988,0.115,,,
1715,2026-05-21,SZ300308,0.08361323177814484,EXP_LinearModel_Alpha158_csi300_custom_step0_s_20260521_15,e0e0fe7aefed4ad8a1b89f561b844988,0.115,,,
1716,2026-05-21,SZ300274,-0.19271384179592133,EXP_LinearModel_Alpha158_csi300_custom_step0_s_20260521_15,e0e0fe7aefed4ad8a1b89f561b844988,0.115,,,
1717,2026-05-21,SZ300251,-0.24907642602920532,EXP_LinearModel_Alpha158_csi300_custom_step0_s_20260521_15,e0e0fe7aefed4ad8a1b89f561b844988,0.115,,,
1718,2026-05-21,SZ300124,-0.0066690025851130486,EXP_LinearModel_Alpha158_csi300_custom_step0_s_20260521_15,e0e0fe7aefed4ad8a1b89f561b844988,0.115,,,
1719,2026-05-21,SZ300394,0.1515853852033615,EXP_LinearModel_Alpha158_csi300_custom_step0_s_20260521_15,e0e0fe7aefed4ad8a1b89f561b844988,0.115,,,
1720,2026-05-21,SZ300502,0.0836615264415741,EXP_LinearModel_Alpha158_csi300_custom_step0_s_20260521_15,e0e0fe7aefed4ad8a1b89f561b844988,0.115,,,
1721,2026-05-21,SZ002475,0.0333072654902935,EXP_LinearModel_Alpha158_csi300_custom_step0_s_20260521_15,e0e0fe7aefed4ad8a1b89f561b844988,0.115,,,
1722,2026-05-21,SZ002463,0.04420416057109833,EXP_LinearModel_Alpha158_csi300_custom_step0_s_20260521_15,e0e0fe7aefed4ad8a1b89f561b844988,0.115,,,
1723,2026-05-21,SZ000895,-0.03101183846592903,EXP_LinearModel_Alpha158_csi300_custom_step0_s_20260521_15,e0e0fe7aefed4ad8a1b89f561b844988,0.115,,,
1724,2026-05-21,SZ000938,0.19386334717273712,EXP_LinearModel_Alpha158_csi300_custom_step0_s_20260521_15,e0e0fe7aefed4ad8a1b89f561b844988,0.115,,,
1725,2026-05-21,SZ000963,-0.03742001950740814,EXP_LinearModel_Alpha158_csi300_custom_step0_s_20260521_15,e0e0fe7aefed4ad8a1b89f561b844988,0.115,,,
1726,2026-05-21,SZ000975,0.05193841829895973,EXP_LinearModel_Alpha158_csi300_custom_step0_s_20260521_15,e0e0fe7aefed4ad8a1b89f561b844988,0.115,,,
1727,2026-05-21,SZ000977,0.04909834265708923,EXP_LinearModel_Alpha158_csi300_custom_step0_s_20260521_15,e0e0fe7aefed4ad8a1b89f561b844988,0.115,,,
1728,2026-05-21,SZ000983,-0.020809495821595192,EXP_LinearModel_Alpha158_csi300_custom_step0_s_20260521_15,e0e0fe7aefed4ad8a1b89f561b844988,0.115,,,
1729,2026-05-21,SZ000999,-0.025143099948763847,EXP_LinearModel_Alpha158_csi300_custom_step0_s_20260521_15,e0e0fe7aefed4ad8a1b89f561b844988,0.115,,,
1730,2026-05-21,SZ001391,0.024844400584697723,EXP_LinearModel_Alpha158_csi300_custom_step0_s_20260521_15,e0e0fe7aefed4ad8a1b89f561b844988,0.115,,,
1731,2026-05-21,SZ001965,0.053855229169130325,EXP_LinearModel_Alpha158_csi300_custom_step0_s_20260521_15,e0e0fe7aefed4ad8a1b89f561b844988,0.115,,,
1732,2026-05-21,SZ001979,-0.04644918814301491,EXP_LinearModel_Alpha158_csi300_custom_step0_s_20260521_15,e0e0fe7aefed4ad8a1b89f561b844988,0.115,,,
1733,2026-05-21,SZ002001,-0.011406844481825829,EXP_LinearModel_Alpha158_csi300_custom_step0_s_20260521_15,e0e0fe7aefed4ad8a1b89f561b844988,0.115,,,
1734,2026-05-21,SZ002027,0.03300982713699341,EXP_LinearModel_Alpha158_csi300_custom_step0_s_20260521_15,e0e0fe7aefed4ad8a1b89f561b844988,0.115,,,
1735,2026-05-21,SZ002028,0.04924966022372246,EXP_LinearModel_Alpha158_csi300_custom_step0_s_20260521_15,e0e0fe7aefed4ad8a1b89f561b844988,0.115,,,
1736,2026-05-21,SZ002049,0.05326182767748833,EXP_LinearModel_Alpha158_csi300_custom_step0_s_20260521_15,e0e0fe7aefed4ad8a1b89f561b844988,0.115,,,
1737,2026-05-21,SZ002050,0.009657461196184158,EXP_LinearModel_Alpha158_csi300_custom_step0_s_20260521_15,e0e0fe7aefed4ad8a1b89f561b844988,0.115,,,
1738,2026-05-21,SZ002074,-0.020206540822982788,EXP_LinearModel_Alpha158_csi300_custom_step0_s_20260521_15,e0e0fe7aefed4ad8a1b89f561b844988,0.115,,,
1739,2026-05-21,SZ002142,0.023408617824316025,EXP_LinearModel_Alpha158_csi300_custom_step0_s_20260521_15,e0e0fe7aefed4ad8a1b89f561b844988,0.115,,,
1740,2026-05-21,SZ002460,0.04746633768081665,EXP_LinearModel_Alpha158_csi300_custom_step0_s_20260521_15,e0e0fe7aefed4ad8a1b89f561b844988,0.115,,,
1741,2026-05-21,SZ002459,0.014071362093091011,EXP_LinearModel_Alpha158_csi300_custom_step0_s_20260521_15,e0e0fe7aefed4ad8a1b89f561b844988,0.115,,,
1742,2026-05-21,SZ002422,-0.03476473316550255,EXP_LinearModel_Alpha158_csi300_custom_step0_s_20260521_15,e0e0fe7aefed4ad8a1b89f561b844988,0.115,,,
1743,2026-05-21,SZ002415,0.017262903973460197,EXP_LinearModel_Alpha158_csi300_custom_step0_s_20260521_15,e0e0fe7aefed4ad8a1b89f561b844988,0.115,,,
1744,2026-05-21,SZ002384,0.1110558956861496,EXP_LinearModel_Alpha158_csi300_custom_step0_s_20260521_15,e0e0fe7aefed4ad8a1b89f561b844988,0.115,,,
1745,2026-05-21,SZ002371,-0.15469613671302795,EXP_LinearModel_Alpha158_csi300_custom_step0_s_20260521_15,e0e0fe7aefed4ad8a1b89f561b844988,0.115,,,
1746,2026-05-21,SZ002466,0.049797385931015015,EXP_LinearModel_Alpha158_csi300_custom_step0_s_20260521_15,e0e0fe7aefed4ad8a1b89f561b844988,0.115,,,
1747,2026-05-21,SZ002352,-0.05821116641163826,EXP_LinearModel_Alpha158_csi300_custom_step0_s_20260521_15,e0e0fe7aefed4ad8a1b89f561b844988,0.115,,,
1748,2026-05-21,SZ002304,-0.055763568729162216,EXP_LinearModel_Alpha158_csi300_custom_step0_s_20260521_15,e0e0fe7aefed4ad8a1b89f561b844988,0.115,,,
1749,2026-05-21,SZ002252,-0.023650452494621277,EXP_LinearModel_Alpha158_csi300_custom_step0_s_20260521_15,e0e0fe7aefed4ad8a1b89f561b844988,0.115,,,
1750,2026-05-21,SZ002241,0.021464988589286804,EXP_LinearModel_Alpha158_csi300_custom_step0_s_20260521_15,e0e0fe7aefed4ad8a1b89f561b844988,0.115,,,
1751,2026-05-21,SZ002236,0.042190004140138626,EXP_LinearModel_Alpha158_csi300_custom_step0_s_20260521_15,e0e0fe7aefed4ad8a1b89f561b844988,0.115,,,
1752,2026-05-21,SZ002230,-0.0016253611538559198,EXP_LinearModel_Alpha158_csi300_custom_step0_s_20260521_15,e0e0fe7aefed4ad8a1b89f561b844988,0.115,,,
1753,2026-05-21,SZ002179,-0.005952518433332443,EXP_LinearModel_Alpha158_csi300_custom_step0_s_20260521_15,e0e0fe7aefed4ad8a1b89f561b844988,0.115,,,
1754,2026-05-21,SZ002311,-0.06442900747060776,EXP_LinearModel_Alpha158_csi300_custom_step0_s_20260521_15,e0e0fe7aefed4ad8a1b89f561b844988,0.115,,,
1755,2026-05-21,SZ000876,0.02165616862475872,EXP_LinearModel_Alpha158_csi300_custom_step0_s_20260521_15,e0e0fe7aefed4ad8a1b89f561b844988,0.115,,,
1756,2026-05-21,SZ300628,0.018446486443281174,EXP_LinearModel_Alpha158_csi300_custom_step0_s_20260521_15,e0e0fe7aefed4ad8a1b89f561b844988,0.115,,,
1757,2026-05-21,SZ300750,0.02351030521094799,EXP_LinearModel_Alpha158_csi300_custom_step0_s_20260521_15,e0e0fe7aefed4ad8a1b89f561b844988,0.115,,,
1758,2026-05-21,SH600089,0.049346923828125,EXP_LinearModel_Alpha158_csi300_custom_step0_s_20260521_15,086d4831a85d419b8af31cf730f609c9,0.093,,,
1759,2026-05-21,SH600104,-0.05908321589231491,EXP_LinearModel_Alpha158_csi300_custom_step0_s_20260521_15,086d4831a85d419b8af31cf730f609c9,0.093,,,
1760,2026-05-21,SH600111,0.1461586207151413,EXP_LinearModel_Alpha158_csi300_custom_step0_s_20260521_15,086d4831a85d419b8af31cf730f609c9,0.093,,,
1761,2026-05-21,SH600115,0.23058925569057465,EXP_LinearModel_Alpha158_csi300_custom_step0_s_20260521_15,086d4831a85d419b8af31cf730f609c9,0.093,,,
1762,2026-05-21,SH600150,0.2695026695728302,EXP_LinearModel_Alpha158_csi300_custom_step0_s_20260521_15,086d4831a85d419b8af31cf730f609c9,0.093,,,
1763,2026-05-21,SH600160,0.10992386937141418,EXP_LinearModel_Alpha158_csi300_custom_step0_s_20260521_15,086d4831a85d419b8af31cf730f609c9,0.093,,,
1764,2026-05-21,SH600161,-0.07403850555419922,EXP_LinearModel_Alpha158_csi300_custom_step0_s_20260521_15,086d4831a85d419b8af31cf730f609c9,0.093,,,
1765,2026-05-21,SH600176,0.2092653512954712,EXP_LinearModel_Alpha158_csi300_custom_step0_s_20260521_15,086d4831a85d419b8af31cf730f609c9,0.093,,,
1766,2026-05-21,SH600183,0.06777685880661011,EXP_LinearModel_Alpha158_csi300_custom_step0_s_20260521_15,086d4831a85d419b8af31cf730f609c9,0.093,,,
1767,2026-05-21,SH600188,-0.06081445515155792,EXP_LinearModel_Alpha158_csi300_custom_step0_s_20260521_15,086d4831a85d419b8af31cf730f609c9,0.093,,,
1768,2026-05-21,SH600196,-0.05983094871044159,EXP_LinearModel_Alpha158_csi300_custom_step0_s_20260521_15,086d4831a85d419b8af31cf730f609c9,0.093,,,
1769,2026-05-21,SH600219,0.04931337386369705,EXP_LinearModel_Alpha158_csi300_custom_step0_s_20260521_15,086d4831a85d419b8af31cf730f609c9,0.093,,,
1770,2026-05-21,SH600233,-0.03205564618110657,EXP_LinearModel_Alpha158_csi300_custom_step0_s_20260521_15,086d4831a85d419b8af31cf730f609c9,0.093,,,
1771,2026-05-21,SH600276,-0.00039640069007873535,EXP_LinearModel_Alpha158_csi300_custom_step0_s_20260521_15,086d4831a85d419b8af31cf730f609c9,0.093,,,
1772,2026-05-21,SH600309,0.03482309728860855,EXP_LinearModel_Alpha158_csi300_custom_step0_s_20260521_15,086d4831a85d419b8af31cf730f609c9,0.093,,,
1773,2026-05-21,SH600346,0.07267260551452637,EXP_LinearModel_Alpha158_csi300_custom_step0_s_20260521_15,086d4831a85d419b8af31cf730f609c9,0.093,,,
1774,2026-05-21,SH600362,-0.0685977190732956,EXP_LinearModel_Alpha158_csi300_custom_step0_s_20260521_15,086d4831a85d419b8af31cf730f609c9,0.093,,,
1775,2026-05-21,SH600547,0.2924465239048004,EXP_LinearModel_Alpha158_csi300_custom_step0_s_20260521_15,086d4831a85d419b8af31cf730f609c9,0.093,,,
1776,2026-05-21,SH600522,0.14377492666244507,EXP_LinearModel_Alpha158_csi300_custom_step0_s_20260521_15,086d4831a85d419b8af31cf730f609c9,0.093,,,
1777,2026-05-21,SH600519,-0.13073235750198364,EXP_LinearModel_Alpha158_csi300_custom_step0_s_20260521_15,086d4831a85d419b8af31cf730f609c9,0.093,,,
1778,2026-05-21,SH600515,-0.03724420815706253,EXP_LinearModel_Alpha158_csi300_custom_step0_s_20260521_15,086d4831a85d419b8af31cf730f609c9,0.093,,,
1779,2026-05-21,SH600489,0.25031688809394836,EXP_LinearModel_Alpha158_csi300_custom_step0_s_20260521_15,086d4831a85d419b8af31cf730f609c9,0.093,,,
1780,2026-05-21,SH600482,0.11984391510486603,EXP_LinearModel_Alpha158_csi300_custom_step0_s_20260521_15,086d4831a85d419b8af31cf730f609c9,0.093,,,
1781,2026-05-21,SH600085,-0.07278025150299072,EXP_LinearModel_Alpha158_csi300_custom_step0_s_20260521_15,086d4831a85d419b8af31cf730f609c9,0.093,,,
1782,2026-05-21,SH600460,0.13891124725341797,EXP_LinearModel_Alpha158_csi300_custom_step0_s_20260521_15,086d4831a85d419b8af31cf730f609c9,0.093,,,
1783,2026-05-21,SH600436,-0.04373179376125336,EXP_LinearModel_Alpha158_csi300_custom_step0_s_20260521_15,086d4831a85d419b8af31cf730f609c9,0.093,,,
1784,2026-05-21,SH600426,0.15955446660518646,EXP_LinearModel_Alpha158_csi300_custom_step0_s_20260521_15,086d4831a85d419b8af31cf730f609c9,0.093,,,
1785,2026-05-21,SH600415,0.028844892978668213,EXP_LinearModel_Alpha158_csi300_custom_step0_s_20260521_15,086d4831a85d419b8af31cf730f609c9,0.093,,,
1786,2026-05-21,SH600406,0.04182874411344528,EXP_LinearModel_Alpha158_csi300_custom_step0_s_20260521_15,086d4831a85d419b8af31cf730f609c9,0.093,,,
1787,2026-05-21,SH600377,0.1025862917304039,EXP_LinearModel_Alpha158_csi300_custom_step0_s_20260521_15,086d4831a85d419b8af31cf730f609c9,0.093,,,
1788,2026-05-21,SH600372,0.10346831381320953,EXP_LinearModel_Alpha158_csi300_custom_step0_s_20260521_15,086d4831a85d419b8af31cf730f609c9,0.093,,,
1789,2026-05-21,SH600438,0.11254048347473145,EXP_LinearModel_Alpha158_csi300_custom_step0_s_20260521_15,086d4831a85d419b8af31cf730f609c9,0.093,,,
1790,2026-05-21,SZ300661,-0.0019648540765047073,EXP_LinearModel_Alpha158_csi300_custom_step0_s_20260521_15,e0e0fe7aefed4ad8a1b89f561b844988,0.115,,,
1791,2026-05-21,SH600066,-0.00754988007247448,EXP_LinearModel_Alpha158_csi300_custom_step0_s_20260521_15,086d4831a85d419b8af31cf730f609c9,0.093,,,
1792,2026-05-21,SH600050,-0.08837807178497314,EXP_LinearModel_Alpha158_csi300_custom_step0_s_20260521_15,086d4831a85d419b8af31cf730f609c9,0.093,,,
1793,2026-05-21,SZ300759,-0.02737809158861637,EXP_LinearModel_Alpha158_csi300_custom_step0_s_20260521_15,e0e0fe7aefed4ad8a1b89f561b844988,0.115,,,
1794,2026-05-21,SZ300760,-0.03429529070854187,EXP_LinearModel_Alpha158_csi300_custom_step0_s_20260521_15,e0e0fe7aefed4ad8a1b89f561b844988,0.115,,,
1795,2026-05-21,SZ300782,0.1980360895395279,EXP_LinearModel_Alpha158_csi300_custom_step0_s_20260521_15,e0e0fe7aefed4ad8a1b89f561b844988,0.115,,,
1796,2026-05-21,SZ300803,-0.05330441892147064,EXP_LinearModel_Alpha158_csi300_custom_step0_s_20260521_15,e0e0fe7aefed4ad8a1b89f561b844988,0.115,,,
1797,2026-05-21,SZ300832,-0.06402076780796051,EXP_LinearModel_Alpha158_csi300_custom_step0_s_20260521_15,e0e0fe7aefed4ad8a1b89f561b844988,0.115,,,
1798,2026-05-21,SZ300866,0.009507068432867527,EXP_LinearModel_Alpha158_csi300_custom_step0_s_20260521_15,e0e0fe7aefed4ad8a1b89f561b844988,0.115,,,
1799,2026-05-21,SZ300896,-0.07714740186929703,EXP_LinearModel_Alpha158_csi300_custom_step0_s_20260521_15,e0e0fe7aefed4ad8a1b89f561b844988,0.115,,,
1800,2026-05-21,SZ300979,0.029242128133773804,EXP_LinearModel_Alpha158_csi300_custom_step0_s_20260521_15,e0e0fe7aefed4ad8a1b89f561b844988,0.115,,,
1801,2026-05-21,SZ300999,-0.09960997104644775,EXP_LinearModel_Alpha158_csi300_custom_step0_s_20260521_15,e0e0fe7aefed4ad8a1b89f561b844988,0.115,,,
1802,2026-05-21,SZ301236,-0.037889547646045685,EXP_LinearModel_Alpha158_csi300_custom_step0_s_20260521_15,e0e0fe7aefed4ad8a1b89f561b844988,0.115,,,
1803,2026-05-21,SZ301269,-0.04205158352851868,EXP_LinearModel_Alpha158_csi300_custom_step0_s_20260521_15,e0e0fe7aefed4ad8a1b89f561b844988,0.115,,,
1804,2026-05-21,SZ302132,-0.07048950344324112,EXP_LinearModel_Alpha158_csi300_custom_step0_s_20260521_15,e0e0fe7aefed4ad8a1b89f561b844988,0.115,,,
1805,2026-05-21,SH600000,-0.11172675341367722,EXP_LinearModel_Alpha158_csi300_custom_step0_s_20260521_15,086d4831a85d419b8af31cf730f609c9,0.093,,,
1806,2026-05-21,SH600009,0.0289357528090477,EXP_LinearModel_Alpha158_csi300_custom_step0_s_20260521_15,086d4831a85d419b8af31cf730f609c9,0.093,,,
1807,2026-05-21,SH600010,0.15167203545570374,EXP_LinearModel_Alpha158_csi300_custom_step0_s_20260521_15,086d4831a85d419b8af31cf730f609c9,0.093,,,
1808,2026-05-21,SH600011,0.10799442231655121,EXP_LinearModel_Alpha158_csi300_custom_step0_s_20260521_15,086d4831a85d419b8af31cf730f609c9,0.093,,,
1809,2026-05-21,SH600015,-0.07114551961421967,EXP_LinearModel_Alpha158_csi300_custom_step0_s_20260521_15,086d4831a85d419b8af31cf730f609c9,0.093,,,
1810,2026-05-21,SH600048,-0.12129432708024979,EXP_LinearModel_Alpha158_csi300_custom_step0_s_20260521_15,086d4831a85d419b8af31cf730f609c9,0.093,,,
1811,2026-05-21,SH600039,0.04237768054008484,EXP_LinearModel_Alpha158_csi300_custom_step0_s_20260521_15,086d4831a85d419b8af31cf730f609c9,0.093,,,
1812,2026-05-21,SH600036,-0.20494884252548218,EXP_LinearModel_Alpha158_csi300_custom_step0_s_20260521_15,086d4831a85d419b8af31cf730f609c9,0.093,,,
1813,2026-05-21,SH600031,-0.03228256106376648,EXP_LinearModel_Alpha158_csi300_custom_step0_s_20260521_15,086d4831a85d419b8af31cf730f609c9,0.093,,,
1814,2026-05-21,SH600030,0.012002915143966675,EXP_LinearModel_Alpha158_csi300_custom_step0_s_20260521_15,086d4831a85d419b8af31cf730f609c9,0.093,,,
1815,2026-05-21,SH600029,0.05475859344005585,EXP_LinearModel_Alpha158_csi300_custom_step0_s_20260521_15,086d4831a85d419b8af31cf730f609c9,0.093,,,
1816,2026-05-21,SH600061,0.004191875457763672,EXP_LinearModel_Alpha158_csi300_custom_step0_s_20260521_15,086d4831a85d419b8af31cf730f609c9,0.093,,,
1817,2026-05-21,SH600028,0.041715141385793686,EXP_LinearModel_Alpha158_csi300_custom_step0_s_20260521_15,086d4831a85d419b8af31cf730f609c9,0.093,,,
1818,2026-05-21,SH600026,0.18917492032051086,EXP_LinearModel_Alpha158_csi300_custom_step0_s_20260521_15,086d4831a85d419b8af31cf730f609c9,0.093,,,
1819,2026-05-21,SH600025,0.014519840478897095,EXP_LinearModel_Alpha158_csi300_custom_step0_s_20260521_15,086d4831a85d419b8af31cf730f609c9,0.093,,,
1820,2026-05-21,SH600023,0.07601413130760193,EXP_LinearModel_Alpha158_csi300_custom_step0_s_20260521_15,086d4831a85d419b8af31cf730f609c9,0.093,,,
1821,2026-05-21,SH600019,-0.04002592712640762,EXP_LinearModel_Alpha158_csi300_custom_step0_s_20260521_15,086d4831a85d419b8af31cf730f609c9,0.093,,,
1822,2026-05-21,SH600018,0.03459511697292328,EXP_LinearModel_Alpha158_csi300_custom_step0_s_20260521_15,086d4831a85d419b8af31cf730f609c9,0.093,,,
1823,2026-05-21,SH600016,-0.05482470989227295,EXP_LinearModel_Alpha158_csi300_custom_step0_s_20260521_15,086d4831a85d419b8af31cf730f609c9,0.093,,,
1824,2026-05-21,SH600027,0.23199543356895447,EXP_LinearModel_Alpha158_csi300_custom_step0_s_20260521_15,086d4831a85d419b8af31cf730f609c9,0.093,,,
1825,2026-05-21,SZ000858,0.031193675473332405,EXP_LinearModel_Alpha158_csi300_custom_step0_s_20260521_15,e0e0fe7aefed4ad8a1b89f561b844988,0.115,,,
1826,2026-05-21,SZ000807,0.013596798293292522,EXP_LinearModel_Alpha158_csi300_custom_step0_s_20260521_15,e0e0fe7aefed4ad8a1b89f561b844988,0.115,,,
1827,2026-05-21,SZ000792,-0.05315612256526947,EXP_LinearModel_Alpha158_csi300_custom_step0_s_20260521_15,e0e0fe7aefed4ad8a1b89f561b844988,0.115,,,
1828,2026-05-21,SH601336,-0.06894416362047195,EXP_LinearModel_Alpha158_csi300_custom_step0_s_20260521_15,e0e0fe7aefed4ad8a1b89f561b844988,0.115,,,
1829,2026-05-21,SH601360,-0.014809883199632168,EXP_LinearModel_Alpha158_csi300_custom_step0_s_20260521_15,e0e0fe7aefed4ad8a1b89f561b844988,0.115,,,
1830,2026-05-21,SH601377,0.02007986605167389,EXP_LinearModel_Alpha158_csi300_custom_step0_s_20260521_15,e0e0fe7aefed4ad8a1b89f561b844988,0.115,,,
1831,2026-05-21,SH601390,-0.020016374066472054,EXP_LinearModel_Alpha158_csi300_custom_step0_s_20260521_15,e0e0fe7aefed4ad8a1b89f561b844988,0.115,,,
1832,2026-05-21,SH601398,-0.011985738761723042,EXP_LinearModel_Alpha158_csi300_custom_step0_s_20260521_15,e0e0fe7aefed4ad8a1b89f561b844988,0.115,,,
1833,2026-05-21,SH601456,0.02693801000714302,EXP_LinearModel_Alpha158_csi300_custom_step0_s_20260521_15,e0e0fe7aefed4ad8a1b89f561b844988,0.115,,,
1834,2026-05-21,SH601600,-0.017130525782704353,EXP_LinearModel_Alpha158_csi300_custom_step0_s_20260521_15,e0e0fe7aefed4ad8a1b89f561b844988,0.115,,,
1835,2026-05-21,SH601601,-0.06607221066951752,EXP_LinearModel_Alpha158_csi300_custom_step0_s_20260521_15,e0e0fe7aefed4ad8a1b89f561b844988,0.115,,,
1836,2026-05-21,SH601607,0.010478506796061993,EXP_LinearModel_Alpha158_csi300_custom_step0_s_20260521_15,e0e0fe7aefed4ad8a1b89f561b844988,0.115,,,
1837,2026-05-21,SH601618,0.0640053004026413,EXP_LinearModel_Alpha158_csi300_custom_step0_s_20260521_15,e0e0fe7aefed4ad8a1b89f561b844988,0.115,,,
1838,2026-05-21,SH601628,-0.11431632936000824,EXP_LinearModel_Alpha158_csi300_custom_step0_s_20260521_15,e0e0fe7aefed4ad8a1b89f561b844988,0.115,,,
1839,2026-05-21,SH601633,-0.02528293803334236,EXP_LinearModel_Alpha158_csi300_custom_step0_s_20260521_15,e0e0fe7aefed4ad8a1b89f561b844988,0.115,,,
1840,2026-05-21,SH601658,-0.0005078867543488741,EXP_LinearModel_Alpha158_csi300_custom_step0_s_20260521_15,e0e0fe7aefed4ad8a1b89f561b844988,0.115,,,
1841,2026-05-21,SH601668,0.0215896163135767,EXP_LinearModel_Alpha158_csi300_custom_step0_s_20260521_15,e0e0fe7aefed4ad8a1b89f561b844988,0.115,,,
1842,2026-05-21,SH601669,-0.0284630935639143,EXP_LinearModel_Alpha158_csi300_custom_step0_s_20260521_15,e0e0fe7aefed4ad8a1b89f561b844988,0.115,,,
1843,2026-05-21,SH601688,-0.04485683888196945,EXP_LinearModel_Alpha158_csi300_custom_step0_s_20260521_15,e0e0fe7aefed4ad8a1b89f561b844988,0.115,,,
1844,2026-05-21,SH601689,-0.09105752408504486,EXP_LinearModel_Alpha158_csi300_custom_step0_s_20260521_15,e0e0fe7aefed4ad8a1b89f561b844988,0.115,,,
1845,2026-05-21,SH601877,0.01191333495080471,EXP_LinearModel_Alpha158_csi300_custom_step0_s_20260521_15,e0e0fe7aefed4ad8a1b89f561b844988,0.115,,,
1846,2026-05-21,SH601872,0.04860007390379906,EXP_LinearModel_Alpha158_csi300_custom_step0_s_20260521_15,e0e0fe7aefed4ad8a1b89f561b844988,0.115,,,
1847,2026-05-21,SH601868,0.010162388905882835,EXP_LinearModel_Alpha158_csi300_custom_step0_s_20260521_15,e0e0fe7aefed4ad8a1b89f561b844988,0.115,,,
1848,2026-05-21,SH601857,-0.014881758950650692,EXP_LinearModel_Alpha158_csi300_custom_step0_s_20260521_15,e0e0fe7aefed4ad8a1b89f561b844988,0.115,,,
1849,2026-05-21,SH601838,0.05617409944534302,EXP_LinearModel_Alpha158_csi300_custom_step0_s_20260521_15,e0e0fe7aefed4ad8a1b89f561b844988,0.115,,,
1850,2026-05-21,SH601825,-0.003726230701431632,EXP_LinearModel_Alpha158_csi300_custom_step0_s_20260521_15,e0e0fe7aefed4ad8a1b89f561b844988,0.115,,,
1851,2026-05-21,SH601328,-0.017519287765026093,EXP_LinearModel_Alpha158_csi300_custom_step0_s_20260521_15,e0e0fe7aefed4ad8a1b89f561b844988,0.115,,,
1852,2026-05-21,SH601818,0.13160952925682068,EXP_LinearModel_Alpha158_csi300_custom_step0_s_20260521_15,e0e0fe7aefed4ad8a1b89f561b844988,0.115,,,
1853,2026-05-21,SH601808,-0.05661104992032051,EXP_LinearModel_Alpha158_csi300_custom_step0_s_20260521_15,e0e0fe7aefed4ad8a1b89f561b844988,0.115,,,
1854,2026-05-21,SH601800,-0.020548179745674133,EXP_LinearModel_Alpha158_csi300_custom_step0_s_20260521_15,e0e0fe7aefed4ad8a1b89f561b844988,0.115,,,
1855,2026-05-21,SH601788,-0.011379429139196873,EXP_LinearModel_Alpha158_csi300_custom_step0_s_20260521_15,e0e0fe7aefed4ad8a1b89f561b844988,0.115,,,
1856,2026-05-21,SH601766,-0.06219002604484558,EXP_LinearModel_Alpha158_csi300_custom_step0_s_20260521_15,e0e0fe7aefed4ad8a1b89f561b844988,0.115,,,
1857,2026-05-21,SH601728,-0.02597212605178356,EXP_LinearModel_Alpha158_csi300_custom_step0_s_20260521_15,e0e0fe7aefed4ad8a1b89f561b844988,0.115,,,
1858,2026-05-21,SH601698,-0.040002766996622086,EXP_LinearModel_Alpha158_csi300_custom_step0_s_20260521_15,e0e0fe7aefed4ad8a1b89f561b844988,0.115,,,
1859,2026-05-21,SH601816,-0.019543370231986046,EXP_LinearModel_Alpha158_csi300_custom_step0_s_20260521_15,e0e0fe7aefed4ad8a1b89f561b844988,0.115,,,
1860,2026-05-21,SH601878,0.03361527994275093,EXP_LinearModel_Alpha158_csi300_custom_step0_s_20260521_15,e0e0fe7aefed4ad8a1b89f561b844988,0.115,,,
1861,2026-05-21,SH601319,-0.008051007054746151,EXP_LinearModel_Alpha158_csi300_custom_step0_s_20260521_15,e0e0fe7aefed4ad8a1b89f561b844988,0.115,,,
1862,2026-05-21,SH601298,0.05658271163702011,EXP_LinearModel_Alpha158_csi300_custom_step0_s_20260521_15,e0e0fe7aefed4ad8a1b89f561b844988,0.115,,,
1863,2026-05-21,SH600930,-0.012087222188711166,EXP_LinearModel_Alpha158_csi300_custom_step0_s_20260521_15,e0e0fe7aefed4ad8a1b89f561b844988,0.115,,,
1864,2026-05-21,SH600938,0.05749572068452835,EXP_LinearModel_Alpha158_csi300_custom_step0_s_20260521_15,e0e0fe7aefed4ad8a1b89f561b844988,0.115,,,
1865,2026-05-21,SH600941,-0.0005774202290922403,EXP_LinearModel_Alpha158_csi300_custom_step0_s_20260521_15,e0e0fe7aefed4ad8a1b89f561b844988,0.115,,,
1866,2026-05-21,SH600958,,EXP_LinearModel_Alpha158_csi300_custom_step0_s_20260521_15,e0e0fe7aefed4ad8a1b89f561b844988,0.115,,,
1867,2026-05-21,SH600989,0.02077636681497097,EXP_LinearModel_Alpha158_csi300_custom_step0_s_20260521_15,e0e0fe7aefed4ad8a1b89f561b844988,0.115,,,
1868,2026-05-21,SH600999,0.007415086962282658,EXP_LinearModel_Alpha158_csi300_custom_step0_s_20260521_15,e0e0fe7aefed4ad8a1b89f561b844988,0.115,,,
1869,2026-05-21,SH601006,0.06552780419588089,EXP_LinearModel_Alpha158_csi300_custom_step0_s_20260521_15,e0e0fe7aefed4ad8a1b89f561b844988,0.115,,,
1870,2026-05-21,SH601009,-0.04075956717133522,EXP_LinearModel_Alpha158_csi300_custom_step0_s_20260521_15,e0e0fe7aefed4ad8a1b89f561b844988,0.115,,,
1871,2026-05-21,SH601012,0.029151342809200287,EXP_LinearModel_Alpha158_csi300_custom_step0_s_20260521_15,e0e0fe7aefed4ad8a1b89f561b844988,0.115,,,
1872,2026-05-21,SH601018,0.07804085314273834,EXP_LinearModel_Alpha158_csi300_custom_step0_s_20260521_15,e0e0fe7aefed4ad8a1b89f561b844988,0.115,,,
1873,2026-05-21,SH601021,0.0184529609978199,EXP_LinearModel_Alpha158_csi300_custom_step0_s_20260521_15,e0e0fe7aefed4ad8a1b89f561b844988,0.115,,,
1874,2026-05-21,SH601058,-0.06863321363925934,EXP_LinearModel_Alpha158_csi300_custom_step0_s_20260521_15,e0e0fe7aefed4ad8a1b89f561b844988,0.115,,,
1875,2026-05-21,SH601059,0.03003344126045704,EXP_LinearModel_Alpha158_csi300_custom_step0_s_20260521_15,e0e0fe7aefed4ad8a1b89f561b844988,0.115,,,
1876,2026-05-21,SH601066,-0.002663637511432171,EXP_LinearModel_Alpha158_csi300_custom_step0_s_20260521_15,e0e0fe7aefed4ad8a1b89f561b844988,0.115,,,
1877,2026-05-21,SH601077,0.01964513771235943,EXP_LinearModel_Alpha158_csi300_custom_step0_s_20260521_15,e0e0fe7aefed4ad8a1b89f561b844988,0.115,,,
1878,2026-05-21,SH601088,-0.005670209880918264,EXP_LinearModel_Alpha158_csi300_custom_step0_s_20260521_15,e0e0fe7aefed4ad8a1b89f561b844988,0.115,,,
1879,2026-05-21,SH601100,0.009866351261734962,EXP_LinearModel_Alpha158_csi300_custom_step0_s_20260521_15,e0e0fe7aefed4ad8a1b89f561b844988,0.115,,,
1880,2026-05-21,SH601288,0.015679948031902313,EXP_LinearModel_Alpha158_csi300_custom_step0_s_20260521_15,e0e0fe7aefed4ad8a1b89f561b844988,0.115,,,
1881,2026-05-21,SH601238,0.027368534356355667,EXP_LinearModel_Alpha158_csi300_custom_step0_s_20260521_15,e0e0fe7aefed4ad8a1b89f561b844988,0.115,,,
1882,2026-05-21,SH601236,-0.006223883479833603,EXP_LinearModel_Alpha158_csi300_custom_step0_s_20260521_15,e0e0fe7aefed4ad8a1b89f561b844988,0.115,,,
1883,2026-05-21,SH601229,-0.03940627723932266,EXP_LinearModel_Alpha158_csi300_custom_step0_s_20260521_15,e0e0fe7aefed4ad8a1b89f561b844988,0.115,,,
1884,2026-05-21,SH601225,0.04840555042028427,EXP_LinearModel_Alpha158_csi300_custom_step0_s_20260521_15,e0e0fe7aefed4ad8a1b89f561b844988,0.115,,,
1885,2026-05-21,SH601211,-0.019831234589219093,EXP_LinearModel_Alpha158_csi300_custom_step0_s_20260521_15,e0e0fe7aefed4ad8a1b89f561b844988,0.115,,,
1886,2026-05-21,SH601318,-0.0279257670044899,EXP_LinearModel_Alpha158_csi300_custom_step0_s_20260521_15,e0e0fe7aefed4ad8a1b89f561b844988,0.115,,,
1887,2026-05-21,SH601186,0.023596595972776413,EXP_LinearModel_Alpha158_csi300_custom_step0_s_20260521_15,e0e0fe7aefed4ad8a1b89f561b844988,0.115,,,
1888,2026-05-21,SH601166,-0.06937147676944733,EXP_LinearModel_Alpha158_csi300_custom_step0_s_20260521_15,e0e0fe7aefed4ad8a1b89f561b844988,0.115,,,
1889,2026-05-21,SH601138,0.032915666699409485,EXP_LinearModel_Alpha158_csi300_custom_step0_s_20260521_15,e0e0fe7aefed4ad8a1b89f561b844988,0.115,,,
1890,2026-05-21,SH601136,0.00300203962251544,EXP_LinearModel_Alpha158_csi300_custom_step0_s_20260521_15,e0e0fe7aefed4ad8a1b89f561b844988,0.115,,,
1891,2026-05-21,SH601127,-0.014265323057770729,EXP_LinearModel_Alpha158_csi300_custom_step0_s_20260521_15,e0e0fe7aefed4ad8a1b89f561b844988,0.115,,,
1892,2026-05-21,SH601117,-0.018635088577866554,EXP_LinearModel_Alpha158_csi300_custom_step0_s_20260521_15,e0e0fe7aefed4ad8a1b89f561b844988,0.115,,,
1893,2026-05-21,SH601111,-0.023107120767235756,EXP_LinearModel_Alpha158_csi300_custom_step0_s_20260521_15,e0e0fe7aefed4ad8a1b89f561b844988,0.115,,,
1894,2026-05-21,SH601169,0.010147597640752792,EXP_LinearModel_Alpha158_csi300_custom_step0_s_20260521_15,e0e0fe7aefed4ad8a1b89f561b844988,0.115,,,
1895,2026-05-21,SH601881,0.004481948912143707,EXP_LinearModel_Alpha158_csi300_custom_step0_s_20260521_15,e0e0fe7aefed4ad8a1b89f561b844988,0.115,,,
1896,2026-05-21,SH601888,-0.0855182334780693,EXP_LinearModel_Alpha158_csi300_custom_step0_s_20260521_15,e0e0fe7aefed4ad8a1b89f561b844988,0.115,,,
1897,2026-05-21,SH601898,0.04446394369006157,EXP_LinearModel_Alpha158_csi300_custom_step0_s_20260521_15,e0e0fe7aefed4ad8a1b89f561b844988,0.115,,,
1898,2026-05-21,SH688256,-0.011281783692538738,EXP_LinearModel_Alpha158_csi300_custom_step0_s_20260521_15,e0e0fe7aefed4ad8a1b89f561b844988,0.115,,,
1899,2026-05-21,SH688271,0.08425897359848022,EXP_LinearModel_Alpha158_csi300_custom_step0_s_20260521_15,e0e0fe7aefed4ad8a1b89f561b844988,0.115,,,
1900,2026-05-21,SH688303,0.0257546566426754,EXP_LinearModel_Alpha158_csi300_custom_step0_s_20260521_15,e0e0fe7aefed4ad8a1b89f561b844988,0.115,,,
1901,2026-05-21,SH688396,0.1537092924118042,EXP_LinearModel_Alpha158_csi300_custom_step0_s_20260521_15,e0e0fe7aefed4ad8a1b89f561b844988,0.115,,,
1902,2026-05-21,SH688472,0.020572558045387268,EXP_LinearModel_Alpha158_csi300_custom_step0_s_20260521_15,e0e0fe7aefed4ad8a1b89f561b844988,0.115,,,
1903,2026-05-21,SH688506,-0.05930016189813614,EXP_LinearModel_Alpha158_csi300_custom_step0_s_20260521_15,e0e0fe7aefed4ad8a1b89f561b844988,0.115,,,
1904,2026-05-21,SH688981,-0.04670330882072449,EXP_LinearModel_Alpha158_csi300_custom_step0_s_20260521_15,e0e0fe7aefed4ad8a1b89f561b844988,0.115,,,
1905,2026-05-21,SZ000001,-0.03318304568529129,EXP_LinearModel_Alpha158_csi300_custom_step0_s_20260521_15,e0e0fe7aefed4ad8a1b89f561b844988,0.115,,,
1906,2026-05-21,SZ000002,-0.041540663689374924,EXP_LinearModel_Alpha158_csi300_custom_step0_s_20260521_15,e0e0fe7aefed4ad8a1b89f561b844988,0.115,,,
1907,2026-05-21,SZ000063,0.09417485445737839,EXP_LinearModel_Alpha158_csi300_custom_step0_s_20260521_15,e0e0fe7aefed4ad8a1b89f561b844988,0.115,,,
1908,2026-05-21,SZ000100,0.08369161933660507,EXP_LinearModel_Alpha158_csi300_custom_step0_s_20260521_15,e0e0fe7aefed4ad8a1b89f561b844988,0.115,,,
1909,2026-05-21,SZ000157,-0.0680452361702919,EXP_LinearModel_Alpha158_csi300_custom_step0_s_20260521_15,e0e0fe7aefed4ad8a1b89f561b844988,0.115,,,
1910,2026-05-21,SZ000166,0.026774831116199493,EXP_LinearModel_Alpha158_csi300_custom_step0_s_20260521_15,e0e0fe7aefed4ad8a1b89f561b844988,0.115,,,
1911,2026-05-21,SZ000301,0.05451827123761177,EXP_LinearModel_Alpha158_csi300_custom_step0_s_20260521_15,e0e0fe7aefed4ad8a1b89f561b844988,0.115,,,
1912,2026-05-21,SZ000333,0.031300485134124756,EXP_LinearModel_Alpha158_csi300_custom_step0_s_20260521_15,e0e0fe7aefed4ad8a1b89f561b844988,0.115,,,
1913,2026-05-21,SZ000338,0.0829368308186531,EXP_LinearModel_Alpha158_csi300_custom_step0_s_20260521_15,e0e0fe7aefed4ad8a1b89f561b844988,0.115,,,
1914,2026-05-21,SZ000408,0.03395579010248184,EXP_LinearModel_Alpha158_csi300_custom_step0_s_20260521_15,e0e0fe7aefed4ad8a1b89f561b844988,0.115,,,
1915,2026-05-21,SZ000786,-0.04332191124558449,EXP_LinearModel_Alpha158_csi300_custom_step0_s_20260521_15,e0e0fe7aefed4ad8a1b89f561b844988,0.115,,,
1916,2026-05-21,SZ000776,-0.024062437936663628,EXP_LinearModel_Alpha158_csi300_custom_step0_s_20260521_15,e0e0fe7aefed4ad8a1b89f561b844988,0.115,,,
1917,2026-05-21,SZ000768,-0.09170686453580856,EXP_LinearModel_Alpha158_csi300_custom_step0_s_20260521_15,e0e0fe7aefed4ad8a1b89f561b844988,0.115,,,
1918,2026-05-21,SZ000725,-0.07666399329900742,EXP_LinearModel_Alpha158_csi300_custom_step0_s_20260521_15,e0e0fe7aefed4ad8a1b89f561b844988,0.115,,,
1919,2026-05-21,SZ000708,0.02378755994141102,EXP_LinearModel_Alpha158_csi300_custom_step0_s_20260521_15,e0e0fe7aefed4ad8a1b89f561b844988,0.115,,,
1920,2026-05-21,SZ000661,-0.09691904485225677,EXP_LinearModel_Alpha158_csi300_custom_step0_s_20260521_15,e0e0fe7aefed4ad8a1b89f561b844988,0.115,,,
1921,2026-05-21,SH688223,0.018110204488039017,EXP_LinearModel_Alpha158_csi300_custom_step0_s_20260521_15,e0e0fe7aefed4ad8a1b89f561b844988,0.115,,,
1922,2026-05-21,SZ000651,0.04317435249686241,EXP_LinearModel_Alpha158_csi300_custom_step0_s_20260521_15,e0e0fe7aefed4ad8a1b89f561b844988,0.115,,,
1923,2026-05-21,SZ000625,0.015478399582207203,EXP_LinearModel_Alpha158_csi300_custom_step0_s_20260521_15,e0e0fe7aefed4ad8a1b89f561b844988,0.115,,,
1924,2026-05-21,SZ000617,-0.005859326105564833,EXP_LinearModel_Alpha158_csi300_custom_step0_s_20260521_15,e0e0fe7aefed4ad8a1b89f561b844988,0.115,,,
1925,2026-05-21,SZ000596,-0.06216995418071747,EXP_LinearModel_Alpha158_csi300_custom_step0_s_20260521_15,e0e0fe7aefed4ad8a1b89f561b844988,0.115,,,
1926,2026-05-21,SZ000568,-0.018298696726560593,EXP_LinearModel_Alpha158_csi300_custom_step0_s_20260521_15,e0e0fe7aefed4ad8a1b89f561b844988,0.115,,,
1927,2026-05-21,SZ000538,-0.06525224447250366,EXP_LinearModel_Alpha158_csi300_custom_step0_s_20260521_15,e0e0fe7aefed4ad8a1b89f561b844988,0.115,,,
1928,2026-05-21,SZ000425,-0.07557428628206253,EXP_LinearModel_Alpha158_csi300_custom_step0_s_20260521_15,e0e0fe7aefed4ad8a1b89f561b844988,0.115,,,
1929,2026-05-21,SZ000630,-0.0587463453412056,EXP_LinearModel_Alpha158_csi300_custom_step0_s_20260521_15,e0e0fe7aefed4ad8a1b89f561b844988,0.115,,,
1930,2026-05-21,SH688187,0.014840904623270035,EXP_LinearModel_Alpha158_csi300_custom_step0_s_20260521_15,e0e0fe7aefed4ad8a1b89f561b844988,0.115,,,
1931,2026-05-21,SH688169,-0.08794590830802917,EXP_LinearModel_Alpha158_csi300_custom_step0_s_20260521_15,e0e0fe7aefed4ad8a1b89f561b844988,0.115,,,
1932,2026-05-21,SH688126,-0.010202419012784958,EXP_LinearModel_Alpha158_csi300_custom_step0_s_20260521_15,e0e0fe7aefed4ad8a1b89f561b844988,0.115,,,
1933,2026-05-21,SH603288,-0.11168057471513748,EXP_LinearModel_Alpha158_csi300_custom_step0_s_20260521_15,e0e0fe7aefed4ad8a1b89f561b844988,0.115,,,
1934,2026-05-21,SH603260,0.008315838873386383,EXP_LinearModel_Alpha158_csi300_custom_step0_s_20260521_15,e0e0fe7aefed4ad8a1b89f561b844988,0.115,,,
1935,2026-05-21,SH603259,-0.0003556183073669672,EXP_LinearModel_Alpha158_csi300_custom_step0_s_20260521_15,e0e0fe7aefed4ad8a1b89f561b844988,0.115,,,
1936,2026-05-21,SH603195,0.051672570407390594,EXP_LinearModel_Alpha158_csi300_custom_step0_s_20260521_15,e0e0fe7aefed4ad8a1b89f561b844988,0.115,,,
1937,2026-05-21,SH603019,0.06105886399745941,EXP_LinearModel_Alpha158_csi300_custom_step0_s_20260521_15,e0e0fe7aefed4ad8a1b89f561b844988,0.115,,,
1938,2026-05-21,SH601998,-0.06822740286588669,EXP_LinearModel_Alpha158_csi300_custom_step0_s_20260521_15,e0e0fe7aefed4ad8a1b89f561b844988,0.115,,,
1939,2026-05-21,SH603296,0.05445224046707153,EXP_LinearModel_Alpha158_csi300_custom_step0_s_20260521_15,e0e0fe7aefed4ad8a1b89f561b844988,0.115,,,
1940,2026-05-21,SH601995,0.03231041878461838,EXP_LinearModel_Alpha158_csi300_custom_step0_s_20260521_15,e0e0fe7aefed4ad8a1b89f561b844988,0.115,,,
1941,2026-05-21,SH601985,-0.009779202751815319,EXP_LinearModel_Alpha158_csi300_custom_step0_s_20260521_15,e0e0fe7aefed4ad8a1b89f561b844988,0.115,,,
1942,2026-05-21,SH601939,0.04002421721816063,EXP_LinearModel_Alpha158_csi300_custom_step0_s_20260521_15,e0e0fe7aefed4ad8a1b89f561b844988,0.115,,,
1943,2026-05-21,SH601919,-0.05280686169862747,EXP_LinearModel_Alpha158_csi300_custom_step0_s_20260521_15,e0e0fe7aefed4ad8a1b89f561b844988,0.115,,,
1944,2026-05-21,SH601916,0.11558626592159271,EXP_LinearModel_Alpha158_csi300_custom_step0_s_20260521_15,e0e0fe7aefed4ad8a1b89f561b844988,0.115,,,
1945,2026-05-21,SH601901,0.03190981596708298,EXP_LinearModel_Alpha158_csi300_custom_step0_s_20260521_15,e0e0fe7aefed4ad8a1b89f561b844988,0.115,,,
1946,2026-05-21,SH601899,-0.02942674607038498,EXP_LinearModel_Alpha158_csi300_custom_step0_s_20260521_15,e0e0fe7aefed4ad8a1b89f561b844988,0.115,,,
1947,2026-05-21,SH601988,0.028583792969584465,EXP_LinearModel_Alpha158_csi300_custom_step0_s_20260521_15,e0e0fe7aefed4ad8a1b89f561b844988,0.115,,,
1948,2026-05-21,SH600570,-0.016286253929138184,EXP_LinearModel_Alpha158_csi300_custom_step0_s_20260521_15,086d4831a85d419b8af31cf730f609c9,0.093,,,
1949,2026-05-21,SH603369,-0.018779896199703217,EXP_LinearModel_Alpha158_csi300_custom_step0_s_20260521_15,e0e0fe7aefed4ad8a1b89f561b844988,0.115,,,
1950,2026-05-21,SH603501,-0.04808074235916138,EXP_LinearModel_Alpha158_csi300_custom_step0_s_20260521_15,e0e0fe7aefed4ad8a1b89f561b844988,0.115,,,
1951,2026-05-21,SH688111,-0.009811347350478172,EXP_LinearModel_Alpha158_csi300_custom_step0_s_20260521_15,e0e0fe7aefed4ad8a1b89f561b844988,0.115,,,
1952,2026-05-21,SH688082,-0.17182885110378265,EXP_LinearModel_Alpha158_csi300_custom_step0_s_20260521_15,e0e0fe7aefed4ad8a1b89f561b844988,0.115,,,
1953,2026-05-21,SH688047,0.10328392684459686,EXP_LinearModel_Alpha158_csi300_custom_step0_s_20260521_15,e0e0fe7aefed4ad8a1b89f561b844988,0.115,,,
1954,2026-05-21,SH688041,0.09237143397331238,EXP_LinearModel_Alpha158_csi300_custom_step0_s_20260521_15,e0e0fe7aefed4ad8a1b89f561b844988,0.115,,,
1955,2026-05-21,SH688036,-0.07032918184995651,EXP_LinearModel_Alpha158_csi300_custom_step0_s_20260521_15,e0e0fe7aefed4ad8a1b89f561b844988,0.115,,,
1956,2026-05-21,SH688012,-0.22630049288272858,EXP_LinearModel_Alpha158_csi300_custom_step0_s_20260521_15,e0e0fe7aefed4ad8a1b89f561b844988,0.115,,,
1957,2026-05-21,SH603392,-0.14358995854854584,EXP_LinearModel_Alpha158_csi300_custom_step0_s_20260521_15,e0e0fe7aefed4ad8a1b89f561b844988,0.115,,,
1958,2026-05-21,SH688009,0.007624228950589895,EXP_LinearModel_Alpha158_csi300_custom_step0_s_20260521_15,e0e0fe7aefed4ad8a1b89f561b844988,0.115,,,
1959,2026-05-21,SH605499,-0.0363512746989727,EXP_LinearModel_Alpha158_csi300_custom_step0_s_20260521_15,e0e0fe7aefed4ad8a1b89f561b844988,0.115,,,
1960,2026-05-21,SH605117,-0.07424572855234146,EXP_LinearModel_Alpha158_csi300_custom_step0_s_20260521_15,e0e0fe7aefed4ad8a1b89f561b844988,0.115,,,
1961,2026-05-21,SH603993,-0.020352354273200035,EXP_LinearModel_Alpha158_csi300_custom_step0_s_20260521_15,e0e0fe7aefed4ad8a1b89f561b844988,0.115,,,
1962,2026-05-21,SH603986,-0.15967215597629547,EXP_LinearModel_Alpha158_csi300_custom_step0_s_20260521_15,e0e0fe7aefed4ad8a1b89f561b844988,0.115,,,
1963,2026-05-21,SH603893,-0.04256085306406021,EXP_LinearModel_Alpha158_csi300_custom_step0_s_20260521_15,e0e0fe7aefed4ad8a1b89f561b844988,0.115,,,
1964,2026-05-21,SH603799,-0.03399718552827835,EXP_LinearModel_Alpha158_csi300_custom_step0_s_20260521_15,e0e0fe7aefed4ad8a1b89f561b844988,0.115,,,
1965,2026-05-21,SH688008,0.009711096994578838,EXP_LinearModel_Alpha158_csi300_custom_step0_s_20260521_15,e0e0fe7aefed4ad8a1b89f561b844988,0.115,,,
1966,2026-05-21,SH600584,0.04803431034088135,EXP_LinearModel_Alpha158_csi300_custom_step0_s_20260521_15,086d4831a85d419b8af31cf730f609c9,0.093,,,
1967,2026-05-21,SH600585,0.10910816490650177,EXP_LinearModel_Alpha158_csi300_custom_step0_s_20260521_15,086d4831a85d419b8af31cf730f609c9,0.093,,,
1968,2026-05-21,SH600588,-0.030767425894737244,EXP_LinearModel_Alpha158_csi300_custom_step0_s_20260521_15,086d4831a85d419b8af31cf730f609c9,0.093,,,
1969,2026-05-21,SZ002142,0.023637160658836365,EXP_LinearModel_Alpha158_csi300_custom_step0_s_20260521_15,086d4831a85d419b8af31cf730f609c9,0.093,,,
1970,2026-05-21,SZ002179,0.12731671333312988,EXP_LinearModel_Alpha158_csi300_custom_step0_s_20260521_15,086d4831a85d419b8af31cf730f609c9,0.093,,,
1971,2026-05-21,SZ002230,0.08880844712257385,EXP_LinearModel_Alpha158_csi300_custom_step0_s_20260521_15,086d4831a85d419b8af31cf730f609c9,0.093,,,
1972,2026-05-21,SZ002236,-0.08016502857208252,EXP_LinearModel_Alpha158_csi300_custom_step0_s_20260521_15,086d4831a85d419b8af31cf730f609c9,0.093,,,
1973,2026-05-21,SZ002241,0.12243282794952393,EXP_LinearModel_Alpha158_csi300_custom_step0_s_20260521_15,086d4831a85d419b8af31cf730f609c9,0.093,,,
1974,2026-05-21,SZ002252,-0.038818925619125366,EXP_LinearModel_Alpha158_csi300_custom_step0_s_20260521_15,086d4831a85d419b8af31cf730f609c9,0.093,,,
1975,2026-05-21,SZ002304,-0.0436214879155159,EXP_LinearModel_Alpha158_csi300_custom_step0_s_20260521_15,086d4831a85d419b8af31cf730f609c9,0.093,,,
1976,2026-05-21,SZ002311,-0.15958824753761292,EXP_LinearModel_Alpha158_csi300_custom_step0_s_20260521_15,086d4831a85d419b8af31cf730f609c9,0.093,,,
1977,2026-05-21,SZ002352,-0.020329568535089493,EXP_LinearModel_Alpha158_csi300_custom_step0_s_20260521_15,086d4831a85d419b8af31cf730f609c9,0.093,,,
1978,2026-05-21,SZ002371,0.10791903734207153,EXP_LinearModel_Alpha158_csi300_custom_step0_s_20260521_15,086d4831a85d419b8af31cf730f609c9,0.093,,,
1979,2026-05-21,SZ002384,0.2244255542755127,EXP_LinearModel_Alpha158_csi300_custom_step0_s_20260521_15,086d4831a85d419b8af31cf730f609c9,0.093,,,
1980,2026-05-21,SZ002415,-0.007880598306655884,EXP_LinearModel_Alpha158_csi300_custom_step0_s_20260521_15,086d4831a85d419b8af31cf730f609c9,0.093,,,
1981,2026-05-21,SZ002422,0.010565266013145447,EXP_LinearModel_Alpha158_csi300_custom_step0_s_20260521_15,086d4831a85d419b8af31cf730f609c9,0.093,,,
1982,2026-05-21,SZ002459,0.022770334035158157,EXP_LinearModel_Alpha158_csi300_custom_step0_s_20260521_15,086d4831a85d419b8af31cf730f609c9,0.093,,,
1983,2026-05-21,SZ002460,0.1251257210969925,EXP_LinearModel_Alpha158_csi300_custom_step0_s_20260521_15,086d4831a85d419b8af31cf730f609c9,0.093,,,
1984,2026-05-21,SZ002463,0.24549110233783722,EXP_LinearModel_Alpha158_csi300_custom_step0_s_20260521_15,086d4831a85d419b8af31cf730f609c9,0.093,,,
1985,2026-05-21,SZ002466,0.20645195245742798,EXP_LinearModel_Alpha158_csi300_custom_step0_s_20260521_15,086d4831a85d419b8af31cf730f609c9,0.093,,,
1986,2026-05-21,SZ003816,0.04135870933532715,EXP_LinearModel_Alpha158_csi300_custom_step0_s_20260521_15,086d4831a85d419b8af31cf730f609c9,0.093,,,
1987,2026-05-21,SZ002938,0.35797119140625,EXP_LinearModel_Alpha158_csi300_custom_step0_s_20260521_15,086d4831a85d419b8af31cf730f609c9,0.093,,,
1988,2026-05-21,SZ002920,0.09248232841491699,EXP_LinearModel_Alpha158_csi300_custom_step0_s_20260521_15,086d4831a85d419b8af31cf730f609c9,0.093,,,
1989,2026-05-21,SZ002916,0.2503938674926758,EXP_LinearModel_Alpha158_csi300_custom_step0_s_20260521_15,086d4831a85d419b8af31cf730f609c9,0.093,,,
1990,2026-05-21,SZ002736,-0.11440734565258026,EXP_LinearModel_Alpha158_csi300_custom_step0_s_20260521_15,086d4831a85d419b8af31cf730f609c9,0.093,,,
1991,2026-05-21,SZ002714,-0.080049529671669,EXP_LinearModel_Alpha158_csi300_custom_step0_s_20260521_15,086d4831a85d419b8af31cf730f609c9,0.093,,,
1992,2026-05-21,SZ002074,-0.02063552290201187,EXP_LinearModel_Alpha158_csi300_custom_step0_s_20260521_15,086d4831a85d419b8af31cf730f609c9,0.093,,,
1993,2026-05-21,SZ002709,0.2713574767112732,EXP_LinearModel_Alpha158_csi300_custom_step0_s_20260521_15,086d4831a85d419b8af31cf730f609c9,0.093,,,
1994,2026-05-21,SZ002625,0.09453120827674866,EXP_LinearModel_Alpha158_csi300_custom_step0_s_20260521_15,086d4831a85d419b8af31cf730f609c9,0.093,,,
1995,2026-05-21,SZ002601,0.005422811955213547,EXP_LinearModel_Alpha158_csi300_custom_step0_s_20260521_15,086d4831a85d419b8af31cf730f609c9,0.093,,,
1996,2026-05-21,SZ002600,-0.0796661376953125,EXP_LinearModel_Alpha158_csi300_custom_step0_s_20260521_15,086d4831a85d419b8af31cf730f609c9,0.093,,,
1997,2026-05-21,SZ002594,-0.0575728714466095,EXP_LinearModel_Alpha158_csi300_custom_step0_s_20260521_15,086d4831a85d419b8af31cf730f609c9,0.093,,,
1998,2026-05-21,SZ002493,0.03646651655435562,EXP_LinearModel_Alpha158_csi300_custom_step0_s_20260521_15,086d4831a85d419b8af31cf730f609c9,0.093,,,
1999,2026-05-21,SZ002475,0.06755755841732025,EXP_LinearModel_Alpha158_csi300_custom_step0_s_20260521_15,086d4831a85d419b8af31cf730f609c9,0.093,,,
2000,2026-05-21,SZ002648,-0.15023653209209442,EXP_LinearModel_Alpha158_csi300_custom_step0_s_20260521_15,086d4831a85d419b8af31cf730f609c9,0.093,,,
2001,2026-05-21,SZ300014,0.028174400329589844,EXP_LinearModel_Alpha158_csi300_custom_step0_s_20260521_15,086d4831a85d419b8af31cf730f609c9,0.093,,,
2002,2026-05-21,SZ002050,0.07455188035964966,EXP_LinearModel_Alpha158_csi300_custom_step0_s_20260521_15,086d4831a85d419b8af31cf730f609c9,0.093,,,
2003,2026-05-21,SZ002028,0.01857447624206543,EXP_LinearModel_Alpha158_csi300_custom_step0_s_20260521_15,086d4831a85d419b8af31cf730f609c9,0.093,,,
2004,2026-05-21,SZ000408,0.23642858862876892,EXP_LinearModel_Alpha158_csi300_custom_step0_s_20260521_15,086d4831a85d419b8af31cf730f609c9,0.093,,,
2005,2026-05-21,SZ000425,0.07599681615829468,EXP_LinearModel_Alpha158_csi300_custom_step0_s_20260521_15,086d4831a85d419b8af31cf730f609c9,0.093,,,
2006,2026-05-21,SZ000538,-0.09408849477767944,EXP_LinearModel_Alpha158_csi300_custom_step0_s_20260521_15,086d4831a85d419b8af31cf730f609c9,0.093,,,
2007,2026-05-21,SZ000568,-0.04426601901650429,EXP_LinearModel_Alpha158_csi300_custom_step0_s_20260521_15,086d4831a85d419b8af31cf730f609c9,0.093,,,
2008,2026-05-21,SZ000596,0.11048313230276108,EXP_LinearModel_Alpha158_csi300_custom_step0_s_20260521_15,086d4831a85d419b8af31cf730f609c9,0.093,,,
2009,2026-05-21,SZ000617,0.2966618537902832,EXP_LinearModel_Alpha158_csi300_custom_step0_s_20260521_15,086d4831a85d419b8af31cf730f609c9,0.093,,,
2010,2026-05-21,SZ000625,-0.020391255617141724,EXP_LinearModel_Alpha158_csi300_custom_step0_s_20260521_15,086d4831a85d419b8af31cf730f609c9,0.093,,,
2011,2026-05-21,SZ000630,0.17230215668678284,EXP_LinearModel_Alpha158_csi300_custom_step0_s_20260521_15,086d4831a85d419b8af31cf730f609c9,0.093,,,
2012,2026-05-21,SZ000651,-0.004133075475692749,EXP_LinearModel_Alpha158_csi300_custom_step0_s_20260521_15,086d4831a85d419b8af31cf730f609c9,0.093,,,
2013,2026-05-21,SZ000661,0.06530976295471191,EXP_LinearModel_Alpha158_csi300_custom_step0_s_20260521_15,086d4831a85d419b8af31cf730f609c9,0.093,,,
2014,2026-05-21,SZ000708,-0.0803745687007904,EXP_LinearModel_Alpha158_csi300_custom_step0_s_20260521_15,086d4831a85d419b8af31cf730f609c9,0.093,,,
2015,2026-05-21,SZ000725,0.12640884518623352,EXP_LinearModel_Alpha158_csi300_custom_step0_s_20260521_15,086d4831a85d419b8af31cf730f609c9,0.093,,,
2016,2026-05-21,SZ000768,-0.004749581217765808,EXP_LinearModel_Alpha158_csi300_custom_step0_s_20260521_15,086d4831a85d419b8af31cf730f609c9,0.093,,,
2017,2026-05-21,SZ000776,0.036107227206230164,EXP_LinearModel_Alpha158_csi300_custom_step0_s_20260521_15,086d4831a85d419b8af31cf730f609c9,0.093,,,
2018,2026-05-21,SZ000786,-0.008512146770954132,EXP_LinearModel_Alpha158_csi300_custom_step0_s_20260521_15,086d4831a85d419b8af31cf730f609c9,0.093,,,
2019,2026-05-21,SZ000792,0.01819790154695511,EXP_LinearModel_Alpha158_csi300_custom_step0_s_20260521_15,086d4831a85d419b8af31cf730f609c9,0.093,,,
2020,2026-05-21,SZ000807,0.0946887955069542,EXP_LinearModel_Alpha158_csi300_custom_step0_s_20260521_15,086d4831a85d419b8af31cf730f609c9,0.093,,,
2021,2026-05-21,SZ002027,0.018968701362609863,EXP_LinearModel_Alpha158_csi300_custom_step0_s_20260521_15,086d4831a85d419b8af31cf730f609c9,0.093,,,
2022,2026-05-21,SZ002001,-0.0627143383026123,EXP_LinearModel_Alpha158_csi300_custom_step0_s_20260521_15,086d4831a85d419b8af31cf730f609c9,0.093,,,
2023,2026-05-21,SZ001979,-0.09959058463573456,EXP_LinearModel_Alpha158_csi300_custom_step0_s_20260521_15,086d4831a85d419b8af31cf730f609c9,0.093,,,
2024,2026-05-21,SZ001965,0.06422983855009079,EXP_LinearModel_Alpha158_csi300_custom_step0_s_20260521_15,086d4831a85d419b8af31cf730f609c9,0.093,,,
2025,2026-05-21,SZ001391,-0.11288198083639145,EXP_LinearModel_Alpha158_csi300_custom_step0_s_20260521_15,086d4831a85d419b8af31cf730f609c9,0.093,,,
2026,2026-05-21,SZ000999,-0.06283153593540192,EXP_LinearModel_Alpha158_csi300_custom_step0_s_20260521_15,086d4831a85d419b8af31cf730f609c9,0.093,,,
2027,2026-05-21,SZ002049,0.16355234384536743,EXP_LinearModel_Alpha158_csi300_custom_step0_s_20260521_15,086d4831a85d419b8af31cf730f609c9,0.093,,,
2028,2026-05-21,SZ000983,0.012421999126672745,EXP_LinearModel_Alpha158_csi300_custom_step0_s_20260521_15,086d4831a85d419b8af31cf730f609c9,0.093,,,
2029,2026-05-21,SZ000975,0.22319871187210083,EXP_LinearModel_Alpha158_csi300_custom_step0_s_20260521_15,086d4831a85d419b8af31cf730f609c9,0.093,,,
2030,2026-05-21,SZ000963,0.09126199781894684,EXP_LinearModel_Alpha158_csi300_custom_step0_s_20260521_15,086d4831a85d419b8af31cf730f609c9,0.093,,,
2031,2026-05-21,SZ000938,-0.10151350498199463,EXP_LinearModel_Alpha158_csi300_custom_step0_s_20260521_15,086d4831a85d419b8af31cf730f609c9,0.093,,,
2032,2026-05-21,SZ000895,-0.10553190112113953,EXP_LinearModel_Alpha158_csi300_custom_step0_s_20260521_15,086d4831a85d419b8af31cf730f609c9,0.093,,,
2033,2026-05-21,SZ000876,-0.005290761590003967,EXP_LinearModel_Alpha158_csi300_custom_step0_s_20260521_15,086d4831a85d419b8af31cf730f609c9,0.093,,,
2034,2026-05-21,SZ000858,-0.11887632310390472,EXP_LinearModel_Alpha158_csi300_custom_step0_s_20260521_15,086d4831a85d419b8af31cf730f609c9,0.093,,,
2035,2026-05-21,SZ000977,-0.014874830842018127,EXP_LinearModel_Alpha158_csi300_custom_step0_s_20260521_15,086d4831a85d419b8af31cf730f609c9,0.093,,,
2036,2026-05-21,SZ300015,0.17800909280776978,EXP_LinearModel_Alpha158_csi300_custom_step0_s_20260521_15,086d4831a85d419b8af31cf730f609c9,0.093,,,
2037,2026-05-21,SZ300033,0.2091091275215149,EXP_LinearModel_Alpha158_csi300_custom_step0_s_20260521_15,086d4831a85d419b8af31cf730f609c9,0.093,,,
2038,2026-05-21,SZ300059,0.0752565860748291,EXP_LinearModel_Alpha158_csi300_custom_step0_s_20260521_15,086d4831a85d419b8af31cf730f609c9,0.093,,,
2039,2026-05-21,SH600016,0.012637239880859852,EXP_XGBModel_Alpha158_csi300_custom_step0_s_20260521_15,b3556d9a05d74cc3ad6456f4d1f3126e,0.081,,,
2040,2026-05-21,SH600018,0.0740739181637764,EXP_XGBModel_Alpha158_csi300_custom_step0_s_20260521_15,b3556d9a05d74cc3ad6456f4d1f3126e,0.081,,,
2041,2026-05-21,SH600019,-0.02906896360218525,EXP_XGBModel_Alpha158_csi300_custom_step0_s_20260521_15,b3556d9a05d74cc3ad6456f4d1f3126e,0.081,,,
2042,2026-05-21,SH600023,0.098359614610672,EXP_XGBModel_Alpha158_csi300_custom_step0_s_20260521_15,b3556d9a05d74cc3ad6456f4d1f3126e,0.081,,,
2043,2026-05-21,SH600025,0.006008155178278685,EXP_XGBModel_Alpha158_csi300_custom_step0_s_20260521_15,b3556d9a05d74cc3ad6456f4d1f3126e,0.081,,,
2044,2026-05-21,SH600026,-0.07528258115053177,EXP_XGBModel_Alpha158_csi300_custom_step0_s_20260521_15,b3556d9a05d74cc3ad6456f4d1f3126e,0.081,,,
2045,2026-05-21,SH600027,-0.005449652671813965,EXP_XGBModel_Alpha158_csi300_custom_step0_s_20260521_15,b3556d9a05d74cc3ad6456f4d1f3126e,0.081,,,
2046,2026-05-21,SH600028,0.0012307146098464727,EXP_XGBModel_Alpha158_csi300_custom_step0_s_20260521_15,b3556d9a05d74cc3ad6456f4d1f3126e,0.081,,,
2047,2026-05-21,SH600029,-0.04426362365484238,EXP_XGBModel_Alpha158_csi300_custom_step0_s_20260521_15,b3556d9a05d74cc3ad6456f4d1f3126e,0.081,,,
2048,2026-05-21,SH600030,-0.0008303643553517759,EXP_XGBModel_Alpha158_csi300_custom_step0_s_20260521_15,b3556d9a05d74cc3ad6456f4d1f3126e,0.081,,,
2049,2026-05-21,SH600031,-0.16367176175117493,EXP_XGBModel_Alpha158_csi300_custom_step0_s_20260521_15,b3556d9a05d74cc3ad6456f4d1f3126e,0.081,,,
2050,2026-05-21,SH600036,-0.001948818564414978,EXP_XGBModel_Alpha158_csi300_custom_step0_s_20260521_15,b3556d9a05d74cc3ad6456f4d1f3126e,0.081,,,
2051,2026-05-21,SH600039,0.03883923590183258,EXP_XGBModel_Alpha158_csi300_custom_step0_s_20260521_15,b3556d9a05d74cc3ad6456f4d1f3126e,0.081,,,
2052,2026-05-21,SH600048,-0.044907692819833755,EXP_XGBModel_Alpha158_csi300_custom_step0_s_20260521_15,b3556d9a05d74cc3ad6456f4d1f3126e,0.081,,,
2053,2026-05-21,SH600050,-0.03955558314919472,EXP_XGBModel_Alpha158_csi300_custom_step0_s_20260521_15,b3556d9a05d74cc3ad6456f4d1f3126e,0.081,,,
2054,2026-05-21,SH600061,-0.024941695854067802,EXP_XGBModel_Alpha158_csi300_custom_step0_s_20260521_15,b3556d9a05d74cc3ad6456f4d1f3126e,0.081,,,
2055,2026-05-21,SH600066,-0.02160237915813923,EXP_XGBModel_Alpha158_csi300_custom_step0_s_20260521_15,b3556d9a05d74cc3ad6456f4d1f3126e,0.081,,,
2056,2026-05-21,SH600233,-0.005718524102121592,EXP_XGBModel_Alpha158_csi300_custom_step0_s_20260521_15,b3556d9a05d74cc3ad6456f4d1f3126e,0.081,,,
2057,2026-05-21,SH600219,-0.02463405765593052,EXP_XGBModel_Alpha158_csi300_custom_step0_s_20260521_15,b3556d9a05d74cc3ad6456f4d1f3126e,0.081,,,
2058,2026-05-21,SH600196,-0.03813255950808525,EXP_XGBModel_Alpha158_csi300_custom_step0_s_20260521_15,b3556d9a05d74cc3ad6456f4d1f3126e,0.081,,,
2059,2026-05-21,SH600188,-0.0640733391046524,EXP_XGBModel_Alpha158_csi300_custom_step0_s_20260521_15,b3556d9a05d74cc3ad6456f4d1f3126e,0.081,,,
2060,2026-05-21,SH600183,-0.35685479640960693,EXP_XGBModel_Alpha158_csi300_custom_step0_s_20260521_15,b3556d9a05d74cc3ad6456f4d1f3126e,0.081,,,
2061,2026-05-21,SH600176,0.08664504438638687,EXP_XGBModel_Alpha158_csi300_custom_step0_s_20260521_15,b3556d9a05d74cc3ad6456f4d1f3126e,0.081,,,
2062,2026-05-21,SH600015,-0.0009526916546747088,EXP_XGBModel_Alpha158_csi300_custom_step0_s_20260521_15,b3556d9a05d74cc3ad6456f4d1f3126e,0.081,,,
2063,2026-05-21,SH600161,-0.0534236803650856,EXP_XGBModel_Alpha158_csi300_custom_step0_s_20260521_15,b3556d9a05d74cc3ad6456f4d1f3126e,0.081,,,
2064,2026-05-21,SH600150,-0.028125321492552757,EXP_XGBModel_Alpha158_csi300_custom_step0_s_20260521_15,b3556d9a05d74cc3ad6456f4d1f3126e,0.081,,,
2065,2026-05-21,SH600115,-0.038063373416662216,EXP_XGBModel_Alpha158_csi300_custom_step0_s_20260521_15,b3556d9a05d74cc3ad6456f4d1f3126e,0.081,,,
2066,2026-05-21,SH600111,-0.09849965572357178,EXP_XGBModel_Alpha158_csi300_custom_step0_s_20260521_15,b3556d9a05d74cc3ad6456f4d1f3126e,0.081,,,
2067,2026-05-21,SH600104,-0.018456177785992622,EXP_XGBModel_Alpha158_csi300_custom_step0_s_20260521_15,b3556d9a05d74cc3ad6456f4d1f3126e,0.081,,,
2068,2026-05-21,SH600089,-0.049740228801965714,EXP_XGBModel_Alpha158_csi300_custom_step0_s_20260521_15,b3556d9a05d74cc3ad6456f4d1f3126e,0.081,,,
2069,2026-05-21,SH600085,-0.016497313976287842,EXP_XGBModel_Alpha158_csi300_custom_step0_s_20260521_15,b3556d9a05d74cc3ad6456f4d1f3126e,0.081,,,
2070,2026-05-21,SH600160,-0.029352860525250435,EXP_XGBModel_Alpha158_csi300_custom_step0_s_20260521_15,b3556d9a05d74cc3ad6456f4d1f3126e,0.081,,,
2071,2026-05-21,SH600011,-0.011376536451280117,EXP_XGBModel_Alpha158_csi300_custom_step0_s_20260521_15,b3556d9a05d74cc3ad6456f4d1f3126e,0.081,,,
2072,2026-05-21,SH600010,-0.0497499480843544,EXP_XGBModel_Alpha158_csi300_custom_step0_s_20260521_15,b3556d9a05d74cc3ad6456f4d1f3126e,0.081,,,
2073,2026-05-21,SH600009,-0.0030794786289334297,EXP_XGBModel_Alpha158_csi300_custom_step0_s_20260521_15,b3556d9a05d74cc3ad6456f4d1f3126e,0.081,,,
2074,2026-05-21,SZ300476,0.0849393755197525,EXP_LinearModel_Alpha158_csi300_custom_step0_s_20260521_15,086d4831a85d419b8af31cf730f609c9,0.093,,,
2075,2026-05-21,SZ300442,,EXP_LinearModel_Alpha158_csi300_custom_step0_s_20260521_15,086d4831a85d419b8af31cf730f609c9,0.093,,,
2076,2026-05-21,SZ300433,-0.03486216068267822,EXP_LinearModel_Alpha158_csi300_custom_step0_s_20260521_15,086d4831a85d419b8af31cf730f609c9,0.093,,,
2077,2026-05-21,SZ300418,0.1934223771095276,EXP_LinearModel_Alpha158_csi300_custom_step0_s_20260521_15,086d4831a85d419b8af31cf730f609c9,0.093,,,
2078,2026-05-21,SZ300413,0.08125615119934082,EXP_LinearModel_Alpha158_csi300_custom_step0_s_20260521_15,086d4831a85d419b8af31cf730f609c9,0.093,,,
2079,2026-05-21,SZ300408,0.2061009705066681,EXP_LinearModel_Alpha158_csi300_custom_step0_s_20260521_15,086d4831a85d419b8af31cf730f609c9,0.093,,,
2080,2026-05-21,SZ300498,-0.11745014786720276,EXP_LinearModel_Alpha158_csi300_custom_step0_s_20260521_15,086d4831a85d419b8af31cf730f609c9,0.093,,,
2081,2026-05-21,SZ300394,0.030230484902858734,EXP_LinearModel_Alpha158_csi300_custom_step0_s_20260521_15,086d4831a85d419b8af31cf730f609c9,0.093,,,
2082,2026-05-21,SZ300316,-0.16445204615592957,EXP_LinearModel_Alpha158_csi300_custom_step0_s_20260521_15,086d4831a85d419b8af31cf730f609c9,0.093,,,
2083,2026-05-21,SZ300308,0.030561603605747223,EXP_LinearModel_Alpha158_csi300_custom_step0_s_20260521_15,086d4831a85d419b8af31cf730f609c9,0.093,,,
2084,2026-05-21,SZ300274,0.00937873125076294,EXP_LinearModel_Alpha158_csi300_custom_step0_s_20260521_15,086d4831a85d419b8af31cf730f609c9,0.093,,,
2085,2026-05-21,SZ300251,0.33671677112579346,EXP_LinearModel_Alpha158_csi300_custom_step0_s_20260521_15,086d4831a85d419b8af31cf730f609c9,0.093,,,
2086,2026-05-21,SZ300124,0.18935027718544006,EXP_LinearModel_Alpha158_csi300_custom_step0_s_20260521_15,086d4831a85d419b8af31cf730f609c9,0.093,,,
2087,2026-05-21,SZ300122,-0.11813806742429733,EXP_LinearModel_Alpha158_csi300_custom_step0_s_20260521_15,086d4831a85d419b8af31cf730f609c9,0.093,,,
2088,2026-05-21,SZ300347,0.06305431574583054,EXP_LinearModel_Alpha158_csi300_custom_step0_s_20260521_15,086d4831a85d419b8af31cf730f609c9,0.093,,,
2089,2026-05-21,SZ000338,0.34112548828125,EXP_LinearModel_Alpha158_csi300_custom_step0_s_20260521_15,086d4831a85d419b8af31cf730f609c9,0.093,,,
2090,2026-05-21,SZ300502,0.24306531250476837,EXP_LinearModel_Alpha158_csi300_custom_step0_s_20260521_15,086d4831a85d419b8af31cf730f609c9,0.093,,,
2091,2026-05-21,SZ300661,0.11176560819149017,EXP_LinearModel_Alpha158_csi300_custom_step0_s_20260521_15,086d4831a85d419b8af31cf730f609c9,0.093,,,
2092,2026-05-21,SH600000,0.005050693638622761,EXP_XGBModel_Alpha158_csi300_custom_step0_s_20260521_15,b3556d9a05d74cc3ad6456f4d1f3126e,0.081,,,
2093,2026-05-21,SZ302132,-0.08658382296562195,EXP_LinearModel_Alpha158_csi300_custom_step0_s_20260521_15,086d4831a85d419b8af31cf730f609c9,0.093,,,
2094,2026-05-21,SZ301269,-0.13229972124099731,EXP_LinearModel_Alpha158_csi300_custom_step0_s_20260521_15,086d4831a85d419b8af31cf730f609c9,0.093,,,
2095,2026-05-21,SZ301236,0.06837520003318787,EXP_LinearModel_Alpha158_csi300_custom_step0_s_20260521_15,086d4831a85d419b8af31cf730f609c9,0.093,,,
2096,2026-05-21,SZ300999,-0.03444787114858627,EXP_LinearModel_Alpha158_csi300_custom_step0_s_20260521_15,086d4831a85d419b8af31cf730f609c9,0.093,,,
2097,2026-05-21,SZ300979,-0.09794765710830688,EXP_LinearModel_Alpha158_csi300_custom_step0_s_20260521_15,086d4831a85d419b8af31cf730f609c9,0.093,,,
2098,2026-05-21,SZ300628,0.021969720721244812,EXP_LinearModel_Alpha158_csi300_custom_step0_s_20260521_15,086d4831a85d419b8af31cf730f609c9,0.093,,,
2099,2026-05-21,SZ300896,0.09883451461791992,EXP_LinearModel_Alpha158_csi300_custom_step0_s_20260521_15,086d4831a85d419b8af31cf730f609c9,0.093,,,
2100,2026-05-21,SZ300832,0.044557154178619385,EXP_LinearModel_Alpha158_csi300_custom_step0_s_20260521_15,086d4831a85d419b8af31cf730f609c9,0.093,,,
2101,2026-05-21,SZ300803,0.0581015944480896,EXP_LinearModel_Alpha158_csi300_custom_step0_s_20260521_15,086d4831a85d419b8af31cf730f609c9,0.093,,,
2102,2026-05-21,SZ300782,-0.0007689595222473145,EXP_LinearModel_Alpha158_csi300_custom_step0_s_20260521_15,086d4831a85d419b8af31cf730f609c9,0.093,,,
2103,2026-05-21,SZ300760,0.008570253849029541,EXP_LinearModel_Alpha158_csi300_custom_step0_s_20260521_15,086d4831a85d419b8af31cf730f609c9,0.093,,,
2104,2026-05-21,SZ300759,0.0030961185693740845,EXP_LinearModel_Alpha158_csi300_custom_step0_s_20260521_15,086d4831a85d419b8af31cf730f609c9,0.093,,,
2105,2026-05-21,SZ300750,-0.09885309636592865,EXP_LinearModel_Alpha158_csi300_custom_step0_s_20260521_15,086d4831a85d419b8af31cf730f609c9,0.093,,,
2106,2026-05-21,SZ300866,0.03150482475757599,EXP_LinearModel_Alpha158_csi300_custom_step0_s_20260521_15,086d4831a85d419b8af31cf730f609c9,0.093,,,
2107,2026-05-21,SH600919,0.0478164367377758,EXP_LinearModel_Alpha158_csi300_custom_step0_s_20260521_15,e0e0fe7aefed4ad8a1b89f561b844988,0.115,,,
2108,2026-05-21,SZ000333,0.11024701595306396,EXP_LinearModel_Alpha158_csi300_custom_step0_s_20260521_15,086d4831a85d419b8af31cf730f609c9,0.093,,,
2109,2026-05-21,SZ000166,-0.01485598087310791,EXP_LinearModel_Alpha158_csi300_custom_step0_s_20260521_15,086d4831a85d419b8af31cf730f609c9,0.093,,,
2110,2026-05-21,SH601100,0.04328753054141998,EXP_LinearModel_Alpha158_csi300_custom_step0_s_20260521_15,086d4831a85d419b8af31cf730f609c9,0.093,,,
2111,2026-05-21,SH601111,0.058321788907051086,EXP_LinearModel_Alpha158_csi300_custom_step0_s_20260521_15,086d4831a85d419b8af31cf730f609c9,0.093,,,
2112,2026-05-21,SH601117,0.16117313504219055,EXP_LinearModel_Alpha158_csi300_custom_step0_s_20260521_15,086d4831a85d419b8af31cf730f609c9,0.093,,,
2113,2026-05-21,SH601127,0.19796884059906006,EXP_LinearModel_Alpha158_csi300_custom_step0_s_20260521_15,086d4831a85d419b8af31cf730f609c9,0.093,,,
2114,2026-05-21,SH601136,-0.01904401183128357,EXP_LinearModel_Alpha158_csi300_custom_step0_s_20260521_15,086d4831a85d419b8af31cf730f609c9,0.093,,,
2115,2026-05-21,SH601138,0.17970764636993408,EXP_LinearModel_Alpha158_csi300_custom_step0_s_20260521_15,086d4831a85d419b8af31cf730f609c9,0.093,,,
2116,2026-05-21,SH601166,-0.06806458532810211,EXP_LinearModel_Alpha158_csi300_custom_step0_s_20260521_15,086d4831a85d419b8af31cf730f609c9,0.093,,,
2117,2026-05-21,SH601169,-0.08010561764240265,EXP_LinearModel_Alpha158_csi300_custom_step0_s_20260521_15,086d4831a85d419b8af31cf730f609c9,0.093,,,
2118,2026-05-21,SH601186,-0.020775511860847473,EXP_LinearModel_Alpha158_csi300_custom_step0_s_20260521_15,086d4831a85d419b8af31cf730f609c9,0.093,,,
2119,2026-05-21,SH601211,-0.007903844118118286,EXP_LinearModel_Alpha158_csi300_custom_step0_s_20260521_15,086d4831a85d419b8af31cf730f609c9,0.093,,,
2120,2026-05-21,SH601225,-0.039958804845809937,EXP_LinearModel_Alpha158_csi300_custom_step0_s_20260521_15,086d4831a85d419b8af31cf730f609c9,0.093,,,
2121,2026-05-21,SH601229,-0.0974586233496666,EXP_LinearModel_Alpha158_csi300_custom_step0_s_20260521_15,086d4831a85d419b8af31cf730f609c9,0.093,,,
2122,2026-05-21,SH601236,-0.009705126285552979,EXP_LinearModel_Alpha158_csi300_custom_step0_s_20260521_15,086d4831a85d419b8af31cf730f609c9,0.093,,,
2123,2026-05-21,SH601238,-0.05688409507274628,EXP_LinearModel_Alpha158_csi300_custom_step0_s_20260521_15,086d4831a85d419b8af31cf730f609c9,0.093,,,
2124,2026-05-21,SH601288,-0.032853275537490845,EXP_LinearModel_Alpha158_csi300_custom_step0_s_20260521_15,086d4831a85d419b8af31cf730f609c9,0.093,,,
2125,2026-05-21,SH601298,0.030102811753749847,EXP_LinearModel_Alpha158_csi300_custom_step0_s_20260521_15,086d4831a85d419b8af31cf730f609c9,0.093,,,
2126,2026-05-21,SH601318,0.04530595242977142,EXP_LinearModel_Alpha158_csi300_custom_step0_s_20260521_15,086d4831a85d419b8af31cf730f609c9,0.093,,,
2127,2026-05-21,SH601633,-0.012600690126419067,EXP_LinearModel_Alpha158_csi300_custom_step0_s_20260521_15,086d4831a85d419b8af31cf730f609c9,0.093,,,
2128,2026-05-21,SH601628,0.010303229093551636,EXP_LinearModel_Alpha158_csi300_custom_step0_s_20260521_15,086d4831a85d419b8af31cf730f609c9,0.093,,,
2129,2026-05-21,SH601618,0.009651921689510345,EXP_LinearModel_Alpha158_csi300_custom_step0_s_20260521_15,086d4831a85d419b8af31cf730f609c9,0.093,,,
2130,2026-05-21,SH601607,-0.040714919567108154,EXP_LinearModel_Alpha158_csi300_custom_step0_s_20260521_15,086d4831a85d419b8af31cf730f609c9,0.093,,,
2131,2026-05-21,SH601601,-0.08246979117393494,EXP_LinearModel_Alpha158_csi300_custom_step0_s_20260521_15,086d4831a85d419b8af31cf730f609c9,0.093,,,
2132,2026-05-21,SH601600,0.28007930517196655,EXP_LinearModel_Alpha158_csi300_custom_step0_s_20260521_15,086d4831a85d419b8af31cf730f609c9,0.093,,,
2133,2026-05-21,SH601088,-0.049840934574604034,EXP_LinearModel_Alpha158_csi300_custom_step0_s_20260521_15,086d4831a85d419b8af31cf730f609c9,0.093,,,
2134,2026-05-21,SH601456,0.036956384778022766,EXP_LinearModel_Alpha158_csi300_custom_step0_s_20260521_15,086d4831a85d419b8af31cf730f609c9,0.093,,,
2135,2026-05-21,SH601390,-0.007929414510726929,EXP_LinearModel_Alpha158_csi300_custom_step0_s_20260521_15,086d4831a85d419b8af31cf730f609c9,0.093,,,
2136,2026-05-21,SH601377,0.030210107564926147,EXP_LinearModel_Alpha158_csi300_custom_step0_s_20260521_15,086d4831a85d419b8af31cf730f609c9,0.093,,,
2137,2026-05-21,SH601360,0.017607808113098145,EXP_LinearModel_Alpha158_csi300_custom_step0_s_20260521_15,086d4831a85d419b8af31cf730f609c9,0.093,,,
2138,2026-05-21,SH601336,0.036219894886016846,EXP_LinearModel_Alpha158_csi300_custom_step0_s_20260521_15,086d4831a85d419b8af31cf730f609c9,0.093,,,
2139,2026-05-21,SH601328,-0.04034876823425293,EXP_LinearModel_Alpha158_csi300_custom_step0_s_20260521_15,086d4831a85d419b8af31cf730f609c9,0.093,,,
2140,2026-05-21,SH601319,0.040085919201374054,EXP_LinearModel_Alpha158_csi300_custom_step0_s_20260521_15,086d4831a85d419b8af31cf730f609c9,0.093,,,
2141,2026-05-21,SH601398,-0.07777009159326553,EXP_LinearModel_Alpha158_csi300_custom_step0_s_20260521_15,086d4831a85d419b8af31cf730f609c9,0.093,,,
2142,2026-05-21,SH601658,-0.03571783006191254,EXP_LinearModel_Alpha158_csi300_custom_step0_s_20260521_15,086d4831a85d419b8af31cf730f609c9,0.093,,,
2143,2026-05-21,SH601077,-0.06381610035896301,EXP_LinearModel_Alpha158_csi300_custom_step0_s_20260521_15,086d4831a85d419b8af31cf730f609c9,0.093,,,
2144,2026-05-21,SH601059,-0.016943693161010742,EXP_LinearModel_Alpha158_csi300_custom_step0_s_20260521_15,086d4831a85d419b8af31cf730f609c9,0.093,,,
2145,2026-05-21,SH600600,-0.040708184242248535,EXP_LinearModel_Alpha158_csi300_custom_step0_s_20260521_15,086d4831a85d419b8af31cf730f609c9,0.093,,,
2146,2026-05-21,SH600660,-0.033763617277145386,EXP_LinearModel_Alpha158_csi300_custom_step0_s_20260521_15,086d4831a85d419b8af31cf730f609c9,0.093,,,
2147,2026-05-21,SH600674,-0.014658436179161072,EXP_LinearModel_Alpha158_csi300_custom_step0_s_20260521_15,086d4831a85d419b8af31cf730f609c9,0.093,,,
2148,2026-05-21,SH600690,-0.06496909260749817,EXP_LinearModel_Alpha158_csi300_custom_step0_s_20260521_15,086d4831a85d419b8af31cf730f609c9,0.093,,,
2149,2026-05-21,SH600741,-0.08246341347694397,EXP_LinearModel_Alpha158_csi300_custom_step0_s_20260521_15,086d4831a85d419b8af31cf730f609c9,0.093,,,
2150,2026-05-21,SH600760,-0.0415252223610878,EXP_LinearModel_Alpha158_csi300_custom_step0_s_20260521_15,086d4831a85d419b8af31cf730f609c9,0.093,,,
2151,2026-05-21,SH600795,0.04765115678310394,EXP_LinearModel_Alpha158_csi300_custom_step0_s_20260521_15,086d4831a85d419b8af31cf730f609c9,0.093,,,
2152,2026-05-21,SH600803,-0.03170262649655342,EXP_LinearModel_Alpha158_csi300_custom_step0_s_20260521_15,086d4831a85d419b8af31cf730f609c9,0.093,,,
2153,2026-05-21,SH600809,0.06248548626899719,EXP_LinearModel_Alpha158_csi300_custom_step0_s_20260521_15,086d4831a85d419b8af31cf730f609c9,0.093,,,
2154,2026-05-21,SH600845,-0.019394613802433014,EXP_LinearModel_Alpha158_csi300_custom_step0_s_20260521_15,086d4831a85d419b8af31cf730f609c9,0.093,,,
2155,2026-05-21,SH600875,0.06006684899330139,EXP_LinearModel_Alpha158_csi300_custom_step0_s_20260521_15,086d4831a85d419b8af31cf730f609c9,0.093,,,
2156,2026-05-21,SH600886,-0.032009556889534,EXP_LinearModel_Alpha158_csi300_custom_step0_s_20260521_15,086d4831a85d419b8af31cf730f609c9,0.093,,,
2157,2026-05-21,SH600887,-0.08090336620807648,EXP_LinearModel_Alpha158_csi300_custom_step0_s_20260521_15,086d4831a85d419b8af31cf730f609c9,0.093,,,
2158,2026-05-21,SH600893,0.02986501157283783,EXP_LinearModel_Alpha158_csi300_custom_step0_s_20260521_15,086d4831a85d419b8af31cf730f609c9,0.093,,,
2159,2026-05-21,SH600900,0.011963069438934326,EXP_LinearModel_Alpha158_csi300_custom_step0_s_20260521_15,086d4831a85d419b8af31cf730f609c9,0.093,,,
2160,2026-05-21,SH600905,0.06713893264532089,EXP_LinearModel_Alpha158_csi300_custom_step0_s_20260521_15,086d4831a85d419b8af31cf730f609c9,0.093,,,
2161,2026-05-21,SH600918,-0.05997386574745178,EXP_LinearModel_Alpha158_csi300_custom_step0_s_20260521_15,086d4831a85d419b8af31cf730f609c9,0.093,,,
2162,2026-05-21,SH601058,0.07429537177085876,EXP_LinearModel_Alpha158_csi300_custom_step0_s_20260521_15,086d4831a85d419b8af31cf730f609c9,0.093,,,
2163,2026-05-21,SH601021,0.09552577137947083,EXP_LinearModel_Alpha158_csi300_custom_step0_s_20260521_15,086d4831a85d419b8af31cf730f609c9,0.093,,,
2164,2026-05-21,SH601018,-0.05981647968292236,EXP_LinearModel_Alpha158_csi300_custom_step0_s_20260521_15,086d4831a85d419b8af31cf730f609c9,0.093,,,
2165,2026-05-21,SH601012,0.12190113961696625,EXP_LinearModel_Alpha158_csi300_custom_step0_s_20260521_15,086d4831a85d419b8af31cf730f609c9,0.093,,,
2166,2026-05-21,SH601009,0.022388651967048645,EXP_LinearModel_Alpha158_csi300_custom_step0_s_20260521_15,086d4831a85d419b8af31cf730f609c9,0.093,,,
2167,2026-05-21,SH601006,-0.0034196265041828156,EXP_LinearModel_Alpha158_csi300_custom_step0_s_20260521_15,086d4831a85d419b8af31cf730f609c9,0.093,,,
2168,2026-05-21,SH601066,0.03239220380783081,EXP_LinearModel_Alpha158_csi300_custom_step0_s_20260521_15,086d4831a85d419b8af31cf730f609c9,0.093,,,
2169,2026-05-21,SH600999,-0.03651285171508789,EXP_LinearModel_Alpha158_csi300_custom_step0_s_20260521_15,086d4831a85d419b8af31cf730f609c9,0.093,,,
2170,2026-05-21,SH600958,,EXP_LinearModel_Alpha158_csi300_custom_step0_s_20260521_15,086d4831a85d419b8af31cf730f609c9,0.093,,,
2171,2026-05-21,SH600941,0.12136994302272797,EXP_LinearModel_Alpha158_csi300_custom_step0_s_20260521_15,086d4831a85d419b8af31cf730f609c9,0.093,,,
2172,2026-05-21,SH600938,0.022372528910636902,EXP_LinearModel_Alpha158_csi300_custom_step0_s_20260521_15,086d4831a85d419b8af31cf730f609c9,0.093,,,
2173,2026-05-21,SH600930,0.13623228669166565,EXP_LinearModel_Alpha158_csi300_custom_step0_s_20260521_15,086d4831a85d419b8af31cf730f609c9,0.093,,,
2174,2026-05-21,SH600926,-0.031980112195014954,EXP_LinearModel_Alpha158_csi300_custom_step0_s_20260521_15,086d4831a85d419b8af31cf730f609c9,0.093,,,
2175,2026-05-21,SH600919,-0.013959214091300964,EXP_LinearModel_Alpha158_csi300_custom_step0_s_20260521_15,086d4831a85d419b8af31cf730f609c9,0.093,,,
2176,2026-05-21,SH600989,0.10205736756324768,EXP_LinearModel_Alpha158_csi300_custom_step0_s_20260521_15,086d4831a85d419b8af31cf730f609c9,0.093,,,
2177,2026-05-21,SH601668,-0.12856942415237427,EXP_LinearModel_Alpha158_csi300_custom_step0_s_20260521_15,086d4831a85d419b8af31cf730f609c9,0.093,,,
2178,2026-05-21,SH601669,0.1404140591621399,EXP_LinearModel_Alpha158_csi300_custom_step0_s_20260521_15,086d4831a85d419b8af31cf730f609c9,0.093,,,
2179,2026-05-21,SH601688,0.12700921297073364,EXP_LinearModel_Alpha158_csi300_custom_step0_s_20260521_15,086d4831a85d419b8af31cf730f609c9,0.093,,,
2180,2026-05-21,SH603501,0.1874038577079773,EXP_LinearModel_Alpha158_csi300_custom_step0_s_20260521_15,086d4831a85d419b8af31cf730f609c9,0.093,,,
2181,2026-05-21,SH603799,0.2226799875497818,EXP_LinearModel_Alpha158_csi300_custom_step0_s_20260521_15,086d4831a85d419b8af31cf730f609c9,0.093,,,
2182,2026-05-21,SH603893,0.14282047748565674,EXP_LinearModel_Alpha158_csi300_custom_step0_s_20260521_15,086d4831a85d419b8af31cf730f609c9,0.093,,,
2183,2026-05-21,SH603986,0.13167735934257507,EXP_LinearModel_Alpha158_csi300_custom_step0_s_20260521_15,086d4831a85d419b8af31cf730f609c9,0.093,,,
2184,2026-05-21,SH603993,0.17013080418109894,EXP_LinearModel_Alpha158_csi300_custom_step0_s_20260521_15,086d4831a85d419b8af31cf730f609c9,0.093,,,
2185,2026-05-21,SH605117,0.11729442328214645,EXP_LinearModel_Alpha158_csi300_custom_step0_s_20260521_15,086d4831a85d419b8af31cf730f609c9,0.093,,,
2186,2026-05-21,SH605499,0.08795171976089478,EXP_LinearModel_Alpha158_csi300_custom_step0_s_20260521_15,086d4831a85d419b8af31cf730f609c9,0.093,,,
2187,2026-05-21,SH688008,0.07068568468093872,EXP_LinearModel_Alpha158_csi300_custom_step0_s_20260521_15,086d4831a85d419b8af31cf730f609c9,0.093,,,
2188,2026-05-21,SH688009,0.013632867485284805,EXP_LinearModel_Alpha158_csi300_custom_step0_s_20260521_15,086d4831a85d419b8af31cf730f609c9,0.093,,,
2189,2026-05-21,SH688012,-0.1026647686958313,EXP_LinearModel_Alpha158_csi300_custom_step0_s_20260521_15,086d4831a85d419b8af31cf730f609c9,0.093,,,
2190,2026-05-21,SH688036,0.09592488408088684,EXP_LinearModel_Alpha158_csi300_custom_step0_s_20260521_15,086d4831a85d419b8af31cf730f609c9,0.093,,,
2191,2026-05-21,SH688041,0.13021481037139893,EXP_LinearModel_Alpha158_csi300_custom_step0_s_20260521_15,086d4831a85d419b8af31cf730f609c9,0.093,,,
2192,2026-05-21,SH688047,-0.02811455726623535,EXP_LinearModel_Alpha158_csi300_custom_step0_s_20260521_15,086d4831a85d419b8af31cf730f609c9,0.093,,,
2193,2026-05-21,SH688082,0.11888682842254639,EXP_LinearModel_Alpha158_csi300_custom_step0_s_20260521_15,086d4831a85d419b8af31cf730f609c9,0.093,,,
2194,2026-05-21,SH688111,0.06323352456092834,EXP_LinearModel_Alpha158_csi300_custom_step0_s_20260521_15,086d4831a85d419b8af31cf730f609c9,0.093,,,
2195,2026-05-21,SH688126,-0.21401357650756836,EXP_LinearModel_Alpha158_csi300_custom_step0_s_20260521_15,086d4831a85d419b8af31cf730f609c9,0.093,,,
2196,2026-05-21,SH688169,0.14039474725723267,EXP_LinearModel_Alpha158_csi300_custom_step0_s_20260521_15,086d4831a85d419b8af31cf730f609c9,0.093,,,
2197,2026-05-21,SZ000157,0.12828844785690308,EXP_LinearModel_Alpha158_csi300_custom_step0_s_20260521_15,086d4831a85d419b8af31cf730f609c9,0.093,,,
2198,2026-05-21,SZ000100,0.0981602668762207,EXP_LinearModel_Alpha158_csi300_custom_step0_s_20260521_15,086d4831a85d419b8af31cf730f609c9,0.093,,,
2199,2026-05-21,SZ000063,-0.004875600337982178,EXP_LinearModel_Alpha158_csi300_custom_step0_s_20260521_15,086d4831a85d419b8af31cf730f609c9,0.093,,,
2200,2026-05-21,SZ000002,0.043711185455322266,EXP_LinearModel_Alpha158_csi300_custom_step0_s_20260521_15,086d4831a85d419b8af31cf730f609c9,0.093,,,
2201,2026-05-21,SZ000001,-0.08273875713348389,EXP_LinearModel_Alpha158_csi300_custom_step0_s_20260521_15,086d4831a85d419b8af31cf730f609c9,0.093,,,
2202,2026-05-21,SH688981,0.14532184600830078,EXP_LinearModel_Alpha158_csi300_custom_step0_s_20260521_15,086d4831a85d419b8af31cf730f609c9,0.093,,,
2203,2026-05-21,SH603392,-0.232675239443779,EXP_LinearModel_Alpha158_csi300_custom_step0_s_20260521_15,086d4831a85d419b8af31cf730f609c9,0.093,,,
2204,2026-05-21,SH688506,0.07969628274440765,EXP_LinearModel_Alpha158_csi300_custom_step0_s_20260521_15,086d4831a85d419b8af31cf730f609c9,0.093,,,
2205,2026-05-21,SH688396,-0.0992690920829773,EXP_LinearModel_Alpha158_csi300_custom_step0_s_20260521_15,086d4831a85d419b8af31cf730f609c9,0.093,,,
2206,2026-05-21,SH688303,-0.041636258363723755,EXP_LinearModel_Alpha158_csi300_custom_step0_s_20260521_15,086d4831a85d419b8af31cf730f609c9,0.093,,,
2207,2026-05-21,SH688271,0.2195972204208374,EXP_LinearModel_Alpha158_csi300_custom_step0_s_20260521_15,086d4831a85d419b8af31cf730f609c9,0.093,,,
2208,2026-05-21,SH688256,0.23924897611141205,EXP_LinearModel_Alpha158_csi300_custom_step0_s_20260521_15,086d4831a85d419b8af31cf730f609c9,0.093,,,
2209,2026-05-21,SH688223,0.008304506540298462,EXP_LinearModel_Alpha158_csi300_custom_step0_s_20260521_15,086d4831a85d419b8af31cf730f609c9,0.093,,,
2210,2026-05-21,SH688187,-0.10440444946289062,EXP_LinearModel_Alpha158_csi300_custom_step0_s_20260521_15,086d4831a85d419b8af31cf730f609c9,0.093,,,
2211,2026-05-21,SH688472,-0.0258304625749588,EXP_LinearModel_Alpha158_csi300_custom_step0_s_20260521_15,086d4831a85d419b8af31cf730f609c9,0.093,,,
2212,2026-05-21,SH603369,0.06574925780296326,EXP_LinearModel_Alpha158_csi300_custom_step0_s_20260521_15,086d4831a85d419b8af31cf730f609c9,0.093,,,
2213,2026-05-21,SH603296,0.022062165662646294,EXP_LinearModel_Alpha158_csi300_custom_step0_s_20260521_15,086d4831a85d419b8af31cf730f609c9,0.093,,,
2214,2026-05-21,SH603288,-0.021325379610061646,EXP_LinearModel_Alpha158_csi300_custom_step0_s_20260521_15,086d4831a85d419b8af31cf730f609c9,0.093,,,
2215,2026-05-21,SH601872,0.26373282074928284,EXP_LinearModel_Alpha158_csi300_custom_step0_s_20260521_15,086d4831a85d419b8af31cf730f609c9,0.093,,,
2216,2026-05-21,SH601868,0.06319233775138855,EXP_LinearModel_Alpha158_csi300_custom_step0_s_20260521_15,086d4831a85d419b8af31cf730f609c9,0.093,,,
2217,2026-05-21,SH601857,0.06543630361557007,EXP_LinearModel_Alpha158_csi300_custom_step0_s_20260521_15,086d4831a85d419b8af31cf730f609c9,0.093,,,
2218,2026-05-21,SH601838,0.0402100645005703,EXP_LinearModel_Alpha158_csi300_custom_step0_s_20260521_15,086d4831a85d419b8af31cf730f609c9,0.093,,,
2219,2026-05-21,SH601825,-0.052310965955257416,EXP_LinearModel_Alpha158_csi300_custom_step0_s_20260521_15,086d4831a85d419b8af31cf730f609c9,0.093,,,
2220,2026-05-21,SH601818,-0.08724294602870941,EXP_LinearModel_Alpha158_csi300_custom_step0_s_20260521_15,086d4831a85d419b8af31cf730f609c9,0.093,,,
2221,2026-05-21,SH601877,-0.002725079655647278,EXP_LinearModel_Alpha158_csi300_custom_step0_s_20260521_15,086d4831a85d419b8af31cf730f609c9,0.093,,,
2222,2026-05-21,SH601816,0.04961516708135605,EXP_LinearModel_Alpha158_csi300_custom_step0_s_20260521_15,086d4831a85d419b8af31cf730f609c9,0.093,,,
2223,2026-05-21,SH601800,-0.019487455487251282,EXP_LinearModel_Alpha158_csi300_custom_step0_s_20260521_15,086d4831a85d419b8af31cf730f609c9,0.093,,,
2224,2026-05-21,SH601788,-0.0974428653717041,EXP_LinearModel_Alpha158_csi300_custom_step0_s_20260521_15,086d4831a85d419b8af31cf730f609c9,0.093,,,
2225,2026-05-21,SH601766,-0.1358392834663391,EXP_LinearModel_Alpha158_csi300_custom_step0_s_20260521_15,086d4831a85d419b8af31cf730f609c9,0.093,,,
2226,2026-05-21,SH601728,-0.13406676054000854,EXP_LinearModel_Alpha158_csi300_custom_step0_s_20260521_15,086d4831a85d419b8af31cf730f609c9,0.093,,,
2227,2026-05-21,SH601698,0.18463462591171265,EXP_LinearModel_Alpha158_csi300_custom_step0_s_20260521_15,086d4831a85d419b8af31cf730f609c9,0.093,,,
2228,2026-05-21,SH601689,0.08944720029830933,EXP_LinearModel_Alpha158_csi300_custom_step0_s_20260521_15,086d4831a85d419b8af31cf730f609c9,0.093,,,
2229,2026-05-21,SH601808,0.175787553191185,EXP_LinearModel_Alpha158_csi300_custom_step0_s_20260521_15,086d4831a85d419b8af31cf730f609c9,0.093,,,
2230,2026-05-21,SZ000301,0.2593381106853485,EXP_LinearModel_Alpha158_csi300_custom_step0_s_20260521_15,086d4831a85d419b8af31cf730f609c9,0.093,,,
2231,2026-05-21,SH601878,0.03969249129295349,EXP_LinearModel_Alpha158_csi300_custom_step0_s_20260521_15,086d4831a85d419b8af31cf730f609c9,0.093,,,
2232,2026-05-21,SH601888,0.13726051151752472,EXP_LinearModel_Alpha158_csi300_custom_step0_s_20260521_15,086d4831a85d419b8af31cf730f609c9,0.093,,,
2233,2026-05-21,SH603260,0.04247415065765381,EXP_LinearModel_Alpha158_csi300_custom_step0_s_20260521_15,086d4831a85d419b8af31cf730f609c9,0.093,,,
2234,2026-05-21,SH603259,0.0909326821565628,EXP_LinearModel_Alpha158_csi300_custom_step0_s_20260521_15,086d4831a85d419b8af31cf730f609c9,0.093,,,
2235,2026-05-21,SH603195,0.11844214797019958,EXP_LinearModel_Alpha158_csi300_custom_step0_s_20260521_15,086d4831a85d419b8af31cf730f609c9,0.093,,,
2236,2026-05-21,SH603019,-0.0009365379810333252,EXP_LinearModel_Alpha158_csi300_custom_step0_s_20260521_15,086d4831a85d419b8af31cf730f609c9,0.093,,,
2237,2026-05-21,SH601998,-0.0077520981431007385,EXP_LinearModel_Alpha158_csi300_custom_step0_s_20260521_15,086d4831a85d419b8af31cf730f609c9,0.093,,,
2238,2026-05-21,SH601995,0.1008910983800888,EXP_LinearModel_Alpha158_csi300_custom_step0_s_20260521_15,086d4831a85d419b8af31cf730f609c9,0.093,,,
2239,2026-05-21,SH601881,-0.042989641427993774,EXP_LinearModel_Alpha158_csi300_custom_step0_s_20260521_15,086d4831a85d419b8af31cf730f609c9,0.093,,,
2240,2026-05-21,SH601988,0.004858881235122681,EXP_LinearModel_Alpha158_csi300_custom_step0_s_20260521_15,086d4831a85d419b8af31cf730f609c9,0.093,,,
2241,2026-05-21,SH601939,0.029267698526382446,EXP_LinearModel_Alpha158_csi300_custom_step0_s_20260521_15,086d4831a85d419b8af31cf730f609c9,0.093,,,
2242,2026-05-21,SH601919,-0.00313490629196167,EXP_LinearModel_Alpha158_csi300_custom_step0_s_20260521_15,086d4831a85d419b8af31cf730f609c9,0.093,,,
2243,2026-05-21,SH601916,0.06086296588182449,EXP_LinearModel_Alpha158_csi300_custom_step0_s_20260521_15,086d4831a85d419b8af31cf730f609c9,0.093,,,
2244,2026-05-21,SH601901,0.00815555453300476,EXP_LinearModel_Alpha158_csi300_custom_step0_s_20260521_15,086d4831a85d419b8af31cf730f609c9,0.093,,,
2245,2026-05-21,SH601899,0.1257663369178772,EXP_LinearModel_Alpha158_csi300_custom_step0_s_20260521_15,086d4831a85d419b8af31cf730f609c9,0.093,,,
2246,2026-05-21,SH601898,-0.09115495532751083,EXP_LinearModel_Alpha158_csi300_custom_step0_s_20260521_15,086d4831a85d419b8af31cf730f609c9,0.093,,,
2247,2026-05-21,SH601985,-0.003178924322128296,EXP_LinearModel_Alpha158_csi300_custom_step0_s_20260521_15,086d4831a85d419b8af31cf730f609c9,0.093,,,
2248,2026-05-21,SH601919,0.01679895046145722,EXP_DEnsembleModel_Alpha158_csi300_custom_step0_s_20260521_16,2fcea84c08a442a3ab64e414f50e10e3,0.078,,,
2249,2026-05-21,SH601916,0.1526846866357213,EXP_DEnsembleModel_Alpha158_csi300_custom_step0_s_20260521_16,2fcea84c08a442a3ab64e414f50e10e3,0.078,,,
2250,2026-05-21,SH601901,0.005648279343522896,EXP_DEnsembleModel_Alpha158_csi300_custom_step0_s_20260521_16,2fcea84c08a442a3ab64e414f50e10e3,0.078,,,
2251,2026-05-21,SH601868,0.035321979869119016,EXP_CatBoostModel_Alpha158_csi300_custom_step0_s_20260521_18,bad851cd2d6a4c8c947979a33024e295,0.032,,,
2252,2026-05-21,SH601872,-0.06698260128950131,EXP_CatBoostModel_Alpha158_csi300_custom_step0_s_20260521_18,bad851cd2d6a4c8c947979a33024e295,0.032,,,
2253,2026-05-21,SH601877,0.016062458341731145,EXP_CatBoostModel_Alpha158_csi300_custom_step0_s_20260521_18,bad851cd2d6a4c8c947979a33024e295,0.032,,,
2254,2026-05-21,SH601878,0.004029012376273303,EXP_CatBoostModel_Alpha158_csi300_custom_step0_s_20260521_18,bad851cd2d6a4c8c947979a33024e295,0.032,,,
2255,2026-05-21,SH601881,-0.0014847301197368301,EXP_CatBoostModel_Alpha158_csi300_custom_step0_s_20260521_18,bad851cd2d6a4c8c947979a33024e295,0.032,,,
2256,2026-05-21,SH601888,0.04282199615045567,EXP_CatBoostModel_Alpha158_csi300_custom_step0_s_20260521_18,bad851cd2d6a4c8c947979a33024e295,0.032,,,
2257,2026-05-21,SH601898,-0.017899923373850633,EXP_CatBoostModel_Alpha158_csi300_custom_step0_s_20260521_18,bad851cd2d6a4c8c947979a33024e295,0.032,,,
2258,2026-05-21,SH601899,0.028155226734264818,EXP_CatBoostModel_Alpha158_csi300_custom_step0_s_20260521_18,bad851cd2d6a4c8c947979a33024e295,0.032,,,
2259,2026-05-21,SH601901,0.002210199181914863,EXP_CatBoostModel_Alpha158_csi300_custom_step0_s_20260521_18,bad851cd2d6a4c8c947979a33024e295,0.032,,,
2260,2026-05-21,SH601916,-0.02052012743599164,EXP_CatBoostModel_Alpha158_csi300_custom_step0_s_20260521_18,bad851cd2d6a4c8c947979a33024e295,0.032,,,
2261,2026-05-21,SH601919,-0.016130649009957358,EXP_CatBoostModel_Alpha158_csi300_custom_step0_s_20260521_18,bad851cd2d6a4c8c947979a33024e295,0.032,,,
2262,2026-05-21,SH601939,-0.0001749619120213062,EXP_CatBoostModel_Alpha158_csi300_custom_step0_s_20260521_18,bad851cd2d6a4c8c947979a33024e295,0.032,,,
2263,2026-05-21,SH601985,-0.016427106081062296,EXP_CatBoostModel_Alpha158_csi300_custom_step0_s_20260521_18,bad851cd2d6a4c8c947979a33024e295,0.032,,,
2264,2026-05-21,SH601988,-0.005671970547661187,EXP_CatBoostModel_Alpha158_csi300_custom_step0_s_20260521_18,bad851cd2d6a4c8c947979a33024e295,0.032,,,
2265,2026-05-21,SH601995,-0.005803538687040411,EXP_CatBoostModel_Alpha158_csi300_custom_step0_s_20260521_18,bad851cd2d6a4c8c947979a33024e295,0.032,,,
2266,2026-05-21,SH601998,-0.008675236130021522,EXP_CatBoostModel_Alpha158_csi300_custom_step0_s_20260521_18,bad851cd2d6a4c8c947979a33024e295,0.032,,,
2267,2026-05-21,SH603019,0.020213608900486603,EXP_CatBoostModel_Alpha158_csi300_custom_step0_s_20260521_18,bad851cd2d6a4c8c947979a33024e295,0.032,,,
2268,2026-05-21,SH605499,0.006320159738298254,EXP_CatBoostModel_Alpha158_csi300_custom_step0_s_20260521_18,bad851cd2d6a4c8c947979a33024e295,0.032,,,
2269,2026-05-21,SH605117,0.05607400157845508,EXP_CatBoostModel_Alpha158_csi300_custom_step0_s_20260521_18,bad851cd2d6a4c8c947979a33024e295,0.032,,,
2270,2026-05-21,SH603993,0.06643884624964856,EXP_CatBoostModel_Alpha158_csi300_custom_step0_s_20260521_18,bad851cd2d6a4c8c947979a33024e295,0.032,,,
2271,2026-05-21,SH603986,-0.36172021433250995,EXP_CatBoostModel_Alpha158_csi300_custom_step0_s_20260521_18,bad851cd2d6a4c8c947979a33024e295,0.032,,,
2272,2026-05-21,SH603893,-0.09902883121415304,EXP_CatBoostModel_Alpha158_csi300_custom_step0_s_20260521_18,bad851cd2d6a4c8c947979a33024e295,0.032,,,
2273,2026-05-21,SH603799,0.0007863778644038704,EXP_CatBoostModel_Alpha158_csi300_custom_step0_s_20260521_18,bad851cd2d6a4c8c947979a33024e295,0.032,,,
2274,2026-05-21,SH601857,-0.01853534897957954,EXP_CatBoostModel_Alpha158_csi300_custom_step0_s_20260521_18,bad851cd2d6a4c8c947979a33024e295,0.032,,,
2275,2026-05-21,SH603501,-0.015695153772180975,EXP_CatBoostModel_Alpha158_csi300_custom_step0_s_20260521_18,bad851cd2d6a4c8c947979a33024e295,0.032,,,
2276,2026-05-21,SH603369,0.005174258588880505,EXP_CatBoostModel_Alpha158_csi300_custom_step0_s_20260521_18,bad851cd2d6a4c8c947979a33024e295,0.032,,,
2277,2026-05-21,SH603296,-0.0815734756356101,EXP_CatBoostModel_Alpha158_csi300_custom_step0_s_20260521_18,bad851cd2d6a4c8c947979a33024e295,0.032,,,
2278,2026-05-21,SH603288,-0.02674659462106966,EXP_CatBoostModel_Alpha158_csi300_custom_step0_s_20260521_18,bad851cd2d6a4c8c947979a33024e295,0.032,,,
2279,2026-05-21,SH603260,0.023848717657709795,EXP_CatBoostModel_Alpha158_csi300_custom_step0_s_20260521_18,bad851cd2d6a4c8c947979a33024e295,0.032,,,
2280,2026-05-21,SH603259,0.01271824848553467,EXP_CatBoostModel_Alpha158_csi300_custom_step0_s_20260521_18,bad851cd2d6a4c8c947979a33024e295,0.032,,,
2281,2026-05-21,SH603195,0.0012929505134936011,EXP_CatBoostModel_Alpha158_csi300_custom_step0_s_20260521_18,bad851cd2d6a4c8c947979a33024e295,0.032,,,
2282,2026-05-21,SH603392,-0.003759552897237145,EXP_CatBoostModel_Alpha158_csi300_custom_step0_s_20260521_18,bad851cd2d6a4c8c947979a33024e295,0.032,,,
2283,2026-05-21,SH688008,-0.6803865544470861,EXP_CatBoostModel_Alpha158_csi300_custom_step0_s_20260521_18,bad851cd2d6a4c8c947979a33024e295,0.032,,,
2284,2026-05-21,SH601838,0.017508456160719325,EXP_CatBoostModel_Alpha158_csi300_custom_step0_s_20260521_18,bad851cd2d6a4c8c947979a33024e295,0.032,,,
2285,2026-05-21,SH601818,-0.0337673263935186,EXP_CatBoostModel_Alpha158_csi300_custom_step0_s_20260521_18,bad851cd2d6a4c8c947979a33024e295,0.032,,,
2286,2026-05-21,SH601236,-0.014147908514875917,EXP_CatBoostModel_Alpha158_csi300_custom_step0_s_20260521_18,bad851cd2d6a4c8c947979a33024e295,0.032,,,
2287,2026-05-21,SH601238,0.001212370013117647,EXP_CatBoostModel_Alpha158_csi300_custom_step0_s_20260521_18,bad851cd2d6a4c8c947979a33024e295,0.032,,,
2288,2026-05-21,SH601288,-0.017529735553231385,EXP_CatBoostModel_Alpha158_csi300_custom_step0_s_20260521_18,bad851cd2d6a4c8c947979a33024e295,0.032,,,
2289,2026-05-21,SH601298,-0.0038591547416991535,EXP_CatBoostModel_Alpha158_csi300_custom_step0_s_20260521_18,bad851cd2d6a4c8c947979a33024e295,0.032,,,
2290,2026-05-21,SH601318,-0.021414996591312668,EXP_CatBoostModel_Alpha158_csi300_custom_step0_s_20260521_18,bad851cd2d6a4c8c947979a33024e295,0.032,,,
2291,2026-05-21,SH601319,-0.013684530892598544,EXP_CatBoostModel_Alpha158_csi300_custom_step0_s_20260521_18,bad851cd2d6a4c8c947979a33024e295,0.032,,,
2292,2026-05-21,SH601328,-0.03376860237232843,EXP_CatBoostModel_Alpha158_csi300_custom_step0_s_20260521_18,bad851cd2d6a4c8c947979a33024e295,0.032,,,
2293,2026-05-21,SH601336,0.00599041901559344,EXP_CatBoostModel_Alpha158_csi300_custom_step0_s_20260521_18,bad851cd2d6a4c8c947979a33024e295,0.032,,,
2294,2026-05-21,SH601360,-0.008504082967597623,EXP_CatBoostModel_Alpha158_csi300_custom_step0_s_20260521_18,bad851cd2d6a4c8c947979a33024e295,0.032,,,
2295,2026-05-21,SH601377,0.008258436503900504,EXP_CatBoostModel_Alpha158_csi300_custom_step0_s_20260521_18,bad851cd2d6a4c8c947979a33024e295,0.032,,,
2296,2026-05-21,SH601390,-0.0023667607136759255,EXP_CatBoostModel_Alpha158_csi300_custom_step0_s_20260521_18,bad851cd2d6a4c8c947979a33024e295,0.032,,,
2297,2026-05-21,SH601398,-0.026537347709181872,EXP_CatBoostModel_Alpha158_csi300_custom_step0_s_20260521_18,bad851cd2d6a4c8c947979a33024e295,0.032,,,
2298,2026-05-21,SH601456,0.0010716159316565364,EXP_CatBoostModel_Alpha158_csi300_custom_step0_s_20260521_18,bad851cd2d6a4c8c947979a33024e295,0.032,,,
2299,2026-05-21,SH601600,-0.011629419804480779,EXP_CatBoostModel_Alpha158_csi300_custom_step0_s_20260521_18,bad851cd2d6a4c8c947979a33024e295,0.032,,,
2300,2026-05-21,SH601601,0.025232183311987472,EXP_CatBoostModel_Alpha158_csi300_custom_step0_s_20260521_18,bad851cd2d6a4c8c947979a33024e295,0.032,,,
2301,2026-05-21,SH601607,-0.02897698586462252,EXP_CatBoostModel_Alpha158_csi300_custom_step0_s_20260521_18,bad851cd2d6a4c8c947979a33024e295,0.032,,,
2302,2026-05-21,SH601618,-0.024766454010144105,EXP_CatBoostModel_Alpha158_csi300_custom_step0_s_20260521_18,bad851cd2d6a4c8c947979a33024e295,0.032,,,
2303,2026-05-21,SH601816,-0.031024141875163027,EXP_CatBoostModel_Alpha158_csi300_custom_step0_s_20260521_18,bad851cd2d6a4c8c947979a33024e295,0.032,,,
2304,2026-05-21,SH601808,0.00263035239050094,EXP_CatBoostModel_Alpha158_csi300_custom_step0_s_20260521_18,bad851cd2d6a4c8c947979a33024e295,0.032,,,
2305,2026-05-21,SH601800,-0.005705314969490327,EXP_CatBoostModel_Alpha158_csi300_custom_step0_s_20260521_18,bad851cd2d6a4c8c947979a33024e295,0.032,,,
2306,2026-05-21,SH601788,-0.0015986040934625088,EXP_CatBoostModel_Alpha158_csi300_custom_step0_s_20260521_18,bad851cd2d6a4c8c947979a33024e295,0.032,,,
2307,2026-05-21,SH601766,-0.03194176768279906,EXP_CatBoostModel_Alpha158_csi300_custom_step0_s_20260521_18,bad851cd2d6a4c8c947979a33024e295,0.032,,,
2308,2026-05-21,SH601728,0.0010623033531200069,EXP_CatBoostModel_Alpha158_csi300_custom_step0_s_20260521_18,bad851cd2d6a4c8c947979a33024e295,0.032,,,
2309,2026-05-21,SH601825,-0.029887271421071986,EXP_CatBoostModel_Alpha158_csi300_custom_step0_s_20260521_18,bad851cd2d6a4c8c947979a33024e295,0.032,,,
2310,2026-05-21,SH601698,0.10085562630867259,EXP_CatBoostModel_Alpha158_csi300_custom_step0_s_20260521_18,bad851cd2d6a4c8c947979a33024e295,0.032,,,
2311,2026-05-21,SH601688,0.02196687255022526,EXP_CatBoostModel_Alpha158_csi300_custom_step0_s_20260521_18,bad851cd2d6a4c8c947979a33024e295,0.032,,,
2312,2026-05-21,SH601669,-0.0012541393617973061,EXP_CatBoostModel_Alpha158_csi300_custom_step0_s_20260521_18,bad851cd2d6a4c8c947979a33024e295,0.032,,,
2313,2026-05-21,SH601668,-0.03195312689163833,EXP_CatBoostModel_Alpha158_csi300_custom_step0_s_20260521_18,bad851cd2d6a4c8c947979a33024e295,0.032,,,
2314,2026-05-21,SH601658,-0.02100078680513829,EXP_CatBoostModel_Alpha158_csi300_custom_step0_s_20260521_18,bad851cd2d6a4c8c947979a33024e295,0.032,,,
2315,2026-05-21,SH601633,-0.008362782407196996,EXP_CatBoostModel_Alpha158_csi300_custom_step0_s_20260521_18,bad851cd2d6a4c8c947979a33024e295,0.032,,,
2316,2026-05-21,SH601628,-0.01022890268184244,EXP_CatBoostModel_Alpha158_csi300_custom_step0_s_20260521_18,bad851cd2d6a4c8c947979a33024e295,0.032,,,
2317,2026-05-21,SH601689,0.004488940807578953,EXP_CatBoostModel_Alpha158_csi300_custom_step0_s_20260521_18,bad851cd2d6a4c8c947979a33024e295,0.032,,,
2318,2026-05-21,SH601229,-0.03107749254650663,EXP_CatBoostModel_Alpha158_csi300_custom_step0_s_20260521_18,bad851cd2d6a4c8c947979a33024e295,0.032,,,
2319,2026-05-21,SH688009,-0.0189744668932594,EXP_CatBoostModel_Alpha158_csi300_custom_step0_s_20260521_18,bad851cd2d6a4c8c947979a33024e295,0.032,,,
2320,2026-05-21,SH688036,0.03895936825470237,EXP_CatBoostModel_Alpha158_csi300_custom_step0_s_20260521_18,bad851cd2d6a4c8c947979a33024e295,0.032,,,
2321,2026-05-21,SZ000725,0.0017216779598982401,EXP_CatBoostModel_Alpha158_csi300_custom_step0_s_20260521_18,bad851cd2d6a4c8c947979a33024e295,0.032,,,
2322,2026-05-21,SZ000768,0.0024442517634832906,EXP_CatBoostModel_Alpha158_csi300_custom_step0_s_20260521_18,bad851cd2d6a4c8c947979a33024e295,0.032,,,
2323,2026-05-21,SZ000776,0.019429593951052072,EXP_CatBoostModel_Alpha158_csi300_custom_step0_s_20260521_18,bad851cd2d6a4c8c947979a33024e295,0.032,,,
2324,2026-05-21,SZ000786,-0.018009535005191757,EXP_CatBoostModel_Alpha158_csi300_custom_step0_s_20260521_18,bad851cd2d6a4c8c947979a33024e295,0.032,,,
2325,2026-05-21,SZ000792,0.07034753961645233,EXP_CatBoostModel_Alpha158_csi300_custom_step0_s_20260521_18,bad851cd2d6a4c8c947979a33024e295,0.032,,,
2326,2026-05-21,SZ000807,0.01825768380247575,EXP_CatBoostModel_Alpha158_csi300_custom_step0_s_20260521_18,bad851cd2d6a4c8c947979a33024e295,0.032,,,
2327,2026-05-21,SZ000858,-0.02208303308686188,EXP_CatBoostModel_Alpha158_csi300_custom_step0_s_20260521_18,bad851cd2d6a4c8c947979a33024e295,0.032,,,
2328,2026-05-21,SZ000876,-0.023841834122989774,EXP_CatBoostModel_Alpha158_csi300_custom_step0_s_20260521_18,bad851cd2d6a4c8c947979a33024e295,0.032,,,
2329,2026-05-21,SZ000895,-0.027973740554921696,EXP_CatBoostModel_Alpha158_csi300_custom_step0_s_20260521_18,bad851cd2d6a4c8c947979a33024e295,0.032,,,
2330,2026-05-21,SZ000938,0.02107958806878994,EXP_CatBoostModel_Alpha158_csi300_custom_step0_s_20260521_18,bad851cd2d6a4c8c947979a33024e295,0.032,,,
2331,2026-05-21,SZ000963,0.0030501499050438778,EXP_CatBoostModel_Alpha158_csi300_custom_step0_s_20260521_18,bad851cd2d6a4c8c947979a33024e295,0.032,,,
2332,2026-05-21,SZ000975,0.03915056453450755,EXP_CatBoostModel_Alpha158_csi300_custom_step0_s_20260521_18,bad851cd2d6a4c8c947979a33024e295,0.032,,,
2333,2026-05-21,SZ000977,0.010718101659327562,EXP_CatBoostModel_Alpha158_csi300_custom_step0_s_20260521_18,bad851cd2d6a4c8c947979a33024e295,0.032,,,
2334,2026-05-21,SZ000983,-0.013858248293469858,EXP_CatBoostModel_Alpha158_csi300_custom_step0_s_20260521_18,bad851cd2d6a4c8c947979a33024e295,0.032,,,
2335,2026-05-21,SZ000999,-0.025813585109670772,EXP_CatBoostModel_Alpha158_csi300_custom_step0_s_20260521_18,bad851cd2d6a4c8c947979a33024e295,0.032,,,
2336,2026-05-21,SZ001391,-0.015324881582077385,EXP_CatBoostModel_Alpha158_csi300_custom_step0_s_20260521_18,bad851cd2d6a4c8c947979a33024e295,0.032,,,
2337,2026-05-21,SZ001965,0.007589567519470035,EXP_CatBoostModel_Alpha158_csi300_custom_step0_s_20260521_18,bad851cd2d6a4c8c947979a33024e295,0.032,,,
2338,2026-05-21,SZ002304,-0.024387399105346437,EXP_CatBoostModel_Alpha158_csi300_custom_step0_s_20260521_18,bad851cd2d6a4c8c947979a33024e295,0.032,,,
2339,2026-05-21,SZ002252,-0.0344442296307858,EXP_CatBoostModel_Alpha158_csi300_custom_step0_s_20260521_18,bad851cd2d6a4c8c947979a33024e295,0.032,,,
2340,2026-05-21,SZ002241,0.012219055490909713,EXP_CatBoostModel_Alpha158_csi300_custom_step0_s_20260521_18,bad851cd2d6a4c8c947979a33024e295,0.032,,,
2341,2026-05-21,SZ002236,-0.018002595832374655,EXP_CatBoostModel_Alpha158_csi300_custom_step0_s_20260521_18,bad851cd2d6a4c8c947979a33024e295,0.032,,,
2342,2026-05-21,SZ002230,0.007851500779943423,EXP_CatBoostModel_Alpha158_csi300_custom_step0_s_20260521_18,bad851cd2d6a4c8c947979a33024e295,0.032,,,
2343,2026-05-21,SZ002179,-0.009635633214727051,EXP_CatBoostModel_Alpha158_csi300_custom_step0_s_20260521_18,bad851cd2d6a4c8c947979a33024e295,0.032,,,
2344,2026-05-21,SZ000708,-0.01915184030391834,EXP_CatBoostModel_Alpha158_csi300_custom_step0_s_20260521_18,bad851cd2d6a4c8c947979a33024e295,0.032,,,
2345,2026-05-21,SZ002142,-0.004900223171534384,EXP_CatBoostModel_Alpha158_csi300_custom_step0_s_20260521_18,bad851cd2d6a4c8c947979a33024e295,0.032,,,
2346,2026-05-21,SZ002050,-0.016998191400877133,EXP_CatBoostModel_Alpha158_csi300_custom_step0_s_20260521_18,bad851cd2d6a4c8c947979a33024e295,0.032,,,
2347,2026-05-21,SZ002049,-0.08434245376478168,EXP_CatBoostModel_Alpha158_csi300_custom_step0_s_20260521_18,bad851cd2d6a4c8c947979a33024e295,0.032,,,
2348,2026-05-21,SZ002028,-0.009212614978028262,EXP_CatBoostModel_Alpha158_csi300_custom_step0_s_20260521_18,bad851cd2d6a4c8c947979a33024e295,0.032,,,
2349,2026-05-21,SZ002027,-0.014551927296983102,EXP_CatBoostModel_Alpha158_csi300_custom_step0_s_20260521_18,bad851cd2d6a4c8c947979a33024e295,0.032,,,
2350,2026-05-21,SZ002001,0.04891068089393033,EXP_CatBoostModel_Alpha158_csi300_custom_step0_s_20260521_18,bad851cd2d6a4c8c947979a33024e295,0.032,,,
2351,2026-05-21,SZ001979,0.018141811505354863,EXP_CatBoostModel_Alpha158_csi300_custom_step0_s_20260521_18,bad851cd2d6a4c8c947979a33024e295,0.032,,,
2352,2026-05-21,SZ002074,-0.0287598568278971,EXP_CatBoostModel_Alpha158_csi300_custom_step0_s_20260521_18,bad851cd2d6a4c8c947979a33024e295,0.032,,,
2353,2026-05-21,SH688012,-0.565997448768999,EXP_CatBoostModel_Alpha158_csi300_custom_step0_s_20260521_18,bad851cd2d6a4c8c947979a33024e295,0.032,,,
2354,2026-05-21,SZ000661,-0.02510437630987779,EXP_CatBoostModel_Alpha158_csi300_custom_step0_s_20260521_18,bad851cd2d6a4c8c947979a33024e295,0.032,,,
2355,2026-05-21,SZ000630,0.12856427139447513,EXP_CatBoostModel_Alpha158_csi300_custom_step0_s_20260521_18,bad851cd2d6a4c8c947979a33024e295,0.032,,,
2356,2026-05-21,SH688041,-0.18994204315114224,EXP_CatBoostModel_Alpha158_csi300_custom_step0_s_20260521_18,bad851cd2d6a4c8c947979a33024e295,0.032,,,
2357,2026-05-21,SH688047,-0.014582542643194252,EXP_CatBoostModel_Alpha158_csi300_custom_step0_s_20260521_18,bad851cd2d6a4c8c947979a33024e295,0.032,,,
2358,2026-05-21,SH688082,-0.17934298834322465,EXP_CatBoostModel_Alpha158_csi300_custom_step0_s_20260521_18,bad851cd2d6a4c8c947979a33024e295,0.032,,,
2359,2026-05-21,SH688111,-0.03156377639048854,EXP_CatBoostModel_Alpha158_csi300_custom_step0_s_20260521_18,bad851cd2d6a4c8c947979a33024e295,0.032,,,
2360,2026-05-21,SH688126,-0.5887540238100772,EXP_CatBoostModel_Alpha158_csi300_custom_step0_s_20260521_18,bad851cd2d6a4c8c947979a33024e295,0.032,,,
2361,2026-05-21,SH688169,0.01908150313652456,EXP_CatBoostModel_Alpha158_csi300_custom_step0_s_20260521_18,bad851cd2d6a4c8c947979a33024e295,0.032,,,
2362,2026-05-21,SH688187,-0.11336946916194596,EXP_CatBoostModel_Alpha158_csi300_custom_step0_s_20260521_18,bad851cd2d6a4c8c947979a33024e295,0.032,,,
2363,2026-05-21,SH688223,-0.01585373970193881,EXP_CatBoostModel_Alpha158_csi300_custom_step0_s_20260521_18,bad851cd2d6a4c8c947979a33024e295,0.032,,,
2364,2026-05-21,SH688256,-0.3256064158004607,EXP_CatBoostModel_Alpha158_csi300_custom_step0_s_20260521_18,bad851cd2d6a4c8c947979a33024e295,0.032,,,
2365,2026-05-21,SH688271,-0.11676218292793732,EXP_CatBoostModel_Alpha158_csi300_custom_step0_s_20260521_18,bad851cd2d6a4c8c947979a33024e295,0.032,,,
2366,2026-05-21,SH688303,0.0181302569839681,EXP_CatBoostModel_Alpha158_csi300_custom_step0_s_20260521_18,bad851cd2d6a4c8c947979a33024e295,0.032,,,
2367,2026-05-21,SH688396,-0.14059815044004595,EXP_CatBoostModel_Alpha158_csi300_custom_step0_s_20260521_18,bad851cd2d6a4c8c947979a33024e295,0.032,,,
2368,2026-05-21,SH688472,-0.018420654773780763,EXP_CatBoostModel_Alpha158_csi300_custom_step0_s_20260521_18,bad851cd2d6a4c8c947979a33024e295,0.032,,,
2369,2026-05-21,SH688506,0.037939680596302254,EXP_CatBoostModel_Alpha158_csi300_custom_step0_s_20260521_18,bad851cd2d6a4c8c947979a33024e295,0.032,,,
2370,2026-05-21,SH688981,-0.2563528129481207,EXP_CatBoostModel_Alpha158_csi300_custom_step0_s_20260521_18,bad851cd2d6a4c8c947979a33024e295,0.032,,,
2371,2026-05-21,SZ000001,-0.03167667494599142,EXP_CatBoostModel_Alpha158_csi300_custom_step0_s_20260521_18,bad851cd2d6a4c8c947979a33024e295,0.032,,,
2372,2026-05-21,SZ000002,0.0379071830577428,EXP_CatBoostModel_Alpha158_csi300_custom_step0_s_20260521_18,bad851cd2d6a4c8c947979a33024e295,0.032,,,
2373,2026-05-21,SZ000625,0.046036256996831004,EXP_CatBoostModel_Alpha158_csi300_custom_step0_s_20260521_18,bad851cd2d6a4c8c947979a33024e295,0.032,,,
2374,2026-05-21,SZ000617,0.06363409748865483,EXP_CatBoostModel_Alpha158_csi300_custom_step0_s_20260521_18,bad851cd2d6a4c8c947979a33024e295,0.032,,,
2375,2026-05-21,SZ000596,0.0015615426752987938,EXP_CatBoostModel_Alpha158_csi300_custom_step0_s_20260521_18,bad851cd2d6a4c8c947979a33024e295,0.032,,,
2376,2026-05-21,SZ000568,-0.01478142156049354,EXP_CatBoostModel_Alpha158_csi300_custom_step0_s_20260521_18,bad851cd2d6a4c8c947979a33024e295,0.032,,,
2377,2026-05-21,SZ000538,-0.0376222123746909,EXP_CatBoostModel_Alpha158_csi300_custom_step0_s_20260521_18,bad851cd2d6a4c8c947979a33024e295,0.032,,,
2378,2026-05-21,SZ000425,0.028219011049286816,EXP_CatBoostModel_Alpha158_csi300_custom_step0_s_20260521_18,bad851cd2d6a4c8c947979a33024e295,0.032,,,
2379,2026-05-21,SZ000651,-0.03792760157506652,EXP_CatBoostModel_Alpha158_csi300_custom_step0_s_20260521_18,bad851cd2d6a4c8c947979a33024e295,0.032,,,
2380,2026-05-21,SZ000408,0.0441353345139866,EXP_CatBoostModel_Alpha158_csi300_custom_step0_s_20260521_18,bad851cd2d6a4c8c947979a33024e295,0.032,,,
2381,2026-05-21,SZ000333,0.00272714766536224,EXP_CatBoostModel_Alpha158_csi300_custom_step0_s_20260521_18,bad851cd2d6a4c8c947979a33024e295,0.032,,,
2382,2026-05-21,SZ000301,0.018813115583704087,EXP_CatBoostModel_Alpha158_csi300_custom_step0_s_20260521_18,bad851cd2d6a4c8c947979a33024e295,0.032,,,
2383,2026-05-21,SZ000166,0.0012911460539680394,EXP_CatBoostModel_Alpha158_csi300_custom_step0_s_20260521_18,bad851cd2d6a4c8c947979a33024e295,0.032,,,
2384,2026-05-21,SZ000157,0.05131243155592375,EXP_CatBoostModel_Alpha158_csi300_custom_step0_s_20260521_18,bad851cd2d6a4c8c947979a33024e295,0.032,,,
2385,2026-05-21,SZ000100,-0.09449809987424976,EXP_CatBoostModel_Alpha158_csi300_custom_step0_s_20260521_18,bad851cd2d6a4c8c947979a33024e295,0.032,,,
2386,2026-05-21,SZ000063,-0.0014502191594011511,EXP_CatBoostModel_Alpha158_csi300_custom_step0_s_20260521_18,bad851cd2d6a4c8c947979a33024e295,0.032,,,
2387,2026-05-21,SZ000338,-0.14261393626428004,EXP_CatBoostModel_Alpha158_csi300_custom_step0_s_20260521_18,bad851cd2d6a4c8c947979a33024e295,0.032,,,
2388,2026-05-21,SH601225,-0.026916009189857953,EXP_CatBoostModel_Alpha158_csi300_custom_step0_s_20260521_18,bad851cd2d6a4c8c947979a33024e295,0.032,,,
2389,2026-05-21,SH601211,0.01141541741729249,EXP_CatBoostModel_Alpha158_csi300_custom_step0_s_20260521_18,bad851cd2d6a4c8c947979a33024e295,0.032,,,
2390,2026-05-21,SH601186,-0.027057817343917084,EXP_CatBoostModel_Alpha158_csi300_custom_step0_s_20260521_18,bad851cd2d6a4c8c947979a33024e295,0.032,,,
2391,2026-05-21,SZ302132,-0.010306981313070005,EXP_CatBoostModel_Alpha158_csi300_custom_step0_s_20260521_18,a49c3a9eb16049e4ad38ede961a5a4c0,0.052,,,
2392,2026-05-21,SH600000,-0.03232242255764581,EXP_CatBoostModel_Alpha158_csi300_custom_step0_s_20260521_18,bad851cd2d6a4c8c947979a33024e295,0.032,,,
2393,2026-05-21,SH600009,-0.03068887941294599,EXP_CatBoostModel_Alpha158_csi300_custom_step0_s_20260521_18,bad851cd2d6a4c8c947979a33024e295,0.032,,,
2394,2026-05-21,SH600010,-0.006786410478328631,EXP_CatBoostModel_Alpha158_csi300_custom_step0_s_20260521_18,bad851cd2d6a4c8c947979a33024e295,0.032,,,
2395,2026-05-21,SH600011,0.003033929770281084,EXP_CatBoostModel_Alpha158_csi300_custom_step0_s_20260521_18,bad851cd2d6a4c8c947979a33024e295,0.032,,,
2396,2026-05-21,SH600015,-0.03269567903200937,EXP_CatBoostModel_Alpha158_csi300_custom_step0_s_20260521_18,bad851cd2d6a4c8c947979a33024e295,0.032,,,
2397,2026-05-21,SH600016,-0.025764138435936376,EXP_CatBoostModel_Alpha158_csi300_custom_step0_s_20260521_18,bad851cd2d6a4c8c947979a33024e295,0.032,,,
2398,2026-05-21,SH600018,-0.008698155801493482,EXP_CatBoostModel_Alpha158_csi300_custom_step0_s_20260521_18,bad851cd2d6a4c8c947979a33024e295,0.032,,,
2399,2026-05-21,SH600019,-0.024078863110651622,EXP_CatBoostModel_Alpha158_csi300_custom_step0_s_20260521_18,bad851cd2d6a4c8c947979a33024e295,0.032,,,
2400,2026-05-21,SH600023,-0.04005565844622366,EXP_CatBoostModel_Alpha158_csi300_custom_step0_s_20260521_18,bad851cd2d6a4c8c947979a33024e295,0.032,,,
2401,2026-05-21,SH600025,-0.02131168529082186,EXP_CatBoostModel_Alpha158_csi300_custom_step0_s_20260521_18,bad851cd2d6a4c8c947979a33024e295,0.032,,,
2402,2026-05-21,SH600026,-0.020122440224350745,EXP_CatBoostModel_Alpha158_csi300_custom_step0_s_20260521_18,bad851cd2d6a4c8c947979a33024e295,0.032,,,
2403,2026-05-21,SH600027,0.01850313432544546,EXP_CatBoostModel_Alpha158_csi300_custom_step0_s_20260521_18,bad851cd2d6a4c8c947979a33024e295,0.032,,,
2404,2026-05-21,SH600028,-0.006574557735223492,EXP_CatBoostModel_Alpha158_csi300_custom_step0_s_20260521_18,bad851cd2d6a4c8c947979a33024e295,0.032,,,
2405,2026-05-21,SH600029,-0.012222665421860061,EXP_CatBoostModel_Alpha158_csi300_custom_step0_s_20260521_18,bad851cd2d6a4c8c947979a33024e295,0.032,,,
2406,2026-05-21,SH600030,0.015379025753065677,EXP_CatBoostModel_Alpha158_csi300_custom_step0_s_20260521_18,bad851cd2d6a4c8c947979a33024e295,0.032,,,
2407,2026-05-21,SH600031,0.10491343486391698,EXP_CatBoostModel_Alpha158_csi300_custom_step0_s_20260521_18,bad851cd2d6a4c8c947979a33024e295,0.032,,,
2408,2026-05-21,SH600161,0.0022284084106929934,EXP_CatBoostModel_Alpha158_csi300_custom_step0_s_20260521_18,bad851cd2d6a4c8c947979a33024e295,0.032,,,
2409,2026-05-21,SH600160,0.04396542389778085,EXP_CatBoostModel_Alpha158_csi300_custom_step0_s_20260521_18,bad851cd2d6a4c8c947979a33024e295,0.032,,,
2410,2026-05-21,SH600150,0.00048644186523283926,EXP_CatBoostModel_Alpha158_csi300_custom_step0_s_20260521_18,bad851cd2d6a4c8c947979a33024e295,0.032,,,
2411,2026-05-21,SH600115,0.011527505252784065,EXP_CatBoostModel_Alpha158_csi300_custom_step0_s_20260521_18,bad851cd2d6a4c8c947979a33024e295,0.032,,,
2412,2026-05-21,SH600111,-0.03342950882110062,EXP_CatBoostModel_Alpha158_csi300_custom_step0_s_20260521_18,bad851cd2d6a4c8c947979a33024e295,0.032,,,
2413,2026-05-21,SH600104,-0.018863897287438106,EXP_CatBoostModel_Alpha158_csi300_custom_step0_s_20260521_18,bad851cd2d6a4c8c947979a33024e295,0.032,,,
2414,2026-05-21,SZ301269,-0.0008369177763579787,EXP_CatBoostModel_Alpha158_csi300_custom_step0_s_20260521_18,a49c3a9eb16049e4ad38ede961a5a4c0,0.052,,,
2415,2026-05-21,SH600089,-0.015313529371702942,EXP_CatBoostModel_Alpha158_csi300_custom_step0_s_20260521_18,bad851cd2d6a4c8c947979a33024e295,0.032,,,
2416,2026-05-21,SH600066,0.028003590486980035,EXP_CatBoostModel_Alpha158_csi300_custom_step0_s_20260521_18,bad851cd2d6a4c8c947979a33024e295,0.032,,,
2417,2026-05-21,SH600061,0.010332891423670488,EXP_CatBoostModel_Alpha158_csi300_custom_step0_s_20260521_18,bad851cd2d6a4c8c947979a33024e295,0.032,,,
2418,2026-05-21,SH600050,-0.021440820140554206,EXP_CatBoostModel_Alpha158_csi300_custom_step0_s_20260521_18,bad851cd2d6a4c8c947979a33024e295,0.032,,,
2419,2026-05-21,SH600048,-0.0007208579962497088,EXP_CatBoostModel_Alpha158_csi300_custom_step0_s_20260521_18,bad851cd2d6a4c8c947979a33024e295,0.032,,,
2420,2026-05-21,SH600039,-0.007634413218105768,EXP_CatBoostModel_Alpha158_csi300_custom_step0_s_20260521_18,bad851cd2d6a4c8c947979a33024e295,0.032,,,
2421,2026-05-21,SH600036,-0.03681172966167741,EXP_CatBoostModel_Alpha158_csi300_custom_step0_s_20260521_18,bad851cd2d6a4c8c947979a33024e295,0.032,,,
2422,2026-05-21,SH600085,-0.02755186544736743,EXP_CatBoostModel_Alpha158_csi300_custom_step0_s_20260521_18,bad851cd2d6a4c8c947979a33024e295,0.032,,,
2423,2026-05-21,SH600176,-0.03036136222009274,EXP_CatBoostModel_Alpha158_csi300_custom_step0_s_20260521_18,bad851cd2d6a4c8c947979a33024e295,0.032,,,
2424,2026-05-21,SZ301236,-0.0017241104878875592,EXP_CatBoostModel_Alpha158_csi300_custom_step0_s_20260521_18,a49c3a9eb16049e4ad38ede961a5a4c0,0.052,,,
2425,2026-05-21,SZ300979,0.00018943267678646803,EXP_CatBoostModel_Alpha158_csi300_custom_step0_s_20260521_18,a49c3a9eb16049e4ad38ede961a5a4c0,0.052,,,
2426,2026-05-21,SZ003816,-0.008150036537395922,EXP_CatBoostModel_Alpha158_csi300_custom_step0_s_20260521_18,a49c3a9eb16049e4ad38ede961a5a4c0,0.052,,,
2427,2026-05-21,SZ300014,-0.0017241104878875592,EXP_CatBoostModel_Alpha158_csi300_custom_step0_s_20260521_18,a49c3a9eb16049e4ad38ede961a5a4c0,0.052,,,
2428,2026-05-21,SZ300015,-0.0017241104878875592,EXP_CatBoostModel_Alpha158_csi300_custom_step0_s_20260521_18,a49c3a9eb16049e4ad38ede961a5a4c0,0.052,,,
2429,2026-05-21,SZ300033,-0.0008369177763579787,EXP_CatBoostModel_Alpha158_csi300_custom_step0_s_20260521_18,a49c3a9eb16049e4ad38ede961a5a4c0,0.052,,,
2430,2026-05-21,SZ300059,-0.0008369177763579787,EXP_CatBoostModel_Alpha158_csi300_custom_step0_s_20260521_18,a49c3a9eb16049e4ad38ede961a5a4c0,0.052,,,
2431,2026-05-21,SZ300122,-0.0009667542060788963,EXP_CatBoostModel_Alpha158_csi300_custom_step0_s_20260521_18,a49c3a9eb16049e4ad38ede961a5a4c0,0.052,,,
2432,2026-05-21,SZ300124,-0.0022588932042611433,EXP_CatBoostModel_Alpha158_csi300_custom_step0_s_20260521_18,a49c3a9eb16049e4ad38ede961a5a4c0,0.052,,,
2433,2026-05-21,SZ300251,-0.010306981313070005,EXP_CatBoostModel_Alpha158_csi300_custom_step0_s_20260521_18,a49c3a9eb16049e4ad38ede961a5a4c0,0.052,,,
2434,2026-05-21,SZ300274,-7.956149454931578e-05,EXP_CatBoostModel_Alpha158_csi300_custom_step0_s_20260521_18,a49c3a9eb16049e4ad38ede961a5a4c0,0.052,,,
2435,2026-05-21,SZ300308,0.010406411268851105,EXP_CatBoostModel_Alpha158_csi300_custom_step0_s_20260521_18,a49c3a9eb16049e4ad38ede961a5a4c0,0.052,,,
2436,2026-05-21,SZ300316,-0.0017241104878875592,EXP_CatBoostModel_Alpha158_csi300_custom_step0_s_20260521_18,a49c3a9eb16049e4ad38ede961a5a4c0,0.052,,,
2437,2026-05-21,SZ300347,-0.003949897826067798,EXP_CatBoostModel_Alpha158_csi300_custom_step0_s_20260521_18,a49c3a9eb16049e4ad38ede961a5a4c0,0.052,,,
2438,2026-05-21,SZ300394,-0.001946750522370379,EXP_CatBoostModel_Alpha158_csi300_custom_step0_s_20260521_18,a49c3a9eb16049e4ad38ede961a5a4c0,0.052,,,
2439,2026-05-21,SZ300408,-0.0077774024016664025,EXP_CatBoostModel_Alpha158_csi300_custom_step0_s_20260521_18,a49c3a9eb16049e4ad38ede961a5a4c0,0.052,,,
2440,2026-05-21,SZ300413,-0.010306981313070005,EXP_CatBoostModel_Alpha158_csi300_custom_step0_s_20260521_18,a49c3a9eb16049e4ad38ede961a5a4c0,0.052,,,
2441,2026-05-21,SZ300418,-0.001946750522370379,EXP_CatBoostModel_Alpha158_csi300_custom_step0_s_20260521_18,a49c3a9eb16049e4ad38ede961a5a4c0,0.052,,,
2442,2026-05-21,SZ300433,-0.0008369177763579787,EXP_CatBoostModel_Alpha158_csi300_custom_step0_s_20260521_18,a49c3a9eb16049e4ad38ede961a5a4c0,0.052,,,
2443,2026-05-21,SZ300896,-0.010306981313070005,EXP_CatBoostModel_Alpha158_csi300_custom_step0_s_20260521_18,a49c3a9eb16049e4ad38ede961a5a4c0,0.052,,,
2444,2026-05-21,SZ300866,-0.0017241104878875592,EXP_CatBoostModel_Alpha158_csi300_custom_step0_s_20260521_18,a49c3a9eb16049e4ad38ede961a5a4c0,0.052,,,
2445,2026-05-21,SZ300832,-0.0017241104878875592,EXP_CatBoostModel_Alpha158_csi300_custom_step0_s_20260521_18,a49c3a9eb16049e4ad38ede961a5a4c0,0.052,,,
2446,2026-05-21,SZ300803,-0.003949897826067798,EXP_CatBoostModel_Alpha158_csi300_custom_step0_s_20260521_18,a49c3a9eb16049e4ad38ede961a5a4c0,0.052,,,
2447,2026-05-21,SZ300782,-0.0008369177763579787,EXP_CatBoostModel_Alpha158_csi300_custom_step0_s_20260521_18,a49c3a9eb16049e4ad38ede961a5a4c0,0.052,,,
2448,2026-05-21,SZ300760,-0.0008369177763579787,EXP_CatBoostModel_Alpha158_csi300_custom_step0_s_20260521_18,a49c3a9eb16049e4ad38ede961a5a4c0,0.052,,,
2449,2026-05-21,SZ300999,-0.00957821777921736,EXP_CatBoostModel_Alpha158_csi300_custom_step0_s_20260521_18,a49c3a9eb16049e4ad38ede961a5a4c0,0.052,,,
2450,2026-05-21,SZ300759,-0.0017241104878875592,EXP_CatBoostModel_Alpha158_csi300_custom_step0_s_20260521_18,a49c3a9eb16049e4ad38ede961a5a4c0,0.052,,,
2451,2026-05-21,SZ300661,0.005832631089036391,EXP_CatBoostModel_Alpha158_csi300_custom_step0_s_20260521_18,a49c3a9eb16049e4ad38ede961a5a4c0,0.052,,,
2452,2026-05-21,SZ300628,-0.0017241104878875592,EXP_CatBoostModel_Alpha158_csi300_custom_step0_s_20260521_18,a49c3a9eb16049e4ad38ede961a5a4c0,0.052,,,
2453,2026-05-21,SZ300502,-0.001946750522370379,EXP_CatBoostModel_Alpha158_csi300_custom_step0_s_20260521_18,a49c3a9eb16049e4ad38ede961a5a4c0,0.052,,,
2454,2026-05-21,SZ300498,-0.001946750522370379,EXP_CatBoostModel_Alpha158_csi300_custom_step0_s_20260521_18,a49c3a9eb16049e4ad38ede961a5a4c0,0.052,,,
2455,2026-05-21,SZ300476,-0.0017241104878875592,EXP_CatBoostModel_Alpha158_csi300_custom_step0_s_20260521_18,a49c3a9eb16049e4ad38ede961a5a4c0,0.052,,,
2456,2026-05-21,SZ300442,-0.001946750522370379,EXP_CatBoostModel_Alpha158_csi300_custom_step0_s_20260521_18,a49c3a9eb16049e4ad38ede961a5a4c0,0.052,,,
2457,2026-05-21,SZ300750,-0.001946750522370379,EXP_CatBoostModel_Alpha158_csi300_custom_step0_s_20260521_18,a49c3a9eb16049e4ad38ede961a5a4c0,0.052,,,
2458,2026-05-21,SH600183,-0.3978359368138305,EXP_CatBoostModel_Alpha158_csi300_custom_step0_s_20260521_18,bad851cd2d6a4c8c947979a33024e295,0.032,,,
2459,2026-05-21,SH600188,0.014170085411687511,EXP_CatBoostModel_Alpha158_csi300_custom_step0_s_20260521_18,bad851cd2d6a4c8c947979a33024e295,0.032,,,
2460,2026-05-21,SH600196,-0.030484530865484506,EXP_CatBoostModel_Alpha158_csi300_custom_step0_s_20260521_18,bad851cd2d6a4c8c947979a33024e295,0.032,,,
2461,2026-05-21,SH600887,-0.004531752572970357,EXP_CatBoostModel_Alpha158_csi300_custom_step0_s_20260521_18,bad851cd2d6a4c8c947979a33024e295,0.032,,,
2462,2026-05-21,SH600893,0.004631792596515415,EXP_CatBoostModel_Alpha158_csi300_custom_step0_s_20260521_18,bad851cd2d6a4c8c947979a33024e295,0.032,,,
2463,2026-05-21,SH600900,-0.019132717147837697,EXP_CatBoostModel_Alpha158_csi300_custom_step0_s_20260521_18,bad851cd2d6a4c8c947979a33024e295,0.032,,,
2464,2026-05-21,SH600905,-0.005665260452730008,EXP_CatBoostModel_Alpha158_csi300_custom_step0_s_20260521_18,bad851cd2d6a4c8c947979a33024e295,0.032,,,
2465,2026-05-21,SH600918,-0.004057411120768644,EXP_CatBoostModel_Alpha158_csi300_custom_step0_s_20260521_18,bad851cd2d6a4c8c947979a33024e295,0.032,,,
2466,2026-05-21,SH600919,0.009662422818333474,EXP_CatBoostModel_Alpha158_csi300_custom_step0_s_20260521_18,bad851cd2d6a4c8c947979a33024e295,0.032,,,
2467,2026-05-21,SH600926,-0.034687542188506136,EXP_CatBoostModel_Alpha158_csi300_custom_step0_s_20260521_18,bad851cd2d6a4c8c947979a33024e295,0.032,,,
2468,2026-05-21,SH600930,0.004625715852679239,EXP_CatBoostModel_Alpha158_csi300_custom_step0_s_20260521_18,bad851cd2d6a4c8c947979a33024e295,0.032,,,
2469,2026-05-21,SH600938,-0.02272435098058006,EXP_CatBoostModel_Alpha158_csi300_custom_step0_s_20260521_18,bad851cd2d6a4c8c947979a33024e295,0.032,,,
2470,2026-05-21,SH600941,-0.005724743702523842,EXP_CatBoostModel_Alpha158_csi300_custom_step0_s_20260521_18,bad851cd2d6a4c8c947979a33024e295,0.032,,,
2471,2026-05-21,SH600958,-0.030253094074137017,EXP_CatBoostModel_Alpha158_csi300_custom_step0_s_20260521_18,bad851cd2d6a4c8c947979a33024e295,0.032,,,
2472,2026-05-21,SH600989,0.033321823736994126,EXP_CatBoostModel_Alpha158_csi300_custom_step0_s_20260521_18,bad851cd2d6a4c8c947979a33024e295,0.032,,,
2473,2026-05-21,SH600999,-0.04872633769548252,EXP_CatBoostModel_Alpha158_csi300_custom_step0_s_20260521_18,bad851cd2d6a4c8c947979a33024e295,0.032,,,
2474,2026-05-21,SH601006,0.000718031959503996,EXP_CatBoostModel_Alpha158_csi300_custom_step0_s_20260521_18,bad851cd2d6a4c8c947979a33024e295,0.032,,,
2475,2026-05-21,SH601009,-0.029056945640286876,EXP_CatBoostModel_Alpha158_csi300_custom_step0_s_20260521_18,bad851cd2d6a4c8c947979a33024e295,0.032,,,
2476,2026-05-21,SH601012,0.007503739933063487,EXP_CatBoostModel_Alpha158_csi300_custom_step0_s_20260521_18,bad851cd2d6a4c8c947979a33024e295,0.032,,,
2477,2026-05-21,SH601018,0.014565224619355983,EXP_CatBoostModel_Alpha158_csi300_custom_step0_s_20260521_18,bad851cd2d6a4c8c947979a33024e295,0.032,,,
2478,2026-05-21,SH601169,-0.0353978651757025,EXP_CatBoostModel_Alpha158_csi300_custom_step0_s_20260521_18,bad851cd2d6a4c8c947979a33024e295,0.032,,,
2479,2026-05-21,SH601166,-0.03603014986315149,EXP_CatBoostModel_Alpha158_csi300_custom_step0_s_20260521_18,bad851cd2d6a4c8c947979a33024e295,0.032,,,
2480,2026-05-21,SH601138,-0.017378871750761277,EXP_CatBoostModel_Alpha158_csi300_custom_step0_s_20260521_18,bad851cd2d6a4c8c947979a33024e295,0.032,,,
2481,2026-05-21,SH601136,0.005689651656147082,EXP_CatBoostModel_Alpha158_csi300_custom_step0_s_20260521_18,bad851cd2d6a4c8c947979a33024e295,0.032,,,
2482,2026-05-21,SH601127,0.08329671439875284,EXP_CatBoostModel_Alpha158_csi300_custom_step0_s_20260521_18,bad851cd2d6a4c8c947979a33024e295,0.032,,,
2483,2026-05-21,SH601117,-0.028582467132904837,EXP_CatBoostModel_Alpha158_csi300_custom_step0_s_20260521_18,bad851cd2d6a4c8c947979a33024e295,0.032,,,
2484,2026-05-21,SH600886,-0.010288880126224188,EXP_CatBoostModel_Alpha158_csi300_custom_step0_s_20260521_18,bad851cd2d6a4c8c947979a33024e295,0.032,,,
2485,2026-05-21,SH601111,-0.025859913188063906,EXP_CatBoostModel_Alpha158_csi300_custom_step0_s_20260521_18,bad851cd2d6a4c8c947979a33024e295,0.032,,,
2486,2026-05-21,SH601088,-0.02564288267776558,EXP_CatBoostModel_Alpha158_csi300_custom_step0_s_20260521_18,bad851cd2d6a4c8c947979a33024e295,0.032,,,
2487,2026-05-21,SH601077,-0.0318432209153939,EXP_CatBoostModel_Alpha158_csi300_custom_step0_s_20260521_18,bad851cd2d6a4c8c947979a33024e295,0.032,,,
2488,2026-05-21,SH601066,0.011794726577811776,EXP_CatBoostModel_Alpha158_csi300_custom_step0_s_20260521_18,bad851cd2d6a4c8c947979a33024e295,0.032,,,
2489,2026-05-21,SH601059,-0.00615111824150877,EXP_CatBoostModel_Alpha158_csi300_custom_step0_s_20260521_18,bad851cd2d6a4c8c947979a33024e295,0.032,,,
2490,2026-05-21,SH601058,0.009833085411898023,EXP_CatBoostModel_Alpha158_csi300_custom_step0_s_20260521_18,bad851cd2d6a4c8c947979a33024e295,0.032,,,
2491,2026-05-21,SH601021,0.008102969278860955,EXP_CatBoostModel_Alpha158_csi300_custom_step0_s_20260521_18,bad851cd2d6a4c8c947979a33024e295,0.032,,,
2492,2026-05-21,SH601100,0.016568674049859972,EXP_CatBoostModel_Alpha158_csi300_custom_step0_s_20260521_18,bad851cd2d6a4c8c947979a33024e295,0.032,,,
2493,2026-05-21,SH600875,-0.011557786827848485,EXP_CatBoostModel_Alpha158_csi300_custom_step0_s_20260521_18,bad851cd2d6a4c8c947979a33024e295,0.032,,,
2494,2026-05-21,SH600845,-0.029812472761025246,EXP_CatBoostModel_Alpha158_csi300_custom_step0_s_20260521_18,bad851cd2d6a4c8c947979a33024e295,0.032,,,
2495,2026-05-21,SH600809,0.0008506049597638949,EXP_CatBoostModel_Alpha158_csi300_custom_step0_s_20260521_18,bad851cd2d6a4c8c947979a33024e295,0.032,,,
2496,2026-05-21,SH600460,-0.09550410552291491,EXP_CatBoostModel_Alpha158_csi300_custom_step0_s_20260521_18,bad851cd2d6a4c8c947979a33024e295,0.032,,,
2497,2026-05-21,SH600438,0.050474936532167905,EXP_CatBoostModel_Alpha158_csi300_custom_step0_s_20260521_18,bad851cd2d6a4c8c947979a33024e295,0.032,,,
2498,2026-05-21,SH600436,-0.00618111728139261,EXP_CatBoostModel_Alpha158_csi300_custom_step0_s_20260521_18,bad851cd2d6a4c8c947979a33024e295,0.032,,,
2499,2026-05-21,SH600426,0.12034745858898237,EXP_CatBoostModel_Alpha158_csi300_custom_step0_s_20260521_18,bad851cd2d6a4c8c947979a33024e295,0.032,,,
2500,2026-05-21,SH600415,-0.0034326178138020585,EXP_CatBoostModel_Alpha158_csi300_custom_step0_s_20260521_18,bad851cd2d6a4c8c947979a33024e295,0.032,,,
2501,2026-05-21,SH600406,-0.016921373123926893,EXP_CatBoostModel_Alpha158_csi300_custom_step0_s_20260521_18,bad851cd2d6a4c8c947979a33024e295,0.032,,,
2502,2026-05-21,SH600482,0.034939173923722755,EXP_CatBoostModel_Alpha158_csi300_custom_step0_s_20260521_18,bad851cd2d6a4c8c947979a33024e295,0.032,,,
2503,2026-05-21,SH600377,0.006426074915187064,EXP_CatBoostModel_Alpha158_csi300_custom_step0_s_20260521_18,bad851cd2d6a4c8c947979a33024e295,0.032,,,
2504,2026-05-21,SH600362,0.00959844235675053,EXP_CatBoostModel_Alpha158_csi300_custom_step0_s_20260521_18,bad851cd2d6a4c8c947979a33024e295,0.032,,,
2505,2026-05-21,SH600346,0.10371249563256084,EXP_CatBoostModel_Alpha158_csi300_custom_step0_s_20260521_18,bad851cd2d6a4c8c947979a33024e295,0.032,,,
2506,2026-05-21,SH600309,-0.018084776889547984,EXP_CatBoostModel_Alpha158_csi300_custom_step0_s_20260521_18,bad851cd2d6a4c8c947979a33024e295,0.032,,,
2507,2026-05-21,SH600276,0.010877600299745372,EXP_CatBoostModel_Alpha158_csi300_custom_step0_s_20260521_18,bad851cd2d6a4c8c947979a33024e295,0.032,,,
2508,2026-05-21,SH600233,-0.01714184954260198,EXP_CatBoostModel_Alpha158_csi300_custom_step0_s_20260521_18,bad851cd2d6a4c8c947979a33024e295,0.032,,,
2509,2026-05-21,SH600219,0.0420315943891551,EXP_CatBoostModel_Alpha158_csi300_custom_step0_s_20260521_18,bad851cd2d6a4c8c947979a33024e295,0.032,,,
2510,2026-05-21,SH600372,0.029846002721612672,EXP_CatBoostModel_Alpha158_csi300_custom_step0_s_20260521_18,bad851cd2d6a4c8c947979a33024e295,0.032,,,
2511,2026-05-21,SZ002311,-0.009099656091408476,EXP_CatBoostModel_Alpha158_csi300_custom_step0_s_20260521_18,bad851cd2d6a4c8c947979a33024e295,0.032,,,
2512,2026-05-21,SH600489,0.044780077995108365,EXP_CatBoostModel_Alpha158_csi300_custom_step0_s_20260521_18,bad851cd2d6a4c8c947979a33024e295,0.032,,,
2513,2026-05-21,SH600519,-0.03580190211010467,EXP_CatBoostModel_Alpha158_csi300_custom_step0_s_20260521_18,bad851cd2d6a4c8c947979a33024e295,0.032,,,
2514,2026-05-21,SH600803,-0.026637510540462397,EXP_CatBoostModel_Alpha158_csi300_custom_step0_s_20260521_18,bad851cd2d6a4c8c947979a33024e295,0.032,,,
2515,2026-05-21,SH600795,-0.004152051637917095,EXP_CatBoostModel_Alpha158_csi300_custom_step0_s_20260521_18,bad851cd2d6a4c8c947979a33024e295,0.032,,,
2516,2026-05-21,SH600760,-0.028840698868992206,EXP_CatBoostModel_Alpha158_csi300_custom_step0_s_20260521_18,bad851cd2d6a4c8c947979a33024e295,0.032,,,
2517,2026-05-21,SH600741,0.014433617303209379,EXP_CatBoostModel_Alpha158_csi300_custom_step0_s_20260521_18,bad851cd2d6a4c8c947979a33024e295,0.032,,,
2518,2026-05-21,SH600690,-0.012961028459469833,EXP_CatBoostModel_Alpha158_csi300_custom_step0_s_20260521_18,bad851cd2d6a4c8c947979a33024e295,0.032,,,
2519,2026-05-21,SH600674,-0.01466974107831969,EXP_CatBoostModel_Alpha158_csi300_custom_step0_s_20260521_18,bad851cd2d6a4c8c947979a33024e295,0.032,,,
2520,2026-05-21,SH600515,0.010614584341619734,EXP_CatBoostModel_Alpha158_csi300_custom_step0_s_20260521_18,bad851cd2d6a4c8c947979a33024e295,0.032,,,
2521,2026-05-21,SH600660,-0.018765887324457404,EXP_CatBoostModel_Alpha158_csi300_custom_step0_s_20260521_18,bad851cd2d6a4c8c947979a33024e295,0.032,,,
2522,2026-05-21,SH600588,0.03105574121517787,EXP_CatBoostModel_Alpha158_csi300_custom_step0_s_20260521_18,bad851cd2d6a4c8c947979a33024e295,0.032,,,
2523,2026-05-21,SH600585,-0.022691685390230698,EXP_CatBoostModel_Alpha158_csi300_custom_step0_s_20260521_18,bad851cd2d6a4c8c947979a33024e295,0.032,,,
2524,2026-05-21,SH600584,-0.3138186224823158,EXP_CatBoostModel_Alpha158_csi300_custom_step0_s_20260521_18,bad851cd2d6a4c8c947979a33024e295,0.032,,,
2525,2026-05-21,SH600570,0.013999225093436065,EXP_CatBoostModel_Alpha158_csi300_custom_step0_s_20260521_18,bad851cd2d6a4c8c947979a33024e295,0.032,,,
2526,2026-05-21,SH600547,0.15707219364248448,EXP_CatBoostModel_Alpha158_csi300_custom_step0_s_20260521_18,bad851cd2d6a4c8c947979a33024e295,0.032,,,
2527,2026-05-21,SH600522,-0.2540571308919588,EXP_CatBoostModel_Alpha158_csi300_custom_step0_s_20260521_18,bad851cd2d6a4c8c947979a33024e295,0.032,,,
2528,2026-05-21,SH600600,-0.03478020130024835,EXP_CatBoostModel_Alpha158_csi300_custom_step0_s_20260521_18,bad851cd2d6a4c8c947979a33024e295,0.032,,,
2529,2026-05-21,SZ002938,0.006613453521053376,EXP_CatBoostModel_Alpha158_csi300_custom_step0_s_20260521_18,a49c3a9eb16049e4ad38ede961a5a4c0,0.052,,,
2530,2026-05-21,SZ002352,-0.03252849296998627,EXP_CatBoostModel_Alpha158_csi300_custom_step0_s_20260521_18,bad851cd2d6a4c8c947979a33024e295,0.032,,,
2531,2026-05-21,SZ002384,-0.07680357587234438,EXP_CatBoostModel_Alpha158_csi300_custom_step0_s_20260521_18,bad851cd2d6a4c8c947979a33024e295,0.032,,,
2532,2026-05-21,SH601618,-3.0446986463688705e-10,EXP_LGBModel_Alpha158_csi300_custom_step0_s_20260521_18,74f7e0be47ea43279d614e40d1a391ab,0.057,,,
2533,2026-05-21,SH601628,-0.002540953157316907,EXP_LGBModel_Alpha158_csi300_custom_step0_s_20260521_18,74f7e0be47ea43279d614e40d1a391ab,0.057,,,
2534,2026-05-21,SH601633,-3.0446986463688705e-10,EXP_LGBModel_Alpha158_csi300_custom_step0_s_20260521_18,74f7e0be47ea43279d614e40d1a391ab,0.057,,,
2535,2026-05-21,SH601658,-3.0446986463688705e-10,EXP_LGBModel_Alpha158_csi300_custom_step0_s_20260521_18,74f7e0be47ea43279d614e40d1a391ab,0.057,,,
2536,2026-05-21,SH601668,0.0024289609893897836,EXP_LGBModel_Alpha158_csi300_custom_step0_s_20260521_18,74f7e0be47ea43279d614e40d1a391ab,0.057,,,
2537,2026-05-21,SH601669,-0.002540953157316907,EXP_LGBModel_Alpha158_csi300_custom_step0_s_20260521_18,74f7e0be47ea43279d614e40d1a391ab,0.057,,,
2538,2026-05-21,SH601688,-3.0446986463688705e-10,EXP_LGBModel_Alpha158_csi300_custom_step0_s_20260521_18,74f7e0be47ea43279d614e40d1a391ab,0.057,,,
2539,2026-05-21,SH601689,-3.0446986463688705e-10,EXP_LGBModel_Alpha158_csi300_custom_step0_s_20260521_18,74f7e0be47ea43279d614e40d1a391ab,0.057,,,
2540,2026-05-21,SH601698,-0.002540953157316907,EXP_LGBModel_Alpha158_csi300_custom_step0_s_20260521_18,74f7e0be47ea43279d614e40d1a391ab,0.057,,,
2541,2026-05-21,SH601728,-0.002540953157316907,EXP_LGBModel_Alpha158_csi300_custom_step0_s_20260521_18,74f7e0be47ea43279d614e40d1a391ab,0.057,,,
2542,2026-05-21,SH601766,-3.0446986463688705e-10,EXP_LGBModel_Alpha158_csi300_custom_step0_s_20260521_18,74f7e0be47ea43279d614e40d1a391ab,0.057,,,
2543,2026-05-21,SH601788,-3.0446986463688705e-10,EXP_LGBModel_Alpha158_csi300_custom_step0_s_20260521_18,74f7e0be47ea43279d614e40d1a391ab,0.057,,,
2544,2026-05-21,SH601800,-0.002540953157316907,EXP_LGBModel_Alpha158_csi300_custom_step0_s_20260521_18,74f7e0be47ea43279d614e40d1a391ab,0.057,,,
2545,2026-05-21,SH601808,-3.0446986463688705e-10,EXP_LGBModel_Alpha158_csi300_custom_step0_s_20260521_18,74f7e0be47ea43279d614e40d1a391ab,0.057,,,
2546,2026-05-21,SH601816,-3.0446986463688705e-10,EXP_LGBModel_Alpha158_csi300_custom_step0_s_20260521_18,74f7e0be47ea43279d614e40d1a391ab,0.057,,,
2547,2026-05-21,SH601818,0.0024289609893897836,EXP_LGBModel_Alpha158_csi300_custom_step0_s_20260521_18,74f7e0be47ea43279d614e40d1a391ab,0.057,,,
2548,2026-05-21,SH601825,0.0024289609893897836,EXP_LGBModel_Alpha158_csi300_custom_step0_s_20260521_18,74f7e0be47ea43279d614e40d1a391ab,0.057,,,
2549,2026-05-21,SH601939,0.0024289609893897836,EXP_LGBModel_Alpha158_csi300_custom_step0_s_20260521_18,74f7e0be47ea43279d614e40d1a391ab,0.057,,,
2550,2026-05-21,SH601919,-0.00218236060598338,EXP_LGBModel_Alpha158_csi300_custom_step0_s_20260521_18,74f7e0be47ea43279d614e40d1a391ab,0.057,,,
2551,2026-05-21,SH601916,0.0024289609893897836,EXP_LGBModel_Alpha158_csi300_custom_step0_s_20260521_18,74f7e0be47ea43279d614e40d1a391ab,0.057,,,
2552,2026-05-21,SH601901,-3.0446986463688705e-10,EXP_LGBModel_Alpha158_csi300_custom_step0_s_20260521_18,74f7e0be47ea43279d614e40d1a391ab,0.057,,,
2553,2026-05-21,SH601899,-0.002540953157316907,EXP_LGBModel_Alpha158_csi300_custom_step0_s_20260521_18,74f7e0be47ea43279d614e40d1a391ab,0.057,,,
2554,2026-05-21,SH601898,-0.002540953157316907,EXP_LGBModel_Alpha158_csi300_custom_step0_s_20260521_18,74f7e0be47ea43279d614e40d1a391ab,0.057,,,
2555,2026-05-21,SH601607,-3.0446986463688705e-10,EXP_LGBModel_Alpha158_csi300_custom_step0_s_20260521_18,74f7e0be47ea43279d614e40d1a391ab,0.057,,,
2556,2026-05-21,SH601888,-0.002540953157316907,EXP_LGBModel_Alpha158_csi300_custom_step0_s_20260521_18,74f7e0be47ea43279d614e40d1a391ab,0.057,,,
2557,2026-05-21,SH601878,-3.0446986463688705e-10,EXP_LGBModel_Alpha158_csi300_custom_step0_s_20260521_18,74f7e0be47ea43279d614e40d1a391ab,0.057,,,
2558,2026-05-21,SH601877,-0.002540953157316907,EXP_LGBModel_Alpha158_csi300_custom_step0_s_20260521_18,74f7e0be47ea43279d614e40d1a391ab,0.057,,,
2559,2026-05-21,SH601872,-0.002540953157316907,EXP_LGBModel_Alpha158_csi300_custom_step0_s_20260521_18,74f7e0be47ea43279d614e40d1a391ab,0.057,,,
2560,2026-05-21,SH601868,-0.002540953157316907,EXP_LGBModel_Alpha158_csi300_custom_step0_s_20260521_18,74f7e0be47ea43279d614e40d1a391ab,0.057,,,
2561,2026-05-21,SH601857,-0.002540953157316907,EXP_LGBModel_Alpha158_csi300_custom_step0_s_20260521_18,74f7e0be47ea43279d614e40d1a391ab,0.057,,,
2562,2026-05-21,SH601838,0.0024289609893897836,EXP_LGBModel_Alpha158_csi300_custom_step0_s_20260521_18,74f7e0be47ea43279d614e40d1a391ab,0.057,,,
2563,2026-05-21,SH601881,-0.0017501426207716044,EXP_LGBModel_Alpha158_csi300_custom_step0_s_20260521_18,74f7e0be47ea43279d614e40d1a391ab,0.057,,,
2564,2026-05-21,SH601985,-3.0446986463688705e-10,EXP_LGBModel_Alpha158_csi300_custom_step0_s_20260521_18,74f7e0be47ea43279d614e40d1a391ab,0.057,,,
2565,2026-05-21,SH601601,-3.0446986463688705e-10,EXP_LGBModel_Alpha158_csi300_custom_step0_s_20260521_18,74f7e0be47ea43279d614e40d1a391ab,0.057,,,
2566,2026-05-21,SH601456,-0.0017501426207716044,EXP_LGBModel_Alpha158_csi300_custom_step0_s_20260521_18,74f7e0be47ea43279d614e40d1a391ab,0.057,,,
2567,2026-05-21,SH601018,-3.0446986463688705e-10,EXP_LGBModel_Alpha158_csi300_custom_step0_s_20260521_18,74f7e0be47ea43279d614e40d1a391ab,0.057,,,
2568,2026-05-21,SH601021,-3.0446986463688705e-10,EXP_LGBModel_Alpha158_csi300_custom_step0_s_20260521_18,74f7e0be47ea43279d614e40d1a391ab,0.057,,,
2569,2026-05-21,SH601058,-3.0446986463688705e-10,EXP_LGBModel_Alpha158_csi300_custom_step0_s_20260521_18,74f7e0be47ea43279d614e40d1a391ab,0.057,,,
2570,2026-05-21,SH601059,-3.0446986463688705e-10,EXP_LGBModel_Alpha158_csi300_custom_step0_s_20260521_18,74f7e0be47ea43279d614e40d1a391ab,0.057,,,
2571,2026-05-21,SH601066,0.0024289609893897836,EXP_LGBModel_Alpha158_csi300_custom_step0_s_20260521_18,74f7e0be47ea43279d614e40d1a391ab,0.057,,,
2572,2026-05-21,SH601077,-3.0446986463688705e-10,EXP_LGBModel_Alpha158_csi300_custom_step0_s_20260521_18,74f7e0be47ea43279d614e40d1a391ab,0.057,,,
2573,2026-05-21,SH601088,0.0024289609893897836,EXP_LGBModel_Alpha158_csi300_custom_step0_s_20260521_18,74f7e0be47ea43279d614e40d1a391ab,0.057,,,
2574,2026-05-21,SH601100,-3.0446986463688705e-10,EXP_LGBModel_Alpha158_csi300_custom_step0_s_20260521_18,74f7e0be47ea43279d614e40d1a391ab,0.057,,,
2575,2026-05-21,SH601111,-0.0017501426207716044,EXP_LGBModel_Alpha158_csi300_custom_step0_s_20260521_18,74f7e0be47ea43279d614e40d1a391ab,0.057,,,
2576,2026-05-21,SH601117,-0.002540953157316907,EXP_LGBModel_Alpha158_csi300_custom_step0_s_20260521_18,74f7e0be47ea43279d614e40d1a391ab,0.057,,,
2577,2026-05-21,SH601127,-0.0017501426207716044,EXP_LGBModel_Alpha158_csi300_custom_step0_s_20260521_18,74f7e0be47ea43279d614e40d1a391ab,0.057,,,
2578,2026-05-21,SH601136,-0.0017501426207716044,EXP_LGBModel_Alpha158_csi300_custom_step0_s_20260521_18,74f7e0be47ea43279d614e40d1a391ab,0.057,,,
2579,2026-05-21,SH601138,-0.002540953157316907,EXP_LGBModel_Alpha158_csi300_custom_step0_s_20260521_18,74f7e0be47ea43279d614e40d1a391ab,0.057,,,
2580,2026-05-21,SH601166,-3.0446986463688705e-10,EXP_LGBModel_Alpha158_csi300_custom_step0_s_20260521_18,74f7e0be47ea43279d614e40d1a391ab,0.057,,,
2581,2026-05-21,SH601169,-3.0446986463688705e-10,EXP_LGBModel_Alpha158_csi300_custom_step0_s_20260521_18,74f7e0be47ea43279d614e40d1a391ab,0.057,,,
2582,2026-05-21,SH601186,-0.002540953157316907,EXP_LGBModel_Alpha158_csi300_custom_step0_s_20260521_18,74f7e0be47ea43279d614e40d1a391ab,0.057,,,
2583,2026-05-21,SH601211,-0.0017501426207716044,EXP_LGBModel_Alpha158_csi300_custom_step0_s_20260521_18,74f7e0be47ea43279d614e40d1a391ab,0.057,,,
2584,2026-05-21,SH601398,0.0024289609893897836,EXP_LGBModel_Alpha158_csi300_custom_step0_s_20260521_18,74f7e0be47ea43279d614e40d1a391ab,0.057,,,
2585,2026-05-21,SH601390,-3.0446986463688705e-10,EXP_LGBModel_Alpha158_csi300_custom_step0_s_20260521_18,74f7e0be47ea43279d614e40d1a391ab,0.057,,,
2586,2026-05-21,SH601377,-0.0017501426207716044,EXP_LGBModel_Alpha158_csi300_custom_step0_s_20260521_18,74f7e0be47ea43279d614e40d1a391ab,0.057,,,
2587,2026-05-21,SH601360,-0.002540953157316907,EXP_LGBModel_Alpha158_csi300_custom_step0_s_20260521_18,74f7e0be47ea43279d614e40d1a391ab,0.057,,,
2588,2026-05-21,SH601336,-0.0017501426207716044,EXP_LGBModel_Alpha158_csi300_custom_step0_s_20260521_18,74f7e0be47ea43279d614e40d1a391ab,0.057,,,
2589,2026-05-21,SH601328,-3.0446986463688705e-10,EXP_LGBModel_Alpha158_csi300_custom_step0_s_20260521_18,74f7e0be47ea43279d614e40d1a391ab,0.057,,,
2590,2026-05-21,SH601600,-0.002540953157316907,EXP_LGBModel_Alpha158_csi300_custom_step0_s_20260521_18,74f7e0be47ea43279d614e40d1a391ab,0.057,,,
2591,2026-05-21,SH601319,-0.002540953157316907,EXP_LGBModel_Alpha158_csi300_custom_step0_s_20260521_18,74f7e0be47ea43279d614e40d1a391ab,0.057,,,
2592,2026-05-21,SH601298,0.0024289609893897836,EXP_LGBModel_Alpha158_csi300_custom_step0_s_20260521_18,74f7e0be47ea43279d614e40d1a391ab,0.057,,,
2593,2026-05-21,SH601288,-3.0446986463688705e-10,EXP_LGBModel_Alpha158_csi300_custom_step0_s_20260521_18,74f7e0be47ea43279d614e40d1a391ab,0.057,,,
2594,2026-05-21,SH601238,-0.0017501426207716044,EXP_LGBModel_Alpha158_csi300_custom_step0_s_20260521_18,74f7e0be47ea43279d614e40d1a391ab,0.057,,,
2595,2026-05-21,SH601236,-3.0446986463688705e-10,EXP_LGBModel_Alpha158_csi300_custom_step0_s_20260521_18,74f7e0be47ea43279d614e40d1a391ab,0.057,,,
2596,2026-05-21,SH601229,-3.0446986463688705e-10,EXP_LGBModel_Alpha158_csi300_custom_step0_s_20260521_18,74f7e0be47ea43279d614e40d1a391ab,0.057,,,
2597,2026-05-21,SH601225,-3.0446986463688705e-10,EXP_LGBModel_Alpha158_csi300_custom_step0_s_20260521_18,74f7e0be47ea43279d614e40d1a391ab,0.057,,,
2598,2026-05-21,SH601318,-0.0017501426207716044,EXP_LGBModel_Alpha158_csi300_custom_step0_s_20260521_18,74f7e0be47ea43279d614e40d1a391ab,0.057,,,
2599,2026-05-21,SH601012,-3.0446986463688705e-10,EXP_LGBModel_Alpha158_csi300_custom_step0_s_20260521_18,74f7e0be47ea43279d614e40d1a391ab,0.057,,,
2600,2026-05-21,SH601988,0.0024289609893897836,EXP_LGBModel_Alpha158_csi300_custom_step0_s_20260521_18,74f7e0be47ea43279d614e40d1a391ab,0.057,,,
2601,2026-05-21,SH601998,-0.002540953157316907,EXP_LGBModel_Alpha158_csi300_custom_step0_s_20260521_18,74f7e0be47ea43279d614e40d1a391ab,0.057,,,
2602,2026-05-21,SZ000002,-0.002540953157316907,EXP_LGBModel_Alpha158_csi300_custom_step0_s_20260521_18,74f7e0be47ea43279d614e40d1a391ab,0.057,,,
2603,2026-05-21,SZ000063,-3.0446986463688705e-10,EXP_LGBModel_Alpha158_csi300_custom_step0_s_20260521_18,74f7e0be47ea43279d614e40d1a391ab,0.057,,,
2604,2026-05-21,SZ000100,-3.0446986463688705e-10,EXP_LGBModel_Alpha158_csi300_custom_step0_s_20260521_18,74f7e0be47ea43279d614e40d1a391ab,0.057,,,
2605,2026-05-21,SZ000157,-0.002540953157316907,EXP_LGBModel_Alpha158_csi300_custom_step0_s_20260521_18,74f7e0be47ea43279d614e40d1a391ab,0.057,,,
2606,2026-05-21,SZ000166,-0.0017501426207716044,EXP_LGBModel_Alpha158_csi300_custom_step0_s_20260521_18,74f7e0be47ea43279d614e40d1a391ab,0.057,,,
2607,2026-05-21,SZ000301,0.0024289609893897836,EXP_LGBModel_Alpha158_csi300_custom_step0_s_20260521_18,74f7e0be47ea43279d614e40d1a391ab,0.057,,,
2608,2026-05-21,SZ000333,0.0024289609893897836,EXP_LGBModel_Alpha158_csi300_custom_step0_s_20260521_18,74f7e0be47ea43279d614e40d1a391ab,0.057,,,
2609,2026-05-21,SZ000338,0.004134268285429812,EXP_LGBModel_Alpha158_csi300_custom_step0_s_20260521_18,74f7e0be47ea43279d614e40d1a391ab,0.057,,,
2610,2026-05-21,SZ000408,-0.002540953157316907,EXP_LGBModel_Alpha158_csi300_custom_step0_s_20260521_18,74f7e0be47ea43279d614e40d1a391ab,0.057,,,
2611,2026-05-21,SZ000425,-0.0017501426207716044,EXP_LGBModel_Alpha158_csi300_custom_step0_s_20260521_18,74f7e0be47ea43279d614e40d1a391ab,0.057,,,
2612,2026-05-21,SZ000538,-3.0446986463688705e-10,EXP_LGBModel_Alpha158_csi300_custom_step0_s_20260521_18,74f7e0be47ea43279d614e40d1a391ab,0.057,,,
2613,2026-05-21,SZ000568,-0.002540953157316907,EXP_LGBModel_Alpha158_csi300_custom_step0_s_20260521_18,74f7e0be47ea43279d614e40d1a391ab,0.057,,,
2614,2026-05-21,SZ000596,-0.002540953157316907,EXP_LGBModel_Alpha158_csi300_custom_step0_s_20260521_18,74f7e0be47ea43279d614e40d1a391ab,0.057,,,
2615,2026-05-21,SZ000617,-3.0446986463688705e-10,EXP_LGBModel_Alpha158_csi300_custom_step0_s_20260521_18,74f7e0be47ea43279d614e40d1a391ab,0.057,,,
2616,2026-05-21,SZ000625,-0.0017501426207716044,EXP_LGBModel_Alpha158_csi300_custom_step0_s_20260521_18,74f7e0be47ea43279d614e40d1a391ab,0.057,,,
2617,2026-05-21,SZ000630,-0.002540953157316907,EXP_LGBModel_Alpha158_csi300_custom_step0_s_20260521_18,74f7e0be47ea43279d614e40d1a391ab,0.057,,,
2618,2026-05-21,SZ000651,-3.0446986463688705e-10,EXP_LGBModel_Alpha158_csi300_custom_step0_s_20260521_18,74f7e0be47ea43279d614e40d1a391ab,0.057,,,
2619,2026-05-21,SZ000975,0.004134268285429812,EXP_LGBModel_Alpha158_csi300_custom_step0_s_20260521_18,74f7e0be47ea43279d614e40d1a391ab,0.057,,,
2620,2026-05-21,SZ000963,-0.002540953157316907,EXP_LGBModel_Alpha158_csi300_custom_step0_s_20260521_18,74f7e0be47ea43279d614e40d1a391ab,0.057,,,
2621,2026-05-21,SZ000938,0.004134268285429812,EXP_LGBModel_Alpha158_csi300_custom_step0_s_20260521_18,74f7e0be47ea43279d614e40d1a391ab,0.057,,,
2622,2026-05-21,SZ000895,-3.0446986463688705e-10,EXP_LGBModel_Alpha158_csi300_custom_step0_s_20260521_18,74f7e0be47ea43279d614e40d1a391ab,0.057,,,
2623,2026-05-21,SZ000876,-0.002540953157316907,EXP_LGBModel_Alpha158_csi300_custom_step0_s_20260521_18,74f7e0be47ea43279d614e40d1a391ab,0.057,,,
2624,2026-05-21,SZ000858,-3.0446986463688705e-10,EXP_LGBModel_Alpha158_csi300_custom_step0_s_20260521_18,74f7e0be47ea43279d614e40d1a391ab,0.057,,,
2625,2026-05-21,SZ000001,-3.0446986463688705e-10,EXP_LGBModel_Alpha158_csi300_custom_step0_s_20260521_18,74f7e0be47ea43279d614e40d1a391ab,0.057,,,
2626,2026-05-21,SZ000807,-0.002540953157316907,EXP_LGBModel_Alpha158_csi300_custom_step0_s_20260521_18,74f7e0be47ea43279d614e40d1a391ab,0.057,,,
2627,2026-05-21,SZ000786,-0.002540953157316907,EXP_LGBModel_Alpha158_csi300_custom_step0_s_20260521_18,74f7e0be47ea43279d614e40d1a391ab,0.057,,,
2628,2026-05-21,SZ000776,-3.0446986463688705e-10,EXP_LGBModel_Alpha158_csi300_custom_step0_s_20260521_18,74f7e0be47ea43279d614e40d1a391ab,0.057,,,
2629,2026-05-21,SZ000768,-0.002540953157316907,EXP_LGBModel_Alpha158_csi300_custom_step0_s_20260521_18,74f7e0be47ea43279d614e40d1a391ab,0.057,,,
2630,2026-05-21,SZ000725,0.0009849327848536376,EXP_LGBModel_Alpha158_csi300_custom_step0_s_20260521_18,74f7e0be47ea43279d614e40d1a391ab,0.057,,,
2631,2026-05-21,SZ000708,-3.0446986463688705e-10,EXP_LGBModel_Alpha158_csi300_custom_step0_s_20260521_18,74f7e0be47ea43279d614e40d1a391ab,0.057,,,
2632,2026-05-21,SZ000661,-0.002540953157316907,EXP_LGBModel_Alpha158_csi300_custom_step0_s_20260521_18,74f7e0be47ea43279d614e40d1a391ab,0.057,,,
2633,2026-05-21,SZ000792,-0.002540953157316907,EXP_LGBModel_Alpha158_csi300_custom_step0_s_20260521_18,74f7e0be47ea43279d614e40d1a391ab,0.057,,,
2634,2026-05-21,SH601995,0.0024289609893897836,EXP_LGBModel_Alpha158_csi300_custom_step0_s_20260521_18,74f7e0be47ea43279d614e40d1a391ab,0.057,,,
2635,2026-05-21,SH688981,0.0009849327848536376,EXP_LGBModel_Alpha158_csi300_custom_step0_s_20260521_18,74f7e0be47ea43279d614e40d1a391ab,0.057,,,
2636,2026-05-21,SH688472,-0.002540953157316907,EXP_LGBModel_Alpha158_csi300_custom_step0_s_20260521_18,74f7e0be47ea43279d614e40d1a391ab,0.057,,,
2637,2026-05-21,SH603019,-3.0446986463688705e-10,EXP_LGBModel_Alpha158_csi300_custom_step0_s_20260521_18,74f7e0be47ea43279d614e40d1a391ab,0.057,,,
2638,2026-05-21,SH603195,-3.0446986463688705e-10,EXP_LGBModel_Alpha158_csi300_custom_step0_s_20260521_18,74f7e0be47ea43279d614e40d1a391ab,0.057,,,
2639,2026-05-21,SH603259,0.0009849327848536376,EXP_LGBModel_Alpha158_csi300_custom_step0_s_20260521_18,74f7e0be47ea43279d614e40d1a391ab,0.057,,,
2640,2026-05-21,SH603260,-3.0446986463688705e-10,EXP_LGBModel_Alpha158_csi300_custom_step0_s_20260521_18,74f7e0be47ea43279d614e40d1a391ab,0.057,,,
2641,2026-05-21,SH603288,-0.002540953157316907,EXP_LGBModel_Alpha158_csi300_custom_step0_s_20260521_18,74f7e0be47ea43279d614e40d1a391ab,0.057,,,
2642,2026-05-21,SH603296,-0.002540953157316907,EXP_LGBModel_Alpha158_csi300_custom_step0_s_20260521_18,74f7e0be47ea43279d614e40d1a391ab,0.057,,,
2643,2026-05-21,SH603369,-3.0446986463688705e-10,EXP_LGBModel_Alpha158_csi300_custom_step0_s_20260521_18,74f7e0be47ea43279d614e40d1a391ab,0.057,,,
2644,2026-05-21,SH603392,-0.002540953157316907,EXP_LGBModel_Alpha158_csi300_custom_step0_s_20260521_18,74f7e0be47ea43279d614e40d1a391ab,0.057,,,
2645,2026-05-21,SH603501,-3.0446986463688705e-10,EXP_LGBModel_Alpha158_csi300_custom_step0_s_20260521_18,74f7e0be47ea43279d614e40d1a391ab,0.057,,,
2646,2026-05-21,SH603799,-0.002540953157316907,EXP_LGBModel_Alpha158_csi300_custom_step0_s_20260521_18,74f7e0be47ea43279d614e40d1a391ab,0.057,,,
2647,2026-05-21,SH603893,0.0009849327848536376,EXP_LGBModel_Alpha158_csi300_custom_step0_s_20260521_18,74f7e0be47ea43279d614e40d1a391ab,0.057,,,
2648,2026-05-21,SH603986,-3.0446986463688705e-10,EXP_LGBModel_Alpha158_csi300_custom_step0_s_20260521_18,74f7e0be47ea43279d614e40d1a391ab,0.057,,,
2649,2026-05-21,SH603993,-0.002540953157316907,EXP_LGBModel_Alpha158_csi300_custom_step0_s_20260521_18,74f7e0be47ea43279d614e40d1a391ab,0.057,,,
2650,2026-05-21,SH605117,-0.002540953157316907,EXP_LGBModel_Alpha158_csi300_custom_step0_s_20260521_18,74f7e0be47ea43279d614e40d1a391ab,0.057,,,
2651,2026-05-21,SH605499,-0.002540953157316907,EXP_LGBModel_Alpha158_csi300_custom_step0_s_20260521_18,74f7e0be47ea43279d614e40d1a391ab,0.057,,,
2652,2026-05-21,SH688008,0.004134268285429812,EXP_LGBModel_Alpha158_csi300_custom_step0_s_20260521_18,74f7e0be47ea43279d614e40d1a391ab,0.057,,,
2653,2026-05-21,SH688009,-3.0446986463688705e-10,EXP_LGBModel_Alpha158_csi300_custom_step0_s_20260521_18,74f7e0be47ea43279d614e40d1a391ab,0.057,,,
2654,2026-05-21,SH688396,0.004134268285429812,EXP_LGBModel_Alpha158_csi300_custom_step0_s_20260521_18,74f7e0be47ea43279d614e40d1a391ab,0.057,,,
2655,2026-05-21,SH688303,-0.002540953157316907,EXP_LGBModel_Alpha158_csi300_custom_step0_s_20260521_18,74f7e0be47ea43279d614e40d1a391ab,0.057,,,
2656,2026-05-21,SH688271,-3.0446986463688705e-10,EXP_LGBModel_Alpha158_csi300_custom_step0_s_20260521_18,74f7e0be47ea43279d614e40d1a391ab,0.057,,,
2657,2026-05-21,SH688256,0.004134268285429812,EXP_LGBModel_Alpha158_csi300_custom_step0_s_20260521_18,74f7e0be47ea43279d614e40d1a391ab,0.057,,,
2658,2026-05-21,SH688223,-0.002540953157316907,EXP_LGBModel_Alpha158_csi300_custom_step0_s_20260521_18,74f7e0be47ea43279d614e40d1a391ab,0.057,,,
2659,2026-05-21,SH688187,-3.0446986463688705e-10,EXP_LGBModel_Alpha158_csi300_custom_step0_s_20260521_18,74f7e0be47ea43279d614e40d1a391ab,0.057,,,
2660,2026-05-21,SH688506,-3.0446986463688705e-10,EXP_LGBModel_Alpha158_csi300_custom_step0_s_20260521_18,74f7e0be47ea43279d614e40d1a391ab,0.057,,,
2661,2026-05-21,SH688169,-3.0446986463688705e-10,EXP_LGBModel_Alpha158_csi300_custom_step0_s_20260521_18,74f7e0be47ea43279d614e40d1a391ab,0.057,,,
2662,2026-05-21,SH688111,-0.002540953157316907,EXP_LGBModel_Alpha158_csi300_custom_step0_s_20260521_18,74f7e0be47ea43279d614e40d1a391ab,0.057,,,
2663,2026-05-21,SH688082,-0.004073697505818094,EXP_LGBModel_Alpha158_csi300_custom_step0_s_20260521_18,74f7e0be47ea43279d614e40d1a391ab,0.057,,,
2664,2026-05-21,SH688047,-3.0446986463688705e-10,EXP_LGBModel_Alpha158_csi300_custom_step0_s_20260521_18,74f7e0be47ea43279d614e40d1a391ab,0.057,,,
2665,2026-05-21,SH688041,0.004134268285429812,EXP_LGBModel_Alpha158_csi300_custom_step0_s_20260521_18,74f7e0be47ea43279d614e40d1a391ab,0.057,,,
2666,2026-05-21,SH688036,0.0009849327848536376,EXP_LGBModel_Alpha158_csi300_custom_step0_s_20260521_18,74f7e0be47ea43279d614e40d1a391ab,0.057,,,
2667,2026-05-21,SH688012,-3.0446986463688705e-10,EXP_LGBModel_Alpha158_csi300_custom_step0_s_20260521_18,74f7e0be47ea43279d614e40d1a391ab,0.057,,,
2668,2026-05-21,SH688126,-3.0446986463688705e-10,EXP_LGBModel_Alpha158_csi300_custom_step0_s_20260521_18,74f7e0be47ea43279d614e40d1a391ab,0.057,,,
2669,2026-05-21,SH601009,-3.0446986463688705e-10,EXP_LGBModel_Alpha158_csi300_custom_step0_s_20260521_18,74f7e0be47ea43279d614e40d1a391ab,0.057,,,
2670,2026-05-21,SH601006,0.0024289609893897836,EXP_LGBModel_Alpha158_csi300_custom_step0_s_20260521_18,74f7e0be47ea43279d614e40d1a391ab,0.057,,,
2671,2026-05-21,SH600999,0.0009849327848536376,EXP_LGBModel_Alpha158_csi300_custom_step0_s_20260521_18,74f7e0be47ea43279d614e40d1a391ab,0.057,,,
2672,2026-05-21,SZ300433,0.08066507098098644,EXP_CatBoostModel_Alpha158_csi300_custom_step0_s_20260521_18,bad851cd2d6a4c8c947979a33024e295,0.032,,,
2673,2026-05-21,SZ300442,-0.0302216099704294,EXP_CatBoostModel_Alpha158_csi300_custom_step0_s_20260521_18,bad851cd2d6a4c8c947979a33024e295,0.032,,,
2674,2026-05-21,SZ300476,0.033527254617818116,EXP_CatBoostModel_Alpha158_csi300_custom_step0_s_20260521_18,bad851cd2d6a4c8c947979a33024e295,0.032,,,
2675,2026-05-21,SZ300498,0.010518402542203518,EXP_CatBoostModel_Alpha158_csi300_custom_step0_s_20260521_18,bad851cd2d6a4c8c947979a33024e295,0.032,,,
2676,2026-05-21,SZ300502,-0.08892846502871841,EXP_CatBoostModel_Alpha158_csi300_custom_step0_s_20260521_18,bad851cd2d6a4c8c947979a33024e295,0.032,,,
2677,2026-05-21,SZ300628,-0.04431874844801384,EXP_CatBoostModel_Alpha158_csi300_custom_step0_s_20260521_18,bad851cd2d6a4c8c947979a33024e295,0.032,,,
2678,2026-05-21,SZ300661,-0.3363078698986962,EXP_CatBoostModel_Alpha158_csi300_custom_step0_s_20260521_18,bad851cd2d6a4c8c947979a33024e295,0.032,,,
2679,2026-05-21,SZ300750,0.0034257272532464927,EXP_CatBoostModel_Alpha158_csi300_custom_step0_s_20260521_18,bad851cd2d6a4c8c947979a33024e295,0.032,,,
2680,2026-05-21,SZ300759,0.016920904896874287,EXP_CatBoostModel_Alpha158_csi300_custom_step0_s_20260521_18,bad851cd2d6a4c8c947979a33024e295,0.032,,,
2681,2026-05-21,SZ300760,0.010274777712153677,EXP_CatBoostModel_Alpha158_csi300_custom_step0_s_20260521_18,bad851cd2d6a4c8c947979a33024e295,0.032,,,
2682,2026-05-21,SZ300782,-0.14747764079904366,EXP_CatBoostModel_Alpha158_csi300_custom_step0_s_20260521_18,bad851cd2d6a4c8c947979a33024e295,0.032,,,
2683,2026-05-21,SZ300803,-0.021772261980721398,EXP_CatBoostModel_Alpha158_csi300_custom_step0_s_20260521_18,bad851cd2d6a4c8c947979a33024e295,0.032,,,
2684,2026-05-21,SZ300832,0.004678703767861034,EXP_CatBoostModel_Alpha158_csi300_custom_step0_s_20260521_18,bad851cd2d6a4c8c947979a33024e295,0.032,,,
2685,2026-05-21,SZ300866,0.052254059633825095,EXP_CatBoostModel_Alpha158_csi300_custom_step0_s_20260521_18,bad851cd2d6a4c8c947979a33024e295,0.032,,,
2686,2026-05-21,SZ300896,0.05567638387806666,EXP_CatBoostModel_Alpha158_csi300_custom_step0_s_20260521_18,bad851cd2d6a4c8c947979a33024e295,0.032,,,
2687,2026-05-21,SZ300979,0.008394047769079165,EXP_CatBoostModel_Alpha158_csi300_custom_step0_s_20260521_18,bad851cd2d6a4c8c947979a33024e295,0.032,,,
2688,2026-05-21,SZ300999,-0.02344916368777335,EXP_CatBoostModel_Alpha158_csi300_custom_step0_s_20260521_18,bad851cd2d6a4c8c947979a33024e295,0.032,,,
2689,2026-05-21,SH600026,-0.002540953157316907,EXP_LGBModel_Alpha158_csi300_custom_step0_s_20260521_18,74f7e0be47ea43279d614e40d1a391ab,0.057,,,
2690,2026-05-21,SH600025,-3.0446986463688705e-10,EXP_LGBModel_Alpha158_csi300_custom_step0_s_20260521_18,74f7e0be47ea43279d614e40d1a391ab,0.057,,,
2691,2026-05-21,SH600023,-3.0446986463688705e-10,EXP_LGBModel_Alpha158_csi300_custom_step0_s_20260521_18,74f7e0be47ea43279d614e40d1a391ab,0.057,,,
2692,2026-05-21,SH600019,-0.002540953157316907,EXP_LGBModel_Alpha158_csi300_custom_step0_s_20260521_18,74f7e0be47ea43279d614e40d1a391ab,0.057,,,
2693,2026-05-21,SH600018,0.0024289609893897836,EXP_LGBModel_Alpha158_csi300_custom_step0_s_20260521_18,74f7e0be47ea43279d614e40d1a391ab,0.057,,,
2694,2026-05-21,SH600016,-3.0446986463688705e-10,EXP_LGBModel_Alpha158_csi300_custom_step0_s_20260521_18,74f7e0be47ea43279d614e40d1a391ab,0.057,,,
2695,2026-05-21,SZ300418,0.1398613542620801,EXP_CatBoostModel_Alpha158_csi300_custom_step0_s_20260521_18,bad851cd2d6a4c8c947979a33024e295,0.032,,,
2696,2026-05-21,SH600015,-3.0446986463688705e-10,EXP_LGBModel_Alpha158_csi300_custom_step0_s_20260521_18,74f7e0be47ea43279d614e40d1a391ab,0.057,,,
2697,2026-05-21,SH600010,-0.002540953157316907,EXP_LGBModel_Alpha158_csi300_custom_step0_s_20260521_18,74f7e0be47ea43279d614e40d1a391ab,0.057,,,
2698,2026-05-21,SH600009,-0.0017501426207716044,EXP_LGBModel_Alpha158_csi300_custom_step0_s_20260521_18,74f7e0be47ea43279d614e40d1a391ab,0.057,,,
2699,2026-05-21,SH600000,-3.0446986463688705e-10,EXP_LGBModel_Alpha158_csi300_custom_step0_s_20260521_18,74f7e0be47ea43279d614e40d1a391ab,0.057,,,
2700,2026-05-21,SZ302132,-0.019931577700086644,EXP_CatBoostModel_Alpha158_csi300_custom_step0_s_20260521_18,bad851cd2d6a4c8c947979a33024e295,0.032,,,
2701,2026-05-21,SZ301269,-0.15655554955210177,EXP_CatBoostModel_Alpha158_csi300_custom_step0_s_20260521_18,bad851cd2d6a4c8c947979a33024e295,0.032,,,
2702,2026-05-21,SZ301236,0.0872711984570952,EXP_CatBoostModel_Alpha158_csi300_custom_step0_s_20260521_18,bad851cd2d6a4c8c947979a33024e295,0.032,,,
2703,2026-05-21,SH600011,-0.002540953157316907,EXP_LGBModel_Alpha158_csi300_custom_step0_s_20260521_18,74f7e0be47ea43279d614e40d1a391ab,0.057,,,
2704,2026-05-21,SH600027,-0.002540953157316907,EXP_LGBModel_Alpha158_csi300_custom_step0_s_20260521_18,74f7e0be47ea43279d614e40d1a391ab,0.057,,,
2705,2026-05-21,SZ300413,0.032789407679777935,EXP_CatBoostModel_Alpha158_csi300_custom_step0_s_20260521_18,bad851cd2d6a4c8c947979a33024e295,0.032,,,
2706,2026-05-21,SZ300394,-0.09450991633902689,EXP_CatBoostModel_Alpha158_csi300_custom_step0_s_20260521_18,bad851cd2d6a4c8c947979a33024e295,0.032,,,
2707,2026-05-21,SZ002415,-0.008418904387463538,EXP_CatBoostModel_Alpha158_csi300_custom_step0_s_20260521_18,bad851cd2d6a4c8c947979a33024e295,0.032,,,
2708,2026-05-21,SZ002422,-0.0031441048463147726,EXP_CatBoostModel_Alpha158_csi300_custom_step0_s_20260521_18,bad851cd2d6a4c8c947979a33024e295,0.032,,,
2709,2026-05-21,SZ002459,0.017353446705639552,EXP_CatBoostModel_Alpha158_csi300_custom_step0_s_20260521_18,bad851cd2d6a4c8c947979a33024e295,0.032,,,
2710,2026-05-21,SZ002460,0.011550738178470157,EXP_CatBoostModel_Alpha158_csi300_custom_step0_s_20260521_18,bad851cd2d6a4c8c947979a33024e295,0.032,,,
2711,2026-05-21,SZ002463,0.0160643686943431,EXP_CatBoostModel_Alpha158_csi300_custom_step0_s_20260521_18,bad851cd2d6a4c8c947979a33024e295,0.032,,,
2712,2026-05-21,SZ002466,0.16690770056084242,EXP_CatBoostModel_Alpha158_csi300_custom_step0_s_20260521_18,bad851cd2d6a4c8c947979a33024e295,0.032,,,
2713,2026-05-21,SZ002475,-0.09303781576963473,EXP_CatBoostModel_Alpha158_csi300_custom_step0_s_20260521_18,bad851cd2d6a4c8c947979a33024e295,0.032,,,
2714,2026-05-21,SZ002493,0.06907043411665405,EXP_CatBoostModel_Alpha158_csi300_custom_step0_s_20260521_18,bad851cd2d6a4c8c947979a33024e295,0.032,,,
2715,2026-05-21,SZ002594,0.013391551050213613,EXP_CatBoostModel_Alpha158_csi300_custom_step0_s_20260521_18,bad851cd2d6a4c8c947979a33024e295,0.032,,,
2716,2026-05-21,SZ002600,-0.13992351514290355,EXP_CatBoostModel_Alpha158_csi300_custom_step0_s_20260521_18,bad851cd2d6a4c8c947979a33024e295,0.032,,,
2717,2026-05-21,SZ002601,0.0330917271013723,EXP_CatBoostModel_Alpha158_csi300_custom_step0_s_20260521_18,bad851cd2d6a4c8c947979a33024e295,0.032,,,
2718,2026-05-21,SZ002625,0.015356708397164763,EXP_CatBoostModel_Alpha158_csi300_custom_step0_s_20260521_18,bad851cd2d6a4c8c947979a33024e295,0.032,,,
2719,2026-05-21,SZ002648,0.011967953362456084,EXP_CatBoostModel_Alpha158_csi300_custom_step0_s_20260521_18,bad851cd2d6a4c8c947979a33024e295,0.032,,,
2720,2026-05-21,SZ002709,0.12316388977546058,EXP_CatBoostModel_Alpha158_csi300_custom_step0_s_20260521_18,bad851cd2d6a4c8c947979a33024e295,0.032,,,
2721,2026-05-21,SZ002714,0.0040823668857392645,EXP_CatBoostModel_Alpha158_csi300_custom_step0_s_20260521_18,bad851cd2d6a4c8c947979a33024e295,0.032,,,
2722,2026-05-21,SZ002736,-0.0065473890774266135,EXP_CatBoostModel_Alpha158_csi300_custom_step0_s_20260521_18,bad851cd2d6a4c8c947979a33024e295,0.032,,,
2723,2026-05-21,SZ002916,-0.23542571898306103,EXP_CatBoostModel_Alpha158_csi300_custom_step0_s_20260521_18,bad851cd2d6a4c8c947979a33024e295,0.032,,,
2724,2026-05-21,SZ300347,0.07120796354383681,EXP_CatBoostModel_Alpha158_csi300_custom_step0_s_20260521_18,bad851cd2d6a4c8c947979a33024e295,0.032,,,
2725,2026-05-21,SZ300316,-0.3823166871723226,EXP_CatBoostModel_Alpha158_csi300_custom_step0_s_20260521_18,bad851cd2d6a4c8c947979a33024e295,0.032,,,
2726,2026-05-21,SZ300308,-0.06747562820448595,EXP_CatBoostModel_Alpha158_csi300_custom_step0_s_20260521_18,bad851cd2d6a4c8c947979a33024e295,0.032,,,
2727,2026-05-21,SZ300274,0.06981528714232504,EXP_CatBoostModel_Alpha158_csi300_custom_step0_s_20260521_18,bad851cd2d6a4c8c947979a33024e295,0.032,,,
2728,2026-05-21,SZ300251,0.07988692792822343,EXP_CatBoostModel_Alpha158_csi300_custom_step0_s_20260521_18,bad851cd2d6a4c8c947979a33024e295,0.032,,,
2729,2026-05-21,SZ300124,0.09455953557421623,EXP_CatBoostModel_Alpha158_csi300_custom_step0_s_20260521_18,bad851cd2d6a4c8c947979a33024e295,0.032,,,
2730,2026-05-21,SZ300408,-0.3158517688027096,EXP_CatBoostModel_Alpha158_csi300_custom_step0_s_20260521_18,bad851cd2d6a4c8c947979a33024e295,0.032,,,
2731,2026-05-21,SZ300122,-0.0013445731208196355,EXP_CatBoostModel_Alpha158_csi300_custom_step0_s_20260521_18,bad851cd2d6a4c8c947979a33024e295,0.032,,,
2732,2026-05-21,SZ300033,-0.11765155815100857,EXP_CatBoostModel_Alpha158_csi300_custom_step0_s_20260521_18,bad851cd2d6a4c8c947979a33024e295,0.032,,,
2733,2026-05-21,SZ300015,0.01413131464537,EXP_CatBoostModel_Alpha158_csi300_custom_step0_s_20260521_18,bad851cd2d6a4c8c947979a33024e295,0.032,,,
2734,2026-05-21,SZ300014,-0.012559748576668093,EXP_CatBoostModel_Alpha158_csi300_custom_step0_s_20260521_18,bad851cd2d6a4c8c947979a33024e295,0.032,,,
2735,2026-05-21,SZ003816,-0.0011423621889190914,EXP_CatBoostModel_Alpha158_csi300_custom_step0_s_20260521_18,bad851cd2d6a4c8c947979a33024e295,0.032,,,
2736,2026-05-21,SZ002938,-0.2676372867059213,EXP_CatBoostModel_Alpha158_csi300_custom_step0_s_20260521_18,bad851cd2d6a4c8c947979a33024e295,0.032,,,
2737,2026-05-21,SZ002920,-0.03494962413590123,EXP_CatBoostModel_Alpha158_csi300_custom_step0_s_20260521_18,bad851cd2d6a4c8c947979a33024e295,0.032,,,
2738,2026-05-21,SZ300059,0.018411006024641453,EXP_CatBoostModel_Alpha158_csi300_custom_step0_s_20260521_18,bad851cd2d6a4c8c947979a33024e295,0.032,,,
2739,2026-05-21,SH600028,-3.0446986463688705e-10,EXP_LGBModel_Alpha158_csi300_custom_step0_s_20260521_18,74f7e0be47ea43279d614e40d1a391ab,0.057,,,
2740,2026-05-21,SH600029,-0.0017501426207716044,EXP_LGBModel_Alpha158_csi300_custom_step0_s_20260521_18,74f7e0be47ea43279d614e40d1a391ab,0.057,,,
2741,2026-05-21,SH600030,-0.0017501426207716044,EXP_LGBModel_Alpha158_csi300_custom_step0_s_20260521_18,74f7e0be47ea43279d614e40d1a391ab,0.057,,,
2742,2026-05-21,SH600519,-3.0446986463688705e-10,EXP_LGBModel_Alpha158_csi300_custom_step0_s_20260521_18,74f7e0be47ea43279d614e40d1a391ab,0.057,,,
2743,2026-05-21,SH600522,0.004134268285429812,EXP_LGBModel_Alpha158_csi300_custom_step0_s_20260521_18,74f7e0be47ea43279d614e40d1a391ab,0.057,,,
2744,2026-05-21,SH600547,-3.0446986463688705e-10,EXP_LGBModel_Alpha158_csi300_custom_step0_s_20260521_18,74f7e0be47ea43279d614e40d1a391ab,0.057,,,
2745,2026-05-21,SH600570,-3.0446986463688705e-10,EXP_LGBModel_Alpha158_csi300_custom_step0_s_20260521_18,74f7e0be47ea43279d614e40d1a391ab,0.057,,,
2746,2026-05-21,SH600584,-0.004073697505818094,EXP_LGBModel_Alpha158_csi300_custom_step0_s_20260521_18,74f7e0be47ea43279d614e40d1a391ab,0.057,,,
2747,2026-05-21,SH600585,-0.002540953157316907,EXP_LGBModel_Alpha158_csi300_custom_step0_s_20260521_18,74f7e0be47ea43279d614e40d1a391ab,0.057,,,
2748,2026-05-21,SH600588,-3.0446986463688705e-10,EXP_LGBModel_Alpha158_csi300_custom_step0_s_20260521_18,74f7e0be47ea43279d614e40d1a391ab,0.057,,,
2749,2026-05-21,SH600600,0.0024289609893897836,EXP_LGBModel_Alpha158_csi300_custom_step0_s_20260521_18,74f7e0be47ea43279d614e40d1a391ab,0.057,,,
2750,2026-05-21,SH600660,-0.002540953157316907,EXP_LGBModel_Alpha158_csi300_custom_step0_s_20260521_18,74f7e0be47ea43279d614e40d1a391ab,0.057,,,
2751,2026-05-21,SH600674,-3.0446986463688705e-10,EXP_LGBModel_Alpha158_csi300_custom_step0_s_20260521_18,74f7e0be47ea43279d614e40d1a391ab,0.057,,,
2752,2026-05-21,SH600690,-3.0446986463688705e-10,EXP_LGBModel_Alpha158_csi300_custom_step0_s_20260521_18,74f7e0be47ea43279d614e40d1a391ab,0.057,,,
2753,2026-05-21,SH600741,-3.0446986463688705e-10,EXP_LGBModel_Alpha158_csi300_custom_step0_s_20260521_18,74f7e0be47ea43279d614e40d1a391ab,0.057,,,
2754,2026-05-21,SH600760,-0.002540953157316907,EXP_LGBModel_Alpha158_csi300_custom_step0_s_20260521_18,74f7e0be47ea43279d614e40d1a391ab,0.057,,,
2755,2026-05-21,SH600795,-3.0446986463688705e-10,EXP_LGBModel_Alpha158_csi300_custom_step0_s_20260521_18,74f7e0be47ea43279d614e40d1a391ab,0.057,,,
2756,2026-05-21,SH600803,0.0024289609893897836,EXP_LGBModel_Alpha158_csi300_custom_step0_s_20260521_18,74f7e0be47ea43279d614e40d1a391ab,0.057,,,
2757,2026-05-21,SH600809,-0.0017501426207716044,EXP_LGBModel_Alpha158_csi300_custom_step0_s_20260521_18,74f7e0be47ea43279d614e40d1a391ab,0.057,,,
2758,2026-05-21,SH600845,0.0009849327848536376,EXP_LGBModel_Alpha158_csi300_custom_step0_s_20260521_18,74f7e0be47ea43279d614e40d1a391ab,0.057,,,
2759,2026-05-21,SH600989,-0.002540953157316907,EXP_LGBModel_Alpha158_csi300_custom_step0_s_20260521_18,74f7e0be47ea43279d614e40d1a391ab,0.057,,,
2760,2026-05-21,SH600958,-0.002540953157316907,EXP_LGBModel_Alpha158_csi300_custom_step0_s_20260521_18,74f7e0be47ea43279d614e40d1a391ab,0.057,,,
2761,2026-05-21,SH600941,-3.0446986463688705e-10,EXP_LGBModel_Alpha158_csi300_custom_step0_s_20260521_18,74f7e0be47ea43279d614e40d1a391ab,0.057,,,
2762,2026-05-21,SH600938,0.0024289609893897836,EXP_LGBModel_Alpha158_csi300_custom_step0_s_20260521_18,74f7e0be47ea43279d614e40d1a391ab,0.057,,,
2763,2026-05-21,SH600930,-0.002540953157316907,EXP_LGBModel_Alpha158_csi300_custom_step0_s_20260521_18,74f7e0be47ea43279d614e40d1a391ab,0.057,,,
2764,2026-05-21,SH600926,-3.0446986463688705e-10,EXP_LGBModel_Alpha158_csi300_custom_step0_s_20260521_18,74f7e0be47ea43279d614e40d1a391ab,0.057,,,
2765,2026-05-21,SH600515,-0.002540953157316907,EXP_LGBModel_Alpha158_csi300_custom_step0_s_20260521_18,74f7e0be47ea43279d614e40d1a391ab,0.057,,,
2766,2026-05-21,SH600919,0.0024289609893897836,EXP_LGBModel_Alpha158_csi300_custom_step0_s_20260521_18,74f7e0be47ea43279d614e40d1a391ab,0.057,,,
2767,2026-05-21,SH600905,0.0024289609893897836,EXP_LGBModel_Alpha158_csi300_custom_step0_s_20260521_18,74f7e0be47ea43279d614e40d1a391ab,0.057,,,
2768,2026-05-21,SH600900,-3.0446986463688705e-10,EXP_LGBModel_Alpha158_csi300_custom_step0_s_20260521_18,74f7e0be47ea43279d614e40d1a391ab,0.057,,,
2769,2026-05-21,SH600893,-0.002540953157316907,EXP_LGBModel_Alpha158_csi300_custom_step0_s_20260521_18,74f7e0be47ea43279d614e40d1a391ab,0.057,,,
2770,2026-05-21,SH600887,-3.0446986463688705e-10,EXP_LGBModel_Alpha158_csi300_custom_step0_s_20260521_18,74f7e0be47ea43279d614e40d1a391ab,0.057,,,
2771,2026-05-21,SH600886,0.0024289609893897836,EXP_LGBModel_Alpha158_csi300_custom_step0_s_20260521_18,74f7e0be47ea43279d614e40d1a391ab,0.057,,,
2772,2026-05-21,SH600875,-0.002540953157316907,EXP_LGBModel_Alpha158_csi300_custom_step0_s_20260521_18,74f7e0be47ea43279d614e40d1a391ab,0.057,,,
2773,2026-05-21,SH600918,-0.0017501426207716044,EXP_LGBModel_Alpha158_csi300_custom_step0_s_20260521_18,74f7e0be47ea43279d614e40d1a391ab,0.057,,,
2774,2026-05-21,SH600489,-3.0446986463688705e-10,EXP_LGBModel_Alpha158_csi300_custom_step0_s_20260521_18,74f7e0be47ea43279d614e40d1a391ab,0.057,,,
2775,2026-05-21,SH600482,-0.002540953157316907,EXP_LGBModel_Alpha158_csi300_custom_step0_s_20260521_18,74f7e0be47ea43279d614e40d1a391ab,0.057,,,
2776,2026-05-21,SH600460,0.0009849327848536376,EXP_LGBModel_Alpha158_csi300_custom_step0_s_20260521_18,74f7e0be47ea43279d614e40d1a391ab,0.057,,,
2777,2026-05-21,SH600160,-0.002540953157316907,EXP_LGBModel_Alpha158_csi300_custom_step0_s_20260521_18,74f7e0be47ea43279d614e40d1a391ab,0.057,,,
2778,2026-05-21,SH600150,0.004134268285429812,EXP_LGBModel_Alpha158_csi300_custom_step0_s_20260521_18,74f7e0be47ea43279d614e40d1a391ab,0.057,,,
2779,2026-05-21,SH600115,-0.0017501426207716044,EXP_LGBModel_Alpha158_csi300_custom_step0_s_20260521_18,74f7e0be47ea43279d614e40d1a391ab,0.057,,,
2780,2026-05-21,SH600111,-0.002540953157316907,EXP_LGBModel_Alpha158_csi300_custom_step0_s_20260521_18,74f7e0be47ea43279d614e40d1a391ab,0.057,,,
2781,2026-05-21,SH600104,-3.0446986463688705e-10,EXP_LGBModel_Alpha158_csi300_custom_step0_s_20260521_18,74f7e0be47ea43279d614e40d1a391ab,0.057,,,
2782,2026-05-21,SH600089,-0.002540953157316907,EXP_LGBModel_Alpha158_csi300_custom_step0_s_20260521_18,74f7e0be47ea43279d614e40d1a391ab,0.057,,,
2783,2026-05-21,SH600161,-0.0017501426207716044,EXP_LGBModel_Alpha158_csi300_custom_step0_s_20260521_18,74f7e0be47ea43279d614e40d1a391ab,0.057,,,
2784,2026-05-21,SH600085,-3.0446986463688705e-10,EXP_LGBModel_Alpha158_csi300_custom_step0_s_20260521_18,74f7e0be47ea43279d614e40d1a391ab,0.057,,,
2785,2026-05-21,SH600061,-0.0017501426207716044,EXP_LGBModel_Alpha158_csi300_custom_step0_s_20260521_18,74f7e0be47ea43279d614e40d1a391ab,0.057,,,
2786,2026-05-21,SH600050,-0.002540953157316907,EXP_LGBModel_Alpha158_csi300_custom_step0_s_20260521_18,74f7e0be47ea43279d614e40d1a391ab,0.057,,,
2787,2026-05-21,SH600048,-0.002540953157316907,EXP_LGBModel_Alpha158_csi300_custom_step0_s_20260521_18,74f7e0be47ea43279d614e40d1a391ab,0.057,,,
2788,2026-05-21,SH600039,-3.0446986463688705e-10,EXP_LGBModel_Alpha158_csi300_custom_step0_s_20260521_18,74f7e0be47ea43279d614e40d1a391ab,0.057,,,
2789,2026-05-21,SH600036,-3.0446986463688705e-10,EXP_LGBModel_Alpha158_csi300_custom_step0_s_20260521_18,74f7e0be47ea43279d614e40d1a391ab,0.057,,,
2790,2026-05-21,SH600031,-3.0446986463688705e-10,EXP_LGBModel_Alpha158_csi300_custom_step0_s_20260521_18,74f7e0be47ea43279d614e40d1a391ab,0.057,,,
2791,2026-05-21,SH600066,-0.002540953157316907,EXP_LGBModel_Alpha158_csi300_custom_step0_s_20260521_18,74f7e0be47ea43279d614e40d1a391ab,0.057,,,
2792,2026-05-21,SZ002371,-0.23577979232132681,EXP_CatBoostModel_Alpha158_csi300_custom_step0_s_20260521_18,bad851cd2d6a4c8c947979a33024e295,0.032,,,
2793,2026-05-21,SH600176,0.004134268285429812,EXP_LGBModel_Alpha158_csi300_custom_step0_s_20260521_18,74f7e0be47ea43279d614e40d1a391ab,0.057,,,
2794,2026-05-21,SH600188,-0.002540953157316907,EXP_LGBModel_Alpha158_csi300_custom_step0_s_20260521_18,74f7e0be47ea43279d614e40d1a391ab,0.057,,,
2795,2026-05-21,SH600438,-0.002540953157316907,EXP_LGBModel_Alpha158_csi300_custom_step0_s_20260521_18,74f7e0be47ea43279d614e40d1a391ab,0.057,,,
2796,2026-05-21,SH600436,-0.002540953157316907,EXP_LGBModel_Alpha158_csi300_custom_step0_s_20260521_18,74f7e0be47ea43279d614e40d1a391ab,0.057,,,
2797,2026-05-21,SH600426,-3.0446986463688705e-10,EXP_LGBModel_Alpha158_csi300_custom_step0_s_20260521_18,74f7e0be47ea43279d614e40d1a391ab,0.057,,,
2798,2026-05-21,SH600415,-0.002540953157316907,EXP_LGBModel_Alpha158_csi300_custom_step0_s_20260521_18,74f7e0be47ea43279d614e40d1a391ab,0.057,,,
2799,2026-05-21,SH600406,-0.002540953157316907,EXP_LGBModel_Alpha158_csi300_custom_step0_s_20260521_18,74f7e0be47ea43279d614e40d1a391ab,0.057,,,
2800,2026-05-21,SH600377,0.0024289609893897836,EXP_LGBModel_Alpha158_csi300_custom_step0_s_20260521_18,74f7e0be47ea43279d614e40d1a391ab,0.057,,,
2801,2026-05-21,SH600183,-3.0446986463688705e-10,EXP_LGBModel_Alpha158_csi300_custom_step0_s_20260521_18,74f7e0be47ea43279d614e40d1a391ab,0.057,,,
2802,2026-05-21,SH600372,-0.002540953157316907,EXP_LGBModel_Alpha158_csi300_custom_step0_s_20260521_18,74f7e0be47ea43279d614e40d1a391ab,0.057,,,
2803,2026-05-21,SH600346,-0.002540953157316907,EXP_LGBModel_Alpha158_csi300_custom_step0_s_20260521_18,74f7e0be47ea43279d614e40d1a391ab,0.057,,,
2804,2026-05-21,SH600309,-3.0446986463688705e-10,EXP_LGBModel_Alpha158_csi300_custom_step0_s_20260521_18,74f7e0be47ea43279d614e40d1a391ab,0.057,,,
2805,2026-05-21,SH600276,-0.002540953157316907,EXP_LGBModel_Alpha158_csi300_custom_step0_s_20260521_18,74f7e0be47ea43279d614e40d1a391ab,0.057,,,
2806,2026-05-21,SH600233,-0.002540953157316907,EXP_LGBModel_Alpha158_csi300_custom_step0_s_20260521_18,74f7e0be47ea43279d614e40d1a391ab,0.057,,,
2807,2026-05-21,SH600219,0.004134268285429812,EXP_LGBModel_Alpha158_csi300_custom_step0_s_20260521_18,74f7e0be47ea43279d614e40d1a391ab,0.057,,,
2808,2026-05-21,SH600196,-0.002540953157316907,EXP_LGBModel_Alpha158_csi300_custom_step0_s_20260521_18,74f7e0be47ea43279d614e40d1a391ab,0.057,,,
2809,2026-05-21,SH600362,-0.002540953157316907,EXP_LGBModel_Alpha158_csi300_custom_step0_s_20260521_18,74f7e0be47ea43279d614e40d1a391ab,0.057,,,
2810,2026-05-21,SZ002920,-7.956149454931578e-05,EXP_CatBoostModel_Alpha158_csi300_custom_step0_s_20260521_18,a49c3a9eb16049e4ad38ede961a5a4c0,0.052,,,
2811,2026-05-21,SZ002916,-0.0008369177763579787,EXP_CatBoostModel_Alpha158_csi300_custom_step0_s_20260521_18,a49c3a9eb16049e4ad38ede961a5a4c0,0.052,,,
2812,2026-05-21,SZ002736,-0.0010595578108407986,EXP_CatBoostModel_Alpha158_csi300_custom_step0_s_20260521_18,a49c3a9eb16049e4ad38ede961a5a4c0,0.052,,,
2813,2026-05-21,SH688082,0.013356382271168324,EXP_CatBoostModel_Alpha158_csi300_custom_step0_s_20260521_18,45d54012168440d398441b02bd49e8e2,0.049,,,
2814,2026-05-21,SH688111,-0.0001628373495605366,EXP_CatBoostModel_Alpha158_csi300_custom_step0_s_20260521_18,45d54012168440d398441b02bd49e8e2,0.049,,,
2815,2026-05-21,SH688126,0.013356382271168324,EXP_CatBoostModel_Alpha158_csi300_custom_step0_s_20260521_18,45d54012168440d398441b02bd49e8e2,0.049,,,
2816,2026-05-21,SH688169,-0.0013630009930822868,EXP_CatBoostModel_Alpha158_csi300_custom_step0_s_20260521_18,45d54012168440d398441b02bd49e8e2,0.049,,,
2817,2026-05-21,SH688187,-0.0001628373495605366,EXP_CatBoostModel_Alpha158_csi300_custom_step0_s_20260521_18,45d54012168440d398441b02bd49e8e2,0.049,,,
2818,2026-05-21,SH688223,-0.0001628373495605366,EXP_CatBoostModel_Alpha158_csi300_custom_step0_s_20260521_18,45d54012168440d398441b02bd49e8e2,0.049,,,
2819,2026-05-21,SH688256,-0.0001628373495605366,EXP_CatBoostModel_Alpha158_csi300_custom_step0_s_20260521_18,45d54012168440d398441b02bd49e8e2,0.049,,,
2820,2026-05-21,SH688271,0.0030374344858938676,EXP_CatBoostModel_Alpha158_csi300_custom_step0_s_20260521_18,45d54012168440d398441b02bd49e8e2,0.049,,,
2821,2026-05-21,SH688303,-0.0001628373495605366,EXP_CatBoostModel_Alpha158_csi300_custom_step0_s_20260521_18,45d54012168440d398441b02bd49e8e2,0.049,,,
2822,2026-05-21,SH688396,-0.0001628373495605366,EXP_CatBoostModel_Alpha158_csi300_custom_step0_s_20260521_18,45d54012168440d398441b02bd49e8e2,0.049,,,
2823,2026-05-21,SH688472,-0.0001628373495605366,EXP_CatBoostModel_Alpha158_csi300_custom_step0_s_20260521_18,45d54012168440d398441b02bd49e8e2,0.049,,,
2824,2026-05-21,SH688506,0.004184945191539468,EXP_CatBoostModel_Alpha158_csi300_custom_step0_s_20260521_18,45d54012168440d398441b02bd49e8e2,0.049,,,
2825,2026-05-21,SH688981,-0.0001628373495605366,EXP_CatBoostModel_Alpha158_csi300_custom_step0_s_20260521_18,45d54012168440d398441b02bd49e8e2,0.049,,,
2826,2026-05-21,SZ000001,-0.004754587146294094,EXP_CatBoostModel_Alpha158_csi300_custom_step0_s_20260521_18,45d54012168440d398441b02bd49e8e2,0.049,,,
2827,2026-05-21,SZ000002,-0.0001628373495605366,EXP_CatBoostModel_Alpha158_csi300_custom_step0_s_20260521_18,45d54012168440d398441b02bd49e8e2,0.049,,,
2828,2026-05-21,SZ000063,-0.0001628373495605366,EXP_CatBoostModel_Alpha158_csi300_custom_step0_s_20260521_18,45d54012168440d398441b02bd49e8e2,0.049,,,
2829,2026-05-21,SZ000100,0.0023988324749564414,EXP_CatBoostModel_Alpha158_csi300_custom_step0_s_20260521_18,45d54012168440d398441b02bd49e8e2,0.049,,,
2830,2026-05-21,SZ000651,-0.0001628373495605366,EXP_CatBoostModel_Alpha158_csi300_custom_step0_s_20260521_18,45d54012168440d398441b02bd49e8e2,0.049,,,
2831,2026-05-21,SZ000630,-0.0001628373495605366,EXP_CatBoostModel_Alpha158_csi300_custom_step0_s_20260521_18,45d54012168440d398441b02bd49e8e2,0.049,,,
2832,2026-05-21,SZ000625,-0.0001628373495605366,EXP_CatBoostModel_Alpha158_csi300_custom_step0_s_20260521_18,45d54012168440d398441b02bd49e8e2,0.049,,,
2833,2026-05-21,SZ000617,-0.0001628373495605366,EXP_CatBoostModel_Alpha158_csi300_custom_step0_s_20260521_18,45d54012168440d398441b02bd49e8e2,0.049,,,
2834,2026-05-21,SZ000596,-0.0001628373495605366,EXP_CatBoostModel_Alpha158_csi300_custom_step0_s_20260521_18,45d54012168440d398441b02bd49e8e2,0.049,,,
2835,2026-05-21,SZ000568,-0.0001628373495605366,EXP_CatBoostModel_Alpha158_csi300_custom_step0_s_20260521_18,45d54012168440d398441b02bd49e8e2,0.049,,,
2836,2026-05-21,SH688047,-0.0001628373495605366,EXP_CatBoostModel_Alpha158_csi300_custom_step0_s_20260521_18,45d54012168440d398441b02bd49e8e2,0.049,,,
2837,2026-05-21,SZ000538,-0.0001628373495605366,EXP_CatBoostModel_Alpha158_csi300_custom_step0_s_20260521_18,45d54012168440d398441b02bd49e8e2,0.049,,,
2838,2026-05-21,SZ000408,-0.0001628373495605366,EXP_CatBoostModel_Alpha158_csi300_custom_step0_s_20260521_18,45d54012168440d398441b02bd49e8e2,0.049,,,
2839,2026-05-21,SZ000338,-0.0001628373495605366,EXP_CatBoostModel_Alpha158_csi300_custom_step0_s_20260521_18,45d54012168440d398441b02bd49e8e2,0.049,,,
2840,2026-05-21,SZ000333,-0.0001628373495605366,EXP_CatBoostModel_Alpha158_csi300_custom_step0_s_20260521_18,45d54012168440d398441b02bd49e8e2,0.049,,,
2841,2026-05-21,SZ000301,-0.0001628373495605366,EXP_CatBoostModel_Alpha158_csi300_custom_step0_s_20260521_18,45d54012168440d398441b02bd49e8e2,0.049,,,
2842,2026-05-21,SZ000166,0.0023988324749564414,EXP_CatBoostModel_Alpha158_csi300_custom_step0_s_20260521_18,45d54012168440d398441b02bd49e8e2,0.049,,,
2843,2026-05-21,SZ000157,-0.0001628373495605366,EXP_CatBoostModel_Alpha158_csi300_custom_step0_s_20260521_18,45d54012168440d398441b02bd49e8e2,0.049,,,
2844,2026-05-21,SZ000425,-0.0001628373495605366,EXP_CatBoostModel_Alpha158_csi300_custom_step0_s_20260521_18,45d54012168440d398441b02bd49e8e2,0.049,,,
2845,2026-05-21,SZ000661,-0.0001628373495605366,EXP_CatBoostModel_Alpha158_csi300_custom_step0_s_20260521_18,45d54012168440d398441b02bd49e8e2,0.049,,,
2846,2026-05-21,SH688041,-0.0001628373495605366,EXP_CatBoostModel_Alpha158_csi300_custom_step0_s_20260521_18,45d54012168440d398441b02bd49e8e2,0.049,,,
2847,2026-05-21,SH688012,-0.0001628373495605366,EXP_CatBoostModel_Alpha158_csi300_custom_step0_s_20260521_18,45d54012168440d398441b02bd49e8e2,0.049,,,
2848,2026-05-21,SH601877,-0.0001628373495605366,EXP_CatBoostModel_Alpha158_csi300_custom_step0_s_20260521_18,45d54012168440d398441b02bd49e8e2,0.049,,,
2849,2026-05-21,SH601878,0.0023988324749564414,EXP_CatBoostModel_Alpha158_csi300_custom_step0_s_20260521_18,45d54012168440d398441b02bd49e8e2,0.049,,,
2850,2026-05-21,SH601881,0.0023988324749564414,EXP_CatBoostModel_Alpha158_csi300_custom_step0_s_20260521_18,45d54012168440d398441b02bd49e8e2,0.049,,,
2851,2026-05-21,SH601888,-0.0001628373495605366,EXP_CatBoostModel_Alpha158_csi300_custom_step0_s_20260521_18,45d54012168440d398441b02bd49e8e2,0.049,,,
2852,2026-05-21,SH601898,-0.0001628373495605366,EXP_CatBoostModel_Alpha158_csi300_custom_step0_s_20260521_18,45d54012168440d398441b02bd49e8e2,0.049,,,
2853,2026-05-21,SH601899,-0.0001628373495605366,EXP_CatBoostModel_Alpha158_csi300_custom_step0_s_20260521_18,45d54012168440d398441b02bd49e8e2,0.049,,,
2854,2026-05-21,SH601901,0.0023988324749564414,EXP_CatBoostModel_Alpha158_csi300_custom_step0_s_20260521_18,45d54012168440d398441b02bd49e8e2,0.049,,,
2855,2026-05-21,SH601916,0.002092276171399846,EXP_CatBoostModel_Alpha158_csi300_custom_step0_s_20260521_18,45d54012168440d398441b02bd49e8e2,0.049,,,
2856,2026-05-21,SH601919,-0.0013630009930822868,EXP_CatBoostModel_Alpha158_csi300_custom_step0_s_20260521_18,45d54012168440d398441b02bd49e8e2,0.049,,,
2857,2026-05-21,SH601939,-0.0013630009930822868,EXP_CatBoostModel_Alpha158_csi300_custom_step0_s_20260521_18,45d54012168440d398441b02bd49e8e2,0.049,,,
2858,2026-05-21,SH601985,0.0023988324749564414,EXP_CatBoostModel_Alpha158_csi300_custom_step0_s_20260521_18,45d54012168440d398441b02bd49e8e2,0.049,,,
2859,2026-05-21,SH601988,0.0023988324749564414,EXP_CatBoostModel_Alpha158_csi300_custom_step0_s_20260521_18,45d54012168440d398441b02bd49e8e2,0.049,,,
2860,2026-05-21,SH601995,0.0023988324749564414,EXP_CatBoostModel_Alpha158_csi300_custom_step0_s_20260521_18,45d54012168440d398441b02bd49e8e2,0.049,,,
2861,2026-05-21,SH601998,0.0023988324749564414,EXP_CatBoostModel_Alpha158_csi300_custom_step0_s_20260521_18,45d54012168440d398441b02bd49e8e2,0.049,,,
2862,2026-05-21,SH603019,-0.0001628373495605366,EXP_CatBoostModel_Alpha158_csi300_custom_step0_s_20260521_18,45d54012168440d398441b02bd49e8e2,0.049,,,
2863,2026-05-21,SH603195,-0.0013630009930822868,EXP_CatBoostModel_Alpha158_csi300_custom_step0_s_20260521_18,45d54012168440d398441b02bd49e8e2,0.049,,,
2864,2026-05-21,SH603259,-0.0013630009930822868,EXP_CatBoostModel_Alpha158_csi300_custom_step0_s_20260521_18,45d54012168440d398441b02bd49e8e2,0.049,,,
2865,2026-05-21,SH688009,-0.0001628373495605366,EXP_CatBoostModel_Alpha158_csi300_custom_step0_s_20260521_18,45d54012168440d398441b02bd49e8e2,0.049,,,
2866,2026-05-21,SH688008,-0.0001628373495605366,EXP_CatBoostModel_Alpha158_csi300_custom_step0_s_20260521_18,45d54012168440d398441b02bd49e8e2,0.049,,,
2867,2026-05-21,SH605499,-0.0001628373495605366,EXP_CatBoostModel_Alpha158_csi300_custom_step0_s_20260521_18,45d54012168440d398441b02bd49e8e2,0.049,,,
2868,2026-05-21,SH605117,-0.0001628373495605366,EXP_CatBoostModel_Alpha158_csi300_custom_step0_s_20260521_18,45d54012168440d398441b02bd49e8e2,0.049,,,
2869,2026-05-21,SH603993,-0.0001628373495605366,EXP_CatBoostModel_Alpha158_csi300_custom_step0_s_20260521_18,45d54012168440d398441b02bd49e8e2,0.049,,,
2870,2026-05-21,SH603986,-0.0001628373495605366,EXP_CatBoostModel_Alpha158_csi300_custom_step0_s_20260521_18,45d54012168440d398441b02bd49e8e2,0.049,,,
2871,2026-05-21,SH688036,-0.0001628373495605366,EXP_CatBoostModel_Alpha158_csi300_custom_step0_s_20260521_18,45d54012168440d398441b02bd49e8e2,0.049,,,
2872,2026-05-21,SH603893,-0.0001628373495605366,EXP_CatBoostModel_Alpha158_csi300_custom_step0_s_20260521_18,45d54012168440d398441b02bd49e8e2,0.049,,,
2873,2026-05-21,SH603501,-0.0001628373495605366,EXP_CatBoostModel_Alpha158_csi300_custom_step0_s_20260521_18,45d54012168440d398441b02bd49e8e2,0.049,,,
2874,2026-05-21,SH603392,-0.0001628373495605366,EXP_CatBoostModel_Alpha158_csi300_custom_step0_s_20260521_18,45d54012168440d398441b02bd49e8e2,0.049,,,
2875,2026-05-21,SH603369,-0.0013630009930822868,EXP_CatBoostModel_Alpha158_csi300_custom_step0_s_20260521_18,45d54012168440d398441b02bd49e8e2,0.049,,,
2876,2026-05-21,SH603296,-0.0001628373495605366,EXP_CatBoostModel_Alpha158_csi300_custom_step0_s_20260521_18,45d54012168440d398441b02bd49e8e2,0.049,,,
2877,2026-05-21,SH603288,-0.0001628373495605366,EXP_CatBoostModel_Alpha158_csi300_custom_step0_s_20260521_18,45d54012168440d398441b02bd49e8e2,0.049,,,
2878,2026-05-21,SH603260,-0.0001628373495605366,EXP_CatBoostModel_Alpha158_csi300_custom_step0_s_20260521_18,45d54012168440d398441b02bd49e8e2,0.049,,,
2879,2026-05-21,SH603799,-0.0001628373495605366,EXP_CatBoostModel_Alpha158_csi300_custom_step0_s_20260521_18,45d54012168440d398441b02bd49e8e2,0.049,,,
2880,2026-05-21,SH601872,-0.0013630009930822868,EXP_CatBoostModel_Alpha158_csi300_custom_step0_s_20260521_18,45d54012168440d398441b02bd49e8e2,0.049,,,
2881,2026-05-21,SZ000708,-0.0001628373495605366,EXP_CatBoostModel_Alpha158_csi300_custom_step0_s_20260521_18,45d54012168440d398441b02bd49e8e2,0.049,,,
2882,2026-05-21,SZ000768,-0.0001628373495605366,EXP_CatBoostModel_Alpha158_csi300_custom_step0_s_20260521_18,45d54012168440d398441b02bd49e8e2,0.049,,,
2883,2026-05-21,SZ002459,-0.0001628373495605366,EXP_CatBoostModel_Alpha158_csi300_custom_step0_s_20260521_18,45d54012168440d398441b02bd49e8e2,0.049,,,
2884,2026-05-21,SZ002460,-0.0001628373495605366,EXP_CatBoostModel_Alpha158_csi300_custom_step0_s_20260521_18,45d54012168440d398441b02bd49e8e2,0.049,,,
2885,2026-05-21,SZ002463,-0.0001628373495605366,EXP_CatBoostModel_Alpha158_csi300_custom_step0_s_20260521_18,45d54012168440d398441b02bd49e8e2,0.049,,,
2886,2026-05-21,SZ002466,-0.0001628373495605366,EXP_CatBoostModel_Alpha158_csi300_custom_step0_s_20260521_18,45d54012168440d398441b02bd49e8e2,0.049,,,
2887,2026-05-21,SZ002475,-0.0001628373495605366,EXP_CatBoostModel_Alpha158_csi300_custom_step0_s_20260521_18,45d54012168440d398441b02bd49e8e2,0.049,,,
2888,2026-05-21,SZ002493,-0.0001628373495605366,EXP_CatBoostModel_Alpha158_csi300_custom_step0_s_20260521_18,45d54012168440d398441b02bd49e8e2,0.049,,,
2889,2026-05-21,SZ002594,-0.0001628373495605366,EXP_CatBoostModel_Alpha158_csi300_custom_step0_s_20260521_18,45d54012168440d398441b02bd49e8e2,0.049,,,
2890,2026-05-21,SZ002600,-0.0001628373495605366,EXP_CatBoostModel_Alpha158_csi300_custom_step0_s_20260521_18,45d54012168440d398441b02bd49e8e2,0.049,,,
2891,2026-05-21,SZ002601,-0.0001628373495605366,EXP_CatBoostModel_Alpha158_csi300_custom_step0_s_20260521_18,45d54012168440d398441b02bd49e8e2,0.049,,,
2892,2026-05-21,SZ002625,-0.0001628373495605366,EXP_CatBoostModel_Alpha158_csi300_custom_step0_s_20260521_18,45d54012168440d398441b02bd49e8e2,0.049,,,
2893,2026-05-21,SZ002648,-0.0001628373495605366,EXP_CatBoostModel_Alpha158_csi300_custom_step0_s_20260521_18,45d54012168440d398441b02bd49e8e2,0.049,,,
2894,2026-05-21,SZ002709,-0.0001628373495605366,EXP_CatBoostModel_Alpha158_csi300_custom_step0_s_20260521_18,45d54012168440d398441b02bd49e8e2,0.049,,,
2895,2026-05-21,SZ002714,-0.0001628373495605366,EXP_CatBoostModel_Alpha158_csi300_custom_step0_s_20260521_18,45d54012168440d398441b02bd49e8e2,0.049,,,
2896,2026-05-21,SZ002736,-0.0001628373495605366,EXP_CatBoostModel_Alpha158_csi300_custom_step0_s_20260521_18,45d54012168440d398441b02bd49e8e2,0.049,,,
2897,2026-05-21,SZ002916,-0.0008275128213139413,EXP_CatBoostModel_Alpha158_csi300_custom_step0_s_20260521_18,45d54012168440d398441b02bd49e8e2,0.049,,,
2898,2026-05-21,SZ002920,-0.0013630009930822868,EXP_CatBoostModel_Alpha158_csi300_custom_step0_s_20260521_18,45d54012168440d398441b02bd49e8e2,0.049,,,
2899,2026-05-21,SZ002938,-0.0001628373495605366,EXP_CatBoostModel_Alpha158_csi300_custom_step0_s_20260521_18,45d54012168440d398441b02bd49e8e2,0.049,,,
2900,2026-05-21,SZ300408,-0.0001628373495605366,EXP_CatBoostModel_Alpha158_csi300_custom_step0_s_20260521_18,45d54012168440d398441b02bd49e8e2,0.049,,,
2901,2026-05-21,SZ300394,-0.0001628373495605366,EXP_CatBoostModel_Alpha158_csi300_custom_step0_s_20260521_18,45d54012168440d398441b02bd49e8e2,0.049,,,
2902,2026-05-21,SZ300347,0.004184945191539468,EXP_CatBoostModel_Alpha158_csi300_custom_step0_s_20260521_18,45d54012168440d398441b02bd49e8e2,0.049,,,
2903,2026-05-21,SZ300316,-0.0001628373495605366,EXP_CatBoostModel_Alpha158_csi300_custom_step0_s_20260521_18,45d54012168440d398441b02bd49e8e2,0.049,,,
2904,2026-05-21,SZ300308,-0.0001628373495605366,EXP_CatBoostModel_Alpha158_csi300_custom_step0_s_20260521_18,45d54012168440d398441b02bd49e8e2,0.049,,,
2905,2026-05-21,SZ300274,-0.0001628373495605366,EXP_CatBoostModel_Alpha158_csi300_custom_step0_s_20260521_18,45d54012168440d398441b02bd49e8e2,0.049,,,
2906,2026-05-21,SZ002422,-0.0013630009930822868,EXP_CatBoostModel_Alpha158_csi300_custom_step0_s_20260521_18,45d54012168440d398441b02bd49e8e2,0.049,,,
2907,2026-05-21,SZ300251,-0.0001628373495605366,EXP_CatBoostModel_Alpha158_csi300_custom_step0_s_20260521_18,45d54012168440d398441b02bd49e8e2,0.049,,,
2908,2026-05-21,SZ300122,-0.0001628373495605366,EXP_CatBoostModel_Alpha158_csi300_custom_step0_s_20260521_18,45d54012168440d398441b02bd49e8e2,0.049,,,
2909,2026-05-21,SZ300059,-0.0013630009930822868,EXP_CatBoostModel_Alpha158_csi300_custom_step0_s_20260521_18,45d54012168440d398441b02bd49e8e2,0.049,,,
2910,2026-05-21,SZ300033,-0.0013630009930822868,EXP_CatBoostModel_Alpha158_csi300_custom_step0_s_20260521_18,45d54012168440d398441b02bd49e8e2,0.049,,,
2911,2026-05-21,SZ300015,-0.0001628373495605366,EXP_CatBoostModel_Alpha158_csi300_custom_step0_s_20260521_18,45d54012168440d398441b02bd49e8e2,0.049,,,
2912,2026-05-21,SZ300014,-0.0001628373495605366,EXP_CatBoostModel_Alpha158_csi300_custom_step0_s_20260521_18,45d54012168440d398441b02bd49e8e2,0.049,,,
2913,2026-05-21,SZ003816,-0.0001628373495605366,EXP_CatBoostModel_Alpha158_csi300_custom_step0_s_20260521_18,45d54012168440d398441b02bd49e8e2,0.049,,,
2914,2026-05-21,SZ300124,-0.0013630009930822868,EXP_CatBoostModel_Alpha158_csi300_custom_step0_s_20260521_18,45d54012168440d398441b02bd49e8e2,0.049,,,
2915,2026-05-21,SZ000725,-0.002620728487923393,EXP_CatBoostModel_Alpha158_csi300_custom_step0_s_20260521_18,45d54012168440d398441b02bd49e8e2,0.049,,,
2916,2026-05-21,SZ002415,-0.0001628373495605366,EXP_CatBoostModel_Alpha158_csi300_custom_step0_s_20260521_18,45d54012168440d398441b02bd49e8e2,0.049,,,
2917,2026-05-21,SZ002371,-0.0008275128213139413,EXP_CatBoostModel_Alpha158_csi300_custom_step0_s_20260521_18,45d54012168440d398441b02bd49e8e2,0.049,,,
2918,2026-05-21,SZ000776,-0.0001628373495605366,EXP_CatBoostModel_Alpha158_csi300_custom_step0_s_20260521_18,45d54012168440d398441b02bd49e8e2,0.049,,,
2919,2026-05-21,SZ000786,-0.0001628373495605366,EXP_CatBoostModel_Alpha158_csi300_custom_step0_s_20260521_18,45d54012168440d398441b02bd49e8e2,0.049,,,
2920,2026-05-21,SZ000792,-0.0001628373495605366,EXP_CatBoostModel_Alpha158_csi300_custom_step0_s_20260521_18,45d54012168440d398441b02bd49e8e2,0.049,,,
2921,2026-05-21,SZ000807,-0.0001628373495605366,EXP_CatBoostModel_Alpha158_csi300_custom_step0_s_20260521_18,45d54012168440d398441b02bd49e8e2,0.049,,,
2922,2026-05-21,SZ000858,-0.0001628373495605366,EXP_CatBoostModel_Alpha158_csi300_custom_step0_s_20260521_18,45d54012168440d398441b02bd49e8e2,0.049,,,
2923,2026-05-21,SZ000876,-0.0001628373495605366,EXP_CatBoostModel_Alpha158_csi300_custom_step0_s_20260521_18,45d54012168440d398441b02bd49e8e2,0.049,,,
2924,2026-05-21,SZ000895,-0.0001628373495605366,EXP_CatBoostModel_Alpha158_csi300_custom_step0_s_20260521_18,45d54012168440d398441b02bd49e8e2,0.049,,,
2925,2026-05-21,SZ000938,-0.0001628373495605366,EXP_CatBoostModel_Alpha158_csi300_custom_step0_s_20260521_18,45d54012168440d398441b02bd49e8e2,0.049,,,
2926,2026-05-21,SZ000963,-0.0001628373495605366,EXP_CatBoostModel_Alpha158_csi300_custom_step0_s_20260521_18,45d54012168440d398441b02bd49e8e2,0.049,,,
2927,2026-05-21,SZ000975,-0.0001628373495605366,EXP_CatBoostModel_Alpha158_csi300_custom_step0_s_20260521_18,45d54012168440d398441b02bd49e8e2,0.049,,,
2928,2026-05-21,SZ000977,-0.0001628373495605366,EXP_CatBoostModel_Alpha158_csi300_custom_step0_s_20260521_18,45d54012168440d398441b02bd49e8e2,0.049,,,
2929,2026-05-21,SZ000983,-0.0001628373495605366,EXP_CatBoostModel_Alpha158_csi300_custom_step0_s_20260521_18,45d54012168440d398441b02bd49e8e2,0.049,,,
2930,2026-05-21,SZ000999,-0.0001628373495605366,EXP_CatBoostModel_Alpha158_csi300_custom_step0_s_20260521_18,45d54012168440d398441b02bd49e8e2,0.049,,,
2931,2026-05-21,SZ001391,0.002085258200358008,EXP_CatBoostModel_Alpha158_csi300_custom_step0_s_20260521_18,45d54012168440d398441b02bd49e8e2,0.049,,,
2932,2026-05-21,SZ001965,-0.0013630009930822868,EXP_CatBoostModel_Alpha158_csi300_custom_step0_s_20260521_18,45d54012168440d398441b02bd49e8e2,0.049,,,
2933,2026-05-21,SZ001979,-0.0001628373495605366,EXP_CatBoostModel_Alpha158_csi300_custom_step0_s_20260521_18,45d54012168440d398441b02bd49e8e2,0.049,,,
2934,2026-05-21,SZ002001,-0.0001628373495605366,EXP_CatBoostModel_Alpha158_csi300_custom_step0_s_20260521_18,45d54012168440d398441b02bd49e8e2,0.049,,,
2935,2026-05-21,SZ002352,0.0023988324749564414,EXP_CatBoostModel_Alpha158_csi300_custom_step0_s_20260521_18,45d54012168440d398441b02bd49e8e2,0.049,,,
2936,2026-05-21,SZ002311,-0.0001628373495605366,EXP_CatBoostModel_Alpha158_csi300_custom_step0_s_20260521_18,45d54012168440d398441b02bd49e8e2,0.049,,,
2937,2026-05-21,SZ002304,-0.0001628373495605366,EXP_CatBoostModel_Alpha158_csi300_custom_step0_s_20260521_18,45d54012168440d398441b02bd49e8e2,0.049,,,
2938,2026-05-21,SZ002252,-0.0001628373495605366,EXP_CatBoostModel_Alpha158_csi300_custom_step0_s_20260521_18,45d54012168440d398441b02bd49e8e2,0.049,,,
2939,2026-05-21,SZ002241,-0.0001628373495605366,EXP_CatBoostModel_Alpha158_csi300_custom_step0_s_20260521_18,45d54012168440d398441b02bd49e8e2,0.049,,,
2940,2026-05-21,SZ002236,-0.0001628373495605366,EXP_CatBoostModel_Alpha158_csi300_custom_step0_s_20260521_18,45d54012168440d398441b02bd49e8e2,0.049,,,
2941,2026-05-21,SZ002384,-0.0001628373495605366,EXP_CatBoostModel_Alpha158_csi300_custom_step0_s_20260521_18,45d54012168440d398441b02bd49e8e2,0.049,,,
2942,2026-05-21,SZ002230,-0.0001628373495605366,EXP_CatBoostModel_Alpha158_csi300_custom_step0_s_20260521_18,45d54012168440d398441b02bd49e8e2,0.049,,,
2943,2026-05-21,SZ002142,-0.0013630009930822868,EXP_CatBoostModel_Alpha158_csi300_custom_step0_s_20260521_18,45d54012168440d398441b02bd49e8e2,0.049,,,
2944,2026-05-21,SZ002074,-0.0001628373495605366,EXP_CatBoostModel_Alpha158_csi300_custom_step0_s_20260521_18,45d54012168440d398441b02bd49e8e2,0.049,,,
2945,2026-05-21,SZ002050,-0.0013630009930822868,EXP_CatBoostModel_Alpha158_csi300_custom_step0_s_20260521_18,45d54012168440d398441b02bd49e8e2,0.049,,,
2946,2026-05-21,SZ002049,-0.0001628373495605366,EXP_CatBoostModel_Alpha158_csi300_custom_step0_s_20260521_18,45d54012168440d398441b02bd49e8e2,0.049,,,
2947,2026-05-21,SZ002028,-0.0001628373495605366,EXP_CatBoostModel_Alpha158_csi300_custom_step0_s_20260521_18,45d54012168440d398441b02bd49e8e2,0.049,,,
2948,2026-05-21,SZ002027,-0.0001628373495605366,EXP_CatBoostModel_Alpha158_csi300_custom_step0_s_20260521_18,45d54012168440d398441b02bd49e8e2,0.049,,,
2949,2026-05-21,SZ002179,-0.0001628373495605366,EXP_CatBoostModel_Alpha158_csi300_custom_step0_s_20260521_18,45d54012168440d398441b02bd49e8e2,0.049,,,
2950,2026-05-21,SH601868,-0.0001628373495605366,EXP_CatBoostModel_Alpha158_csi300_custom_step0_s_20260521_18,45d54012168440d398441b02bd49e8e2,0.049,,,
2951,2026-05-21,SH601857,-0.0001628373495605366,EXP_CatBoostModel_Alpha158_csi300_custom_step0_s_20260521_18,45d54012168440d398441b02bd49e8e2,0.049,,,
2952,2026-05-21,SH601838,-0.0013630009930822868,EXP_CatBoostModel_Alpha158_csi300_custom_step0_s_20260521_18,45d54012168440d398441b02bd49e8e2,0.049,,,
2953,2026-05-21,SH600276,-0.0013630009930822868,EXP_CatBoostModel_Alpha158_csi300_custom_step0_s_20260521_18,45d54012168440d398441b02bd49e8e2,0.049,,,
2954,2026-05-21,SH600309,-0.0001628373495605366,EXP_CatBoostModel_Alpha158_csi300_custom_step0_s_20260521_18,45d54012168440d398441b02bd49e8e2,0.049,,,
2955,2026-05-21,SH600346,-0.0001628373495605366,EXP_CatBoostModel_Alpha158_csi300_custom_step0_s_20260521_18,45d54012168440d398441b02bd49e8e2,0.049,,,
2956,2026-05-21,SH600362,-0.0001628373495605366,EXP_CatBoostModel_Alpha158_csi300_custom_step0_s_20260521_18,45d54012168440d398441b02bd49e8e2,0.049,,,
2957,2026-05-21,SH600372,-0.0001628373495605366,EXP_CatBoostModel_Alpha158_csi300_custom_step0_s_20260521_18,45d54012168440d398441b02bd49e8e2,0.049,,,
2958,2026-05-21,SH600377,-0.0013630009930822868,EXP_CatBoostModel_Alpha158_csi300_custom_step0_s_20260521_18,45d54012168440d398441b02bd49e8e2,0.049,,,
2959,2026-05-21,SH600406,0.0023988324749564414,EXP_CatBoostModel_Alpha158_csi300_custom_step0_s_20260521_18,45d54012168440d398441b02bd49e8e2,0.049,,,
2960,2026-05-21,SH600415,-0.0001628373495605366,EXP_CatBoostModel_Alpha158_csi300_custom_step0_s_20260521_18,45d54012168440d398441b02bd49e8e2,0.049,,,
2961,2026-05-21,SH600426,-0.0001628373495605366,EXP_CatBoostModel_Alpha158_csi300_custom_step0_s_20260521_18,45d54012168440d398441b02bd49e8e2,0.049,,,
2962,2026-05-21,SH600436,-0.0001628373495605366,EXP_CatBoostModel_Alpha158_csi300_custom_step0_s_20260521_18,45d54012168440d398441b02bd49e8e2,0.049,,,
2963,2026-05-21,SH600438,-0.0001628373495605366,EXP_CatBoostModel_Alpha158_csi300_custom_step0_s_20260521_18,45d54012168440d398441b02bd49e8e2,0.049,,,
2964,2026-05-21,SH600460,-0.0001628373495605366,EXP_CatBoostModel_Alpha158_csi300_custom_step0_s_20260521_18,45d54012168440d398441b02bd49e8e2,0.049,,,
2965,2026-05-21,SH600482,-0.0001628373495605366,EXP_CatBoostModel_Alpha158_csi300_custom_step0_s_20260521_18,45d54012168440d398441b02bd49e8e2,0.049,,,
2966,2026-05-21,SH600489,-0.0001628373495605366,EXP_CatBoostModel_Alpha158_csi300_custom_step0_s_20260521_18,45d54012168440d398441b02bd49e8e2,0.049,,,
2967,2026-05-21,SH600515,-0.0001628373495605366,EXP_CatBoostModel_Alpha158_csi300_custom_step0_s_20260521_18,45d54012168440d398441b02bd49e8e2,0.049,,,
2968,2026-05-21,SH600519,-0.0001628373495605366,EXP_CatBoostModel_Alpha158_csi300_custom_step0_s_20260521_18,45d54012168440d398441b02bd49e8e2,0.049,,,
2969,2026-05-21,SH600522,-0.0001628373495605366,EXP_CatBoostModel_Alpha158_csi300_custom_step0_s_20260521_18,45d54012168440d398441b02bd49e8e2,0.049,,,
2970,2026-05-21,SH600809,-0.0001628373495605366,EXP_CatBoostModel_Alpha158_csi300_custom_step0_s_20260521_18,45d54012168440d398441b02bd49e8e2,0.049,,,
2971,2026-05-21,SH600803,0.00423971657655591,EXP_CatBoostModel_Alpha158_csi300_custom_step0_s_20260521_18,45d54012168440d398441b02bd49e8e2,0.049,,,
2972,2026-05-21,SH600795,0.0023988324749564414,EXP_CatBoostModel_Alpha158_csi300_custom_step0_s_20260521_18,45d54012168440d398441b02bd49e8e2,0.049,,,
2973,2026-05-21,SH600760,-0.0001628373495605366,EXP_CatBoostModel_Alpha158_csi300_custom_step0_s_20260521_18,45d54012168440d398441b02bd49e8e2,0.049,,,
2974,2026-05-21,SH600741,-0.0001628373495605366,EXP_CatBoostModel_Alpha158_csi300_custom_step0_s_20260521_18,45d54012168440d398441b02bd49e8e2,0.049,,,
2975,2026-05-21,SH600690,0.0023988324749564414,EXP_CatBoostModel_Alpha158_csi300_custom_step0_s_20260521_18,45d54012168440d398441b02bd49e8e2,0.049,,,
2976,2026-05-21,SH600233,-0.0001628373495605366,EXP_CatBoostModel_Alpha158_csi300_custom_step0_s_20260521_18,45d54012168440d398441b02bd49e8e2,0.049,,,
2977,2026-05-21,SH600674,0.001141780973934756,EXP_CatBoostModel_Alpha158_csi300_custom_step0_s_20260521_18,45d54012168440d398441b02bd49e8e2,0.049,,,
2978,2026-05-21,SH600600,0.0023988324749564414,EXP_CatBoostModel_Alpha158_csi300_custom_step0_s_20260521_18,45d54012168440d398441b02bd49e8e2,0.049,,,
2979,2026-05-21,SH600588,-0.0001628373495605366,EXP_CatBoostModel_Alpha158_csi300_custom_step0_s_20260521_18,45d54012168440d398441b02bd49e8e2,0.049,,,
2980,2026-05-21,SH600585,-0.0001628373495605366,EXP_CatBoostModel_Alpha158_csi300_custom_step0_s_20260521_18,45d54012168440d398441b02bd49e8e2,0.049,,,
2981,2026-05-21,SH600584,0.013356382271168324,EXP_CatBoostModel_Alpha158_csi300_custom_step0_s_20260521_18,45d54012168440d398441b02bd49e8e2,0.049,,,
2982,2026-05-21,SH600570,0.0023988324749564414,EXP_CatBoostModel_Alpha158_csi300_custom_step0_s_20260521_18,45d54012168440d398441b02bd49e8e2,0.049,,,
2983,2026-05-21,SH600547,-0.0001628373495605366,EXP_CatBoostModel_Alpha158_csi300_custom_step0_s_20260521_18,45d54012168440d398441b02bd49e8e2,0.049,,,
2984,2026-05-21,SH600660,-0.0001628373495605366,EXP_CatBoostModel_Alpha158_csi300_custom_step0_s_20260521_18,45d54012168440d398441b02bd49e8e2,0.049,,,
2985,2026-05-21,SH600845,-0.0001628373495605366,EXP_CatBoostModel_Alpha158_csi300_custom_step0_s_20260521_18,45d54012168440d398441b02bd49e8e2,0.049,,,
2986,2026-05-21,SH600219,-0.0001628373495605366,EXP_CatBoostModel_Alpha158_csi300_custom_step0_s_20260521_18,45d54012168440d398441b02bd49e8e2,0.049,,,
2987,2026-05-21,SH600188,-0.0001628373495605366,EXP_CatBoostModel_Alpha158_csi300_custom_step0_s_20260521_18,45d54012168440d398441b02bd49e8e2,0.049,,,
2988,2026-05-21,SH600009,-0.0001628373495605366,EXP_CatBoostModel_Alpha158_csi300_custom_step0_s_20260521_18,45d54012168440d398441b02bd49e8e2,0.049,,,
2989,2026-05-21,SH600010,-0.0001628373495605366,EXP_CatBoostModel_Alpha158_csi300_custom_step0_s_20260521_18,45d54012168440d398441b02bd49e8e2,0.049,,,
2990,2026-05-21,SH600011,-0.0001628373495605366,EXP_CatBoostModel_Alpha158_csi300_custom_step0_s_20260521_18,45d54012168440d398441b02bd49e8e2,0.049,,,
2991,2026-05-21,SH600015,-0.0013630009930822868,EXP_CatBoostModel_Alpha158_csi300_custom_step0_s_20260521_18,45d54012168440d398441b02bd49e8e2,0.049,,,
2992,2026-05-21,SH600016,0.0023988324749564414,EXP_CatBoostModel_Alpha158_csi300_custom_step0_s_20260521_18,45d54012168440d398441b02bd49e8e2,0.049,,,
2993,2026-05-21,SH600018,0.001141780973934756,EXP_CatBoostModel_Alpha158_csi300_custom_step0_s_20260521_18,45d54012168440d398441b02bd49e8e2,0.049,,,
2994,2026-05-21,SH600019,-0.0001628373495605366,EXP_CatBoostModel_Alpha158_csi300_custom_step0_s_20260521_18,45d54012168440d398441b02bd49e8e2,0.049,,,
2995,2026-05-21,SH600023,-0.0001628373495605366,EXP_CatBoostModel_Alpha158_csi300_custom_step0_s_20260521_18,45d54012168440d398441b02bd49e8e2,0.049,,,
2996,2026-05-21,SH600025,0.0023988324749564414,EXP_CatBoostModel_Alpha158_csi300_custom_step0_s_20260521_18,45d54012168440d398441b02bd49e8e2,0.049,,,
2997,2026-05-21,SH600026,-0.0001628373495605366,EXP_CatBoostModel_Alpha158_csi300_custom_step0_s_20260521_18,45d54012168440d398441b02bd49e8e2,0.049,,,
2998,2026-05-21,SH600027,-0.0001628373495605366,EXP_CatBoostModel_Alpha158_csi300_custom_step0_s_20260521_18,45d54012168440d398441b02bd49e8e2,0.049,,,
2999,2026-05-21,SH600028,-0.0001628373495605366,EXP_CatBoostModel_Alpha158_csi300_custom_step0_s_20260521_18,45d54012168440d398441b02bd49e8e2,0.049,,,
3000,2026-05-21,SH600029,-0.0001628373495605366,EXP_CatBoostModel_Alpha158_csi300_custom_step0_s_20260521_18,45d54012168440d398441b02bd49e8e2,0.049,,,
3001,2026-05-21,SH600030,-0.0001628373495605366,EXP_CatBoostModel_Alpha158_csi300_custom_step0_s_20260521_18,45d54012168440d398441b02bd49e8e2,0.049,,,
3002,2026-05-21,SH600031,-0.0001628373495605366,EXP_CatBoostModel_Alpha158_csi300_custom_step0_s_20260521_18,45d54012168440d398441b02bd49e8e2,0.049,,,
3003,2026-05-21,SH600036,-0.0001628373495605366,EXP_CatBoostModel_Alpha158_csi300_custom_step0_s_20260521_18,45d54012168440d398441b02bd49e8e2,0.049,,,
3004,2026-05-21,SH600039,-0.0001628373495605366,EXP_CatBoostModel_Alpha158_csi300_custom_step0_s_20260521_18,45d54012168440d398441b02bd49e8e2,0.049,,,
3005,2026-05-21,SH600183,-0.0001628373495605366,EXP_CatBoostModel_Alpha158_csi300_custom_step0_s_20260521_18,45d54012168440d398441b02bd49e8e2,0.049,,,
3006,2026-05-21,SH600176,-0.0001628373495605366,EXP_CatBoostModel_Alpha158_csi300_custom_step0_s_20260521_18,45d54012168440d398441b02bd49e8e2,0.049,,,
3007,2026-05-21,SH600161,-0.0013630009930822868,EXP_CatBoostModel_Alpha158_csi300_custom_step0_s_20260521_18,45d54012168440d398441b02bd49e8e2,0.049,,,
3008,2026-05-21,SH600160,-0.0001628373495605366,EXP_CatBoostModel_Alpha158_csi300_custom_step0_s_20260521_18,45d54012168440d398441b02bd49e8e2,0.049,,,
3009,2026-05-21,SH600150,-0.0001628373495605366,EXP_CatBoostModel_Alpha158_csi300_custom_step0_s_20260521_18,45d54012168440d398441b02bd49e8e2,0.049,,,
3010,2026-05-21,SH600115,-0.0001628373495605366,EXP_CatBoostModel_Alpha158_csi300_custom_step0_s_20260521_18,45d54012168440d398441b02bd49e8e2,0.049,,,
3011,2026-05-21,SH600196,-0.0001628373495605366,EXP_CatBoostModel_Alpha158_csi300_custom_step0_s_20260521_18,45d54012168440d398441b02bd49e8e2,0.049,,,
3012,2026-05-21,SH600111,-0.0001628373495605366,EXP_CatBoostModel_Alpha158_csi300_custom_step0_s_20260521_18,45d54012168440d398441b02bd49e8e2,0.049,,,
3013,2026-05-21,SH600089,-0.0001628373495605366,EXP_CatBoostModel_Alpha158_csi300_custom_step0_s_20260521_18,45d54012168440d398441b02bd49e8e2,0.049,,,
3014,2026-05-21,SH600085,-0.0001628373495605366,EXP_CatBoostModel_Alpha158_csi300_custom_step0_s_20260521_18,45d54012168440d398441b02bd49e8e2,0.049,,,
3015,2026-05-21,SH600066,-0.0001628373495605366,EXP_CatBoostModel_Alpha158_csi300_custom_step0_s_20260521_18,45d54012168440d398441b02bd49e8e2,0.049,,,
3016,2026-05-21,SH600061,-0.0001628373495605366,EXP_CatBoostModel_Alpha158_csi300_custom_step0_s_20260521_18,45d54012168440d398441b02bd49e8e2,0.049,,,
3017,2026-05-21,SH600050,-0.0001628373495605366,EXP_CatBoostModel_Alpha158_csi300_custom_step0_s_20260521_18,45d54012168440d398441b02bd49e8e2,0.049,,,
3018,2026-05-21,SH600048,-0.0001628373495605366,EXP_CatBoostModel_Alpha158_csi300_custom_step0_s_20260521_18,45d54012168440d398441b02bd49e8e2,0.049,,,
3019,2026-05-21,SH600104,-0.0001628373495605366,EXP_CatBoostModel_Alpha158_csi300_custom_step0_s_20260521_18,45d54012168440d398441b02bd49e8e2,0.049,,,
3020,2026-05-21,SH600875,-0.0001628373495605366,EXP_CatBoostModel_Alpha158_csi300_custom_step0_s_20260521_18,45d54012168440d398441b02bd49e8e2,0.049,,,
3021,2026-05-21,SH600886,0.0023988324749564414,EXP_CatBoostModel_Alpha158_csi300_custom_step0_s_20260521_18,45d54012168440d398441b02bd49e8e2,0.049,,,
3022,2026-05-21,SH600887,-0.0001628373495605366,EXP_CatBoostModel_Alpha158_csi300_custom_step0_s_20260521_18,45d54012168440d398441b02bd49e8e2,0.049,,,
3023,2026-05-21,SH601288,-0.0013630009930822868,EXP_CatBoostModel_Alpha158_csi300_custom_step0_s_20260521_18,45d54012168440d398441b02bd49e8e2,0.049,,,
3024,2026-05-21,SH601298,0.0023988324749564414,EXP_CatBoostModel_Alpha158_csi300_custom_step0_s_20260521_18,45d54012168440d398441b02bd49e8e2,0.049,,,
3025,2026-05-21,SH601318,-0.0001628373495605366,EXP_CatBoostModel_Alpha158_csi300_custom_step0_s_20260521_18,45d54012168440d398441b02bd49e8e2,0.049,,,
3026,2026-05-21,SH601319,-0.0001628373495605366,EXP_CatBoostModel_Alpha158_csi300_custom_step0_s_20260521_18,45d54012168440d398441b02bd49e8e2,0.049,,,
3027,2026-05-21,SH601328,0.0023988324749564414,EXP_CatBoostModel_Alpha158_csi300_custom_step0_s_20260521_18,45d54012168440d398441b02bd49e8e2,0.049,,,
3028,2026-05-21,SH601336,-0.0001628373495605366,EXP_CatBoostModel_Alpha158_csi300_custom_step0_s_20260521_18,45d54012168440d398441b02bd49e8e2,0.049,,,
3029,2026-05-21,SH601360,-0.0001628373495605366,EXP_CatBoostModel_Alpha158_csi300_custom_step0_s_20260521_18,45d54012168440d398441b02bd49e8e2,0.049,,,
3030,2026-05-21,SH601377,0.0023988324749564414,EXP_CatBoostModel_Alpha158_csi300_custom_step0_s_20260521_18,45d54012168440d398441b02bd49e8e2,0.049,,,
3031,2026-05-21,SH601390,-0.0001628373495605366,EXP_CatBoostModel_Alpha158_csi300_custom_step0_s_20260521_18,45d54012168440d398441b02bd49e8e2,0.049,,,
3032,2026-05-21,SH601398,0.0023988324749564414,EXP_CatBoostModel_Alpha158_csi300_custom_step0_s_20260521_18,45d54012168440d398441b02bd49e8e2,0.049,,,
3033,2026-05-21,SH601456,0.0023988324749564414,EXP_CatBoostModel_Alpha158_csi300_custom_step0_s_20260521_18,45d54012168440d398441b02bd49e8e2,0.049,,,
3034,2026-05-21,SH601600,-0.0001628373495605366,EXP_CatBoostModel_Alpha158_csi300_custom_step0_s_20260521_18,45d54012168440d398441b02bd49e8e2,0.049,,,
3035,2026-05-21,SH601601,-0.0001628373495605366,EXP_CatBoostModel_Alpha158_csi300_custom_step0_s_20260521_18,45d54012168440d398441b02bd49e8e2,0.049,,,
3036,2026-05-21,SH601607,0.0023988324749564414,EXP_CatBoostModel_Alpha158_csi300_custom_step0_s_20260521_18,45d54012168440d398441b02bd49e8e2,0.049,,,
3037,2026-05-21,SH601618,0.0023988324749564414,EXP_CatBoostModel_Alpha158_csi300_custom_step0_s_20260521_18,45d54012168440d398441b02bd49e8e2,0.049,,,
3038,2026-05-21,SH601628,-0.0001628373495605366,EXP_CatBoostModel_Alpha158_csi300_custom_step0_s_20260521_18,45d54012168440d398441b02bd49e8e2,0.049,,,
3039,2026-05-21,SH601633,-0.0001628373495605366,EXP_CatBoostModel_Alpha158_csi300_custom_step0_s_20260521_18,45d54012168440d398441b02bd49e8e2,0.049,,,
3040,2026-05-21,SH601825,-0.0001628373495605366,EXP_CatBoostModel_Alpha158_csi300_custom_step0_s_20260521_18,45d54012168440d398441b02bd49e8e2,0.049,,,
3041,2026-05-21,SH601818,0.0023988324749564414,EXP_CatBoostModel_Alpha158_csi300_custom_step0_s_20260521_18,45d54012168440d398441b02bd49e8e2,0.049,,,
3042,2026-05-21,SH601816,0.0023988324749564414,EXP_CatBoostModel_Alpha158_csi300_custom_step0_s_20260521_18,45d54012168440d398441b02bd49e8e2,0.049,,,
3043,2026-05-21,SH601808,-0.0001628373495605366,EXP_CatBoostModel_Alpha158_csi300_custom_step0_s_20260521_18,45d54012168440d398441b02bd49e8e2,0.049,,,
3044,2026-05-21,SH601800,-0.0001628373495605366,EXP_CatBoostModel_Alpha158_csi300_custom_step0_s_20260521_18,45d54012168440d398441b02bd49e8e2,0.049,,,
3045,2026-05-21,SH601788,-0.0001628373495605366,EXP_CatBoostModel_Alpha158_csi300_custom_step0_s_20260521_18,45d54012168440d398441b02bd49e8e2,0.049,,,
3046,2026-05-21,SH601238,-0.0001628373495605366,EXP_CatBoostModel_Alpha158_csi300_custom_step0_s_20260521_18,45d54012168440d398441b02bd49e8e2,0.049,,,
3047,2026-05-21,SH601766,-0.0001628373495605366,EXP_CatBoostModel_Alpha158_csi300_custom_step0_s_20260521_18,45d54012168440d398441b02bd49e8e2,0.049,,,
3048,2026-05-21,SH601698,-0.0001628373495605366,EXP_CatBoostModel_Alpha158_csi300_custom_step0_s_20260521_18,45d54012168440d398441b02bd49e8e2,0.049,,,
3049,2026-05-21,SH601689,-0.0013630009930822868,EXP_CatBoostModel_Alpha158_csi300_custom_step0_s_20260521_18,45d54012168440d398441b02bd49e8e2,0.049,,,
3050,2026-05-21,SH601688,-0.0001628373495605366,EXP_CatBoostModel_Alpha158_csi300_custom_step0_s_20260521_18,45d54012168440d398441b02bd49e8e2,0.049,,,
3051,2026-05-21,SH601669,-0.0001628373495605366,EXP_CatBoostModel_Alpha158_csi300_custom_step0_s_20260521_18,45d54012168440d398441b02bd49e8e2,0.049,,,
3052,2026-05-21,SH601668,0.001141780973934756,EXP_CatBoostModel_Alpha158_csi300_custom_step0_s_20260521_18,45d54012168440d398441b02bd49e8e2,0.049,,,
3053,2026-05-21,SH601658,0.001141780973934756,EXP_CatBoostModel_Alpha158_csi300_custom_step0_s_20260521_18,45d54012168440d398441b02bd49e8e2,0.049,,,
3054,2026-05-21,SH601728,-0.0001628373495605366,EXP_CatBoostModel_Alpha158_csi300_custom_step0_s_20260521_18,45d54012168440d398441b02bd49e8e2,0.049,,,
3055,2026-05-21,SH601236,-0.0001628373495605366,EXP_CatBoostModel_Alpha158_csi300_custom_step0_s_20260521_18,45d54012168440d398441b02bd49e8e2,0.049,,,
3056,2026-05-21,SH601229,-0.0001628373495605366,EXP_CatBoostModel_Alpha158_csi300_custom_step0_s_20260521_18,45d54012168440d398441b02bd49e8e2,0.049,,,
3057,2026-05-21,SH601225,-0.0001628373495605366,EXP_CatBoostModel_Alpha158_csi300_custom_step0_s_20260521_18,45d54012168440d398441b02bd49e8e2,0.049,,,
3058,2026-05-21,SH601009,-0.0001628373495605366,EXP_CatBoostModel_Alpha158_csi300_custom_step0_s_20260521_18,45d54012168440d398441b02bd49e8e2,0.049,,,
3059,2026-05-21,SH601006,0.0023988324749564414,EXP_CatBoostModel_Alpha158_csi300_custom_step0_s_20260521_18,45d54012168440d398441b02bd49e8e2,0.049,,,
3060,2026-05-21,SH600999,-0.0001628373495605366,EXP_CatBoostModel_Alpha158_csi300_custom_step0_s_20260521_18,45d54012168440d398441b02bd49e8e2,0.049,,,
3061,2026-05-21,SH600989,-0.0001628373495605366,EXP_CatBoostModel_Alpha158_csi300_custom_step0_s_20260521_18,45d54012168440d398441b02bd49e8e2,0.049,,,
3062,2026-05-21,SH600958,-0.0001628373495605366,EXP_CatBoostModel_Alpha158_csi300_custom_step0_s_20260521_18,45d54012168440d398441b02bd49e8e2,0.049,,,
3063,2026-05-21,SH600941,0.0023988324749564414,EXP_CatBoostModel_Alpha158_csi300_custom_step0_s_20260521_18,45d54012168440d398441b02bd49e8e2,0.049,,,
3064,2026-05-21,SH601012,-0.0001628373495605366,EXP_CatBoostModel_Alpha158_csi300_custom_step0_s_20260521_18,45d54012168440d398441b02bd49e8e2,0.049,,,
3065,2026-05-21,SH600938,-0.0001628373495605366,EXP_CatBoostModel_Alpha158_csi300_custom_step0_s_20260521_18,45d54012168440d398441b02bd49e8e2,0.049,,,
3066,2026-05-21,SH600926,-0.0001628373495605366,EXP_CatBoostModel_Alpha158_csi300_custom_step0_s_20260521_18,45d54012168440d398441b02bd49e8e2,0.049,,,
3067,2026-05-21,SH600919,0.0023988324749564414,EXP_CatBoostModel_Alpha158_csi300_custom_step0_s_20260521_18,45d54012168440d398441b02bd49e8e2,0.049,,,
3068,2026-05-21,SH600918,0.0023988324749564414,EXP_CatBoostModel_Alpha158_csi300_custom_step0_s_20260521_18,45d54012168440d398441b02bd49e8e2,0.049,,,
3069,2026-05-21,SH600905,0.0023988324749564414,EXP_CatBoostModel_Alpha158_csi300_custom_step0_s_20260521_18,45d54012168440d398441b02bd49e8e2,0.049,,,
3070,2026-05-21,SH600900,0.0023988324749564414,EXP_CatBoostModel_Alpha158_csi300_custom_step0_s_20260521_18,45d54012168440d398441b02bd49e8e2,0.049,,,
3071,2026-05-21,SH600893,-0.0001628373495605366,EXP_CatBoostModel_Alpha158_csi300_custom_step0_s_20260521_18,45d54012168440d398441b02bd49e8e2,0.049,,,
3072,2026-05-21,SH600930,-0.0001628373495605366,EXP_CatBoostModel_Alpha158_csi300_custom_step0_s_20260521_18,45d54012168440d398441b02bd49e8e2,0.049,,,
3073,2026-05-21,SZ300413,-0.0001628373495605366,EXP_CatBoostModel_Alpha158_csi300_custom_step0_s_20260521_18,45d54012168440d398441b02bd49e8e2,0.049,,,
3074,2026-05-21,SH601018,-0.0001628373495605366,EXP_CatBoostModel_Alpha158_csi300_custom_step0_s_20260521_18,45d54012168440d398441b02bd49e8e2,0.049,,,
3075,2026-05-21,SH601058,-0.0013630009930822868,EXP_CatBoostModel_Alpha158_csi300_custom_step0_s_20260521_18,45d54012168440d398441b02bd49e8e2,0.049,,,
3076,2026-05-21,SH601211,-0.0001628373495605366,EXP_CatBoostModel_Alpha158_csi300_custom_step0_s_20260521_18,45d54012168440d398441b02bd49e8e2,0.049,,,
3077,2026-05-21,SH601186,-0.0001628373495605366,EXP_CatBoostModel_Alpha158_csi300_custom_step0_s_20260521_18,45d54012168440d398441b02bd49e8e2,0.049,,,
3078,2026-05-21,SH601169,-0.004754587146294094,EXP_CatBoostModel_Alpha158_csi300_custom_step0_s_20260521_18,45d54012168440d398441b02bd49e8e2,0.049,,,
3079,2026-05-21,SH601166,-0.0001628373495605366,EXP_CatBoostModel_Alpha158_csi300_custom_step0_s_20260521_18,45d54012168440d398441b02bd49e8e2,0.049,,,
3080,2026-05-21,SH601138,-0.0001628373495605366,EXP_CatBoostModel_Alpha158_csi300_custom_step0_s_20260521_18,45d54012168440d398441b02bd49e8e2,0.049,,,
3081,2026-05-21,SH601136,-0.0001628373495605366,EXP_CatBoostModel_Alpha158_csi300_custom_step0_s_20260521_18,45d54012168440d398441b02bd49e8e2,0.049,,,
3082,2026-05-21,SH601021,-0.0013630009930822868,EXP_CatBoostModel_Alpha158_csi300_custom_step0_s_20260521_18,45d54012168440d398441b02bd49e8e2,0.049,,,
3083,2026-05-21,SH601127,-0.0013630009930822868,EXP_CatBoostModel_Alpha158_csi300_custom_step0_s_20260521_18,45d54012168440d398441b02bd49e8e2,0.049,,,
3084,2026-05-21,SH601111,-0.0001628373495605366,EXP_CatBoostModel_Alpha158_csi300_custom_step0_s_20260521_18,45d54012168440d398441b02bd49e8e2,0.049,,,
3085,2026-05-21,SH601100,-0.0013630009930822868,EXP_CatBoostModel_Alpha158_csi300_custom_step0_s_20260521_18,45d54012168440d398441b02bd49e8e2,0.049,,,
3086,2026-05-21,SH601088,-0.0001628373495605366,EXP_CatBoostModel_Alpha158_csi300_custom_step0_s_20260521_18,45d54012168440d398441b02bd49e8e2,0.049,,,
3087,2026-05-21,SH601077,-0.0001628373495605366,EXP_CatBoostModel_Alpha158_csi300_custom_step0_s_20260521_18,45d54012168440d398441b02bd49e8e2,0.049,,,
3088,2026-05-21,SH601066,-0.0013630009930822868,EXP_CatBoostModel_Alpha158_csi300_custom_step0_s_20260521_18,45d54012168440d398441b02bd49e8e2,0.049,,,
3089,2026-05-21,SH601059,0.0023988324749564414,EXP_CatBoostModel_Alpha158_csi300_custom_step0_s_20260521_18,45d54012168440d398441b02bd49e8e2,0.049,,,
3090,2026-05-21,SH601117,-0.0001628373495605366,EXP_CatBoostModel_Alpha158_csi300_custom_step0_s_20260521_18,45d54012168440d398441b02bd49e8e2,0.049,,,
3091,2026-05-21,SZ300418,-0.0001628373495605366,EXP_CatBoostModel_Alpha158_csi300_custom_step0_s_20260521_18,45d54012168440d398441b02bd49e8e2,0.049,,,
3092,2026-05-21,SZ300433,-0.0001628373495605366,EXP_CatBoostModel_Alpha158_csi300_custom_step0_s_20260521_18,45d54012168440d398441b02bd49e8e2,0.049,,,
3093,2026-05-21,SZ300442,-0.0001628373495605366,EXP_CatBoostModel_Alpha158_csi300_custom_step0_s_20260521_18,45d54012168440d398441b02bd49e8e2,0.049,,,
3094,2026-05-21,SH603259,-0.001946750522370379,EXP_CatBoostModel_Alpha158_csi300_custom_step0_s_20260521_18,a49c3a9eb16049e4ad38ede961a5a4c0,0.052,,,
3095,2026-05-21,SH603260,-0.0017241104878875592,EXP_CatBoostModel_Alpha158_csi300_custom_step0_s_20260521_18,a49c3a9eb16049e4ad38ede961a5a4c0,0.052,,,
3096,2026-05-21,SH603288,-0.0016243592946150044,EXP_CatBoostModel_Alpha158_csi300_custom_step0_s_20260521_18,a49c3a9eb16049e4ad38ede961a5a4c0,0.052,,,
3097,2026-05-21,SH603296,-0.001946750522370379,EXP_CatBoostModel_Alpha158_csi300_custom_step0_s_20260521_18,a49c3a9eb16049e4ad38ede961a5a4c0,0.052,,,
3098,2026-05-21,SH603369,-0.0022588932042611433,EXP_CatBoostModel_Alpha158_csi300_custom_step0_s_20260521_18,a49c3a9eb16049e4ad38ede961a5a4c0,0.052,,,
3099,2026-05-21,SH603392,-0.001946750522370379,EXP_CatBoostModel_Alpha158_csi300_custom_step0_s_20260521_18,a49c3a9eb16049e4ad38ede961a5a4c0,0.052,,,
3100,2026-05-21,SH603501,-0.0022588932042611433,EXP_CatBoostModel_Alpha158_csi300_custom_step0_s_20260521_18,a49c3a9eb16049e4ad38ede961a5a4c0,0.052,,,
3101,2026-05-21,SH603799,-0.004172537860550617,EXP_CatBoostModel_Alpha158_csi300_custom_step0_s_20260521_18,a49c3a9eb16049e4ad38ede961a5a4c0,0.052,,,
3102,2026-05-21,SH603893,-0.0008369177763579787,EXP_CatBoostModel_Alpha158_csi300_custom_step0_s_20260521_18,a49c3a9eb16049e4ad38ede961a5a4c0,0.052,,,
3103,2026-05-21,SH603986,0.005832631089036391,EXP_CatBoostModel_Alpha158_csi300_custom_step0_s_20260521_18,a49c3a9eb16049e4ad38ede961a5a4c0,0.052,,,
3104,2026-05-21,SH603993,-0.004172537860550617,EXP_CatBoostModel_Alpha158_csi300_custom_step0_s_20260521_18,a49c3a9eb16049e4ad38ede961a5a4c0,0.052,,,
3105,2026-05-21,SH605117,-0.0017241104878875592,EXP_CatBoostModel_Alpha158_csi300_custom_step0_s_20260521_18,a49c3a9eb16049e4ad38ede961a5a4c0,0.052,,,
3106,2026-05-21,SH605499,-0.003949897826067798,EXP_CatBoostModel_Alpha158_csi300_custom_step0_s_20260521_18,a49c3a9eb16049e4ad38ede961a5a4c0,0.052,,,
3107,2026-05-21,SH688008,-0.0077774024016664025,EXP_CatBoostModel_Alpha158_csi300_custom_step0_s_20260521_18,a49c3a9eb16049e4ad38ede961a5a4c0,0.052,,,
3108,2026-05-21,SH688009,-0.0016243592946150044,EXP_CatBoostModel_Alpha158_csi300_custom_step0_s_20260521_18,a49c3a9eb16049e4ad38ede961a5a4c0,0.052,,,
3109,2026-05-21,SH688012,-0.0077774024016664025,EXP_CatBoostModel_Alpha158_csi300_custom_step0_s_20260521_18,a49c3a9eb16049e4ad38ede961a5a4c0,0.052,,,
3110,2026-05-21,SH688036,-0.0008369177763579787,EXP_CatBoostModel_Alpha158_csi300_custom_step0_s_20260521_18,a49c3a9eb16049e4ad38ede961a5a4c0,0.052,,,
3111,2026-05-21,SH688506,-0.003949897826067798,EXP_CatBoostModel_Alpha158_csi300_custom_step0_s_20260521_18,a49c3a9eb16049e4ad38ede961a5a4c0,0.052,,,
3112,2026-05-21,SH688472,-0.0017241104878875592,EXP_CatBoostModel_Alpha158_csi300_custom_step0_s_20260521_18,a49c3a9eb16049e4ad38ede961a5a4c0,0.052,,,
3113,2026-05-21,SH688396,-0.0008369177763579787,EXP_CatBoostModel_Alpha158_csi300_custom_step0_s_20260521_18,a49c3a9eb16049e4ad38ede961a5a4c0,0.052,,,
3114,2026-05-21,SH688303,-0.0017241104878875592,EXP_CatBoostModel_Alpha158_csi300_custom_step0_s_20260521_18,a49c3a9eb16049e4ad38ede961a5a4c0,0.052,,,
3115,2026-05-21,SH688271,0.001045015381578547,EXP_CatBoostModel_Alpha158_csi300_custom_step0_s_20260521_18,a49c3a9eb16049e4ad38ede961a5a4c0,0.052,,,
3116,2026-05-21,SH688256,0.005832631089036391,EXP_CatBoostModel_Alpha158_csi300_custom_step0_s_20260521_18,a49c3a9eb16049e4ad38ede961a5a4c0,0.052,,,
3117,2026-05-21,SH603195,0.0004120727112692879,EXP_CatBoostModel_Alpha158_csi300_custom_step0_s_20260521_18,a49c3a9eb16049e4ad38ede961a5a4c0,0.052,,,
3118,2026-05-21,SH688223,-0.001946750522370379,EXP_CatBoostModel_Alpha158_csi300_custom_step0_s_20260521_18,a49c3a9eb16049e4ad38ede961a5a4c0,0.052,,,
3119,2026-05-21,SH688169,-0.0008369177763579787,EXP_CatBoostModel_Alpha158_csi300_custom_step0_s_20260521_18,a49c3a9eb16049e4ad38ede961a5a4c0,0.052,,,
3120,2026-05-21,SH688126,0.005832631089036391,EXP_CatBoostModel_Alpha158_csi300_custom_step0_s_20260521_18,a49c3a9eb16049e4ad38ede961a5a4c0,0.052,,,
3121,2026-05-21,SH688111,-0.0017241104878875592,EXP_CatBoostModel_Alpha158_csi300_custom_step0_s_20260521_18,a49c3a9eb16049e4ad38ede961a5a4c0,0.052,,,
3122,2026-05-21,SH688082,-0.0008369177763579787,EXP_CatBoostModel_Alpha158_csi300_custom_step0_s_20260521_18,a49c3a9eb16049e4ad38ede961a5a4c0,0.052,,,
3123,2026-05-21,SH688047,-0.0017241104878875592,EXP_CatBoostModel_Alpha158_csi300_custom_step0_s_20260521_18,a49c3a9eb16049e4ad38ede961a5a4c0,0.052,,,
3124,2026-05-21,SH688041,0.005832631089036391,EXP_CatBoostModel_Alpha158_csi300_custom_step0_s_20260521_18,a49c3a9eb16049e4ad38ede961a5a4c0,0.052,,,
3125,2026-05-21,SH688187,-7.956149454931578e-05,EXP_CatBoostModel_Alpha158_csi300_custom_step0_s_20260521_18,a49c3a9eb16049e4ad38ede961a5a4c0,0.052,,,
3126,2026-05-21,SH688981,-7.956149454931578e-05,EXP_CatBoostModel_Alpha158_csi300_custom_step0_s_20260521_18,a49c3a9eb16049e4ad38ede961a5a4c0,0.052,,,
3127,2026-05-21,SH603019,-0.0017241104878875592,EXP_CatBoostModel_Alpha158_csi300_custom_step0_s_20260521_18,a49c3a9eb16049e4ad38ede961a5a4c0,0.052,,,
3128,2026-05-21,SH601995,0.0037888640800639263,EXP_CatBoostModel_Alpha158_csi300_custom_step0_s_20260521_18,a49c3a9eb16049e4ad38ede961a5a4c0,0.052,,,
3129,2026-05-21,SH601633,-0.003949897826067798,EXP_CatBoostModel_Alpha158_csi300_custom_step0_s_20260521_18,a49c3a9eb16049e4ad38ede961a5a4c0,0.052,,,
3130,2026-05-21,SH601658,0.0027677230552585787,EXP_CatBoostModel_Alpha158_csi300_custom_step0_s_20260521_18,a49c3a9eb16049e4ad38ede961a5a4c0,0.052,,,
3131,2026-05-21,SH601668,0.0027677230552585787,EXP_CatBoostModel_Alpha158_csi300_custom_step0_s_20260521_18,a49c3a9eb16049e4ad38ede961a5a4c0,0.052,,,
3132,2026-05-21,SH601669,-0.003168558163907222,EXP_CatBoostModel_Alpha158_csi300_custom_step0_s_20260521_18,a49c3a9eb16049e4ad38ede961a5a4c0,0.052,,,
3133,2026-05-21,SH601688,-0.0005731064572731593,EXP_CatBoostModel_Alpha158_csi300_custom_step0_s_20260521_18,a49c3a9eb16049e4ad38ede961a5a4c0,0.052,,,
3134,2026-05-21,SH601689,-0.003949897826067798,EXP_CatBoostModel_Alpha158_csi300_custom_step0_s_20260521_18,a49c3a9eb16049e4ad38ede961a5a4c0,0.052,,,
3135,2026-05-21,SH601698,-0.001946750522370379,EXP_CatBoostModel_Alpha158_csi300_custom_step0_s_20260521_18,a49c3a9eb16049e4ad38ede961a5a4c0,0.052,,,
3136,2026-05-21,SH601728,-0.0008369177763579787,EXP_CatBoostModel_Alpha158_csi300_custom_step0_s_20260521_18,a49c3a9eb16049e4ad38ede961a5a4c0,0.052,,,
3137,2026-05-21,SH601766,-0.00956438994766425,EXP_CatBoostModel_Alpha158_csi300_custom_step0_s_20260521_18,a49c3a9eb16049e4ad38ede961a5a4c0,0.052,,,
3138,2026-05-21,SH601788,-0.005394345502087461,EXP_CatBoostModel_Alpha158_csi300_custom_step0_s_20260521_18,a49c3a9eb16049e4ad38ede961a5a4c0,0.052,,,
3139,2026-05-21,SH601800,-0.003949897826067798,EXP_CatBoostModel_Alpha158_csi300_custom_step0_s_20260521_18,a49c3a9eb16049e4ad38ede961a5a4c0,0.052,,,
3140,2026-05-21,SH601808,0.0011694289930779507,EXP_CatBoostModel_Alpha158_csi300_custom_step0_s_20260521_18,a49c3a9eb16049e4ad38ede961a5a4c0,0.052,,,
3141,2026-05-21,SH601816,0.0027677230552585787,EXP_CatBoostModel_Alpha158_csi300_custom_step0_s_20260521_18,a49c3a9eb16049e4ad38ede961a5a4c0,0.052,,,
3142,2026-05-21,SH601818,0.0027677230552585787,EXP_CatBoostModel_Alpha158_csi300_custom_step0_s_20260521_18,a49c3a9eb16049e4ad38ede961a5a4c0,0.052,,,
3143,2026-05-21,SH601825,0.0027677230552585787,EXP_CatBoostModel_Alpha158_csi300_custom_step0_s_20260521_18,a49c3a9eb16049e4ad38ede961a5a4c0,0.052,,,
3144,2026-05-21,SH601838,0.0014713922447709168,EXP_CatBoostModel_Alpha158_csi300_custom_step0_s_20260521_18,a49c3a9eb16049e4ad38ede961a5a4c0,0.052,,,
3145,2026-05-21,SH601857,0.00018943267678646803,EXP_CatBoostModel_Alpha158_csi300_custom_step0_s_20260521_18,a49c3a9eb16049e4ad38ede961a5a4c0,0.052,,,
3146,2026-05-21,SH601988,0.005070823648048376,EXP_CatBoostModel_Alpha158_csi300_custom_step0_s_20260521_18,a49c3a9eb16049e4ad38ede961a5a4c0,0.052,,,
3147,2026-05-21,SH601985,-0.0010323749647503753,EXP_CatBoostModel_Alpha158_csi300_custom_step0_s_20260521_18,a49c3a9eb16049e4ad38ede961a5a4c0,0.052,,,
3148,2026-05-21,SH601939,0.003679434161091205,EXP_CatBoostModel_Alpha158_csi300_custom_step0_s_20260521_18,a49c3a9eb16049e4ad38ede961a5a4c0,0.052,,,
3149,2026-05-21,SH601919,-0.0005074996787796727,EXP_CatBoostModel_Alpha158_csi300_custom_step0_s_20260521_18,a49c3a9eb16049e4ad38ede961a5a4c0,0.052,,,
3150,2026-05-21,SH601916,0.0027677230552585787,EXP_CatBoostModel_Alpha158_csi300_custom_step0_s_20260521_18,a49c3a9eb16049e4ad38ede961a5a4c0,0.052,,,
3151,2026-05-21,SH601901,-0.002281365452377642,EXP_CatBoostModel_Alpha158_csi300_custom_step0_s_20260521_18,a49c3a9eb16049e4ad38ede961a5a4c0,0.052,,,
3152,2026-05-21,SH601998,9.693113982884053e-05,EXP_CatBoostModel_Alpha158_csi300_custom_step0_s_20260521_18,a49c3a9eb16049e4ad38ede961a5a4c0,0.052,,,
3153,2026-05-21,SH601899,-0.004172537860550617,EXP_CatBoostModel_Alpha158_csi300_custom_step0_s_20260521_18,a49c3a9eb16049e4ad38ede961a5a4c0,0.052,,,
3154,2026-05-21,SH601888,-0.004172537860550617,EXP_CatBoostModel_Alpha158_csi300_custom_step0_s_20260521_18,a49c3a9eb16049e4ad38ede961a5a4c0,0.052,,,
3155,2026-05-21,SH601881,-0.005394345502087461,EXP_CatBoostModel_Alpha158_csi300_custom_step0_s_20260521_18,a49c3a9eb16049e4ad38ede961a5a4c0,0.052,,,
3156,2026-05-21,SH601878,-0.0010323749647503753,EXP_CatBoostModel_Alpha158_csi300_custom_step0_s_20260521_18,a49c3a9eb16049e4ad38ede961a5a4c0,0.052,,,
3157,2026-05-21,SH601877,-0.0008369177763579787,EXP_CatBoostModel_Alpha158_csi300_custom_step0_s_20260521_18,a49c3a9eb16049e4ad38ede961a5a4c0,0.052,,,
3158,2026-05-21,SH601872,-0.0017241104878875592,EXP_CatBoostModel_Alpha158_csi300_custom_step0_s_20260521_18,a49c3a9eb16049e4ad38ede961a5a4c0,0.052,,,
3159,2026-05-21,SH601868,-0.0017241104878875592,EXP_CatBoostModel_Alpha158_csi300_custom_step0_s_20260521_18,a49c3a9eb16049e4ad38ede961a5a4c0,0.052,,,
3160,2026-05-21,SH601898,-0.001946750522370379,EXP_CatBoostModel_Alpha158_csi300_custom_step0_s_20260521_18,a49c3a9eb16049e4ad38ede961a5a4c0,0.052,,,
3161,2026-05-21,SZ000001,0.001965956846071612,EXP_CatBoostModel_Alpha158_csi300_custom_step0_s_20260521_18,a49c3a9eb16049e4ad38ede961a5a4c0,0.052,,,
3162,2026-05-21,SZ000002,-0.010306981313070005,EXP_CatBoostModel_Alpha158_csi300_custom_step0_s_20260521_18,a49c3a9eb16049e4ad38ede961a5a4c0,0.052,,,
3163,2026-05-21,SZ000063,-0.0017241104878875592,EXP_CatBoostModel_Alpha158_csi300_custom_step0_s_20260521_18,a49c3a9eb16049e4ad38ede961a5a4c0,0.052,,,
3164,2026-05-21,SZ002027,-0.003949897826067798,EXP_CatBoostModel_Alpha158_csi300_custom_step0_s_20260521_18,a49c3a9eb16049e4ad38ede961a5a4c0,0.052,,,
3165,2026-05-21,SZ002028,-0.001946750522370379,EXP_CatBoostModel_Alpha158_csi300_custom_step0_s_20260521_18,a49c3a9eb16049e4ad38ede961a5a4c0,0.052,,,
3166,2026-05-21,SZ002049,-0.0008369177763579787,EXP_CatBoostModel_Alpha158_csi300_custom_step0_s_20260521_18,a49c3a9eb16049e4ad38ede961a5a4c0,0.052,,,
3167,2026-05-21,SZ002050,-0.0008369177763579787,EXP_CatBoostModel_Alpha158_csi300_custom_step0_s_20260521_18,a49c3a9eb16049e4ad38ede961a5a4c0,0.052,,,
3168,2026-05-21,SZ002074,-0.001946750522370379,EXP_CatBoostModel_Alpha158_csi300_custom_step0_s_20260521_18,a49c3a9eb16049e4ad38ede961a5a4c0,0.052,,,
3169,2026-05-21,SZ002142,0.00018943267678646803,EXP_CatBoostModel_Alpha158_csi300_custom_step0_s_20260521_18,a49c3a9eb16049e4ad38ede961a5a4c0,0.052,,,
3170,2026-05-21,SZ002179,-0.0008369177763579787,EXP_CatBoostModel_Alpha158_csi300_custom_step0_s_20260521_18,a49c3a9eb16049e4ad38ede961a5a4c0,0.052,,,
3171,2026-05-21,SZ002230,-0.003168558163907222,EXP_CatBoostModel_Alpha158_csi300_custom_step0_s_20260521_18,a49c3a9eb16049e4ad38ede961a5a4c0,0.052,,,
3172,2026-05-21,SZ002236,0.0009320240421922235,EXP_CatBoostModel_Alpha158_csi300_custom_step0_s_20260521_18,a49c3a9eb16049e4ad38ede961a5a4c0,0.052,,,
3173,2026-05-21,SZ002241,-0.0022588932042611433,EXP_CatBoostModel_Alpha158_csi300_custom_step0_s_20260521_18,a49c3a9eb16049e4ad38ede961a5a4c0,0.052,,,
3174,2026-05-21,SZ002252,-0.005394345502087461,EXP_CatBoostModel_Alpha158_csi300_custom_step0_s_20260521_18,a49c3a9eb16049e4ad38ede961a5a4c0,0.052,,,
3175,2026-05-21,SZ002304,-0.004172537860550617,EXP_CatBoostModel_Alpha158_csi300_custom_step0_s_20260521_18,a49c3a9eb16049e4ad38ede961a5a4c0,0.052,,,
3176,2026-05-21,SZ002311,-0.003192541544259135,EXP_CatBoostModel_Alpha158_csi300_custom_step0_s_20260521_18,a49c3a9eb16049e4ad38ede961a5a4c0,0.052,,,
3177,2026-05-21,SZ002352,-0.003168558163907222,EXP_CatBoostModel_Alpha158_csi300_custom_step0_s_20260521_18,a49c3a9eb16049e4ad38ede961a5a4c0,0.052,,,
3178,2026-05-21,SZ002371,-0.0008369177763579787,EXP_CatBoostModel_Alpha158_csi300_custom_step0_s_20260521_18,a49c3a9eb16049e4ad38ede961a5a4c0,0.052,,,
3179,2026-05-21,SZ002384,0.005832631089036391,EXP_CatBoostModel_Alpha158_csi300_custom_step0_s_20260521_18,a49c3a9eb16049e4ad38ede961a5a4c0,0.052,,,
3180,2026-05-21,SZ002415,0.002173792150774372,EXP_CatBoostModel_Alpha158_csi300_custom_step0_s_20260521_18,a49c3a9eb16049e4ad38ede961a5a4c0,0.052,,,
3181,2026-05-21,SZ002714,-0.001946750522370379,EXP_CatBoostModel_Alpha158_csi300_custom_step0_s_20260521_18,a49c3a9eb16049e4ad38ede961a5a4c0,0.052,,,
3182,2026-05-21,SZ002709,-0.0017241104878875592,EXP_CatBoostModel_Alpha158_csi300_custom_step0_s_20260521_18,a49c3a9eb16049e4ad38ede961a5a4c0,0.052,,,
3183,2026-05-21,SZ002648,-0.001946750522370379,EXP_CatBoostModel_Alpha158_csi300_custom_step0_s_20260521_18,a49c3a9eb16049e4ad38ede961a5a4c0,0.052,,,
3184,2026-05-21,SZ002625,-0.0017241104878875592,EXP_CatBoostModel_Alpha158_csi300_custom_step0_s_20260521_18,a49c3a9eb16049e4ad38ede961a5a4c0,0.052,,,
3185,2026-05-21,SZ002601,-0.001946750522370379,EXP_CatBoostModel_Alpha158_csi300_custom_step0_s_20260521_18,a49c3a9eb16049e4ad38ede961a5a4c0,0.052,,,
3186,2026-05-21,SZ002600,-0.0008369177763579787,EXP_CatBoostModel_Alpha158_csi300_custom_step0_s_20260521_18,a49c3a9eb16049e4ad38ede961a5a4c0,0.052,,,
3187,2026-05-21,SZ002001,-0.001946750522370379,EXP_CatBoostModel_Alpha158_csi300_custom_step0_s_20260521_18,a49c3a9eb16049e4ad38ede961a5a4c0,0.052,,,
3188,2026-05-21,SZ002594,-0.004172537860550617,EXP_CatBoostModel_Alpha158_csi300_custom_step0_s_20260521_18,a49c3a9eb16049e4ad38ede961a5a4c0,0.052,,,
3189,2026-05-21,SZ002475,0.010406411268851105,EXP_CatBoostModel_Alpha158_csi300_custom_step0_s_20260521_18,a49c3a9eb16049e4ad38ede961a5a4c0,0.052,,,
3190,2026-05-21,SZ002466,-0.0017241104878875592,EXP_CatBoostModel_Alpha158_csi300_custom_step0_s_20260521_18,a49c3a9eb16049e4ad38ede961a5a4c0,0.052,,,
3191,2026-05-21,SZ002463,-0.0017241104878875592,EXP_CatBoostModel_Alpha158_csi300_custom_step0_s_20260521_18,a49c3a9eb16049e4ad38ede961a5a4c0,0.052,,,
3192,2026-05-21,SZ002460,-0.0017241104878875592,EXP_CatBoostModel_Alpha158_csi300_custom_step0_s_20260521_18,a49c3a9eb16049e4ad38ede961a5a4c0,0.052,,,
3193,2026-05-21,SZ002459,-0.001946750522370379,EXP_CatBoostModel_Alpha158_csi300_custom_step0_s_20260521_18,a49c3a9eb16049e4ad38ede961a5a4c0,0.052,,,
3194,2026-05-21,SZ002422,-0.001946750522370379,EXP_CatBoostModel_Alpha158_csi300_custom_step0_s_20260521_18,a49c3a9eb16049e4ad38ede961a5a4c0,0.052,,,
3195,2026-05-21,SZ002493,-0.004172537860550617,EXP_CatBoostModel_Alpha158_csi300_custom_step0_s_20260521_18,a49c3a9eb16049e4ad38ede961a5a4c0,0.052,,,
3196,2026-05-21,SZ001979,-0.003949897826067798,EXP_CatBoostModel_Alpha158_csi300_custom_step0_s_20260521_18,a49c3a9eb16049e4ad38ede961a5a4c0,0.052,,,
3197,2026-05-21,SZ001965,-0.0008369177763579787,EXP_CatBoostModel_Alpha158_csi300_custom_step0_s_20260521_18,a49c3a9eb16049e4ad38ede961a5a4c0,0.052,,,
3198,2026-05-21,SZ001391,0.0027677230552585787,EXP_CatBoostModel_Alpha158_csi300_custom_step0_s_20260521_18,a49c3a9eb16049e4ad38ede961a5a4c0,0.052,,,
3199,2026-05-21,SZ000630,-0.001946750522370379,EXP_CatBoostModel_Alpha158_csi300_custom_step0_s_20260521_18,a49c3a9eb16049e4ad38ede961a5a4c0,0.052,,,
3200,2026-05-21,SZ000625,-0.003949897826067798,EXP_CatBoostModel_Alpha158_csi300_custom_step0_s_20260521_18,a49c3a9eb16049e4ad38ede961a5a4c0,0.052,,,
3201,2026-05-21,SZ000617,-0.0017241104878875592,EXP_CatBoostModel_Alpha158_csi300_custom_step0_s_20260521_18,a49c3a9eb16049e4ad38ede961a5a4c0,0.052,,,
3202,2026-05-21,SZ000596,-0.001946750522370379,EXP_CatBoostModel_Alpha158_csi300_custom_step0_s_20260521_18,a49c3a9eb16049e4ad38ede961a5a4c0,0.052,,,
3203,2026-05-21,SZ000568,-0.004172537860550617,EXP_CatBoostModel_Alpha158_csi300_custom_step0_s_20260521_18,a49c3a9eb16049e4ad38ede961a5a4c0,0.052,,,
3204,2026-05-21,SZ000538,0.0009181962106391128,EXP_CatBoostModel_Alpha158_csi300_custom_step0_s_20260521_18,a49c3a9eb16049e4ad38ede961a5a4c0,0.052,,,
3205,2026-05-21,SZ000651,0.00018943267678646803,EXP_CatBoostModel_Alpha158_csi300_custom_step0_s_20260521_18,a49c3a9eb16049e4ad38ede961a5a4c0,0.052,,,
3206,2026-05-21,SZ000425,-0.003949897826067798,EXP_CatBoostModel_Alpha158_csi300_custom_step0_s_20260521_18,a49c3a9eb16049e4ad38ede961a5a4c0,0.052,,,
3207,2026-05-21,SZ000338,-0.001946750522370379,EXP_CatBoostModel_Alpha158_csi300_custom_step0_s_20260521_18,a49c3a9eb16049e4ad38ede961a5a4c0,0.052,,,
3208,2026-05-21,SZ000333,0.0037888640800639263,EXP_CatBoostModel_Alpha158_csi300_custom_step0_s_20260521_18,a49c3a9eb16049e4ad38ede961a5a4c0,0.052,,,
3209,2026-05-21,SZ000301,-0.002481533238743963,EXP_CatBoostModel_Alpha158_csi300_custom_step0_s_20260521_18,a49c3a9eb16049e4ad38ede961a5a4c0,0.052,,,
3210,2026-05-21,SZ000166,-0.002281365452377642,EXP_CatBoostModel_Alpha158_csi300_custom_step0_s_20260521_18,a49c3a9eb16049e4ad38ede961a5a4c0,0.052,,,
3211,2026-05-21,SZ000157,-0.0016243592946150044,EXP_CatBoostModel_Alpha158_csi300_custom_step0_s_20260521_18,a49c3a9eb16049e4ad38ede961a5a4c0,0.052,,,
3212,2026-05-21,SZ000100,-0.0003033367194751162,EXP_CatBoostModel_Alpha158_csi300_custom_step0_s_20260521_18,a49c3a9eb16049e4ad38ede961a5a4c0,0.052,,,
3213,2026-05-21,SZ000408,-0.004172537860550617,EXP_CatBoostModel_Alpha158_csi300_custom_step0_s_20260521_18,a49c3a9eb16049e4ad38ede961a5a4c0,0.052,,,
3214,2026-05-21,SH601628,-0.003949897826067798,EXP_CatBoostModel_Alpha158_csi300_custom_step0_s_20260521_18,a49c3a9eb16049e4ad38ede961a5a4c0,0.052,,,
3215,2026-05-21,SZ000661,-0.004172537860550617,EXP_CatBoostModel_Alpha158_csi300_custom_step0_s_20260521_18,a49c3a9eb16049e4ad38ede961a5a4c0,0.052,,,
3216,2026-05-21,SZ000725,-7.956149454931578e-05,EXP_CatBoostModel_Alpha158_csi300_custom_step0_s_20260521_18,a49c3a9eb16049e4ad38ede961a5a4c0,0.052,,,
3217,2026-05-21,SZ000999,0.00018943267678646803,EXP_CatBoostModel_Alpha158_csi300_custom_step0_s_20260521_18,a49c3a9eb16049e4ad38ede961a5a4c0,0.052,,,
3218,2026-05-21,SZ000983,-0.001946750522370379,EXP_CatBoostModel_Alpha158_csi300_custom_step0_s_20260521_18,a49c3a9eb16049e4ad38ede961a5a4c0,0.052,,,
3219,2026-05-21,SZ000977,-0.001946750522370379,EXP_CatBoostModel_Alpha158_csi300_custom_step0_s_20260521_18,a49c3a9eb16049e4ad38ede961a5a4c0,0.052,,,
3220,2026-05-21,SZ000975,-0.004172537860550617,EXP_CatBoostModel_Alpha158_csi300_custom_step0_s_20260521_18,a49c3a9eb16049e4ad38ede961a5a4c0,0.052,,,
3221,2026-05-21,SZ000963,-0.0017241104878875592,EXP_CatBoostModel_Alpha158_csi300_custom_step0_s_20260521_18,a49c3a9eb16049e4ad38ede961a5a4c0,0.052,,,
3222,2026-05-21,SZ000938,-0.0017241104878875592,EXP_CatBoostModel_Alpha158_csi300_custom_step0_s_20260521_18,a49c3a9eb16049e4ad38ede961a5a4c0,0.052,,,
3223,2026-05-21,SZ000708,-0.001946750522370379,EXP_CatBoostModel_Alpha158_csi300_custom_step0_s_20260521_18,a49c3a9eb16049e4ad38ede961a5a4c0,0.052,,,
3224,2026-05-21,SZ000895,0.00018943267678646803,EXP_CatBoostModel_Alpha158_csi300_custom_step0_s_20260521_18,a49c3a9eb16049e4ad38ede961a5a4c0,0.052,,,
3225,2026-05-21,SZ000858,-0.0017241104878875592,EXP_CatBoostModel_Alpha158_csi300_custom_step0_s_20260521_18,a49c3a9eb16049e4ad38ede961a5a4c0,0.052,,,
3226,2026-05-21,SZ000807,-0.0017241104878875592,EXP_CatBoostModel_Alpha158_csi300_custom_step0_s_20260521_18,a49c3a9eb16049e4ad38ede961a5a4c0,0.052,,,
3227,2026-05-21,SZ000792,-0.0017241104878875592,EXP_CatBoostModel_Alpha158_csi300_custom_step0_s_20260521_18,a49c3a9eb16049e4ad38ede961a5a4c0,0.052,,,
3228,2026-05-21,SZ000786,-0.0010595578108407986,EXP_CatBoostModel_Alpha158_csi300_custom_step0_s_20260521_18,a49c3a9eb16049e4ad38ede961a5a4c0,0.052,,,
3229,2026-05-21,SZ000776,-0.003949897826067798,EXP_CatBoostModel_Alpha158_csi300_custom_step0_s_20260521_18,a49c3a9eb16049e4ad38ede961a5a4c0,0.052,,,
3230,2026-05-21,SZ000768,-0.001946750522370379,EXP_CatBoostModel_Alpha158_csi300_custom_step0_s_20260521_18,a49c3a9eb16049e4ad38ede961a5a4c0,0.052,,,
3231,2026-05-21,SZ000876,-0.001946750522370379,EXP_CatBoostModel_Alpha158_csi300_custom_step0_s_20260521_18,a49c3a9eb16049e4ad38ede961a5a4c0,0.052,,,
3232,2026-05-21,SZ000977,-0.002540953157316907,EXP_LGBModel_Alpha158_csi300_custom_step0_s_20260521_18,74f7e0be47ea43279d614e40d1a391ab,0.057,,,
3233,2026-05-21,SH601618,-0.0012179869885177341,EXP_CatBoostModel_Alpha158_csi300_custom_step0_s_20260521_18,a49c3a9eb16049e4ad38ede961a5a4c0,0.052,,,
3234,2026-05-21,SH601601,-0.010084341278587185,EXP_CatBoostModel_Alpha158_csi300_custom_step0_s_20260521_18,a49c3a9eb16049e4ad38ede961a5a4c0,0.052,,,
3235,2026-05-21,SH600039,0.0004120727112692879,EXP_CatBoostModel_Alpha158_csi300_custom_step0_s_20260521_18,a49c3a9eb16049e4ad38ede961a5a4c0,0.052,,,
3236,2026-05-21,SH600048,-0.001946750522370379,EXP_CatBoostModel_Alpha158_csi300_custom_step0_s_20260521_18,a49c3a9eb16049e4ad38ede961a5a4c0,0.052,,,
3237,2026-05-21,SH600050,-0.0008369177763579787,EXP_CatBoostModel_Alpha158_csi300_custom_step0_s_20260521_18,a49c3a9eb16049e4ad38ede961a5a4c0,0.052,,,
3238,2026-05-21,SH600061,-0.00031696644543504303,EXP_CatBoostModel_Alpha158_csi300_custom_step0_s_20260521_18,a49c3a9eb16049e4ad38ede961a5a4c0,0.052,,,
3239,2026-05-21,SH600066,-0.001946750522370379,EXP_CatBoostModel_Alpha158_csi300_custom_step0_s_20260521_18,a49c3a9eb16049e4ad38ede961a5a4c0,0.052,,,
3240,2026-05-21,SH600085,-0.008372676571878743,EXP_CatBoostModel_Alpha158_csi300_custom_step0_s_20260521_18,a49c3a9eb16049e4ad38ede961a5a4c0,0.052,,,
3241,2026-05-21,SH600089,-0.001946750522370379,EXP_CatBoostModel_Alpha158_csi300_custom_step0_s_20260521_18,a49c3a9eb16049e4ad38ede961a5a4c0,0.052,,,
3242,2026-05-21,SH600104,-0.0016243592946150044,EXP_CatBoostModel_Alpha158_csi300_custom_step0_s_20260521_18,a49c3a9eb16049e4ad38ede961a5a4c0,0.052,,,
3243,2026-05-21,SH600111,-0.004172537860550617,EXP_CatBoostModel_Alpha158_csi300_custom_step0_s_20260521_18,a49c3a9eb16049e4ad38ede961a5a4c0,0.052,,,
3244,2026-05-21,SH600115,-0.003949897826067798,EXP_CatBoostModel_Alpha158_csi300_custom_step0_s_20260521_18,a49c3a9eb16049e4ad38ede961a5a4c0,0.052,,,
3245,2026-05-21,SH600150,-0.001946750522370379,EXP_CatBoostModel_Alpha158_csi300_custom_step0_s_20260521_18,a49c3a9eb16049e4ad38ede961a5a4c0,0.052,,,
3246,2026-05-21,SH600160,-0.0017241104878875592,EXP_CatBoostModel_Alpha158_csi300_custom_step0_s_20260521_18,a49c3a9eb16049e4ad38ede961a5a4c0,0.052,,,
3247,2026-05-21,SH600161,-0.003949897826067798,EXP_CatBoostModel_Alpha158_csi300_custom_step0_s_20260521_18,a49c3a9eb16049e4ad38ede961a5a4c0,0.052,,,
3248,2026-05-21,SH600176,-7.956149454931578e-05,EXP_CatBoostModel_Alpha158_csi300_custom_step0_s_20260521_18,a49c3a9eb16049e4ad38ede961a5a4c0,0.052,,,
3249,2026-05-21,SH600183,0.005832631089036391,EXP_CatBoostModel_Alpha158_csi300_custom_step0_s_20260521_18,a49c3a9eb16049e4ad38ede961a5a4c0,0.052,,,
3250,2026-05-21,SH600188,-0.001946750522370379,EXP_CatBoostModel_Alpha158_csi300_custom_step0_s_20260521_18,a49c3a9eb16049e4ad38ede961a5a4c0,0.052,,,
3251,2026-05-21,SH600196,-0.003949897826067798,EXP_CatBoostModel_Alpha158_csi300_custom_step0_s_20260521_18,a49c3a9eb16049e4ad38ede961a5a4c0,0.052,,,
3252,2026-05-21,SH600460,-0.0010595578108407986,EXP_CatBoostModel_Alpha158_csi300_custom_step0_s_20260521_18,a49c3a9eb16049e4ad38ede961a5a4c0,0.052,,,
3253,2026-05-21,SH600438,-0.001946750522370379,EXP_CatBoostModel_Alpha158_csi300_custom_step0_s_20260521_18,a49c3a9eb16049e4ad38ede961a5a4c0,0.052,,,
3254,2026-05-21,SH600436,-0.003949897826067798,EXP_CatBoostModel_Alpha158_csi300_custom_step0_s_20260521_18,a49c3a9eb16049e4ad38ede961a5a4c0,0.052,,,
3255,2026-05-21,SH600426,-0.010084341278587185,EXP_CatBoostModel_Alpha158_csi300_custom_step0_s_20260521_18,a49c3a9eb16049e4ad38ede961a5a4c0,0.052,,,
3256,2026-05-21,SH600415,-0.003949897826067798,EXP_CatBoostModel_Alpha158_csi300_custom_step0_s_20260521_18,a49c3a9eb16049e4ad38ede961a5a4c0,0.052,,,
3257,2026-05-21,SH600406,-0.003168558163907222,EXP_CatBoostModel_Alpha158_csi300_custom_step0_s_20260521_18,a49c3a9eb16049e4ad38ede961a5a4c0,0.052,,,
3258,2026-05-21,SH600036,0.00018943267678646803,EXP_CatBoostModel_Alpha158_csi300_custom_step0_s_20260521_18,a49c3a9eb16049e4ad38ede961a5a4c0,0.052,,,
3259,2026-05-21,SH600377,0.0038798052763578707,EXP_CatBoostModel_Alpha158_csi300_custom_step0_s_20260521_18,a49c3a9eb16049e4ad38ede961a5a4c0,0.052,,,
3260,2026-05-21,SH600362,-0.004172537860550617,EXP_CatBoostModel_Alpha158_csi300_custom_step0_s_20260521_18,a49c3a9eb16049e4ad38ede961a5a4c0,0.052,,,
3261,2026-05-21,SH600346,-0.010306981313070005,EXP_CatBoostModel_Alpha158_csi300_custom_step0_s_20260521_18,a49c3a9eb16049e4ad38ede961a5a4c0,0.052,,,
3262,2026-05-21,SH600309,0.0019511521162915522,EXP_CatBoostModel_Alpha158_csi300_custom_step0_s_20260521_18,a49c3a9eb16049e4ad38ede961a5a4c0,0.052,,,
3263,2026-05-21,SH600276,-0.003949897826067798,EXP_CatBoostModel_Alpha158_csi300_custom_step0_s_20260521_18,a49c3a9eb16049e4ad38ede961a5a4c0,0.052,,,
3264,2026-05-21,SH600233,-0.0017241104878875592,EXP_CatBoostModel_Alpha158_csi300_custom_step0_s_20260521_18,a49c3a9eb16049e4ad38ede961a5a4c0,0.052,,,
3265,2026-05-21,SH600219,-0.001946750522370379,EXP_CatBoostModel_Alpha158_csi300_custom_step0_s_20260521_18,a49c3a9eb16049e4ad38ede961a5a4c0,0.052,,,
3266,2026-05-21,SH600372,0.0019511521162915522,EXP_CatBoostModel_Alpha158_csi300_custom_step0_s_20260521_18,a49c3a9eb16049e4ad38ede961a5a4c0,0.052,,,
3267,2026-05-21,SH600482,-0.001946750522370379,EXP_CatBoostModel_Alpha158_csi300_custom_step0_s_20260521_18,a49c3a9eb16049e4ad38ede961a5a4c0,0.052,,,
3268,2026-05-21,SH600031,-0.003949897826067798,EXP_CatBoostModel_Alpha158_csi300_custom_step0_s_20260521_18,a49c3a9eb16049e4ad38ede961a5a4c0,0.052,,,
3269,2026-05-21,SH600029,-0.003949897826067798,EXP_CatBoostModel_Alpha158_csi300_custom_step0_s_20260521_18,a49c3a9eb16049e4ad38ede961a5a4c0,0.052,,,
3270,2026-05-21,SZ300476,-0.0001628373495605366,EXP_CatBoostModel_Alpha158_csi300_custom_step0_s_20260521_18,45d54012168440d398441b02bd49e8e2,0.049,,,
3271,2026-05-21,SZ300498,-0.0001628373495605366,EXP_CatBoostModel_Alpha158_csi300_custom_step0_s_20260521_18,45d54012168440d398441b02bd49e8e2,0.049,,,
3272,2026-05-21,SZ300502,-0.0001628373495605366,EXP_CatBoostModel_Alpha158_csi300_custom_step0_s_20260521_18,45d54012168440d398441b02bd49e8e2,0.049,,,
3273,2026-05-21,SZ300628,-0.0001628373495605366,EXP_CatBoostModel_Alpha158_csi300_custom_step0_s_20260521_18,45d54012168440d398441b02bd49e8e2,0.049,,,
3274,2026-05-21,SZ300661,-0.0001628373495605366,EXP_CatBoostModel_Alpha158_csi300_custom_step0_s_20260521_18,45d54012168440d398441b02bd49e8e2,0.049,,,
3275,2026-05-21,SZ300750,-0.0001628373495605366,EXP_CatBoostModel_Alpha158_csi300_custom_step0_s_20260521_18,45d54012168440d398441b02bd49e8e2,0.049,,,
3276,2026-05-21,SZ300759,-0.0001628373495605366,EXP_CatBoostModel_Alpha158_csi300_custom_step0_s_20260521_18,45d54012168440d398441b02bd49e8e2,0.049,,,
3277,2026-05-21,SZ300760,-0.0013630009930822868,EXP_CatBoostModel_Alpha158_csi300_custom_step0_s_20260521_18,45d54012168440d398441b02bd49e8e2,0.049,,,
3278,2026-05-21,SZ300782,-0.0001628373495605366,EXP_CatBoostModel_Alpha158_csi300_custom_step0_s_20260521_18,45d54012168440d398441b02bd49e8e2,0.049,,,
3279,2026-05-21,SZ300803,-0.0013630009930822868,EXP_CatBoostModel_Alpha158_csi300_custom_step0_s_20260521_18,45d54012168440d398441b02bd49e8e2,0.049,,,
3280,2026-05-21,SZ300832,-0.0013630009930822868,EXP_CatBoostModel_Alpha158_csi300_custom_step0_s_20260521_18,45d54012168440d398441b02bd49e8e2,0.049,,,
3281,2026-05-21,SZ300866,-0.0001628373495605366,EXP_CatBoostModel_Alpha158_csi300_custom_step0_s_20260521_18,45d54012168440d398441b02bd49e8e2,0.049,,,
3282,2026-05-21,SZ300896,-0.0001628373495605366,EXP_CatBoostModel_Alpha158_csi300_custom_step0_s_20260521_18,45d54012168440d398441b02bd49e8e2,0.049,,,
3283,2026-05-21,SZ300979,-0.0001628373495605366,EXP_CatBoostModel_Alpha158_csi300_custom_step0_s_20260521_18,45d54012168440d398441b02bd49e8e2,0.049,,,
3284,2026-05-21,SZ300999,-0.004754587146294094,EXP_CatBoostModel_Alpha158_csi300_custom_step0_s_20260521_18,45d54012168440d398441b02bd49e8e2,0.049,,,
3285,2026-05-21,SZ301236,-0.0001628373495605366,EXP_CatBoostModel_Alpha158_csi300_custom_step0_s_20260521_18,45d54012168440d398441b02bd49e8e2,0.049,,,
3286,2026-05-21,SZ301269,-0.0001628373495605366,EXP_CatBoostModel_Alpha158_csi300_custom_step0_s_20260521_18,45d54012168440d398441b02bd49e8e2,0.049,,,
3287,2026-05-21,SH600028,0.00018943267678646803,EXP_CatBoostModel_Alpha158_csi300_custom_step0_s_20260521_18,a49c3a9eb16049e4ad38ede961a5a4c0,0.052,,,
3288,2026-05-21,SH600027,-0.0017241104878875592,EXP_CatBoostModel_Alpha158_csi300_custom_step0_s_20260521_18,a49c3a9eb16049e4ad38ede961a5a4c0,0.052,,,
3289,2026-05-21,SH600026,-0.001946750522370379,EXP_CatBoostModel_Alpha158_csi300_custom_step0_s_20260521_18,a49c3a9eb16049e4ad38ede961a5a4c0,0.052,,,
3290,2026-05-21,SH600025,-0.0010323749647503753,EXP_CatBoostModel_Alpha158_csi300_custom_step0_s_20260521_18,a49c3a9eb16049e4ad38ede961a5a4c0,0.052,,,
3291,2026-05-21,SH600023,-7.956149454931578e-05,EXP_CatBoostModel_Alpha158_csi300_custom_step0_s_20260521_18,a49c3a9eb16049e4ad38ede961a5a4c0,0.052,,,
3292,2026-05-21,SH600019,-0.003168558163907222,EXP_CatBoostModel_Alpha158_csi300_custom_step0_s_20260521_18,a49c3a9eb16049e4ad38ede961a5a4c0,0.052,,,
3293,2026-05-21,SH600030,0.0038798052763578707,EXP_CatBoostModel_Alpha158_csi300_custom_step0_s_20260521_18,a49c3a9eb16049e4ad38ede961a5a4c0,0.052,,,
3294,2026-05-21,SH600018,0.0037888640800639263,EXP_CatBoostModel_Alpha158_csi300_custom_step0_s_20260521_18,a49c3a9eb16049e4ad38ede961a5a4c0,0.052,,,
3295,2026-05-21,SH600015,0.0004120727112692879,EXP_CatBoostModel_Alpha158_csi300_custom_step0_s_20260521_18,a49c3a9eb16049e4ad38ede961a5a4c0,0.052,,,
3296,2026-05-21,SH600011,-0.0017241104878875592,EXP_CatBoostModel_Alpha158_csi300_custom_step0_s_20260521_18,a49c3a9eb16049e4ad38ede961a5a4c0,0.052,,,
3297,2026-05-21,SH600010,-0.001946750522370379,EXP_CatBoostModel_Alpha158_csi300_custom_step0_s_20260521_18,a49c3a9eb16049e4ad38ede961a5a4c0,0.052,,,
3298,2026-05-21,SH600009,-0.004172537860550617,EXP_CatBoostModel_Alpha158_csi300_custom_step0_s_20260521_18,a49c3a9eb16049e4ad38ede961a5a4c0,0.052,,,
3299,2026-05-21,SH600000,0.00018943267678646803,EXP_CatBoostModel_Alpha158_csi300_custom_step0_s_20260521_18,a49c3a9eb16049e4ad38ede961a5a4c0,0.052,,,
3300,2026-05-21,SZ302132,-0.0001628373495605366,EXP_CatBoostModel_Alpha158_csi300_custom_step0_s_20260521_18,45d54012168440d398441b02bd49e8e2,0.049,,,
3301,2026-05-21,SH600016,0.0009181962106391128,EXP_CatBoostModel_Alpha158_csi300_custom_step0_s_20260521_18,a49c3a9eb16049e4ad38ede961a5a4c0,0.052,,,
3302,2026-05-21,SH600489,-0.004172537860550617,EXP_CatBoostModel_Alpha158_csi300_custom_step0_s_20260521_18,a49c3a9eb16049e4ad38ede961a5a4c0,0.052,,,
3303,2026-05-21,SH600515,0.0019511521162915522,EXP_CatBoostModel_Alpha158_csi300_custom_step0_s_20260521_18,a49c3a9eb16049e4ad38ede961a5a4c0,0.052,,,
3304,2026-05-21,SH600519,0.00018943267678646803,EXP_CatBoostModel_Alpha158_csi300_custom_step0_s_20260521_18,a49c3a9eb16049e4ad38ede961a5a4c0,0.052,,,
3305,2026-05-21,SH601058,-0.003949897826067798,EXP_CatBoostModel_Alpha158_csi300_custom_step0_s_20260521_18,a49c3a9eb16049e4ad38ede961a5a4c0,0.052,,,
3306,2026-05-21,SH601059,0.0022940058692058137,EXP_CatBoostModel_Alpha158_csi300_custom_step0_s_20260521_18,a49c3a9eb16049e4ad38ede961a5a4c0,0.052,,,
3307,2026-05-21,SH601066,0.0004120727112692879,EXP_CatBoostModel_Alpha158_csi300_custom_step0_s_20260521_18,a49c3a9eb16049e4ad38ede961a5a4c0,0.052,,,
3308,2026-05-21,SH601077,0.00018943267678646803,EXP_CatBoostModel_Alpha158_csi300_custom_step0_s_20260521_18,a49c3a9eb16049e4ad38ede961a5a4c0,0.052,,,
3309,2026-05-21,SH601088,0.0027677230552585787,EXP_CatBoostModel_Alpha158_csi300_custom_step0_s_20260521_18,a49c3a9eb16049e4ad38ede961a5a4c0,0.052,,,
3310,2026-05-21,SH601100,-0.0015015369224524806,EXP_CatBoostModel_Alpha158_csi300_custom_step0_s_20260521_18,a49c3a9eb16049e4ad38ede961a5a4c0,0.052,,,
3311,2026-05-21,SH601111,-0.003949897826067798,EXP_CatBoostModel_Alpha158_csi300_custom_step0_s_20260521_18,a49c3a9eb16049e4ad38ede961a5a4c0,0.052,,,
3312,2026-05-21,SH601117,-0.004172537860550617,EXP_CatBoostModel_Alpha158_csi300_custom_step0_s_20260521_18,a49c3a9eb16049e4ad38ede961a5a4c0,0.052,,,
3313,2026-05-21,SH601127,-0.003949897826067798,EXP_CatBoostModel_Alpha158_csi300_custom_step0_s_20260521_18,a49c3a9eb16049e4ad38ede961a5a4c0,0.052,,,
3314,2026-05-21,SH601136,-0.002281365452377642,EXP_CatBoostModel_Alpha158_csi300_custom_step0_s_20260521_18,a49c3a9eb16049e4ad38ede961a5a4c0,0.052,,,
3315,2026-05-21,SH601138,-0.0017241104878875592,EXP_CatBoostModel_Alpha158_csi300_custom_step0_s_20260521_18,a49c3a9eb16049e4ad38ede961a5a4c0,0.052,,,
3316,2026-05-21,SH601166,0.0027677230552585787,EXP_CatBoostModel_Alpha158_csi300_custom_step0_s_20260521_18,a49c3a9eb16049e4ad38ede961a5a4c0,0.052,,,
3317,2026-05-21,SH601169,0.0027677230552585787,EXP_CatBoostModel_Alpha158_csi300_custom_step0_s_20260521_18,a49c3a9eb16049e4ad38ede961a5a4c0,0.052,,,
3318,2026-05-21,SH601186,-0.00957821777921736,EXP_CatBoostModel_Alpha158_csi300_custom_step0_s_20260521_18,a49c3a9eb16049e4ad38ede961a5a4c0,0.052,,,
3319,2026-05-21,SH601211,-0.003949897826067798,EXP_CatBoostModel_Alpha158_csi300_custom_step0_s_20260521_18,a49c3a9eb16049e4ad38ede961a5a4c0,0.052,,,
3320,2026-05-21,SH601225,0.00018943267678646803,EXP_CatBoostModel_Alpha158_csi300_custom_step0_s_20260521_18,a49c3a9eb16049e4ad38ede961a5a4c0,0.052,,,
3321,2026-05-21,SH601229,-0.0024079099118944616,EXP_CatBoostModel_Alpha158_csi300_custom_step0_s_20260521_18,a49c3a9eb16049e4ad38ede961a5a4c0,0.052,,,
3322,2026-05-21,SH601600,-0.0017241104878875592,EXP_CatBoostModel_Alpha158_csi300_custom_step0_s_20260521_18,a49c3a9eb16049e4ad38ede961a5a4c0,0.052,,,
3323,2026-05-21,SH601456,-0.002281365452377642,EXP_CatBoostModel_Alpha158_csi300_custom_step0_s_20260521_18,a49c3a9eb16049e4ad38ede961a5a4c0,0.052,,,
3324,2026-05-21,SH601398,0.0037888640800639263,EXP_CatBoostModel_Alpha158_csi300_custom_step0_s_20260521_18,a49c3a9eb16049e4ad38ede961a5a4c0,0.052,,,
3325,2026-05-21,SH601390,-0.001946750522370379,EXP_CatBoostModel_Alpha158_csi300_custom_step0_s_20260521_18,a49c3a9eb16049e4ad38ede961a5a4c0,0.052,,,
3326,2026-05-21,SH601377,-0.011528788954606848,EXP_CatBoostModel_Alpha158_csi300_custom_step0_s_20260521_18,a49c3a9eb16049e4ad38ede961a5a4c0,0.052,,,
3327,2026-05-21,SH601360,-0.001946750522370379,EXP_CatBoostModel_Alpha158_csi300_custom_step0_s_20260521_18,a49c3a9eb16049e4ad38ede961a5a4c0,0.052,,,
3328,2026-05-21,SH601021,-0.002128856198351398,EXP_CatBoostModel_Alpha158_csi300_custom_step0_s_20260521_18,a49c3a9eb16049e4ad38ede961a5a4c0,0.052,,,
3329,2026-05-21,SH601336,-0.003949897826067798,EXP_CatBoostModel_Alpha158_csi300_custom_step0_s_20260521_18,a49c3a9eb16049e4ad38ede961a5a4c0,0.052,,,
3330,2026-05-21,SH601319,-0.004172537860550617,EXP_CatBoostModel_Alpha158_csi300_custom_step0_s_20260521_18,a49c3a9eb16049e4ad38ede961a5a4c0,0.052,,,
3331,2026-05-21,SH601318,-0.003949897826067798,EXP_CatBoostModel_Alpha158_csi300_custom_step0_s_20260521_18,a49c3a9eb16049e4ad38ede961a5a4c0,0.052,,,
3332,2026-05-21,SH601298,0.0037888640800639263,EXP_CatBoostModel_Alpha158_csi300_custom_step0_s_20260521_18,a49c3a9eb16049e4ad38ede961a5a4c0,0.052,,,
3333,2026-05-21,SH601288,0.00018943267678646803,EXP_CatBoostModel_Alpha158_csi300_custom_step0_s_20260521_18,a49c3a9eb16049e4ad38ede961a5a4c0,0.052,,,
3334,2026-05-21,SH601238,-0.0008369177763579787,EXP_CatBoostModel_Alpha158_csi300_custom_step0_s_20260521_18,a49c3a9eb16049e4ad38ede961a5a4c0,0.052,,,
3335,2026-05-21,SH601236,-0.0008369177763579787,EXP_CatBoostModel_Alpha158_csi300_custom_step0_s_20260521_18,a49c3a9eb16049e4ad38ede961a5a4c0,0.052,,,
3336,2026-05-21,SH601328,0.0027677230552585787,EXP_CatBoostModel_Alpha158_csi300_custom_step0_s_20260521_18,a49c3a9eb16049e4ad38ede961a5a4c0,0.052,,,
3337,2026-05-21,SH601018,0.00018943267678646803,EXP_CatBoostModel_Alpha158_csi300_custom_step0_s_20260521_18,a49c3a9eb16049e4ad38ede961a5a4c0,0.052,,,
3338,2026-05-21,SH601012,-0.001946750522370379,EXP_CatBoostModel_Alpha158_csi300_custom_step0_s_20260521_18,a49c3a9eb16049e4ad38ede961a5a4c0,0.052,,,
3339,2026-05-21,SH601009,0.00018943267678646803,EXP_CatBoostModel_Alpha158_csi300_custom_step0_s_20260521_18,a49c3a9eb16049e4ad38ede961a5a4c0,0.052,,,
3340,2026-05-21,SH600803,0.0027677230552585787,EXP_CatBoostModel_Alpha158_csi300_custom_step0_s_20260521_18,a49c3a9eb16049e4ad38ede961a5a4c0,0.052,,,
3341,2026-05-21,SH600795,0.0022331143389856876,EXP_CatBoostModel_Alpha158_csi300_custom_step0_s_20260521_18,a49c3a9eb16049e4ad38ede961a5a4c0,0.052,,,
3342,2026-05-21,SH600760,-0.004172537860550617,EXP_CatBoostModel_Alpha158_csi300_custom_step0_s_20260521_18,a49c3a9eb16049e4ad38ede961a5a4c0,0.052,,,
3343,2026-05-21,SH600741,-0.010084341278587185,EXP_CatBoostModel_Alpha158_csi300_custom_step0_s_20260521_18,a49c3a9eb16049e4ad38ede961a5a4c0,0.052,,,
3344,2026-05-21,SH600690,0.0027677230552585787,EXP_CatBoostModel_Alpha158_csi300_custom_step0_s_20260521_18,a49c3a9eb16049e4ad38ede961a5a4c0,0.052,,,
3345,2026-05-21,SH600674,-0.0010323749647503753,EXP_CatBoostModel_Alpha158_csi300_custom_step0_s_20260521_18,a49c3a9eb16049e4ad38ede961a5a4c0,0.052,,,
3346,2026-05-21,SH600809,-0.003949897826067798,EXP_CatBoostModel_Alpha158_csi300_custom_step0_s_20260521_18,a49c3a9eb16049e4ad38ede961a5a4c0,0.052,,,
3347,2026-05-21,SH600660,-0.003168558163907222,EXP_CatBoostModel_Alpha158_csi300_custom_step0_s_20260521_18,a49c3a9eb16049e4ad38ede961a5a4c0,0.052,,,
3348,2026-05-21,SH600588,-0.001946750522370379,EXP_CatBoostModel_Alpha158_csi300_custom_step0_s_20260521_18,a49c3a9eb16049e4ad38ede961a5a4c0,0.052,,,
3349,2026-05-21,SH600585,-0.004172537860550617,EXP_CatBoostModel_Alpha158_csi300_custom_step0_s_20260521_18,a49c3a9eb16049e4ad38ede961a5a4c0,0.052,,,
3350,2026-05-21,SH600584,-0.036078126259030646,EXP_CatBoostModel_Alpha158_csi300_custom_step0_s_20260521_18,a49c3a9eb16049e4ad38ede961a5a4c0,0.052,,,
3351,2026-05-21,SH600570,-0.002281365452377642,EXP_CatBoostModel_Alpha158_csi300_custom_step0_s_20260521_18,a49c3a9eb16049e4ad38ede961a5a4c0,0.052,,,
3352,2026-05-21,SH600547,0.0061625538146023355,EXP_CatBoostModel_Alpha158_csi300_custom_step0_s_20260521_18,a49c3a9eb16049e4ad38ede961a5a4c0,0.052,,,
3353,2026-05-21,SH600522,0.005832631089036391,EXP_CatBoostModel_Alpha158_csi300_custom_step0_s_20260521_18,a49c3a9eb16049e4ad38ede961a5a4c0,0.052,,,
3354,2026-05-21,SH600600,0.0027677230552585787,EXP_CatBoostModel_Alpha158_csi300_custom_step0_s_20260521_18,a49c3a9eb16049e4ad38ede961a5a4c0,0.052,,,
3355,2026-05-21,SH601607,0.0009181962106391128,EXP_CatBoostModel_Alpha158_csi300_custom_step0_s_20260521_18,a49c3a9eb16049e4ad38ede961a5a4c0,0.052,,,
3356,2026-05-21,SH600845,-0.0010595578108407986,EXP_CatBoostModel_Alpha158_csi300_custom_step0_s_20260521_18,a49c3a9eb16049e4ad38ede961a5a4c0,0.052,,,
3357,2026-05-21,SH600886,0.0027677230552585787,EXP_CatBoostModel_Alpha158_csi300_custom_step0_s_20260521_18,a49c3a9eb16049e4ad38ede961a5a4c0,0.052,,,
3358,2026-05-21,SH601006,0.003679434161091205,EXP_CatBoostModel_Alpha158_csi300_custom_step0_s_20260521_18,a49c3a9eb16049e4ad38ede961a5a4c0,0.052,,,
3359,2026-05-21,SH600999,-0.0008369177763579787,EXP_CatBoostModel_Alpha158_csi300_custom_step0_s_20260521_18,a49c3a9eb16049e4ad38ede961a5a4c0,0.052,,,
3360,2026-05-21,SH600989,-0.001946750522370379,EXP_CatBoostModel_Alpha158_csi300_custom_step0_s_20260521_18,a49c3a9eb16049e4ad38ede961a5a4c0,0.052,,,
3361,2026-05-21,SH600958,-0.001946750522370379,EXP_CatBoostModel_Alpha158_csi300_custom_step0_s_20260521_18,a49c3a9eb16049e4ad38ede961a5a4c0,0.052,,,
3362,2026-05-21,SH600941,0.002184575950233092,EXP_CatBoostModel_Alpha158_csi300_custom_step0_s_20260521_18,a49c3a9eb16049e4ad38ede961a5a4c0,0.052,,,
3363,2026-05-21,SH600938,0.00018943267678646803,EXP_CatBoostModel_Alpha158_csi300_custom_step0_s_20260521_18,a49c3a9eb16049e4ad38ede961a5a4c0,0.052,,,
3364,2026-05-21,SH600875,-0.001946750522370379,EXP_CatBoostModel_Alpha158_csi300_custom_step0_s_20260521_18,a49c3a9eb16049e4ad38ede961a5a4c0,0.052,,,
3365,2026-05-21,SH600930,-0.001946750522370379,EXP_CatBoostModel_Alpha158_csi300_custom_step0_s_20260521_18,a49c3a9eb16049e4ad38ede961a5a4c0,0.052,,,
3366,2026-05-21,SH600919,0.003679434161091205,EXP_CatBoostModel_Alpha158_csi300_custom_step0_s_20260521_18,a49c3a9eb16049e4ad38ede961a5a4c0,0.052,,,
3367,2026-05-21,SH600918,-0.002281365452377642,EXP_CatBoostModel_Alpha158_csi300_custom_step0_s_20260521_18,a49c3a9eb16049e4ad38ede961a5a4c0,0.052,,,
3368,2026-05-21,SH600905,0.0027677230552585787,EXP_CatBoostModel_Alpha158_csi300_custom_step0_s_20260521_18,a49c3a9eb16049e4ad38ede961a5a4c0,0.052,,,
3369,2026-05-21,SH600900,0.0027677230552585787,EXP_CatBoostModel_Alpha158_csi300_custom_step0_s_20260521_18,a49c3a9eb16049e4ad38ede961a5a4c0,0.052,,,
3370,2026-05-21,SH600893,-0.001946750522370379,EXP_CatBoostModel_Alpha158_csi300_custom_step0_s_20260521_18,a49c3a9eb16049e4ad38ede961a5a4c0,0.052,,,
3371,2026-05-21,SH600887,0.0004120727112692879,EXP_CatBoostModel_Alpha158_csi300_custom_step0_s_20260521_18,a49c3a9eb16049e4ad38ede961a5a4c0,0.052,,,
3372,2026-05-21,SH600926,-0.0010323749647503753,EXP_CatBoostModel_Alpha158_csi300_custom_step0_s_20260521_18,a49c3a9eb16049e4ad38ede961a5a4c0,0.052,,,
3373,2026-05-21,SZ000983,-0.002540953157316907,EXP_LGBModel_Alpha158_csi300_custom_step0_s_20260521_18,74f7e0be47ea43279d614e40d1a391ab,0.057,,,
3374,2026-05-21,SZ000999,-3.0446986463688705e-10,EXP_LGBModel_Alpha158_csi300_custom_step0_s_20260521_18,74f7e0be47ea43279d614e40d1a391ab,0.057,,,
3375,2026-05-21,SZ001391,-3.0446986463688705e-10,EXP_LGBModel_Alpha158_csi300_custom_step0_s_20260521_18,74f7e0be47ea43279d614e40d1a391ab,0.057,,,
3376,2026-05-21,SH600803,0.05921951752353951,EXP_DEnsembleModel_Alpha158_csi300_custom_step0_s_20260521_16,a9b45c2ef1f241649680af1d35f974d5,0.065,,,
3377,2026-05-21,SH600809,-0.11654907632775573,EXP_DEnsembleModel_Alpha158_csi300_custom_step0_s_20260521_16,a9b45c2ef1f241649680af1d35f974d5,0.065,,,
3378,2026-05-21,SH600845,-0.07867218567243235,EXP_DEnsembleModel_Alpha158_csi300_custom_step0_s_20260521_16,a9b45c2ef1f241649680af1d35f974d5,0.065,,,
3379,2026-05-21,SH600875,-0.09513599755149776,EXP_DEnsembleModel_Alpha158_csi300_custom_step0_s_20260521_16,a9b45c2ef1f241649680af1d35f974d5,0.065,,,
3380,2026-05-21,SH600886,0.08727933087977592,EXP_DEnsembleModel_Alpha158_csi300_custom_step0_s_20260521_16,a9b45c2ef1f241649680af1d35f974d5,0.065,,,
3381,2026-05-21,SH600887,0.06038153341858985,EXP_DEnsembleModel_Alpha158_csi300_custom_step0_s_20260521_16,a9b45c2ef1f241649680af1d35f974d5,0.065,,,
3382,2026-05-21,SH600893,-0.04418363049563713,EXP_DEnsembleModel_Alpha158_csi300_custom_step0_s_20260521_16,a9b45c2ef1f241649680af1d35f974d5,0.065,,,
3383,2026-05-21,SH600900,0.12167543649626865,EXP_DEnsembleModel_Alpha158_csi300_custom_step0_s_20260521_16,a9b45c2ef1f241649680af1d35f974d5,0.065,,,
3384,2026-05-21,SH600905,0.03675821358232834,EXP_DEnsembleModel_Alpha158_csi300_custom_step0_s_20260521_16,a9b45c2ef1f241649680af1d35f974d5,0.065,,,
3385,2026-05-21,SH600918,-0.03354536443141045,EXP_DEnsembleModel_Alpha158_csi300_custom_step0_s_20260521_16,a9b45c2ef1f241649680af1d35f974d5,0.065,,,
3386,2026-05-21,SH600919,0.08510094450690402,EXP_DEnsembleModel_Alpha158_csi300_custom_step0_s_20260521_16,a9b45c2ef1f241649680af1d35f974d5,0.065,,,
3387,2026-05-21,SH600926,-0.018837530769583846,EXP_DEnsembleModel_Alpha158_csi300_custom_step0_s_20260521_16,a9b45c2ef1f241649680af1d35f974d5,0.065,,,
3388,2026-05-21,SH600930,-0.05073088909225858,EXP_DEnsembleModel_Alpha158_csi300_custom_step0_s_20260521_16,a9b45c2ef1f241649680af1d35f974d5,0.065,,,
3389,2026-05-21,SH600938,0.025715654928938785,EXP_DEnsembleModel_Alpha158_csi300_custom_step0_s_20260521_16,a9b45c2ef1f241649680af1d35f974d5,0.065,,,
3390,2026-05-21,SH600941,0.03655658620525528,EXP_DEnsembleModel_Alpha158_csi300_custom_step0_s_20260521_16,a9b45c2ef1f241649680af1d35f974d5,0.065,,,
3391,2026-05-21,SH600958,-0.05123022282499774,EXP_DEnsembleModel_Alpha158_csi300_custom_step0_s_20260521_16,a9b45c2ef1f241649680af1d35f974d5,0.065,,,
3392,2026-05-21,SH600989,-0.03338981943147977,EXP_DEnsembleModel_Alpha158_csi300_custom_step0_s_20260521_16,a9b45c2ef1f241649680af1d35f974d5,0.065,,,
3393,2026-05-21,SH601117,-0.035416846339502144,EXP_DEnsembleModel_Alpha158_csi300_custom_step0_s_20260521_16,a9b45c2ef1f241649680af1d35f974d5,0.065,,,
3394,2026-05-21,SH601111,-0.08129339514901043,EXP_DEnsembleModel_Alpha158_csi300_custom_step0_s_20260521_16,a9b45c2ef1f241649680af1d35f974d5,0.065,,,
3395,2026-05-21,SH601100,-0.04432474545601626,EXP_DEnsembleModel_Alpha158_csi300_custom_step0_s_20260521_16,a9b45c2ef1f241649680af1d35f974d5,0.065,,,
3396,2026-05-21,SH601088,0.04557241928915046,EXP_DEnsembleModel_Alpha158_csi300_custom_step0_s_20260521_16,a9b45c2ef1f241649680af1d35f974d5,0.065,,,
3397,2026-05-21,SH601077,0.0356888668829028,EXP_DEnsembleModel_Alpha158_csi300_custom_step0_s_20260521_16,a9b45c2ef1f241649680af1d35f974d5,0.065,,,
3398,2026-05-21,SH601066,0.01917334244834583,EXP_DEnsembleModel_Alpha158_csi300_custom_step0_s_20260521_16,a9b45c2ef1f241649680af1d35f974d5,0.065,,,
3399,2026-05-21,SH600795,0.02585612059133485,EXP_DEnsembleModel_Alpha158_csi300_custom_step0_s_20260521_16,a9b45c2ef1f241649680af1d35f974d5,0.065,,,
3400,2026-05-21,SH601059,0.09369903959034732,EXP_DEnsembleModel_Alpha158_csi300_custom_step0_s_20260521_16,a9b45c2ef1f241649680af1d35f974d5,0.065,,,
3401,2026-05-21,SH601021,-0.04663341369225111,EXP_DEnsembleModel_Alpha158_csi300_custom_step0_s_20260521_16,a9b45c2ef1f241649680af1d35f974d5,0.065,,,
3402,2026-05-21,SH601018,-0.0034757217444099666,EXP_DEnsembleModel_Alpha158_csi300_custom_step0_s_20260521_16,a9b45c2ef1f241649680af1d35f974d5,0.065,,,
3403,2026-05-21,SH601012,-0.06787851633409162,EXP_DEnsembleModel_Alpha158_csi300_custom_step0_s_20260521_16,a9b45c2ef1f241649680af1d35f974d5,0.065,,,
3404,2026-05-21,SH601009,-0.047687827545988805,EXP_DEnsembleModel_Alpha158_csi300_custom_step0_s_20260521_16,a9b45c2ef1f241649680af1d35f974d5,0.065,,,
3405,2026-05-21,SH601006,0.14730146229861033,EXP_DEnsembleModel_Alpha158_csi300_custom_step0_s_20260521_16,a9b45c2ef1f241649680af1d35f974d5,0.065,,,
3406,2026-05-21,SH600999,0.1638537551113847,EXP_DEnsembleModel_Alpha158_csi300_custom_step0_s_20260521_16,a9b45c2ef1f241649680af1d35f974d5,0.065,,,
3407,2026-05-21,SH601058,-0.13530577360766394,EXP_DEnsembleModel_Alpha158_csi300_custom_step0_s_20260521_16,a9b45c2ef1f241649680af1d35f974d5,0.065,,,
3408,2026-05-21,SH601127,-0.05028388380037329,EXP_DEnsembleModel_Alpha158_csi300_custom_step0_s_20260521_16,a9b45c2ef1f241649680af1d35f974d5,0.065,,,
3409,2026-05-21,SH600760,-0.0938804103672713,EXP_DEnsembleModel_Alpha158_csi300_custom_step0_s_20260521_16,a9b45c2ef1f241649680af1d35f974d5,0.065,,,
3410,2026-05-21,SH600690,-0.0531217919211536,EXP_DEnsembleModel_Alpha158_csi300_custom_step0_s_20260521_16,a9b45c2ef1f241649680af1d35f974d5,0.065,,,
3411,2026-05-21,SH600176,-0.034332076569119165,EXP_DEnsembleModel_Alpha158_csi300_custom_step0_s_20260521_16,a9b45c2ef1f241649680af1d35f974d5,0.065,,,
3412,2026-05-21,SH600183,0.025660943350106467,EXP_DEnsembleModel_Alpha158_csi300_custom_step0_s_20260521_16,a9b45c2ef1f241649680af1d35f974d5,0.065,,,
3413,2026-05-21,SH600188,-0.04163681676161888,EXP_DEnsembleModel_Alpha158_csi300_custom_step0_s_20260521_16,a9b45c2ef1f241649680af1d35f974d5,0.065,,,
3414,2026-05-21,SH600196,-0.03978557667402355,EXP_DEnsembleModel_Alpha158_csi300_custom_step0_s_20260521_16,a9b45c2ef1f241649680af1d35f974d5,0.065,,,
3415,2026-05-21,SH600219,0.09139144971966524,EXP_DEnsembleModel_Alpha158_csi300_custom_step0_s_20260521_16,a9b45c2ef1f241649680af1d35f974d5,0.065,,,
3416,2026-05-21,SH600233,-0.12187824554463912,EXP_DEnsembleModel_Alpha158_csi300_custom_step0_s_20260521_16,a9b45c2ef1f241649680af1d35f974d5,0.065,,,
3417,2026-05-21,SH600276,-0.1102996638756889,EXP_DEnsembleModel_Alpha158_csi300_custom_step0_s_20260521_16,a9b45c2ef1f241649680af1d35f974d5,0.065,,,
3418,2026-05-21,SH600309,0.002867195842319018,EXP_DEnsembleModel_Alpha158_csi300_custom_step0_s_20260521_16,a9b45c2ef1f241649680af1d35f974d5,0.065,,,
3419,2026-05-21,SH600346,-0.12096915836963831,EXP_DEnsembleModel_Alpha158_csi300_custom_step0_s_20260521_16,a9b45c2ef1f241649680af1d35f974d5,0.065,,,
3420,2026-05-21,SH600362,-0.13468797527156035,EXP_DEnsembleModel_Alpha158_csi300_custom_step0_s_20260521_16,a9b45c2ef1f241649680af1d35f974d5,0.065,,,
3421,2026-05-21,SH600372,-0.06685595493165856,EXP_DEnsembleModel_Alpha158_csi300_custom_step0_s_20260521_16,a9b45c2ef1f241649680af1d35f974d5,0.065,,,
3422,2026-05-21,SH600377,0.11147386813497982,EXP_DEnsembleModel_Alpha158_csi300_custom_step0_s_20260521_16,a9b45c2ef1f241649680af1d35f974d5,0.065,,,
3423,2026-05-21,SH600406,-0.10960014168606026,EXP_DEnsembleModel_Alpha158_csi300_custom_step0_s_20260521_16,a9b45c2ef1f241649680af1d35f974d5,0.065,,,
3424,2026-05-21,SH600415,-0.14092830273150161,EXP_DEnsembleModel_Alpha158_csi300_custom_step0_s_20260521_16,a9b45c2ef1f241649680af1d35f974d5,0.065,,,
3425,2026-05-21,SH600426,-0.03786268109618491,EXP_DEnsembleModel_Alpha158_csi300_custom_step0_s_20260521_16,a9b45c2ef1f241649680af1d35f974d5,0.065,,,
3426,2026-05-21,SH600436,-0.06424557639787955,EXP_DEnsembleModel_Alpha158_csi300_custom_step0_s_20260521_16,a9b45c2ef1f241649680af1d35f974d5,0.065,,,
3427,2026-05-21,SH600438,-0.1233200678402766,EXP_DEnsembleModel_Alpha158_csi300_custom_step0_s_20260521_16,a9b45c2ef1f241649680af1d35f974d5,0.065,,,
3428,2026-05-21,SH600674,-0.0013797679206635602,EXP_DEnsembleModel_Alpha158_csi300_custom_step0_s_20260521_16,a9b45c2ef1f241649680af1d35f974d5,0.065,,,
3429,2026-05-21,SH600660,-0.0796448802111373,EXP_DEnsembleModel_Alpha158_csi300_custom_step0_s_20260521_16,a9b45c2ef1f241649680af1d35f974d5,0.065,,,
3430,2026-05-21,SH600600,0.05147502783581683,EXP_DEnsembleModel_Alpha158_csi300_custom_step0_s_20260521_16,a9b45c2ef1f241649680af1d35f974d5,0.065,,,
3431,2026-05-21,SH600588,-0.08520407169969832,EXP_DEnsembleModel_Alpha158_csi300_custom_step0_s_20260521_16,a9b45c2ef1f241649680af1d35f974d5,0.065,,,
3432,2026-05-21,SH600585,0.0014898389475684556,EXP_DEnsembleModel_Alpha158_csi300_custom_step0_s_20260521_16,a9b45c2ef1f241649680af1d35f974d5,0.065,,,
3433,2026-05-21,SH600584,-0.0786011802100709,EXP_DEnsembleModel_Alpha158_csi300_custom_step0_s_20260521_16,a9b45c2ef1f241649680af1d35f974d5,0.065,,,
3434,2026-05-21,SH600741,-0.05328050138466411,EXP_DEnsembleModel_Alpha158_csi300_custom_step0_s_20260521_16,a9b45c2ef1f241649680af1d35f974d5,0.065,,,
3435,2026-05-21,SH600570,-0.04421246331648054,EXP_DEnsembleModel_Alpha158_csi300_custom_step0_s_20260521_16,a9b45c2ef1f241649680af1d35f974d5,0.065,,,
3436,2026-05-21,SH600522,0.025257652934060355,EXP_DEnsembleModel_Alpha158_csi300_custom_step0_s_20260521_16,a9b45c2ef1f241649680af1d35f974d5,0.065,,,
3437,2026-05-21,SH600519,0.018664823910309613,EXP_DEnsembleModel_Alpha158_csi300_custom_step0_s_20260521_16,a9b45c2ef1f241649680af1d35f974d5,0.065,,,
3438,2026-05-21,SH600515,-0.07192403440403355,EXP_DEnsembleModel_Alpha158_csi300_custom_step0_s_20260521_16,a9b45c2ef1f241649680af1d35f974d5,0.065,,,
3439,2026-05-21,SH600489,-0.008526704719090878,EXP_DEnsembleModel_Alpha158_csi300_custom_step0_s_20260521_16,a9b45c2ef1f241649680af1d35f974d5,0.065,,,
3440,2026-05-21,SH600482,-0.052727945146978275,EXP_DEnsembleModel_Alpha158_csi300_custom_step0_s_20260521_16,a9b45c2ef1f241649680af1d35f974d5,0.065,,,
3441,2026-05-21,SH600460,0.08723268250090829,EXP_DEnsembleModel_Alpha158_csi300_custom_step0_s_20260521_16,a9b45c2ef1f241649680af1d35f974d5,0.065,,,
3442,2026-05-21,SH600547,-0.01325525115700279,EXP_DEnsembleModel_Alpha158_csi300_custom_step0_s_20260521_16,a9b45c2ef1f241649680af1d35f974d5,0.065,,,
3443,2026-05-21,SH600161,-0.041077422554626146,EXP_DEnsembleModel_Alpha158_csi300_custom_step0_s_20260521_16,a9b45c2ef1f241649680af1d35f974d5,0.065,,,
3444,2026-05-21,SH601136,-0.13880554627114997,EXP_DEnsembleModel_Alpha158_csi300_custom_step0_s_20260521_16,a9b45c2ef1f241649680af1d35f974d5,0.065,,,
3445,2026-05-21,SH601166,-0.006767820205761373,EXP_DEnsembleModel_Alpha158_csi300_custom_step0_s_20260521_16,a9b45c2ef1f241649680af1d35f974d5,0.065,,,
3446,2026-05-21,SH601816,0.014283150365802546,EXP_DEnsembleModel_Alpha158_csi300_custom_step0_s_20260521_16,a9b45c2ef1f241649680af1d35f974d5,0.065,,,
3447,2026-05-21,SH601818,0.07101547599078341,EXP_DEnsembleModel_Alpha158_csi300_custom_step0_s_20260521_16,a9b45c2ef1f241649680af1d35f974d5,0.065,,,
3448,2026-05-21,SH601825,0.11097165954499273,EXP_DEnsembleModel_Alpha158_csi300_custom_step0_s_20260521_16,a9b45c2ef1f241649680af1d35f974d5,0.065,,,
3449,2026-05-21,SH601838,0.006817151424213006,EXP_DEnsembleModel_Alpha158_csi300_custom_step0_s_20260521_16,a9b45c2ef1f241649680af1d35f974d5,0.065,,,
3450,2026-05-21,SH601857,-0.029538424361118313,EXP_DEnsembleModel_Alpha158_csi300_custom_step0_s_20260521_16,a9b45c2ef1f241649680af1d35f974d5,0.065,,,
3451,2026-05-21,SH601868,-0.01444514844716651,EXP_DEnsembleModel_Alpha158_csi300_custom_step0_s_20260521_16,a9b45c2ef1f241649680af1d35f974d5,0.065,,,
3452,2026-05-21,SH601872,-0.10240845686659293,EXP_DEnsembleModel_Alpha158_csi300_custom_step0_s_20260521_16,a9b45c2ef1f241649680af1d35f974d5,0.065,,,
3453,2026-05-21,SH601877,-0.07505433644940114,EXP_DEnsembleModel_Alpha158_csi300_custom_step0_s_20260521_16,a9b45c2ef1f241649680af1d35f974d5,0.065,,,
3454,2026-05-21,SH601878,-0.043193339518340874,EXP_DEnsembleModel_Alpha158_csi300_custom_step0_s_20260521_16,a9b45c2ef1f241649680af1d35f974d5,0.065,,,
3455,2026-05-21,SH601881,-0.06910463998965864,EXP_DEnsembleModel_Alpha158_csi300_custom_step0_s_20260521_16,a9b45c2ef1f241649680af1d35f974d5,0.065,,,
3456,2026-05-21,SH601888,-0.02843111379583465,EXP_DEnsembleModel_Alpha158_csi300_custom_step0_s_20260521_16,a9b45c2ef1f241649680af1d35f974d5,0.065,,,
3457,2026-05-21,SH601898,-0.08741571611890153,EXP_DEnsembleModel_Alpha158_csi300_custom_step0_s_20260521_16,a9b45c2ef1f241649680af1d35f974d5,0.065,,,
3458,2026-05-21,SH601899,-0.20153439972566714,EXP_DEnsembleModel_Alpha158_csi300_custom_step0_s_20260521_16,a9b45c2ef1f241649680af1d35f974d5,0.065,,,
3459,2026-05-21,SH601901,-0.0033270446400958604,EXP_DEnsembleModel_Alpha158_csi300_custom_step0_s_20260521_16,a9b45c2ef1f241649680af1d35f974d5,0.065,,,
3460,2026-05-21,SH601916,0.13710690123419392,EXP_DEnsembleModel_Alpha158_csi300_custom_step0_s_20260521_16,a9b45c2ef1f241649680af1d35f974d5,0.065,,,
3461,2026-05-21,SH601919,0.04860540758378076,EXP_DEnsembleModel_Alpha158_csi300_custom_step0_s_20260521_16,a9b45c2ef1f241649680af1d35f974d5,0.065,,,
3462,2026-05-21,SH601939,0.08507103961804634,EXP_DEnsembleModel_Alpha158_csi300_custom_step0_s_20260521_16,a9b45c2ef1f241649680af1d35f974d5,0.065,,,
3463,2026-05-21,SH603799,-0.08370108092833974,EXP_DEnsembleModel_Alpha158_csi300_custom_step0_s_20260521_16,a9b45c2ef1f241649680af1d35f974d5,0.065,,,
3464,2026-05-21,SH603501,-0.07466643268303377,EXP_DEnsembleModel_Alpha158_csi300_custom_step0_s_20260521_16,a9b45c2ef1f241649680af1d35f974d5,0.065,,,
3465,2026-05-21,SH603392,-0.07088872495960423,EXP_DEnsembleModel_Alpha158_csi300_custom_step0_s_20260521_16,a9b45c2ef1f241649680af1d35f974d5,0.065,,,
3466,2026-05-21,SH603369,-0.06800428056302105,EXP_DEnsembleModel_Alpha158_csi300_custom_step0_s_20260521_16,a9b45c2ef1f241649680af1d35f974d5,0.065,,,
3467,2026-05-21,SH603296,0.08542457593883811,EXP_DEnsembleModel_Alpha158_csi300_custom_step0_s_20260521_16,a9b45c2ef1f241649680af1d35f974d5,0.065,,,
3468,2026-05-21,SH603288,-0.04376824771110949,EXP_DEnsembleModel_Alpha158_csi300_custom_step0_s_20260521_16,a9b45c2ef1f241649680af1d35f974d5,0.065,,,
3469,2026-05-21,SH601808,0.0540981564721495,EXP_DEnsembleModel_Alpha158_csi300_custom_step0_s_20260521_16,a9b45c2ef1f241649680af1d35f974d5,0.065,,,
3470,2026-05-21,SH603260,-0.09983675049271916,EXP_DEnsembleModel_Alpha158_csi300_custom_step0_s_20260521_16,a9b45c2ef1f241649680af1d35f974d5,0.065,,,
3471,2026-05-21,SH603195,0.032911050017008565,EXP_DEnsembleModel_Alpha158_csi300_custom_step0_s_20260521_16,a9b45c2ef1f241649680af1d35f974d5,0.065,,,
3472,2026-05-21,SH603019,0.030546671961794458,EXP_DEnsembleModel_Alpha158_csi300_custom_step0_s_20260521_16,a9b45c2ef1f241649680af1d35f974d5,0.065,,,
3473,2026-05-21,SH601998,0.04476263525606324,EXP_DEnsembleModel_Alpha158_csi300_custom_step0_s_20260521_16,a9b45c2ef1f241649680af1d35f974d5,0.065,,,
3474,2026-05-21,SH601995,0.08029438713024374,EXP_DEnsembleModel_Alpha158_csi300_custom_step0_s_20260521_16,a9b45c2ef1f241649680af1d35f974d5,0.065,,,
3475,2026-05-21,SH601988,0.10836982933023022,EXP_DEnsembleModel_Alpha158_csi300_custom_step0_s_20260521_16,a9b45c2ef1f241649680af1d35f974d5,0.065,,,
3476,2026-05-21,SH601985,0.05663690811176281,EXP_DEnsembleModel_Alpha158_csi300_custom_step0_s_20260521_16,a9b45c2ef1f241649680af1d35f974d5,0.065,,,
3477,2026-05-21,SH603259,-0.10738083157227588,EXP_DEnsembleModel_Alpha158_csi300_custom_step0_s_20260521_16,a9b45c2ef1f241649680af1d35f974d5,0.065,,,
3478,2026-05-21,SH601138,0.02881271080799728,EXP_DEnsembleModel_Alpha158_csi300_custom_step0_s_20260521_16,a9b45c2ef1f241649680af1d35f974d5,0.065,,,
3479,2026-05-21,SH601800,-0.05124363569715243,EXP_DEnsembleModel_Alpha158_csi300_custom_step0_s_20260521_16,a9b45c2ef1f241649680af1d35f974d5,0.065,,,
3480,2026-05-21,SH601766,-0.0420958029760903,EXP_DEnsembleModel_Alpha158_csi300_custom_step0_s_20260521_16,a9b45c2ef1f241649680af1d35f974d5,0.065,,,
3481,2026-05-21,SH601169,0.0513090396051212,EXP_DEnsembleModel_Alpha158_csi300_custom_step0_s_20260521_16,a9b45c2ef1f241649680af1d35f974d5,0.065,,,
3482,2026-05-21,SH601186,-0.0071460487026264044,EXP_DEnsembleModel_Alpha158_csi300_custom_step0_s_20260521_16,a9b45c2ef1f241649680af1d35f974d5,0.065,,,
3483,2026-05-21,SH601211,-0.08409595517970853,EXP_DEnsembleModel_Alpha158_csi300_custom_step0_s_20260521_16,a9b45c2ef1f241649680af1d35f974d5,0.065,,,
3484,2026-05-21,SH601225,0.004672646687295457,EXP_DEnsembleModel_Alpha158_csi300_custom_step0_s_20260521_16,a9b45c2ef1f241649680af1d35f974d5,0.065,,,
3485,2026-05-21,SH601229,-0.04997531680221822,EXP_DEnsembleModel_Alpha158_csi300_custom_step0_s_20260521_16,a9b45c2ef1f241649680af1d35f974d5,0.065,,,
3486,2026-05-21,SH601236,-0.00383017806019076,EXP_DEnsembleModel_Alpha158_csi300_custom_step0_s_20260521_16,a9b45c2ef1f241649680af1d35f974d5,0.065,,,
3487,2026-05-21,SH601238,-0.027520332055456016,EXP_DEnsembleModel_Alpha158_csi300_custom_step0_s_20260521_16,a9b45c2ef1f241649680af1d35f974d5,0.065,,,
3488,2026-05-21,SH601288,-0.037510563204314694,EXP_DEnsembleModel_Alpha158_csi300_custom_step0_s_20260521_16,a9b45c2ef1f241649680af1d35f974d5,0.065,,,
3489,2026-05-21,SH601298,0.08620877474109401,EXP_DEnsembleModel_Alpha158_csi300_custom_step0_s_20260521_16,a9b45c2ef1f241649680af1d35f974d5,0.065,,,
3490,2026-05-21,SH601318,-0.11060681785653916,EXP_DEnsembleModel_Alpha158_csi300_custom_step0_s_20260521_16,a9b45c2ef1f241649680af1d35f974d5,0.065,,,
3491,2026-05-21,SH601319,-0.06853068895644118,EXP_DEnsembleModel_Alpha158_csi300_custom_step0_s_20260521_16,a9b45c2ef1f241649680af1d35f974d5,0.065,,,
3492,2026-05-21,SH601328,0.018225860031511033,EXP_DEnsembleModel_Alpha158_csi300_custom_step0_s_20260521_16,a9b45c2ef1f241649680af1d35f974d5,0.065,,,
3493,2026-05-21,SH601336,-0.17456136857023183,EXP_DEnsembleModel_Alpha158_csi300_custom_step0_s_20260521_16,a9b45c2ef1f241649680af1d35f974d5,0.065,,,
3494,2026-05-21,SH601360,-0.08288136760702357,EXP_DEnsembleModel_Alpha158_csi300_custom_step0_s_20260521_16,a9b45c2ef1f241649680af1d35f974d5,0.065,,,
3495,2026-05-21,SH601377,-0.05581593653801813,EXP_DEnsembleModel_Alpha158_csi300_custom_step0_s_20260521_16,a9b45c2ef1f241649680af1d35f974d5,0.065,,,
3496,2026-05-21,SH601390,0.004704132021921144,EXP_DEnsembleModel_Alpha158_csi300_custom_step0_s_20260521_16,a9b45c2ef1f241649680af1d35f974d5,0.065,,,
3497,2026-05-21,SH601398,0.053993565512062955,EXP_DEnsembleModel_Alpha158_csi300_custom_step0_s_20260521_16,a9b45c2ef1f241649680af1d35f974d5,0.065,,,
3498,2026-05-21,SH601728,0.06352414484793774,EXP_DEnsembleModel_Alpha158_csi300_custom_step0_s_20260521_16,a9b45c2ef1f241649680af1d35f974d5,0.065,,,
3499,2026-05-21,SH601698,-0.11445024029969611,EXP_DEnsembleModel_Alpha158_csi300_custom_step0_s_20260521_16,a9b45c2ef1f241649680af1d35f974d5,0.065,,,
3500,2026-05-21,SH601689,-0.03591048196448756,EXP_DEnsembleModel_Alpha158_csi300_custom_step0_s_20260521_16,a9b45c2ef1f241649680af1d35f974d5,0.065,,,
3501,2026-05-21,SH601688,-0.10909000759942797,EXP_DEnsembleModel_Alpha158_csi300_custom_step0_s_20260521_16,a9b45c2ef1f241649680af1d35f974d5,0.065,,,
3502,2026-05-21,SH601669,-0.05669426491360429,EXP_DEnsembleModel_Alpha158_csi300_custom_step0_s_20260521_16,a9b45c2ef1f241649680af1d35f974d5,0.065,,,
3503,2026-05-21,SH601668,0.036419131885498064,EXP_DEnsembleModel_Alpha158_csi300_custom_step0_s_20260521_16,a9b45c2ef1f241649680af1d35f974d5,0.065,,,
3504,2026-05-21,SH601788,-0.0592067508747832,EXP_DEnsembleModel_Alpha158_csi300_custom_step0_s_20260521_16,a9b45c2ef1f241649680af1d35f974d5,0.065,,,
3505,2026-05-21,SH601658,-0.005943899974727232,EXP_DEnsembleModel_Alpha158_csi300_custom_step0_s_20260521_16,a9b45c2ef1f241649680af1d35f974d5,0.065,,,
3506,2026-05-21,SH601628,-0.0629918210143141,EXP_DEnsembleModel_Alpha158_csi300_custom_step0_s_20260521_16,a9b45c2ef1f241649680af1d35f974d5,0.065,,,
3507,2026-05-21,SH601618,-0.011735030918155387,EXP_DEnsembleModel_Alpha158_csi300_custom_step0_s_20260521_16,a9b45c2ef1f241649680af1d35f974d5,0.065,,,
3508,2026-05-21,SH601607,0.02542932293452358,EXP_DEnsembleModel_Alpha158_csi300_custom_step0_s_20260521_16,a9b45c2ef1f241649680af1d35f974d5,0.065,,,
3509,2026-05-21,SH601601,-0.050081287133300914,EXP_DEnsembleModel_Alpha158_csi300_custom_step0_s_20260521_16,a9b45c2ef1f241649680af1d35f974d5,0.065,,,
3510,2026-05-21,SH601600,-0.05286806862851992,EXP_DEnsembleModel_Alpha158_csi300_custom_step0_s_20260521_16,a9b45c2ef1f241649680af1d35f974d5,0.065,,,
3511,2026-05-21,SH601456,0.0063050543382321255,EXP_DEnsembleModel_Alpha158_csi300_custom_step0_s_20260521_16,a9b45c2ef1f241649680af1d35f974d5,0.065,,,
3512,2026-05-21,SH601633,-0.07757285954528831,EXP_DEnsembleModel_Alpha158_csi300_custom_step0_s_20260521_16,a9b45c2ef1f241649680af1d35f974d5,0.065,,,
3513,2026-05-21,SH600160,-0.1287925938602156,EXP_DEnsembleModel_Alpha158_csi300_custom_step0_s_20260521_16,a9b45c2ef1f241649680af1d35f974d5,0.065,,,
3514,2026-05-21,SH600150,0.038328002850621504,EXP_DEnsembleModel_Alpha158_csi300_custom_step0_s_20260521_16,a9b45c2ef1f241649680af1d35f974d5,0.065,,,
3515,2026-05-21,SH600115,-0.07993801092686469,EXP_DEnsembleModel_Alpha158_csi300_custom_step0_s_20260521_16,a9b45c2ef1f241649680af1d35f974d5,0.065,,,
3516,2026-05-21,SZ000999,-0.018900647145535777,EXP_LGBModel_Alpha158_csi300_custom_step0_s_20260521_18,03a2a379744b4579b0f291e49956f6df,0.043,,,
3517,2026-05-21,SZ001391,-0.01567481028895236,EXP_LGBModel_Alpha158_csi300_custom_step0_s_20260521_18,03a2a379744b4579b0f291e49956f6df,0.043,,,
3518,2026-05-21,SZ001965,0.03001589787750949,EXP_LGBModel_Alpha158_csi300_custom_step0_s_20260521_18,03a2a379744b4579b0f291e49956f6df,0.043,,,
3519,2026-05-21,SZ001979,0.005496703072738865,EXP_LGBModel_Alpha158_csi300_custom_step0_s_20260521_18,03a2a379744b4579b0f291e49956f6df,0.043,,,
3520,2026-05-21,SZ002001,0.017467562069939963,EXP_LGBModel_Alpha158_csi300_custom_step0_s_20260521_18,03a2a379744b4579b0f291e49956f6df,0.043,,,
3521,2026-05-21,SZ002027,-0.00930880086395504,EXP_LGBModel_Alpha158_csi300_custom_step0_s_20260521_18,03a2a379744b4579b0f291e49956f6df,0.043,,,
3522,2026-05-21,SZ002028,-0.025427382057243028,EXP_LGBModel_Alpha158_csi300_custom_step0_s_20260521_18,03a2a379744b4579b0f291e49956f6df,0.043,,,
3523,2026-05-21,SZ002049,0.019362087159043785,EXP_LGBModel_Alpha158_csi300_custom_step0_s_20260521_18,03a2a379744b4579b0f291e49956f6df,0.043,,,
3524,2026-05-21,SZ002050,0.05953324189256996,EXP_LGBModel_Alpha158_csi300_custom_step0_s_20260521_18,03a2a379744b4579b0f291e49956f6df,0.043,,,
3525,2026-05-21,SZ002074,-0.01574487186587161,EXP_LGBModel_Alpha158_csi300_custom_step0_s_20260521_18,03a2a379744b4579b0f291e49956f6df,0.043,,,
3526,2026-05-21,SZ002142,0.0120035117431176,EXP_LGBModel_Alpha158_csi300_custom_step0_s_20260521_18,03a2a379744b4579b0f291e49956f6df,0.043,,,
3527,2026-05-21,SZ002179,0.003443254959104097,EXP_LGBModel_Alpha158_csi300_custom_step0_s_20260521_18,03a2a379744b4579b0f291e49956f6df,0.043,,,
3528,2026-05-21,SZ002230,0.007569252080756998,EXP_LGBModel_Alpha158_csi300_custom_step0_s_20260521_18,03a2a379744b4579b0f291e49956f6df,0.043,,,
3529,2026-05-21,SZ002236,-0.021402040948405955,EXP_LGBModel_Alpha158_csi300_custom_step0_s_20260521_18,03a2a379744b4579b0f291e49956f6df,0.043,,,
3530,2026-05-21,SZ002241,0.05471917225413277,EXP_LGBModel_Alpha158_csi300_custom_step0_s_20260521_18,03a2a379744b4579b0f291e49956f6df,0.043,,,
3531,2026-05-21,SZ002252,-0.04497483404096468,EXP_LGBModel_Alpha158_csi300_custom_step0_s_20260521_18,03a2a379744b4579b0f291e49956f6df,0.043,,,
3532,2026-05-21,SZ002304,-0.006321750752031259,EXP_LGBModel_Alpha158_csi300_custom_step0_s_20260521_18,03a2a379744b4579b0f291e49956f6df,0.043,,,
3533,2026-05-21,SZ002600,-0.007728539502525245,EXP_LGBModel_Alpha158_csi300_custom_step0_s_20260521_18,03a2a379744b4579b0f291e49956f6df,0.043,,,
3534,2026-05-21,SZ002594,-2.6092331412419338e-05,EXP_LGBModel_Alpha158_csi300_custom_step0_s_20260521_18,03a2a379744b4579b0f291e49956f6df,0.043,,,
3535,2026-05-21,SZ002493,0.0017816631111068986,EXP_LGBModel_Alpha158_csi300_custom_step0_s_20260521_18,03a2a379744b4579b0f291e49956f6df,0.043,,,
3536,2026-05-21,SZ002475,0.0011344529314597624,EXP_LGBModel_Alpha158_csi300_custom_step0_s_20260521_18,03a2a379744b4579b0f291e49956f6df,0.043,,,
3537,2026-05-21,SZ002466,0.007235022451061478,EXP_LGBModel_Alpha158_csi300_custom_step0_s_20260521_18,03a2a379744b4579b0f291e49956f6df,0.043,,,
3538,2026-05-21,SZ002463,0.1165656076929326,EXP_LGBModel_Alpha158_csi300_custom_step0_s_20260521_18,03a2a379744b4579b0f291e49956f6df,0.043,,,
3539,2026-05-21,SZ000983,0.002765205615401071,EXP_LGBModel_Alpha158_csi300_custom_step0_s_20260521_18,03a2a379744b4579b0f291e49956f6df,0.043,,,
3540,2026-05-21,SZ002460,0.05664712909759569,EXP_LGBModel_Alpha158_csi300_custom_step0_s_20260521_18,03a2a379744b4579b0f291e49956f6df,0.043,,,
3541,2026-05-21,SZ002422,0.01544734628986497,EXP_LGBModel_Alpha158_csi300_custom_step0_s_20260521_18,03a2a379744b4579b0f291e49956f6df,0.043,,,
3542,2026-05-21,SZ002415,0.003437198205204952,EXP_LGBModel_Alpha158_csi300_custom_step0_s_20260521_18,03a2a379744b4579b0f291e49956f6df,0.043,,,
3543,2026-05-21,SZ002384,0.028091155149952377,EXP_LGBModel_Alpha158_csi300_custom_step0_s_20260521_18,03a2a379744b4579b0f291e49956f6df,0.043,,,
3544,2026-05-21,SZ002371,-0.0074588672777274635,EXP_LGBModel_Alpha158_csi300_custom_step0_s_20260521_18,03a2a379744b4579b0f291e49956f6df,0.043,,,
3545,2026-05-21,SZ002352,-0.058433139709826915,EXP_LGBModel_Alpha158_csi300_custom_step0_s_20260521_18,03a2a379744b4579b0f291e49956f6df,0.043,,,
3546,2026-05-21,SZ002311,-0.013273316209171994,EXP_LGBModel_Alpha158_csi300_custom_step0_s_20260521_18,03a2a379744b4579b0f291e49956f6df,0.043,,,
3547,2026-05-21,SZ002459,-0.0007564463772434244,EXP_LGBModel_Alpha158_csi300_custom_step0_s_20260521_18,03a2a379744b4579b0f291e49956f6df,0.043,,,
3548,2026-05-21,SZ002601,-0.015934110866702957,EXP_LGBModel_Alpha158_csi300_custom_step0_s_20260521_18,03a2a379744b4579b0f291e49956f6df,0.043,,,
3549,2026-05-21,SZ000977,0.003110999903781311,EXP_LGBModel_Alpha158_csi300_custom_step0_s_20260521_18,03a2a379744b4579b0f291e49956f6df,0.043,,,
3550,2026-05-21,SZ000963,0.005718509290978966,EXP_LGBModel_Alpha158_csi300_custom_step0_s_20260521_18,03a2a379744b4579b0f291e49956f6df,0.043,,,
3551,2026-05-21,SH688981,-0.025527459351548352,EXP_LGBModel_Alpha158_csi300_custom_step0_s_20260521_18,03a2a379744b4579b0f291e49956f6df,0.043,,,
3552,2026-05-21,SZ000001,-0.04911055904528928,EXP_LGBModel_Alpha158_csi300_custom_step0_s_20260521_18,03a2a379744b4579b0f291e49956f6df,0.043,,,
3553,2026-05-21,SZ000002,0.004329217443917804,EXP_LGBModel_Alpha158_csi300_custom_step0_s_20260521_18,03a2a379744b4579b0f291e49956f6df,0.043,,,
3554,2026-05-21,SZ000063,0.004680232297423083,EXP_LGBModel_Alpha158_csi300_custom_step0_s_20260521_18,03a2a379744b4579b0f291e49956f6df,0.043,,,
3555,2026-05-21,SZ000100,-0.003234485806859679,EXP_LGBModel_Alpha158_csi300_custom_step0_s_20260521_18,03a2a379744b4579b0f291e49956f6df,0.043,,,
3556,2026-05-21,SZ000157,0.0182328933411491,EXP_LGBModel_Alpha158_csi300_custom_step0_s_20260521_18,03a2a379744b4579b0f291e49956f6df,0.043,,,
3557,2026-05-21,SZ000166,-0.008213506934731416,EXP_LGBModel_Alpha158_csi300_custom_step0_s_20260521_18,03a2a379744b4579b0f291e49956f6df,0.043,,,
3558,2026-05-21,SZ000301,0.02920614870118662,EXP_LGBModel_Alpha158_csi300_custom_step0_s_20260521_18,03a2a379744b4579b0f291e49956f6df,0.043,,,
3559,2026-05-21,SZ000333,0.02051137221010807,EXP_LGBModel_Alpha158_csi300_custom_step0_s_20260521_18,03a2a379744b4579b0f291e49956f6df,0.043,,,
3560,2026-05-21,SZ000338,0.05377256833009587,EXP_LGBModel_Alpha158_csi300_custom_step0_s_20260521_18,03a2a379744b4579b0f291e49956f6df,0.043,,,
3561,2026-05-21,SZ000408,-0.00514914086516869,EXP_LGBModel_Alpha158_csi300_custom_step0_s_20260521_18,03a2a379744b4579b0f291e49956f6df,0.043,,,
3562,2026-05-21,SZ000425,0.02224552430985313,EXP_LGBModel_Alpha158_csi300_custom_step0_s_20260521_18,03a2a379744b4579b0f291e49956f6df,0.043,,,
3563,2026-05-21,SZ000538,-0.0290204027281969,EXP_LGBModel_Alpha158_csi300_custom_step0_s_20260521_18,03a2a379744b4579b0f291e49956f6df,0.043,,,
3564,2026-05-21,SZ000568,0.0060363382224364465,EXP_LGBModel_Alpha158_csi300_custom_step0_s_20260521_18,03a2a379744b4579b0f291e49956f6df,0.043,,,
3565,2026-05-21,SZ000596,0.0006620941445678002,EXP_LGBModel_Alpha158_csi300_custom_step0_s_20260521_18,03a2a379744b4579b0f291e49956f6df,0.043,,,
3566,2026-05-21,SZ000617,0.008290433794280305,EXP_LGBModel_Alpha158_csi300_custom_step0_s_20260521_18,03a2a379744b4579b0f291e49956f6df,0.043,,,
3567,2026-05-21,SZ000625,0.022833773788791617,EXP_LGBModel_Alpha158_csi300_custom_step0_s_20260521_18,03a2a379744b4579b0f291e49956f6df,0.043,,,
3568,2026-05-21,SZ000938,0.00602259933514032,EXP_LGBModel_Alpha158_csi300_custom_step0_s_20260521_18,03a2a379744b4579b0f291e49956f6df,0.043,,,
3569,2026-05-21,SZ000895,-0.020838221300291424,EXP_LGBModel_Alpha158_csi300_custom_step0_s_20260521_18,03a2a379744b4579b0f291e49956f6df,0.043,,,
3570,2026-05-21,SZ000876,-0.029405129711509267,EXP_LGBModel_Alpha158_csi300_custom_step0_s_20260521_18,03a2a379744b4579b0f291e49956f6df,0.043,,,
3571,2026-05-21,SZ000858,0.021910385553128124,EXP_LGBModel_Alpha158_csi300_custom_step0_s_20260521_18,03a2a379744b4579b0f291e49956f6df,0.043,,,
3572,2026-05-21,SZ000807,0.022747877144266022,EXP_LGBModel_Alpha158_csi300_custom_step0_s_20260521_18,03a2a379744b4579b0f291e49956f6df,0.043,,,
3573,2026-05-21,SZ000792,0.014052241233574965,EXP_LGBModel_Alpha158_csi300_custom_step0_s_20260521_18,03a2a379744b4579b0f291e49956f6df,0.043,,,
3574,2026-05-21,SZ000975,0.030194666547722408,EXP_LGBModel_Alpha158_csi300_custom_step0_s_20260521_18,03a2a379744b4579b0f291e49956f6df,0.043,,,
3575,2026-05-21,SZ000786,-0.017047500773586226,EXP_LGBModel_Alpha158_csi300_custom_step0_s_20260521_18,03a2a379744b4579b0f291e49956f6df,0.043,,,
3576,2026-05-21,SZ000768,-0.010724609419334447,EXP_LGBModel_Alpha158_csi300_custom_step0_s_20260521_18,03a2a379744b4579b0f291e49956f6df,0.043,,,
3577,2026-05-21,SZ000725,0.01665780819221493,EXP_LGBModel_Alpha158_csi300_custom_step0_s_20260521_18,03a2a379744b4579b0f291e49956f6df,0.043,,,
3578,2026-05-21,SZ000708,-0.018079496256764922,EXP_LGBModel_Alpha158_csi300_custom_step0_s_20260521_18,03a2a379744b4579b0f291e49956f6df,0.043,,,
3579,2026-05-21,SZ000661,-0.010511987501371809,EXP_LGBModel_Alpha158_csi300_custom_step0_s_20260521_18,03a2a379744b4579b0f291e49956f6df,0.043,,,
3580,2026-05-21,SZ000651,-0.015871598124867315,EXP_LGBModel_Alpha158_csi300_custom_step0_s_20260521_18,03a2a379744b4579b0f291e49956f6df,0.043,,,
3581,2026-05-21,SZ000630,0.0035595026867954577,EXP_LGBModel_Alpha158_csi300_custom_step0_s_20260521_18,03a2a379744b4579b0f291e49956f6df,0.043,,,
3582,2026-05-21,SZ000776,0.024719120110952297,EXP_LGBModel_Alpha158_csi300_custom_step0_s_20260521_18,03a2a379744b4579b0f291e49956f6df,0.043,,,
3583,2026-05-21,SZ002625,0.002654679831650668,EXP_LGBModel_Alpha158_csi300_custom_step0_s_20260521_18,03a2a379744b4579b0f291e49956f6df,0.043,,,
3584,2026-05-21,SZ002648,0.009768238340107753,EXP_LGBModel_Alpha158_csi300_custom_step0_s_20260521_18,03a2a379744b4579b0f291e49956f6df,0.043,,,
3585,2026-05-21,SZ002709,0.13370983725076113,EXP_LGBModel_Alpha158_csi300_custom_step0_s_20260521_18,03a2a379744b4579b0f291e49956f6df,0.043,,,
3586,2026-05-21,SZ300979,-0.009787515329922314,EXP_LGBModel_Alpha158_csi300_custom_step0_s_20260521_18,03a2a379744b4579b0f291e49956f6df,0.043,,,
3587,2026-05-21,SZ300999,-0.013982289051900283,EXP_LGBModel_Alpha158_csi300_custom_step0_s_20260521_18,03a2a379744b4579b0f291e49956f6df,0.043,,,
3588,2026-05-21,SZ301236,-0.004220527942268255,EXP_LGBModel_Alpha158_csi300_custom_step0_s_20260521_18,03a2a379744b4579b0f291e49956f6df,0.043,,,
3589,2026-05-21,SZ301269,0.012108371250211934,EXP_LGBModel_Alpha158_csi300_custom_step0_s_20260521_18,03a2a379744b4579b0f291e49956f6df,0.043,,,
3590,2026-05-21,SZ302132,-0.004548231870996506,EXP_LGBModel_Alpha158_csi300_custom_step0_s_20260521_18,03a2a379744b4579b0f291e49956f6df,0.043,,,
3591,2026-05-21,SH600000,-0.022723829137669453,EXP_DEnsembleModel_Alpha158_csi300_custom_step0_s_20260521_16,a9b45c2ef1f241649680af1d35f974d5,0.065,,,
3592,2026-05-21,SH600009,0.0006744147920802619,EXP_DEnsembleModel_Alpha158_csi300_custom_step0_s_20260521_16,a9b45c2ef1f241649680af1d35f974d5,0.065,,,
3593,2026-05-21,SH600010,-0.09414798205508149,EXP_DEnsembleModel_Alpha158_csi300_custom_step0_s_20260521_16,a9b45c2ef1f241649680af1d35f974d5,0.065,,,
3594,2026-05-21,SH600011,0.033776620403651154,EXP_DEnsembleModel_Alpha158_csi300_custom_step0_s_20260521_16,a9b45c2ef1f241649680af1d35f974d5,0.065,,,
3595,2026-05-21,SH600015,0.0420335144383753,EXP_DEnsembleModel_Alpha158_csi300_custom_step0_s_20260521_16,a9b45c2ef1f241649680af1d35f974d5,0.065,,,
3596,2026-05-21,SH600016,0.0070060106217015,EXP_DEnsembleModel_Alpha158_csi300_custom_step0_s_20260521_16,a9b45c2ef1f241649680af1d35f974d5,0.065,,,
3597,2026-05-21,SH600018,0.10088102275331187,EXP_DEnsembleModel_Alpha158_csi300_custom_step0_s_20260521_16,a9b45c2ef1f241649680af1d35f974d5,0.065,,,
3598,2026-05-21,SH600019,-0.049034444111946913,EXP_DEnsembleModel_Alpha158_csi300_custom_step0_s_20260521_16,a9b45c2ef1f241649680af1d35f974d5,0.065,,,
3599,2026-05-21,SH600023,-0.00948421795589482,EXP_DEnsembleModel_Alpha158_csi300_custom_step0_s_20260521_16,a9b45c2ef1f241649680af1d35f974d5,0.065,,,
3600,2026-05-21,SH600025,0.05632893074179097,EXP_DEnsembleModel_Alpha158_csi300_custom_step0_s_20260521_16,a9b45c2ef1f241649680af1d35f974d5,0.065,,,
3601,2026-05-21,SH600026,-0.14206366313168695,EXP_DEnsembleModel_Alpha158_csi300_custom_step0_s_20260521_16,a9b45c2ef1f241649680af1d35f974d5,0.065,,,
3602,2026-05-21,SH600027,0.009699956647864834,EXP_DEnsembleModel_Alpha158_csi300_custom_step0_s_20260521_16,a9b45c2ef1f241649680af1d35f974d5,0.065,,,
3603,2026-05-21,SH600111,-0.08186767815278909,EXP_DEnsembleModel_Alpha158_csi300_custom_step0_s_20260521_16,a9b45c2ef1f241649680af1d35f974d5,0.065,,,
3604,2026-05-21,SH600104,-0.0474899820152719,EXP_DEnsembleModel_Alpha158_csi300_custom_step0_s_20260521_16,a9b45c2ef1f241649680af1d35f974d5,0.065,,,
3605,2026-05-21,SH600089,-0.08121908416225679,EXP_DEnsembleModel_Alpha158_csi300_custom_step0_s_20260521_16,a9b45c2ef1f241649680af1d35f974d5,0.065,,,
3606,2026-05-21,SH600085,-0.051625939251365015,EXP_DEnsembleModel_Alpha158_csi300_custom_step0_s_20260521_16,a9b45c2ef1f241649680af1d35f974d5,0.065,,,
3607,2026-05-21,SH600066,0.014399111908926492,EXP_DEnsembleModel_Alpha158_csi300_custom_step0_s_20260521_16,a9b45c2ef1f241649680af1d35f974d5,0.065,,,
3608,2026-05-21,SH600061,-0.07551649213113189,EXP_DEnsembleModel_Alpha158_csi300_custom_step0_s_20260521_16,a9b45c2ef1f241649680af1d35f974d5,0.065,,,
3609,2026-05-21,SZ300896,-0.0037431891975326873,EXP_LGBModel_Alpha158_csi300_custom_step0_s_20260521_18,03a2a379744b4579b0f291e49956f6df,0.043,,,
3610,2026-05-21,SH600050,-0.041788984106955286,EXP_DEnsembleModel_Alpha158_csi300_custom_step0_s_20260521_16,a9b45c2ef1f241649680af1d35f974d5,0.065,,,
3611,2026-05-21,SH600039,0.04827357861259128,EXP_DEnsembleModel_Alpha158_csi300_custom_step0_s_20260521_16,a9b45c2ef1f241649680af1d35f974d5,0.065,,,
3612,2026-05-21,SH600036,0.0012498616221692184,EXP_DEnsembleModel_Alpha158_csi300_custom_step0_s_20260521_16,a9b45c2ef1f241649680af1d35f974d5,0.065,,,
3613,2026-05-21,SH600031,-0.1959067658877258,EXP_DEnsembleModel_Alpha158_csi300_custom_step0_s_20260521_16,a9b45c2ef1f241649680af1d35f974d5,0.065,,,
3614,2026-05-21,SH600030,-0.03638492344456996,EXP_DEnsembleModel_Alpha158_csi300_custom_step0_s_20260521_16,a9b45c2ef1f241649680af1d35f974d5,0.065,,,
3615,2026-05-21,SH600029,-0.10328024026806157,EXP_DEnsembleModel_Alpha158_csi300_custom_step0_s_20260521_16,a9b45c2ef1f241649680af1d35f974d5,0.065,,,
3616,2026-05-21,SH600028,0.003656969822344667,EXP_DEnsembleModel_Alpha158_csi300_custom_step0_s_20260521_16,a9b45c2ef1f241649680af1d35f974d5,0.065,,,
3617,2026-05-21,SH600048,-0.09560490366596738,EXP_DEnsembleModel_Alpha158_csi300_custom_step0_s_20260521_16,a9b45c2ef1f241649680af1d35f974d5,0.065,,,
3618,2026-05-21,SZ300866,0.0955159321253479,EXP_LGBModel_Alpha158_csi300_custom_step0_s_20260521_18,03a2a379744b4579b0f291e49956f6df,0.043,,,
3619,2026-05-21,SZ300832,0.06353470928571149,EXP_LGBModel_Alpha158_csi300_custom_step0_s_20260521_18,03a2a379744b4579b0f291e49956f6df,0.043,,,
3620,2026-05-21,SZ300803,0.02990087697753721,EXP_LGBModel_Alpha158_csi300_custom_step0_s_20260521_18,03a2a379744b4579b0f291e49956f6df,0.043,,,
3621,2026-05-21,SZ300274,0.04491294388584719,EXP_LGBModel_Alpha158_csi300_custom_step0_s_20260521_18,03a2a379744b4579b0f291e49956f6df,0.043,,,
3622,2026-05-21,SZ300251,0.021646089187515833,EXP_LGBModel_Alpha158_csi300_custom_step0_s_20260521_18,03a2a379744b4579b0f291e49956f6df,0.043,,,
3623,2026-05-21,SZ300124,0.05417142997526804,EXP_LGBModel_Alpha158_csi300_custom_step0_s_20260521_18,03a2a379744b4579b0f291e49956f6df,0.043,,,
3624,2026-05-21,SZ300122,-0.00525111876752442,EXP_LGBModel_Alpha158_csi300_custom_step0_s_20260521_18,03a2a379744b4579b0f291e49956f6df,0.043,,,
3625,2026-05-21,SZ300059,0.03898597431448654,EXP_LGBModel_Alpha158_csi300_custom_step0_s_20260521_18,03a2a379744b4579b0f291e49956f6df,0.043,,,
3626,2026-05-21,SZ300033,0.05284486969136098,EXP_LGBModel_Alpha158_csi300_custom_step0_s_20260521_18,03a2a379744b4579b0f291e49956f6df,0.043,,,
3627,2026-05-21,SZ300308,9.80651611321862e-05,EXP_LGBModel_Alpha158_csi300_custom_step0_s_20260521_18,03a2a379744b4579b0f291e49956f6df,0.043,,,
3628,2026-05-21,SZ300015,0.028964742121918012,EXP_LGBModel_Alpha158_csi300_custom_step0_s_20260521_18,03a2a379744b4579b0f291e49956f6df,0.043,,,
3629,2026-05-21,SZ003816,-0.0012664773479691667,EXP_LGBModel_Alpha158_csi300_custom_step0_s_20260521_18,03a2a379744b4579b0f291e49956f6df,0.043,,,
3630,2026-05-21,SZ002938,0.11343307142069792,EXP_LGBModel_Alpha158_csi300_custom_step0_s_20260521_18,03a2a379744b4579b0f291e49956f6df,0.043,,,
3631,2026-05-21,SZ002920,-0.017488016494143048,EXP_LGBModel_Alpha158_csi300_custom_step0_s_20260521_18,03a2a379744b4579b0f291e49956f6df,0.043,,,
3632,2026-05-21,SZ002916,0.019149482661047868,EXP_LGBModel_Alpha158_csi300_custom_step0_s_20260521_18,03a2a379744b4579b0f291e49956f6df,0.043,,,
3633,2026-05-21,SZ002736,0.0014825955128231955,EXP_LGBModel_Alpha158_csi300_custom_step0_s_20260521_18,03a2a379744b4579b0f291e49956f6df,0.043,,,
3634,2026-05-21,SZ002714,0.0006304874439559765,EXP_LGBModel_Alpha158_csi300_custom_step0_s_20260521_18,03a2a379744b4579b0f291e49956f6df,0.043,,,
3635,2026-05-21,SZ300014,-0.012585329823489907,EXP_LGBModel_Alpha158_csi300_custom_step0_s_20260521_18,03a2a379744b4579b0f291e49956f6df,0.043,,,
3636,2026-05-21,SH603893,-0.003441718025473216,EXP_DEnsembleModel_Alpha158_csi300_custom_step0_s_20260521_16,a9b45c2ef1f241649680af1d35f974d5,0.065,,,
3637,2026-05-21,SZ300316,-0.0173485057555093,EXP_LGBModel_Alpha158_csi300_custom_step0_s_20260521_18,03a2a379744b4579b0f291e49956f6df,0.043,,,
3638,2026-05-21,SZ300394,-0.012744005955620598,EXP_LGBModel_Alpha158_csi300_custom_step0_s_20260521_18,03a2a379744b4579b0f291e49956f6df,0.043,,,
3639,2026-05-21,SZ300782,-0.006883654419582777,EXP_LGBModel_Alpha158_csi300_custom_step0_s_20260521_18,03a2a379744b4579b0f291e49956f6df,0.043,,,
3640,2026-05-21,SZ300760,0.032572379354998356,EXP_LGBModel_Alpha158_csi300_custom_step0_s_20260521_18,03a2a379744b4579b0f291e49956f6df,0.043,,,
3641,2026-05-21,SZ300759,0.012914760974975558,EXP_LGBModel_Alpha158_csi300_custom_step0_s_20260521_18,03a2a379744b4579b0f291e49956f6df,0.043,,,
3642,2026-05-21,SZ300750,0.027721975088524163,EXP_LGBModel_Alpha158_csi300_custom_step0_s_20260521_18,03a2a379744b4579b0f291e49956f6df,0.043,,,
3643,2026-05-21,SZ300661,0.010447049859119774,EXP_LGBModel_Alpha158_csi300_custom_step0_s_20260521_18,03a2a379744b4579b0f291e49956f6df,0.043,,,
3644,2026-05-21,SZ300628,0.0006743369913352981,EXP_LGBModel_Alpha158_csi300_custom_step0_s_20260521_18,03a2a379744b4579b0f291e49956f6df,0.043,,,
3645,2026-05-21,SZ300347,0.06013603321756115,EXP_LGBModel_Alpha158_csi300_custom_step0_s_20260521_18,03a2a379744b4579b0f291e49956f6df,0.043,,,
3646,2026-05-21,SZ300502,-0.005933960564705936,EXP_LGBModel_Alpha158_csi300_custom_step0_s_20260521_18,03a2a379744b4579b0f291e49956f6df,0.043,,,
3647,2026-05-21,SZ300476,0.13853286960288128,EXP_LGBModel_Alpha158_csi300_custom_step0_s_20260521_18,03a2a379744b4579b0f291e49956f6df,0.043,,,
3648,2026-05-21,SZ300442,-0.010079678049365534,EXP_LGBModel_Alpha158_csi300_custom_step0_s_20260521_18,03a2a379744b4579b0f291e49956f6df,0.043,,,
3649,2026-05-21,SZ300433,-0.019856777575087237,EXP_LGBModel_Alpha158_csi300_custom_step0_s_20260521_18,03a2a379744b4579b0f291e49956f6df,0.043,,,
3650,2026-05-21,SZ300418,0.0077175521445245225,EXP_LGBModel_Alpha158_csi300_custom_step0_s_20260521_18,03a2a379744b4579b0f291e49956f6df,0.043,,,
3651,2026-05-21,SZ300413,-0.010052254627730208,EXP_LGBModel_Alpha158_csi300_custom_step0_s_20260521_18,03a2a379744b4579b0f291e49956f6df,0.043,,,
3652,2026-05-21,SZ300408,0.01521691116622171,EXP_LGBModel_Alpha158_csi300_custom_step0_s_20260521_18,03a2a379744b4579b0f291e49956f6df,0.043,,,
3653,2026-05-21,SZ300498,0.00919199246747061,EXP_LGBModel_Alpha158_csi300_custom_step0_s_20260521_18,03a2a379744b4579b0f291e49956f6df,0.043,,,
3654,2026-05-21,SH603986,-0.10541909076393394,EXP_DEnsembleModel_Alpha158_csi300_custom_step0_s_20260521_16,a9b45c2ef1f241649680af1d35f974d5,0.065,,,
3655,2026-05-21,SH603993,-0.10649163450775369,EXP_DEnsembleModel_Alpha158_csi300_custom_step0_s_20260521_16,a9b45c2ef1f241649680af1d35f974d5,0.065,,,
3656,2026-05-21,SH605117,-0.13754844220241605,EXP_DEnsembleModel_Alpha158_csi300_custom_step0_s_20260521_16,a9b45c2ef1f241649680af1d35f974d5,0.065,,,
3657,2026-05-21,SH600438,-0.1692382827846668,EXP_DEnsembleModel_Alpha158_csi300_custom_step0_s_20260521_16,2fcea84c08a442a3ab64e414f50e10e3,0.078,,,
3658,2026-05-21,SH600460,0.011397106184124697,EXP_DEnsembleModel_Alpha158_csi300_custom_step0_s_20260521_16,2fcea84c08a442a3ab64e414f50e10e3,0.078,,,
3659,2026-05-21,SH600482,-0.11661172078098596,EXP_DEnsembleModel_Alpha158_csi300_custom_step0_s_20260521_16,2fcea84c08a442a3ab64e414f50e10e3,0.078,,,
3660,2026-05-21,SH600489,-0.08081511716602932,EXP_DEnsembleModel_Alpha158_csi300_custom_step0_s_20260521_16,2fcea84c08a442a3ab64e414f50e10e3,0.078,,,
3661,2026-05-21,SH600515,-0.04919354748020015,EXP_DEnsembleModel_Alpha158_csi300_custom_step0_s_20260521_16,2fcea84c08a442a3ab64e414f50e10e3,0.078,,,
3662,2026-05-21,SH600519,0.02019507158386936,EXP_DEnsembleModel_Alpha158_csi300_custom_step0_s_20260521_16,2fcea84c08a442a3ab64e414f50e10e3,0.078,,,
3663,2026-05-21,SH600522,0.12135594923837867,EXP_DEnsembleModel_Alpha158_csi300_custom_step0_s_20260521_16,2fcea84c08a442a3ab64e414f50e10e3,0.078,,,
3664,2026-05-21,SH600547,-0.05611254280470266,EXP_DEnsembleModel_Alpha158_csi300_custom_step0_s_20260521_16,2fcea84c08a442a3ab64e414f50e10e3,0.078,,,
3665,2026-05-21,SH600570,-0.047073185569912045,EXP_DEnsembleModel_Alpha158_csi300_custom_step0_s_20260521_16,2fcea84c08a442a3ab64e414f50e10e3,0.078,,,
3666,2026-05-21,SH600584,-0.10526761655986484,EXP_DEnsembleModel_Alpha158_csi300_custom_step0_s_20260521_16,2fcea84c08a442a3ab64e414f50e10e3,0.078,,,
3667,2026-05-21,SH600585,0.007680061798383967,EXP_DEnsembleModel_Alpha158_csi300_custom_step0_s_20260521_16,2fcea84c08a442a3ab64e414f50e10e3,0.078,,,
3668,2026-05-21,SH600588,-0.11734915232413103,EXP_DEnsembleModel_Alpha158_csi300_custom_step0_s_20260521_16,2fcea84c08a442a3ab64e414f50e10e3,0.078,,,
3669,2026-05-21,SH600600,0.09398181641976495,EXP_DEnsembleModel_Alpha158_csi300_custom_step0_s_20260521_16,2fcea84c08a442a3ab64e414f50e10e3,0.078,,,
3670,2026-05-21,SH600660,-0.06335134181020215,EXP_DEnsembleModel_Alpha158_csi300_custom_step0_s_20260521_16,2fcea84c08a442a3ab64e414f50e10e3,0.078,,,
3671,2026-05-21,SH600674,-0.04067625868874534,EXP_DEnsembleModel_Alpha158_csi300_custom_step0_s_20260521_16,2fcea84c08a442a3ab64e414f50e10e3,0.078,,,
3672,2026-05-21,SH600690,-0.017401786710073096,EXP_DEnsembleModel_Alpha158_csi300_custom_step0_s_20260521_16,2fcea84c08a442a3ab64e414f50e10e3,0.078,,,
3673,2026-05-21,SH600741,-0.025334563178741155,EXP_DEnsembleModel_Alpha158_csi300_custom_step0_s_20260521_16,2fcea84c08a442a3ab64e414f50e10e3,0.078,,,
3674,2026-05-21,SH600926,0.05815050369728686,EXP_DEnsembleModel_Alpha158_csi300_custom_step0_s_20260521_16,2fcea84c08a442a3ab64e414f50e10e3,0.078,,,
3675,2026-05-21,SH600919,0.1336876173031018,EXP_DEnsembleModel_Alpha158_csi300_custom_step0_s_20260521_16,2fcea84c08a442a3ab64e414f50e10e3,0.078,,,
3676,2026-05-21,SH600918,0.003131505185548752,EXP_DEnsembleModel_Alpha158_csi300_custom_step0_s_20260521_16,2fcea84c08a442a3ab64e414f50e10e3,0.078,,,
3677,2026-05-21,SH600905,0.10475196574268567,EXP_DEnsembleModel_Alpha158_csi300_custom_step0_s_20260521_16,2fcea84c08a442a3ab64e414f50e10e3,0.078,,,
3678,2026-05-21,SH600900,0.12268622055771265,EXP_DEnsembleModel_Alpha158_csi300_custom_step0_s_20260521_16,2fcea84c08a442a3ab64e414f50e10e3,0.078,,,
3679,2026-05-21,SH600893,-0.060601489701494635,EXP_DEnsembleModel_Alpha158_csi300_custom_step0_s_20260521_16,2fcea84c08a442a3ab64e414f50e10e3,0.078,,,
3680,2026-05-21,SH600436,-0.09088926902421517,EXP_DEnsembleModel_Alpha158_csi300_custom_step0_s_20260521_16,2fcea84c08a442a3ab64e414f50e10e3,0.078,,,
3681,2026-05-21,SH600887,0.04183582741773607,EXP_DEnsembleModel_Alpha158_csi300_custom_step0_s_20260521_16,2fcea84c08a442a3ab64e414f50e10e3,0.078,,,
3682,2026-05-21,SH600875,-0.10225733464254574,EXP_DEnsembleModel_Alpha158_csi300_custom_step0_s_20260521_16,2fcea84c08a442a3ab64e414f50e10e3,0.078,,,
3683,2026-05-21,SH600845,-0.0708433286148919,EXP_DEnsembleModel_Alpha158_csi300_custom_step0_s_20260521_16,2fcea84c08a442a3ab64e414f50e10e3,0.078,,,
3684,2026-05-21,SH600809,-0.09829431603325059,EXP_DEnsembleModel_Alpha158_csi300_custom_step0_s_20260521_16,2fcea84c08a442a3ab64e414f50e10e3,0.078,,,
3685,2026-05-21,SH600803,0.059166634097446436,EXP_DEnsembleModel_Alpha158_csi300_custom_step0_s_20260521_16,2fcea84c08a442a3ab64e414f50e10e3,0.078,,,
3686,2026-05-21,SH600795,0.00332604784664426,EXP_DEnsembleModel_Alpha158_csi300_custom_step0_s_20260521_16,2fcea84c08a442a3ab64e414f50e10e3,0.078,,,
3687,2026-05-21,SH600760,-0.12160398509540506,EXP_DEnsembleModel_Alpha158_csi300_custom_step0_s_20260521_16,2fcea84c08a442a3ab64e414f50e10e3,0.078,,,
3688,2026-05-21,SH600886,0.07032666451807564,EXP_DEnsembleModel_Alpha158_csi300_custom_step0_s_20260521_16,2fcea84c08a442a3ab64e414f50e10e3,0.078,,,
3689,2026-05-21,SH600930,-0.08027609565781064,EXP_DEnsembleModel_Alpha158_csi300_custom_step0_s_20260521_16,2fcea84c08a442a3ab64e414f50e10e3,0.078,,,
3690,2026-05-21,SH600426,-0.08258307531298088,EXP_DEnsembleModel_Alpha158_csi300_custom_step0_s_20260521_16,2fcea84c08a442a3ab64e414f50e10e3,0.078,,,
3691,2026-05-21,SH600406,-0.09121326031276923,EXP_DEnsembleModel_Alpha158_csi300_custom_step0_s_20260521_16,2fcea84c08a442a3ab64e414f50e10e3,0.078,,,
3692,2026-05-21,SH600027,0.00640463863732733,EXP_DEnsembleModel_Alpha158_csi300_custom_step0_s_20260521_16,2fcea84c08a442a3ab64e414f50e10e3,0.078,,,
3693,2026-05-21,SH600028,0.017386312386685553,EXP_DEnsembleModel_Alpha158_csi300_custom_step0_s_20260521_16,2fcea84c08a442a3ab64e414f50e10e3,0.078,,,
3694,2026-05-21,SH600029,-0.10510243648034891,EXP_DEnsembleModel_Alpha158_csi300_custom_step0_s_20260521_16,2fcea84c08a442a3ab64e414f50e10e3,0.078,,,
3695,2026-05-21,SH600030,-0.08162802257077013,EXP_DEnsembleModel_Alpha158_csi300_custom_step0_s_20260521_16,2fcea84c08a442a3ab64e414f50e10e3,0.078,,,
3696,2026-05-21,SH600031,-0.23390543652733747,EXP_DEnsembleModel_Alpha158_csi300_custom_step0_s_20260521_16,2fcea84c08a442a3ab64e414f50e10e3,0.078,,,
3697,2026-05-21,SH600036,0.011801841467885075,EXP_DEnsembleModel_Alpha158_csi300_custom_step0_s_20260521_16,2fcea84c08a442a3ab64e414f50e10e3,0.078,,,
3698,2026-05-21,SH600039,0.13189795647037594,EXP_DEnsembleModel_Alpha158_csi300_custom_step0_s_20260521_16,2fcea84c08a442a3ab64e414f50e10e3,0.078,,,
3699,2026-05-21,SH600048,-0.2170267609995704,EXP_DEnsembleModel_Alpha158_csi300_custom_step0_s_20260521_16,2fcea84c08a442a3ab64e414f50e10e3,0.078,,,
3700,2026-05-21,SH600050,-0.04174956766522541,EXP_DEnsembleModel_Alpha158_csi300_custom_step0_s_20260521_16,2fcea84c08a442a3ab64e414f50e10e3,0.078,,,
3701,2026-05-21,SH600061,-0.035549860598330055,EXP_DEnsembleModel_Alpha158_csi300_custom_step0_s_20260521_16,2fcea84c08a442a3ab64e414f50e10e3,0.078,,,
3702,2026-05-21,SH600066,-0.03808176994111386,EXP_DEnsembleModel_Alpha158_csi300_custom_step0_s_20260521_16,2fcea84c08a442a3ab64e414f50e10e3,0.078,,,
3703,2026-05-21,SH600085,-0.005355934772566853,EXP_DEnsembleModel_Alpha158_csi300_custom_step0_s_20260521_16,2fcea84c08a442a3ab64e414f50e10e3,0.078,,,
3704,2026-05-21,SH600089,-0.12062652494938533,EXP_DEnsembleModel_Alpha158_csi300_custom_step0_s_20260521_16,2fcea84c08a442a3ab64e414f50e10e3,0.078,,,
3705,2026-05-21,SH600104,-0.022381006394284593,EXP_DEnsembleModel_Alpha158_csi300_custom_step0_s_20260521_16,2fcea84c08a442a3ab64e414f50e10e3,0.078,,,
3706,2026-05-21,SH600111,-0.1769278296402418,EXP_DEnsembleModel_Alpha158_csi300_custom_step0_s_20260521_16,2fcea84c08a442a3ab64e414f50e10e3,0.078,,,
3707,2026-05-21,SH600115,-0.1417477151156627,EXP_DEnsembleModel_Alpha158_csi300_custom_step0_s_20260521_16,2fcea84c08a442a3ab64e414f50e10e3,0.078,,,
3708,2026-05-21,SH600150,8.275621723999317e-05,EXP_DEnsembleModel_Alpha158_csi300_custom_step0_s_20260521_16,2fcea84c08a442a3ab64e414f50e10e3,0.078,,,
3709,2026-05-21,SH600377,0.10277204588257363,EXP_DEnsembleModel_Alpha158_csi300_custom_step0_s_20260521_16,2fcea84c08a442a3ab64e414f50e10e3,0.078,,,
3710,2026-05-21,SH600372,-0.10101323637996196,EXP_DEnsembleModel_Alpha158_csi300_custom_step0_s_20260521_16,2fcea84c08a442a3ab64e414f50e10e3,0.078,,,
3711,2026-05-21,SH600362,-0.21464287010178237,EXP_DEnsembleModel_Alpha158_csi300_custom_step0_s_20260521_16,2fcea84c08a442a3ab64e414f50e10e3,0.078,,,
3712,2026-05-21,SH600346,-0.1530157423181097,EXP_DEnsembleModel_Alpha158_csi300_custom_step0_s_20260521_16,2fcea84c08a442a3ab64e414f50e10e3,0.078,,,
3713,2026-05-21,SH600309,-0.06086880140748686,EXP_DEnsembleModel_Alpha158_csi300_custom_step0_s_20260521_16,2fcea84c08a442a3ab64e414f50e10e3,0.078,,,
3714,2026-05-21,SH600276,-0.1796688519894353,EXP_DEnsembleModel_Alpha158_csi300_custom_step0_s_20260521_16,2fcea84c08a442a3ab64e414f50e10e3,0.078,,,
3715,2026-05-21,SH600415,-0.277483958907825,EXP_DEnsembleModel_Alpha158_csi300_custom_step0_s_20260521_16,2fcea84c08a442a3ab64e414f50e10e3,0.078,,,
3716,2026-05-21,SH600233,-0.1539341872902076,EXP_DEnsembleModel_Alpha158_csi300_custom_step0_s_20260521_16,2fcea84c08a442a3ab64e414f50e10e3,0.078,,,
3717,2026-05-21,SH600196,-0.034075962832249375,EXP_DEnsembleModel_Alpha158_csi300_custom_step0_s_20260521_16,2fcea84c08a442a3ab64e414f50e10e3,0.078,,,
3718,2026-05-21,SH600188,-0.12900273207617177,EXP_DEnsembleModel_Alpha158_csi300_custom_step0_s_20260521_16,2fcea84c08a442a3ab64e414f50e10e3,0.078,,,
3719,2026-05-21,SH600183,-0.07208894923672461,EXP_DEnsembleModel_Alpha158_csi300_custom_step0_s_20260521_16,2fcea84c08a442a3ab64e414f50e10e3,0.078,,,
3720,2026-05-21,SH600176,-0.051061038652938706,EXP_DEnsembleModel_Alpha158_csi300_custom_step0_s_20260521_16,2fcea84c08a442a3ab64e414f50e10e3,0.078,,,
3721,2026-05-21,SH600161,-0.1024907843572094,EXP_DEnsembleModel_Alpha158_csi300_custom_step0_s_20260521_16,2fcea84c08a442a3ab64e414f50e10e3,0.078,,,
3722,2026-05-21,SH600160,-0.11358571097428312,EXP_DEnsembleModel_Alpha158_csi300_custom_step0_s_20260521_16,2fcea84c08a442a3ab64e414f50e10e3,0.078,,,
3723,2026-05-21,SH600219,0.06526397355236578,EXP_DEnsembleModel_Alpha158_csi300_custom_step0_s_20260521_16,2fcea84c08a442a3ab64e414f50e10e3,0.078,,,
3724,2026-05-21,SH600938,0.044711752180111065,EXP_DEnsembleModel_Alpha158_csi300_custom_step0_s_20260521_16,2fcea84c08a442a3ab64e414f50e10e3,0.078,,,
3725,2026-05-21,SH600941,0.0043457185084580735,EXP_DEnsembleModel_Alpha158_csi300_custom_step0_s_20260521_16,2fcea84c08a442a3ab64e414f50e10e3,0.078,,,
3726,2026-05-21,SH600958,-0.07349705401613595,EXP_DEnsembleModel_Alpha158_csi300_custom_step0_s_20260521_16,2fcea84c08a442a3ab64e414f50e10e3,0.078,,,
3727,2026-05-21,SH601456,-0.002376049279767287,EXP_DEnsembleModel_Alpha158_csi300_custom_step0_s_20260521_16,2fcea84c08a442a3ab64e414f50e10e3,0.078,,,
3728,2026-05-21,SH601600,-0.1367526970472017,EXP_DEnsembleModel_Alpha158_csi300_custom_step0_s_20260521_16,2fcea84c08a442a3ab64e414f50e10e3,0.078,,,
3729,2026-05-21,SH601601,-0.0749344334946946,EXP_DEnsembleModel_Alpha158_csi300_custom_step0_s_20260521_16,2fcea84c08a442a3ab64e414f50e10e3,0.078,,,
3730,2026-05-21,SH601607,0.06883382069671239,EXP_DEnsembleModel_Alpha158_csi300_custom_step0_s_20260521_16,2fcea84c08a442a3ab64e414f50e10e3,0.078,,,
3731,2026-05-21,SH601618,0.046931949115103504,EXP_DEnsembleModel_Alpha158_csi300_custom_step0_s_20260521_16,2fcea84c08a442a3ab64e414f50e10e3,0.078,,,
3732,2026-05-21,SH601628,-0.05091105416196454,EXP_DEnsembleModel_Alpha158_csi300_custom_step0_s_20260521_16,2fcea84c08a442a3ab64e414f50e10e3,0.078,,,
3733,2026-05-21,SH601633,-0.06826853741031932,EXP_DEnsembleModel_Alpha158_csi300_custom_step0_s_20260521_16,2fcea84c08a442a3ab64e414f50e10e3,0.078,,,
3734,2026-05-21,SH601658,0.006391793878343503,EXP_DEnsembleModel_Alpha158_csi300_custom_step0_s_20260521_16,2fcea84c08a442a3ab64e414f50e10e3,0.078,,,
3735,2026-05-21,SH601668,0.09068106019572679,EXP_DEnsembleModel_Alpha158_csi300_custom_step0_s_20260521_16,2fcea84c08a442a3ab64e414f50e10e3,0.078,,,
3736,2026-05-21,SH601669,-0.061213230587837314,EXP_DEnsembleModel_Alpha158_csi300_custom_step0_s_20260521_16,2fcea84c08a442a3ab64e414f50e10e3,0.078,,,
3737,2026-05-21,SH601688,-0.16603973865529698,EXP_DEnsembleModel_Alpha158_csi300_custom_step0_s_20260521_16,2fcea84c08a442a3ab64e414f50e10e3,0.078,,,
3738,2026-05-21,SH601689,-0.042717439257178635,EXP_DEnsembleModel_Alpha158_csi300_custom_step0_s_20260521_16,2fcea84c08a442a3ab64e414f50e10e3,0.078,,,
3739,2026-05-21,SH601698,-0.12256592900419068,EXP_DEnsembleModel_Alpha158_csi300_custom_step0_s_20260521_16,2fcea84c08a442a3ab64e414f50e10e3,0.078,,,
3740,2026-05-21,SH601728,0.015878665204155058,EXP_DEnsembleModel_Alpha158_csi300_custom_step0_s_20260521_16,2fcea84c08a442a3ab64e414f50e10e3,0.078,,,
3741,2026-05-21,SH601766,-0.00593706509125852,EXP_DEnsembleModel_Alpha158_csi300_custom_step0_s_20260521_16,2fcea84c08a442a3ab64e414f50e10e3,0.078,,,
3742,2026-05-21,SH601788,-0.044738251802910384,EXP_DEnsembleModel_Alpha158_csi300_custom_step0_s_20260521_16,2fcea84c08a442a3ab64e414f50e10e3,0.078,,,
3743,2026-05-21,SH601800,0.008567062681784412,EXP_DEnsembleModel_Alpha158_csi300_custom_step0_s_20260521_16,2fcea84c08a442a3ab64e414f50e10e3,0.078,,,
3744,2026-05-21,SH601899,-0.2110115380691616,EXP_DEnsembleModel_Alpha158_csi300_custom_step0_s_20260521_16,2fcea84c08a442a3ab64e414f50e10e3,0.078,,,
3745,2026-05-21,SH601898,-0.08026349287157401,EXP_DEnsembleModel_Alpha158_csi300_custom_step0_s_20260521_16,2fcea84c08a442a3ab64e414f50e10e3,0.078,,,
3746,2026-05-21,SH601888,0.005992735343180922,EXP_DEnsembleModel_Alpha158_csi300_custom_step0_s_20260521_16,2fcea84c08a442a3ab64e414f50e10e3,0.078,,,
3747,2026-05-21,SH601881,-0.01866754073540383,EXP_DEnsembleModel_Alpha158_csi300_custom_step0_s_20260521_16,2fcea84c08a442a3ab64e414f50e10e3,0.078,,,
3748,2026-05-21,SH601878,-0.044000014971716093,EXP_DEnsembleModel_Alpha158_csi300_custom_step0_s_20260521_16,2fcea84c08a442a3ab64e414f50e10e3,0.078,,,
3749,2026-05-21,SH601877,-0.036927215960267164,EXP_DEnsembleModel_Alpha158_csi300_custom_step0_s_20260521_16,2fcea84c08a442a3ab64e414f50e10e3,0.078,,,
3750,2026-05-21,SH601398,0.10873736392042904,EXP_DEnsembleModel_Alpha158_csi300_custom_step0_s_20260521_16,2fcea84c08a442a3ab64e414f50e10e3,0.078,,,
3751,2026-05-21,SH601872,-0.13566821645689295,EXP_DEnsembleModel_Alpha158_csi300_custom_step0_s_20260521_16,2fcea84c08a442a3ab64e414f50e10e3,0.078,,,
3752,2026-05-21,SH601857,-0.038046546751498135,EXP_DEnsembleModel_Alpha158_csi300_custom_step0_s_20260521_16,2fcea84c08a442a3ab64e414f50e10e3,0.078,,,
3753,2026-05-21,SH601838,0.024496841148285615,EXP_DEnsembleModel_Alpha158_csi300_custom_step0_s_20260521_16,2fcea84c08a442a3ab64e414f50e10e3,0.078,,,
3754,2026-05-21,SH601825,0.1256944736326729,EXP_DEnsembleModel_Alpha158_csi300_custom_step0_s_20260521_16,2fcea84c08a442a3ab64e414f50e10e3,0.078,,,
3755,2026-05-21,SH601818,0.12295059443835195,EXP_DEnsembleModel_Alpha158_csi300_custom_step0_s_20260521_16,2fcea84c08a442a3ab64e414f50e10e3,0.078,,,
3756,2026-05-21,SH601816,0.032118619233991605,EXP_DEnsembleModel_Alpha158_csi300_custom_step0_s_20260521_16,2fcea84c08a442a3ab64e414f50e10e3,0.078,,,
3757,2026-05-21,SH601808,0.03725204294007357,EXP_DEnsembleModel_Alpha158_csi300_custom_step0_s_20260521_16,2fcea84c08a442a3ab64e414f50e10e3,0.078,,,
3758,2026-05-21,SH601868,-0.04481546852577358,EXP_DEnsembleModel_Alpha158_csi300_custom_step0_s_20260521_16,2fcea84c08a442a3ab64e414f50e10e3,0.078,,,
3759,2026-05-21,SH601390,0.034259612417671455,EXP_DEnsembleModel_Alpha158_csi300_custom_step0_s_20260521_16,2fcea84c08a442a3ab64e414f50e10e3,0.078,,,
3760,2026-05-21,SH601377,-0.06067935070678058,EXP_DEnsembleModel_Alpha158_csi300_custom_step0_s_20260521_16,2fcea84c08a442a3ab64e414f50e10e3,0.078,,,
3761,2026-05-21,SH601360,-0.10726043847858392,EXP_DEnsembleModel_Alpha158_csi300_custom_step0_s_20260521_16,2fcea84c08a442a3ab64e414f50e10e3,0.078,,,
3762,2026-05-21,SH601111,-0.12071832340526673,EXP_DEnsembleModel_Alpha158_csi300_custom_step0_s_20260521_16,2fcea84c08a442a3ab64e414f50e10e3,0.078,,,
3763,2026-05-21,SH601100,-0.03347184699630789,EXP_DEnsembleModel_Alpha158_csi300_custom_step0_s_20260521_16,2fcea84c08a442a3ab64e414f50e10e3,0.078,,,
3764,2026-05-21,SH601088,0.06883371599226489,EXP_DEnsembleModel_Alpha158_csi300_custom_step0_s_20260521_16,2fcea84c08a442a3ab64e414f50e10e3,0.078,,,
3765,2026-05-21,SH601077,0.06750891468442191,EXP_DEnsembleModel_Alpha158_csi300_custom_step0_s_20260521_16,2fcea84c08a442a3ab64e414f50e10e3,0.078,,,
3766,2026-05-21,SH601066,-0.039823922166157655,EXP_DEnsembleModel_Alpha158_csi300_custom_step0_s_20260521_16,2fcea84c08a442a3ab64e414f50e10e3,0.078,,,
3767,2026-05-21,SH601059,0.10832030824695485,EXP_DEnsembleModel_Alpha158_csi300_custom_step0_s_20260521_16,2fcea84c08a442a3ab64e414f50e10e3,0.078,,,
3768,2026-05-21,SH601117,-0.043189206681610595,EXP_DEnsembleModel_Alpha158_csi300_custom_step0_s_20260521_16,2fcea84c08a442a3ab64e414f50e10e3,0.078,,,
3769,2026-05-21,SH601058,-0.1807649381886837,EXP_DEnsembleModel_Alpha158_csi300_custom_step0_s_20260521_16,2fcea84c08a442a3ab64e414f50e10e3,0.078,,,
3770,2026-05-21,SH601018,0.05266278962161381,EXP_DEnsembleModel_Alpha158_csi300_custom_step0_s_20260521_16,2fcea84c08a442a3ab64e414f50e10e3,0.078,,,
3771,2026-05-21,SH601012,-0.05738693602440661,EXP_DEnsembleModel_Alpha158_csi300_custom_step0_s_20260521_16,2fcea84c08a442a3ab64e414f50e10e3,0.078,,,
3772,2026-05-21,SH601009,0.002781501727378743,EXP_DEnsembleModel_Alpha158_csi300_custom_step0_s_20260521_16,2fcea84c08a442a3ab64e414f50e10e3,0.078,,,
3773,2026-05-21,SH601006,0.11629973285212213,EXP_DEnsembleModel_Alpha158_csi300_custom_step0_s_20260521_16,2fcea84c08a442a3ab64e414f50e10e3,0.078,,,
3774,2026-05-21,SH600999,0.14672780150182582,EXP_DEnsembleModel_Alpha158_csi300_custom_step0_s_20260521_16,2fcea84c08a442a3ab64e414f50e10e3,0.078,,,
3775,2026-05-21,SH600989,-0.08119295420222479,EXP_DEnsembleModel_Alpha158_csi300_custom_step0_s_20260521_16,2fcea84c08a442a3ab64e414f50e10e3,0.078,,,
3776,2026-05-21,SH601021,-0.06893372201415543,EXP_DEnsembleModel_Alpha158_csi300_custom_step0_s_20260521_16,2fcea84c08a442a3ab64e414f50e10e3,0.078,,,
3777,2026-05-21,SH600026,-0.15366725413865043,EXP_DEnsembleModel_Alpha158_csi300_custom_step0_s_20260521_16,2fcea84c08a442a3ab64e414f50e10e3,0.078,,,
3778,2026-05-21,SH601127,-0.05957318128172,EXP_DEnsembleModel_Alpha158_csi300_custom_step0_s_20260521_16,2fcea84c08a442a3ab64e414f50e10e3,0.078,,,
3779,2026-05-21,SH601138,0.015540217646729226,EXP_DEnsembleModel_Alpha158_csi300_custom_step0_s_20260521_16,2fcea84c08a442a3ab64e414f50e10e3,0.078,,,
3780,2026-05-21,SH601336,-0.18102224505554101,EXP_DEnsembleModel_Alpha158_csi300_custom_step0_s_20260521_16,2fcea84c08a442a3ab64e414f50e10e3,0.078,,,
3781,2026-05-21,SH601328,0.08684712005937979,EXP_DEnsembleModel_Alpha158_csi300_custom_step0_s_20260521_16,2fcea84c08a442a3ab64e414f50e10e3,0.078,,,
3782,2026-05-21,SH601319,-0.03195527303077955,EXP_DEnsembleModel_Alpha158_csi300_custom_step0_s_20260521_16,2fcea84c08a442a3ab64e414f50e10e3,0.078,,,
3783,2026-05-21,SH601318,-0.08208505438210409,EXP_DEnsembleModel_Alpha158_csi300_custom_step0_s_20260521_16,2fcea84c08a442a3ab64e414f50e10e3,0.078,,,
3784,2026-05-21,SH601298,0.08909834398066908,EXP_DEnsembleModel_Alpha158_csi300_custom_step0_s_20260521_16,2fcea84c08a442a3ab64e414f50e10e3,0.078,,,
3785,2026-05-21,SH601288,0.007895052880032302,EXP_DEnsembleModel_Alpha158_csi300_custom_step0_s_20260521_16,2fcea84c08a442a3ab64e414f50e10e3,0.078,,,
3786,2026-05-21,SH601136,-0.1127032863812372,EXP_DEnsembleModel_Alpha158_csi300_custom_step0_s_20260521_16,2fcea84c08a442a3ab64e414f50e10e3,0.078,,,
3787,2026-05-21,SH601238,-0.027266496561968476,EXP_DEnsembleModel_Alpha158_csi300_custom_step0_s_20260521_16,2fcea84c08a442a3ab64e414f50e10e3,0.078,,,
3788,2026-05-21,SH601229,-0.036871770845604473,EXP_DEnsembleModel_Alpha158_csi300_custom_step0_s_20260521_16,2fcea84c08a442a3ab64e414f50e10e3,0.078,,,
3789,2026-05-21,SH601225,0.014032087953303242,EXP_DEnsembleModel_Alpha158_csi300_custom_step0_s_20260521_16,2fcea84c08a442a3ab64e414f50e10e3,0.078,,,
3790,2026-05-21,SH601211,-0.0637901393366236,EXP_DEnsembleModel_Alpha158_csi300_custom_step0_s_20260521_16,2fcea84c08a442a3ab64e414f50e10e3,0.078,,,
3791,2026-05-21,SH601186,0.026668963565696823,EXP_DEnsembleModel_Alpha158_csi300_custom_step0_s_20260521_16,2fcea84c08a442a3ab64e414f50e10e3,0.078,,,
3792,2026-05-21,SH601169,0.04907754057564123,EXP_DEnsembleModel_Alpha158_csi300_custom_step0_s_20260521_16,2fcea84c08a442a3ab64e414f50e10e3,0.078,,,
3793,2026-05-21,SH601166,0.019779610768628855,EXP_DEnsembleModel_Alpha158_csi300_custom_step0_s_20260521_16,2fcea84c08a442a3ab64e414f50e10e3,0.078,,,
3794,2026-05-21,SH601236,-0.007815851026109748,EXP_DEnsembleModel_Alpha158_csi300_custom_step0_s_20260521_16,2fcea84c08a442a3ab64e414f50e10e3,0.078,,,
3795,2026-05-21,SH688506,0.07438609851210574,EXP_LGBModel_Alpha158_csi300_custom_step0_s_20260521_18,03a2a379744b4579b0f291e49956f6df,0.043,,,
3796,2026-05-21,SH600025,0.044867139941166916,EXP_DEnsembleModel_Alpha158_csi300_custom_step0_s_20260521_16,2fcea84c08a442a3ab64e414f50e10e3,0.078,,,
3797,2026-05-21,SH600019,-0.0531289655338511,EXP_DEnsembleModel_Alpha158_csi300_custom_step0_s_20260521_16,2fcea84c08a442a3ab64e414f50e10e3,0.078,,,
3798,2026-05-21,SZ000625,-0.037011577195715746,EXP_DEnsembleModel_Alpha158_csi300_custom_step0_s_20260521_16,a9b45c2ef1f241649680af1d35f974d5,0.065,,,
3799,2026-05-21,SZ000630,-0.09896429518699816,EXP_DEnsembleModel_Alpha158_csi300_custom_step0_s_20260521_16,a9b45c2ef1f241649680af1d35f974d5,0.065,,,
3800,2026-05-21,SZ000651,0.06429235108559925,EXP_DEnsembleModel_Alpha158_csi300_custom_step0_s_20260521_16,a9b45c2ef1f241649680af1d35f974d5,0.065,,,
3801,2026-05-21,SZ000661,-0.1118036624135025,EXP_DEnsembleModel_Alpha158_csi300_custom_step0_s_20260521_16,a9b45c2ef1f241649680af1d35f974d5,0.065,,,
3802,2026-05-21,SZ000708,0.023046666328267646,EXP_DEnsembleModel_Alpha158_csi300_custom_step0_s_20260521_16,a9b45c2ef1f241649680af1d35f974d5,0.065,,,
3803,2026-05-21,SZ000725,0.049206325976278255,EXP_DEnsembleModel_Alpha158_csi300_custom_step0_s_20260521_16,a9b45c2ef1f241649680af1d35f974d5,0.065,,,
3804,2026-05-21,SZ000768,-0.06789825183417596,EXP_DEnsembleModel_Alpha158_csi300_custom_step0_s_20260521_16,a9b45c2ef1f241649680af1d35f974d5,0.065,,,
3805,2026-05-21,SZ000776,-0.05880050494389346,EXP_DEnsembleModel_Alpha158_csi300_custom_step0_s_20260521_16,a9b45c2ef1f241649680af1d35f974d5,0.065,,,
3806,2026-05-21,SZ000786,-0.11732843503357311,EXP_DEnsembleModel_Alpha158_csi300_custom_step0_s_20260521_16,a9b45c2ef1f241649680af1d35f974d5,0.065,,,
3807,2026-05-21,SZ000792,-0.10099494447220703,EXP_DEnsembleModel_Alpha158_csi300_custom_step0_s_20260521_16,a9b45c2ef1f241649680af1d35f974d5,0.065,,,
3808,2026-05-21,SZ000807,-0.05859668435079241,EXP_DEnsembleModel_Alpha158_csi300_custom_step0_s_20260521_16,a9b45c2ef1f241649680af1d35f974d5,0.065,,,
3809,2026-05-21,SZ000858,-0.02596221881181263,EXP_DEnsembleModel_Alpha158_csi300_custom_step0_s_20260521_16,a9b45c2ef1f241649680af1d35f974d5,0.065,,,
3810,2026-05-21,SZ000876,-0.08609728200716715,EXP_DEnsembleModel_Alpha158_csi300_custom_step0_s_20260521_16,a9b45c2ef1f241649680af1d35f974d5,0.065,,,
3811,2026-05-21,SZ000895,-0.001759156155086702,EXP_DEnsembleModel_Alpha158_csi300_custom_step0_s_20260521_16,a9b45c2ef1f241649680af1d35f974d5,0.065,,,
3812,2026-05-21,SZ000938,0.10189094961052862,EXP_DEnsembleModel_Alpha158_csi300_custom_step0_s_20260521_16,a9b45c2ef1f241649680af1d35f974d5,0.065,,,
3813,2026-05-21,SZ000963,-0.02966385274587952,EXP_DEnsembleModel_Alpha158_csi300_custom_step0_s_20260521_16,a9b45c2ef1f241649680af1d35f974d5,0.065,,,
3814,2026-05-21,SZ000975,-0.05751173469708194,EXP_DEnsembleModel_Alpha158_csi300_custom_step0_s_20260521_16,a9b45c2ef1f241649680af1d35f974d5,0.065,,,
3815,2026-05-21,SZ002179,0.017740073299297894,EXP_DEnsembleModel_Alpha158_csi300_custom_step0_s_20260521_16,a9b45c2ef1f241649680af1d35f974d5,0.065,,,
3816,2026-05-21,SZ002142,-0.026689945407192682,EXP_DEnsembleModel_Alpha158_csi300_custom_step0_s_20260521_16,a9b45c2ef1f241649680af1d35f974d5,0.065,,,
3817,2026-05-21,SZ002074,-0.14299749761401354,EXP_DEnsembleModel_Alpha158_csi300_custom_step0_s_20260521_16,a9b45c2ef1f241649680af1d35f974d5,0.065,,,
3818,2026-05-21,SZ002050,-0.025926714119231368,EXP_DEnsembleModel_Alpha158_csi300_custom_step0_s_20260521_16,a9b45c2ef1f241649680af1d35f974d5,0.065,,,
3819,2026-05-21,SZ002049,0.04562004285052301,EXP_DEnsembleModel_Alpha158_csi300_custom_step0_s_20260521_16,a9b45c2ef1f241649680af1d35f974d5,0.065,,,
3820,2026-05-21,SZ002028,-0.0686542490525741,EXP_DEnsembleModel_Alpha158_csi300_custom_step0_s_20260521_16,a9b45c2ef1f241649680af1d35f974d5,0.065,,,
3821,2026-05-21,SZ000617,-0.047719722970603194,EXP_DEnsembleModel_Alpha158_csi300_custom_step0_s_20260521_16,a9b45c2ef1f241649680af1d35f974d5,0.065,,,
3822,2026-05-21,SZ002027,-0.07020006559504666,EXP_DEnsembleModel_Alpha158_csi300_custom_step0_s_20260521_16,a9b45c2ef1f241649680af1d35f974d5,0.065,,,
3823,2026-05-21,SZ001979,-0.10483667908350003,EXP_DEnsembleModel_Alpha158_csi300_custom_step0_s_20260521_16,a9b45c2ef1f241649680af1d35f974d5,0.065,,,
3824,2026-05-21,SZ001965,-0.00176617723948173,EXP_DEnsembleModel_Alpha158_csi300_custom_step0_s_20260521_16,a9b45c2ef1f241649680af1d35f974d5,0.065,,,
3825,2026-05-21,SZ001391,0.014457137234269939,EXP_DEnsembleModel_Alpha158_csi300_custom_step0_s_20260521_16,a9b45c2ef1f241649680af1d35f974d5,0.065,,,
3826,2026-05-21,SZ000999,0.01878804485024832,EXP_DEnsembleModel_Alpha158_csi300_custom_step0_s_20260521_16,a9b45c2ef1f241649680af1d35f974d5,0.065,,,
3827,2026-05-21,SZ000983,-0.08326714193853202,EXP_DEnsembleModel_Alpha158_csi300_custom_step0_s_20260521_16,a9b45c2ef1f241649680af1d35f974d5,0.065,,,
3828,2026-05-21,SZ000977,-0.003069534543001766,EXP_DEnsembleModel_Alpha158_csi300_custom_step0_s_20260521_16,a9b45c2ef1f241649680af1d35f974d5,0.065,,,
3829,2026-05-21,SZ002001,6.987395218442445e-05,EXP_DEnsembleModel_Alpha158_csi300_custom_step0_s_20260521_16,a9b45c2ef1f241649680af1d35f974d5,0.065,,,
3830,2026-05-21,SZ002230,-0.08177260310275984,EXP_DEnsembleModel_Alpha158_csi300_custom_step0_s_20260521_16,a9b45c2ef1f241649680af1d35f974d5,0.065,,,
3831,2026-05-21,SZ000596,-0.04027887493047122,EXP_DEnsembleModel_Alpha158_csi300_custom_step0_s_20260521_16,a9b45c2ef1f241649680af1d35f974d5,0.065,,,
3832,2026-05-21,SZ000538,0.014092269502752684,EXP_DEnsembleModel_Alpha158_csi300_custom_step0_s_20260521_16,a9b45c2ef1f241649680af1d35f974d5,0.065,,,
3833,2026-05-21,SH605499,-0.08552242692353204,EXP_DEnsembleModel_Alpha158_csi300_custom_step0_s_20260521_16,a9b45c2ef1f241649680af1d35f974d5,0.065,,,
3834,2026-05-21,SH688008,0.05724484059655608,EXP_DEnsembleModel_Alpha158_csi300_custom_step0_s_20260521_16,a9b45c2ef1f241649680af1d35f974d5,0.065,,,
3835,2026-05-21,SH688009,0.03395699143520792,EXP_DEnsembleModel_Alpha158_csi300_custom_step0_s_20260521_16,a9b45c2ef1f241649680af1d35f974d5,0.065,,,
3836,2026-05-21,SH688012,0.05495804344780399,EXP_DEnsembleModel_Alpha158_csi300_custom_step0_s_20260521_16,a9b45c2ef1f241649680af1d35f974d5,0.065,,,
3837,2026-05-21,SH688036,0.028647072727152657,EXP_DEnsembleModel_Alpha158_csi300_custom_step0_s_20260521_16,a9b45c2ef1f241649680af1d35f974d5,0.065,,,
3838,2026-05-21,SH688041,0.07216592564974071,EXP_DEnsembleModel_Alpha158_csi300_custom_step0_s_20260521_16,a9b45c2ef1f241649680af1d35f974d5,0.065,,,
3839,2026-05-21,SH688047,0.0012214155382328838,EXP_DEnsembleModel_Alpha158_csi300_custom_step0_s_20260521_16,a9b45c2ef1f241649680af1d35f974d5,0.065,,,
3840,2026-05-21,SH688082,0.07493043370494286,EXP_DEnsembleModel_Alpha158_csi300_custom_step0_s_20260521_16,a9b45c2ef1f241649680af1d35f974d5,0.065,,,
3841,2026-05-21,SH688111,-0.1475959350943649,EXP_DEnsembleModel_Alpha158_csi300_custom_step0_s_20260521_16,a9b45c2ef1f241649680af1d35f974d5,0.065,,,
3842,2026-05-21,SH688126,-0.012466807307593605,EXP_DEnsembleModel_Alpha158_csi300_custom_step0_s_20260521_16,a9b45c2ef1f241649680af1d35f974d5,0.065,,,
3843,2026-05-21,SH688169,-0.14820408357257406,EXP_DEnsembleModel_Alpha158_csi300_custom_step0_s_20260521_16,a9b45c2ef1f241649680af1d35f974d5,0.065,,,
3844,2026-05-21,SH688187,-0.022932823313610583,EXP_DEnsembleModel_Alpha158_csi300_custom_step0_s_20260521_16,a9b45c2ef1f241649680af1d35f974d5,0.065,,,
3845,2026-05-21,SH688223,-0.04516625465243472,EXP_DEnsembleModel_Alpha158_csi300_custom_step0_s_20260521_16,a9b45c2ef1f241649680af1d35f974d5,0.065,,,
3846,2026-05-21,SH688256,-0.0019651946918851936,EXP_DEnsembleModel_Alpha158_csi300_custom_step0_s_20260521_16,a9b45c2ef1f241649680af1d35f974d5,0.065,,,
3847,2026-05-21,SH688271,0.07710206337920882,EXP_DEnsembleModel_Alpha158_csi300_custom_step0_s_20260521_16,a9b45c2ef1f241649680af1d35f974d5,0.065,,,
3848,2026-05-21,SH688303,-0.19529055574554358,EXP_DEnsembleModel_Alpha158_csi300_custom_step0_s_20260521_16,a9b45c2ef1f241649680af1d35f974d5,0.065,,,
3849,2026-05-21,SH688396,0.10060630750513928,EXP_DEnsembleModel_Alpha158_csi300_custom_step0_s_20260521_16,a9b45c2ef1f241649680af1d35f974d5,0.065,,,
3850,2026-05-21,SZ000425,-0.10950507528168554,EXP_DEnsembleModel_Alpha158_csi300_custom_step0_s_20260521_16,a9b45c2ef1f241649680af1d35f974d5,0.065,,,
3851,2026-05-21,SZ000408,-0.1279663440441579,EXP_DEnsembleModel_Alpha158_csi300_custom_step0_s_20260521_16,a9b45c2ef1f241649680af1d35f974d5,0.065,,,
3852,2026-05-21,SZ000338,0.1129387713991644,EXP_DEnsembleModel_Alpha158_csi300_custom_step0_s_20260521_16,a9b45c2ef1f241649680af1d35f974d5,0.065,,,
3853,2026-05-21,SZ000333,0.14589029911351786,EXP_DEnsembleModel_Alpha158_csi300_custom_step0_s_20260521_16,a9b45c2ef1f241649680af1d35f974d5,0.065,,,
3854,2026-05-21,SZ000301,0.025457163795288628,EXP_DEnsembleModel_Alpha158_csi300_custom_step0_s_20260521_16,a9b45c2ef1f241649680af1d35f974d5,0.065,,,
3855,2026-05-21,SZ000166,-0.05161885308738605,EXP_DEnsembleModel_Alpha158_csi300_custom_step0_s_20260521_16,a9b45c2ef1f241649680af1d35f974d5,0.065,,,
3856,2026-05-21,SZ000568,-0.069606549029784,EXP_DEnsembleModel_Alpha158_csi300_custom_step0_s_20260521_16,a9b45c2ef1f241649680af1d35f974d5,0.065,,,
3857,2026-05-21,SZ000157,-0.03661723146284765,EXP_DEnsembleModel_Alpha158_csi300_custom_step0_s_20260521_16,a9b45c2ef1f241649680af1d35f974d5,0.065,,,
3858,2026-05-21,SZ000063,-0.020442108120705012,EXP_DEnsembleModel_Alpha158_csi300_custom_step0_s_20260521_16,a9b45c2ef1f241649680af1d35f974d5,0.065,,,
3859,2026-05-21,SZ000002,-0.13649424221729464,EXP_DEnsembleModel_Alpha158_csi300_custom_step0_s_20260521_16,a9b45c2ef1f241649680af1d35f974d5,0.065,,,
3860,2026-05-21,SZ000001,-0.018523634262579764,EXP_DEnsembleModel_Alpha158_csi300_custom_step0_s_20260521_16,a9b45c2ef1f241649680af1d35f974d5,0.065,,,
3861,2026-05-21,SH688981,0.020511106142442448,EXP_DEnsembleModel_Alpha158_csi300_custom_step0_s_20260521_16,a9b45c2ef1f241649680af1d35f974d5,0.065,,,
3862,2026-05-21,SH688506,-0.09485175154402994,EXP_DEnsembleModel_Alpha158_csi300_custom_step0_s_20260521_16,a9b45c2ef1f241649680af1d35f974d5,0.065,,,
3863,2026-05-21,SH688472,-0.05682366559421765,EXP_DEnsembleModel_Alpha158_csi300_custom_step0_s_20260521_16,a9b45c2ef1f241649680af1d35f974d5,0.065,,,
3864,2026-05-21,SZ000100,-0.03095071066420028,EXP_DEnsembleModel_Alpha158_csi300_custom_step0_s_20260521_16,a9b45c2ef1f241649680af1d35f974d5,0.065,,,
3865,2026-05-21,SZ002236,-0.01692691432567613,EXP_DEnsembleModel_Alpha158_csi300_custom_step0_s_20260521_16,a9b45c2ef1f241649680af1d35f974d5,0.065,,,
3866,2026-05-21,SZ002241,-0.00267549808962891,EXP_DEnsembleModel_Alpha158_csi300_custom_step0_s_20260521_16,a9b45c2ef1f241649680af1d35f974d5,0.065,,,
3867,2026-05-21,SZ002252,-0.02793002464686854,EXP_DEnsembleModel_Alpha158_csi300_custom_step0_s_20260521_16,a9b45c2ef1f241649680af1d35f974d5,0.065,,,
3868,2026-05-21,SZ300394,-0.009761100386776547,EXP_DEnsembleModel_Alpha158_csi300_custom_step0_s_20260521_16,a9b45c2ef1f241649680af1d35f974d5,0.065,,,
3869,2026-05-21,SZ300408,-0.09765103833298194,EXP_DEnsembleModel_Alpha158_csi300_custom_step0_s_20260521_16,a9b45c2ef1f241649680af1d35f974d5,0.065,,,
3870,2026-05-21,SZ300413,-0.09938687765759678,EXP_DEnsembleModel_Alpha158_csi300_custom_step0_s_20260521_16,a9b45c2ef1f241649680af1d35f974d5,0.065,,,
3871,2026-05-21,SZ300418,-0.13852300851528215,EXP_DEnsembleModel_Alpha158_csi300_custom_step0_s_20260521_16,a9b45c2ef1f241649680af1d35f974d5,0.065,,,
3872,2026-05-21,SZ300433,0.12274662567827199,EXP_DEnsembleModel_Alpha158_csi300_custom_step0_s_20260521_16,a9b45c2ef1f241649680af1d35f974d5,0.065,,,
3873,2026-05-21,SZ300442,-0.043651469803848104,EXP_DEnsembleModel_Alpha158_csi300_custom_step0_s_20260521_16,a9b45c2ef1f241649680af1d35f974d5,0.065,,,
3874,2026-05-21,SZ300476,0.09736943106908505,EXP_DEnsembleModel_Alpha158_csi300_custom_step0_s_20260521_16,a9b45c2ef1f241649680af1d35f974d5,0.065,,,
3875,2026-05-21,SZ300498,-0.10288466739468027,EXP_DEnsembleModel_Alpha158_csi300_custom_step0_s_20260521_16,a9b45c2ef1f241649680af1d35f974d5,0.065,,,
3876,2026-05-21,SZ300502,0.08184005332630301,EXP_DEnsembleModel_Alpha158_csi300_custom_step0_s_20260521_16,a9b45c2ef1f241649680af1d35f974d5,0.065,,,
3877,2026-05-21,SZ300628,0.02491781761682248,EXP_DEnsembleModel_Alpha158_csi300_custom_step0_s_20260521_16,a9b45c2ef1f241649680af1d35f974d5,0.065,,,
3878,2026-05-21,SZ300661,0.027947954060255163,EXP_DEnsembleModel_Alpha158_csi300_custom_step0_s_20260521_16,a9b45c2ef1f241649680af1d35f974d5,0.065,,,
3879,2026-05-21,SZ300750,0.015212190763711693,EXP_DEnsembleModel_Alpha158_csi300_custom_step0_s_20260521_16,a9b45c2ef1f241649680af1d35f974d5,0.065,,,
3880,2026-05-21,SZ300759,-0.04959392291538448,EXP_DEnsembleModel_Alpha158_csi300_custom_step0_s_20260521_16,a9b45c2ef1f241649680af1d35f974d5,0.065,,,
3881,2026-05-21,SZ300760,-0.051356758088918666,EXP_DEnsembleModel_Alpha158_csi300_custom_step0_s_20260521_16,a9b45c2ef1f241649680af1d35f974d5,0.065,,,
3882,2026-05-21,SZ300782,0.29162071434661985,EXP_DEnsembleModel_Alpha158_csi300_custom_step0_s_20260521_16,a9b45c2ef1f241649680af1d35f974d5,0.065,,,
3883,2026-05-21,SZ300803,-0.09757498080551125,EXP_DEnsembleModel_Alpha158_csi300_custom_step0_s_20260521_16,a9b45c2ef1f241649680af1d35f974d5,0.065,,,
3884,2026-05-21,SZ300832,-0.05889908015325723,EXP_DEnsembleModel_Alpha158_csi300_custom_step0_s_20260521_16,a9b45c2ef1f241649680af1d35f974d5,0.065,,,
3885,2026-05-21,SH600018,0.1551859935658646,EXP_DEnsembleModel_Alpha158_csi300_custom_step0_s_20260521_16,2fcea84c08a442a3ab64e414f50e10e3,0.078,,,
3886,2026-05-21,SH600016,0.06439795627741393,EXP_DEnsembleModel_Alpha158_csi300_custom_step0_s_20260521_16,2fcea84c08a442a3ab64e414f50e10e3,0.078,,,
3887,2026-05-21,SH600015,0.0698797829971708,EXP_DEnsembleModel_Alpha158_csi300_custom_step0_s_20260521_16,2fcea84c08a442a3ab64e414f50e10e3,0.078,,,
3888,2026-05-21,SH600011,0.0023656390820169077,EXP_DEnsembleModel_Alpha158_csi300_custom_step0_s_20260521_16,2fcea84c08a442a3ab64e414f50e10e3,0.078,,,
3889,2026-05-21,SH600010,-0.12402354087438516,EXP_DEnsembleModel_Alpha158_csi300_custom_step0_s_20260521_16,2fcea84c08a442a3ab64e414f50e10e3,0.078,,,
3890,2026-05-21,SH600009,0.021402474119738762,EXP_DEnsembleModel_Alpha158_csi300_custom_step0_s_20260521_16,2fcea84c08a442a3ab64e414f50e10e3,0.078,,,
3891,2026-05-21,SZ300347,-0.039373377622794935,EXP_DEnsembleModel_Alpha158_csi300_custom_step0_s_20260521_16,a9b45c2ef1f241649680af1d35f974d5,0.065,,,
3892,2026-05-21,SH600000,0.018570909531277324,EXP_DEnsembleModel_Alpha158_csi300_custom_step0_s_20260521_16,2fcea84c08a442a3ab64e414f50e10e3,0.078,,,
3893,2026-05-21,SZ301269,-0.01015257443930194,EXP_DEnsembleModel_Alpha158_csi300_custom_step0_s_20260521_16,a9b45c2ef1f241649680af1d35f974d5,0.065,,,
3894,2026-05-21,SZ301236,-0.1932360585507962,EXP_DEnsembleModel_Alpha158_csi300_custom_step0_s_20260521_16,a9b45c2ef1f241649680af1d35f974d5,0.065,,,
3895,2026-05-21,SZ300999,-0.06967229657132676,EXP_DEnsembleModel_Alpha158_csi300_custom_step0_s_20260521_16,a9b45c2ef1f241649680af1d35f974d5,0.065,,,
3896,2026-05-21,SZ300979,-0.06369478633796341,EXP_DEnsembleModel_Alpha158_csi300_custom_step0_s_20260521_16,a9b45c2ef1f241649680af1d35f974d5,0.065,,,
3897,2026-05-21,SZ300896,-0.16701740983478466,EXP_DEnsembleModel_Alpha158_csi300_custom_step0_s_20260521_16,a9b45c2ef1f241649680af1d35f974d5,0.065,,,
3898,2026-05-21,SZ300866,0.0831286778915098,EXP_DEnsembleModel_Alpha158_csi300_custom_step0_s_20260521_16,a9b45c2ef1f241649680af1d35f974d5,0.065,,,
3899,2026-05-21,SZ302132,-0.1481064817388892,EXP_DEnsembleModel_Alpha158_csi300_custom_step0_s_20260521_16,a9b45c2ef1f241649680af1d35f974d5,0.065,,,
3900,2026-05-21,SZ300316,0.029136545478843152,EXP_DEnsembleModel_Alpha158_csi300_custom_step0_s_20260521_16,a9b45c2ef1f241649680af1d35f974d5,0.065,,,
3901,2026-05-21,SZ300308,0.08358290401134269,EXP_DEnsembleModel_Alpha158_csi300_custom_step0_s_20260521_16,a9b45c2ef1f241649680af1d35f974d5,0.065,,,
3902,2026-05-21,SZ300274,-0.06872967176123901,EXP_DEnsembleModel_Alpha158_csi300_custom_step0_s_20260521_16,a9b45c2ef1f241649680af1d35f974d5,0.065,,,
3903,2026-05-21,SZ002594,-0.05666782997108608,EXP_DEnsembleModel_Alpha158_csi300_custom_step0_s_20260521_16,a9b45c2ef1f241649680af1d35f974d5,0.065,,,
3904,2026-05-21,SZ002493,-0.07547628219687551,EXP_DEnsembleModel_Alpha158_csi300_custom_step0_s_20260521_16,a9b45c2ef1f241649680af1d35f974d5,0.065,,,
3905,2026-05-21,SZ002475,0.15700634954771203,EXP_DEnsembleModel_Alpha158_csi300_custom_step0_s_20260521_16,a9b45c2ef1f241649680af1d35f974d5,0.065,,,
3906,2026-05-21,SZ002466,0.08655282405506359,EXP_DEnsembleModel_Alpha158_csi300_custom_step0_s_20260521_16,a9b45c2ef1f241649680af1d35f974d5,0.065,,,
3907,2026-05-21,SZ002463,-0.12753160816172535,EXP_DEnsembleModel_Alpha158_csi300_custom_step0_s_20260521_16,a9b45c2ef1f241649680af1d35f974d5,0.065,,,
3908,2026-05-21,SZ002460,-0.06104708720935037,EXP_DEnsembleModel_Alpha158_csi300_custom_step0_s_20260521_16,a9b45c2ef1f241649680af1d35f974d5,0.065,,,
3909,2026-05-21,SZ002600,0.11572447274180454,EXP_DEnsembleModel_Alpha158_csi300_custom_step0_s_20260521_16,a9b45c2ef1f241649680af1d35f974d5,0.065,,,
3910,2026-05-21,SZ002459,-0.08440556319653088,EXP_DEnsembleModel_Alpha158_csi300_custom_step0_s_20260521_16,a9b45c2ef1f241649680af1d35f974d5,0.065,,,
3911,2026-05-21,SZ002415,-0.01722561309107164,EXP_DEnsembleModel_Alpha158_csi300_custom_step0_s_20260521_16,a9b45c2ef1f241649680af1d35f974d5,0.065,,,
3912,2026-05-21,SZ002384,0.13124716552698493,EXP_DEnsembleModel_Alpha158_csi300_custom_step0_s_20260521_16,a9b45c2ef1f241649680af1d35f974d5,0.065,,,
3913,2026-05-21,SZ002371,-0.024277954351908392,EXP_DEnsembleModel_Alpha158_csi300_custom_step0_s_20260521_16,a9b45c2ef1f241649680af1d35f974d5,0.065,,,
3914,2026-05-21,SZ002352,-0.01065643517381035,EXP_DEnsembleModel_Alpha158_csi300_custom_step0_s_20260521_16,a9b45c2ef1f241649680af1d35f974d5,0.065,,,
3915,2026-05-21,SZ002311,-0.013757646501095075,EXP_DEnsembleModel_Alpha158_csi300_custom_step0_s_20260521_16,a9b45c2ef1f241649680af1d35f974d5,0.065,,,
3916,2026-05-21,SZ002304,-0.07365887360589156,EXP_DEnsembleModel_Alpha158_csi300_custom_step0_s_20260521_16,a9b45c2ef1f241649680af1d35f974d5,0.065,,,
3917,2026-05-21,SZ002422,-0.026170761232866664,EXP_DEnsembleModel_Alpha158_csi300_custom_step0_s_20260521_16,a9b45c2ef1f241649680af1d35f974d5,0.065,,,
3918,2026-05-21,SH600023,-0.02033379809969015,EXP_DEnsembleModel_Alpha158_csi300_custom_step0_s_20260521_16,2fcea84c08a442a3ab64e414f50e10e3,0.078,,,
3919,2026-05-21,SZ002601,0.021000502313204765,EXP_DEnsembleModel_Alpha158_csi300_custom_step0_s_20260521_16,a9b45c2ef1f241649680af1d35f974d5,0.065,,,
3920,2026-05-21,SZ002648,-0.06091622743093464,EXP_DEnsembleModel_Alpha158_csi300_custom_step0_s_20260521_16,a9b45c2ef1f241649680af1d35f974d5,0.065,,,
3921,2026-05-21,SZ300251,-0.02668875777741851,EXP_DEnsembleModel_Alpha158_csi300_custom_step0_s_20260521_16,a9b45c2ef1f241649680af1d35f974d5,0.065,,,
3922,2026-05-21,SZ300124,0.07200604267982835,EXP_DEnsembleModel_Alpha158_csi300_custom_step0_s_20260521_16,a9b45c2ef1f241649680af1d35f974d5,0.065,,,
3923,2026-05-21,SZ300122,-0.11515600076519482,EXP_DEnsembleModel_Alpha158_csi300_custom_step0_s_20260521_16,a9b45c2ef1f241649680af1d35f974d5,0.065,,,
3924,2026-05-21,SZ300059,-0.0994741341859943,EXP_DEnsembleModel_Alpha158_csi300_custom_step0_s_20260521_16,a9b45c2ef1f241649680af1d35f974d5,0.065,,,
3925,2026-05-21,SZ300033,-0.07917147232083342,EXP_DEnsembleModel_Alpha158_csi300_custom_step0_s_20260521_16,a9b45c2ef1f241649680af1d35f974d5,0.065,,,
3926,2026-05-21,SZ300015,-0.08487643658850999,EXP_DEnsembleModel_Alpha158_csi300_custom_step0_s_20260521_16,a9b45c2ef1f241649680af1d35f974d5,0.065,,,
3927,2026-05-21,SZ002625,-0.11125534697536178,EXP_DEnsembleModel_Alpha158_csi300_custom_step0_s_20260521_16,a9b45c2ef1f241649680af1d35f974d5,0.065,,,
3928,2026-05-21,SZ300014,-0.1057062810881814,EXP_DEnsembleModel_Alpha158_csi300_custom_step0_s_20260521_16,a9b45c2ef1f241649680af1d35f974d5,0.065,,,
3929,2026-05-21,SZ002938,-0.14584064799158633,EXP_DEnsembleModel_Alpha158_csi300_custom_step0_s_20260521_16,a9b45c2ef1f241649680af1d35f974d5,0.065,,,
3930,2026-05-21,SZ002920,0.027986477113485463,EXP_DEnsembleModel_Alpha158_csi300_custom_step0_s_20260521_16,a9b45c2ef1f241649680af1d35f974d5,0.065,,,
3931,2026-05-21,SZ002916,-0.08872015026556719,EXP_DEnsembleModel_Alpha158_csi300_custom_step0_s_20260521_16,a9b45c2ef1f241649680af1d35f974d5,0.065,,,
3932,2026-05-21,SZ002736,-0.026228021329850075,EXP_DEnsembleModel_Alpha158_csi300_custom_step0_s_20260521_16,a9b45c2ef1f241649680af1d35f974d5,0.065,,,
3933,2026-05-21,SZ002714,-0.12367572045810606,EXP_DEnsembleModel_Alpha158_csi300_custom_step0_s_20260521_16,a9b45c2ef1f241649680af1d35f974d5,0.065,,,
3934,2026-05-21,SZ002709,-0.11006535300878362,EXP_DEnsembleModel_Alpha158_csi300_custom_step0_s_20260521_16,a9b45c2ef1f241649680af1d35f974d5,0.065,,,
3935,2026-05-21,SZ003816,-0.01432888787503886,EXP_DEnsembleModel_Alpha158_csi300_custom_step0_s_20260521_16,a9b45c2ef1f241649680af1d35f974d5,0.065,,,
3936,2026-05-21,SZ301269,-0.3741454780101776,EXP_XGBModel_Alpha158_csi300_custom_step0_s_20260521_15,0a8bf20426f746fa87e47295471dc841,0.074,,,
3937,2026-05-21,SH688472,0.003093338458802989,EXP_LGBModel_Alpha158_csi300_custom_step0_s_20260521_18,03a2a379744b4579b0f291e49956f6df,0.043,,,
3938,2026-05-21,SH688303,-0.0016308788775438385,EXP_LGBModel_Alpha158_csi300_custom_step0_s_20260521_18,03a2a379744b4579b0f291e49956f6df,0.043,,,
3939,2026-05-21,SH601211,-0.006281993399009274,EXP_LGBModel_Alpha158_csi300_custom_step0_s_20260521_18,3f88f344925b4bd4a796bb1f4770521b,0.035,,,
3940,2026-05-21,SH601225,-0.002028148596625357,EXP_LGBModel_Alpha158_csi300_custom_step0_s_20260521_18,3f88f344925b4bd4a796bb1f4770521b,0.035,,,
3941,2026-05-21,SH601229,0.0026401300587069075,EXP_LGBModel_Alpha158_csi300_custom_step0_s_20260521_18,3f88f344925b4bd4a796bb1f4770521b,0.035,,,
3942,2026-05-21,SH601236,-0.006281993399009274,EXP_LGBModel_Alpha158_csi300_custom_step0_s_20260521_18,3f88f344925b4bd4a796bb1f4770521b,0.035,,,
3943,2026-05-21,SH601238,-0.004349604850388506,EXP_LGBModel_Alpha158_csi300_custom_step0_s_20260521_18,3f88f344925b4bd4a796bb1f4770521b,0.035,,,
3944,2026-05-21,SH601288,0.0006119818499911297,EXP_LGBModel_Alpha158_csi300_custom_step0_s_20260521_18,3f88f344925b4bd4a796bb1f4770521b,0.035,,,
3945,2026-05-21,SH601298,0.00032614159080814444,EXP_LGBModel_Alpha158_csi300_custom_step0_s_20260521_18,3f88f344925b4bd4a796bb1f4770521b,0.035,,,
3946,2026-05-21,SH601318,-0.006281993399009274,EXP_LGBModel_Alpha158_csi300_custom_step0_s_20260521_18,3f88f344925b4bd4a796bb1f4770521b,0.035,,,
3947,2026-05-21,SH601319,-0.006281993399009274,EXP_LGBModel_Alpha158_csi300_custom_step0_s_20260521_18,3f88f344925b4bd4a796bb1f4770521b,0.035,,,
3948,2026-05-21,SH601328,0.0016584853885360836,EXP_LGBModel_Alpha158_csi300_custom_step0_s_20260521_18,3f88f344925b4bd4a796bb1f4770521b,0.035,,,
3949,2026-05-21,SH601336,-0.006281993399009274,EXP_LGBModel_Alpha158_csi300_custom_step0_s_20260521_18,3f88f344925b4bd4a796bb1f4770521b,0.035,,,
3950,2026-05-21,SH601360,-0.0019323889365303471,EXP_LGBModel_Alpha158_csi300_custom_step0_s_20260521_18,3f88f344925b4bd4a796bb1f4770521b,0.035,,,
3951,2026-05-21,SH601377,-0.0019323889365303471,EXP_LGBModel_Alpha158_csi300_custom_step0_s_20260521_18,3f88f344925b4bd4a796bb1f4770521b,0.035,,,
3952,2026-05-21,SH601390,-0.002028148596625357,EXP_LGBModel_Alpha158_csi300_custom_step0_s_20260521_18,3f88f344925b4bd4a796bb1f4770521b,0.035,,,
3953,2026-05-21,SH601398,0.0025988945426983043,EXP_LGBModel_Alpha158_csi300_custom_step0_s_20260521_18,3f88f344925b4bd4a796bb1f4770521b,0.035,,,
3954,2026-05-21,SH601456,-0.006281993399009274,EXP_LGBModel_Alpha158_csi300_custom_step0_s_20260521_18,3f88f344925b4bd4a796bb1f4770521b,0.035,,,
3955,2026-05-21,SH601600,-0.006281993399009274,EXP_LGBModel_Alpha158_csi300_custom_step0_s_20260521_18,3f88f344925b4bd4a796bb1f4770521b,0.035,,,
3956,2026-05-21,SH601788,-0.006281993399009274,EXP_LGBModel_Alpha158_csi300_custom_step0_s_20260521_18,3f88f344925b4bd4a796bb1f4770521b,0.035,,,
3957,2026-05-21,SH601766,-3.8790957941350775e-10,EXP_LGBModel_Alpha158_csi300_custom_step0_s_20260521_18,3f88f344925b4bd4a796bb1f4770521b,0.035,,,
3958,2026-05-21,SH601728,-0.003960537145246125,EXP_LGBModel_Alpha158_csi300_custom_step0_s_20260521_18,3f88f344925b4bd4a796bb1f4770521b,0.035,,,
3959,2026-05-21,SH601698,-0.004253845190293496,EXP_LGBModel_Alpha158_csi300_custom_step0_s_20260521_18,3f88f344925b4bd4a796bb1f4770521b,0.035,,,
3960,2026-05-21,SH601689,0.001059188968045611,EXP_LGBModel_Alpha158_csi300_custom_step0_s_20260521_18,3f88f344925b4bd4a796bb1f4770521b,0.035,,,
3961,2026-05-21,SH601688,-0.006281993399009274,EXP_LGBModel_Alpha158_csi300_custom_step0_s_20260521_18,3f88f344925b4bd4a796bb1f4770521b,0.035,,,
3962,2026-05-21,SH601186,-3.8790957941350775e-10,EXP_LGBModel_Alpha158_csi300_custom_step0_s_20260521_18,3f88f344925b4bd4a796bb1f4770521b,0.035,,,
3963,2026-05-21,SH601669,-0.004349604850388506,EXP_LGBModel_Alpha158_csi300_custom_step0_s_20260521_18,3f88f344925b4bd4a796bb1f4770521b,0.035,,,
3964,2026-05-21,SH601658,0.0028301364196604614,EXP_LGBModel_Alpha158_csi300_custom_step0_s_20260521_18,3f88f344925b4bd4a796bb1f4770521b,0.035,,,
3965,2026-05-21,SH601633,-0.004349604850388506,EXP_LGBModel_Alpha158_csi300_custom_step0_s_20260521_18,3f88f344925b4bd4a796bb1f4770521b,0.035,,,
3966,2026-05-21,SH601628,-0.006281993399009274,EXP_LGBModel_Alpha158_csi300_custom_step0_s_20260521_18,3f88f344925b4bd4a796bb1f4770521b,0.035,,,
3967,2026-05-21,SH601618,-0.006281993399009274,EXP_LGBModel_Alpha158_csi300_custom_step0_s_20260521_18,3f88f344925b4bd4a796bb1f4770521b,0.035,,,
3968,2026-05-21,SH601607,-3.8790957941350775e-10,EXP_LGBModel_Alpha158_csi300_custom_step0_s_20260521_18,3f88f344925b4bd4a796bb1f4770521b,0.035,,,
3969,2026-05-21,SH601601,-0.006281993399009274,EXP_LGBModel_Alpha158_csi300_custom_step0_s_20260521_18,3f88f344925b4bd4a796bb1f4770521b,0.035,,,
3970,2026-05-21,SH601668,-3.8790957941350775e-10,EXP_LGBModel_Alpha158_csi300_custom_step0_s_20260521_18,3f88f344925b4bd4a796bb1f4770521b,0.035,,,
3971,2026-05-21,SH601800,-0.003962971800874163,EXP_LGBModel_Alpha158_csi300_custom_step0_s_20260521_18,3f88f344925b4bd4a796bb1f4770521b,0.035,,,
3972,2026-05-21,SH601169,-3.8790957941350775e-10,EXP_LGBModel_Alpha158_csi300_custom_step0_s_20260521_18,3f88f344925b4bd4a796bb1f4770521b,0.035,,,
3973,2026-05-21,SH601138,-0.006281993399009274,EXP_LGBModel_Alpha158_csi300_custom_step0_s_20260521_18,3f88f344925b4bd4a796bb1f4770521b,0.035,,,
3974,2026-05-21,SH600845,-0.006281993399009274,EXP_LGBModel_Alpha158_csi300_custom_step0_s_20260521_18,3f88f344925b4bd4a796bb1f4770521b,0.035,,,
3975,2026-05-21,SH600875,-0.0019323889365303471,EXP_LGBModel_Alpha158_csi300_custom_step0_s_20260521_18,3f88f344925b4bd4a796bb1f4770521b,0.035,,,
3976,2026-05-21,SH600886,0.0034421186575611705,EXP_LGBModel_Alpha158_csi300_custom_step0_s_20260521_18,3f88f344925b4bd4a796bb1f4770521b,0.035,,,
3977,2026-05-21,SH600887,-0.0006142675633540762,EXP_LGBModel_Alpha158_csi300_custom_step0_s_20260521_18,3f88f344925b4bd4a796bb1f4770521b,0.035,,,
3978,2026-05-21,SH600893,-0.004349604850388506,EXP_LGBModel_Alpha158_csi300_custom_step0_s_20260521_18,3f88f344925b4bd4a796bb1f4770521b,0.035,,,
3979,2026-05-21,SH600900,0.00032614159080814444,EXP_LGBModel_Alpha158_csi300_custom_step0_s_20260521_18,3f88f344925b4bd4a796bb1f4770521b,0.035,,,
3980,2026-05-21,SH600905,0.00032614159080814444,EXP_LGBModel_Alpha158_csi300_custom_step0_s_20260521_18,3f88f344925b4bd4a796bb1f4770521b,0.035,,,
3981,2026-05-21,SH600918,-0.0019323889365303471,EXP_LGBModel_Alpha158_csi300_custom_step0_s_20260521_18,3f88f344925b4bd4a796bb1f4770521b,0.035,,,
3982,2026-05-21,SH600919,0.005470266866276948,EXP_LGBModel_Alpha158_csi300_custom_step0_s_20260521_18,3f88f344925b4bd4a796bb1f4770521b,0.035,,,
3983,2026-05-21,SH600926,-0.0006142675633540762,EXP_LGBModel_Alpha158_csi300_custom_step0_s_20260521_18,3f88f344925b4bd4a796bb1f4770521b,0.035,,,
3984,2026-05-21,SH600930,-0.006281993399009274,EXP_LGBModel_Alpha158_csi300_custom_step0_s_20260521_18,3f88f344925b4bd4a796bb1f4770521b,0.035,,,
3985,2026-05-21,SH600938,-3.8790957941350775e-10,EXP_LGBModel_Alpha158_csi300_custom_step0_s_20260521_18,3f88f344925b4bd4a796bb1f4770521b,0.035,,,
3986,2026-05-21,SH600941,-0.002642415772069854,EXP_LGBModel_Alpha158_csi300_custom_step0_s_20260521_18,3f88f344925b4bd4a796bb1f4770521b,0.035,,,
3987,2026-05-21,SH600958,-3.8790957941350775e-10,EXP_LGBModel_Alpha158_csi300_custom_step0_s_20260521_18,3f88f344925b4bd4a796bb1f4770521b,0.035,,,
3988,2026-05-21,SH600989,-0.004349604850388506,EXP_LGBModel_Alpha158_csi300_custom_step0_s_20260521_18,3f88f344925b4bd4a796bb1f4770521b,0.035,,,
3989,2026-05-21,SH600999,0.0011985806153778963,EXP_LGBModel_Alpha158_csi300_custom_step0_s_20260521_18,3f88f344925b4bd4a796bb1f4770521b,0.035,,,
3990,2026-05-21,SH601006,0.00032614159080814444,EXP_LGBModel_Alpha158_csi300_custom_step0_s_20260521_18,3f88f344925b4bd4a796bb1f4770521b,0.035,,,
3991,2026-05-21,SH601136,-0.006281993399009274,EXP_LGBModel_Alpha158_csi300_custom_step0_s_20260521_18,3f88f344925b4bd4a796bb1f4770521b,0.035,,,
3992,2026-05-21,SH601127,-0.006281993399009274,EXP_LGBModel_Alpha158_csi300_custom_step0_s_20260521_18,3f88f344925b4bd4a796bb1f4770521b,0.035,,,
3993,2026-05-21,SH601117,-3.8790957941350775e-10,EXP_LGBModel_Alpha158_csi300_custom_step0_s_20260521_18,3f88f344925b4bd4a796bb1f4770521b,0.035,,,
3994,2026-05-21,SH601111,-0.006281993399009274,EXP_LGBModel_Alpha158_csi300_custom_step0_s_20260521_18,3f88f344925b4bd4a796bb1f4770521b,0.035,,,
3995,2026-05-21,SH601100,-0.001282384632510386,EXP_LGBModel_Alpha158_csi300_custom_step0_s_20260521_18,3f88f344925b4bd4a796bb1f4770521b,0.035,,,
3996,2026-05-21,SH601088,-0.0006142675633540762,EXP_LGBModel_Alpha158_csi300_custom_step0_s_20260521_18,3f88f344925b4bd4a796bb1f4770521b,0.035,,,
3997,2026-05-21,SH601166,0.0028301364196604614,EXP_LGBModel_Alpha158_csi300_custom_step0_s_20260521_18,3f88f344925b4bd4a796bb1f4770521b,0.035,,,
3998,2026-05-21,SH601077,-0.0022557827225555107,EXP_LGBModel_Alpha158_csi300_custom_step0_s_20260521_18,3f88f344925b4bd4a796bb1f4770521b,0.035,,,
3999,2026-05-21,SH601059,0.00032614159080814444,EXP_LGBModel_Alpha158_csi300_custom_step0_s_20260521_18,3f88f344925b4bd4a796bb1f4770521b,0.035,,,
4000,2026-05-21,SH601058,-0.006281993399009274,EXP_LGBModel_Alpha158_csi300_custom_step0_s_20260521_18,3f88f344925b4bd4a796bb1f4770521b,0.035,,,
4001,2026-05-21,SH601021,-0.005862371413612027,EXP_LGBModel_Alpha158_csi300_custom_step0_s_20260521_18,3f88f344925b4bd4a796bb1f4770521b,0.035,,,
4002,2026-05-21,SH601018,-0.002028148596625357,EXP_LGBModel_Alpha158_csi300_custom_step0_s_20260521_18,3f88f344925b4bd4a796bb1f4770521b,0.035,,,
4003,2026-05-21,SH601012,-0.004349604850388506,EXP_LGBModel_Alpha158_csi300_custom_step0_s_20260521_18,3f88f344925b4bd4a796bb1f4770521b,0.035,,,
4004,2026-05-21,SH601009,-3.8790957941350775e-10,EXP_LGBModel_Alpha158_csi300_custom_step0_s_20260521_18,3f88f344925b4bd4a796bb1f4770521b,0.035,,,
4005,2026-05-21,SH601066,0.00032614159080814444,EXP_LGBModel_Alpha158_csi300_custom_step0_s_20260521_18,3f88f344925b4bd4a796bb1f4770521b,0.035,,,
4006,2026-05-21,SH600809,-0.004349604850388506,EXP_LGBModel_Alpha158_csi300_custom_step0_s_20260521_18,3f88f344925b4bd4a796bb1f4770521b,0.035,,,
4007,2026-05-21,SH601808,-0.002642415772069854,EXP_LGBModel_Alpha158_csi300_custom_step0_s_20260521_18,3f88f344925b4bd4a796bb1f4770521b,0.035,,,
4008,2026-05-21,SH601818,0.0025988945426983043,EXP_LGBModel_Alpha158_csi300_custom_step0_s_20260521_18,3f88f344925b4bd4a796bb1f4770521b,0.035,,,
4009,2026-05-21,SH688009,-0.002321456641672729,EXP_LGBModel_Alpha158_csi300_custom_step0_s_20260521_18,3f88f344925b4bd4a796bb1f4770521b,0.035,,,
4010,2026-05-21,SH688012,-0.002227537451406051,EXP_LGBModel_Alpha158_csi300_custom_step0_s_20260521_18,3f88f344925b4bd4a796bb1f4770521b,0.035,,,
4011,2026-05-21,SH688036,-0.004253845190293496,EXP_LGBModel_Alpha158_csi300_custom_step0_s_20260521_18,3f88f344925b4bd4a796bb1f4770521b,0.035,,,
4012,2026-05-21,SH688041,0.008614924293747177,EXP_LGBModel_Alpha158_csi300_custom_step0_s_20260521_18,3f88f344925b4bd4a796bb1f4770521b,0.035,,,
4013,2026-05-21,SH688047,0.008614924293747177,EXP_LGBModel_Alpha158_csi300_custom_step0_s_20260521_18,3f88f344925b4bd4a796bb1f4770521b,0.035,,,
4014,2026-05-21,SH688082,-0.0060812885266599654,EXP_LGBModel_Alpha158_csi300_custom_step0_s_20260521_18,3f88f344925b4bd4a796bb1f4770521b,0.035,,,
4015,2026-05-21,SH688111,-0.004349604850388506,EXP_LGBModel_Alpha158_csi300_custom_step0_s_20260521_18,3f88f344925b4bd4a796bb1f4770521b,0.035,,,
4016,2026-05-21,SH688126,-0.004053140317944188,EXP_LGBModel_Alpha158_csi300_custom_step0_s_20260521_18,3f88f344925b4bd4a796bb1f4770521b,0.035,,,
4017,2026-05-21,SH688169,-0.0004910900338945163,EXP_LGBModel_Alpha158_csi300_custom_step0_s_20260521_18,3f88f344925b4bd4a796bb1f4770521b,0.035,,,
4018,2026-05-21,SH688187,-0.006281993399009274,EXP_LGBModel_Alpha158_csi300_custom_step0_s_20260521_18,3f88f344925b4bd4a796bb1f4770521b,0.035,,,
4019,2026-05-21,SH688223,-0.004253845190293496,EXP_LGBModel_Alpha158_csi300_custom_step0_s_20260521_18,3f88f344925b4bd4a796bb1f4770521b,0.035,,,
4020,2026-05-21,SH688256,0.010842461357243649,EXP_LGBModel_Alpha158_csi300_custom_step0_s_20260521_18,3f88f344925b4bd4a796bb1f4770521b,0.035,,,
4021,2026-05-21,SH688271,-0.002028148596625357,EXP_LGBModel_Alpha158_csi300_custom_step0_s_20260521_18,3f88f344925b4bd4a796bb1f4770521b,0.035,,,
4022,2026-05-21,SH688303,-0.004253845190293496,EXP_LGBModel_Alpha158_csi300_custom_step0_s_20260521_18,3f88f344925b4bd4a796bb1f4770521b,0.035,,,
4023,2026-05-21,SH688396,0.010842461357243649,EXP_LGBModel_Alpha158_csi300_custom_step0_s_20260521_18,3f88f344925b4bd4a796bb1f4770521b,0.035,,,
4024,2026-05-21,SH688472,-0.006281993399009274,EXP_LGBModel_Alpha158_csi300_custom_step0_s_20260521_18,3f88f344925b4bd4a796bb1f4770521b,0.035,,,
4025,2026-05-21,SH688506,0.0008047087593804859,EXP_LGBModel_Alpha158_csi300_custom_step0_s_20260521_18,3f88f344925b4bd4a796bb1f4770521b,0.035,,,
4026,2026-05-21,SZ000568,-3.8790957941350775e-10,EXP_LGBModel_Alpha158_csi300_custom_step0_s_20260521_18,3f88f344925b4bd4a796bb1f4770521b,0.035,,,
4027,2026-05-21,SZ000538,-3.8790957941350775e-10,EXP_LGBModel_Alpha158_csi300_custom_step0_s_20260521_18,3f88f344925b4bd4a796bb1f4770521b,0.035,,,
4028,2026-05-21,SZ000425,-0.006281993399009274,EXP_LGBModel_Alpha158_csi300_custom_step0_s_20260521_18,3f88f344925b4bd4a796bb1f4770521b,0.035,,,
4029,2026-05-21,SZ000408,-0.006281993399009274,EXP_LGBModel_Alpha158_csi300_custom_step0_s_20260521_18,3f88f344925b4bd4a796bb1f4770521b,0.035,,,
4030,2026-05-21,SZ000338,0.01570031043456832,EXP_LGBModel_Alpha158_csi300_custom_step0_s_20260521_18,3f88f344925b4bd4a796bb1f4770521b,0.035,,,
4031,2026-05-21,SZ000333,0.00032614159080814444,EXP_LGBModel_Alpha158_csi300_custom_step0_s_20260521_18,3f88f344925b4bd4a796bb1f4770521b,0.035,,,
4032,2026-05-21,SH688008,0.002622239200794719,EXP_LGBModel_Alpha158_csi300_custom_step0_s_20260521_18,3f88f344925b4bd4a796bb1f4770521b,0.035,,,
4033,2026-05-21,SZ000301,-0.002028148596625357,EXP_LGBModel_Alpha158_csi300_custom_step0_s_20260521_18,3f88f344925b4bd4a796bb1f4770521b,0.035,,,
4034,2026-05-21,SZ000157,-0.006281993399009274,EXP_LGBModel_Alpha158_csi300_custom_step0_s_20260521_18,3f88f344925b4bd4a796bb1f4770521b,0.035,,,
4035,2026-05-21,SZ000100,-0.0006142675633540762,EXP_LGBModel_Alpha158_csi300_custom_step0_s_20260521_18,3f88f344925b4bd4a796bb1f4770521b,0.035,,,
4036,2026-05-21,SZ000063,-0.003960537145246125,EXP_LGBModel_Alpha158_csi300_custom_step0_s_20260521_18,3f88f344925b4bd4a796bb1f4770521b,0.035,,,
4037,2026-05-21,SZ000002,-3.8790957941350775e-10,EXP_LGBModel_Alpha158_csi300_custom_step0_s_20260521_18,3f88f344925b4bd4a796bb1f4770521b,0.035,,,
4038,2026-05-21,SZ000001,-0.004253845190293496,EXP_LGBModel_Alpha158_csi300_custom_step0_s_20260521_18,3f88f344925b4bd4a796bb1f4770521b,0.035,,,
4039,2026-05-21,SH688981,-0.004349604850388506,EXP_LGBModel_Alpha158_csi300_custom_step0_s_20260521_18,3f88f344925b4bd4a796bb1f4770521b,0.035,,,
4040,2026-05-21,SZ000166,-0.006281993399009274,EXP_LGBModel_Alpha158_csi300_custom_step0_s_20260521_18,3f88f344925b4bd4a796bb1f4770521b,0.035,,,
4041,2026-05-21,SH601816,-0.0022557827225555107,EXP_LGBModel_Alpha158_csi300_custom_step0_s_20260521_18,3f88f344925b4bd4a796bb1f4770521b,0.035,,,
4042,2026-05-21,SH605499,-0.006281993399009274,EXP_LGBModel_Alpha158_csi300_custom_step0_s_20260521_18,3f88f344925b4bd4a796bb1f4770521b,0.035,,,
4043,2026-05-21,SH603993,-0.0019323889365303471,EXP_LGBModel_Alpha158_csi300_custom_step0_s_20260521_18,3f88f344925b4bd4a796bb1f4770521b,0.035,,,
4044,2026-05-21,SH601825,0.005470266866276948,EXP_LGBModel_Alpha158_csi300_custom_step0_s_20260521_18,3f88f344925b4bd4a796bb1f4770521b,0.035,,,
4045,2026-05-21,SH601838,0.005470266866276948,EXP_LGBModel_Alpha158_csi300_custom_step0_s_20260521_18,3f88f344925b4bd4a796bb1f4770521b,0.035,,,
4046,2026-05-21,SH601857,-0.003960537145246125,EXP_LGBModel_Alpha158_csi300_custom_step0_s_20260521_18,3f88f344925b4bd4a796bb1f4770521b,0.035,,,
4047,2026-05-21,SH601868,-0.002028148596625357,EXP_LGBModel_Alpha158_csi300_custom_step0_s_20260521_18,3f88f344925b4bd4a796bb1f4770521b,0.035,,,
4048,2026-05-21,SH601872,-0.004349604850388506,EXP_LGBModel_Alpha158_csi300_custom_step0_s_20260521_18,3f88f344925b4bd4a796bb1f4770521b,0.035,,,
4049,2026-05-21,SH601877,-0.006281993399009274,EXP_LGBModel_Alpha158_csi300_custom_step0_s_20260521_18,3f88f344925b4bd4a796bb1f4770521b,0.035,,,
4050,2026-05-21,SH601878,-0.003960537145246125,EXP_LGBModel_Alpha158_csi300_custom_step0_s_20260521_18,3f88f344925b4bd4a796bb1f4770521b,0.035,,,
4051,2026-05-21,SH601881,-0.0019323889365303471,EXP_LGBModel_Alpha158_csi300_custom_step0_s_20260521_18,3f88f344925b4bd4a796bb1f4770521b,0.035,,,
4052,2026-05-21,SH601888,-0.004349604850388506,EXP_LGBModel_Alpha158_csi300_custom_step0_s_20260521_18,3f88f344925b4bd4a796bb1f4770521b,0.035,,,
4053,2026-05-21,SH601898,-0.006281993399009274,EXP_LGBModel_Alpha158_csi300_custom_step0_s_20260521_18,3f88f344925b4bd4a796bb1f4770521b,0.035,,,
4054,2026-05-21,SH601899,-0.006281993399009274,EXP_LGBModel_Alpha158_csi300_custom_step0_s_20260521_18,3f88f344925b4bd4a796bb1f4770521b,0.035,,,
4055,2026-05-21,SH601901,-0.0035409151598488776,EXP_LGBModel_Alpha158_csi300_custom_step0_s_20260521_18,3f88f344925b4bd4a796bb1f4770521b,0.035,,,
4056,2026-05-21,SH601916,0.00032614159080814444,EXP_LGBModel_Alpha158_csi300_custom_step0_s_20260521_18,3f88f344925b4bd4a796bb1f4770521b,0.035,,,
4057,2026-05-21,SH601919,0.00032614159080814444,EXP_LGBModel_Alpha158_csi300_custom_step0_s_20260521_18,3f88f344925b4bd4a796bb1f4770521b,0.035,,,
4058,2026-05-21,SH601939,0.001550278614030548,EXP_LGBModel_Alpha158_csi300_custom_step0_s_20260521_18,3f88f344925b4bd4a796bb1f4770521b,0.035,,,
4059,2026-05-21,SH601985,-0.0019323889365303471,EXP_LGBModel_Alpha158_csi300_custom_step0_s_20260521_18,3f88f344925b4bd4a796bb1f4770521b,0.035,,,
4060,2026-05-21,SH601988,0.00032614159080814444,EXP_LGBModel_Alpha158_csi300_custom_step0_s_20260521_18,3f88f344925b4bd4a796bb1f4770521b,0.035,,,
4061,2026-05-21,SH603986,-0.002227537451406051,EXP_LGBModel_Alpha158_csi300_custom_step0_s_20260521_18,3f88f344925b4bd4a796bb1f4770521b,0.035,,,
4062,2026-05-21,SH603893,-0.006281993399009274,EXP_LGBModel_Alpha158_csi300_custom_step0_s_20260521_18,3f88f344925b4bd4a796bb1f4770521b,0.035,,,
4063,2026-05-21,SH603799,-3.8790957941350775e-10,EXP_LGBModel_Alpha158_csi300_custom_step0_s_20260521_18,3f88f344925b4bd4a796bb1f4770521b,0.035,,,
4064,2026-05-21,SH603501,-0.002642415772069854,EXP_LGBModel_Alpha158_csi300_custom_step0_s_20260521_18,3f88f344925b4bd4a796bb1f4770521b,0.035,,,
4065,2026-05-21,SH603392,-0.005895360349494931,EXP_LGBModel_Alpha158_csi300_custom_step0_s_20260521_18,3f88f344925b4bd4a796bb1f4770521b,0.035,,,
4066,2026-05-21,SH603369,0.00032614159080814444,EXP_LGBModel_Alpha158_csi300_custom_step0_s_20260521_18,3f88f344925b4bd4a796bb1f4770521b,0.035,,,
4067,2026-05-21,SH605117,-0.004253845190293496,EXP_LGBModel_Alpha158_csi300_custom_step0_s_20260521_18,3f88f344925b4bd4a796bb1f4770521b,0.035,,,
4068,2026-05-21,SH603296,-0.0019323889365303471,EXP_LGBModel_Alpha158_csi300_custom_step0_s_20260521_18,3f88f344925b4bd4a796bb1f4770521b,0.035,,,
4069,2026-05-21,SH603260,-0.006281993399009274,EXP_LGBModel_Alpha158_csi300_custom_step0_s_20260521_18,3f88f344925b4bd4a796bb1f4770521b,0.035,,,
4070,2026-05-21,SH603259,-0.006281993399009274,EXP_LGBModel_Alpha158_csi300_custom_step0_s_20260521_18,3f88f344925b4bd4a796bb1f4770521b,0.035,,,
4071,2026-05-21,SH603195,0.00032614159080814444,EXP_LGBModel_Alpha158_csi300_custom_step0_s_20260521_18,3f88f344925b4bd4a796bb1f4770521b,0.035,,,
4072,2026-05-21,SH603019,-0.003960537145246125,EXP_LGBModel_Alpha158_csi300_custom_step0_s_20260521_18,3f88f344925b4bd4a796bb1f4770521b,0.035,,,
4073,2026-05-21,SH601998,-0.0019323889365303471,EXP_LGBModel_Alpha158_csi300_custom_step0_s_20260521_18,3f88f344925b4bd4a796bb1f4770521b,0.035,,,
4074,2026-05-21,SH601995,0.00032614159080814444,EXP_LGBModel_Alpha158_csi300_custom_step0_s_20260521_18,3f88f344925b4bd4a796bb1f4770521b,0.035,,,
4075,2026-05-21,SH603288,-3.8790957941350775e-10,EXP_LGBModel_Alpha158_csi300_custom_step0_s_20260521_18,3f88f344925b4bd4a796bb1f4770521b,0.035,,,
4076,2026-05-21,SH600803,-0.002028148596625357,EXP_LGBModel_Alpha158_csi300_custom_step0_s_20260521_18,3f88f344925b4bd4a796bb1f4770521b,0.035,,,
4077,2026-05-21,SH600795,-0.0019323889365303471,EXP_LGBModel_Alpha158_csi300_custom_step0_s_20260521_18,3f88f344925b4bd4a796bb1f4770521b,0.035,,,
4078,2026-05-21,SH600760,-0.005895360349494931,EXP_LGBModel_Alpha158_csi300_custom_step0_s_20260521_18,3f88f344925b4bd4a796bb1f4770521b,0.035,,,
4079,2026-05-21,SZ002916,0.004134268285429812,EXP_LGBModel_Alpha158_csi300_custom_step0_s_20260521_18,74f7e0be47ea43279d614e40d1a391ab,0.057,,,
4080,2026-05-21,SZ002920,-3.0446986463688705e-10,EXP_LGBModel_Alpha158_csi300_custom_step0_s_20260521_18,74f7e0be47ea43279d614e40d1a391ab,0.057,,,
4081,2026-05-21,SZ002938,-3.0446986463688705e-10,EXP_LGBModel_Alpha158_csi300_custom_step0_s_20260521_18,74f7e0be47ea43279d614e40d1a391ab,0.057,,,
4082,2026-05-21,SZ003816,-3.0446986463688705e-10,EXP_LGBModel_Alpha158_csi300_custom_step0_s_20260521_18,74f7e0be47ea43279d614e40d1a391ab,0.057,,,
4083,2026-05-21,SZ300014,-0.002540953157316907,EXP_LGBModel_Alpha158_csi300_custom_step0_s_20260521_18,74f7e0be47ea43279d614e40d1a391ab,0.057,,,
4084,2026-05-21,SZ300015,-0.002540953157316907,EXP_LGBModel_Alpha158_csi300_custom_step0_s_20260521_18,74f7e0be47ea43279d614e40d1a391ab,0.057,,,
4085,2026-05-21,SZ300033,-3.0446986463688705e-10,EXP_LGBModel_Alpha158_csi300_custom_step0_s_20260521_18,74f7e0be47ea43279d614e40d1a391ab,0.057,,,
4086,2026-05-21,SZ300059,-3.0446986463688705e-10,EXP_LGBModel_Alpha158_csi300_custom_step0_s_20260521_18,74f7e0be47ea43279d614e40d1a391ab,0.057,,,
4087,2026-05-21,SZ300122,-3.0446986463688705e-10,EXP_LGBModel_Alpha158_csi300_custom_step0_s_20260521_18,74f7e0be47ea43279d614e40d1a391ab,0.057,,,
4088,2026-05-21,SZ300124,-3.0446986463688705e-10,EXP_LGBModel_Alpha158_csi300_custom_step0_s_20260521_18,74f7e0be47ea43279d614e40d1a391ab,0.057,,,
4089,2026-05-21,SZ300251,-3.0446986463688705e-10,EXP_LGBModel_Alpha158_csi300_custom_step0_s_20260521_18,74f7e0be47ea43279d614e40d1a391ab,0.057,,,
4090,2026-05-21,SZ300274,-3.0446986463688705e-10,EXP_LGBModel_Alpha158_csi300_custom_step0_s_20260521_18,74f7e0be47ea43279d614e40d1a391ab,0.057,,,
4091,2026-05-21,SZ300308,0.004134268285429812,EXP_LGBModel_Alpha158_csi300_custom_step0_s_20260521_18,74f7e0be47ea43279d614e40d1a391ab,0.057,,,
4092,2026-05-21,SZ300316,-3.0446986463688705e-10,EXP_LGBModel_Alpha158_csi300_custom_step0_s_20260521_18,74f7e0be47ea43279d614e40d1a391ab,0.057,,,
4093,2026-05-21,SZ300347,0.004134268285429812,EXP_LGBModel_Alpha158_csi300_custom_step0_s_20260521_18,74f7e0be47ea43279d614e40d1a391ab,0.057,,,
4094,2026-05-21,SZ300394,0.0009849327848536376,EXP_LGBModel_Alpha158_csi300_custom_step0_s_20260521_18,74f7e0be47ea43279d614e40d1a391ab,0.057,,,
4095,2026-05-21,SZ300408,-3.0446986463688705e-10,EXP_LGBModel_Alpha158_csi300_custom_step0_s_20260521_18,74f7e0be47ea43279d614e40d1a391ab,0.057,,,
4096,2026-05-21,SZ300803,-0.0017501426207716044,EXP_LGBModel_Alpha158_csi300_custom_step0_s_20260521_18,74f7e0be47ea43279d614e40d1a391ab,0.057,,,
4097,2026-05-21,SZ300782,0.004134268285429812,EXP_LGBModel_Alpha158_csi300_custom_step0_s_20260521_18,74f7e0be47ea43279d614e40d1a391ab,0.057,,,
4098,2026-05-21,SZ300760,-0.0017501426207716044,EXP_LGBModel_Alpha158_csi300_custom_step0_s_20260521_18,74f7e0be47ea43279d614e40d1a391ab,0.057,,,
4099,2026-05-21,SZ300759,-3.0446986463688705e-10,EXP_LGBModel_Alpha158_csi300_custom_step0_s_20260521_18,74f7e0be47ea43279d614e40d1a391ab,0.057,,,
4100,2026-05-21,SZ300750,0.0009849327848536376,EXP_LGBModel_Alpha158_csi300_custom_step0_s_20260521_18,74f7e0be47ea43279d614e40d1a391ab,0.057,,,
4101,2026-05-21,SZ300661,0.004134268285429812,EXP_LGBModel_Alpha158_csi300_custom_step0_s_20260521_18,74f7e0be47ea43279d614e40d1a391ab,0.057,,,
4102,2026-05-21,SZ002736,-3.0446986463688705e-10,EXP_LGBModel_Alpha158_csi300_custom_step0_s_20260521_18,74f7e0be47ea43279d614e40d1a391ab,0.057,,,
4103,2026-05-21,SZ300628,-0.002540953157316907,EXP_LGBModel_Alpha158_csi300_custom_step0_s_20260521_18,74f7e0be47ea43279d614e40d1a391ab,0.057,,,
4104,2026-05-21,SZ300498,-0.002540953157316907,EXP_LGBModel_Alpha158_csi300_custom_step0_s_20260521_18,74f7e0be47ea43279d614e40d1a391ab,0.057,,,
4105,2026-05-21,SZ300476,0.004134268285429812,EXP_LGBModel_Alpha158_csi300_custom_step0_s_20260521_18,74f7e0be47ea43279d614e40d1a391ab,0.057,,,
4106,2026-05-21,SZ300442,-0.002540953157316907,EXP_LGBModel_Alpha158_csi300_custom_step0_s_20260521_18,74f7e0be47ea43279d614e40d1a391ab,0.057,,,
4107,2026-05-21,SZ300433,-3.0446986463688705e-10,EXP_LGBModel_Alpha158_csi300_custom_step0_s_20260521_18,74f7e0be47ea43279d614e40d1a391ab,0.057,,,
4108,2026-05-21,SZ300418,-0.002540953157316907,EXP_LGBModel_Alpha158_csi300_custom_step0_s_20260521_18,74f7e0be47ea43279d614e40d1a391ab,0.057,,,
4109,2026-05-21,SZ300413,-3.0446986463688705e-10,EXP_LGBModel_Alpha158_csi300_custom_step0_s_20260521_18,74f7e0be47ea43279d614e40d1a391ab,0.057,,,
4110,2026-05-21,SZ300502,-3.0446986463688705e-10,EXP_LGBModel_Alpha158_csi300_custom_step0_s_20260521_18,74f7e0be47ea43279d614e40d1a391ab,0.057,,,
4111,2026-05-21,SZ300832,-0.002540953157316907,EXP_LGBModel_Alpha158_csi300_custom_step0_s_20260521_18,74f7e0be47ea43279d614e40d1a391ab,0.057,,,
4112,2026-05-21,SZ002714,-0.002540953157316907,EXP_LGBModel_Alpha158_csi300_custom_step0_s_20260521_18,74f7e0be47ea43279d614e40d1a391ab,0.057,,,
4113,2026-05-21,SZ002648,-0.002540953157316907,EXP_LGBModel_Alpha158_csi300_custom_step0_s_20260521_18,74f7e0be47ea43279d614e40d1a391ab,0.057,,,
4114,2026-05-21,SZ001965,-3.0446986463688705e-10,EXP_LGBModel_Alpha158_csi300_custom_step0_s_20260521_18,74f7e0be47ea43279d614e40d1a391ab,0.057,,,
4115,2026-05-21,SZ001979,-0.002540953157316907,EXP_LGBModel_Alpha158_csi300_custom_step0_s_20260521_18,74f7e0be47ea43279d614e40d1a391ab,0.057,,,
4116,2026-05-21,SZ002001,-3.0446986463688705e-10,EXP_LGBModel_Alpha158_csi300_custom_step0_s_20260521_18,74f7e0be47ea43279d614e40d1a391ab,0.057,,,
4117,2026-05-21,SZ002027,-3.0446986463688705e-10,EXP_LGBModel_Alpha158_csi300_custom_step0_s_20260521_18,74f7e0be47ea43279d614e40d1a391ab,0.057,,,
4118,2026-05-21,SZ002028,-0.002540953157316907,EXP_LGBModel_Alpha158_csi300_custom_step0_s_20260521_18,74f7e0be47ea43279d614e40d1a391ab,0.057,,,
4119,2026-05-21,SZ002049,0.0009849327848536376,EXP_LGBModel_Alpha158_csi300_custom_step0_s_20260521_18,74f7e0be47ea43279d614e40d1a391ab,0.057,,,
4120,2026-05-21,SZ002050,-3.0446986463688705e-10,EXP_LGBModel_Alpha158_csi300_custom_step0_s_20260521_18,74f7e0be47ea43279d614e40d1a391ab,0.057,,,
4121,2026-05-21,SZ002074,-0.002540953157316907,EXP_LGBModel_Alpha158_csi300_custom_step0_s_20260521_18,74f7e0be47ea43279d614e40d1a391ab,0.057,,,
4122,2026-05-21,SZ002142,0.0024289609893897836,EXP_LGBModel_Alpha158_csi300_custom_step0_s_20260521_18,74f7e0be47ea43279d614e40d1a391ab,0.057,,,
4123,2026-05-21,SZ002179,-0.002540953157316907,EXP_LGBModel_Alpha158_csi300_custom_step0_s_20260521_18,74f7e0be47ea43279d614e40d1a391ab,0.057,,,
4124,2026-05-21,SZ002230,-3.0446986463688705e-10,EXP_LGBModel_Alpha158_csi300_custom_step0_s_20260521_18,74f7e0be47ea43279d614e40d1a391ab,0.057,,,
4125,2026-05-21,SZ002236,0.0024289609893897836,EXP_LGBModel_Alpha158_csi300_custom_step0_s_20260521_18,74f7e0be47ea43279d614e40d1a391ab,0.057,,,
4126,2026-05-21,SZ002241,0.0024289609893897836,EXP_LGBModel_Alpha158_csi300_custom_step0_s_20260521_18,74f7e0be47ea43279d614e40d1a391ab,0.057,,,
4127,2026-05-21,SZ002252,-0.0017501426207716044,EXP_LGBModel_Alpha158_csi300_custom_step0_s_20260521_18,74f7e0be47ea43279d614e40d1a391ab,0.057,,,
4128,2026-05-21,SZ002304,-0.0017501426207716044,EXP_LGBModel_Alpha158_csi300_custom_step0_s_20260521_18,74f7e0be47ea43279d614e40d1a391ab,0.057,,,
4129,2026-05-21,SZ002311,-0.002540953157316907,EXP_LGBModel_Alpha158_csi300_custom_step0_s_20260521_18,74f7e0be47ea43279d614e40d1a391ab,0.057,,,
4130,2026-05-21,SZ002352,-3.0446986463688705e-10,EXP_LGBModel_Alpha158_csi300_custom_step0_s_20260521_18,74f7e0be47ea43279d614e40d1a391ab,0.057,,,
4131,2026-05-21,SZ002625,-0.002540953157316907,EXP_LGBModel_Alpha158_csi300_custom_step0_s_20260521_18,74f7e0be47ea43279d614e40d1a391ab,0.057,,,
4132,2026-05-21,SZ002601,-3.0446986463688705e-10,EXP_LGBModel_Alpha158_csi300_custom_step0_s_20260521_18,74f7e0be47ea43279d614e40d1a391ab,0.057,,,
4133,2026-05-21,SZ002600,-0.002540953157316907,EXP_LGBModel_Alpha158_csi300_custom_step0_s_20260521_18,74f7e0be47ea43279d614e40d1a391ab,0.057,,,
4134,2026-05-21,SZ002594,-0.002540953157316907,EXP_LGBModel_Alpha158_csi300_custom_step0_s_20260521_18,74f7e0be47ea43279d614e40d1a391ab,0.057,,,
4135,2026-05-21,SZ002493,-0.002540953157316907,EXP_LGBModel_Alpha158_csi300_custom_step0_s_20260521_18,74f7e0be47ea43279d614e40d1a391ab,0.057,,,
4136,2026-05-21,SZ002475,0.004134268285429812,EXP_LGBModel_Alpha158_csi300_custom_step0_s_20260521_18,74f7e0be47ea43279d614e40d1a391ab,0.057,,,
4137,2026-05-21,SZ002709,0.004134268285429812,EXP_LGBModel_Alpha158_csi300_custom_step0_s_20260521_18,74f7e0be47ea43279d614e40d1a391ab,0.057,,,
4138,2026-05-21,SZ002466,0.004134268285429812,EXP_LGBModel_Alpha158_csi300_custom_step0_s_20260521_18,74f7e0be47ea43279d614e40d1a391ab,0.057,,,
4139,2026-05-21,SZ002460,-0.002540953157316907,EXP_LGBModel_Alpha158_csi300_custom_step0_s_20260521_18,74f7e0be47ea43279d614e40d1a391ab,0.057,,,
4140,2026-05-21,SZ002459,-0.002540953157316907,EXP_LGBModel_Alpha158_csi300_custom_step0_s_20260521_18,74f7e0be47ea43279d614e40d1a391ab,0.057,,,
4141,2026-05-21,SZ002422,-0.002540953157316907,EXP_LGBModel_Alpha158_csi300_custom_step0_s_20260521_18,74f7e0be47ea43279d614e40d1a391ab,0.057,,,
4142,2026-05-21,SZ002415,-0.002540953157316907,EXP_LGBModel_Alpha158_csi300_custom_step0_s_20260521_18,74f7e0be47ea43279d614e40d1a391ab,0.057,,,
4143,2026-05-21,SZ002384,0.004134268285429812,EXP_LGBModel_Alpha158_csi300_custom_step0_s_20260521_18,74f7e0be47ea43279d614e40d1a391ab,0.057,,,
4144,2026-05-21,SZ002371,-3.0446986463688705e-10,EXP_LGBModel_Alpha158_csi300_custom_step0_s_20260521_18,74f7e0be47ea43279d614e40d1a391ab,0.057,,,
4145,2026-05-21,SZ002463,0.004134268285429812,EXP_LGBModel_Alpha158_csi300_custom_step0_s_20260521_18,74f7e0be47ea43279d614e40d1a391ab,0.057,,,
4146,2026-05-21,SZ300866,-0.002540953157316907,EXP_LGBModel_Alpha158_csi300_custom_step0_s_20260521_18,74f7e0be47ea43279d614e40d1a391ab,0.057,,,
4147,2026-05-21,SZ300896,-0.002540953157316907,EXP_LGBModel_Alpha158_csi300_custom_step0_s_20260521_18,74f7e0be47ea43279d614e40d1a391ab,0.057,,,
4148,2026-05-21,SZ300979,-3.0446986463688705e-10,EXP_LGBModel_Alpha158_csi300_custom_step0_s_20260521_18,74f7e0be47ea43279d614e40d1a391ab,0.057,,,
4149,2026-05-21,SH600188,-0.006281993399009274,EXP_LGBModel_Alpha158_csi300_custom_step0_s_20260521_18,3f88f344925b4bd4a796bb1f4770521b,0.035,,,
4150,2026-05-21,SH600196,-0.006281993399009274,EXP_LGBModel_Alpha158_csi300_custom_step0_s_20260521_18,3f88f344925b4bd4a796bb1f4770521b,0.035,,,
4151,2026-05-21,SH600219,0.007679477132900086,EXP_LGBModel_Alpha158_csi300_custom_step0_s_20260521_18,3f88f344925b4bd4a796bb1f4770521b,0.035,,,
4152,2026-05-21,SH600233,-0.004253845190293496,EXP_LGBModel_Alpha158_csi300_custom_step0_s_20260521_18,3f88f344925b4bd4a796bb1f4770521b,0.035,,,
4153,2026-05-21,SH600276,-0.006281993399009274,EXP_LGBModel_Alpha158_csi300_custom_step0_s_20260521_18,3f88f344925b4bd4a796bb1f4770521b,0.035,,,
4154,2026-05-21,SH600309,-0.004349604850388506,EXP_LGBModel_Alpha158_csi300_custom_step0_s_20260521_18,3f88f344925b4bd4a796bb1f4770521b,0.035,,,
4155,2026-05-21,SH600346,-0.0019323889365303471,EXP_LGBModel_Alpha158_csi300_custom_step0_s_20260521_18,3f88f344925b4bd4a796bb1f4770521b,0.035,,,
4156,2026-05-21,SH600362,-0.0019323889365303471,EXP_LGBModel_Alpha158_csi300_custom_step0_s_20260521_18,3f88f344925b4bd4a796bb1f4770521b,0.035,,,
4157,2026-05-21,SH600372,-0.006281993399009274,EXP_LGBModel_Alpha158_csi300_custom_step0_s_20260521_18,3f88f344925b4bd4a796bb1f4770521b,0.035,,,
4158,2026-05-21,SH600377,0.0025988945426983043,EXP_LGBModel_Alpha158_csi300_custom_step0_s_20260521_18,3f88f344925b4bd4a796bb1f4770521b,0.035,,,
4159,2026-05-21,SH600406,-0.006281993399009274,EXP_LGBModel_Alpha158_csi300_custom_step0_s_20260521_18,3f88f344925b4bd4a796bb1f4770521b,0.035,,,
4160,2026-05-21,SH600415,-0.003960537145246125,EXP_LGBModel_Alpha158_csi300_custom_step0_s_20260521_18,3f88f344925b4bd4a796bb1f4770521b,0.035,,,
4161,2026-05-21,SH600426,-0.004253845190293496,EXP_LGBModel_Alpha158_csi300_custom_step0_s_20260521_18,3f88f344925b4bd4a796bb1f4770521b,0.035,,,
4162,2026-05-21,SH600436,-0.002321456641672729,EXP_LGBModel_Alpha158_csi300_custom_step0_s_20260521_18,3f88f344925b4bd4a796bb1f4770521b,0.035,,,
4163,2026-05-21,SH600438,-0.004253845190293496,EXP_LGBModel_Alpha158_csi300_custom_step0_s_20260521_18,3f88f344925b4bd4a796bb1f4770521b,0.035,,,
4164,2026-05-21,SH600460,-0.006281993399009274,EXP_LGBModel_Alpha158_csi300_custom_step0_s_20260521_18,3f88f344925b4bd4a796bb1f4770521b,0.035,,,
4165,2026-05-21,SH600482,-0.004253845190293496,EXP_LGBModel_Alpha158_csi300_custom_step0_s_20260521_18,3f88f344925b4bd4a796bb1f4770521b,0.035,,,
4166,2026-05-21,SH600741,-0.002321456641672729,EXP_LGBModel_Alpha158_csi300_custom_step0_s_20260521_18,3f88f344925b4bd4a796bb1f4770521b,0.035,,,
4167,2026-05-21,SH600690,-0.002028148596625357,EXP_LGBModel_Alpha158_csi300_custom_step0_s_20260521_18,3f88f344925b4bd4a796bb1f4770521b,0.035,,,
4168,2026-05-21,SH600674,0.0006119818499911297,EXP_LGBModel_Alpha158_csi300_custom_step0_s_20260521_18,3f88f344925b4bd4a796bb1f4770521b,0.035,,,
4169,2026-05-21,SH600660,-3.8790957941350775e-10,EXP_LGBModel_Alpha158_csi300_custom_step0_s_20260521_18,3f88f344925b4bd4a796bb1f4770521b,0.035,,,
4170,2026-05-21,SH600600,0.00032614159080814444,EXP_LGBModel_Alpha158_csi300_custom_step0_s_20260521_18,3f88f344925b4bd4a796bb1f4770521b,0.035,,,
4171,2026-05-21,SH600588,-0.0019323889365303471,EXP_LGBModel_Alpha158_csi300_custom_step0_s_20260521_18,3f88f344925b4bd4a796bb1f4770521b,0.035,,,
4172,2026-05-21,SH600183,0.004857848689415094,EXP_LGBModel_Alpha158_csi300_custom_step0_s_20260521_18,3f88f344925b4bd4a796bb1f4770521b,0.035,,,
4173,2026-05-21,SH600585,-0.005895360349494931,EXP_LGBModel_Alpha158_csi300_custom_step0_s_20260521_18,3f88f344925b4bd4a796bb1f4770521b,0.035,,,
4174,2026-05-21,SH600570,-0.0019323889365303471,EXP_LGBModel_Alpha158_csi300_custom_step0_s_20260521_18,3f88f344925b4bd4a796bb1f4770521b,0.035,,,
4175,2026-05-21,SH600547,0.01570031043456832,EXP_LGBModel_Alpha158_csi300_custom_step0_s_20260521_18,3f88f344925b4bd4a796bb1f4770521b,0.035,,,
4176,2026-05-21,SH600522,0.010842461357243649,EXP_LGBModel_Alpha158_csi300_custom_step0_s_20260521_18,3f88f344925b4bd4a796bb1f4770521b,0.035,,,
4177,2026-05-21,SH600519,-3.8790957941350775e-10,EXP_LGBModel_Alpha158_csi300_custom_step0_s_20260521_18,3f88f344925b4bd4a796bb1f4770521b,0.035,,,
4178,2026-05-21,SH600515,-0.006281993399009274,EXP_LGBModel_Alpha158_csi300_custom_step0_s_20260521_18,3f88f344925b4bd4a796bb1f4770521b,0.035,,,
4179,2026-05-21,SH600489,-0.004253845190293496,EXP_LGBModel_Alpha158_csi300_custom_step0_s_20260521_18,3f88f344925b4bd4a796bb1f4770521b,0.035,,,
4180,2026-05-21,SH600584,-0.004053140317944188,EXP_LGBModel_Alpha158_csi300_custom_step0_s_20260521_18,3f88f344925b4bd4a796bb1f4770521b,0.035,,,
4181,2026-05-21,SH600176,0.007679477132900086,EXP_LGBModel_Alpha158_csi300_custom_step0_s_20260521_18,3f88f344925b4bd4a796bb1f4770521b,0.035,,,
4182,2026-05-21,SH600161,-0.006281993399009274,EXP_LGBModel_Alpha158_csi300_custom_step0_s_20260521_18,3f88f344925b4bd4a796bb1f4770521b,0.035,,,
4183,2026-05-21,SH600160,-0.006281993399009274,EXP_LGBModel_Alpha158_csi300_custom_step0_s_20260521_18,3f88f344925b4bd4a796bb1f4770521b,0.035,,,
4184,2026-05-21,SH600025,-0.002642415772069854,EXP_LGBModel_Alpha158_csi300_custom_step0_s_20260521_18,3f88f344925b4bd4a796bb1f4770521b,0.035,,,
4185,2026-05-21,SH600023,-0.006281993399009274,EXP_LGBModel_Alpha158_csi300_custom_step0_s_20260521_18,3f88f344925b4bd4a796bb1f4770521b,0.035,,,
4186,2026-05-21,SH600019,-0.004253845190293496,EXP_LGBModel_Alpha158_csi300_custom_step0_s_20260521_18,3f88f344925b4bd4a796bb1f4770521b,0.035,,,
4187,2026-05-21,SH600018,-3.8790957941350775e-10,EXP_LGBModel_Alpha158_csi300_custom_step0_s_20260521_18,3f88f344925b4bd4a796bb1f4770521b,0.035,,,
4188,2026-05-21,SH600016,-0.0006142675633540762,EXP_LGBModel_Alpha158_csi300_custom_step0_s_20260521_18,3f88f344925b4bd4a796bb1f4770521b,0.035,,,
4189,2026-05-21,SH600015,0.0016584853885360836,EXP_LGBModel_Alpha158_csi300_custom_step0_s_20260521_18,3f88f344925b4bd4a796bb1f4770521b,0.035,,,
4190,2026-05-21,SH600026,-0.0019323889365303471,EXP_LGBModel_Alpha158_csi300_custom_step0_s_20260521_18,3f88f344925b4bd4a796bb1f4770521b,0.035,,,
4191,2026-05-21,SH600011,-0.006281993399009274,EXP_LGBModel_Alpha158_csi300_custom_step0_s_20260521_18,3f88f344925b4bd4a796bb1f4770521b,0.035,,,
4192,2026-05-21,SH600009,-0.004349604850388506,EXP_LGBModel_Alpha158_csi300_custom_step0_s_20260521_18,3f88f344925b4bd4a796bb1f4770521b,0.035,,,
4193,2026-05-21,SH600000,-0.0006142675633540762,EXP_LGBModel_Alpha158_csi300_custom_step0_s_20260521_18,3f88f344925b4bd4a796bb1f4770521b,0.035,,,
4194,2026-05-21,SZ302132,-0.002540953157316907,EXP_LGBModel_Alpha158_csi300_custom_step0_s_20260521_18,74f7e0be47ea43279d614e40d1a391ab,0.057,,,
4195,2026-05-21,SZ301269,-3.0446986463688705e-10,EXP_LGBModel_Alpha158_csi300_custom_step0_s_20260521_18,74f7e0be47ea43279d614e40d1a391ab,0.057,,,
4196,2026-05-21,SZ301236,-0.002540953157316907,EXP_LGBModel_Alpha158_csi300_custom_step0_s_20260521_18,74f7e0be47ea43279d614e40d1a391ab,0.057,,,
4197,2026-05-21,SZ300999,-0.002540953157316907,EXP_LGBModel_Alpha158_csi300_custom_step0_s_20260521_18,74f7e0be47ea43279d614e40d1a391ab,0.057,,,
4198,2026-05-21,SH600010,-0.006281993399009274,EXP_LGBModel_Alpha158_csi300_custom_step0_s_20260521_18,3f88f344925b4bd4a796bb1f4770521b,0.035,,,
4199,2026-05-21,SZ000596,-0.006281993399009274,EXP_LGBModel_Alpha158_csi300_custom_step0_s_20260521_18,3f88f344925b4bd4a796bb1f4770521b,0.035,,,
4200,2026-05-21,SH600027,-0.006281993399009274,EXP_LGBModel_Alpha158_csi300_custom_step0_s_20260521_18,3f88f344925b4bd4a796bb1f4770521b,0.035,,,
4201,2026-05-21,SH600029,-0.0019323889365303471,EXP_LGBModel_Alpha158_csi300_custom_step0_s_20260521_18,3f88f344925b4bd4a796bb1f4770521b,0.035,,,
4202,2026-05-21,SH600150,0.01570031043456832,EXP_LGBModel_Alpha158_csi300_custom_step0_s_20260521_18,3f88f344925b4bd4a796bb1f4770521b,0.035,,,
4203,2026-05-21,SH600115,-0.0019323889365303471,EXP_LGBModel_Alpha158_csi300_custom_step0_s_20260521_18,3f88f344925b4bd4a796bb1f4770521b,0.035,,,
4204,2026-05-21,SH600111,-0.006281993399009274,EXP_LGBModel_Alpha158_csi300_custom_step0_s_20260521_18,3f88f344925b4bd4a796bb1f4770521b,0.035,,,
4205,2026-05-21,SH600104,-0.005895360349494931,EXP_LGBModel_Alpha158_csi300_custom_step0_s_20260521_18,3f88f344925b4bd4a796bb1f4770521b,0.035,,,
4206,2026-05-21,SH600089,-0.006281993399009274,EXP_LGBModel_Alpha158_csi300_custom_step0_s_20260521_18,3f88f344925b4bd4a796bb1f4770521b,0.035,,,
4207,2026-05-21,SH600085,-0.001641515547111014,EXP_LGBModel_Alpha158_csi300_custom_step0_s_20260521_18,3f88f344925b4bd4a796bb1f4770521b,0.035,,,
4208,2026-05-21,SH600028,-3.8790957941350775e-10,EXP_LGBModel_Alpha158_csi300_custom_step0_s_20260521_18,3f88f344925b4bd4a796bb1f4770521b,0.035,,,
4209,2026-05-21,SH600066,-0.0019323889365303471,EXP_LGBModel_Alpha158_csi300_custom_step0_s_20260521_18,3f88f344925b4bd4a796bb1f4770521b,0.035,,,
4210,2026-05-21,SH600050,-0.006281993399009274,EXP_LGBModel_Alpha158_csi300_custom_step0_s_20260521_18,3f88f344925b4bd4a796bb1f4770521b,0.035,,,
4211,2026-05-21,SH600048,-0.006281993399009274,EXP_LGBModel_Alpha158_csi300_custom_step0_s_20260521_18,3f88f344925b4bd4a796bb1f4770521b,0.035,,,
4212,2026-05-21,SH600039,-3.8790957941350775e-10,EXP_LGBModel_Alpha158_csi300_custom_step0_s_20260521_18,3f88f344925b4bd4a796bb1f4770521b,0.035,,,
4213,2026-05-21,SH600036,-0.0006142675633540762,EXP_LGBModel_Alpha158_csi300_custom_step0_s_20260521_18,3f88f344925b4bd4a796bb1f4770521b,0.035,,,
4214,2026-05-21,SH600031,-0.006281993399009274,EXP_LGBModel_Alpha158_csi300_custom_step0_s_20260521_18,3f88f344925b4bd4a796bb1f4770521b,0.035,,,
4215,2026-05-21,SH600030,-0.003960537145246125,EXP_LGBModel_Alpha158_csi300_custom_step0_s_20260521_18,3f88f344925b4bd4a796bb1f4770521b,0.035,,,
4216,2026-05-21,SH600061,-0.006281993399009274,EXP_LGBModel_Alpha158_csi300_custom_step0_s_20260521_18,3f88f344925b4bd4a796bb1f4770521b,0.035,,,
4217,2026-05-21,SZ000617,-0.003960537145246125,EXP_LGBModel_Alpha158_csi300_custom_step0_s_20260521_18,3f88f344925b4bd4a796bb1f4770521b,0.035,,,
4218,2026-05-21,SZ000625,-0.004349604850388506,EXP_LGBModel_Alpha158_csi300_custom_step0_s_20260521_18,3f88f344925b4bd4a796bb1f4770521b,0.035,,,
4219,2026-05-21,SZ000630,-0.004253845190293496,EXP_LGBModel_Alpha158_csi300_custom_step0_s_20260521_18,3f88f344925b4bd4a796bb1f4770521b,0.035,,,
4220,2026-05-21,SH601006,-0.005948036391188016,EXP_LGBModel_Alpha158_csi300_custom_step0_s_20260521_18,03a2a379744b4579b0f291e49956f6df,0.043,,,
4221,2026-05-21,SH601009,-0.049803162978175275,EXP_LGBModel_Alpha158_csi300_custom_step0_s_20260521_18,03a2a379744b4579b0f291e49956f6df,0.043,,,
4222,2026-05-21,SH601012,0.006072924675373322,EXP_LGBModel_Alpha158_csi300_custom_step0_s_20260521_18,03a2a379744b4579b0f291e49956f6df,0.043,,,
4223,2026-05-21,SH601018,-0.0069214713165609894,EXP_LGBModel_Alpha158_csi300_custom_step0_s_20260521_18,03a2a379744b4579b0f291e49956f6df,0.043,,,
4224,2026-05-21,SH601021,-0.02069774761907718,EXP_LGBModel_Alpha158_csi300_custom_step0_s_20260521_18,03a2a379744b4579b0f291e49956f6df,0.043,,,
4225,2026-05-21,SH601058,0.029367227427512046,EXP_LGBModel_Alpha158_csi300_custom_step0_s_20260521_18,03a2a379744b4579b0f291e49956f6df,0.043,,,
4226,2026-05-21,SH601059,-0.027967158949149112,EXP_LGBModel_Alpha158_csi300_custom_step0_s_20260521_18,03a2a379744b4579b0f291e49956f6df,0.043,,,
4227,2026-05-21,SH601066,0.0071597665383192795,EXP_LGBModel_Alpha158_csi300_custom_step0_s_20260521_18,03a2a379744b4579b0f291e49956f6df,0.043,,,
4228,2026-05-21,SH601077,-0.05834527709744853,EXP_LGBModel_Alpha158_csi300_custom_step0_s_20260521_18,03a2a379744b4579b0f291e49956f6df,0.043,,,
4229,2026-05-21,SH601088,-0.05989423761663718,EXP_LGBModel_Alpha158_csi300_custom_step0_s_20260521_18,03a2a379744b4579b0f291e49956f6df,0.043,,,
4230,2026-05-21,SH601100,0.016996045863895796,EXP_LGBModel_Alpha158_csi300_custom_step0_s_20260521_18,03a2a379744b4579b0f291e49956f6df,0.043,,,
4231,2026-05-21,SH601111,-0.00010554293320053456,EXP_LGBModel_Alpha158_csi300_custom_step0_s_20260521_18,03a2a379744b4579b0f291e49956f6df,0.043,,,
4232,2026-05-21,SH601117,-0.01971926402544707,EXP_LGBModel_Alpha158_csi300_custom_step0_s_20260521_18,03a2a379744b4579b0f291e49956f6df,0.043,,,
4233,2026-05-21,SH601127,-0.020891355870595697,EXP_LGBModel_Alpha158_csi300_custom_step0_s_20260521_18,03a2a379744b4579b0f291e49956f6df,0.043,,,
4234,2026-05-21,SH601136,-0.005040645710956619,EXP_LGBModel_Alpha158_csi300_custom_step0_s_20260521_18,03a2a379744b4579b0f291e49956f6df,0.043,,,
4235,2026-05-21,SH601138,0.0028450231683943865,EXP_LGBModel_Alpha158_csi300_custom_step0_s_20260521_18,03a2a379744b4579b0f291e49956f6df,0.043,,,
4236,2026-05-21,SH601166,-0.05684059697520151,EXP_LGBModel_Alpha158_csi300_custom_step0_s_20260521_18,03a2a379744b4579b0f291e49956f6df,0.043,,,
4237,2026-05-21,SH601360,0.0020041250292964913,EXP_LGBModel_Alpha158_csi300_custom_step0_s_20260521_18,03a2a379744b4579b0f291e49956f6df,0.043,,,
4238,2026-05-21,SH601336,0.002793026746390142,EXP_LGBModel_Alpha158_csi300_custom_step0_s_20260521_18,03a2a379744b4579b0f291e49956f6df,0.043,,,
4239,2026-05-21,SH601328,-0.030866392833627163,EXP_LGBModel_Alpha158_csi300_custom_step0_s_20260521_18,03a2a379744b4579b0f291e49956f6df,0.043,,,
4240,2026-05-21,SH601319,0.005821624157507484,EXP_LGBModel_Alpha158_csi300_custom_step0_s_20260521_18,03a2a379744b4579b0f291e49956f6df,0.043,,,
4241,2026-05-21,SH601318,-0.015384867982031931,EXP_LGBModel_Alpha158_csi300_custom_step0_s_20260521_18,03a2a379744b4579b0f291e49956f6df,0.043,,,
4242,2026-05-21,SH601298,0.013611114304442578,EXP_LGBModel_Alpha158_csi300_custom_step0_s_20260521_18,03a2a379744b4579b0f291e49956f6df,0.043,,,
4243,2026-05-21,SH600999,-0.012340636625766056,EXP_LGBModel_Alpha158_csi300_custom_step0_s_20260521_18,03a2a379744b4579b0f291e49956f6df,0.043,,,
4244,2026-05-21,SH601288,0.021667932701334474,EXP_LGBModel_Alpha158_csi300_custom_step0_s_20260521_18,03a2a379744b4579b0f291e49956f6df,0.043,,,
4245,2026-05-21,SH601236,-0.006557595847141508,EXP_LGBModel_Alpha158_csi300_custom_step0_s_20260521_18,03a2a379744b4579b0f291e49956f6df,0.043,,,
4246,2026-05-21,SH601229,-0.020779833219448398,EXP_LGBModel_Alpha158_csi300_custom_step0_s_20260521_18,03a2a379744b4579b0f291e49956f6df,0.043,,,
4247,2026-05-21,SH601225,-0.0549232863549914,EXP_LGBModel_Alpha158_csi300_custom_step0_s_20260521_18,03a2a379744b4579b0f291e49956f6df,0.043,,,
4248,2026-05-21,SH601211,-0.02093934203535878,EXP_LGBModel_Alpha158_csi300_custom_step0_s_20260521_18,03a2a379744b4579b0f291e49956f6df,0.043,,,
4249,2026-05-21,SH601186,-0.022914352955608244,EXP_LGBModel_Alpha158_csi300_custom_step0_s_20260521_18,03a2a379744b4579b0f291e49956f6df,0.043,,,
4250,2026-05-21,SH601169,-0.022735709134804005,EXP_LGBModel_Alpha158_csi300_custom_step0_s_20260521_18,03a2a379744b4579b0f291e49956f6df,0.043,,,
4251,2026-05-21,SH601238,-0.0016337146125551586,EXP_LGBModel_Alpha158_csi300_custom_step0_s_20260521_18,03a2a379744b4579b0f291e49956f6df,0.043,,,
4252,2026-05-21,SH601377,-0.008085636973694013,EXP_LGBModel_Alpha158_csi300_custom_step0_s_20260521_18,03a2a379744b4579b0f291e49956f6df,0.043,,,
4253,2026-05-21,SH600989,0.018486879980469148,EXP_LGBModel_Alpha158_csi300_custom_step0_s_20260521_18,03a2a379744b4579b0f291e49956f6df,0.043,,,
4254,2026-05-21,SH600941,-0.011348079703849124,EXP_LGBModel_Alpha158_csi300_custom_step0_s_20260521_18,03a2a379744b4579b0f291e49956f6df,0.043,,,
4255,2026-05-21,SH600482,0.004089519862665398,EXP_LGBModel_Alpha158_csi300_custom_step0_s_20260521_18,03a2a379744b4579b0f291e49956f6df,0.043,,,
4256,2026-05-21,SH600489,0.0029803894508058397,EXP_LGBModel_Alpha158_csi300_custom_step0_s_20260521_18,03a2a379744b4579b0f291e49956f6df,0.043,,,
4257,2026-05-21,SH600515,-0.013151472390747234,EXP_LGBModel_Alpha158_csi300_custom_step0_s_20260521_18,03a2a379744b4579b0f291e49956f6df,0.043,,,
4258,2026-05-21,SH600519,-0.023866073435125666,EXP_LGBModel_Alpha158_csi300_custom_step0_s_20260521_18,03a2a379744b4579b0f291e49956f6df,0.043,,,
4259,2026-05-21,SH600522,0.02922275037308099,EXP_LGBModel_Alpha158_csi300_custom_step0_s_20260521_18,03a2a379744b4579b0f291e49956f6df,0.043,,,
4260,2026-05-21,SH600547,0.004724096682261357,EXP_LGBModel_Alpha158_csi300_custom_step0_s_20260521_18,03a2a379744b4579b0f291e49956f6df,0.043,,,
4261,2026-05-21,SH600570,0.008672643314022807,EXP_LGBModel_Alpha158_csi300_custom_step0_s_20260521_18,03a2a379744b4579b0f291e49956f6df,0.043,,,
4262,2026-05-21,SH600584,-0.010637124600046951,EXP_LGBModel_Alpha158_csi300_custom_step0_s_20260521_18,03a2a379744b4579b0f291e49956f6df,0.043,,,
4263,2026-05-21,SH600585,-0.011434373198529024,EXP_LGBModel_Alpha158_csi300_custom_step0_s_20260521_18,03a2a379744b4579b0f291e49956f6df,0.043,,,
4264,2026-05-21,SH600588,-0.00555914983482833,EXP_LGBModel_Alpha158_csi300_custom_step0_s_20260521_18,03a2a379744b4579b0f291e49956f6df,0.043,,,
4265,2026-05-21,SH600600,-0.05781268988694107,EXP_LGBModel_Alpha158_csi300_custom_step0_s_20260521_18,03a2a379744b4579b0f291e49956f6df,0.043,,,
4266,2026-05-21,SH600660,-0.012115070473580384,EXP_LGBModel_Alpha158_csi300_custom_step0_s_20260521_18,03a2a379744b4579b0f291e49956f6df,0.043,,,
4267,2026-05-21,SH600674,-0.014664777774072055,EXP_LGBModel_Alpha158_csi300_custom_step0_s_20260521_18,03a2a379744b4579b0f291e49956f6df,0.043,,,
4268,2026-05-21,SH600690,-0.02372061182098041,EXP_LGBModel_Alpha158_csi300_custom_step0_s_20260521_18,03a2a379744b4579b0f291e49956f6df,0.043,,,
4269,2026-05-21,SH600741,0.01581285400751719,EXP_LGBModel_Alpha158_csi300_custom_step0_s_20260521_18,03a2a379744b4579b0f291e49956f6df,0.043,,,
4270,2026-05-21,SH600760,-0.027103642982750187,EXP_LGBModel_Alpha158_csi300_custom_step0_s_20260521_18,03a2a379744b4579b0f291e49956f6df,0.043,,,
4271,2026-05-21,SH600795,0.0265021656561862,EXP_LGBModel_Alpha158_csi300_custom_step0_s_20260521_18,03a2a379744b4579b0f291e49956f6df,0.043,,,
4272,2026-05-21,SH600938,-0.0007051057867738011,EXP_LGBModel_Alpha158_csi300_custom_step0_s_20260521_18,03a2a379744b4579b0f291e49956f6df,0.043,,,
4273,2026-05-21,SH600930,-0.0017540618560542517,EXP_LGBModel_Alpha158_csi300_custom_step0_s_20260521_18,03a2a379744b4579b0f291e49956f6df,0.043,,,
4274,2026-05-21,SH600926,-0.048807904699224545,EXP_LGBModel_Alpha158_csi300_custom_step0_s_20260521_18,03a2a379744b4579b0f291e49956f6df,0.043,,,
4275,2026-05-21,SH600919,0.02110967568155112,EXP_LGBModel_Alpha158_csi300_custom_step0_s_20260521_18,03a2a379744b4579b0f291e49956f6df,0.043,,,
4276,2026-05-21,SH600918,-0.0066031928309198615,EXP_LGBModel_Alpha158_csi300_custom_step0_s_20260521_18,03a2a379744b4579b0f291e49956f6df,0.043,,,
4277,2026-05-21,SH600905,-0.04010053304312021,EXP_LGBModel_Alpha158_csi300_custom_step0_s_20260521_18,03a2a379744b4579b0f291e49956f6df,0.043,,,
4278,2026-05-21,SH600958,0.018958061945212445,EXP_LGBModel_Alpha158_csi300_custom_step0_s_20260521_18,03a2a379744b4579b0f291e49956f6df,0.043,,,
4279,2026-05-21,SH600900,-0.02291031692396718,EXP_LGBModel_Alpha158_csi300_custom_step0_s_20260521_18,03a2a379744b4579b0f291e49956f6df,0.043,,,
4280,2026-05-21,SH600887,-0.015111561531982703,EXP_LGBModel_Alpha158_csi300_custom_step0_s_20260521_18,03a2a379744b4579b0f291e49956f6df,0.043,,,
4281,2026-05-21,SH600886,0.014725550912272857,EXP_LGBModel_Alpha158_csi300_custom_step0_s_20260521_18,03a2a379744b4579b0f291e49956f6df,0.043,,,
4282,2026-05-21,SH600875,0.001036429314504493,EXP_LGBModel_Alpha158_csi300_custom_step0_s_20260521_18,03a2a379744b4579b0f291e49956f6df,0.043,,,
4283,2026-05-21,SH600845,-0.003119584588548499,EXP_LGBModel_Alpha158_csi300_custom_step0_s_20260521_18,03a2a379744b4579b0f291e49956f6df,0.043,,,
4284,2026-05-21,SH600809,0.02029751989562105,EXP_LGBModel_Alpha158_csi300_custom_step0_s_20260521_18,03a2a379744b4579b0f291e49956f6df,0.043,,,
4285,2026-05-21,SH600803,-0.041468544426549646,EXP_LGBModel_Alpha158_csi300_custom_step0_s_20260521_18,03a2a379744b4579b0f291e49956f6df,0.043,,,
4286,2026-05-21,SH600893,-0.026469543885746162,EXP_LGBModel_Alpha158_csi300_custom_step0_s_20260521_18,03a2a379744b4579b0f291e49956f6df,0.043,,,
4287,2026-05-21,SH601390,-0.005396785235248818,EXP_LGBModel_Alpha158_csi300_custom_step0_s_20260521_18,03a2a379744b4579b0f291e49956f6df,0.043,,,
4288,2026-05-21,SH601398,-0.04005130960222105,EXP_LGBModel_Alpha158_csi300_custom_step0_s_20260521_18,03a2a379744b4579b0f291e49956f6df,0.043,,,
4289,2026-05-21,SH601456,-0.0016674879214949863,EXP_LGBModel_Alpha158_csi300_custom_step0_s_20260521_18,03a2a379744b4579b0f291e49956f6df,0.043,,,
4290,2026-05-21,SH601995,0.025102678384885276,EXP_LGBModel_Alpha158_csi300_custom_step0_s_20260521_18,03a2a379744b4579b0f291e49956f6df,0.043,,,
4291,2026-05-21,SH601998,-0.0067996653635065355,EXP_LGBModel_Alpha158_csi300_custom_step0_s_20260521_18,03a2a379744b4579b0f291e49956f6df,0.043,,,
4292,2026-05-21,SH603019,0.003920011626806826,EXP_LGBModel_Alpha158_csi300_custom_step0_s_20260521_18,03a2a379744b4579b0f291e49956f6df,0.043,,,
4293,2026-05-21,SH603195,0.01036904074245692,EXP_LGBModel_Alpha158_csi300_custom_step0_s_20260521_18,03a2a379744b4579b0f291e49956f6df,0.043,,,
4294,2026-05-21,SH603259,0.036801794751379305,EXP_LGBModel_Alpha158_csi300_custom_step0_s_20260521_18,03a2a379744b4579b0f291e49956f6df,0.043,,,
4295,2026-05-21,SH603260,-0.012781210055253227,EXP_LGBModel_Alpha158_csi300_custom_step0_s_20260521_18,03a2a379744b4579b0f291e49956f6df,0.043,,,
4296,2026-05-21,SH603288,0.002722829657605274,EXP_LGBModel_Alpha158_csi300_custom_step0_s_20260521_18,03a2a379744b4579b0f291e49956f6df,0.043,,,
4297,2026-05-21,SH603296,0.0012519535132209454,EXP_LGBModel_Alpha158_csi300_custom_step0_s_20260521_18,03a2a379744b4579b0f291e49956f6df,0.043,,,
4298,2026-05-21,SH603369,0.046673034920461993,EXP_LGBModel_Alpha158_csi300_custom_step0_s_20260521_18,03a2a379744b4579b0f291e49956f6df,0.043,,,
4299,2026-05-21,SH603392,-0.011774658388764878,EXP_LGBModel_Alpha158_csi300_custom_step0_s_20260521_18,03a2a379744b4579b0f291e49956f6df,0.043,,,
4300,2026-05-21,SH603501,0.026924531924271338,EXP_LGBModel_Alpha158_csi300_custom_step0_s_20260521_18,03a2a379744b4579b0f291e49956f6df,0.043,,,
4301,2026-05-21,SH603799,0.002172347112612053,EXP_LGBModel_Alpha158_csi300_custom_step0_s_20260521_18,03a2a379744b4579b0f291e49956f6df,0.043,,,
4302,2026-05-21,SH603893,-0.009114554262067821,EXP_LGBModel_Alpha158_csi300_custom_step0_s_20260521_18,03a2a379744b4579b0f291e49956f6df,0.043,,,
4303,2026-05-21,SH603986,-0.019230884156485717,EXP_LGBModel_Alpha158_csi300_custom_step0_s_20260521_18,03a2a379744b4579b0f291e49956f6df,0.043,,,
4304,2026-05-21,SH603993,0.0003901072128686291,EXP_LGBModel_Alpha158_csi300_custom_step0_s_20260521_18,03a2a379744b4579b0f291e49956f6df,0.043,,,
4305,2026-05-21,SH605117,0.07034827143480157,EXP_LGBModel_Alpha158_csi300_custom_step0_s_20260521_18,03a2a379744b4579b0f291e49956f6df,0.043,,,
4306,2026-05-21,SH605499,0.006997535039856652,EXP_LGBModel_Alpha158_csi300_custom_step0_s_20260521_18,03a2a379744b4579b0f291e49956f6df,0.043,,,
4307,2026-05-21,SH688271,-0.015885107220459146,EXP_LGBModel_Alpha158_csi300_custom_step0_s_20260521_18,03a2a379744b4579b0f291e49956f6df,0.043,,,
4308,2026-05-21,SH688256,0.0342841316372372,EXP_LGBModel_Alpha158_csi300_custom_step0_s_20260521_18,03a2a379744b4579b0f291e49956f6df,0.043,,,
4309,2026-05-21,SH688223,0.0005941830079241564,EXP_LGBModel_Alpha158_csi300_custom_step0_s_20260521_18,03a2a379744b4579b0f291e49956f6df,0.043,,,
4310,2026-05-21,SH688187,-0.0027855548488476475,EXP_LGBModel_Alpha158_csi300_custom_step0_s_20260521_18,03a2a379744b4579b0f291e49956f6df,0.043,,,
4311,2026-05-21,SH688169,0.044157084941989,EXP_LGBModel_Alpha158_csi300_custom_step0_s_20260521_18,03a2a379744b4579b0f291e49956f6df,0.043,,,
4312,2026-05-21,SH688126,-0.023769793174720028,EXP_LGBModel_Alpha158_csi300_custom_step0_s_20260521_18,03a2a379744b4579b0f291e49956f6df,0.043,,,
4313,2026-05-21,SH601988,-0.04593231398250091,EXP_LGBModel_Alpha158_csi300_custom_step0_s_20260521_18,03a2a379744b4579b0f291e49956f6df,0.043,,,
4314,2026-05-21,SH688111,0.005591623046275252,EXP_LGBModel_Alpha158_csi300_custom_step0_s_20260521_18,03a2a379744b4579b0f291e49956f6df,0.043,,,
4315,2026-05-21,SH688047,0.059946163897971194,EXP_LGBModel_Alpha158_csi300_custom_step0_s_20260521_18,03a2a379744b4579b0f291e49956f6df,0.043,,,
4316,2026-05-21,SH688041,0.05045102846400864,EXP_LGBModel_Alpha158_csi300_custom_step0_s_20260521_18,03a2a379744b4579b0f291e49956f6df,0.043,,,
4317,2026-05-21,SH688036,0.008528740175815525,EXP_LGBModel_Alpha158_csi300_custom_step0_s_20260521_18,03a2a379744b4579b0f291e49956f6df,0.043,,,
4318,2026-05-21,SH688012,-0.028956721964704227,EXP_LGBModel_Alpha158_csi300_custom_step0_s_20260521_18,03a2a379744b4579b0f291e49956f6df,0.043,,,
4319,2026-05-21,SH688009,-0.007424966171286685,EXP_LGBModel_Alpha158_csi300_custom_step0_s_20260521_18,03a2a379744b4579b0f291e49956f6df,0.043,,,
4320,2026-05-21,SH688008,-0.00941711560979051,EXP_LGBModel_Alpha158_csi300_custom_step0_s_20260521_18,03a2a379744b4579b0f291e49956f6df,0.043,,,
4321,2026-05-21,SH688082,-0.03248568707065987,EXP_LGBModel_Alpha158_csi300_custom_step0_s_20260521_18,03a2a379744b4579b0f291e49956f6df,0.043,,,
4322,2026-05-21,SH601985,-0.011291663652248844,EXP_LGBModel_Alpha158_csi300_custom_step0_s_20260521_18,03a2a379744b4579b0f291e49956f6df,0.043,,,
4323,2026-05-21,SH601939,0.019112719070327876,EXP_LGBModel_Alpha158_csi300_custom_step0_s_20260521_18,03a2a379744b4579b0f291e49956f6df,0.043,,,
4324,2026-05-21,SH601919,-0.03889824043698371,EXP_LGBModel_Alpha158_csi300_custom_step0_s_20260521_18,03a2a379744b4579b0f291e49956f6df,0.043,,,
4325,2026-05-21,SH601766,-0.034562266609315,EXP_LGBModel_Alpha158_csi300_custom_step0_s_20260521_18,03a2a379744b4579b0f291e49956f6df,0.043,,,
4326,2026-05-21,SH601728,-0.005526120088067461,EXP_LGBModel_Alpha158_csi300_custom_step0_s_20260521_18,03a2a379744b4579b0f291e49956f6df,0.043,,,
4327,2026-05-21,SH601698,-0.0024461546650469306,EXP_LGBModel_Alpha158_csi300_custom_step0_s_20260521_18,03a2a379744b4579b0f291e49956f6df,0.043,,,
4328,2026-05-21,SH601689,0.06283736412768835,EXP_LGBModel_Alpha158_csi300_custom_step0_s_20260521_18,03a2a379744b4579b0f291e49956f6df,0.043,,,
4329,2026-05-21,SH601688,0.0261986817419964,EXP_LGBModel_Alpha158_csi300_custom_step0_s_20260521_18,03a2a379744b4579b0f291e49956f6df,0.043,,,
4330,2026-05-21,SH601669,0.001524092993639739,EXP_LGBModel_Alpha158_csi300_custom_step0_s_20260521_18,03a2a379744b4579b0f291e49956f6df,0.043,,,
4331,2026-05-21,SH601788,-0.027694033101380355,EXP_LGBModel_Alpha158_csi300_custom_step0_s_20260521_18,03a2a379744b4579b0f291e49956f6df,0.043,,,
4332,2026-05-21,SH601668,-0.05189396437114031,EXP_LGBModel_Alpha158_csi300_custom_step0_s_20260521_18,03a2a379744b4579b0f291e49956f6df,0.043,,,
4333,2026-05-21,SH601633,0.002113923573849171,EXP_LGBModel_Alpha158_csi300_custom_step0_s_20260521_18,03a2a379744b4579b0f291e49956f6df,0.043,,,
4334,2026-05-21,SH601628,-0.012548058546074348,EXP_LGBModel_Alpha158_csi300_custom_step0_s_20260521_18,03a2a379744b4579b0f291e49956f6df,0.043,,,
4335,2026-05-21,SH601618,-0.0244729982864348,EXP_LGBModel_Alpha158_csi300_custom_step0_s_20260521_18,03a2a379744b4579b0f291e49956f6df,0.043,,,
4336,2026-05-21,SH601607,-0.023637628947436803,EXP_LGBModel_Alpha158_csi300_custom_step0_s_20260521_18,03a2a379744b4579b0f291e49956f6df,0.043,,,
4337,2026-05-21,SH601601,0.006607934339553876,EXP_LGBModel_Alpha158_csi300_custom_step0_s_20260521_18,03a2a379744b4579b0f291e49956f6df,0.043,,,
4338,2026-05-21,SH601600,-0.01507042756708714,EXP_LGBModel_Alpha158_csi300_custom_step0_s_20260521_18,03a2a379744b4579b0f291e49956f6df,0.043,,,
4339,2026-05-21,SH601658,-0.026604696935332715,EXP_LGBModel_Alpha158_csi300_custom_step0_s_20260521_18,03a2a379744b4579b0f291e49956f6df,0.043,,,
4340,2026-05-21,SH600460,0.0051948195467141104,EXP_LGBModel_Alpha158_csi300_custom_step0_s_20260521_18,03a2a379744b4579b0f291e49956f6df,0.043,,,
4341,2026-05-21,SH601800,0.00501946872342767,EXP_LGBModel_Alpha158_csi300_custom_step0_s_20260521_18,03a2a379744b4579b0f291e49956f6df,0.043,,,
4342,2026-05-21,SH601816,-0.04971536345841712,EXP_LGBModel_Alpha158_csi300_custom_step0_s_20260521_18,03a2a379744b4579b0f291e49956f6df,0.043,,,
4343,2026-05-21,SH601916,-0.03237618766455958,EXP_LGBModel_Alpha158_csi300_custom_step0_s_20260521_18,03a2a379744b4579b0f291e49956f6df,0.043,,,
4344,2026-05-21,SH601901,0.0027753378383443762,EXP_LGBModel_Alpha158_csi300_custom_step0_s_20260521_18,03a2a379744b4579b0f291e49956f6df,0.043,,,
4345,2026-05-21,SH601899,0.004724096682261357,EXP_LGBModel_Alpha158_csi300_custom_step0_s_20260521_18,03a2a379744b4579b0f291e49956f6df,0.043,,,
4346,2026-05-21,SH601898,0.022775311944587696,EXP_LGBModel_Alpha158_csi300_custom_step0_s_20260521_18,03a2a379744b4579b0f291e49956f6df,0.043,,,
4347,2026-05-21,SH601888,-0.008042742211326673,EXP_LGBModel_Alpha158_csi300_custom_step0_s_20260521_18,03a2a379744b4579b0f291e49956f6df,0.043,,,
4348,2026-05-21,SH601881,0.010697509286464726,EXP_LGBModel_Alpha158_csi300_custom_step0_s_20260521_18,03a2a379744b4579b0f291e49956f6df,0.043,,,
4349,2026-05-21,SH601808,-0.0022445139149980748,EXP_LGBModel_Alpha158_csi300_custom_step0_s_20260521_18,03a2a379744b4579b0f291e49956f6df,0.043,,,
4350,2026-05-21,SH601878,0.006534637349710789,EXP_LGBModel_Alpha158_csi300_custom_step0_s_20260521_18,03a2a379744b4579b0f291e49956f6df,0.043,,,
4351,2026-05-21,SH601872,0.002016843068106441,EXP_LGBModel_Alpha158_csi300_custom_step0_s_20260521_18,03a2a379744b4579b0f291e49956f6df,0.043,,,
4352,2026-05-21,SH601868,-0.008563476419098118,EXP_LGBModel_Alpha158_csi300_custom_step0_s_20260521_18,03a2a379744b4579b0f291e49956f6df,0.043,,,
4353,2026-05-21,SH601857,-0.014682146989255697,EXP_LGBModel_Alpha158_csi300_custom_step0_s_20260521_18,03a2a379744b4579b0f291e49956f6df,0.043,,,
4354,2026-05-21,SH601838,0.011105871104074294,EXP_LGBModel_Alpha158_csi300_custom_step0_s_20260521_18,03a2a379744b4579b0f291e49956f6df,0.043,,,
4355,2026-05-21,SH601825,-0.06502162502793647,EXP_LGBModel_Alpha158_csi300_custom_step0_s_20260521_18,03a2a379744b4579b0f291e49956f6df,0.043,,,
4356,2026-05-21,SH601818,-0.07376359645168745,EXP_LGBModel_Alpha158_csi300_custom_step0_s_20260521_18,03a2a379744b4579b0f291e49956f6df,0.043,,,
4357,2026-05-21,SH601877,-0.015789586505523694,EXP_LGBModel_Alpha158_csi300_custom_step0_s_20260521_18,03a2a379744b4579b0f291e49956f6df,0.043,,,
4358,2026-05-21,SH688396,0.005039534852717022,EXP_LGBModel_Alpha158_csi300_custom_step0_s_20260521_18,03a2a379744b4579b0f291e49956f6df,0.043,,,
4359,2026-05-21,SH600438,-0.004390078719463819,EXP_LGBModel_Alpha158_csi300_custom_step0_s_20260521_18,03a2a379744b4579b0f291e49956f6df,0.043,,,
4360,2026-05-21,SH600426,0.00851156678783116,EXP_LGBModel_Alpha158_csi300_custom_step0_s_20260521_18,03a2a379744b4579b0f291e49956f6df,0.043,,,
4361,2026-05-21,SZ002352,-0.0019323889365303471,EXP_LGBModel_Alpha158_csi300_custom_step0_s_20260521_18,3f88f344925b4bd4a796bb1f4770521b,0.035,,,
4362,2026-05-21,SZ002371,-0.004053140317944188,EXP_LGBModel_Alpha158_csi300_custom_step0_s_20260521_18,3f88f344925b4bd4a796bb1f4770521b,0.035,,,
4363,2026-05-21,SZ002384,0.010842461357243649,EXP_LGBModel_Alpha158_csi300_custom_step0_s_20260521_18,3f88f344925b4bd4a796bb1f4770521b,0.035,,,
4364,2026-05-21,SZ002415,-0.004349604850388506,EXP_LGBModel_Alpha158_csi300_custom_step0_s_20260521_18,3f88f344925b4bd4a796bb1f4770521b,0.035,,,
4365,2026-05-21,SZ002422,-0.006281993399009274,EXP_LGBModel_Alpha158_csi300_custom_step0_s_20260521_18,3f88f344925b4bd4a796bb1f4770521b,0.035,,,
4366,2026-05-21,SZ002459,-0.006281993399009274,EXP_LGBModel_Alpha158_csi300_custom_step0_s_20260521_18,3f88f344925b4bd4a796bb1f4770521b,0.035,,,
4367,2026-05-21,SZ002460,-3.8790957941350775e-10,EXP_LGBModel_Alpha158_csi300_custom_step0_s_20260521_18,3f88f344925b4bd4a796bb1f4770521b,0.035,,,
4368,2026-05-21,SZ002463,0.009707625341615865,EXP_LGBModel_Alpha158_csi300_custom_step0_s_20260521_18,3f88f344925b4bd4a796bb1f4770521b,0.035,,,
4369,2026-05-21,SZ002466,0.010842461357243649,EXP_LGBModel_Alpha158_csi300_custom_step0_s_20260521_18,3f88f344925b4bd4a796bb1f4770521b,0.035,,,
4370,2026-05-21,SZ002475,0.01570031043456832,EXP_LGBModel_Alpha158_csi300_custom_step0_s_20260521_18,3f88f344925b4bd4a796bb1f4770521b,0.035,,,
4371,2026-05-21,SZ002493,-0.004253845190293496,EXP_LGBModel_Alpha158_csi300_custom_step0_s_20260521_18,3f88f344925b4bd4a796bb1f4770521b,0.035,,,
4372,2026-05-21,SZ002594,-0.006281993399009274,EXP_LGBModel_Alpha158_csi300_custom_step0_s_20260521_18,3f88f344925b4bd4a796bb1f4770521b,0.035,,,
4373,2026-05-21,SZ002600,-0.006281993399009274,EXP_LGBModel_Alpha158_csi300_custom_step0_s_20260521_18,3f88f344925b4bd4a796bb1f4770521b,0.035,,,
4374,2026-05-21,SZ002601,-0.004349604850388506,EXP_LGBModel_Alpha158_csi300_custom_step0_s_20260521_18,3f88f344925b4bd4a796bb1f4770521b,0.035,,,
4375,2026-05-21,SZ002625,-0.004349604850388506,EXP_LGBModel_Alpha158_csi300_custom_step0_s_20260521_18,3f88f344925b4bd4a796bb1f4770521b,0.035,,,
4376,2026-05-21,SZ002648,-0.002321456641672729,EXP_LGBModel_Alpha158_csi300_custom_step0_s_20260521_18,3f88f344925b4bd4a796bb1f4770521b,0.035,,,
4377,2026-05-21,SZ002709,0.004857848689415094,EXP_LGBModel_Alpha158_csi300_custom_step0_s_20260521_18,3f88f344925b4bd4a796bb1f4770521b,0.035,,,
4378,2026-05-21,SZ300274,-0.002703566188353369,EXP_LGBModel_Alpha158_csi300_custom_step0_s_20260521_18,3f88f344925b4bd4a796bb1f4770521b,0.035,,,
4379,2026-05-21,SZ300251,0.009707625341615865,EXP_LGBModel_Alpha158_csi300_custom_step0_s_20260521_18,3f88f344925b4bd4a796bb1f4770521b,0.035,,,
4380,2026-05-21,SZ300124,-0.001282384632510386,EXP_LGBModel_Alpha158_csi300_custom_step0_s_20260521_18,3f88f344925b4bd4a796bb1f4770521b,0.035,,,
4381,2026-05-21,SZ300122,-0.006281993399009274,EXP_LGBModel_Alpha158_csi300_custom_step0_s_20260521_18,3f88f344925b4bd4a796bb1f4770521b,0.035,,,
4382,2026-05-21,SZ300059,-0.006281993399009274,EXP_LGBModel_Alpha158_csi300_custom_step0_s_20260521_18,3f88f344925b4bd4a796bb1f4770521b,0.035,,,
4383,2026-05-21,SZ300033,-0.006281993399009274,EXP_LGBModel_Alpha158_csi300_custom_step0_s_20260521_18,3f88f344925b4bd4a796bb1f4770521b,0.035,,,
4384,2026-05-21,SZ002311,-0.006281993399009274,EXP_LGBModel_Alpha158_csi300_custom_step0_s_20260521_18,3f88f344925b4bd4a796bb1f4770521b,0.035,,,
4385,2026-05-21,SZ300015,-0.002028148596625357,EXP_LGBModel_Alpha158_csi300_custom_step0_s_20260521_18,3f88f344925b4bd4a796bb1f4770521b,0.035,,,
4386,2026-05-21,SZ003816,-0.006281993399009274,EXP_LGBModel_Alpha158_csi300_custom_step0_s_20260521_18,3f88f344925b4bd4a796bb1f4770521b,0.035,,,
4387,2026-05-21,SZ002938,-3.8790957941350775e-10,EXP_LGBModel_Alpha158_csi300_custom_step0_s_20260521_18,3f88f344925b4bd4a796bb1f4770521b,0.035,,,
4388,2026-05-21,SZ002920,-0.003960537145246125,EXP_LGBModel_Alpha158_csi300_custom_step0_s_20260521_18,3f88f344925b4bd4a796bb1f4770521b,0.035,,,
4389,2026-05-21,SZ002916,0.01570031043456832,EXP_LGBModel_Alpha158_csi300_custom_step0_s_20260521_18,3f88f344925b4bd4a796bb1f4770521b,0.035,,,
4390,2026-05-21,SZ002736,-0.004253845190293496,EXP_LGBModel_Alpha158_csi300_custom_step0_s_20260521_18,3f88f344925b4bd4a796bb1f4770521b,0.035,,,
4391,2026-05-21,SZ002714,-0.006281993399009274,EXP_LGBModel_Alpha158_csi300_custom_step0_s_20260521_18,3f88f344925b4bd4a796bb1f4770521b,0.035,,,
4392,2026-05-21,SZ300014,-0.004349604850388506,EXP_LGBModel_Alpha158_csi300_custom_step0_s_20260521_18,3f88f344925b4bd4a796bb1f4770521b,0.035,,,
4393,2026-05-21,SZ300308,0.01570031043456832,EXP_LGBModel_Alpha158_csi300_custom_step0_s_20260521_18,3f88f344925b4bd4a796bb1f4770521b,0.035,,,
4394,2026-05-21,SZ002304,-0.003962971800874163,EXP_LGBModel_Alpha158_csi300_custom_step0_s_20260521_18,3f88f344925b4bd4a796bb1f4770521b,0.035,,,
4395,2026-05-21,SZ002241,-0.002642415772069854,EXP_LGBModel_Alpha158_csi300_custom_step0_s_20260521_18,3f88f344925b4bd4a796bb1f4770521b,0.035,,,
4396,2026-05-21,SZ000651,-0.0006142675633540762,EXP_LGBModel_Alpha158_csi300_custom_step0_s_20260521_18,3f88f344925b4bd4a796bb1f4770521b,0.035,,,
4397,2026-05-21,SZ000661,-0.001641515547111014,EXP_LGBModel_Alpha158_csi300_custom_step0_s_20260521_18,3f88f344925b4bd4a796bb1f4770521b,0.035,,,
4398,2026-05-21,SZ000708,-0.004349604850388506,EXP_LGBModel_Alpha158_csi300_custom_step0_s_20260521_18,3f88f344925b4bd4a796bb1f4770521b,0.035,,,
4399,2026-05-21,SZ000725,0.005079859790586587,EXP_LGBModel_Alpha158_csi300_custom_step0_s_20260521_18,3f88f344925b4bd4a796bb1f4770521b,0.035,,,
4400,2026-05-21,SZ000768,-0.006281993399009274,EXP_LGBModel_Alpha158_csi300_custom_step0_s_20260521_18,3f88f344925b4bd4a796bb1f4770521b,0.035,,,
4401,2026-05-21,SZ000776,-0.006281993399009274,EXP_LGBModel_Alpha158_csi300_custom_step0_s_20260521_18,3f88f344925b4bd4a796bb1f4770521b,0.035,,,
4402,2026-05-21,SZ000786,-0.006281993399009274,EXP_LGBModel_Alpha158_csi300_custom_step0_s_20260521_18,3f88f344925b4bd4a796bb1f4770521b,0.035,,,
4403,2026-05-21,SZ000792,-0.002321456641672729,EXP_LGBModel_Alpha158_csi300_custom_step0_s_20260521_18,3f88f344925b4bd4a796bb1f4770521b,0.035,,,
4404,2026-05-21,SZ000807,-3.8790957941350775e-10,EXP_LGBModel_Alpha158_csi300_custom_step0_s_20260521_18,3f88f344925b4bd4a796bb1f4770521b,0.035,,,
4405,2026-05-21,SZ000858,-0.004349604850388506,EXP_LGBModel_Alpha158_csi300_custom_step0_s_20260521_18,3f88f344925b4bd4a796bb1f4770521b,0.035,,,
4406,2026-05-21,SZ000876,-3.8790957941350775e-10,EXP_LGBModel_Alpha158_csi300_custom_step0_s_20260521_18,3f88f344925b4bd4a796bb1f4770521b,0.035,,,
4407,2026-05-21,SZ000895,-0.0006142675633540762,EXP_LGBModel_Alpha158_csi300_custom_step0_s_20260521_18,3f88f344925b4bd4a796bb1f4770521b,0.035,,,
4408,2026-05-21,SZ000938,0.002821628055575413,EXP_LGBModel_Alpha158_csi300_custom_step0_s_20260521_18,3f88f344925b4bd4a796bb1f4770521b,0.035,,,
4409,2026-05-21,SZ000963,-0.005895360349494931,EXP_LGBModel_Alpha158_csi300_custom_step0_s_20260521_18,3f88f344925b4bd4a796bb1f4770521b,0.035,,,
4410,2026-05-21,SZ000975,0.009707625341615865,EXP_LGBModel_Alpha158_csi300_custom_step0_s_20260521_18,3f88f344925b4bd4a796bb1f4770521b,0.035,,,
4411,2026-05-21,SZ000977,-0.006281993399009274,EXP_LGBModel_Alpha158_csi300_custom_step0_s_20260521_18,3f88f344925b4bd4a796bb1f4770521b,0.035,,,
4412,2026-05-21,SZ000983,-0.004349604850388506,EXP_LGBModel_Alpha158_csi300_custom_step0_s_20260521_18,3f88f344925b4bd4a796bb1f4770521b,0.035,,,
4413,2026-05-21,SZ002236,-3.8790957941350775e-10,EXP_LGBModel_Alpha158_csi300_custom_step0_s_20260521_18,3f88f344925b4bd4a796bb1f4770521b,0.035,,,
4414,2026-05-21,SZ002230,-0.003960537145246125,EXP_LGBModel_Alpha158_csi300_custom_step0_s_20260521_18,3f88f344925b4bd4a796bb1f4770521b,0.035,,,
4415,2026-05-21,SZ002179,-0.002703566188353369,EXP_LGBModel_Alpha158_csi300_custom_step0_s_20260521_18,3f88f344925b4bd4a796bb1f4770521b,0.035,,,
4416,2026-05-21,SZ002142,0.005470266866276948,EXP_LGBModel_Alpha158_csi300_custom_step0_s_20260521_18,3f88f344925b4bd4a796bb1f4770521b,0.035,,,
4417,2026-05-21,SZ002074,-0.006281993399009274,EXP_LGBModel_Alpha158_csi300_custom_step0_s_20260521_18,3f88f344925b4bd4a796bb1f4770521b,0.035,,,
4418,2026-05-21,SZ002050,-0.0019323889365303471,EXP_LGBModel_Alpha158_csi300_custom_step0_s_20260521_18,3f88f344925b4bd4a796bb1f4770521b,0.035,,,
4419,2026-05-21,SZ002252,-0.005895360349494931,EXP_LGBModel_Alpha158_csi300_custom_step0_s_20260521_18,3f88f344925b4bd4a796bb1f4770521b,0.035,,,
4420,2026-05-21,SZ002049,-0.006281993399009274,EXP_LGBModel_Alpha158_csi300_custom_step0_s_20260521_18,3f88f344925b4bd4a796bb1f4770521b,0.035,,,
4421,2026-05-21,SZ002027,-0.002028148596625357,EXP_LGBModel_Alpha158_csi300_custom_step0_s_20260521_18,3f88f344925b4bd4a796bb1f4770521b,0.035,,,
4422,2026-05-21,SZ002001,-0.002028148596625357,EXP_LGBModel_Alpha158_csi300_custom_step0_s_20260521_18,3f88f344925b4bd4a796bb1f4770521b,0.035,,,
4423,2026-05-21,SZ001979,-0.0019323889365303471,EXP_LGBModel_Alpha158_csi300_custom_step0_s_20260521_18,3f88f344925b4bd4a796bb1f4770521b,0.035,,,
4424,2026-05-21,SZ001965,-0.0016085266112281099,EXP_LGBModel_Alpha158_csi300_custom_step0_s_20260521_18,3f88f344925b4bd4a796bb1f4770521b,0.035,,,
4425,2026-05-21,SZ001391,-0.0006142675633540762,EXP_LGBModel_Alpha158_csi300_custom_step0_s_20260521_18,3f88f344925b4bd4a796bb1f4770521b,0.035,,,
4426,2026-05-21,SZ000999,-3.8790957941350775e-10,EXP_LGBModel_Alpha158_csi300_custom_step0_s_20260521_18,3f88f344925b4bd4a796bb1f4770521b,0.035,,,
4427,2026-05-21,SZ002028,-0.006281993399009274,EXP_LGBModel_Alpha158_csi300_custom_step0_s_20260521_18,3f88f344925b4bd4a796bb1f4770521b,0.035,,,
4428,2026-05-21,SZ300316,-0.002028148596625357,EXP_LGBModel_Alpha158_csi300_custom_step0_s_20260521_18,3f88f344925b4bd4a796bb1f4770521b,0.035,,,
4429,2026-05-21,SZ300347,0.01570031043456832,EXP_LGBModel_Alpha158_csi300_custom_step0_s_20260521_18,3f88f344925b4bd4a796bb1f4770521b,0.035,,,
4430,2026-05-21,SZ300394,-0.004253845190293496,EXP_LGBModel_Alpha158_csi300_custom_step0_s_20260521_18,3f88f344925b4bd4a796bb1f4770521b,0.035,,,
4431,2026-05-21,SH600029,0.006121683487159024,EXP_LGBModel_Alpha158_csi300_custom_step0_s_20260521_18,03a2a379744b4579b0f291e49956f6df,0.043,,,
4432,2026-05-21,SH600030,0.023881148882914396,EXP_LGBModel_Alpha158_csi300_custom_step0_s_20260521_18,03a2a379744b4579b0f291e49956f6df,0.043,,,
4433,2026-05-21,SH600031,-0.0020623898604241555,EXP_LGBModel_Alpha158_csi300_custom_step0_s_20260521_18,03a2a379744b4579b0f291e49956f6df,0.043,,,
4434,2026-05-21,SH600036,-0.03904363087281961,EXP_LGBModel_Alpha158_csi300_custom_step0_s_20260521_18,03a2a379744b4579b0f291e49956f6df,0.043,,,
4435,2026-05-21,SH600039,-0.0038852018426545247,EXP_LGBModel_Alpha158_csi300_custom_step0_s_20260521_18,03a2a379744b4579b0f291e49956f6df,0.043,,,
4436,2026-05-21,SH600048,-0.005151480591509728,EXP_LGBModel_Alpha158_csi300_custom_step0_s_20260521_18,03a2a379744b4579b0f291e49956f6df,0.043,,,
4437,2026-05-21,SH600050,-0.016583083486256926,EXP_LGBModel_Alpha158_csi300_custom_step0_s_20260521_18,03a2a379744b4579b0f291e49956f6df,0.043,,,
4438,2026-05-21,SH600061,0.012610424257778996,EXP_LGBModel_Alpha158_csi300_custom_step0_s_20260521_18,03a2a379744b4579b0f291e49956f6df,0.043,,,
4439,2026-05-21,SH600066,0.010824840316655312,EXP_LGBModel_Alpha158_csi300_custom_step0_s_20260521_18,03a2a379744b4579b0f291e49956f6df,0.043,,,
4440,2026-05-21,SH600085,-0.010140029856342238,EXP_LGBModel_Alpha158_csi300_custom_step0_s_20260521_18,03a2a379744b4579b0f291e49956f6df,0.043,,,
4441,2026-05-21,SH600089,-0.011853487067176344,EXP_LGBModel_Alpha158_csi300_custom_step0_s_20260521_18,03a2a379744b4579b0f291e49956f6df,0.043,,,
4442,2026-05-21,SH600104,-0.0006110148846418427,EXP_LGBModel_Alpha158_csi300_custom_step0_s_20260521_18,03a2a379744b4579b0f291e49956f6df,0.043,,,
4443,2026-05-21,SH600111,0.0018160967192170016,EXP_LGBModel_Alpha158_csi300_custom_step0_s_20260521_18,03a2a379744b4579b0f291e49956f6df,0.043,,,
4444,2026-05-21,SH600115,0.01853491627907415,EXP_LGBModel_Alpha158_csi300_custom_step0_s_20260521_18,03a2a379744b4579b0f291e49956f6df,0.043,,,
4445,2026-05-21,SH600150,0.0735054025512088,EXP_LGBModel_Alpha158_csi300_custom_step0_s_20260521_18,03a2a379744b4579b0f291e49956f6df,0.043,,,
4446,2026-05-21,SH600160,0.01421271684092149,EXP_LGBModel_Alpha158_csi300_custom_step0_s_20260521_18,03a2a379744b4579b0f291e49956f6df,0.043,,,
4447,2026-05-21,SH600161,-0.01857209874264771,EXP_LGBModel_Alpha158_csi300_custom_step0_s_20260521_18,03a2a379744b4579b0f291e49956f6df,0.043,,,
4448,2026-05-21,SH600415,-0.004179849448134876,EXP_LGBModel_Alpha158_csi300_custom_step0_s_20260521_18,03a2a379744b4579b0f291e49956f6df,0.043,,,
4449,2026-05-21,SH600406,-0.02524134453960228,EXP_LGBModel_Alpha158_csi300_custom_step0_s_20260521_18,03a2a379744b4579b0f291e49956f6df,0.043,,,
4450,2026-05-21,SH600377,0.0176211586310569,EXP_LGBModel_Alpha158_csi300_custom_step0_s_20260521_18,03a2a379744b4579b0f291e49956f6df,0.043,,,
4451,2026-05-21,SH600372,-0.0070926246593435984,EXP_LGBModel_Alpha158_csi300_custom_step0_s_20260521_18,03a2a379744b4579b0f291e49956f6df,0.043,,,
4452,2026-05-21,SH600362,-0.0028963819334214998,EXP_LGBModel_Alpha158_csi300_custom_step0_s_20260521_18,03a2a379744b4579b0f291e49956f6df,0.043,,,
4453,2026-05-21,SH600346,0.005159112524998865,EXP_LGBModel_Alpha158_csi300_custom_step0_s_20260521_18,03a2a379744b4579b0f291e49956f6df,0.043,,,
4454,2026-05-21,SH600028,-0.031006828461977123,EXP_LGBModel_Alpha158_csi300_custom_step0_s_20260521_18,03a2a379744b4579b0f291e49956f6df,0.043,,,
4455,2026-05-21,SH600309,0.0068819448077939264,EXP_LGBModel_Alpha158_csi300_custom_step0_s_20260521_18,03a2a379744b4579b0f291e49956f6df,0.043,,,
4456,2026-05-21,SH600233,0.013867113224089029,EXP_LGBModel_Alpha158_csi300_custom_step0_s_20260521_18,03a2a379744b4579b0f291e49956f6df,0.043,,,
4457,2026-05-21,SH600219,0.00785401353602532,EXP_LGBModel_Alpha158_csi300_custom_step0_s_20260521_18,03a2a379744b4579b0f291e49956f6df,0.043,,,
4458,2026-05-21,SH600196,-0.037429627272865654,EXP_LGBModel_Alpha158_csi300_custom_step0_s_20260521_18,03a2a379744b4579b0f291e49956f6df,0.043,,,
4459,2026-05-21,SH600188,0.0011113257280035282,EXP_LGBModel_Alpha158_csi300_custom_step0_s_20260521_18,03a2a379744b4579b0f291e49956f6df,0.043,,,
4460,2026-05-21,SH600183,-0.0013475920588924065,EXP_LGBModel_Alpha158_csi300_custom_step0_s_20260521_18,03a2a379744b4579b0f291e49956f6df,0.043,,,
4461,2026-05-21,SH600176,0.055280531300327874,EXP_LGBModel_Alpha158_csi300_custom_step0_s_20260521_18,03a2a379744b4579b0f291e49956f6df,0.043,,,
4462,2026-05-21,SH600276,0.01639500616592391,EXP_LGBModel_Alpha158_csi300_custom_step0_s_20260521_18,03a2a379744b4579b0f291e49956f6df,0.043,,,
4463,2026-05-21,SH600027,0.002452939374116233,EXP_LGBModel_Alpha158_csi300_custom_step0_s_20260521_18,03a2a379744b4579b0f291e49956f6df,0.043,,,
4464,2026-05-21,SH600026,1.875977182188432e-05,EXP_LGBModel_Alpha158_csi300_custom_step0_s_20260521_18,03a2a379744b4579b0f291e49956f6df,0.043,,,
4465,2026-05-21,SH600025,-0.03146614875548458,EXP_LGBModel_Alpha158_csi300_custom_step0_s_20260521_18,03a2a379744b4579b0f291e49956f6df,0.043,,,
4466,2026-05-21,SZ300782,0.005992684705042878,EXP_LGBModel_Alpha158_csi300_custom_step0_s_20260521_18,3f88f344925b4bd4a796bb1f4770521b,0.035,,,
4467,2026-05-21,SZ300760,-0.006281993399009274,EXP_LGBModel_Alpha158_csi300_custom_step0_s_20260521_18,3f88f344925b4bd4a796bb1f4770521b,0.035,,,
4468,2026-05-21,SZ300759,-0.006281993399009274,EXP_LGBModel_Alpha158_csi300_custom_step0_s_20260521_18,3f88f344925b4bd4a796bb1f4770521b,0.035,,,
4469,2026-05-21,SZ300750,-0.004349604850388506,EXP_LGBModel_Alpha158_csi300_custom_step0_s_20260521_18,3f88f344925b4bd4a796bb1f4770521b,0.035,,,
4470,2026-05-21,SZ300661,0.009707625341615865,EXP_LGBModel_Alpha158_csi300_custom_step0_s_20260521_18,3f88f344925b4bd4a796bb1f4770521b,0.035,,,
4471,2026-05-21,SZ300628,-0.003960537145246125,EXP_LGBModel_Alpha158_csi300_custom_step0_s_20260521_18,3f88f344925b4bd4a796bb1f4770521b,0.035,,,
4472,2026-05-21,SZ300803,-0.006281993399009274,EXP_LGBModel_Alpha158_csi300_custom_step0_s_20260521_18,3f88f344925b4bd4a796bb1f4770521b,0.035,,,
4473,2026-05-21,SZ300502,-0.004349604850388506,EXP_LGBModel_Alpha158_csi300_custom_step0_s_20260521_18,3f88f344925b4bd4a796bb1f4770521b,0.035,,,
4474,2026-05-21,SZ300476,0.007679477132900086,EXP_LGBModel_Alpha158_csi300_custom_step0_s_20260521_18,3f88f344925b4bd4a796bb1f4770521b,0.035,,,
4475,2026-05-21,SZ300442,-0.004253845190293496,EXP_LGBModel_Alpha158_csi300_custom_step0_s_20260521_18,3f88f344925b4bd4a796bb1f4770521b,0.035,,,
4476,2026-05-21,SZ300433,-0.004053140317944188,EXP_LGBModel_Alpha158_csi300_custom_step0_s_20260521_18,3f88f344925b4bd4a796bb1f4770521b,0.035,,,
4477,2026-05-21,SZ300418,-0.002321456641672729,EXP_LGBModel_Alpha158_csi300_custom_step0_s_20260521_18,3f88f344925b4bd4a796bb1f4770521b,0.035,,,
4478,2026-05-21,SZ300413,-0.004349604850388506,EXP_LGBModel_Alpha158_csi300_custom_step0_s_20260521_18,3f88f344925b4bd4a796bb1f4770521b,0.035,,,
4479,2026-05-21,SZ300408,-3.8790957941350775e-10,EXP_LGBModel_Alpha158_csi300_custom_step0_s_20260521_18,3f88f344925b4bd4a796bb1f4770521b,0.035,,,
4480,2026-05-21,SZ300498,-0.006281993399009274,EXP_LGBModel_Alpha158_csi300_custom_step0_s_20260521_18,3f88f344925b4bd4a796bb1f4770521b,0.035,,,
4481,2026-05-21,SH600436,0.006903793773831277,EXP_LGBModel_Alpha158_csi300_custom_step0_s_20260521_18,03a2a379744b4579b0f291e49956f6df,0.043,,,
4482,2026-05-21,SZ300832,-0.004253845190293496,EXP_LGBModel_Alpha158_csi300_custom_step0_s_20260521_18,3f88f344925b4bd4a796bb1f4770521b,0.035,,,
4483,2026-05-21,SZ300896,-0.006281993399009274,EXP_LGBModel_Alpha158_csi300_custom_step0_s_20260521_18,3f88f344925b4bd4a796bb1f4770521b,0.035,,,
4484,2026-05-21,SH600023,-0.004769179336134608,EXP_LGBModel_Alpha158_csi300_custom_step0_s_20260521_18,03a2a379744b4579b0f291e49956f6df,0.043,,,
4485,2026-05-21,SH600019,-0.01757985726679294,EXP_LGBModel_Alpha158_csi300_custom_step0_s_20260521_18,03a2a379744b4579b0f291e49956f6df,0.043,,,
4486,2026-05-21,SH600018,-0.010791785929463399,EXP_LGBModel_Alpha158_csi300_custom_step0_s_20260521_18,03a2a379744b4579b0f291e49956f6df,0.043,,,
4487,2026-05-21,SH600016,-0.03509286683923049,EXP_LGBModel_Alpha158_csi300_custom_step0_s_20260521_18,03a2a379744b4579b0f291e49956f6df,0.043,,,
4488,2026-05-21,SH600015,-0.04850332343468274,EXP_LGBModel_Alpha158_csi300_custom_step0_s_20260521_18,03a2a379744b4579b0f291e49956f6df,0.043,,,
4489,2026-05-21,SH600011,-0.002427634122381672,EXP_LGBModel_Alpha158_csi300_custom_step0_s_20260521_18,03a2a379744b4579b0f291e49956f6df,0.043,,,
4490,2026-05-21,SZ300866,-0.004349604850388506,EXP_LGBModel_Alpha158_csi300_custom_step0_s_20260521_18,3f88f344925b4bd4a796bb1f4770521b,0.035,,,
4491,2026-05-21,SH600010,0.01973321168440515,EXP_LGBModel_Alpha158_csi300_custom_step0_s_20260521_18,03a2a379744b4579b0f291e49956f6df,0.043,,,
4492,2026-05-21,SH600000,-0.055352974599964265,EXP_LGBModel_Alpha158_csi300_custom_step0_s_20260521_18,03a2a379744b4579b0f291e49956f6df,0.043,,,
4493,2026-05-21,SZ302132,-0.006281993399009274,EXP_LGBModel_Alpha158_csi300_custom_step0_s_20260521_18,3f88f344925b4bd4a796bb1f4770521b,0.035,,,
4494,2026-05-21,SZ301269,-0.006281993399009274,EXP_LGBModel_Alpha158_csi300_custom_step0_s_20260521_18,3f88f344925b4bd4a796bb1f4770521b,0.035,,,
4495,2026-05-21,SZ301236,-0.004349604850388506,EXP_LGBModel_Alpha158_csi300_custom_step0_s_20260521_18,3f88f344925b4bd4a796bb1f4770521b,0.035,,,
4496,2026-05-21,SZ300999,-0.006281993399009274,EXP_LGBModel_Alpha158_csi300_custom_step0_s_20260521_18,3f88f344925b4bd4a796bb1f4770521b,0.035,,,
4497,2026-05-21,SZ300979,-0.002028148596625357,EXP_LGBModel_Alpha158_csi300_custom_step0_s_20260521_18,3f88f344925b4bd4a796bb1f4770521b,0.035,,,
4498,2026-05-21,SH600009,-0.009415006327021842,EXP_LGBModel_Alpha158_csi300_custom_step0_s_20260521_18,03a2a379744b4579b0f291e49956f6df,0.043,,,
4499,2026-05-21,SZ302132,-0.028841303661465645,EXP_XGBModel_Alpha158_csi300_custom_step0_s_20260521_15,0a8bf20426f746fa87e47295471dc841,0.074,,,
