,datetime,instrument,score,exp_name,rid,weight,real_label,error,abs_error
0,2026-05-26,SH600000,-0.0006117502070842057,EXP_CatBoostModel_Alpha158_csi300_custom_step0_s_20260526_18,b641eb599bb94fcc878e08088a59efc4,0.05,,,
1,2026-05-26,SZ300803,-0.006671048700715709,EXP_DEnsembleModel_Alpha158_csi300_custom_step0_s_20260526_16,59b448fbaa1d4df6bc48149aeabeedcd,0.06,,,
2,2026-05-26,SZ300832,0.18497902746960912,EXP_DEnsembleModel_Alpha158_csi300_custom_step0_s_20260526_16,59b448fbaa1d4df6bc48149aeabeedcd,0.06,,,
3,2026-05-26,SZ300866,0.12409030284769781,EXP_DEnsembleModel_Alpha158_csi300_custom_step0_s_20260526_16,59b448fbaa1d4df6bc48149aeabeedcd,0.06,,,
4,2026-05-26,SZ300896,0.08430292296982507,EXP_DEnsembleModel_Alpha158_csi300_custom_step0_s_20260526_16,59b448fbaa1d4df6bc48149aeabeedcd,0.06,,,
5,2026-05-26,SZ300979,0.0548127450827973,EXP_DEnsembleModel_Alpha158_csi300_custom_step0_s_20260526_16,59b448fbaa1d4df6bc48149aeabeedcd,0.06,,,
6,2026-05-26,SZ300999,0.06645622559945695,EXP_DEnsembleModel_Alpha158_csi300_custom_step0_s_20260526_16,59b448fbaa1d4df6bc48149aeabeedcd,0.06,,,
7,2026-05-26,SZ301236,0.2045832155616614,EXP_DEnsembleModel_Alpha158_csi300_custom_step0_s_20260526_16,59b448fbaa1d4df6bc48149aeabeedcd,0.06,,,
8,2026-05-26,SZ301269,-0.07967060266301122,EXP_DEnsembleModel_Alpha158_csi300_custom_step0_s_20260526_16,59b448fbaa1d4df6bc48149aeabeedcd,0.06,,,
9,2026-05-26,SZ302132,0.0032993095224921145,EXP_DEnsembleModel_Alpha158_csi300_custom_step0_s_20260526_16,59b448fbaa1d4df6bc48149aeabeedcd,0.06,,,
10,2026-05-26,SH600000,-0.014534399844706059,EXP_LinearModel_Alpha158_csi300_custom_step0_s_20260526_16,c011a6eb06d549729c55677f783f581c,0.083,,,
11,2026-05-26,SH600009,-0.06259840726852417,EXP_LinearModel_Alpha158_csi300_custom_step0_s_20260526_16,c011a6eb06d549729c55677f783f581c,0.083,,,
12,2026-05-26,SH600010,-0.012315673753619194,EXP_LinearModel_Alpha158_csi300_custom_step0_s_20260526_16,c011a6eb06d549729c55677f783f581c,0.083,,,
13,2026-05-26,SH600011,0.03744180500507355,EXP_LinearModel_Alpha158_csi300_custom_step0_s_20260526_16,c011a6eb06d549729c55677f783f581c,0.083,,,
14,2026-05-26,SH600015,0.009269844740629196,EXP_LinearModel_Alpha158_csi300_custom_step0_s_20260526_16,c011a6eb06d549729c55677f783f581c,0.083,,,
15,2026-05-26,SH600016,0.028948534280061722,EXP_LinearModel_Alpha158_csi300_custom_step0_s_20260526_16,c011a6eb06d549729c55677f783f581c,0.083,,,
16,2026-05-26,SH600018,0.09917325526475906,EXP_LinearModel_Alpha158_csi300_custom_step0_s_20260526_16,c011a6eb06d549729c55677f783f581c,0.083,,,
17,2026-05-26,SH600019,-0.016741495579481125,EXP_LinearModel_Alpha158_csi300_custom_step0_s_20260526_16,c011a6eb06d549729c55677f783f581c,0.083,,,
18,2026-05-26,SH600066,-0.004688597284257412,EXP_LinearModel_Alpha158_csi300_custom_step0_s_20260526_16,c011a6eb06d549729c55677f783f581c,0.083,,,
19,2026-05-26,SH600061,-0.04525431990623474,EXP_LinearModel_Alpha158_csi300_custom_step0_s_20260526_16,c011a6eb06d549729c55677f783f581c,0.083,,,
20,2026-05-26,SH600050,0.018997740000486374,EXP_LinearModel_Alpha158_csi300_custom_step0_s_20260526_16,c011a6eb06d549729c55677f783f581c,0.083,,,
21,2026-05-26,SH600048,-0.05215983837842941,EXP_LinearModel_Alpha158_csi300_custom_step0_s_20260526_16,c011a6eb06d549729c55677f783f581c,0.083,,,
22,2026-05-26,SH600039,0.029377177357673645,EXP_LinearModel_Alpha158_csi300_custom_step0_s_20260526_16,c011a6eb06d549729c55677f783f581c,0.083,,,
23,2026-05-26,SH600036,-0.05345256254076958,EXP_LinearModel_Alpha158_csi300_custom_step0_s_20260526_16,c011a6eb06d549729c55677f783f581c,0.083,,,
24,2026-05-26,SZ300782,0.23385345116245487,EXP_DEnsembleModel_Alpha158_csi300_custom_step0_s_20260526_16,59b448fbaa1d4df6bc48149aeabeedcd,0.06,,,
25,2026-05-26,SH600031,-0.0268818661570549,EXP_LinearModel_Alpha158_csi300_custom_step0_s_20260526_16,c011a6eb06d549729c55677f783f581c,0.083,,,
26,2026-05-26,SH600029,-0.05776279419660568,EXP_LinearModel_Alpha158_csi300_custom_step0_s_20260526_16,c011a6eb06d549729c55677f783f581c,0.083,,,
27,2026-05-26,SH600028,-0.0559484027326107,EXP_LinearModel_Alpha158_csi300_custom_step0_s_20260526_16,c011a6eb06d549729c55677f783f581c,0.083,,,
28,2026-05-26,SH600027,0.037296928465366364,EXP_LinearModel_Alpha158_csi300_custom_step0_s_20260526_16,c011a6eb06d549729c55677f783f581c,0.083,,,
29,2026-05-26,SH600026,0.030801136046648026,EXP_LinearModel_Alpha158_csi300_custom_step0_s_20260526_16,c011a6eb06d549729c55677f783f581c,0.083,,,
30,2026-05-26,SH600025,0.043990012258291245,EXP_LinearModel_Alpha158_csi300_custom_step0_s_20260526_16,c011a6eb06d549729c55677f783f581c,0.083,,,
31,2026-05-26,SH600023,0.03185202553868294,EXP_LinearModel_Alpha158_csi300_custom_step0_s_20260526_16,c011a6eb06d549729c55677f783f581c,0.083,,,
32,2026-05-26,SH600030,-0.009208809584379196,EXP_LinearModel_Alpha158_csi300_custom_step0_s_20260526_16,c011a6eb06d549729c55677f783f581c,0.083,,,
33,2026-05-26,SH600085,-0.015856672078371048,EXP_LinearModel_Alpha158_csi300_custom_step0_s_20260526_16,c011a6eb06d549729c55677f783f581c,0.083,,,
34,2026-05-26,SZ300760,-0.013394963952400198,EXP_DEnsembleModel_Alpha158_csi300_custom_step0_s_20260526_16,59b448fbaa1d4df6bc48149aeabeedcd,0.06,,,
35,2026-05-26,SZ300750,-0.023827700033145896,EXP_DEnsembleModel_Alpha158_csi300_custom_step0_s_20260526_16,59b448fbaa1d4df6bc48149aeabeedcd,0.06,,,
36,2026-05-26,SZ002625,0.08187125167329498,EXP_DEnsembleModel_Alpha158_csi300_custom_step0_s_20260526_16,59b448fbaa1d4df6bc48149aeabeedcd,0.06,,,
37,2026-05-26,SZ002648,0.16975397745143975,EXP_DEnsembleModel_Alpha158_csi300_custom_step0_s_20260526_16,59b448fbaa1d4df6bc48149aeabeedcd,0.06,,,
38,2026-05-26,SZ002709,0.2860645559447419,EXP_DEnsembleModel_Alpha158_csi300_custom_step0_s_20260526_16,59b448fbaa1d4df6bc48149aeabeedcd,0.06,,,
39,2026-05-26,SZ002714,0.032693857470727894,EXP_DEnsembleModel_Alpha158_csi300_custom_step0_s_20260526_16,59b448fbaa1d4df6bc48149aeabeedcd,0.06,,,
40,2026-05-26,SZ002736,-0.1323033619698912,EXP_DEnsembleModel_Alpha158_csi300_custom_step0_s_20260526_16,59b448fbaa1d4df6bc48149aeabeedcd,0.06,,,
41,2026-05-26,SZ002916,-0.1816733048368364,EXP_DEnsembleModel_Alpha158_csi300_custom_step0_s_20260526_16,59b448fbaa1d4df6bc48149aeabeedcd,0.06,,,
42,2026-05-26,SZ002920,0.03898481247471353,EXP_DEnsembleModel_Alpha158_csi300_custom_step0_s_20260526_16,59b448fbaa1d4df6bc48149aeabeedcd,0.06,,,
43,2026-05-26,SZ002938,-0.19689852264218125,EXP_DEnsembleModel_Alpha158_csi300_custom_step0_s_20260526_16,59b448fbaa1d4df6bc48149aeabeedcd,0.06,,,
44,2026-05-26,SZ003816,0.07291598112541704,EXP_DEnsembleModel_Alpha158_csi300_custom_step0_s_20260526_16,59b448fbaa1d4df6bc48149aeabeedcd,0.06,,,
45,2026-05-26,SZ300014,0.15751959807326765,EXP_DEnsembleModel_Alpha158_csi300_custom_step0_s_20260526_16,59b448fbaa1d4df6bc48149aeabeedcd,0.06,,,
46,2026-05-26,SZ300015,0.057398246009488986,EXP_DEnsembleModel_Alpha158_csi300_custom_step0_s_20260526_16,59b448fbaa1d4df6bc48149aeabeedcd,0.06,,,
47,2026-05-26,SZ300033,-0.03869714616086211,EXP_DEnsembleModel_Alpha158_csi300_custom_step0_s_20260526_16,59b448fbaa1d4df6bc48149aeabeedcd,0.06,,,
48,2026-05-26,SZ300059,0.012026655345596495,EXP_DEnsembleModel_Alpha158_csi300_custom_step0_s_20260526_16,59b448fbaa1d4df6bc48149aeabeedcd,0.06,,,
49,2026-05-26,SZ300122,0.03439502286397172,EXP_DEnsembleModel_Alpha158_csi300_custom_step0_s_20260526_16,59b448fbaa1d4df6bc48149aeabeedcd,0.06,,,
50,2026-05-26,SZ300124,0.2016952426224736,EXP_DEnsembleModel_Alpha158_csi300_custom_step0_s_20260526_16,59b448fbaa1d4df6bc48149aeabeedcd,0.06,,,
51,2026-05-26,SZ300251,0.18356040954097827,EXP_DEnsembleModel_Alpha158_csi300_custom_step0_s_20260526_16,59b448fbaa1d4df6bc48149aeabeedcd,0.06,,,
52,2026-05-26,SZ300274,0.16193412970661106,EXP_DEnsembleModel_Alpha158_csi300_custom_step0_s_20260526_16,59b448fbaa1d4df6bc48149aeabeedcd,0.06,,,
53,2026-05-26,SZ300661,0.1361672767730587,EXP_DEnsembleModel_Alpha158_csi300_custom_step0_s_20260526_16,59b448fbaa1d4df6bc48149aeabeedcd,0.06,,,
54,2026-05-26,SZ300628,0.20091437829082012,EXP_DEnsembleModel_Alpha158_csi300_custom_step0_s_20260526_16,59b448fbaa1d4df6bc48149aeabeedcd,0.06,,,
55,2026-05-26,SZ300502,0.029178525253428574,EXP_DEnsembleModel_Alpha158_csi300_custom_step0_s_20260526_16,59b448fbaa1d4df6bc48149aeabeedcd,0.06,,,
56,2026-05-26,SZ300498,0.14070423228379,EXP_DEnsembleModel_Alpha158_csi300_custom_step0_s_20260526_16,59b448fbaa1d4df6bc48149aeabeedcd,0.06,,,
57,2026-05-26,SZ300476,0.11944342079466957,EXP_DEnsembleModel_Alpha158_csi300_custom_step0_s_20260526_16,59b448fbaa1d4df6bc48149aeabeedcd,0.06,,,
58,2026-05-26,SZ300442,0.06720924675654084,EXP_DEnsembleModel_Alpha158_csi300_custom_step0_s_20260526_16,59b448fbaa1d4df6bc48149aeabeedcd,0.06,,,
59,2026-05-26,SZ300759,0.08638402611330341,EXP_DEnsembleModel_Alpha158_csi300_custom_step0_s_20260526_16,59b448fbaa1d4df6bc48149aeabeedcd,0.06,,,
60,2026-05-26,SZ300433,0.07886077133119729,EXP_DEnsembleModel_Alpha158_csi300_custom_step0_s_20260526_16,59b448fbaa1d4df6bc48149aeabeedcd,0.06,,,
61,2026-05-26,SZ300413,0.09512913051474563,EXP_DEnsembleModel_Alpha158_csi300_custom_step0_s_20260526_16,59b448fbaa1d4df6bc48149aeabeedcd,0.06,,,
62,2026-05-26,SZ300408,0.011237492783335303,EXP_DEnsembleModel_Alpha158_csi300_custom_step0_s_20260526_16,59b448fbaa1d4df6bc48149aeabeedcd,0.06,,,
63,2026-05-26,SZ300394,-0.09422068445949719,EXP_DEnsembleModel_Alpha158_csi300_custom_step0_s_20260526_16,59b448fbaa1d4df6bc48149aeabeedcd,0.06,,,
64,2026-05-26,SZ300347,0.24032745588444274,EXP_DEnsembleModel_Alpha158_csi300_custom_step0_s_20260526_16,59b448fbaa1d4df6bc48149aeabeedcd,0.06,,,
65,2026-05-26,SZ300316,-0.0393419702092425,EXP_DEnsembleModel_Alpha158_csi300_custom_step0_s_20260526_16,59b448fbaa1d4df6bc48149aeabeedcd,0.06,,,
66,2026-05-26,SZ300308,0.06465298929786435,EXP_DEnsembleModel_Alpha158_csi300_custom_step0_s_20260526_16,59b448fbaa1d4df6bc48149aeabeedcd,0.06,,,
67,2026-05-26,SZ300418,0.18414959269049683,EXP_DEnsembleModel_Alpha158_csi300_custom_step0_s_20260526_16,59b448fbaa1d4df6bc48149aeabeedcd,0.06,,,
68,2026-05-26,SZ002601,0.13486692742001305,EXP_DEnsembleModel_Alpha158_csi300_custom_step0_s_20260526_16,59b448fbaa1d4df6bc48149aeabeedcd,0.06,,,
69,2026-05-26,SH600089,-0.046471595764160156,EXP_LinearModel_Alpha158_csi300_custom_step0_s_20260526_16,c011a6eb06d549729c55677f783f581c,0.083,,,
70,2026-05-26,SH600111,-0.04731661453843117,EXP_LinearModel_Alpha158_csi300_custom_step0_s_20260526_16,c011a6eb06d549729c55677f783f581c,0.083,,,
71,2026-05-26,SH600690,-0.06906190514564514,EXP_LinearModel_Alpha158_csi300_custom_step0_s_20260526_16,c011a6eb06d549729c55677f783f581c,0.083,,,
72,2026-05-26,SH600741,-0.071639284491539,EXP_LinearModel_Alpha158_csi300_custom_step0_s_20260526_16,c011a6eb06d549729c55677f783f581c,0.083,,,
73,2026-05-26,SH600760,-0.04616061970591545,EXP_LinearModel_Alpha158_csi300_custom_step0_s_20260526_16,c011a6eb06d549729c55677f783f581c,0.083,,,
74,2026-05-26,SH600795,0.0131557397544384,EXP_LinearModel_Alpha158_csi300_custom_step0_s_20260526_16,c011a6eb06d549729c55677f783f581c,0.083,,,
75,2026-05-26,SH600803,0.05466819927096367,EXP_LinearModel_Alpha158_csi300_custom_step0_s_20260526_16,c011a6eb06d549729c55677f783f581c,0.083,,,
76,2026-05-26,SH600809,-0.05165789648890495,EXP_LinearModel_Alpha158_csi300_custom_step0_s_20260526_16,c011a6eb06d549729c55677f783f581c,0.083,,,
77,2026-05-26,SH600845,0.023932676762342453,EXP_LinearModel_Alpha158_csi300_custom_step0_s_20260526_16,c011a6eb06d549729c55677f783f581c,0.083,,,
78,2026-05-26,SH600875,0.015874020755290985,EXP_LinearModel_Alpha158_csi300_custom_step0_s_20260526_16,c011a6eb06d549729c55677f783f581c,0.083,,,
79,2026-05-26,SH600886,0.06395430117845535,EXP_LinearModel_Alpha158_csi300_custom_step0_s_20260526_16,c011a6eb06d549729c55677f783f581c,0.083,,,
80,2026-05-26,SH600887,-0.00679361168295145,EXP_LinearModel_Alpha158_csi300_custom_step0_s_20260526_16,c011a6eb06d549729c55677f783f581c,0.083,,,
81,2026-05-26,SH600893,0.013692356646060944,EXP_LinearModel_Alpha158_csi300_custom_step0_s_20260526_16,c011a6eb06d549729c55677f783f581c,0.083,,,
82,2026-05-26,SH600900,0.05292746424674988,EXP_LinearModel_Alpha158_csi300_custom_step0_s_20260526_16,c011a6eb06d549729c55677f783f581c,0.083,,,
83,2026-05-26,SH600905,-0.0028497930616140366,EXP_LinearModel_Alpha158_csi300_custom_step0_s_20260526_16,c011a6eb06d549729c55677f783f581c,0.083,,,
84,2026-05-26,SH600918,-0.024653658270835876,EXP_LinearModel_Alpha158_csi300_custom_step0_s_20260526_16,c011a6eb06d549729c55677f783f581c,0.083,,,
85,2026-05-26,SH600919,0.039087988436222076,EXP_LinearModel_Alpha158_csi300_custom_step0_s_20260526_16,c011a6eb06d549729c55677f783f581c,0.083,,,
86,2026-05-26,SH600926,-0.05169454589486122,EXP_LinearModel_Alpha158_csi300_custom_step0_s_20260526_16,c011a6eb06d549729c55677f783f581c,0.083,,,
87,2026-05-26,SH600930,-0.008563564158976078,EXP_LinearModel_Alpha158_csi300_custom_step0_s_20260526_16,c011a6eb06d549729c55677f783f581c,0.083,,,
88,2026-05-26,SH601077,-0.040631674230098724,EXP_LinearModel_Alpha158_csi300_custom_step0_s_20260526_16,c011a6eb06d549729c55677f783f581c,0.083,,,
89,2026-05-26,SH601066,0.07260213792324066,EXP_LinearModel_Alpha158_csi300_custom_step0_s_20260526_16,c011a6eb06d549729c55677f783f581c,0.083,,,
90,2026-05-26,SH601059,0.044671136885881424,EXP_LinearModel_Alpha158_csi300_custom_step0_s_20260526_16,c011a6eb06d549729c55677f783f581c,0.083,,,
91,2026-05-26,SH601058,-0.05950930342078209,EXP_LinearModel_Alpha158_csi300_custom_step0_s_20260526_16,c011a6eb06d549729c55677f783f581c,0.083,,,
92,2026-05-26,SH601021,-0.013073313981294632,EXP_LinearModel_Alpha158_csi300_custom_step0_s_20260526_16,c011a6eb06d549729c55677f783f581c,0.083,,,
93,2026-05-26,SH601018,0.05885854363441467,EXP_LinearModel_Alpha158_csi300_custom_step0_s_20260526_16,c011a6eb06d549729c55677f783f581c,0.083,,,
94,2026-05-26,SH600674,0.030587948858737946,EXP_LinearModel_Alpha158_csi300_custom_step0_s_20260526_16,c011a6eb06d549729c55677f783f581c,0.083,,,
95,2026-05-26,SH601012,0.013192648999392986,EXP_LinearModel_Alpha158_csi300_custom_step0_s_20260526_16,c011a6eb06d549729c55677f783f581c,0.083,,,
96,2026-05-26,SH601006,0.020162276923656464,EXP_LinearModel_Alpha158_csi300_custom_step0_s_20260526_16,c011a6eb06d549729c55677f783f581c,0.083,,,
97,2026-05-26,SH600999,0.046567536890506744,EXP_LinearModel_Alpha158_csi300_custom_step0_s_20260526_16,c011a6eb06d549729c55677f783f581c,0.083,,,
98,2026-05-26,SH600989,0.032720234245061874,EXP_LinearModel_Alpha158_csi300_custom_step0_s_20260526_16,c011a6eb06d549729c55677f783f581c,0.083,,,
99,2026-05-26,SH600958,,EXP_LinearModel_Alpha158_csi300_custom_step0_s_20260526_16,c011a6eb06d549729c55677f783f581c,0.083,,,
100,2026-05-26,SH600941,-0.055444467812776566,EXP_LinearModel_Alpha158_csi300_custom_step0_s_20260526_16,c011a6eb06d549729c55677f783f581c,0.083,,,
101,2026-05-26,SH600938,0.04832298681139946,EXP_LinearModel_Alpha158_csi300_custom_step0_s_20260526_16,c011a6eb06d549729c55677f783f581c,0.083,,,
102,2026-05-26,SH601009,-0.04213258996605873,EXP_LinearModel_Alpha158_csi300_custom_step0_s_20260526_16,c011a6eb06d549729c55677f783f581c,0.083,,,
103,2026-05-26,SH600104,0.012524988502264023,EXP_LinearModel_Alpha158_csi300_custom_step0_s_20260526_16,c011a6eb06d549729c55677f783f581c,0.083,,,
104,2026-05-26,SH600660,-0.08682695776224136,EXP_LinearModel_Alpha158_csi300_custom_step0_s_20260526_16,c011a6eb06d549729c55677f783f581c,0.083,,,
105,2026-05-26,SH600588,-0.021884707733988762,EXP_LinearModel_Alpha158_csi300_custom_step0_s_20260526_16,c011a6eb06d549729c55677f783f581c,0.083,,,
106,2026-05-26,SH600115,-0.046597566455602646,EXP_LinearModel_Alpha158_csi300_custom_step0_s_20260526_16,c011a6eb06d549729c55677f783f581c,0.083,,,
107,2026-05-26,SH600150,0.0009726614225655794,EXP_LinearModel_Alpha158_csi300_custom_step0_s_20260526_16,c011a6eb06d549729c55677f783f581c,0.083,,,
108,2026-05-26,SH600160,-0.06077301502227783,EXP_LinearModel_Alpha158_csi300_custom_step0_s_20260526_16,c011a6eb06d549729c55677f783f581c,0.083,,,
109,2026-05-26,SH600161,-0.05537545308470726,EXP_LinearModel_Alpha158_csi300_custom_step0_s_20260526_16,c011a6eb06d549729c55677f783f581c,0.083,,,
110,2026-05-26,SH600176,-0.04908975586295128,EXP_LinearModel_Alpha158_csi300_custom_step0_s_20260526_16,c011a6eb06d549729c55677f783f581c,0.083,,,
111,2026-05-26,SH600183,-0.11241041868925095,EXP_LinearModel_Alpha158_csi300_custom_step0_s_20260526_16,c011a6eb06d549729c55677f783f581c,0.083,,,
112,2026-05-26,SH600188,0.01602661982178688,EXP_LinearModel_Alpha158_csi300_custom_step0_s_20260526_16,c011a6eb06d549729c55677f783f581c,0.083,,,
113,2026-05-26,SH600196,-0.07050556689500809,EXP_LinearModel_Alpha158_csi300_custom_step0_s_20260526_16,c011a6eb06d549729c55677f783f581c,0.083,,,
114,2026-05-26,SH600219,0.043652378022670746,EXP_LinearModel_Alpha158_csi300_custom_step0_s_20260526_16,c011a6eb06d549729c55677f783f581c,0.083,,,
115,2026-05-26,SH600233,-0.04848550632596016,EXP_LinearModel_Alpha158_csi300_custom_step0_s_20260526_16,c011a6eb06d549729c55677f783f581c,0.083,,,
116,2026-05-26,SH600276,-0.07737854868173599,EXP_LinearModel_Alpha158_csi300_custom_step0_s_20260526_16,c011a6eb06d549729c55677f783f581c,0.083,,,
117,2026-05-26,SH600309,-0.022070324048399925,EXP_LinearModel_Alpha158_csi300_custom_step0_s_20260526_16,c011a6eb06d549729c55677f783f581c,0.083,,,
118,2026-05-26,SH600346,-0.05449412763118744,EXP_LinearModel_Alpha158_csi300_custom_step0_s_20260526_16,c011a6eb06d549729c55677f783f581c,0.083,,,
119,2026-05-26,SH600362,-0.07898490130901337,EXP_LinearModel_Alpha158_csi300_custom_step0_s_20260526_16,c011a6eb06d549729c55677f783f581c,0.083,,,
120,2026-05-26,SH600372,-0.020354626700282097,EXP_LinearModel_Alpha158_csi300_custom_step0_s_20260526_16,c011a6eb06d549729c55677f783f581c,0.083,,,
121,2026-05-26,SH600377,0.049486953765153885,EXP_LinearModel_Alpha158_csi300_custom_step0_s_20260526_16,c011a6eb06d549729c55677f783f581c,0.083,,,
122,2026-05-26,SH600406,-0.029956258833408356,EXP_LinearModel_Alpha158_csi300_custom_step0_s_20260526_16,c011a6eb06d549729c55677f783f581c,0.083,,,
123,2026-05-26,SH600585,-0.07833703607320786,EXP_LinearModel_Alpha158_csi300_custom_step0_s_20260526_16,c011a6eb06d549729c55677f783f581c,0.083,,,
124,2026-05-26,SH600584,-0.19166377186775208,EXP_LinearModel_Alpha158_csi300_custom_step0_s_20260526_16,c011a6eb06d549729c55677f783f581c,0.083,,,
125,2026-05-26,SH600570,0.0032973256893455982,EXP_LinearModel_Alpha158_csi300_custom_step0_s_20260526_16,c011a6eb06d549729c55677f783f581c,0.083,,,
126,2026-05-26,SH600547,-0.01507809292525053,EXP_LinearModel_Alpha158_csi300_custom_step0_s_20260526_16,c011a6eb06d549729c55677f783f581c,0.083,,,
127,2026-05-26,SH600522,0.05016216263175011,EXP_LinearModel_Alpha158_csi300_custom_step0_s_20260526_16,c011a6eb06d549729c55677f783f581c,0.083,,,
128,2026-05-26,SH600519,-0.05806294083595276,EXP_LinearModel_Alpha158_csi300_custom_step0_s_20260526_16,c011a6eb06d549729c55677f783f581c,0.083,,,
129,2026-05-26,SH600600,-0.02997654490172863,EXP_LinearModel_Alpha158_csi300_custom_step0_s_20260526_16,c011a6eb06d549729c55677f783f581c,0.083,,,
130,2026-05-26,SH600515,-0.02880765125155449,EXP_LinearModel_Alpha158_csi300_custom_step0_s_20260526_16,c011a6eb06d549729c55677f783f581c,0.083,,,
131,2026-05-26,SH600482,-0.03622822463512421,EXP_LinearModel_Alpha158_csi300_custom_step0_s_20260526_16,c011a6eb06d549729c55677f783f581c,0.083,,,
132,2026-05-26,SH600460,-0.014689560979604721,EXP_LinearModel_Alpha158_csi300_custom_step0_s_20260526_16,c011a6eb06d549729c55677f783f581c,0.083,,,
133,2026-05-26,SH600438,,EXP_LinearModel_Alpha158_csi300_custom_step0_s_20260526_16,c011a6eb06d549729c55677f783f581c,0.083,,,
134,2026-05-26,SH600436,-0.0497891902923584,EXP_LinearModel_Alpha158_csi300_custom_step0_s_20260526_16,c011a6eb06d549729c55677f783f581c,0.083,,,
135,2026-05-26,SH600426,0.026621496304869652,EXP_LinearModel_Alpha158_csi300_custom_step0_s_20260526_16,c011a6eb06d549729c55677f783f581c,0.083,,,
136,2026-05-26,SH600415,-0.017612274736166,EXP_LinearModel_Alpha158_csi300_custom_step0_s_20260526_16,c011a6eb06d549729c55677f783f581c,0.083,,,
137,2026-05-26,SH600489,-0.003642709692940116,EXP_LinearModel_Alpha158_csi300_custom_step0_s_20260526_16,c011a6eb06d549729c55677f783f581c,0.083,,,
138,2026-05-26,SZ002600,0.08971654733593908,EXP_DEnsembleModel_Alpha158_csi300_custom_step0_s_20260526_16,59b448fbaa1d4df6bc48149aeabeedcd,0.06,,,
139,2026-05-26,SZ002594,-0.0093956041286265,EXP_DEnsembleModel_Alpha158_csi300_custom_step0_s_20260526_16,59b448fbaa1d4df6bc48149aeabeedcd,0.06,,,
140,2026-05-26,SZ002493,-0.08802406075723025,EXP_DEnsembleModel_Alpha158_csi300_custom_step0_s_20260526_16,59b448fbaa1d4df6bc48149aeabeedcd,0.06,,,
141,2026-05-26,SH601919,-0.02465736862957143,EXP_DEnsembleModel_Alpha158_csi300_custom_step0_s_20260526_16,59b448fbaa1d4df6bc48149aeabeedcd,0.06,,,
142,2026-05-26,SH601939,-0.03670499575543088,EXP_DEnsembleModel_Alpha158_csi300_custom_step0_s_20260526_16,59b448fbaa1d4df6bc48149aeabeedcd,0.06,,,
143,2026-05-26,SH601985,-0.037707033192788605,EXP_DEnsembleModel_Alpha158_csi300_custom_step0_s_20260526_16,59b448fbaa1d4df6bc48149aeabeedcd,0.06,,,
144,2026-05-26,SH601988,-0.03701620887275074,EXP_DEnsembleModel_Alpha158_csi300_custom_step0_s_20260526_16,59b448fbaa1d4df6bc48149aeabeedcd,0.06,,,
145,2026-05-26,SH601995,0.04930505770861511,EXP_DEnsembleModel_Alpha158_csi300_custom_step0_s_20260526_16,59b448fbaa1d4df6bc48149aeabeedcd,0.06,,,
146,2026-05-26,SH601998,-0.05272837918289007,EXP_DEnsembleModel_Alpha158_csi300_custom_step0_s_20260526_16,59b448fbaa1d4df6bc48149aeabeedcd,0.06,,,
147,2026-05-26,SH603019,0.17865272563051973,EXP_DEnsembleModel_Alpha158_csi300_custom_step0_s_20260526_16,59b448fbaa1d4df6bc48149aeabeedcd,0.06,,,
148,2026-05-26,SH603195,-0.029599582353986232,EXP_DEnsembleModel_Alpha158_csi300_custom_step0_s_20260526_16,59b448fbaa1d4df6bc48149aeabeedcd,0.06,,,
149,2026-05-26,SH603259,0.05266659907459628,EXP_DEnsembleModel_Alpha158_csi300_custom_step0_s_20260526_16,59b448fbaa1d4df6bc48149aeabeedcd,0.06,,,
150,2026-05-26,SH603260,-0.0068364445528322545,EXP_DEnsembleModel_Alpha158_csi300_custom_step0_s_20260526_16,59b448fbaa1d4df6bc48149aeabeedcd,0.06,,,
151,2026-05-26,SH603288,-0.04087048381914154,EXP_DEnsembleModel_Alpha158_csi300_custom_step0_s_20260526_16,59b448fbaa1d4df6bc48149aeabeedcd,0.06,,,
152,2026-05-26,SH603296,0.12274684883518805,EXP_DEnsembleModel_Alpha158_csi300_custom_step0_s_20260526_16,59b448fbaa1d4df6bc48149aeabeedcd,0.06,,,
153,2026-05-26,SH603369,0.16350925122505172,EXP_DEnsembleModel_Alpha158_csi300_custom_step0_s_20260526_16,59b448fbaa1d4df6bc48149aeabeedcd,0.06,,,
154,2026-05-26,SH603392,0.04874523481962579,EXP_DEnsembleModel_Alpha158_csi300_custom_step0_s_20260526_16,59b448fbaa1d4df6bc48149aeabeedcd,0.06,,,
155,2026-05-26,SH603501,0.05505313792573836,EXP_DEnsembleModel_Alpha158_csi300_custom_step0_s_20260526_16,59b448fbaa1d4df6bc48149aeabeedcd,0.06,,,
156,2026-05-26,SH603799,-0.09481421260773036,EXP_DEnsembleModel_Alpha158_csi300_custom_step0_s_20260526_16,59b448fbaa1d4df6bc48149aeabeedcd,0.06,,,
157,2026-05-26,SH603893,0.1530670457579541,EXP_DEnsembleModel_Alpha158_csi300_custom_step0_s_20260526_16,59b448fbaa1d4df6bc48149aeabeedcd,0.06,,,
158,2026-05-26,SH688169,0.06592905192992125,EXP_DEnsembleModel_Alpha158_csi300_custom_step0_s_20260526_16,59b448fbaa1d4df6bc48149aeabeedcd,0.06,,,
159,2026-05-26,SH688126,0.012998290702738521,EXP_DEnsembleModel_Alpha158_csi300_custom_step0_s_20260526_16,59b448fbaa1d4df6bc48149aeabeedcd,0.06,,,
160,2026-05-26,SH688111,0.10562478254411876,EXP_DEnsembleModel_Alpha158_csi300_custom_step0_s_20260526_16,59b448fbaa1d4df6bc48149aeabeedcd,0.06,,,
161,2026-05-26,SH688082,-0.04282206606254242,EXP_DEnsembleModel_Alpha158_csi300_custom_step0_s_20260526_16,59b448fbaa1d4df6bc48149aeabeedcd,0.06,,,
162,2026-05-26,SH688047,0.34354204462128923,EXP_DEnsembleModel_Alpha158_csi300_custom_step0_s_20260526_16,59b448fbaa1d4df6bc48149aeabeedcd,0.06,,,
163,2026-05-26,SH688041,-0.2701657722971001,EXP_DEnsembleModel_Alpha158_csi300_custom_step0_s_20260526_16,59b448fbaa1d4df6bc48149aeabeedcd,0.06,,,
164,2026-05-26,SH601916,-0.021069648452080827,EXP_DEnsembleModel_Alpha158_csi300_custom_step0_s_20260526_16,59b448fbaa1d4df6bc48149aeabeedcd,0.06,,,
165,2026-05-26,SH688036,0.11665459642540821,EXP_DEnsembleModel_Alpha158_csi300_custom_step0_s_20260526_16,59b448fbaa1d4df6bc48149aeabeedcd,0.06,,,
166,2026-05-26,SH688009,-0.08825436956003825,EXP_DEnsembleModel_Alpha158_csi300_custom_step0_s_20260526_16,59b448fbaa1d4df6bc48149aeabeedcd,0.06,,,
167,2026-05-26,SH688008,0.05883055618898156,EXP_DEnsembleModel_Alpha158_csi300_custom_step0_s_20260526_16,59b448fbaa1d4df6bc48149aeabeedcd,0.06,,,
168,2026-05-26,SH605499,0.11312848680592379,EXP_DEnsembleModel_Alpha158_csi300_custom_step0_s_20260526_16,59b448fbaa1d4df6bc48149aeabeedcd,0.06,,,
169,2026-05-26,SH605117,0.0837502958163586,EXP_DEnsembleModel_Alpha158_csi300_custom_step0_s_20260526_16,59b448fbaa1d4df6bc48149aeabeedcd,0.06,,,
170,2026-05-26,SH603993,-0.106777937982332,EXP_DEnsembleModel_Alpha158_csi300_custom_step0_s_20260526_16,59b448fbaa1d4df6bc48149aeabeedcd,0.06,,,
171,2026-05-26,SH603986,-0.17922955914019512,EXP_DEnsembleModel_Alpha158_csi300_custom_step0_s_20260526_16,59b448fbaa1d4df6bc48149aeabeedcd,0.06,,,
172,2026-05-26,SH688012,0.030467817906327906,EXP_DEnsembleModel_Alpha158_csi300_custom_step0_s_20260526_16,59b448fbaa1d4df6bc48149aeabeedcd,0.06,,,
173,2026-05-26,SH688187,-0.044168373615213426,EXP_DEnsembleModel_Alpha158_csi300_custom_step0_s_20260526_16,59b448fbaa1d4df6bc48149aeabeedcd,0.06,,,
174,2026-05-26,SH601901,-0.049381723670855374,EXP_DEnsembleModel_Alpha158_csi300_custom_step0_s_20260526_16,59b448fbaa1d4df6bc48149aeabeedcd,0.06,,,
175,2026-05-26,SH601898,0.10637553779595803,EXP_DEnsembleModel_Alpha158_csi300_custom_step0_s_20260526_16,59b448fbaa1d4df6bc48149aeabeedcd,0.06,,,
176,2026-05-26,SH601390,-0.10895632022912045,EXP_DEnsembleModel_Alpha158_csi300_custom_step0_s_20260526_16,59b448fbaa1d4df6bc48149aeabeedcd,0.06,,,
177,2026-05-26,SH601398,-0.08107081522775557,EXP_DEnsembleModel_Alpha158_csi300_custom_step0_s_20260526_16,59b448fbaa1d4df6bc48149aeabeedcd,0.06,,,
178,2026-05-26,SH601456,-0.07211505060348519,EXP_DEnsembleModel_Alpha158_csi300_custom_step0_s_20260526_16,59b448fbaa1d4df6bc48149aeabeedcd,0.06,,,
179,2026-05-26,SH601600,0.06931916351225086,EXP_DEnsembleModel_Alpha158_csi300_custom_step0_s_20260526_16,59b448fbaa1d4df6bc48149aeabeedcd,0.06,,,
180,2026-05-26,SH601601,0.025200154818454557,EXP_DEnsembleModel_Alpha158_csi300_custom_step0_s_20260526_16,59b448fbaa1d4df6bc48149aeabeedcd,0.06,,,
181,2026-05-26,SH601607,-0.08014332727890118,EXP_DEnsembleModel_Alpha158_csi300_custom_step0_s_20260526_16,59b448fbaa1d4df6bc48149aeabeedcd,0.06,,,
182,2026-05-26,SH601618,-0.049390546096716406,EXP_DEnsembleModel_Alpha158_csi300_custom_step0_s_20260526_16,59b448fbaa1d4df6bc48149aeabeedcd,0.06,,,
183,2026-05-26,SH601628,-0.007301634371297963,EXP_DEnsembleModel_Alpha158_csi300_custom_step0_s_20260526_16,59b448fbaa1d4df6bc48149aeabeedcd,0.06,,,
184,2026-05-26,SH601633,0.028703947792607373,EXP_DEnsembleModel_Alpha158_csi300_custom_step0_s_20260526_16,59b448fbaa1d4df6bc48149aeabeedcd,0.06,,,
185,2026-05-26,SH601658,-0.11997777186228893,EXP_DEnsembleModel_Alpha158_csi300_custom_step0_s_20260526_16,59b448fbaa1d4df6bc48149aeabeedcd,0.06,,,
186,2026-05-26,SH601668,-0.09271995934433822,EXP_DEnsembleModel_Alpha158_csi300_custom_step0_s_20260526_16,59b448fbaa1d4df6bc48149aeabeedcd,0.06,,,
187,2026-05-26,SH601669,-0.007090204801054178,EXP_DEnsembleModel_Alpha158_csi300_custom_step0_s_20260526_16,59b448fbaa1d4df6bc48149aeabeedcd,0.06,,,
188,2026-05-26,SH601688,-0.011732205311072842,EXP_DEnsembleModel_Alpha158_csi300_custom_step0_s_20260526_16,59b448fbaa1d4df6bc48149aeabeedcd,0.06,,,
189,2026-05-26,SH601689,0.19930875970133496,EXP_DEnsembleModel_Alpha158_csi300_custom_step0_s_20260526_16,59b448fbaa1d4df6bc48149aeabeedcd,0.06,,,
190,2026-05-26,SH601698,0.13455576745984685,EXP_DEnsembleModel_Alpha158_csi300_custom_step0_s_20260526_16,59b448fbaa1d4df6bc48149aeabeedcd,0.06,,,
191,2026-05-26,SH601728,-0.037988498726315746,EXP_DEnsembleModel_Alpha158_csi300_custom_step0_s_20260526_16,59b448fbaa1d4df6bc48149aeabeedcd,0.06,,,
192,2026-05-26,SH601766,-0.07638198182083158,EXP_DEnsembleModel_Alpha158_csi300_custom_step0_s_20260526_16,59b448fbaa1d4df6bc48149aeabeedcd,0.06,,,
193,2026-05-26,SH601888,0.20298805552066623,EXP_DEnsembleModel_Alpha158_csi300_custom_step0_s_20260526_16,59b448fbaa1d4df6bc48149aeabeedcd,0.06,,,
194,2026-05-26,SH601881,0.08269800935947096,EXP_DEnsembleModel_Alpha158_csi300_custom_step0_s_20260526_16,59b448fbaa1d4df6bc48149aeabeedcd,0.06,,,
195,2026-05-26,SH601878,0.029950347240161053,EXP_DEnsembleModel_Alpha158_csi300_custom_step0_s_20260526_16,59b448fbaa1d4df6bc48149aeabeedcd,0.06,,,
196,2026-05-26,SH601877,0.08725625789778393,EXP_DEnsembleModel_Alpha158_csi300_custom_step0_s_20260526_16,59b448fbaa1d4df6bc48149aeabeedcd,0.06,,,
197,2026-05-26,SH601872,0.231292585972292,EXP_DEnsembleModel_Alpha158_csi300_custom_step0_s_20260526_16,59b448fbaa1d4df6bc48149aeabeedcd,0.06,,,
198,2026-05-26,SH601868,0.03331742625242612,EXP_DEnsembleModel_Alpha158_csi300_custom_step0_s_20260526_16,59b448fbaa1d4df6bc48149aeabeedcd,0.06,,,
199,2026-05-26,SH601899,-0.07413385833723654,EXP_DEnsembleModel_Alpha158_csi300_custom_step0_s_20260526_16,59b448fbaa1d4df6bc48149aeabeedcd,0.06,,,
200,2026-05-26,SH601857,0.02137758179994114,EXP_DEnsembleModel_Alpha158_csi300_custom_step0_s_20260526_16,59b448fbaa1d4df6bc48149aeabeedcd,0.06,,,
201,2026-05-26,SH601825,-0.07462939085169885,EXP_DEnsembleModel_Alpha158_csi300_custom_step0_s_20260526_16,59b448fbaa1d4df6bc48149aeabeedcd,0.06,,,
202,2026-05-26,SH601818,-0.08368590939183562,EXP_DEnsembleModel_Alpha158_csi300_custom_step0_s_20260526_16,59b448fbaa1d4df6bc48149aeabeedcd,0.06,,,
203,2026-05-26,SH601816,-0.06719932755491746,EXP_DEnsembleModel_Alpha158_csi300_custom_step0_s_20260526_16,59b448fbaa1d4df6bc48149aeabeedcd,0.06,,,
204,2026-05-26,SH601808,0.029008128035871612,EXP_DEnsembleModel_Alpha158_csi300_custom_step0_s_20260526_16,59b448fbaa1d4df6bc48149aeabeedcd,0.06,,,
205,2026-05-26,SH601800,0.038770106449036404,EXP_DEnsembleModel_Alpha158_csi300_custom_step0_s_20260526_16,59b448fbaa1d4df6bc48149aeabeedcd,0.06,,,
206,2026-05-26,SH601788,-0.01583525631973715,EXP_DEnsembleModel_Alpha158_csi300_custom_step0_s_20260526_16,59b448fbaa1d4df6bc48149aeabeedcd,0.06,,,
207,2026-05-26,SH601838,0.04952833563141607,EXP_DEnsembleModel_Alpha158_csi300_custom_step0_s_20260526_16,59b448fbaa1d4df6bc48149aeabeedcd,0.06,,,
208,2026-05-26,SH688223,0.08995051426681805,EXP_DEnsembleModel_Alpha158_csi300_custom_step0_s_20260526_16,59b448fbaa1d4df6bc48149aeabeedcd,0.06,,,
209,2026-05-26,SH688256,0.4428279532123646,EXP_DEnsembleModel_Alpha158_csi300_custom_step0_s_20260526_16,59b448fbaa1d4df6bc48149aeabeedcd,0.06,,,
210,2026-05-26,SH688271,-0.04759779829021554,EXP_DEnsembleModel_Alpha158_csi300_custom_step0_s_20260526_16,59b448fbaa1d4df6bc48149aeabeedcd,0.06,,,
211,2026-05-26,SZ000975,-0.14349297701156996,EXP_DEnsembleModel_Alpha158_csi300_custom_step0_s_20260526_16,59b448fbaa1d4df6bc48149aeabeedcd,0.06,,,
212,2026-05-26,SZ000977,0.24276209361488327,EXP_DEnsembleModel_Alpha158_csi300_custom_step0_s_20260526_16,59b448fbaa1d4df6bc48149aeabeedcd,0.06,,,
213,2026-05-26,SZ000983,0.07685494784747185,EXP_DEnsembleModel_Alpha158_csi300_custom_step0_s_20260526_16,59b448fbaa1d4df6bc48149aeabeedcd,0.06,,,
214,2026-05-26,SZ000999,-0.07339121763342812,EXP_DEnsembleModel_Alpha158_csi300_custom_step0_s_20260526_16,59b448fbaa1d4df6bc48149aeabeedcd,0.06,,,
215,2026-05-26,SZ001391,-0.07606960671218209,EXP_DEnsembleModel_Alpha158_csi300_custom_step0_s_20260526_16,59b448fbaa1d4df6bc48149aeabeedcd,0.06,,,
216,2026-05-26,SZ001965,0.14737994349009503,EXP_DEnsembleModel_Alpha158_csi300_custom_step0_s_20260526_16,59b448fbaa1d4df6bc48149aeabeedcd,0.06,,,
217,2026-05-26,SZ001979,0.04617443410647239,EXP_DEnsembleModel_Alpha158_csi300_custom_step0_s_20260526_16,59b448fbaa1d4df6bc48149aeabeedcd,0.06,,,
218,2026-05-26,SZ002001,0.004893645079377504,EXP_DEnsembleModel_Alpha158_csi300_custom_step0_s_20260526_16,59b448fbaa1d4df6bc48149aeabeedcd,0.06,,,
219,2026-05-26,SZ002027,-0.03337385630416705,EXP_DEnsembleModel_Alpha158_csi300_custom_step0_s_20260526_16,59b448fbaa1d4df6bc48149aeabeedcd,0.06,,,
220,2026-05-26,SZ002028,-0.10869889433455181,EXP_DEnsembleModel_Alpha158_csi300_custom_step0_s_20260526_16,59b448fbaa1d4df6bc48149aeabeedcd,0.06,,,
221,2026-05-26,SZ002049,0.08337485017163507,EXP_DEnsembleModel_Alpha158_csi300_custom_step0_s_20260526_16,59b448fbaa1d4df6bc48149aeabeedcd,0.06,,,
222,2026-05-26,SZ002050,0.07589623366039676,EXP_DEnsembleModel_Alpha158_csi300_custom_step0_s_20260526_16,59b448fbaa1d4df6bc48149aeabeedcd,0.06,,,
223,2026-05-26,SZ002074,0.05141008237088015,EXP_DEnsembleModel_Alpha158_csi300_custom_step0_s_20260526_16,59b448fbaa1d4df6bc48149aeabeedcd,0.06,,,
224,2026-05-26,SZ002142,-0.06162275149764187,EXP_DEnsembleModel_Alpha158_csi300_custom_step0_s_20260526_16,59b448fbaa1d4df6bc48149aeabeedcd,0.06,,,
225,2026-05-26,SZ002179,0.1299376924420231,EXP_DEnsembleModel_Alpha158_csi300_custom_step0_s_20260526_16,59b448fbaa1d4df6bc48149aeabeedcd,0.06,,,
226,2026-05-26,SZ002230,-0.01463034468975533,EXP_DEnsembleModel_Alpha158_csi300_custom_step0_s_20260526_16,59b448fbaa1d4df6bc48149aeabeedcd,0.06,,,
227,2026-05-26,SZ002236,-0.013598408267885118,EXP_DEnsembleModel_Alpha158_csi300_custom_step0_s_20260526_16,59b448fbaa1d4df6bc48149aeabeedcd,0.06,,,
228,2026-05-26,SZ002475,0.35281998635628925,EXP_DEnsembleModel_Alpha158_csi300_custom_step0_s_20260526_16,59b448fbaa1d4df6bc48149aeabeedcd,0.06,,,
229,2026-05-26,SZ002466,0.0687843787158643,EXP_DEnsembleModel_Alpha158_csi300_custom_step0_s_20260526_16,59b448fbaa1d4df6bc48149aeabeedcd,0.06,,,
230,2026-05-26,SZ002463,0.1517301404765082,EXP_DEnsembleModel_Alpha158_csi300_custom_step0_s_20260526_16,59b448fbaa1d4df6bc48149aeabeedcd,0.06,,,
231,2026-05-26,SZ002460,0.1144770125544563,EXP_DEnsembleModel_Alpha158_csi300_custom_step0_s_20260526_16,59b448fbaa1d4df6bc48149aeabeedcd,0.06,,,
232,2026-05-26,SZ002459,0.22266678043009752,EXP_DEnsembleModel_Alpha158_csi300_custom_step0_s_20260526_16,59b448fbaa1d4df6bc48149aeabeedcd,0.06,,,
233,2026-05-26,SZ002422,0.010090995339987767,EXP_DEnsembleModel_Alpha158_csi300_custom_step0_s_20260526_16,59b448fbaa1d4df6bc48149aeabeedcd,0.06,,,
234,2026-05-26,SZ000963,0.020305461050721643,EXP_DEnsembleModel_Alpha158_csi300_custom_step0_s_20260526_16,59b448fbaa1d4df6bc48149aeabeedcd,0.06,,,
235,2026-05-26,SZ002415,0.12765042690868628,EXP_DEnsembleModel_Alpha158_csi300_custom_step0_s_20260526_16,59b448fbaa1d4df6bc48149aeabeedcd,0.06,,,
236,2026-05-26,SZ002371,0.24256528725981763,EXP_DEnsembleModel_Alpha158_csi300_custom_step0_s_20260526_16,59b448fbaa1d4df6bc48149aeabeedcd,0.06,,,
237,2026-05-26,SZ002352,-0.013068785339892069,EXP_DEnsembleModel_Alpha158_csi300_custom_step0_s_20260526_16,59b448fbaa1d4df6bc48149aeabeedcd,0.06,,,
238,2026-05-26,SZ002311,0.025808072293759917,EXP_DEnsembleModel_Alpha158_csi300_custom_step0_s_20260526_16,59b448fbaa1d4df6bc48149aeabeedcd,0.06,,,
239,2026-05-26,SZ002304,-0.01757653515112981,EXP_DEnsembleModel_Alpha158_csi300_custom_step0_s_20260526_16,59b448fbaa1d4df6bc48149aeabeedcd,0.06,,,
240,2026-05-26,SZ002252,-0.010879036917160178,EXP_DEnsembleModel_Alpha158_csi300_custom_step0_s_20260526_16,59b448fbaa1d4df6bc48149aeabeedcd,0.06,,,
241,2026-05-26,SZ002241,-0.0053325927522127415,EXP_DEnsembleModel_Alpha158_csi300_custom_step0_s_20260526_16,59b448fbaa1d4df6bc48149aeabeedcd,0.06,,,
242,2026-05-26,SZ002384,0.3094357792643899,EXP_DEnsembleModel_Alpha158_csi300_custom_step0_s_20260526_16,59b448fbaa1d4df6bc48149aeabeedcd,0.06,,,
243,2026-05-26,SZ000938,0.17422278143130324,EXP_DEnsembleModel_Alpha158_csi300_custom_step0_s_20260526_16,59b448fbaa1d4df6bc48149aeabeedcd,0.06,,,
244,2026-05-26,SZ000895,-0.023211497140295204,EXP_DEnsembleModel_Alpha158_csi300_custom_step0_s_20260526_16,59b448fbaa1d4df6bc48149aeabeedcd,0.06,,,
245,2026-05-26,SZ000876,-0.08024098234396378,EXP_DEnsembleModel_Alpha158_csi300_custom_step0_s_20260526_16,59b448fbaa1d4df6bc48149aeabeedcd,0.06,,,
246,2026-05-26,SZ000338,0.16384361274197426,EXP_DEnsembleModel_Alpha158_csi300_custom_step0_s_20260526_16,59b448fbaa1d4df6bc48149aeabeedcd,0.06,,,
247,2026-05-26,SZ000333,0.026996043101393544,EXP_DEnsembleModel_Alpha158_csi300_custom_step0_s_20260526_16,59b448fbaa1d4df6bc48149aeabeedcd,0.06,,,
248,2026-05-26,SZ000301,0.09682069749673036,EXP_DEnsembleModel_Alpha158_csi300_custom_step0_s_20260526_16,59b448fbaa1d4df6bc48149aeabeedcd,0.06,,,
249,2026-05-26,SZ000166,-0.07847022745221652,EXP_DEnsembleModel_Alpha158_csi300_custom_step0_s_20260526_16,59b448fbaa1d4df6bc48149aeabeedcd,0.06,,,
250,2026-05-26,SZ000157,-0.06253788153179907,EXP_DEnsembleModel_Alpha158_csi300_custom_step0_s_20260526_16,59b448fbaa1d4df6bc48149aeabeedcd,0.06,,,
251,2026-05-26,SZ000100,-0.06376432085142607,EXP_DEnsembleModel_Alpha158_csi300_custom_step0_s_20260526_16,59b448fbaa1d4df6bc48149aeabeedcd,0.06,,,
252,2026-05-26,SZ000408,-0.15395872536846256,EXP_DEnsembleModel_Alpha158_csi300_custom_step0_s_20260526_16,59b448fbaa1d4df6bc48149aeabeedcd,0.06,,,
253,2026-05-26,SZ000063,0.16245450940588682,EXP_DEnsembleModel_Alpha158_csi300_custom_step0_s_20260526_16,59b448fbaa1d4df6bc48149aeabeedcd,0.06,,,
254,2026-05-26,SZ000001,-0.09580257115221623,EXP_DEnsembleModel_Alpha158_csi300_custom_step0_s_20260526_16,59b448fbaa1d4df6bc48149aeabeedcd,0.06,,,
255,2026-05-26,SH688981,-0.1058229449236167,EXP_DEnsembleModel_Alpha158_csi300_custom_step0_s_20260526_16,59b448fbaa1d4df6bc48149aeabeedcd,0.06,,,
256,2026-05-26,SH688506,0.2823284374314755,EXP_DEnsembleModel_Alpha158_csi300_custom_step0_s_20260526_16,59b448fbaa1d4df6bc48149aeabeedcd,0.06,,,
257,2026-05-26,SH688472,0.12287729555128482,EXP_DEnsembleModel_Alpha158_csi300_custom_step0_s_20260526_16,59b448fbaa1d4df6bc48149aeabeedcd,0.06,,,
258,2026-05-26,SH688396,0.23327003214110797,EXP_DEnsembleModel_Alpha158_csi300_custom_step0_s_20260526_16,59b448fbaa1d4df6bc48149aeabeedcd,0.06,,,
259,2026-05-26,SH688303,0.16233469193859115,EXP_DEnsembleModel_Alpha158_csi300_custom_step0_s_20260526_16,59b448fbaa1d4df6bc48149aeabeedcd,0.06,,,
260,2026-05-26,SZ000002,0.15754784588498624,EXP_DEnsembleModel_Alpha158_csi300_custom_step0_s_20260526_16,59b448fbaa1d4df6bc48149aeabeedcd,0.06,,,
261,2026-05-26,SH601088,0.02766212448477745,EXP_LinearModel_Alpha158_csi300_custom_step0_s_20260526_16,c011a6eb06d549729c55677f783f581c,0.083,,,
262,2026-05-26,SZ000425,0.06207741914956744,EXP_DEnsembleModel_Alpha158_csi300_custom_step0_s_20260526_16,59b448fbaa1d4df6bc48149aeabeedcd,0.06,,,
263,2026-05-26,SZ000568,0.011987281462559224,EXP_DEnsembleModel_Alpha158_csi300_custom_step0_s_20260526_16,59b448fbaa1d4df6bc48149aeabeedcd,0.06,,,
264,2026-05-26,SZ000858,-0.03216887033281576,EXP_DEnsembleModel_Alpha158_csi300_custom_step0_s_20260526_16,59b448fbaa1d4df6bc48149aeabeedcd,0.06,,,
265,2026-05-26,SZ000807,-0.13611937123723694,EXP_DEnsembleModel_Alpha158_csi300_custom_step0_s_20260526_16,59b448fbaa1d4df6bc48149aeabeedcd,0.06,,,
266,2026-05-26,SZ000792,-0.08564680065093476,EXP_DEnsembleModel_Alpha158_csi300_custom_step0_s_20260526_16,59b448fbaa1d4df6bc48149aeabeedcd,0.06,,,
267,2026-05-26,SZ000786,0.02359785869228142,EXP_DEnsembleModel_Alpha158_csi300_custom_step0_s_20260526_16,59b448fbaa1d4df6bc48149aeabeedcd,0.06,,,
268,2026-05-26,SZ000776,-0.011854063114560566,EXP_DEnsembleModel_Alpha158_csi300_custom_step0_s_20260526_16,59b448fbaa1d4df6bc48149aeabeedcd,0.06,,,
269,2026-05-26,SZ000768,-0.1011396419874981,EXP_DEnsembleModel_Alpha158_csi300_custom_step0_s_20260526_16,59b448fbaa1d4df6bc48149aeabeedcd,0.06,,,
270,2026-05-26,SZ000538,-0.0974937688260379,EXP_DEnsembleModel_Alpha158_csi300_custom_step0_s_20260526_16,59b448fbaa1d4df6bc48149aeabeedcd,0.06,,,
271,2026-05-26,SZ000725,-0.012550552919387508,EXP_DEnsembleModel_Alpha158_csi300_custom_step0_s_20260526_16,59b448fbaa1d4df6bc48149aeabeedcd,0.06,,,
272,2026-05-26,SZ000661,0.002634729551250777,EXP_DEnsembleModel_Alpha158_csi300_custom_step0_s_20260526_16,59b448fbaa1d4df6bc48149aeabeedcd,0.06,,,
273,2026-05-26,SZ000651,0.01711373917946476,EXP_DEnsembleModel_Alpha158_csi300_custom_step0_s_20260526_16,59b448fbaa1d4df6bc48149aeabeedcd,0.06,,,
274,2026-05-26,SZ000630,-0.04615592987994211,EXP_DEnsembleModel_Alpha158_csi300_custom_step0_s_20260526_16,59b448fbaa1d4df6bc48149aeabeedcd,0.06,,,
275,2026-05-26,SZ000625,0.10405902916085345,EXP_DEnsembleModel_Alpha158_csi300_custom_step0_s_20260526_16,59b448fbaa1d4df6bc48149aeabeedcd,0.06,,,
276,2026-05-26,SZ000617,0.0682109772820663,EXP_DEnsembleModel_Alpha158_csi300_custom_step0_s_20260526_16,59b448fbaa1d4df6bc48149aeabeedcd,0.06,,,
277,2026-05-26,SZ000596,0.20913237180246497,EXP_DEnsembleModel_Alpha158_csi300_custom_step0_s_20260526_16,59b448fbaa1d4df6bc48149aeabeedcd,0.06,,,
278,2026-05-26,SZ000708,-0.03312176215340314,EXP_DEnsembleModel_Alpha158_csi300_custom_step0_s_20260526_16,59b448fbaa1d4df6bc48149aeabeedcd,0.06,,,
279,2026-05-26,SH601377,-0.05303250397567075,EXP_DEnsembleModel_Alpha158_csi300_custom_step0_s_20260526_16,59b448fbaa1d4df6bc48149aeabeedcd,0.06,,,
280,2026-05-26,SH601100,-0.023881640285253525,EXP_LinearModel_Alpha158_csi300_custom_step0_s_20260526_16,c011a6eb06d549729c55677f783f581c,0.083,,,
281,2026-05-26,SH601117,-0.022705432027578354,EXP_LinearModel_Alpha158_csi300_custom_step0_s_20260526_16,c011a6eb06d549729c55677f783f581c,0.083,,,
282,2026-05-26,SZ300274,0.043392613530159,EXP_LinearModel_Alpha158_csi300_custom_step0_s_20260526_16,c011a6eb06d549729c55677f783f581c,0.083,,,
283,2026-05-26,SZ300308,-0.11012287437915802,EXP_LinearModel_Alpha158_csi300_custom_step0_s_20260526_16,c011a6eb06d549729c55677f783f581c,0.083,,,
284,2026-05-26,SZ300316,-0.03813941776752472,EXP_LinearModel_Alpha158_csi300_custom_step0_s_20260526_16,c011a6eb06d549729c55677f783f581c,0.083,,,
285,2026-05-26,SZ300347,0.009181607514619827,EXP_LinearModel_Alpha158_csi300_custom_step0_s_20260526_16,c011a6eb06d549729c55677f783f581c,0.083,,,
286,2026-05-26,SZ300394,0.0047200145199894905,EXP_LinearModel_Alpha158_csi300_custom_step0_s_20260526_16,c011a6eb06d549729c55677f783f581c,0.083,,,
287,2026-05-26,SZ300408,-0.1463693380355835,EXP_LinearModel_Alpha158_csi300_custom_step0_s_20260526_16,c011a6eb06d549729c55677f783f581c,0.083,,,
288,2026-05-26,SZ300413,-0.013870596885681152,EXP_LinearModel_Alpha158_csi300_custom_step0_s_20260526_16,c011a6eb06d549729c55677f783f581c,0.083,,,
289,2026-05-26,SZ300418,-0.03887566924095154,EXP_LinearModel_Alpha158_csi300_custom_step0_s_20260526_16,c011a6eb06d549729c55677f783f581c,0.083,,,
290,2026-05-26,SZ300433,0.07853823900222778,EXP_LinearModel_Alpha158_csi300_custom_step0_s_20260526_16,c011a6eb06d549729c55677f783f581c,0.083,,,
291,2026-05-26,SZ300442,0.0062104519456624985,EXP_LinearModel_Alpha158_csi300_custom_step0_s_20260526_16,c011a6eb06d549729c55677f783f581c,0.083,,,
292,2026-05-26,SZ300476,-0.05157501623034477,EXP_LinearModel_Alpha158_csi300_custom_step0_s_20260526_16,c011a6eb06d549729c55677f783f581c,0.083,,,
293,2026-05-26,SZ300498,0.001900819013826549,EXP_LinearModel_Alpha158_csi300_custom_step0_s_20260526_16,c011a6eb06d549729c55677f783f581c,0.083,,,
294,2026-05-26,SZ300502,-0.11570322513580322,EXP_LinearModel_Alpha158_csi300_custom_step0_s_20260526_16,c011a6eb06d549729c55677f783f581c,0.083,,,
295,2026-05-26,SZ300628,0.015878479927778244,EXP_LinearModel_Alpha158_csi300_custom_step0_s_20260526_16,c011a6eb06d549729c55677f783f581c,0.083,,,
296,2026-05-26,SZ300661,-0.08051648736000061,EXP_LinearModel_Alpha158_csi300_custom_step0_s_20260526_16,c011a6eb06d549729c55677f783f581c,0.083,,,
297,2026-05-26,SZ300750,-0.018532682210206985,EXP_LinearModel_Alpha158_csi300_custom_step0_s_20260526_16,c011a6eb06d549729c55677f783f581c,0.083,,,
298,2026-05-26,SZ300759,-0.010793834924697876,EXP_LinearModel_Alpha158_csi300_custom_step0_s_20260526_16,c011a6eb06d549729c55677f783f581c,0.083,,,
299,2026-05-26,SH600010,-0.06671986728906631,EXP_LinearModel_Alpha158_csi300_custom_step0_s_20260526_16,b1a493c43e3f4e2188fccc59466acef0,0.103,,,
300,2026-05-26,SH600009,0.01569182425737381,EXP_LinearModel_Alpha158_csi300_custom_step0_s_20260526_16,b1a493c43e3f4e2188fccc59466acef0,0.103,,,
301,2026-05-26,SH600000,0.005807563662528992,EXP_LinearModel_Alpha158_csi300_custom_step0_s_20260526_16,b1a493c43e3f4e2188fccc59466acef0,0.103,,,
302,2026-05-26,SZ302132,-0.05217047408223152,EXP_LinearModel_Alpha158_csi300_custom_step0_s_20260526_16,c011a6eb06d549729c55677f783f581c,0.083,,,
303,2026-05-26,SZ301269,-0.18579575419425964,EXP_LinearModel_Alpha158_csi300_custom_step0_s_20260526_16,c011a6eb06d549729c55677f783f581c,0.083,,,
304,2026-05-26,SZ301236,-0.0051247854717075825,EXP_LinearModel_Alpha158_csi300_custom_step0_s_20260526_16,c011a6eb06d549729c55677f783f581c,0.083,,,
305,2026-05-26,SZ300251,-0.06314976513385773,EXP_LinearModel_Alpha158_csi300_custom_step0_s_20260526_16,c011a6eb06d549729c55677f783f581c,0.083,,,
306,2026-05-26,SZ300999,-0.09296301007270813,EXP_LinearModel_Alpha158_csi300_custom_step0_s_20260526_16,c011a6eb06d549729c55677f783f581c,0.083,,,
307,2026-05-26,SZ300896,-0.036344319581985474,EXP_LinearModel_Alpha158_csi300_custom_step0_s_20260526_16,c011a6eb06d549729c55677f783f581c,0.083,,,
308,2026-05-26,SZ300866,0.014575455337762833,EXP_LinearModel_Alpha158_csi300_custom_step0_s_20260526_16,c011a6eb06d549729c55677f783f581c,0.083,,,
309,2026-05-26,SZ300832,-0.03869076073169708,EXP_LinearModel_Alpha158_csi300_custom_step0_s_20260526_16,c011a6eb06d549729c55677f783f581c,0.083,,,
310,2026-05-26,SZ300803,-0.043787647038698196,EXP_LinearModel_Alpha158_csi300_custom_step0_s_20260526_16,c011a6eb06d549729c55677f783f581c,0.083,,,
311,2026-05-26,SZ300782,0.04398160055279732,EXP_LinearModel_Alpha158_csi300_custom_step0_s_20260526_16,c011a6eb06d549729c55677f783f581c,0.083,,,
312,2026-05-26,SZ300760,-0.032755423337221146,EXP_LinearModel_Alpha158_csi300_custom_step0_s_20260526_16,c011a6eb06d549729c55677f783f581c,0.083,,,
313,2026-05-26,SZ300979,0.02500791661441326,EXP_LinearModel_Alpha158_csi300_custom_step0_s_20260526_16,c011a6eb06d549729c55677f783f581c,0.083,,,
314,2026-05-26,SH600011,0.013278751634061337,EXP_LinearModel_Alpha158_csi300_custom_step0_s_20260526_16,b1a493c43e3f4e2188fccc59466acef0,0.103,,,
315,2026-05-26,SZ300124,-0.052140012383461,EXP_LinearModel_Alpha158_csi300_custom_step0_s_20260526_16,c011a6eb06d549729c55677f783f581c,0.083,,,
316,2026-05-26,SZ300059,-0.06387203186750412,EXP_LinearModel_Alpha158_csi300_custom_step0_s_20260526_16,c011a6eb06d549729c55677f783f581c,0.083,,,
317,2026-05-26,SZ002236,0.006279968656599522,EXP_LinearModel_Alpha158_csi300_custom_step0_s_20260526_16,c011a6eb06d549729c55677f783f581c,0.083,,,
318,2026-05-26,SZ002241,0.05418124049901962,EXP_LinearModel_Alpha158_csi300_custom_step0_s_20260526_16,c011a6eb06d549729c55677f783f581c,0.083,,,
319,2026-05-26,SZ002252,-0.03724197670817375,EXP_LinearModel_Alpha158_csi300_custom_step0_s_20260526_16,c011a6eb06d549729c55677f783f581c,0.083,,,
320,2026-05-26,SZ002304,-0.05361601710319519,EXP_LinearModel_Alpha158_csi300_custom_step0_s_20260526_16,c011a6eb06d549729c55677f783f581c,0.083,,,
321,2026-05-26,SZ002311,-0.04150933027267456,EXP_LinearModel_Alpha158_csi300_custom_step0_s_20260526_16,c011a6eb06d549729c55677f783f581c,0.083,,,
322,2026-05-26,SZ002352,-0.014259598217904568,EXP_LinearModel_Alpha158_csi300_custom_step0_s_20260526_16,c011a6eb06d549729c55677f783f581c,0.083,,,
323,2026-05-26,SZ002371,-0.07656729221343994,EXP_LinearModel_Alpha158_csi300_custom_step0_s_20260526_16,c011a6eb06d549729c55677f783f581c,0.083,,,
324,2026-05-26,SZ002384,-0.0672762468457222,EXP_LinearModel_Alpha158_csi300_custom_step0_s_20260526_16,c011a6eb06d549729c55677f783f581c,0.083,,,
325,2026-05-26,SZ002415,-0.016460919752717018,EXP_LinearModel_Alpha158_csi300_custom_step0_s_20260526_16,c011a6eb06d549729c55677f783f581c,0.083,,,
326,2026-05-26,SZ002422,-0.007847165688872337,EXP_LinearModel_Alpha158_csi300_custom_step0_s_20260526_16,c011a6eb06d549729c55677f783f581c,0.083,,,
327,2026-05-26,SZ002459,0.007364772725850344,EXP_LinearModel_Alpha158_csi300_custom_step0_s_20260526_16,c011a6eb06d549729c55677f783f581c,0.083,,,
328,2026-05-26,SZ002460,-0.01155177503824234,EXP_LinearModel_Alpha158_csi300_custom_step0_s_20260526_16,c011a6eb06d549729c55677f783f581c,0.083,,,
329,2026-05-26,SZ002463,-0.11179501563310623,EXP_LinearModel_Alpha158_csi300_custom_step0_s_20260526_16,c011a6eb06d549729c55677f783f581c,0.083,,,
330,2026-05-26,SZ002466,-0.05353990197181702,EXP_LinearModel_Alpha158_csi300_custom_step0_s_20260526_16,c011a6eb06d549729c55677f783f581c,0.083,,,
331,2026-05-26,SZ002475,-0.0733150914311409,EXP_LinearModel_Alpha158_csi300_custom_step0_s_20260526_16,c011a6eb06d549729c55677f783f581c,0.083,,,
332,2026-05-26,SZ002493,-0.024132654070854187,EXP_LinearModel_Alpha158_csi300_custom_step0_s_20260526_16,c011a6eb06d549729c55677f783f581c,0.083,,,
333,2026-05-26,SZ002594,-0.016990134492516518,EXP_LinearModel_Alpha158_csi300_custom_step0_s_20260526_16,c011a6eb06d549729c55677f783f581c,0.083,,,
334,2026-05-26,SZ300033,0.006806654389947653,EXP_LinearModel_Alpha158_csi300_custom_step0_s_20260526_16,c011a6eb06d549729c55677f783f581c,0.083,,,
335,2026-05-26,SZ300015,-0.014638053253293037,EXP_LinearModel_Alpha158_csi300_custom_step0_s_20260526_16,c011a6eb06d549729c55677f783f581c,0.083,,,
336,2026-05-26,SZ300014,-0.006734192371368408,EXP_LinearModel_Alpha158_csi300_custom_step0_s_20260526_16,c011a6eb06d549729c55677f783f581c,0.083,,,
337,2026-05-26,SZ003816,0.05683506652712822,EXP_LinearModel_Alpha158_csi300_custom_step0_s_20260526_16,c011a6eb06d549729c55677f783f581c,0.083,,,
338,2026-05-26,SZ002938,-0.1841854304075241,EXP_LinearModel_Alpha158_csi300_custom_step0_s_20260526_16,c011a6eb06d549729c55677f783f581c,0.083,,,
339,2026-05-26,SZ002920,-0.024931030347943306,EXP_LinearModel_Alpha158_csi300_custom_step0_s_20260526_16,c011a6eb06d549729c55677f783f581c,0.083,,,
340,2026-05-26,SZ300122,-0.048520639538764954,EXP_LinearModel_Alpha158_csi300_custom_step0_s_20260526_16,c011a6eb06d549729c55677f783f581c,0.083,,,
341,2026-05-26,SZ002916,-0.18075129389762878,EXP_LinearModel_Alpha158_csi300_custom_step0_s_20260526_16,c011a6eb06d549729c55677f783f581c,0.083,,,
342,2026-05-26,SZ002714,-0.005090150982141495,EXP_LinearModel_Alpha158_csi300_custom_step0_s_20260526_16,c011a6eb06d549729c55677f783f581c,0.083,,,
343,2026-05-26,SZ002709,-0.0669451579451561,EXP_LinearModel_Alpha158_csi300_custom_step0_s_20260526_16,c011a6eb06d549729c55677f783f581c,0.083,,,
344,2026-05-26,SZ002648,0.03282087296247482,EXP_LinearModel_Alpha158_csi300_custom_step0_s_20260526_16,c011a6eb06d549729c55677f783f581c,0.083,,,
345,2026-05-26,SZ002625,0.00452274177223444,EXP_LinearModel_Alpha158_csi300_custom_step0_s_20260526_16,c011a6eb06d549729c55677f783f581c,0.083,,,
346,2026-05-26,SZ002601,-0.018453583121299744,EXP_LinearModel_Alpha158_csi300_custom_step0_s_20260526_16,c011a6eb06d549729c55677f783f581c,0.083,,,
347,2026-05-26,SZ002600,-0.004356570541858673,EXP_LinearModel_Alpha158_csi300_custom_step0_s_20260526_16,c011a6eb06d549729c55677f783f581c,0.083,,,
348,2026-05-26,SZ002736,-0.04913458228111267,EXP_LinearModel_Alpha158_csi300_custom_step0_s_20260526_16,c011a6eb06d549729c55677f783f581c,0.083,,,
349,2026-05-26,SZ002230,0.005228806287050247,EXP_LinearModel_Alpha158_csi300_custom_step0_s_20260526_16,c011a6eb06d549729c55677f783f581c,0.083,,,
350,2026-05-26,SH600015,0.020223308354616165,EXP_LinearModel_Alpha158_csi300_custom_step0_s_20260526_16,b1a493c43e3f4e2188fccc59466acef0,0.103,,,
351,2026-05-26,SH600018,0.06504439562559128,EXP_LinearModel_Alpha158_csi300_custom_step0_s_20260526_16,b1a493c43e3f4e2188fccc59466acef0,0.103,,,
352,2026-05-26,SH600406,-0.07560229301452637,EXP_LinearModel_Alpha158_csi300_custom_step0_s_20260526_16,b1a493c43e3f4e2188fccc59466acef0,0.103,,,
353,2026-05-26,SH600415,-0.042825743556022644,EXP_LinearModel_Alpha158_csi300_custom_step0_s_20260526_16,b1a493c43e3f4e2188fccc59466acef0,0.103,,,
354,2026-05-26,SH600426,-0.0020963444840162992,EXP_LinearModel_Alpha158_csi300_custom_step0_s_20260526_16,b1a493c43e3f4e2188fccc59466acef0,0.103,,,
355,2026-05-26,SH600436,-0.050904758274555206,EXP_LinearModel_Alpha158_csi300_custom_step0_s_20260526_16,b1a493c43e3f4e2188fccc59466acef0,0.103,,,
356,2026-05-26,SH600438,,EXP_LinearModel_Alpha158_csi300_custom_step0_s_20260526_16,b1a493c43e3f4e2188fccc59466acef0,0.103,,,
357,2026-05-26,SH600460,-0.028020629659295082,EXP_LinearModel_Alpha158_csi300_custom_step0_s_20260526_16,b1a493c43e3f4e2188fccc59466acef0,0.103,,,
358,2026-05-26,SH600482,-0.024580130353569984,EXP_LinearModel_Alpha158_csi300_custom_step0_s_20260526_16,b1a493c43e3f4e2188fccc59466acef0,0.103,,,
359,2026-05-26,SH600489,-0.01593388058245182,EXP_LinearModel_Alpha158_csi300_custom_step0_s_20260526_16,b1a493c43e3f4e2188fccc59466acef0,0.103,,,
360,2026-05-26,SH600515,-0.016074804589152336,EXP_LinearModel_Alpha158_csi300_custom_step0_s_20260526_16,b1a493c43e3f4e2188fccc59466acef0,0.103,,,
361,2026-05-26,SH600519,-0.03497704863548279,EXP_LinearModel_Alpha158_csi300_custom_step0_s_20260526_16,b1a493c43e3f4e2188fccc59466acef0,0.103,,,
362,2026-05-26,SH600522,0.14177250862121582,EXP_LinearModel_Alpha158_csi300_custom_step0_s_20260526_16,b1a493c43e3f4e2188fccc59466acef0,0.103,,,
363,2026-05-26,SH600547,-0.004722149111330509,EXP_LinearModel_Alpha158_csi300_custom_step0_s_20260526_16,b1a493c43e3f4e2188fccc59466acef0,0.103,,,
364,2026-05-26,SH600570,0.02584950253367424,EXP_LinearModel_Alpha158_csi300_custom_step0_s_20260526_16,b1a493c43e3f4e2188fccc59466acef0,0.103,,,
365,2026-05-26,SH600584,-0.24408242106437683,EXP_LinearModel_Alpha158_csi300_custom_step0_s_20260526_16,b1a493c43e3f4e2188fccc59466acef0,0.103,,,
366,2026-05-26,SH600585,-0.06835196167230606,EXP_LinearModel_Alpha158_csi300_custom_step0_s_20260526_16,b1a493c43e3f4e2188fccc59466acef0,0.103,,,
367,2026-05-26,SH600588,-0.05045372247695923,EXP_LinearModel_Alpha158_csi300_custom_step0_s_20260526_16,b1a493c43e3f4e2188fccc59466acef0,0.103,,,
368,2026-05-26,SH600600,-0.03214803338050842,EXP_LinearModel_Alpha158_csi300_custom_step0_s_20260526_16,b1a493c43e3f4e2188fccc59466acef0,0.103,,,
369,2026-05-26,SH600900,-0.010988742113113403,EXP_LinearModel_Alpha158_csi300_custom_step0_s_20260526_16,b1a493c43e3f4e2188fccc59466acef0,0.103,,,
370,2026-05-26,SH600893,-0.04116898775100708,EXP_LinearModel_Alpha158_csi300_custom_step0_s_20260526_16,b1a493c43e3f4e2188fccc59466acef0,0.103,,,
371,2026-05-26,SH600887,0.00572446221485734,EXP_LinearModel_Alpha158_csi300_custom_step0_s_20260526_16,b1a493c43e3f4e2188fccc59466acef0,0.103,,,
372,2026-05-26,SH600886,0.06860584765672684,EXP_LinearModel_Alpha158_csi300_custom_step0_s_20260526_16,b1a493c43e3f4e2188fccc59466acef0,0.103,,,
373,2026-05-26,SH600875,-0.0009439708665013313,EXP_LinearModel_Alpha158_csi300_custom_step0_s_20260526_16,b1a493c43e3f4e2188fccc59466acef0,0.103,,,
374,2026-05-26,SH600845,-0.048128072172403336,EXP_LinearModel_Alpha158_csi300_custom_step0_s_20260526_16,b1a493c43e3f4e2188fccc59466acef0,0.103,,,
375,2026-05-26,SH600377,0.08978357166051865,EXP_LinearModel_Alpha158_csi300_custom_step0_s_20260526_16,b1a493c43e3f4e2188fccc59466acef0,0.103,,,
376,2026-05-26,SH600809,-0.012742501683533192,EXP_LinearModel_Alpha158_csi300_custom_step0_s_20260526_16,b1a493c43e3f4e2188fccc59466acef0,0.103,,,
377,2026-05-26,SH600795,-0.026065273210406303,EXP_LinearModel_Alpha158_csi300_custom_step0_s_20260526_16,b1a493c43e3f4e2188fccc59466acef0,0.103,,,
378,2026-05-26,SH600760,-0.027081966400146484,EXP_LinearModel_Alpha158_csi300_custom_step0_s_20260526_16,b1a493c43e3f4e2188fccc59466acef0,0.103,,,
379,2026-05-26,SH600741,-0.053460557013750076,EXP_LinearModel_Alpha158_csi300_custom_step0_s_20260526_16,b1a493c43e3f4e2188fccc59466acef0,0.103,,,
380,2026-05-26,SH600690,-0.058502908796072006,EXP_LinearModel_Alpha158_csi300_custom_step0_s_20260526_16,b1a493c43e3f4e2188fccc59466acef0,0.103,,,
381,2026-05-26,SH600674,-0.0016387951327487826,EXP_LinearModel_Alpha158_csi300_custom_step0_s_20260526_16,b1a493c43e3f4e2188fccc59466acef0,0.103,,,
382,2026-05-26,SH600660,-0.017775313928723335,EXP_LinearModel_Alpha158_csi300_custom_step0_s_20260526_16,b1a493c43e3f4e2188fccc59466acef0,0.103,,,
383,2026-05-26,SH600803,0.04006079584360123,EXP_LinearModel_Alpha158_csi300_custom_step0_s_20260526_16,b1a493c43e3f4e2188fccc59466acef0,0.103,,,
384,2026-05-26,SH600016,0.04083497077226639,EXP_LinearModel_Alpha158_csi300_custom_step0_s_20260526_16,b1a493c43e3f4e2188fccc59466acef0,0.103,,,
385,2026-05-26,SH600372,-0.04714936763048172,EXP_LinearModel_Alpha158_csi300_custom_step0_s_20260526_16,b1a493c43e3f4e2188fccc59466acef0,0.103,,,
386,2026-05-26,SH600346,-0.05870003253221512,EXP_LinearModel_Alpha158_csi300_custom_step0_s_20260526_16,b1a493c43e3f4e2188fccc59466acef0,0.103,,,
387,2026-05-26,SH600019,0.002361580729484558,EXP_LinearModel_Alpha158_csi300_custom_step0_s_20260526_16,b1a493c43e3f4e2188fccc59466acef0,0.103,,,
388,2026-05-26,SH600023,0.0692601129412651,EXP_LinearModel_Alpha158_csi300_custom_step0_s_20260526_16,b1a493c43e3f4e2188fccc59466acef0,0.103,,,
389,2026-05-26,SH600025,0.013105204328894615,EXP_LinearModel_Alpha158_csi300_custom_step0_s_20260526_16,b1a493c43e3f4e2188fccc59466acef0,0.103,,,
390,2026-05-26,SH600026,-0.02066982351243496,EXP_LinearModel_Alpha158_csi300_custom_step0_s_20260526_16,b1a493c43e3f4e2188fccc59466acef0,0.103,,,
391,2026-05-26,SH600027,-0.003733227029442787,EXP_LinearModel_Alpha158_csi300_custom_step0_s_20260526_16,b1a493c43e3f4e2188fccc59466acef0,0.103,,,
392,2026-05-26,SH600028,-0.1810212880373001,EXP_LinearModel_Alpha158_csi300_custom_step0_s_20260526_16,b1a493c43e3f4e2188fccc59466acef0,0.103,,,
393,2026-05-26,SH600029,-0.09201637655496597,EXP_LinearModel_Alpha158_csi300_custom_step0_s_20260526_16,b1a493c43e3f4e2188fccc59466acef0,0.103,,,
394,2026-05-26,SH600030,0.02384258061647415,EXP_LinearModel_Alpha158_csi300_custom_step0_s_20260526_16,b1a493c43e3f4e2188fccc59466acef0,0.103,,,
395,2026-05-26,SH600031,-0.05604435130953789,EXP_LinearModel_Alpha158_csi300_custom_step0_s_20260526_16,b1a493c43e3f4e2188fccc59466acef0,0.103,,,
396,2026-05-26,SH600036,-0.029685163870453835,EXP_LinearModel_Alpha158_csi300_custom_step0_s_20260526_16,b1a493c43e3f4e2188fccc59466acef0,0.103,,,
397,2026-05-26,SH600039,0.12602123618125916,EXP_LinearModel_Alpha158_csi300_custom_step0_s_20260526_16,b1a493c43e3f4e2188fccc59466acef0,0.103,,,
398,2026-05-26,SH600048,-0.0353061705827713,EXP_LinearModel_Alpha158_csi300_custom_step0_s_20260526_16,b1a493c43e3f4e2188fccc59466acef0,0.103,,,
399,2026-05-26,SH600050,0.006408384535461664,EXP_LinearModel_Alpha158_csi300_custom_step0_s_20260526_16,b1a493c43e3f4e2188fccc59466acef0,0.103,,,
400,2026-05-26,SH600061,0.021350719034671783,EXP_LinearModel_Alpha158_csi300_custom_step0_s_20260526_16,b1a493c43e3f4e2188fccc59466acef0,0.103,,,
401,2026-05-26,SH600066,-0.015144551172852516,EXP_LinearModel_Alpha158_csi300_custom_step0_s_20260526_16,b1a493c43e3f4e2188fccc59466acef0,0.103,,,
402,2026-05-26,SH600085,0.009781456552445889,EXP_LinearModel_Alpha158_csi300_custom_step0_s_20260526_16,b1a493c43e3f4e2188fccc59466acef0,0.103,,,
403,2026-05-26,SH600089,-0.055387310683727264,EXP_LinearModel_Alpha158_csi300_custom_step0_s_20260526_16,b1a493c43e3f4e2188fccc59466acef0,0.103,,,
404,2026-05-26,SH600309,-0.022633079439401627,EXP_LinearModel_Alpha158_csi300_custom_step0_s_20260526_16,b1a493c43e3f4e2188fccc59466acef0,0.103,,,
405,2026-05-26,SH600276,-0.04607884958386421,EXP_LinearModel_Alpha158_csi300_custom_step0_s_20260526_16,b1a493c43e3f4e2188fccc59466acef0,0.103,,,
406,2026-05-26,SH600233,-0.03258471190929413,EXP_LinearModel_Alpha158_csi300_custom_step0_s_20260526_16,b1a493c43e3f4e2188fccc59466acef0,0.103,,,
407,2026-05-26,SH600219,0.03805495426058769,EXP_LinearModel_Alpha158_csi300_custom_step0_s_20260526_16,b1a493c43e3f4e2188fccc59466acef0,0.103,,,
408,2026-05-26,SH600196,-0.05161132290959358,EXP_LinearModel_Alpha158_csi300_custom_step0_s_20260526_16,b1a493c43e3f4e2188fccc59466acef0,0.103,,,
409,2026-05-26,SH600188,0.05379191040992737,EXP_LinearModel_Alpha158_csi300_custom_step0_s_20260526_16,b1a493c43e3f4e2188fccc59466acef0,0.103,,,
410,2026-05-26,SH600362,-0.025446312502026558,EXP_LinearModel_Alpha158_csi300_custom_step0_s_20260526_16,b1a493c43e3f4e2188fccc59466acef0,0.103,,,
411,2026-05-26,SH600183,-0.07652785629034042,EXP_LinearModel_Alpha158_csi300_custom_step0_s_20260526_16,b1a493c43e3f4e2188fccc59466acef0,0.103,,,
412,2026-05-26,SH600161,0.015090114437043667,EXP_LinearModel_Alpha158_csi300_custom_step0_s_20260526_16,b1a493c43e3f4e2188fccc59466acef0,0.103,,,
413,2026-05-26,SH600160,-0.048021260648965836,EXP_LinearModel_Alpha158_csi300_custom_step0_s_20260526_16,b1a493c43e3f4e2188fccc59466acef0,0.103,,,
414,2026-05-26,SH600150,0.01253980491310358,EXP_LinearModel_Alpha158_csi300_custom_step0_s_20260526_16,b1a493c43e3f4e2188fccc59466acef0,0.103,,,
415,2026-05-26,SH600115,-0.11229576170444489,EXP_LinearModel_Alpha158_csi300_custom_step0_s_20260526_16,b1a493c43e3f4e2188fccc59466acef0,0.103,,,
416,2026-05-26,SH600111,-0.07403512299060822,EXP_LinearModel_Alpha158_csi300_custom_step0_s_20260526_16,b1a493c43e3f4e2188fccc59466acef0,0.103,,,
417,2026-05-26,SH600104,0.03789518028497696,EXP_LinearModel_Alpha158_csi300_custom_step0_s_20260526_16,b1a493c43e3f4e2188fccc59466acef0,0.103,,,
418,2026-05-26,SH600176,-0.04992459714412689,EXP_LinearModel_Alpha158_csi300_custom_step0_s_20260526_16,b1a493c43e3f4e2188fccc59466acef0,0.103,,,
419,2026-05-26,SZ002179,0.0029158368706703186,EXP_LinearModel_Alpha158_csi300_custom_step0_s_20260526_16,c011a6eb06d549729c55677f783f581c,0.083,,,
420,2026-05-26,SZ002142,-0.016934556886553764,EXP_LinearModel_Alpha158_csi300_custom_step0_s_20260526_16,c011a6eb06d549729c55677f783f581c,0.083,,,
421,2026-05-26,SZ002074,-0.04488254711031914,EXP_LinearModel_Alpha158_csi300_custom_step0_s_20260526_16,c011a6eb06d549729c55677f783f581c,0.083,,,
422,2026-05-26,SH601766,-0.07215676456689835,EXP_LinearModel_Alpha158_csi300_custom_step0_s_20260526_16,c011a6eb06d549729c55677f783f581c,0.083,,,
423,2026-05-26,SH601788,-0.037911124527454376,EXP_LinearModel_Alpha158_csi300_custom_step0_s_20260526_16,c011a6eb06d549729c55677f783f581c,0.083,,,
424,2026-05-26,SH601800,-0.035559505224227905,EXP_LinearModel_Alpha158_csi300_custom_step0_s_20260526_16,c011a6eb06d549729c55677f783f581c,0.083,,,
425,2026-05-26,SH601808,0.06554792821407318,EXP_LinearModel_Alpha158_csi300_custom_step0_s_20260526_16,c011a6eb06d549729c55677f783f581c,0.083,,,
426,2026-05-26,SH601816,-0.06951353698968887,EXP_LinearModel_Alpha158_csi300_custom_step0_s_20260526_16,c011a6eb06d549729c55677f783f581c,0.083,,,
427,2026-05-26,SH601818,0.10821621865034103,EXP_LinearModel_Alpha158_csi300_custom_step0_s_20260526_16,c011a6eb06d549729c55677f783f581c,0.083,,,
428,2026-05-26,SH601825,0.010628193616867065,EXP_LinearModel_Alpha158_csi300_custom_step0_s_20260526_16,c011a6eb06d549729c55677f783f581c,0.083,,,
429,2026-05-26,SH601838,0.030240723863244057,EXP_LinearModel_Alpha158_csi300_custom_step0_s_20260526_16,c011a6eb06d549729c55677f783f581c,0.083,,,
430,2026-05-26,SH601857,0.018653105944395065,EXP_LinearModel_Alpha158_csi300_custom_step0_s_20260526_16,c011a6eb06d549729c55677f783f581c,0.083,,,
431,2026-05-26,SH601868,0.023643849417567253,EXP_LinearModel_Alpha158_csi300_custom_step0_s_20260526_16,c011a6eb06d549729c55677f783f581c,0.083,,,
432,2026-05-26,SH601872,0.02515929378569126,EXP_LinearModel_Alpha158_csi300_custom_step0_s_20260526_16,c011a6eb06d549729c55677f783f581c,0.083,,,
433,2026-05-26,SH601877,0.000216506770811975,EXP_LinearModel_Alpha158_csi300_custom_step0_s_20260526_16,c011a6eb06d549729c55677f783f581c,0.083,,,
434,2026-05-26,SH601878,-0.043492138385772705,EXP_LinearModel_Alpha158_csi300_custom_step0_s_20260526_16,c011a6eb06d549729c55677f783f581c,0.083,,,
435,2026-05-26,SH601881,-0.03477848321199417,EXP_LinearModel_Alpha158_csi300_custom_step0_s_20260526_16,c011a6eb06d549729c55677f783f581c,0.083,,,
436,2026-05-26,SH601888,-0.024711713194847107,EXP_LinearModel_Alpha158_csi300_custom_step0_s_20260526_16,c011a6eb06d549729c55677f783f581c,0.083,,,
437,2026-05-26,SH601898,0.03893647715449333,EXP_LinearModel_Alpha158_csi300_custom_step0_s_20260526_16,c011a6eb06d549729c55677f783f581c,0.083,,,
438,2026-05-26,SH601899,0.017986243590712547,EXP_LinearModel_Alpha158_csi300_custom_step0_s_20260526_16,c011a6eb06d549729c55677f783f581c,0.083,,,
439,2026-05-26,SH603296,-0.080838643014431,EXP_LinearModel_Alpha158_csi300_custom_step0_s_20260526_16,c011a6eb06d549729c55677f783f581c,0.083,,,
440,2026-05-26,SH603288,-0.08072364330291748,EXP_LinearModel_Alpha158_csi300_custom_step0_s_20260526_16,c011a6eb06d549729c55677f783f581c,0.083,,,
441,2026-05-26,SH603260,-0.0798303484916687,EXP_LinearModel_Alpha158_csi300_custom_step0_s_20260526_16,c011a6eb06d549729c55677f783f581c,0.083,,,
442,2026-05-26,SH603259,0.03706984221935272,EXP_LinearModel_Alpha158_csi300_custom_step0_s_20260526_16,c011a6eb06d549729c55677f783f581c,0.083,,,
443,2026-05-26,SH603195,-0.03165648132562637,EXP_LinearModel_Alpha158_csi300_custom_step0_s_20260526_16,c011a6eb06d549729c55677f783f581c,0.083,,,
444,2026-05-26,SH603019,-0.004321692977100611,EXP_LinearModel_Alpha158_csi300_custom_step0_s_20260526_16,c011a6eb06d549729c55677f783f581c,0.083,,,
445,2026-05-26,SH601728,-0.030228497460484505,EXP_LinearModel_Alpha158_csi300_custom_step0_s_20260526_16,c011a6eb06d549729c55677f783f581c,0.083,,,
446,2026-05-26,SH601998,-0.020187271758913994,EXP_LinearModel_Alpha158_csi300_custom_step0_s_20260526_16,c011a6eb06d549729c55677f783f581c,0.083,,,
447,2026-05-26,SH601988,0.060553669929504395,EXP_LinearModel_Alpha158_csi300_custom_step0_s_20260526_16,c011a6eb06d549729c55677f783f581c,0.083,,,
448,2026-05-26,SH601985,-0.021224744617938995,EXP_LinearModel_Alpha158_csi300_custom_step0_s_20260526_16,c011a6eb06d549729c55677f783f581c,0.083,,,
449,2026-05-26,SH601939,0.011087408289313316,EXP_LinearModel_Alpha158_csi300_custom_step0_s_20260526_16,c011a6eb06d549729c55677f783f581c,0.083,,,
450,2026-05-26,SH601919,-0.001032080501317978,EXP_LinearModel_Alpha158_csi300_custom_step0_s_20260526_16,c011a6eb06d549729c55677f783f581c,0.083,,,
451,2026-05-26,SH601916,0.10550745576620102,EXP_LinearModel_Alpha158_csi300_custom_step0_s_20260526_16,c011a6eb06d549729c55677f783f581c,0.083,,,
452,2026-05-26,SH601901,0.019642749801278114,EXP_LinearModel_Alpha158_csi300_custom_step0_s_20260526_16,c011a6eb06d549729c55677f783f581c,0.083,,,
453,2026-05-26,SH601995,0.03329511359333992,EXP_LinearModel_Alpha158_csi300_custom_step0_s_20260526_16,c011a6eb06d549729c55677f783f581c,0.083,,,
454,2026-05-26,SH603369,-0.03162725642323494,EXP_LinearModel_Alpha158_csi300_custom_step0_s_20260526_16,c011a6eb06d549729c55677f783f581c,0.083,,,
455,2026-05-26,SH601698,0.008036728948354721,EXP_LinearModel_Alpha158_csi300_custom_step0_s_20260526_16,c011a6eb06d549729c55677f783f581c,0.083,,,
456,2026-05-26,SH601688,-0.060451969504356384,EXP_LinearModel_Alpha158_csi300_custom_step0_s_20260526_16,c011a6eb06d549729c55677f783f581c,0.083,,,
457,2026-05-26,SH601127,-0.006037978455424309,EXP_LinearModel_Alpha158_csi300_custom_step0_s_20260526_16,c011a6eb06d549729c55677f783f581c,0.083,,,
458,2026-05-26,SH601136,-0.06261658668518066,EXP_LinearModel_Alpha158_csi300_custom_step0_s_20260526_16,c011a6eb06d549729c55677f783f581c,0.083,,,
459,2026-05-26,SH601138,-0.021675631403923035,EXP_LinearModel_Alpha158_csi300_custom_step0_s_20260526_16,c011a6eb06d549729c55677f783f581c,0.083,,,
460,2026-05-26,SH601166,-0.0010448419488966465,EXP_LinearModel_Alpha158_csi300_custom_step0_s_20260526_16,c011a6eb06d549729c55677f783f581c,0.083,,,
461,2026-05-26,SH601169,0.032130103558301926,EXP_LinearModel_Alpha158_csi300_custom_step0_s_20260526_16,c011a6eb06d549729c55677f783f581c,0.083,,,
462,2026-05-26,SH601186,-0.004136720672249794,EXP_LinearModel_Alpha158_csi300_custom_step0_s_20260526_16,c011a6eb06d549729c55677f783f581c,0.083,,,
463,2026-05-26,SH601211,-0.07311920821666718,EXP_LinearModel_Alpha158_csi300_custom_step0_s_20260526_16,c011a6eb06d549729c55677f783f581c,0.083,,,
464,2026-05-26,SH601225,0.02386038936674595,EXP_LinearModel_Alpha158_csi300_custom_step0_s_20260526_16,c011a6eb06d549729c55677f783f581c,0.083,,,
465,2026-05-26,SH601229,-0.06014575809240341,EXP_LinearModel_Alpha158_csi300_custom_step0_s_20260526_16,c011a6eb06d549729c55677f783f581c,0.083,,,
466,2026-05-26,SH601236,-0.026525307446718216,EXP_LinearModel_Alpha158_csi300_custom_step0_s_20260526_16,c011a6eb06d549729c55677f783f581c,0.083,,,
467,2026-05-26,SH601238,0.0015539340674877167,EXP_LinearModel_Alpha158_csi300_custom_step0_s_20260526_16,c011a6eb06d549729c55677f783f581c,0.083,,,
468,2026-05-26,SH601288,-0.026823842898011208,EXP_LinearModel_Alpha158_csi300_custom_step0_s_20260526_16,c011a6eb06d549729c55677f783f581c,0.083,,,
469,2026-05-26,SH601298,0.04023192450404167,EXP_LinearModel_Alpha158_csi300_custom_step0_s_20260526_16,c011a6eb06d549729c55677f783f581c,0.083,,,
470,2026-05-26,SH601318,-0.06672650575637817,EXP_LinearModel_Alpha158_csi300_custom_step0_s_20260526_16,c011a6eb06d549729c55677f783f581c,0.083,,,
471,2026-05-26,SH601319,0.011437279172241688,EXP_LinearModel_Alpha158_csi300_custom_step0_s_20260526_16,c011a6eb06d549729c55677f783f581c,0.083,,,
472,2026-05-26,SH601328,-0.028198251500725746,EXP_LinearModel_Alpha158_csi300_custom_step0_s_20260526_16,c011a6eb06d549729c55677f783f581c,0.083,,,
473,2026-05-26,SH601336,-0.08645182847976685,EXP_LinearModel_Alpha158_csi300_custom_step0_s_20260526_16,c011a6eb06d549729c55677f783f581c,0.083,,,
474,2026-05-26,SH601669,0.013658277690410614,EXP_LinearModel_Alpha158_csi300_custom_step0_s_20260526_16,c011a6eb06d549729c55677f783f581c,0.083,,,
475,2026-05-26,SH601668,-0.013311564922332764,EXP_LinearModel_Alpha158_csi300_custom_step0_s_20260526_16,c011a6eb06d549729c55677f783f581c,0.083,,,
476,2026-05-26,SH601658,-0.004778767935931683,EXP_LinearModel_Alpha158_csi300_custom_step0_s_20260526_16,c011a6eb06d549729c55677f783f581c,0.083,,,
477,2026-05-26,SH601633,-0.01721036434173584,EXP_LinearModel_Alpha158_csi300_custom_step0_s_20260526_16,c011a6eb06d549729c55677f783f581c,0.083,,,
478,2026-05-26,SH601628,-0.07685523480176926,EXP_LinearModel_Alpha158_csi300_custom_step0_s_20260526_16,c011a6eb06d549729c55677f783f581c,0.083,,,
479,2026-05-26,SH601618,0.030361827462911606,EXP_LinearModel_Alpha158_csi300_custom_step0_s_20260526_16,c011a6eb06d549729c55677f783f581c,0.083,,,
480,2026-05-26,SH601689,-0.010586423799395561,EXP_LinearModel_Alpha158_csi300_custom_step0_s_20260526_16,c011a6eb06d549729c55677f783f581c,0.083,,,
481,2026-05-26,SH601607,-0.018384858965873718,EXP_LinearModel_Alpha158_csi300_custom_step0_s_20260526_16,c011a6eb06d549729c55677f783f581c,0.083,,,
482,2026-05-26,SH601600,0.020903293043375015,EXP_LinearModel_Alpha158_csi300_custom_step0_s_20260526_16,c011a6eb06d549729c55677f783f581c,0.083,,,
483,2026-05-26,SH601456,-0.01681114174425602,EXP_LinearModel_Alpha158_csi300_custom_step0_s_20260526_16,c011a6eb06d549729c55677f783f581c,0.083,,,
484,2026-05-26,SH601398,0.008841696195304394,EXP_LinearModel_Alpha158_csi300_custom_step0_s_20260526_16,c011a6eb06d549729c55677f783f581c,0.083,,,
485,2026-05-26,SH601390,0.01837596856057644,EXP_LinearModel_Alpha158_csi300_custom_step0_s_20260526_16,c011a6eb06d549729c55677f783f581c,0.083,,,
486,2026-05-26,SH601377,-0.02542518451809883,EXP_LinearModel_Alpha158_csi300_custom_step0_s_20260526_16,c011a6eb06d549729c55677f783f581c,0.083,,,
487,2026-05-26,SH601360,-0.013616673648357391,EXP_LinearModel_Alpha158_csi300_custom_step0_s_20260526_16,c011a6eb06d549729c55677f783f581c,0.083,,,
488,2026-05-26,SH601601,-0.03597865626215935,EXP_LinearModel_Alpha158_csi300_custom_step0_s_20260526_16,c011a6eb06d549729c55677f783f581c,0.083,,,
489,2026-05-26,SH603392,-0.05078684166073799,EXP_LinearModel_Alpha158_csi300_custom_step0_s_20260526_16,c011a6eb06d549729c55677f783f581c,0.083,,,
490,2026-05-26,SH603501,-0.060520730912685394,EXP_LinearModel_Alpha158_csi300_custom_step0_s_20260526_16,c011a6eb06d549729c55677f783f581c,0.083,,,
491,2026-05-26,SH603799,-0.10774965584278107,EXP_LinearModel_Alpha158_csi300_custom_step0_s_20260526_16,c011a6eb06d549729c55677f783f581c,0.083,,,
492,2026-05-26,SZ000568,-0.025447769090533257,EXP_LinearModel_Alpha158_csi300_custom_step0_s_20260526_16,c011a6eb06d549729c55677f783f581c,0.083,,,
493,2026-05-26,SZ000596,-0.056223224848508835,EXP_LinearModel_Alpha158_csi300_custom_step0_s_20260526_16,c011a6eb06d549729c55677f783f581c,0.083,,,
494,2026-05-26,SZ000617,0.019444547593593597,EXP_LinearModel_Alpha158_csi300_custom_step0_s_20260526_16,c011a6eb06d549729c55677f783f581c,0.083,,,
495,2026-05-26,SZ000625,-0.03487398475408554,EXP_LinearModel_Alpha158_csi300_custom_step0_s_20260526_16,c011a6eb06d549729c55677f783f581c,0.083,,,
496,2026-05-26,SZ000630,-0.04611022025346756,EXP_LinearModel_Alpha158_csi300_custom_step0_s_20260526_16,c011a6eb06d549729c55677f783f581c,0.083,,,
497,2026-05-26,SZ000651,0.0030876302625983953,EXP_LinearModel_Alpha158_csi300_custom_step0_s_20260526_16,c011a6eb06d549729c55677f783f581c,0.083,,,
498,2026-05-26,SZ000661,-0.05136515200138092,EXP_LinearModel_Alpha158_csi300_custom_step0_s_20260526_16,c011a6eb06d549729c55677f783f581c,0.083,,,
499,2026-05-26,SZ000708,0.023791301995515823,EXP_LinearModel_Alpha158_csi300_custom_step0_s_20260526_16,c011a6eb06d549729c55677f783f581c,0.083,,,
500,2026-05-26,SZ000725,0.004335973411798477,EXP_LinearModel_Alpha158_csi300_custom_step0_s_20260526_16,c011a6eb06d549729c55677f783f581c,0.083,,,
501,2026-05-26,SZ000768,-0.05049590766429901,EXP_LinearModel_Alpha158_csi300_custom_step0_s_20260526_16,c011a6eb06d549729c55677f783f581c,0.083,,,
502,2026-05-26,SZ000776,-0.05351138859987259,EXP_LinearModel_Alpha158_csi300_custom_step0_s_20260526_16,c011a6eb06d549729c55677f783f581c,0.083,,,
503,2026-05-26,SZ000786,-0.04728526249527931,EXP_LinearModel_Alpha158_csi300_custom_step0_s_20260526_16,c011a6eb06d549729c55677f783f581c,0.083,,,
504,2026-05-26,SZ000792,-0.04857533797621727,EXP_LinearModel_Alpha158_csi300_custom_step0_s_20260526_16,c011a6eb06d549729c55677f783f581c,0.083,,,
505,2026-05-26,SZ000807,-0.010935469530522823,EXP_LinearModel_Alpha158_csi300_custom_step0_s_20260526_16,c011a6eb06d549729c55677f783f581c,0.083,,,
506,2026-05-26,SZ000858,0.011461202055215836,EXP_LinearModel_Alpha158_csi300_custom_step0_s_20260526_16,c011a6eb06d549729c55677f783f581c,0.083,,,
507,2026-05-26,SZ000876,-0.015657788142561913,EXP_LinearModel_Alpha158_csi300_custom_step0_s_20260526_16,c011a6eb06d549729c55677f783f581c,0.083,,,
508,2026-05-26,SZ000895,0.011712352745234966,EXP_LinearModel_Alpha158_csi300_custom_step0_s_20260526_16,c011a6eb06d549729c55677f783f581c,0.083,,,
509,2026-05-26,SZ002050,-0.027206070721149445,EXP_LinearModel_Alpha158_csi300_custom_step0_s_20260526_16,c011a6eb06d549729c55677f783f581c,0.083,,,
510,2026-05-26,SZ002049,0.010335149243474007,EXP_LinearModel_Alpha158_csi300_custom_step0_s_20260526_16,c011a6eb06d549729c55677f783f581c,0.083,,,
511,2026-05-26,SZ002028,0.034158386290073395,EXP_LinearModel_Alpha158_csi300_custom_step0_s_20260526_16,c011a6eb06d549729c55677f783f581c,0.083,,,
512,2026-05-26,SZ002027,0.0008821194060146809,EXP_LinearModel_Alpha158_csi300_custom_step0_s_20260526_16,c011a6eb06d549729c55677f783f581c,0.083,,,
513,2026-05-26,SZ002001,0.016982827335596085,EXP_LinearModel_Alpha158_csi300_custom_step0_s_20260526_16,c011a6eb06d549729c55677f783f581c,0.083,,,
514,2026-05-26,SZ001979,-0.09208212047815323,EXP_LinearModel_Alpha158_csi300_custom_step0_s_20260526_16,c011a6eb06d549729c55677f783f581c,0.083,,,
515,2026-05-26,SZ000538,-0.05192561447620392,EXP_LinearModel_Alpha158_csi300_custom_step0_s_20260526_16,c011a6eb06d549729c55677f783f581c,0.083,,,
516,2026-05-26,SZ001965,0.031063681468367577,EXP_LinearModel_Alpha158_csi300_custom_step0_s_20260526_16,c011a6eb06d549729c55677f783f581c,0.083,,,
517,2026-05-26,SZ000999,0.019576705992221832,EXP_LinearModel_Alpha158_csi300_custom_step0_s_20260526_16,c011a6eb06d549729c55677f783f581c,0.083,,,
518,2026-05-26,SZ000983,0.013013064861297607,EXP_LinearModel_Alpha158_csi300_custom_step0_s_20260526_16,c011a6eb06d549729c55677f783f581c,0.083,,,
519,2026-05-26,SZ000977,-0.010451789014041424,EXP_LinearModel_Alpha158_csi300_custom_step0_s_20260526_16,c011a6eb06d549729c55677f783f581c,0.083,,,
520,2026-05-26,SZ000975,0.009888362139463425,EXP_LinearModel_Alpha158_csi300_custom_step0_s_20260526_16,c011a6eb06d549729c55677f783f581c,0.083,,,
521,2026-05-26,SZ000963,-0.026025990024209023,EXP_LinearModel_Alpha158_csi300_custom_step0_s_20260526_16,c011a6eb06d549729c55677f783f581c,0.083,,,
522,2026-05-26,SZ000938,0.04485547915101051,EXP_LinearModel_Alpha158_csi300_custom_step0_s_20260526_16,c011a6eb06d549729c55677f783f581c,0.083,,,
523,2026-05-26,SZ001391,-0.043125033378601074,EXP_LinearModel_Alpha158_csi300_custom_step0_s_20260526_16,c011a6eb06d549729c55677f783f581c,0.083,,,
524,2026-05-26,SZ000425,0.02342039719223976,EXP_LinearModel_Alpha158_csi300_custom_step0_s_20260526_16,c011a6eb06d549729c55677f783f581c,0.083,,,
525,2026-05-26,SZ000408,-0.03359747678041458,EXP_LinearModel_Alpha158_csi300_custom_step0_s_20260526_16,c011a6eb06d549729c55677f783f581c,0.083,,,
526,2026-05-26,SZ000338,-0.01141155045479536,EXP_LinearModel_Alpha158_csi300_custom_step0_s_20260526_16,c011a6eb06d549729c55677f783f581c,0.083,,,
527,2026-05-26,SH688126,0.056459326297044754,EXP_LinearModel_Alpha158_csi300_custom_step0_s_20260526_16,c011a6eb06d549729c55677f783f581c,0.083,,,
528,2026-05-26,SH688111,-0.030919304117560387,EXP_LinearModel_Alpha158_csi300_custom_step0_s_20260526_16,c011a6eb06d549729c55677f783f581c,0.083,,,
529,2026-05-26,SH688082,-0.18210960924625397,EXP_LinearModel_Alpha158_csi300_custom_step0_s_20260526_16,c011a6eb06d549729c55677f783f581c,0.083,,,
530,2026-05-26,SH688047,-0.016005735844373703,EXP_LinearModel_Alpha158_csi300_custom_step0_s_20260526_16,c011a6eb06d549729c55677f783f581c,0.083,,,
531,2026-05-26,SH688041,0.007039862684905529,EXP_LinearModel_Alpha158_csi300_custom_step0_s_20260526_16,c011a6eb06d549729c55677f783f581c,0.083,,,
532,2026-05-26,SH688036,0.018782710656523705,EXP_LinearModel_Alpha158_csi300_custom_step0_s_20260526_16,c011a6eb06d549729c55677f783f581c,0.083,,,
533,2026-05-26,SH688169,-0.0587976910173893,EXP_LinearModel_Alpha158_csi300_custom_step0_s_20260526_16,c011a6eb06d549729c55677f783f581c,0.083,,,
534,2026-05-26,SH688012,0.021549496799707413,EXP_LinearModel_Alpha158_csi300_custom_step0_s_20260526_16,c011a6eb06d549729c55677f783f581c,0.083,,,
535,2026-05-26,SH688008,-0.0831587091088295,EXP_LinearModel_Alpha158_csi300_custom_step0_s_20260526_16,c011a6eb06d549729c55677f783f581c,0.083,,,
536,2026-05-26,SH605499,-0.03846167400479317,EXP_LinearModel_Alpha158_csi300_custom_step0_s_20260526_16,c011a6eb06d549729c55677f783f581c,0.083,,,
537,2026-05-26,SH605117,-0.034968603402376175,EXP_LinearModel_Alpha158_csi300_custom_step0_s_20260526_16,c011a6eb06d549729c55677f783f581c,0.083,,,
538,2026-05-26,SH603993,-0.03862551599740982,EXP_LinearModel_Alpha158_csi300_custom_step0_s_20260526_16,c011a6eb06d549729c55677f783f581c,0.083,,,
539,2026-05-26,SH603986,-0.18189972639083862,EXP_LinearModel_Alpha158_csi300_custom_step0_s_20260526_16,c011a6eb06d549729c55677f783f581c,0.083,,,
540,2026-05-26,SH603893,-0.02660983055830002,EXP_LinearModel_Alpha158_csi300_custom_step0_s_20260526_16,c011a6eb06d549729c55677f783f581c,0.083,,,
541,2026-05-26,SH688009,0.033840909600257874,EXP_LinearModel_Alpha158_csi300_custom_step0_s_20260526_16,c011a6eb06d549729c55677f783f581c,0.083,,,
542,2026-05-26,SH601111,-0.028513111174106598,EXP_LinearModel_Alpha158_csi300_custom_step0_s_20260526_16,c011a6eb06d549729c55677f783f581c,0.083,,,
543,2026-05-26,SH688187,0.04044174775481224,EXP_LinearModel_Alpha158_csi300_custom_step0_s_20260526_16,c011a6eb06d549729c55677f783f581c,0.083,,,
544,2026-05-26,SH688256,-0.11835889518260956,EXP_LinearModel_Alpha158_csi300_custom_step0_s_20260526_16,c011a6eb06d549729c55677f783f581c,0.083,,,
545,2026-05-26,SZ000333,0.045891448855400085,EXP_LinearModel_Alpha158_csi300_custom_step0_s_20260526_16,c011a6eb06d549729c55677f783f581c,0.083,,,
546,2026-05-26,SZ000301,-0.0382678359746933,EXP_LinearModel_Alpha158_csi300_custom_step0_s_20260526_16,c011a6eb06d549729c55677f783f581c,0.083,,,
547,2026-05-26,SZ000166,-0.04007427394390106,EXP_LinearModel_Alpha158_csi300_custom_step0_s_20260526_16,c011a6eb06d549729c55677f783f581c,0.083,,,
548,2026-05-26,SZ000157,0.003883293829858303,EXP_LinearModel_Alpha158_csi300_custom_step0_s_20260526_16,c011a6eb06d549729c55677f783f581c,0.083,,,
549,2026-05-26,SZ000100,0.013417990878224373,EXP_LinearModel_Alpha158_csi300_custom_step0_s_20260526_16,c011a6eb06d549729c55677f783f581c,0.083,,,
550,2026-05-26,SZ000063,0.021328577771782875,EXP_LinearModel_Alpha158_csi300_custom_step0_s_20260526_16,c011a6eb06d549729c55677f783f581c,0.083,,,
551,2026-05-26,SH688223,-0.005061804316937923,EXP_LinearModel_Alpha158_csi300_custom_step0_s_20260526_16,c011a6eb06d549729c55677f783f581c,0.083,,,
552,2026-05-26,SZ000002,-0.010914383456110954,EXP_LinearModel_Alpha158_csi300_custom_step0_s_20260526_16,c011a6eb06d549729c55677f783f581c,0.083,,,
553,2026-05-26,SH688981,-0.21807847917079926,EXP_LinearModel_Alpha158_csi300_custom_step0_s_20260526_16,c011a6eb06d549729c55677f783f581c,0.083,,,
554,2026-05-26,SH688506,-0.07937715947628021,EXP_LinearModel_Alpha158_csi300_custom_step0_s_20260526_16,c011a6eb06d549729c55677f783f581c,0.083,,,
555,2026-05-26,SH688472,-0.02271232008934021,EXP_LinearModel_Alpha158_csi300_custom_step0_s_20260526_16,c011a6eb06d549729c55677f783f581c,0.083,,,
556,2026-05-26,SH688396,-0.02595669962465763,EXP_LinearModel_Alpha158_csi300_custom_step0_s_20260526_16,c011a6eb06d549729c55677f783f581c,0.083,,,
557,2026-05-26,SH688303,-0.05309430882334709,EXP_LinearModel_Alpha158_csi300_custom_step0_s_20260526_16,c011a6eb06d549729c55677f783f581c,0.083,,,
558,2026-05-26,SH688271,-0.0740518644452095,EXP_LinearModel_Alpha158_csi300_custom_step0_s_20260526_16,c011a6eb06d549729c55677f783f581c,0.083,,,
559,2026-05-26,SZ000001,-0.04960811883211136,EXP_LinearModel_Alpha158_csi300_custom_step0_s_20260526_16,c011a6eb06d549729c55677f783f581c,0.083,,,
560,2026-05-26,SH601360,0.07823747430357023,EXP_DEnsembleModel_Alpha158_csi300_custom_step0_s_20260526_16,59b448fbaa1d4df6bc48149aeabeedcd,0.06,,,
561,2026-05-26,SH601336,0.043034853458289474,EXP_DEnsembleModel_Alpha158_csi300_custom_step0_s_20260526_16,59b448fbaa1d4df6bc48149aeabeedcd,0.06,,,
562,2026-05-26,SH601328,-0.08972982685664392,EXP_DEnsembleModel_Alpha158_csi300_custom_step0_s_20260526_16,59b448fbaa1d4df6bc48149aeabeedcd,0.06,,,
563,2026-05-26,SH600160,0.06794132633012936,EXP_DEnsembleModel_Alpha158_csi300_custom_step0_s_20260526_16,d46acd05a8b244e1840770c9b7bdadbf,0.082,,,
564,2026-05-26,SH600161,0.054576869654984025,EXP_DEnsembleModel_Alpha158_csi300_custom_step0_s_20260526_16,d46acd05a8b244e1840770c9b7bdadbf,0.082,,,
565,2026-05-26,SH600176,-0.12233972050729944,EXP_DEnsembleModel_Alpha158_csi300_custom_step0_s_20260526_16,d46acd05a8b244e1840770c9b7bdadbf,0.082,,,
566,2026-05-26,SH600183,-0.18705412487249667,EXP_DEnsembleModel_Alpha158_csi300_custom_step0_s_20260526_16,d46acd05a8b244e1840770c9b7bdadbf,0.082,,,
567,2026-05-26,SH600188,-0.043925006588963506,EXP_DEnsembleModel_Alpha158_csi300_custom_step0_s_20260526_16,d46acd05a8b244e1840770c9b7bdadbf,0.082,,,
568,2026-05-26,SH600196,-0.0615276028180222,EXP_DEnsembleModel_Alpha158_csi300_custom_step0_s_20260526_16,d46acd05a8b244e1840770c9b7bdadbf,0.082,,,
569,2026-05-26,SH600219,0.08647450220714573,EXP_DEnsembleModel_Alpha158_csi300_custom_step0_s_20260526_16,d46acd05a8b244e1840770c9b7bdadbf,0.082,,,
570,2026-05-26,SH600233,-0.09513303194357613,EXP_DEnsembleModel_Alpha158_csi300_custom_step0_s_20260526_16,d46acd05a8b244e1840770c9b7bdadbf,0.082,,,
571,2026-05-26,SH600276,-0.04622272258588051,EXP_DEnsembleModel_Alpha158_csi300_custom_step0_s_20260526_16,d46acd05a8b244e1840770c9b7bdadbf,0.082,,,
572,2026-05-26,SH600309,-0.08125531451557146,EXP_DEnsembleModel_Alpha158_csi300_custom_step0_s_20260526_16,d46acd05a8b244e1840770c9b7bdadbf,0.082,,,
573,2026-05-26,SH600346,0.0017525390181322884,EXP_DEnsembleModel_Alpha158_csi300_custom_step0_s_20260526_16,d46acd05a8b244e1840770c9b7bdadbf,0.082,,,
574,2026-05-26,SH600362,-0.09047885651482172,EXP_DEnsembleModel_Alpha158_csi300_custom_step0_s_20260526_16,d46acd05a8b244e1840770c9b7bdadbf,0.082,,,
575,2026-05-26,SH600372,-0.000991532664079926,EXP_DEnsembleModel_Alpha158_csi300_custom_step0_s_20260526_16,d46acd05a8b244e1840770c9b7bdadbf,0.082,,,
576,2026-05-26,SH600377,0.12779522882010708,EXP_DEnsembleModel_Alpha158_csi300_custom_step0_s_20260526_16,d46acd05a8b244e1840770c9b7bdadbf,0.082,,,
577,2026-05-26,SH600406,-0.057689330960479804,EXP_DEnsembleModel_Alpha158_csi300_custom_step0_s_20260526_16,d46acd05a8b244e1840770c9b7bdadbf,0.082,,,
578,2026-05-26,SH600415,-0.11375605444138584,EXP_DEnsembleModel_Alpha158_csi300_custom_step0_s_20260526_16,d46acd05a8b244e1840770c9b7bdadbf,0.082,,,
579,2026-05-26,SH600426,0.024464444625018893,EXP_DEnsembleModel_Alpha158_csi300_custom_step0_s_20260526_16,d46acd05a8b244e1840770c9b7bdadbf,0.082,,,
580,2026-05-26,SH600600,0.011859319742974458,EXP_DEnsembleModel_Alpha158_csi300_custom_step0_s_20260526_16,d46acd05a8b244e1840770c9b7bdadbf,0.082,,,
581,2026-05-26,SH600588,0.047575056723557885,EXP_DEnsembleModel_Alpha158_csi300_custom_step0_s_20260526_16,d46acd05a8b244e1840770c9b7bdadbf,0.082,,,
582,2026-05-26,SH600585,-0.041289463129557794,EXP_DEnsembleModel_Alpha158_csi300_custom_step0_s_20260526_16,d46acd05a8b244e1840770c9b7bdadbf,0.082,,,
583,2026-05-26,SH600584,-0.3047460255989955,EXP_DEnsembleModel_Alpha158_csi300_custom_step0_s_20260526_16,d46acd05a8b244e1840770c9b7bdadbf,0.082,,,
584,2026-05-26,SH600570,0.01303868984920127,EXP_DEnsembleModel_Alpha158_csi300_custom_step0_s_20260526_16,d46acd05a8b244e1840770c9b7bdadbf,0.082,,,
585,2026-05-26,SH600547,0.21084954294620337,EXP_DEnsembleModel_Alpha158_csi300_custom_step0_s_20260526_16,d46acd05a8b244e1840770c9b7bdadbf,0.082,,,
586,2026-05-26,SH600150,-0.12386197014209321,EXP_DEnsembleModel_Alpha158_csi300_custom_step0_s_20260526_16,d46acd05a8b244e1840770c9b7bdadbf,0.082,,,
587,2026-05-26,SH600522,0.16881657882596832,EXP_DEnsembleModel_Alpha158_csi300_custom_step0_s_20260526_16,d46acd05a8b244e1840770c9b7bdadbf,0.082,,,
588,2026-05-26,SH600515,0.07724292302520286,EXP_DEnsembleModel_Alpha158_csi300_custom_step0_s_20260526_16,d46acd05a8b244e1840770c9b7bdadbf,0.082,,,
589,2026-05-26,SH600489,-0.03617827047491628,EXP_DEnsembleModel_Alpha158_csi300_custom_step0_s_20260526_16,d46acd05a8b244e1840770c9b7bdadbf,0.082,,,
590,2026-05-26,SH600482,-0.02465507208314707,EXP_DEnsembleModel_Alpha158_csi300_custom_step0_s_20260526_16,d46acd05a8b244e1840770c9b7bdadbf,0.082,,,
591,2026-05-26,SH600460,0.016863237369114967,EXP_DEnsembleModel_Alpha158_csi300_custom_step0_s_20260526_16,d46acd05a8b244e1840770c9b7bdadbf,0.082,,,
592,2026-05-26,SH600438,-0.017780781034349373,EXP_DEnsembleModel_Alpha158_csi300_custom_step0_s_20260526_16,d46acd05a8b244e1840770c9b7bdadbf,0.082,,,
593,2026-05-26,SH600436,0.028085439000283288,EXP_DEnsembleModel_Alpha158_csi300_custom_step0_s_20260526_16,d46acd05a8b244e1840770c9b7bdadbf,0.082,,,
594,2026-05-26,SH600519,-0.02167458505202093,EXP_DEnsembleModel_Alpha158_csi300_custom_step0_s_20260526_16,d46acd05a8b244e1840770c9b7bdadbf,0.082,,,
595,2026-05-26,SH600660,0.02389466763911743,EXP_DEnsembleModel_Alpha158_csi300_custom_step0_s_20260526_16,d46acd05a8b244e1840770c9b7bdadbf,0.082,,,
596,2026-05-26,SH600115,-0.05796869207455349,EXP_DEnsembleModel_Alpha158_csi300_custom_step0_s_20260526_16,d46acd05a8b244e1840770c9b7bdadbf,0.082,,,
597,2026-05-26,SH600104,0.0614016083405967,EXP_DEnsembleModel_Alpha158_csi300_custom_step0_s_20260526_16,d46acd05a8b244e1840770c9b7bdadbf,0.082,,,
598,2026-05-26,SZ300866,0.08128702977378101,EXP_DEnsembleModel_Alpha158_csi300_custom_step0_s_20260526_16,fe3ed01628694a3b8c1ed334efe35f28,0.063,,,
599,2026-05-26,SZ300896,-0.030786980487437596,EXP_DEnsembleModel_Alpha158_csi300_custom_step0_s_20260526_16,fe3ed01628694a3b8c1ed334efe35f28,0.063,,,
600,2026-05-26,SZ300979,0.00014565610308610194,EXP_DEnsembleModel_Alpha158_csi300_custom_step0_s_20260526_16,fe3ed01628694a3b8c1ed334efe35f28,0.063,,,
601,2026-05-26,SZ300999,-0.07547937391996494,EXP_DEnsembleModel_Alpha158_csi300_custom_step0_s_20260526_16,fe3ed01628694a3b8c1ed334efe35f28,0.063,,,
602,2026-05-26,SZ301236,-0.1676546700436105,EXP_DEnsembleModel_Alpha158_csi300_custom_step0_s_20260526_16,fe3ed01628694a3b8c1ed334efe35f28,0.063,,,
603,2026-05-26,SZ301269,-0.32179407992666803,EXP_DEnsembleModel_Alpha158_csi300_custom_step0_s_20260526_16,fe3ed01628694a3b8c1ed334efe35f28,0.063,,,
604,2026-05-26,SZ302132,-0.13495922316694106,EXP_DEnsembleModel_Alpha158_csi300_custom_step0_s_20260526_16,fe3ed01628694a3b8c1ed334efe35f28,0.063,,,
605,2026-05-26,SH600000,-0.05712003728601517,EXP_DEnsembleModel_Alpha158_csi300_custom_step0_s_20260526_16,d46acd05a8b244e1840770c9b7bdadbf,0.082,,,
606,2026-05-26,SH600009,0.004169058912489088,EXP_DEnsembleModel_Alpha158_csi300_custom_step0_s_20260526_16,d46acd05a8b244e1840770c9b7bdadbf,0.082,,,
607,2026-05-26,SH600010,-0.10478954472620597,EXP_DEnsembleModel_Alpha158_csi300_custom_step0_s_20260526_16,d46acd05a8b244e1840770c9b7bdadbf,0.082,,,
608,2026-05-26,SH600011,-0.12502955293514081,EXP_DEnsembleModel_Alpha158_csi300_custom_step0_s_20260526_16,d46acd05a8b244e1840770c9b7bdadbf,0.082,,,
609,2026-05-26,SH600015,0.03319466847277392,EXP_DEnsembleModel_Alpha158_csi300_custom_step0_s_20260526_16,d46acd05a8b244e1840770c9b7bdadbf,0.082,,,
610,2026-05-26,SH600016,-0.01169925400424371,EXP_DEnsembleModel_Alpha158_csi300_custom_step0_s_20260526_16,d46acd05a8b244e1840770c9b7bdadbf,0.082,,,
611,2026-05-26,SH600018,0.10398453126982013,EXP_DEnsembleModel_Alpha158_csi300_custom_step0_s_20260526_16,d46acd05a8b244e1840770c9b7bdadbf,0.082,,,
612,2026-05-26,SH600019,-0.06978539681024448,EXP_DEnsembleModel_Alpha158_csi300_custom_step0_s_20260526_16,d46acd05a8b244e1840770c9b7bdadbf,0.082,,,
613,2026-05-26,SH600023,-0.05109260468853656,EXP_DEnsembleModel_Alpha158_csi300_custom_step0_s_20260526_16,d46acd05a8b244e1840770c9b7bdadbf,0.082,,,
614,2026-05-26,SH600025,-0.056060404701437305,EXP_DEnsembleModel_Alpha158_csi300_custom_step0_s_20260526_16,d46acd05a8b244e1840770c9b7bdadbf,0.082,,,
615,2026-05-26,SH600089,-0.07263377895144169,EXP_DEnsembleModel_Alpha158_csi300_custom_step0_s_20260526_16,d46acd05a8b244e1840770c9b7bdadbf,0.082,,,
616,2026-05-26,SH600085,0.03899495897612277,EXP_DEnsembleModel_Alpha158_csi300_custom_step0_s_20260526_16,d46acd05a8b244e1840770c9b7bdadbf,0.082,,,
617,2026-05-26,SH600066,-0.03669996678125003,EXP_DEnsembleModel_Alpha158_csi300_custom_step0_s_20260526_16,d46acd05a8b244e1840770c9b7bdadbf,0.082,,,
618,2026-05-26,SH600061,-0.03355318651713125,EXP_DEnsembleModel_Alpha158_csi300_custom_step0_s_20260526_16,d46acd05a8b244e1840770c9b7bdadbf,0.082,,,
619,2026-05-26,SH600050,-0.11639687923834478,EXP_DEnsembleModel_Alpha158_csi300_custom_step0_s_20260526_16,d46acd05a8b244e1840770c9b7bdadbf,0.082,,,
620,2026-05-26,SH600048,-0.08225242161416284,EXP_DEnsembleModel_Alpha158_csi300_custom_step0_s_20260526_16,d46acd05a8b244e1840770c9b7bdadbf,0.082,,,
621,2026-05-26,SH600111,-0.13883206592747355,EXP_DEnsembleModel_Alpha158_csi300_custom_step0_s_20260526_16,d46acd05a8b244e1840770c9b7bdadbf,0.082,,,
622,2026-05-26,SH600039,0.19661304380637665,EXP_DEnsembleModel_Alpha158_csi300_custom_step0_s_20260526_16,d46acd05a8b244e1840770c9b7bdadbf,0.082,,,
623,2026-05-26,SH600031,-0.09587168885484178,EXP_DEnsembleModel_Alpha158_csi300_custom_step0_s_20260526_16,d46acd05a8b244e1840770c9b7bdadbf,0.082,,,
624,2026-05-26,SH600030,0.0775924825998093,EXP_DEnsembleModel_Alpha158_csi300_custom_step0_s_20260526_16,d46acd05a8b244e1840770c9b7bdadbf,0.082,,,
625,2026-05-26,SH600029,-0.06244054978670403,EXP_DEnsembleModel_Alpha158_csi300_custom_step0_s_20260526_16,d46acd05a8b244e1840770c9b7bdadbf,0.082,,,
626,2026-05-26,SH600028,-0.012013437802231271,EXP_DEnsembleModel_Alpha158_csi300_custom_step0_s_20260526_16,d46acd05a8b244e1840770c9b7bdadbf,0.082,,,
627,2026-05-26,SH600027,-0.09580003022961314,EXP_DEnsembleModel_Alpha158_csi300_custom_step0_s_20260526_16,d46acd05a8b244e1840770c9b7bdadbf,0.082,,,
628,2026-05-26,SH600026,-0.009897885062709486,EXP_DEnsembleModel_Alpha158_csi300_custom_step0_s_20260526_16,d46acd05a8b244e1840770c9b7bdadbf,0.082,,,
629,2026-05-26,SH600036,-0.024190975982858437,EXP_DEnsembleModel_Alpha158_csi300_custom_step0_s_20260526_16,d46acd05a8b244e1840770c9b7bdadbf,0.082,,,
630,2026-05-26,SZ300832,-0.14591354032354784,EXP_DEnsembleModel_Alpha158_csi300_custom_step0_s_20260526_16,fe3ed01628694a3b8c1ed334efe35f28,0.063,,,
631,2026-05-26,SH600674,0.06176478072255979,EXP_DEnsembleModel_Alpha158_csi300_custom_step0_s_20260526_16,d46acd05a8b244e1840770c9b7bdadbf,0.082,,,
632,2026-05-26,SH600741,-0.023773094466795642,EXP_DEnsembleModel_Alpha158_csi300_custom_step0_s_20260526_16,d46acd05a8b244e1840770c9b7bdadbf,0.082,,,
633,2026-05-26,SH601138,-0.11062666472517094,EXP_DEnsembleModel_Alpha158_csi300_custom_step0_s_20260526_16,d46acd05a8b244e1840770c9b7bdadbf,0.082,,,
634,2026-05-26,SH601166,0.052554374987143875,EXP_DEnsembleModel_Alpha158_csi300_custom_step0_s_20260526_16,d46acd05a8b244e1840770c9b7bdadbf,0.082,,,
635,2026-05-26,SH601169,-0.017136513249050366,EXP_DEnsembleModel_Alpha158_csi300_custom_step0_s_20260526_16,d46acd05a8b244e1840770c9b7bdadbf,0.082,,,
636,2026-05-26,SH601186,-0.05717864164059219,EXP_DEnsembleModel_Alpha158_csi300_custom_step0_s_20260526_16,d46acd05a8b244e1840770c9b7bdadbf,0.082,,,
637,2026-05-26,SH601211,-0.11110793911189863,EXP_DEnsembleModel_Alpha158_csi300_custom_step0_s_20260526_16,d46acd05a8b244e1840770c9b7bdadbf,0.082,,,
638,2026-05-26,SH601225,-0.007220920721142164,EXP_DEnsembleModel_Alpha158_csi300_custom_step0_s_20260526_16,d46acd05a8b244e1840770c9b7bdadbf,0.082,,,
639,2026-05-26,SH601229,-0.04247184677582882,EXP_DEnsembleModel_Alpha158_csi300_custom_step0_s_20260526_16,d46acd05a8b244e1840770c9b7bdadbf,0.082,,,
640,2026-05-26,SH601236,0.001195126414523489,EXP_DEnsembleModel_Alpha158_csi300_custom_step0_s_20260526_16,d46acd05a8b244e1840770c9b7bdadbf,0.082,,,
641,2026-05-26,SH601238,0.062270722522246094,EXP_DEnsembleModel_Alpha158_csi300_custom_step0_s_20260526_16,d46acd05a8b244e1840770c9b7bdadbf,0.082,,,
642,2026-05-26,SH601288,0.03543503826496054,EXP_DEnsembleModel_Alpha158_csi300_custom_step0_s_20260526_16,d46acd05a8b244e1840770c9b7bdadbf,0.082,,,
643,2026-05-26,SH601298,0.11803764772880523,EXP_DEnsembleModel_Alpha158_csi300_custom_step0_s_20260526_16,d46acd05a8b244e1840770c9b7bdadbf,0.082,,,
644,2026-05-26,SH601318,-0.08198200371874277,EXP_DEnsembleModel_Alpha158_csi300_custom_step0_s_20260526_16,d46acd05a8b244e1840770c9b7bdadbf,0.082,,,
645,2026-05-26,SH601319,-0.030705750782899107,EXP_DEnsembleModel_Alpha158_csi300_custom_step0_s_20260526_16,d46acd05a8b244e1840770c9b7bdadbf,0.082,,,
646,2026-05-26,SH601328,0.07061022925935792,EXP_DEnsembleModel_Alpha158_csi300_custom_step0_s_20260526_16,d46acd05a8b244e1840770c9b7bdadbf,0.082,,,
647,2026-05-26,SH601336,-0.09378755643634412,EXP_DEnsembleModel_Alpha158_csi300_custom_step0_s_20260526_16,d46acd05a8b244e1840770c9b7bdadbf,0.082,,,
648,2026-05-26,SH601360,0.006038804742786221,EXP_DEnsembleModel_Alpha158_csi300_custom_step0_s_20260526_16,d46acd05a8b244e1840770c9b7bdadbf,0.082,,,
649,2026-05-26,SH601377,-0.006769946005467564,EXP_DEnsembleModel_Alpha158_csi300_custom_step0_s_20260526_16,d46acd05a8b244e1840770c9b7bdadbf,0.082,,,
650,2026-05-26,SH601689,-0.0686956811647471,EXP_DEnsembleModel_Alpha158_csi300_custom_step0_s_20260526_16,d46acd05a8b244e1840770c9b7bdadbf,0.082,,,
651,2026-05-26,SH601688,-0.05013088338510127,EXP_DEnsembleModel_Alpha158_csi300_custom_step0_s_20260526_16,d46acd05a8b244e1840770c9b7bdadbf,0.082,,,
652,2026-05-26,SH601669,-0.07155787500406129,EXP_DEnsembleModel_Alpha158_csi300_custom_step0_s_20260526_16,d46acd05a8b244e1840770c9b7bdadbf,0.082,,,
653,2026-05-26,SH601668,0.008321189976852895,EXP_DEnsembleModel_Alpha158_csi300_custom_step0_s_20260526_16,d46acd05a8b244e1840770c9b7bdadbf,0.082,,,
654,2026-05-26,SH601658,0.07101234616250414,EXP_DEnsembleModel_Alpha158_csi300_custom_step0_s_20260526_16,d46acd05a8b244e1840770c9b7bdadbf,0.082,,,
655,2026-05-26,SH601633,0.008673216996960834,EXP_DEnsembleModel_Alpha158_csi300_custom_step0_s_20260526_16,d46acd05a8b244e1840770c9b7bdadbf,0.082,,,
656,2026-05-26,SH601136,-0.036647533491360684,EXP_DEnsembleModel_Alpha158_csi300_custom_step0_s_20260526_16,d46acd05a8b244e1840770c9b7bdadbf,0.082,,,
657,2026-05-26,SH601628,-0.014514605827611462,EXP_DEnsembleModel_Alpha158_csi300_custom_step0_s_20260526_16,d46acd05a8b244e1840770c9b7bdadbf,0.082,,,
658,2026-05-26,SH601607,0.0010016125565539007,EXP_DEnsembleModel_Alpha158_csi300_custom_step0_s_20260526_16,d46acd05a8b244e1840770c9b7bdadbf,0.082,,,
659,2026-05-26,SH601601,-0.0006255217024734931,EXP_DEnsembleModel_Alpha158_csi300_custom_step0_s_20260526_16,d46acd05a8b244e1840770c9b7bdadbf,0.082,,,
660,2026-05-26,SH601600,0.036630066056226485,EXP_DEnsembleModel_Alpha158_csi300_custom_step0_s_20260526_16,d46acd05a8b244e1840770c9b7bdadbf,0.082,,,
661,2026-05-26,SH601456,-0.032810670332259165,EXP_DEnsembleModel_Alpha158_csi300_custom_step0_s_20260526_16,d46acd05a8b244e1840770c9b7bdadbf,0.082,,,
662,2026-05-26,SH601398,0.14666178184454148,EXP_DEnsembleModel_Alpha158_csi300_custom_step0_s_20260526_16,d46acd05a8b244e1840770c9b7bdadbf,0.082,,,
663,2026-05-26,SH601390,-0.10351677350593022,EXP_DEnsembleModel_Alpha158_csi300_custom_step0_s_20260526_16,d46acd05a8b244e1840770c9b7bdadbf,0.082,,,
664,2026-05-26,SH601618,-0.056426864816498445,EXP_DEnsembleModel_Alpha158_csi300_custom_step0_s_20260526_16,d46acd05a8b244e1840770c9b7bdadbf,0.082,,,
665,2026-05-26,SH600690,-0.09680010612491963,EXP_DEnsembleModel_Alpha158_csi300_custom_step0_s_20260526_16,d46acd05a8b244e1840770c9b7bdadbf,0.082,,,
666,2026-05-26,SH601127,0.02636701513886582,EXP_DEnsembleModel_Alpha158_csi300_custom_step0_s_20260526_16,d46acd05a8b244e1840770c9b7bdadbf,0.082,,,
667,2026-05-26,SH601111,-0.09703333496739928,EXP_DEnsembleModel_Alpha158_csi300_custom_step0_s_20260526_16,d46acd05a8b244e1840770c9b7bdadbf,0.082,,,
668,2026-05-26,SH600760,-0.08411704787716626,EXP_DEnsembleModel_Alpha158_csi300_custom_step0_s_20260526_16,d46acd05a8b244e1840770c9b7bdadbf,0.082,,,
669,2026-05-26,SH600795,0.007249153366884614,EXP_DEnsembleModel_Alpha158_csi300_custom_step0_s_20260526_16,d46acd05a8b244e1840770c9b7bdadbf,0.082,,,
670,2026-05-26,SH600803,-0.0725065569031644,EXP_DEnsembleModel_Alpha158_csi300_custom_step0_s_20260526_16,d46acd05a8b244e1840770c9b7bdadbf,0.082,,,
671,2026-05-26,SH600809,0.04882873046307938,EXP_DEnsembleModel_Alpha158_csi300_custom_step0_s_20260526_16,d46acd05a8b244e1840770c9b7bdadbf,0.082,,,
672,2026-05-26,SH600845,-0.07794417597904975,EXP_DEnsembleModel_Alpha158_csi300_custom_step0_s_20260526_16,d46acd05a8b244e1840770c9b7bdadbf,0.082,,,
673,2026-05-26,SH600875,-0.048311168696291706,EXP_DEnsembleModel_Alpha158_csi300_custom_step0_s_20260526_16,d46acd05a8b244e1840770c9b7bdadbf,0.082,,,
674,2026-05-26,SH600886,0.06711391520163931,EXP_DEnsembleModel_Alpha158_csi300_custom_step0_s_20260526_16,d46acd05a8b244e1840770c9b7bdadbf,0.082,,,
675,2026-05-26,SH600887,-0.013377636140993604,EXP_DEnsembleModel_Alpha158_csi300_custom_step0_s_20260526_16,d46acd05a8b244e1840770c9b7bdadbf,0.082,,,
676,2026-05-26,SH600893,-0.0948856608180294,EXP_DEnsembleModel_Alpha158_csi300_custom_step0_s_20260526_16,d46acd05a8b244e1840770c9b7bdadbf,0.082,,,
677,2026-05-26,SH600900,0.1095560468631998,EXP_DEnsembleModel_Alpha158_csi300_custom_step0_s_20260526_16,d46acd05a8b244e1840770c9b7bdadbf,0.082,,,
678,2026-05-26,SH600905,0.03805010283580997,EXP_DEnsembleModel_Alpha158_csi300_custom_step0_s_20260526_16,d46acd05a8b244e1840770c9b7bdadbf,0.082,,,
679,2026-05-26,SH600918,0.01771851395543961,EXP_DEnsembleModel_Alpha158_csi300_custom_step0_s_20260526_16,d46acd05a8b244e1840770c9b7bdadbf,0.082,,,
680,2026-05-26,SH600919,0.13432114934204548,EXP_DEnsembleModel_Alpha158_csi300_custom_step0_s_20260526_16,d46acd05a8b244e1840770c9b7bdadbf,0.082,,,
681,2026-05-26,SH600926,0.00721040126836913,EXP_DEnsembleModel_Alpha158_csi300_custom_step0_s_20260526_16,d46acd05a8b244e1840770c9b7bdadbf,0.082,,,
682,2026-05-26,SH600930,-0.033716470538655265,EXP_DEnsembleModel_Alpha158_csi300_custom_step0_s_20260526_16,d46acd05a8b244e1840770c9b7bdadbf,0.082,,,
683,2026-05-26,SH600938,-0.07716589327347594,EXP_DEnsembleModel_Alpha158_csi300_custom_step0_s_20260526_16,d46acd05a8b244e1840770c9b7bdadbf,0.082,,,
684,2026-05-26,SH600941,-0.0016640467628212818,EXP_DEnsembleModel_Alpha158_csi300_custom_step0_s_20260526_16,d46acd05a8b244e1840770c9b7bdadbf,0.082,,,
685,2026-05-26,SH601100,-0.0195939779842919,EXP_DEnsembleModel_Alpha158_csi300_custom_step0_s_20260526_16,d46acd05a8b244e1840770c9b7bdadbf,0.082,,,
686,2026-05-26,SH601088,0.034756093933766545,EXP_DEnsembleModel_Alpha158_csi300_custom_step0_s_20260526_16,d46acd05a8b244e1840770c9b7bdadbf,0.082,,,
687,2026-05-26,SH601077,0.08374664726356638,EXP_DEnsembleModel_Alpha158_csi300_custom_step0_s_20260526_16,d46acd05a8b244e1840770c9b7bdadbf,0.082,,,
688,2026-05-26,SH601066,0.0303333876838849,EXP_DEnsembleModel_Alpha158_csi300_custom_step0_s_20260526_16,d46acd05a8b244e1840770c9b7bdadbf,0.082,,,
689,2026-05-26,SH601059,0.10368706763856454,EXP_DEnsembleModel_Alpha158_csi300_custom_step0_s_20260526_16,d46acd05a8b244e1840770c9b7bdadbf,0.082,,,
690,2026-05-26,SH601058,-0.047251622593141016,EXP_DEnsembleModel_Alpha158_csi300_custom_step0_s_20260526_16,d46acd05a8b244e1840770c9b7bdadbf,0.082,,,
691,2026-05-26,SH601117,-0.09915576791474794,EXP_DEnsembleModel_Alpha158_csi300_custom_step0_s_20260526_16,d46acd05a8b244e1840770c9b7bdadbf,0.082,,,
692,2026-05-26,SH601021,-0.0633167170733925,EXP_DEnsembleModel_Alpha158_csi300_custom_step0_s_20260526_16,d46acd05a8b244e1840770c9b7bdadbf,0.082,,,
693,2026-05-26,SH601012,0.08499109972183573,EXP_DEnsembleModel_Alpha158_csi300_custom_step0_s_20260526_16,d46acd05a8b244e1840770c9b7bdadbf,0.082,,,
694,2026-05-26,SH601009,-0.017470074759041068,EXP_DEnsembleModel_Alpha158_csi300_custom_step0_s_20260526_16,d46acd05a8b244e1840770c9b7bdadbf,0.082,,,
695,2026-05-26,SH601006,0.11944291697300444,EXP_DEnsembleModel_Alpha158_csi300_custom_step0_s_20260526_16,d46acd05a8b244e1840770c9b7bdadbf,0.082,,,
696,2026-05-26,SH600999,-0.06362965220340175,EXP_DEnsembleModel_Alpha158_csi300_custom_step0_s_20260526_16,d46acd05a8b244e1840770c9b7bdadbf,0.082,,,
697,2026-05-26,SH600989,0.05881404337157591,EXP_DEnsembleModel_Alpha158_csi300_custom_step0_s_20260526_16,d46acd05a8b244e1840770c9b7bdadbf,0.082,,,
698,2026-05-26,SH600958,-0.057578802062331874,EXP_DEnsembleModel_Alpha158_csi300_custom_step0_s_20260526_16,d46acd05a8b244e1840770c9b7bdadbf,0.082,,,
699,2026-05-26,SH601018,0.04647764704628466,EXP_DEnsembleModel_Alpha158_csi300_custom_step0_s_20260526_16,d46acd05a8b244e1840770c9b7bdadbf,0.082,,,
700,2026-05-26,SZ300803,-0.12330170728894888,EXP_DEnsembleModel_Alpha158_csi300_custom_step0_s_20260526_16,fe3ed01628694a3b8c1ed334efe35f28,0.063,,,
701,2026-05-26,SZ300782,0.24515499540501148,EXP_DEnsembleModel_Alpha158_csi300_custom_step0_s_20260526_16,fe3ed01628694a3b8c1ed334efe35f28,0.063,,,
702,2026-05-26,SZ300760,-0.06137434314990349,EXP_DEnsembleModel_Alpha158_csi300_custom_step0_s_20260526_16,fe3ed01628694a3b8c1ed334efe35f28,0.063,,,
703,2026-05-26,SH688472,0.013852270173105216,EXP_DEnsembleModel_Alpha158_csi300_custom_step0_s_20260526_16,fe3ed01628694a3b8c1ed334efe35f28,0.063,,,
704,2026-05-26,SH688506,-0.10719441857120574,EXP_DEnsembleModel_Alpha158_csi300_custom_step0_s_20260526_16,fe3ed01628694a3b8c1ed334efe35f28,0.063,,,
705,2026-05-26,SH688981,-0.05258539530165621,EXP_DEnsembleModel_Alpha158_csi300_custom_step0_s_20260526_16,fe3ed01628694a3b8c1ed334efe35f28,0.063,,,
706,2026-05-26,SZ000001,-0.017898268899029193,EXP_DEnsembleModel_Alpha158_csi300_custom_step0_s_20260526_16,fe3ed01628694a3b8c1ed334efe35f28,0.063,,,
707,2026-05-26,SZ000002,-0.0007394371779783846,EXP_DEnsembleModel_Alpha158_csi300_custom_step0_s_20260526_16,fe3ed01628694a3b8c1ed334efe35f28,0.063,,,
708,2026-05-26,SZ000063,1.2814493269015794e-05,EXP_DEnsembleModel_Alpha158_csi300_custom_step0_s_20260526_16,fe3ed01628694a3b8c1ed334efe35f28,0.063,,,
709,2026-05-26,SZ000100,-0.012906901495033865,EXP_DEnsembleModel_Alpha158_csi300_custom_step0_s_20260526_16,fe3ed01628694a3b8c1ed334efe35f28,0.063,,,
710,2026-05-26,SZ000157,0.017704368008939025,EXP_DEnsembleModel_Alpha158_csi300_custom_step0_s_20260526_16,fe3ed01628694a3b8c1ed334efe35f28,0.063,,,
711,2026-05-26,SZ000166,-0.001194694838493697,EXP_DEnsembleModel_Alpha158_csi300_custom_step0_s_20260526_16,fe3ed01628694a3b8c1ed334efe35f28,0.063,,,
712,2026-05-26,SZ000301,-0.1408312587234648,EXP_DEnsembleModel_Alpha158_csi300_custom_step0_s_20260526_16,fe3ed01628694a3b8c1ed334efe35f28,0.063,,,
713,2026-05-26,SZ000333,0.05182202922553801,EXP_DEnsembleModel_Alpha158_csi300_custom_step0_s_20260526_16,fe3ed01628694a3b8c1ed334efe35f28,0.063,,,
714,2026-05-26,SZ000338,-0.004123778539839764,EXP_DEnsembleModel_Alpha158_csi300_custom_step0_s_20260526_16,fe3ed01628694a3b8c1ed334efe35f28,0.063,,,
715,2026-05-26,SZ000408,-0.03929418183355048,EXP_DEnsembleModel_Alpha158_csi300_custom_step0_s_20260526_16,fe3ed01628694a3b8c1ed334efe35f28,0.063,,,
716,2026-05-26,SZ000425,-0.04271542417751924,EXP_DEnsembleModel_Alpha158_csi300_custom_step0_s_20260526_16,fe3ed01628694a3b8c1ed334efe35f28,0.063,,,
717,2026-05-26,SZ000538,0.07949512258825511,EXP_DEnsembleModel_Alpha158_csi300_custom_step0_s_20260526_16,fe3ed01628694a3b8c1ed334efe35f28,0.063,,,
718,2026-05-26,SZ000568,-0.0018206133810568187,EXP_DEnsembleModel_Alpha158_csi300_custom_step0_s_20260526_16,fe3ed01628694a3b8c1ed334efe35f28,0.063,,,
719,2026-05-26,SZ000596,-0.10188897855803557,EXP_DEnsembleModel_Alpha158_csi300_custom_step0_s_20260526_16,fe3ed01628694a3b8c1ed334efe35f28,0.063,,,
720,2026-05-26,SZ000876,-0.034652035985097064,EXP_DEnsembleModel_Alpha158_csi300_custom_step0_s_20260526_16,fe3ed01628694a3b8c1ed334efe35f28,0.063,,,
721,2026-05-26,SZ000858,0.051646477918744244,EXP_DEnsembleModel_Alpha158_csi300_custom_step0_s_20260526_16,fe3ed01628694a3b8c1ed334efe35f28,0.063,,,
722,2026-05-26,SZ000807,0.08023738422864511,EXP_DEnsembleModel_Alpha158_csi300_custom_step0_s_20260526_16,fe3ed01628694a3b8c1ed334efe35f28,0.063,,,
723,2026-05-26,SZ000792,-0.10954280154174395,EXP_DEnsembleModel_Alpha158_csi300_custom_step0_s_20260526_16,fe3ed01628694a3b8c1ed334efe35f28,0.063,,,
724,2026-05-26,SZ000786,-0.15862115214992528,EXP_DEnsembleModel_Alpha158_csi300_custom_step0_s_20260526_16,fe3ed01628694a3b8c1ed334efe35f28,0.063,,,
725,2026-05-26,SZ000776,-0.14488768145648132,EXP_DEnsembleModel_Alpha158_csi300_custom_step0_s_20260526_16,fe3ed01628694a3b8c1ed334efe35f28,0.063,,,
726,2026-05-26,SH688396,0.06585430345592246,EXP_DEnsembleModel_Alpha158_csi300_custom_step0_s_20260526_16,fe3ed01628694a3b8c1ed334efe35f28,0.063,,,
727,2026-05-26,SZ000768,-0.09322575444260685,EXP_DEnsembleModel_Alpha158_csi300_custom_step0_s_20260526_16,fe3ed01628694a3b8c1ed334efe35f28,0.063,,,
728,2026-05-26,SZ000708,-0.01077669938453581,EXP_DEnsembleModel_Alpha158_csi300_custom_step0_s_20260526_16,fe3ed01628694a3b8c1ed334efe35f28,0.063,,,
729,2026-05-26,SZ000661,-0.10057909677185858,EXP_DEnsembleModel_Alpha158_csi300_custom_step0_s_20260526_16,fe3ed01628694a3b8c1ed334efe35f28,0.063,,,
730,2026-05-26,SZ000651,-0.03575918348227525,EXP_DEnsembleModel_Alpha158_csi300_custom_step0_s_20260526_16,fe3ed01628694a3b8c1ed334efe35f28,0.063,,,
731,2026-05-26,SZ000630,-0.07393103206662163,EXP_DEnsembleModel_Alpha158_csi300_custom_step0_s_20260526_16,fe3ed01628694a3b8c1ed334efe35f28,0.063,,,
732,2026-05-26,SZ000625,-0.006584596574520079,EXP_DEnsembleModel_Alpha158_csi300_custom_step0_s_20260526_16,fe3ed01628694a3b8c1ed334efe35f28,0.063,,,
733,2026-05-26,SZ000617,0.008230012950275192,EXP_DEnsembleModel_Alpha158_csi300_custom_step0_s_20260526_16,fe3ed01628694a3b8c1ed334efe35f28,0.063,,,
734,2026-05-26,SZ000725,-0.18992918847691118,EXP_DEnsembleModel_Alpha158_csi300_custom_step0_s_20260526_16,fe3ed01628694a3b8c1ed334efe35f28,0.063,,,
735,2026-05-26,SZ000895,-0.0006137390467680325,EXP_DEnsembleModel_Alpha158_csi300_custom_step0_s_20260526_16,fe3ed01628694a3b8c1ed334efe35f28,0.063,,,
736,2026-05-26,SH688303,-0.051941438120931736,EXP_DEnsembleModel_Alpha158_csi300_custom_step0_s_20260526_16,fe3ed01628694a3b8c1ed334efe35f28,0.063,,,
737,2026-05-26,SH688256,-0.2981750104050239,EXP_DEnsembleModel_Alpha158_csi300_custom_step0_s_20260526_16,fe3ed01628694a3b8c1ed334efe35f28,0.063,,,
738,2026-05-26,SH601985,0.03463835241411468,EXP_DEnsembleModel_Alpha158_csi300_custom_step0_s_20260526_16,fe3ed01628694a3b8c1ed334efe35f28,0.063,,,
739,2026-05-26,SH601988,0.17679899152615872,EXP_DEnsembleModel_Alpha158_csi300_custom_step0_s_20260526_16,fe3ed01628694a3b8c1ed334efe35f28,0.063,,,
740,2026-05-26,SH601995,0.05205922990729277,EXP_DEnsembleModel_Alpha158_csi300_custom_step0_s_20260526_16,fe3ed01628694a3b8c1ed334efe35f28,0.063,,,
741,2026-05-26,SH601998,0.0541352466925263,EXP_DEnsembleModel_Alpha158_csi300_custom_step0_s_20260526_16,fe3ed01628694a3b8c1ed334efe35f28,0.063,,,
742,2026-05-26,SH603019,-0.035359874654617506,EXP_DEnsembleModel_Alpha158_csi300_custom_step0_s_20260526_16,fe3ed01628694a3b8c1ed334efe35f28,0.063,,,
743,2026-05-26,SH603195,-0.011284524650729974,EXP_DEnsembleModel_Alpha158_csi300_custom_step0_s_20260526_16,fe3ed01628694a3b8c1ed334efe35f28,0.063,,,
744,2026-05-26,SH603259,-0.042893938604305085,EXP_DEnsembleModel_Alpha158_csi300_custom_step0_s_20260526_16,fe3ed01628694a3b8c1ed334efe35f28,0.063,,,
745,2026-05-26,SH603260,-0.11059010927906761,EXP_DEnsembleModel_Alpha158_csi300_custom_step0_s_20260526_16,fe3ed01628694a3b8c1ed334efe35f28,0.063,,,
746,2026-05-26,SH603288,-0.05175278872299522,EXP_DEnsembleModel_Alpha158_csi300_custom_step0_s_20260526_16,fe3ed01628694a3b8c1ed334efe35f28,0.063,,,
747,2026-05-26,SH603296,-0.1417357887161189,EXP_DEnsembleModel_Alpha158_csi300_custom_step0_s_20260526_16,fe3ed01628694a3b8c1ed334efe35f28,0.063,,,
748,2026-05-26,SH603369,-0.14032034668221072,EXP_DEnsembleModel_Alpha158_csi300_custom_step0_s_20260526_16,fe3ed01628694a3b8c1ed334efe35f28,0.063,,,
749,2026-05-26,SH603392,-0.05204530736771316,EXP_DEnsembleModel_Alpha158_csi300_custom_step0_s_20260526_16,fe3ed01628694a3b8c1ed334efe35f28,0.063,,,
750,2026-05-26,SH603501,-0.11442689253746698,EXP_DEnsembleModel_Alpha158_csi300_custom_step0_s_20260526_16,fe3ed01628694a3b8c1ed334efe35f28,0.063,,,
751,2026-05-26,SH603799,-0.08458980860791465,EXP_DEnsembleModel_Alpha158_csi300_custom_step0_s_20260526_16,fe3ed01628694a3b8c1ed334efe35f28,0.063,,,
752,2026-05-26,SH603893,-0.05267873966428885,EXP_DEnsembleModel_Alpha158_csi300_custom_step0_s_20260526_16,fe3ed01628694a3b8c1ed334efe35f28,0.063,,,
753,2026-05-26,SH603986,-0.30934287147325773,EXP_DEnsembleModel_Alpha158_csi300_custom_step0_s_20260526_16,fe3ed01628694a3b8c1ed334efe35f28,0.063,,,
754,2026-05-26,SH603993,-0.005832301688702885,EXP_DEnsembleModel_Alpha158_csi300_custom_step0_s_20260526_16,fe3ed01628694a3b8c1ed334efe35f28,0.063,,,
755,2026-05-26,SH688223,-0.06806706567242556,EXP_DEnsembleModel_Alpha158_csi300_custom_step0_s_20260526_16,fe3ed01628694a3b8c1ed334efe35f28,0.063,,,
756,2026-05-26,SH688187,0.03635794563109427,EXP_DEnsembleModel_Alpha158_csi300_custom_step0_s_20260526_16,fe3ed01628694a3b8c1ed334efe35f28,0.063,,,
757,2026-05-26,SH688169,-0.2275470538383284,EXP_DEnsembleModel_Alpha158_csi300_custom_step0_s_20260526_16,fe3ed01628694a3b8c1ed334efe35f28,0.063,,,
758,2026-05-26,SH688126,0.1761925866291717,EXP_DEnsembleModel_Alpha158_csi300_custom_step0_s_20260526_16,fe3ed01628694a3b8c1ed334efe35f28,0.063,,,
759,2026-05-26,SH688111,-0.14660940817114945,EXP_DEnsembleModel_Alpha158_csi300_custom_step0_s_20260526_16,fe3ed01628694a3b8c1ed334efe35f28,0.063,,,
760,2026-05-26,SH688082,-0.4641489873333575,EXP_DEnsembleModel_Alpha158_csi300_custom_step0_s_20260526_16,fe3ed01628694a3b8c1ed334efe35f28,0.063,,,
761,2026-05-26,SH688271,-0.09210306468192271,EXP_DEnsembleModel_Alpha158_csi300_custom_step0_s_20260526_16,fe3ed01628694a3b8c1ed334efe35f28,0.063,,,
762,2026-05-26,SH688047,-0.03834343635264665,EXP_DEnsembleModel_Alpha158_csi300_custom_step0_s_20260526_16,fe3ed01628694a3b8c1ed334efe35f28,0.063,,,
763,2026-05-26,SH688036,-0.044197282138946165,EXP_DEnsembleModel_Alpha158_csi300_custom_step0_s_20260526_16,fe3ed01628694a3b8c1ed334efe35f28,0.063,,,
764,2026-05-26,SH688012,0.08983001409519074,EXP_DEnsembleModel_Alpha158_csi300_custom_step0_s_20260526_16,fe3ed01628694a3b8c1ed334efe35f28,0.063,,,
765,2026-05-26,SH688009,0.018243130919418593,EXP_DEnsembleModel_Alpha158_csi300_custom_step0_s_20260526_16,fe3ed01628694a3b8c1ed334efe35f28,0.063,,,
766,2026-05-26,SH688008,-0.23013125320293976,EXP_DEnsembleModel_Alpha158_csi300_custom_step0_s_20260526_16,fe3ed01628694a3b8c1ed334efe35f28,0.063,,,
767,2026-05-26,SH605499,0.016386254871551077,EXP_DEnsembleModel_Alpha158_csi300_custom_step0_s_20260526_16,fe3ed01628694a3b8c1ed334efe35f28,0.063,,,
768,2026-05-26,SH605117,-0.15587546981183972,EXP_DEnsembleModel_Alpha158_csi300_custom_step0_s_20260526_16,fe3ed01628694a3b8c1ed334efe35f28,0.063,,,
769,2026-05-26,SH688041,-0.1411378640148019,EXP_DEnsembleModel_Alpha158_csi300_custom_step0_s_20260526_16,fe3ed01628694a3b8c1ed334efe35f28,0.063,,,
770,2026-05-26,SZ000938,0.16206714671754743,EXP_DEnsembleModel_Alpha158_csi300_custom_step0_s_20260526_16,fe3ed01628694a3b8c1ed334efe35f28,0.063,,,
771,2026-05-26,SZ000963,-0.04738007293698476,EXP_DEnsembleModel_Alpha158_csi300_custom_step0_s_20260526_16,fe3ed01628694a3b8c1ed334efe35f28,0.063,,,
772,2026-05-26,SZ000975,0.07226317604907362,EXP_DEnsembleModel_Alpha158_csi300_custom_step0_s_20260526_16,fe3ed01628694a3b8c1ed334efe35f28,0.063,,,
773,2026-05-26,SZ002709,0.07009034735215895,EXP_DEnsembleModel_Alpha158_csi300_custom_step0_s_20260526_16,fe3ed01628694a3b8c1ed334efe35f28,0.063,,,
774,2026-05-26,SZ002714,-0.029628589823574896,EXP_DEnsembleModel_Alpha158_csi300_custom_step0_s_20260526_16,fe3ed01628694a3b8c1ed334efe35f28,0.063,,,
775,2026-05-26,SZ002736,-0.02987994331454097,EXP_DEnsembleModel_Alpha158_csi300_custom_step0_s_20260526_16,fe3ed01628694a3b8c1ed334efe35f28,0.063,,,
776,2026-05-26,SZ002916,-0.08365116406938843,EXP_DEnsembleModel_Alpha158_csi300_custom_step0_s_20260526_16,fe3ed01628694a3b8c1ed334efe35f28,0.063,,,
777,2026-05-26,SZ002920,-0.07728978151906292,EXP_DEnsembleModel_Alpha158_csi300_custom_step0_s_20260526_16,fe3ed01628694a3b8c1ed334efe35f28,0.063,,,
778,2026-05-26,SZ002938,-0.19704723388033502,EXP_DEnsembleModel_Alpha158_csi300_custom_step0_s_20260526_16,fe3ed01628694a3b8c1ed334efe35f28,0.063,,,
779,2026-05-26,SZ003816,-0.04263989409641653,EXP_DEnsembleModel_Alpha158_csi300_custom_step0_s_20260526_16,fe3ed01628694a3b8c1ed334efe35f28,0.063,,,
780,2026-05-26,SZ300014,-0.050445099520267225,EXP_DEnsembleModel_Alpha158_csi300_custom_step0_s_20260526_16,fe3ed01628694a3b8c1ed334efe35f28,0.063,,,
781,2026-05-26,SZ300015,-0.05216600841330645,EXP_DEnsembleModel_Alpha158_csi300_custom_step0_s_20260526_16,fe3ed01628694a3b8c1ed334efe35f28,0.063,,,
782,2026-05-26,SZ300033,-0.05752794771313413,EXP_DEnsembleModel_Alpha158_csi300_custom_step0_s_20260526_16,fe3ed01628694a3b8c1ed334efe35f28,0.063,,,
783,2026-05-26,SZ300059,-0.13636281371890352,EXP_DEnsembleModel_Alpha158_csi300_custom_step0_s_20260526_16,fe3ed01628694a3b8c1ed334efe35f28,0.063,,,
784,2026-05-26,SZ300122,-0.06687925879372786,EXP_DEnsembleModel_Alpha158_csi300_custom_step0_s_20260526_16,fe3ed01628694a3b8c1ed334efe35f28,0.063,,,
785,2026-05-26,SZ300124,0.002032417340100069,EXP_DEnsembleModel_Alpha158_csi300_custom_step0_s_20260526_16,fe3ed01628694a3b8c1ed334efe35f28,0.063,,,
786,2026-05-26,SZ300251,-0.09708864742750177,EXP_DEnsembleModel_Alpha158_csi300_custom_step0_s_20260526_16,fe3ed01628694a3b8c1ed334efe35f28,0.063,,,
787,2026-05-26,SZ300274,-0.23412413034828025,EXP_DEnsembleModel_Alpha158_csi300_custom_step0_s_20260526_16,fe3ed01628694a3b8c1ed334efe35f28,0.063,,,
788,2026-05-26,SZ300308,-0.14044478586002648,EXP_DEnsembleModel_Alpha158_csi300_custom_step0_s_20260526_16,fe3ed01628694a3b8c1ed334efe35f28,0.063,,,
789,2026-05-26,SZ300316,-0.048223582766921826,EXP_DEnsembleModel_Alpha158_csi300_custom_step0_s_20260526_16,fe3ed01628694a3b8c1ed334efe35f28,0.063,,,
790,2026-05-26,SZ300759,-0.023460571575248557,EXP_DEnsembleModel_Alpha158_csi300_custom_step0_s_20260526_16,fe3ed01628694a3b8c1ed334efe35f28,0.063,,,
791,2026-05-26,SZ300750,0.040779111602938366,EXP_DEnsembleModel_Alpha158_csi300_custom_step0_s_20260526_16,fe3ed01628694a3b8c1ed334efe35f28,0.063,,,
792,2026-05-26,SZ300661,-0.04492889385500297,EXP_DEnsembleModel_Alpha158_csi300_custom_step0_s_20260526_16,fe3ed01628694a3b8c1ed334efe35f28,0.063,,,
793,2026-05-26,SZ300628,-0.002516865590366017,EXP_DEnsembleModel_Alpha158_csi300_custom_step0_s_20260526_16,fe3ed01628694a3b8c1ed334efe35f28,0.063,,,
794,2026-05-26,SZ300502,-0.1148064347572209,EXP_DEnsembleModel_Alpha158_csi300_custom_step0_s_20260526_16,fe3ed01628694a3b8c1ed334efe35f28,0.063,,,
795,2026-05-26,SZ300498,0.01635094898139315,EXP_DEnsembleModel_Alpha158_csi300_custom_step0_s_20260526_16,fe3ed01628694a3b8c1ed334efe35f28,0.063,,,
796,2026-05-26,SZ002648,0.04457462794793259,EXP_DEnsembleModel_Alpha158_csi300_custom_step0_s_20260526_16,fe3ed01628694a3b8c1ed334efe35f28,0.063,,,
797,2026-05-26,SZ300476,-0.041459480907359667,EXP_DEnsembleModel_Alpha158_csi300_custom_step0_s_20260526_16,fe3ed01628694a3b8c1ed334efe35f28,0.063,,,
798,2026-05-26,SZ300433,0.16295224945309897,EXP_DEnsembleModel_Alpha158_csi300_custom_step0_s_20260526_16,fe3ed01628694a3b8c1ed334efe35f28,0.063,,,
799,2026-05-26,SZ300418,-0.12236651687731517,EXP_DEnsembleModel_Alpha158_csi300_custom_step0_s_20260526_16,fe3ed01628694a3b8c1ed334efe35f28,0.063,,,
800,2026-05-26,SZ300413,0.026348721323463734,EXP_DEnsembleModel_Alpha158_csi300_custom_step0_s_20260526_16,fe3ed01628694a3b8c1ed334efe35f28,0.063,,,
801,2026-05-26,SZ300408,-0.2716642035514523,EXP_DEnsembleModel_Alpha158_csi300_custom_step0_s_20260526_16,fe3ed01628694a3b8c1ed334efe35f28,0.063,,,
802,2026-05-26,SZ300394,-0.0686351734357141,EXP_DEnsembleModel_Alpha158_csi300_custom_step0_s_20260526_16,fe3ed01628694a3b8c1ed334efe35f28,0.063,,,
803,2026-05-26,SZ300347,0.03540586165961008,EXP_DEnsembleModel_Alpha158_csi300_custom_step0_s_20260526_16,fe3ed01628694a3b8c1ed334efe35f28,0.063,,,
804,2026-05-26,SZ300442,-0.1857384889040435,EXP_DEnsembleModel_Alpha158_csi300_custom_step0_s_20260526_16,fe3ed01628694a3b8c1ed334efe35f28,0.063,,,
805,2026-05-26,SZ002625,-0.10940081112459372,EXP_DEnsembleModel_Alpha158_csi300_custom_step0_s_20260526_16,fe3ed01628694a3b8c1ed334efe35f28,0.063,,,
806,2026-05-26,SZ002601,-0.00021452433251691681,EXP_DEnsembleModel_Alpha158_csi300_custom_step0_s_20260526_16,fe3ed01628694a3b8c1ed334efe35f28,0.063,,,
807,2026-05-26,SZ002600,-0.06044130384262097,EXP_DEnsembleModel_Alpha158_csi300_custom_step0_s_20260526_16,fe3ed01628694a3b8c1ed334efe35f28,0.063,,,
808,2026-05-26,SZ002179,0.05157012026679475,EXP_DEnsembleModel_Alpha158_csi300_custom_step0_s_20260526_16,fe3ed01628694a3b8c1ed334efe35f28,0.063,,,
809,2026-05-26,SZ002142,0.05652301165341448,EXP_DEnsembleModel_Alpha158_csi300_custom_step0_s_20260526_16,fe3ed01628694a3b8c1ed334efe35f28,0.063,,,
810,2026-05-26,SZ002074,-0.06624411080176068,EXP_DEnsembleModel_Alpha158_csi300_custom_step0_s_20260526_16,fe3ed01628694a3b8c1ed334efe35f28,0.063,,,
811,2026-05-26,SZ002050,-0.052535150004070406,EXP_DEnsembleModel_Alpha158_csi300_custom_step0_s_20260526_16,fe3ed01628694a3b8c1ed334efe35f28,0.063,,,
812,2026-05-26,SZ002049,0.010023871675043386,EXP_DEnsembleModel_Alpha158_csi300_custom_step0_s_20260526_16,fe3ed01628694a3b8c1ed334efe35f28,0.063,,,
813,2026-05-26,SZ002028,-0.05905201013171798,EXP_DEnsembleModel_Alpha158_csi300_custom_step0_s_20260526_16,fe3ed01628694a3b8c1ed334efe35f28,0.063,,,
814,2026-05-26,SZ002230,-0.009622687496483711,EXP_DEnsembleModel_Alpha158_csi300_custom_step0_s_20260526_16,fe3ed01628694a3b8c1ed334efe35f28,0.063,,,
815,2026-05-26,SZ002027,-0.051644720340251436,EXP_DEnsembleModel_Alpha158_csi300_custom_step0_s_20260526_16,fe3ed01628694a3b8c1ed334efe35f28,0.063,,,
816,2026-05-26,SZ001979,-0.1261529291650044,EXP_DEnsembleModel_Alpha158_csi300_custom_step0_s_20260526_16,fe3ed01628694a3b8c1ed334efe35f28,0.063,,,
817,2026-05-26,SZ001965,0.033925818872579595,EXP_DEnsembleModel_Alpha158_csi300_custom_step0_s_20260526_16,fe3ed01628694a3b8c1ed334efe35f28,0.063,,,
818,2026-05-26,SZ001391,0.03041702509030541,EXP_DEnsembleModel_Alpha158_csi300_custom_step0_s_20260526_16,fe3ed01628694a3b8c1ed334efe35f28,0.063,,,
819,2026-05-26,SZ000999,0.07207099223775698,EXP_DEnsembleModel_Alpha158_csi300_custom_step0_s_20260526_16,fe3ed01628694a3b8c1ed334efe35f28,0.063,,,
820,2026-05-26,SZ000983,-0.14872560916838248,EXP_DEnsembleModel_Alpha158_csi300_custom_step0_s_20260526_16,fe3ed01628694a3b8c1ed334efe35f28,0.063,,,
821,2026-05-26,SZ000977,-0.004219931595837653,EXP_DEnsembleModel_Alpha158_csi300_custom_step0_s_20260526_16,fe3ed01628694a3b8c1ed334efe35f28,0.063,,,
822,2026-05-26,SZ002001,-0.0216783365768392,EXP_DEnsembleModel_Alpha158_csi300_custom_step0_s_20260526_16,fe3ed01628694a3b8c1ed334efe35f28,0.063,,,
823,2026-05-26,SH601698,-0.04820510234031528,EXP_DEnsembleModel_Alpha158_csi300_custom_step0_s_20260526_16,d46acd05a8b244e1840770c9b7bdadbf,0.082,,,
824,2026-05-26,SZ002236,-0.051842852104160723,EXP_DEnsembleModel_Alpha158_csi300_custom_step0_s_20260526_16,fe3ed01628694a3b8c1ed334efe35f28,0.063,,,
825,2026-05-26,SZ002252,-0.07778476450655426,EXP_DEnsembleModel_Alpha158_csi300_custom_step0_s_20260526_16,fe3ed01628694a3b8c1ed334efe35f28,0.063,,,
826,2026-05-26,SZ002594,-0.05360531854080058,EXP_DEnsembleModel_Alpha158_csi300_custom_step0_s_20260526_16,fe3ed01628694a3b8c1ed334efe35f28,0.063,,,
827,2026-05-26,SZ002493,-0.13488783692812836,EXP_DEnsembleModel_Alpha158_csi300_custom_step0_s_20260526_16,fe3ed01628694a3b8c1ed334efe35f28,0.063,,,
828,2026-05-26,SZ002475,-0.18535423032935847,EXP_DEnsembleModel_Alpha158_csi300_custom_step0_s_20260526_16,fe3ed01628694a3b8c1ed334efe35f28,0.063,,,
829,2026-05-26,SZ002466,-0.03604570289902807,EXP_DEnsembleModel_Alpha158_csi300_custom_step0_s_20260526_16,fe3ed01628694a3b8c1ed334efe35f28,0.063,,,
830,2026-05-26,SZ002463,-0.15200566446375793,EXP_DEnsembleModel_Alpha158_csi300_custom_step0_s_20260526_16,fe3ed01628694a3b8c1ed334efe35f28,0.063,,,
831,2026-05-26,SZ002460,0.007037967993664822,EXP_DEnsembleModel_Alpha158_csi300_custom_step0_s_20260526_16,fe3ed01628694a3b8c1ed334efe35f28,0.063,,,
832,2026-05-26,SZ002241,0.03308955033783211,EXP_DEnsembleModel_Alpha158_csi300_custom_step0_s_20260526_16,fe3ed01628694a3b8c1ed334efe35f28,0.063,,,
833,2026-05-26,SZ002459,0.034715446332573216,EXP_DEnsembleModel_Alpha158_csi300_custom_step0_s_20260526_16,fe3ed01628694a3b8c1ed334efe35f28,0.063,,,
834,2026-05-26,SZ002415,-0.04683728277317382,EXP_DEnsembleModel_Alpha158_csi300_custom_step0_s_20260526_16,fe3ed01628694a3b8c1ed334efe35f28,0.063,,,
835,2026-05-26,SZ002384,0.05260700617127835,EXP_DEnsembleModel_Alpha158_csi300_custom_step0_s_20260526_16,fe3ed01628694a3b8c1ed334efe35f28,0.063,,,
836,2026-05-26,SZ002371,-0.11098827072095377,EXP_DEnsembleModel_Alpha158_csi300_custom_step0_s_20260526_16,fe3ed01628694a3b8c1ed334efe35f28,0.063,,,
837,2026-05-26,SZ002352,0.030358425043009084,EXP_DEnsembleModel_Alpha158_csi300_custom_step0_s_20260526_16,fe3ed01628694a3b8c1ed334efe35f28,0.063,,,
838,2026-05-26,SZ002311,0.045294920446794375,EXP_DEnsembleModel_Alpha158_csi300_custom_step0_s_20260526_16,fe3ed01628694a3b8c1ed334efe35f28,0.063,,,
839,2026-05-26,SZ002304,-0.046083986413480944,EXP_DEnsembleModel_Alpha158_csi300_custom_step0_s_20260526_16,fe3ed01628694a3b8c1ed334efe35f28,0.063,,,
840,2026-05-26,SZ002422,-0.06504367170634114,EXP_DEnsembleModel_Alpha158_csi300_custom_step0_s_20260526_16,fe3ed01628694a3b8c1ed334efe35f28,0.063,,,
841,2026-05-26,SH601728,-0.046698704983706506,EXP_DEnsembleModel_Alpha158_csi300_custom_step0_s_20260526_16,d46acd05a8b244e1840770c9b7bdadbf,0.082,,,
842,2026-05-26,SH601766,-0.0789543288371274,EXP_DEnsembleModel_Alpha158_csi300_custom_step0_s_20260526_16,d46acd05a8b244e1840770c9b7bdadbf,0.082,,,
843,2026-05-26,SH601788,-0.08940187089500418,EXP_DEnsembleModel_Alpha158_csi300_custom_step0_s_20260526_16,d46acd05a8b244e1840770c9b7bdadbf,0.082,,,
844,2026-05-26,SH600025,-0.08226469547099341,EXP_DEnsembleModel_Alpha158_csi300_custom_step0_s_20260526_16,59b448fbaa1d4df6bc48149aeabeedcd,0.06,,,
845,2026-05-26,SH600026,0.14768174782003082,EXP_DEnsembleModel_Alpha158_csi300_custom_step0_s_20260526_16,59b448fbaa1d4df6bc48149aeabeedcd,0.06,,,
846,2026-05-26,SH600027,0.2091807779997356,EXP_DEnsembleModel_Alpha158_csi300_custom_step0_s_20260526_16,59b448fbaa1d4df6bc48149aeabeedcd,0.06,,,
847,2026-05-26,SH600028,-0.018902851426536048,EXP_DEnsembleModel_Alpha158_csi300_custom_step0_s_20260526_16,59b448fbaa1d4df6bc48149aeabeedcd,0.06,,,
848,2026-05-26,SH600029,-0.016502686775030685,EXP_DEnsembleModel_Alpha158_csi300_custom_step0_s_20260526_16,59b448fbaa1d4df6bc48149aeabeedcd,0.06,,,
849,2026-05-26,SH600030,0.04981548157772613,EXP_DEnsembleModel_Alpha158_csi300_custom_step0_s_20260526_16,59b448fbaa1d4df6bc48149aeabeedcd,0.06,,,
850,2026-05-26,SH600031,0.008360253188504063,EXP_DEnsembleModel_Alpha158_csi300_custom_step0_s_20260526_16,59b448fbaa1d4df6bc48149aeabeedcd,0.06,,,
851,2026-05-26,SH600036,-0.0972226088788795,EXP_DEnsembleModel_Alpha158_csi300_custom_step0_s_20260526_16,59b448fbaa1d4df6bc48149aeabeedcd,0.06,,,
852,2026-05-26,SH600039,-0.08794324337163338,EXP_DEnsembleModel_Alpha158_csi300_custom_step0_s_20260526_16,59b448fbaa1d4df6bc48149aeabeedcd,0.06,,,
853,2026-05-26,SH600048,0.013047077989590095,EXP_DEnsembleModel_Alpha158_csi300_custom_step0_s_20260526_16,59b448fbaa1d4df6bc48149aeabeedcd,0.06,,,
854,2026-05-26,SH600050,-0.041381666789001806,EXP_DEnsembleModel_Alpha158_csi300_custom_step0_s_20260526_16,59b448fbaa1d4df6bc48149aeabeedcd,0.06,,,
855,2026-05-26,SH600061,-0.004140587307827675,EXP_DEnsembleModel_Alpha158_csi300_custom_step0_s_20260526_16,59b448fbaa1d4df6bc48149aeabeedcd,0.06,,,
856,2026-05-26,SH600066,-0.06242371075515667,EXP_DEnsembleModel_Alpha158_csi300_custom_step0_s_20260526_16,59b448fbaa1d4df6bc48149aeabeedcd,0.06,,,
857,2026-05-26,SH600085,-0.08556152513083905,EXP_DEnsembleModel_Alpha158_csi300_custom_step0_s_20260526_16,59b448fbaa1d4df6bc48149aeabeedcd,0.06,,,
858,2026-05-26,SH600089,-0.0075961849708510495,EXP_DEnsembleModel_Alpha158_csi300_custom_step0_s_20260526_16,59b448fbaa1d4df6bc48149aeabeedcd,0.06,,,
859,2026-05-26,SH600104,-0.056013433185947765,EXP_DEnsembleModel_Alpha158_csi300_custom_step0_s_20260526_16,59b448fbaa1d4df6bc48149aeabeedcd,0.06,,,
860,2026-05-26,SH600111,0.01964698080851062,EXP_DEnsembleModel_Alpha158_csi300_custom_step0_s_20260526_16,59b448fbaa1d4df6bc48149aeabeedcd,0.06,,,
861,2026-05-26,SH600362,-0.07368768979501267,EXP_DEnsembleModel_Alpha158_csi300_custom_step0_s_20260526_16,59b448fbaa1d4df6bc48149aeabeedcd,0.06,,,
862,2026-05-26,SH600346,0.23672480387109293,EXP_DEnsembleModel_Alpha158_csi300_custom_step0_s_20260526_16,59b448fbaa1d4df6bc48149aeabeedcd,0.06,,,
863,2026-05-26,SH600309,-0.03188488908357153,EXP_DEnsembleModel_Alpha158_csi300_custom_step0_s_20260526_16,59b448fbaa1d4df6bc48149aeabeedcd,0.06,,,
864,2026-05-26,SH600276,0.018596218757573592,EXP_DEnsembleModel_Alpha158_csi300_custom_step0_s_20260526_16,59b448fbaa1d4df6bc48149aeabeedcd,0.06,,,
865,2026-05-26,SH600233,-0.08453585215888765,EXP_DEnsembleModel_Alpha158_csi300_custom_step0_s_20260526_16,59b448fbaa1d4df6bc48149aeabeedcd,0.06,,,
866,2026-05-26,SH600219,-0.09210224158922888,EXP_DEnsembleModel_Alpha158_csi300_custom_step0_s_20260526_16,59b448fbaa1d4df6bc48149aeabeedcd,0.06,,,
867,2026-05-26,SH600023,-0.044098665397305704,EXP_DEnsembleModel_Alpha158_csi300_custom_step0_s_20260526_16,59b448fbaa1d4df6bc48149aeabeedcd,0.06,,,
868,2026-05-26,SH600196,-0.06725084691469685,EXP_DEnsembleModel_Alpha158_csi300_custom_step0_s_20260526_16,59b448fbaa1d4df6bc48149aeabeedcd,0.06,,,
869,2026-05-26,SH600183,0.15615412145087554,EXP_DEnsembleModel_Alpha158_csi300_custom_step0_s_20260526_16,59b448fbaa1d4df6bc48149aeabeedcd,0.06,,,
870,2026-05-26,SH600176,0.22292090081970325,EXP_DEnsembleModel_Alpha158_csi300_custom_step0_s_20260526_16,59b448fbaa1d4df6bc48149aeabeedcd,0.06,,,
871,2026-05-26,SH600161,-0.08336890162936862,EXP_DEnsembleModel_Alpha158_csi300_custom_step0_s_20260526_16,59b448fbaa1d4df6bc48149aeabeedcd,0.06,,,
872,2026-05-26,SH600160,0.021131734303599593,EXP_DEnsembleModel_Alpha158_csi300_custom_step0_s_20260526_16,59b448fbaa1d4df6bc48149aeabeedcd,0.06,,,
873,2026-05-26,SH600150,-0.05041262827154047,EXP_DEnsembleModel_Alpha158_csi300_custom_step0_s_20260526_16,59b448fbaa1d4df6bc48149aeabeedcd,0.06,,,
874,2026-05-26,SH600115,-0.028279057795552624,EXP_DEnsembleModel_Alpha158_csi300_custom_step0_s_20260526_16,59b448fbaa1d4df6bc48149aeabeedcd,0.06,,,
875,2026-05-26,SH600188,0.09969622764295942,EXP_DEnsembleModel_Alpha158_csi300_custom_step0_s_20260526_16,59b448fbaa1d4df6bc48149aeabeedcd,0.06,,,
876,2026-05-26,SH600372,0.11509175344883574,EXP_DEnsembleModel_Alpha158_csi300_custom_step0_s_20260526_16,59b448fbaa1d4df6bc48149aeabeedcd,0.06,,,
877,2026-05-26,SH600019,-0.06992210345750835,EXP_DEnsembleModel_Alpha158_csi300_custom_step0_s_20260526_16,59b448fbaa1d4df6bc48149aeabeedcd,0.06,,,
878,2026-05-26,SH600016,-0.15185326655493742,EXP_DEnsembleModel_Alpha158_csi300_custom_step0_s_20260526_16,59b448fbaa1d4df6bc48149aeabeedcd,0.06,,,
879,2026-05-26,SZ300316,-0.006608942434569162,EXP_DEnsembleModel_Alpha158_csi300_custom_step0_s_20260526_16,d46acd05a8b244e1840770c9b7bdadbf,0.082,,,
880,2026-05-26,SZ300347,0.02313340103468189,EXP_DEnsembleModel_Alpha158_csi300_custom_step0_s_20260526_16,d46acd05a8b244e1840770c9b7bdadbf,0.082,,,
881,2026-05-26,SZ300394,-0.036129718197522885,EXP_DEnsembleModel_Alpha158_csi300_custom_step0_s_20260526_16,d46acd05a8b244e1840770c9b7bdadbf,0.082,,,
882,2026-05-26,SZ300408,-0.1261063343167982,EXP_DEnsembleModel_Alpha158_csi300_custom_step0_s_20260526_16,d46acd05a8b244e1840770c9b7bdadbf,0.082,,,
883,2026-05-26,SZ300413,0.0069437325998872815,EXP_DEnsembleModel_Alpha158_csi300_custom_step0_s_20260526_16,d46acd05a8b244e1840770c9b7bdadbf,0.082,,,
884,2026-05-26,SZ300418,-0.07970375728089929,EXP_DEnsembleModel_Alpha158_csi300_custom_step0_s_20260526_16,d46acd05a8b244e1840770c9b7bdadbf,0.082,,,
885,2026-05-26,SZ300433,0.07634418862490394,EXP_DEnsembleModel_Alpha158_csi300_custom_step0_s_20260526_16,d46acd05a8b244e1840770c9b7bdadbf,0.082,,,
886,2026-05-26,SZ300442,-0.19238999913243446,EXP_DEnsembleModel_Alpha158_csi300_custom_step0_s_20260526_16,d46acd05a8b244e1840770c9b7bdadbf,0.082,,,
887,2026-05-26,SZ300476,-0.0009865451049608858,EXP_DEnsembleModel_Alpha158_csi300_custom_step0_s_20260526_16,d46acd05a8b244e1840770c9b7bdadbf,0.082,,,
888,2026-05-26,SZ300498,0.05991774173753621,EXP_DEnsembleModel_Alpha158_csi300_custom_step0_s_20260526_16,d46acd05a8b244e1840770c9b7bdadbf,0.082,,,
889,2026-05-26,SZ300502,0.050222986361002836,EXP_DEnsembleModel_Alpha158_csi300_custom_step0_s_20260526_16,d46acd05a8b244e1840770c9b7bdadbf,0.082,,,
890,2026-05-26,SZ300628,-0.01881503746242927,EXP_DEnsembleModel_Alpha158_csi300_custom_step0_s_20260526_16,d46acd05a8b244e1840770c9b7bdadbf,0.082,,,
891,2026-05-26,SZ300661,0.07448372788272116,EXP_DEnsembleModel_Alpha158_csi300_custom_step0_s_20260526_16,d46acd05a8b244e1840770c9b7bdadbf,0.082,,,
892,2026-05-26,SZ300750,0.07976816499318944,EXP_DEnsembleModel_Alpha158_csi300_custom_step0_s_20260526_16,d46acd05a8b244e1840770c9b7bdadbf,0.082,,,
893,2026-05-26,SZ300759,-0.04179101912986601,EXP_DEnsembleModel_Alpha158_csi300_custom_step0_s_20260526_16,d46acd05a8b244e1840770c9b7bdadbf,0.082,,,
894,2026-05-26,SZ300760,-0.071619297698948,EXP_DEnsembleModel_Alpha158_csi300_custom_step0_s_20260526_16,d46acd05a8b244e1840770c9b7bdadbf,0.082,,,
895,2026-05-26,SZ300782,0.1667197142831486,EXP_DEnsembleModel_Alpha158_csi300_custom_step0_s_20260526_16,d46acd05a8b244e1840770c9b7bdadbf,0.082,,,
896,2026-05-26,SH600015,-0.08209001936632905,EXP_DEnsembleModel_Alpha158_csi300_custom_step0_s_20260526_16,59b448fbaa1d4df6bc48149aeabeedcd,0.06,,,
897,2026-05-26,SH600011,0.12364649294725875,EXP_DEnsembleModel_Alpha158_csi300_custom_step0_s_20260526_16,59b448fbaa1d4df6bc48149aeabeedcd,0.06,,,
898,2026-05-26,SH600010,0.07202097806781879,EXP_DEnsembleModel_Alpha158_csi300_custom_step0_s_20260526_16,59b448fbaa1d4df6bc48149aeabeedcd,0.06,,,
899,2026-05-26,SH600009,-0.05041143213281622,EXP_DEnsembleModel_Alpha158_csi300_custom_step0_s_20260526_16,59b448fbaa1d4df6bc48149aeabeedcd,0.06,,,
900,2026-05-26,SH600000,-0.03291867213043567,EXP_DEnsembleModel_Alpha158_csi300_custom_step0_s_20260526_16,59b448fbaa1d4df6bc48149aeabeedcd,0.06,,,
901,2026-05-26,SZ302132,-0.11436994877850931,EXP_DEnsembleModel_Alpha158_csi300_custom_step0_s_20260526_16,d46acd05a8b244e1840770c9b7bdadbf,0.082,,,
902,2026-05-26,SH600018,0.007943837402543173,EXP_DEnsembleModel_Alpha158_csi300_custom_step0_s_20260526_16,59b448fbaa1d4df6bc48149aeabeedcd,0.06,,,
903,2026-05-26,SZ301269,-0.3638170806437432,EXP_DEnsembleModel_Alpha158_csi300_custom_step0_s_20260526_16,d46acd05a8b244e1840770c9b7bdadbf,0.082,,,
904,2026-05-26,SZ300999,-0.12052230355653193,EXP_DEnsembleModel_Alpha158_csi300_custom_step0_s_20260526_16,d46acd05a8b244e1840770c9b7bdadbf,0.082,,,
905,2026-05-26,SZ300979,-0.052060677350139604,EXP_DEnsembleModel_Alpha158_csi300_custom_step0_s_20260526_16,d46acd05a8b244e1840770c9b7bdadbf,0.082,,,
906,2026-05-26,SZ300896,0.00844319968388501,EXP_DEnsembleModel_Alpha158_csi300_custom_step0_s_20260526_16,d46acd05a8b244e1840770c9b7bdadbf,0.082,,,
907,2026-05-26,SZ300866,-0.01758196344531349,EXP_DEnsembleModel_Alpha158_csi300_custom_step0_s_20260526_16,d46acd05a8b244e1840770c9b7bdadbf,0.082,,,
908,2026-05-26,SZ300832,-0.12606512201195735,EXP_DEnsembleModel_Alpha158_csi300_custom_step0_s_20260526_16,d46acd05a8b244e1840770c9b7bdadbf,0.082,,,
909,2026-05-26,SZ300803,-0.08965428854431355,EXP_DEnsembleModel_Alpha158_csi300_custom_step0_s_20260526_16,d46acd05a8b244e1840770c9b7bdadbf,0.082,,,
910,2026-05-26,SZ301236,-0.05346413658197888,EXP_DEnsembleModel_Alpha158_csi300_custom_step0_s_20260526_16,d46acd05a8b244e1840770c9b7bdadbf,0.082,,,
911,2026-05-26,SH600377,0.055363254985562306,EXP_DEnsembleModel_Alpha158_csi300_custom_step0_s_20260526_16,59b448fbaa1d4df6bc48149aeabeedcd,0.06,,,
912,2026-05-26,SH600406,-0.09874015275866752,EXP_DEnsembleModel_Alpha158_csi300_custom_step0_s_20260526_16,59b448fbaa1d4df6bc48149aeabeedcd,0.06,,,
913,2026-05-26,SH600415,-0.015737661154432387,EXP_DEnsembleModel_Alpha158_csi300_custom_step0_s_20260526_16,59b448fbaa1d4df6bc48149aeabeedcd,0.06,,,
914,2026-05-26,SH600958,0.10029797265793386,EXP_DEnsembleModel_Alpha158_csi300_custom_step0_s_20260526_16,59b448fbaa1d4df6bc48149aeabeedcd,0.06,,,
915,2026-05-26,SH600989,0.18189031216605156,EXP_DEnsembleModel_Alpha158_csi300_custom_step0_s_20260526_16,59b448fbaa1d4df6bc48149aeabeedcd,0.06,,,
916,2026-05-26,SH600999,0.07526514511446639,EXP_DEnsembleModel_Alpha158_csi300_custom_step0_s_20260526_16,59b448fbaa1d4df6bc48149aeabeedcd,0.06,,,
917,2026-05-26,SH601006,-0.020982277538413665,EXP_DEnsembleModel_Alpha158_csi300_custom_step0_s_20260526_16,59b448fbaa1d4df6bc48149aeabeedcd,0.06,,,
918,2026-05-26,SH601009,-0.1110082196982268,EXP_DEnsembleModel_Alpha158_csi300_custom_step0_s_20260526_16,59b448fbaa1d4df6bc48149aeabeedcd,0.06,,,
919,2026-05-26,SH601012,0.1443690803680219,EXP_DEnsembleModel_Alpha158_csi300_custom_step0_s_20260526_16,59b448fbaa1d4df6bc48149aeabeedcd,0.06,,,
920,2026-05-26,SH601018,-0.05494107129413054,EXP_DEnsembleModel_Alpha158_csi300_custom_step0_s_20260526_16,59b448fbaa1d4df6bc48149aeabeedcd,0.06,,,
921,2026-05-26,SH601021,-0.06093928678273697,EXP_DEnsembleModel_Alpha158_csi300_custom_step0_s_20260526_16,59b448fbaa1d4df6bc48149aeabeedcd,0.06,,,
922,2026-05-26,SH601058,-0.06812691952832425,EXP_DEnsembleModel_Alpha158_csi300_custom_step0_s_20260526_16,59b448fbaa1d4df6bc48149aeabeedcd,0.06,,,
923,2026-05-26,SH601059,-0.004799223906562723,EXP_DEnsembleModel_Alpha158_csi300_custom_step0_s_20260526_16,59b448fbaa1d4df6bc48149aeabeedcd,0.06,,,
924,2026-05-26,SH601066,-0.0838325198846897,EXP_DEnsembleModel_Alpha158_csi300_custom_step0_s_20260526_16,59b448fbaa1d4df6bc48149aeabeedcd,0.06,,,
925,2026-05-26,SH601077,0.009705419462011684,EXP_DEnsembleModel_Alpha158_csi300_custom_step0_s_20260526_16,59b448fbaa1d4df6bc48149aeabeedcd,0.06,,,
926,2026-05-26,SH601088,-0.07787484693721593,EXP_DEnsembleModel_Alpha158_csi300_custom_step0_s_20260526_16,59b448fbaa1d4df6bc48149aeabeedcd,0.06,,,
927,2026-05-26,SH601100,0.14966827260751608,EXP_DEnsembleModel_Alpha158_csi300_custom_step0_s_20260526_16,59b448fbaa1d4df6bc48149aeabeedcd,0.06,,,
928,2026-05-26,SH601111,-0.041666778320332394,EXP_DEnsembleModel_Alpha158_csi300_custom_step0_s_20260526_16,59b448fbaa1d4df6bc48149aeabeedcd,0.06,,,
929,2026-05-26,SH601117,-0.03211083467079643,EXP_DEnsembleModel_Alpha158_csi300_custom_step0_s_20260526_16,59b448fbaa1d4df6bc48149aeabeedcd,0.06,,,
930,2026-05-26,SH601127,-0.09232825403390992,EXP_DEnsembleModel_Alpha158_csi300_custom_step0_s_20260526_16,59b448fbaa1d4df6bc48149aeabeedcd,0.06,,,
931,2026-05-26,SH601319,-0.06096262951318523,EXP_DEnsembleModel_Alpha158_csi300_custom_step0_s_20260526_16,59b448fbaa1d4df6bc48149aeabeedcd,0.06,,,
932,2026-05-26,SH601318,-0.07890898818235902,EXP_DEnsembleModel_Alpha158_csi300_custom_step0_s_20260526_16,59b448fbaa1d4df6bc48149aeabeedcd,0.06,,,
933,2026-05-26,SH601298,-0.017690883027935637,EXP_DEnsembleModel_Alpha158_csi300_custom_step0_s_20260526_16,59b448fbaa1d4df6bc48149aeabeedcd,0.06,,,
934,2026-05-26,SH601288,-0.10104339509250382,EXP_DEnsembleModel_Alpha158_csi300_custom_step0_s_20260526_16,59b448fbaa1d4df6bc48149aeabeedcd,0.06,,,
935,2026-05-26,SH601238,-0.002209361262722645,EXP_DEnsembleModel_Alpha158_csi300_custom_step0_s_20260526_16,59b448fbaa1d4df6bc48149aeabeedcd,0.06,,,
936,2026-05-26,SH601236,-0.09641251541863531,EXP_DEnsembleModel_Alpha158_csi300_custom_step0_s_20260526_16,59b448fbaa1d4df6bc48149aeabeedcd,0.06,,,
937,2026-05-26,SH600941,0.06180070921226445,EXP_DEnsembleModel_Alpha158_csi300_custom_step0_s_20260526_16,59b448fbaa1d4df6bc48149aeabeedcd,0.06,,,
938,2026-05-26,SH601229,-0.13165461948828236,EXP_DEnsembleModel_Alpha158_csi300_custom_step0_s_20260526_16,59b448fbaa1d4df6bc48149aeabeedcd,0.06,,,
939,2026-05-26,SH601211,-0.1318483502671232,EXP_DEnsembleModel_Alpha158_csi300_custom_step0_s_20260526_16,59b448fbaa1d4df6bc48149aeabeedcd,0.06,,,
940,2026-05-26,SH601186,-0.07723710171958163,EXP_DEnsembleModel_Alpha158_csi300_custom_step0_s_20260526_16,59b448fbaa1d4df6bc48149aeabeedcd,0.06,,,
941,2026-05-26,SH601169,-0.14015451628833123,EXP_DEnsembleModel_Alpha158_csi300_custom_step0_s_20260526_16,59b448fbaa1d4df6bc48149aeabeedcd,0.06,,,
942,2026-05-26,SH601166,-0.08309653613449657,EXP_DEnsembleModel_Alpha158_csi300_custom_step0_s_20260526_16,59b448fbaa1d4df6bc48149aeabeedcd,0.06,,,
943,2026-05-26,SH601138,0.09561584782096996,EXP_DEnsembleModel_Alpha158_csi300_custom_step0_s_20260526_16,59b448fbaa1d4df6bc48149aeabeedcd,0.06,,,
944,2026-05-26,SH601136,-0.03912075799760682,EXP_DEnsembleModel_Alpha158_csi300_custom_step0_s_20260526_16,59b448fbaa1d4df6bc48149aeabeedcd,0.06,,,
945,2026-05-26,SH601225,-0.12525876180067042,EXP_DEnsembleModel_Alpha158_csi300_custom_step0_s_20260526_16,59b448fbaa1d4df6bc48149aeabeedcd,0.06,,,
946,2026-05-26,SH600938,0.054624948650618496,EXP_DEnsembleModel_Alpha158_csi300_custom_step0_s_20260526_16,59b448fbaa1d4df6bc48149aeabeedcd,0.06,,,
947,2026-05-26,SH600930,-0.016328782698227816,EXP_DEnsembleModel_Alpha158_csi300_custom_step0_s_20260526_16,59b448fbaa1d4df6bc48149aeabeedcd,0.06,,,
948,2026-05-26,SH600926,-0.07450489478657825,EXP_DEnsembleModel_Alpha158_csi300_custom_step0_s_20260526_16,59b448fbaa1d4df6bc48149aeabeedcd,0.06,,,
949,2026-05-26,SH600588,0.20957997698488753,EXP_DEnsembleModel_Alpha158_csi300_custom_step0_s_20260526_16,59b448fbaa1d4df6bc48149aeabeedcd,0.06,,,
950,2026-05-26,SH600585,-0.057991627829034165,EXP_DEnsembleModel_Alpha158_csi300_custom_step0_s_20260526_16,59b448fbaa1d4df6bc48149aeabeedcd,0.06,,,
951,2026-05-26,SH600584,-0.12619532104406914,EXP_DEnsembleModel_Alpha158_csi300_custom_step0_s_20260526_16,59b448fbaa1d4df6bc48149aeabeedcd,0.06,,,
952,2026-05-26,SH600570,0.05284606609286585,EXP_DEnsembleModel_Alpha158_csi300_custom_step0_s_20260526_16,59b448fbaa1d4df6bc48149aeabeedcd,0.06,,,
953,2026-05-26,SH600547,-0.03301362236881003,EXP_DEnsembleModel_Alpha158_csi300_custom_step0_s_20260526_16,59b448fbaa1d4df6bc48149aeabeedcd,0.06,,,
954,2026-05-26,SH600522,0.3758314912426186,EXP_DEnsembleModel_Alpha158_csi300_custom_step0_s_20260526_16,59b448fbaa1d4df6bc48149aeabeedcd,0.06,,,
955,2026-05-26,SH600600,0.02504907198805305,EXP_DEnsembleModel_Alpha158_csi300_custom_step0_s_20260526_16,59b448fbaa1d4df6bc48149aeabeedcd,0.06,,,
956,2026-05-26,SH600519,-0.10314590897325221,EXP_DEnsembleModel_Alpha158_csi300_custom_step0_s_20260526_16,59b448fbaa1d4df6bc48149aeabeedcd,0.06,,,
957,2026-05-26,SH600489,-0.13120485359584363,EXP_DEnsembleModel_Alpha158_csi300_custom_step0_s_20260526_16,59b448fbaa1d4df6bc48149aeabeedcd,0.06,,,
958,2026-05-26,SH600482,0.1661347957167836,EXP_DEnsembleModel_Alpha158_csi300_custom_step0_s_20260526_16,59b448fbaa1d4df6bc48149aeabeedcd,0.06,,,
959,2026-05-26,SH600460,0.0796086103723475,EXP_DEnsembleModel_Alpha158_csi300_custom_step0_s_20260526_16,59b448fbaa1d4df6bc48149aeabeedcd,0.06,,,
960,2026-05-26,SH600438,0.12827969351793408,EXP_DEnsembleModel_Alpha158_csi300_custom_step0_s_20260526_16,59b448fbaa1d4df6bc48149aeabeedcd,0.06,,,
961,2026-05-26,SH600436,0.02308164665482626,EXP_DEnsembleModel_Alpha158_csi300_custom_step0_s_20260526_16,59b448fbaa1d4df6bc48149aeabeedcd,0.06,,,
962,2026-05-26,SH600426,0.1076074478685373,EXP_DEnsembleModel_Alpha158_csi300_custom_step0_s_20260526_16,59b448fbaa1d4df6bc48149aeabeedcd,0.06,,,
963,2026-05-26,SH600515,0.03660526994150301,EXP_DEnsembleModel_Alpha158_csi300_custom_step0_s_20260526_16,59b448fbaa1d4df6bc48149aeabeedcd,0.06,,,
964,2026-05-26,SZ300308,0.07561452435045206,EXP_DEnsembleModel_Alpha158_csi300_custom_step0_s_20260526_16,d46acd05a8b244e1840770c9b7bdadbf,0.082,,,
965,2026-05-26,SH600660,-0.08767649131863568,EXP_DEnsembleModel_Alpha158_csi300_custom_step0_s_20260526_16,59b448fbaa1d4df6bc48149aeabeedcd,0.06,,,
966,2026-05-26,SH600690,-0.07147038998341072,EXP_DEnsembleModel_Alpha158_csi300_custom_step0_s_20260526_16,59b448fbaa1d4df6bc48149aeabeedcd,0.06,,,
967,2026-05-26,SH600919,-0.0914280076683569,EXP_DEnsembleModel_Alpha158_csi300_custom_step0_s_20260526_16,59b448fbaa1d4df6bc48149aeabeedcd,0.06,,,
968,2026-05-26,SH600918,0.024279113933320655,EXP_DEnsembleModel_Alpha158_csi300_custom_step0_s_20260526_16,59b448fbaa1d4df6bc48149aeabeedcd,0.06,,,
969,2026-05-26,SH600905,-0.030360310517685448,EXP_DEnsembleModel_Alpha158_csi300_custom_step0_s_20260526_16,59b448fbaa1d4df6bc48149aeabeedcd,0.06,,,
970,2026-05-26,SH600900,-0.01342329875390329,EXP_DEnsembleModel_Alpha158_csi300_custom_step0_s_20260526_16,59b448fbaa1d4df6bc48149aeabeedcd,0.06,,,
971,2026-05-26,SH600893,0.0504082945118464,EXP_DEnsembleModel_Alpha158_csi300_custom_step0_s_20260526_16,59b448fbaa1d4df6bc48149aeabeedcd,0.06,,,
972,2026-05-26,SH600887,0.0628973238633309,EXP_DEnsembleModel_Alpha158_csi300_custom_step0_s_20260526_16,59b448fbaa1d4df6bc48149aeabeedcd,0.06,,,
973,2026-05-26,SH600674,0.04672997208999731,EXP_DEnsembleModel_Alpha158_csi300_custom_step0_s_20260526_16,59b448fbaa1d4df6bc48149aeabeedcd,0.06,,,
974,2026-05-26,SH600886,-0.029704742127181674,EXP_DEnsembleModel_Alpha158_csi300_custom_step0_s_20260526_16,59b448fbaa1d4df6bc48149aeabeedcd,0.06,,,
975,2026-05-26,SH600845,0.024985465846914058,EXP_DEnsembleModel_Alpha158_csi300_custom_step0_s_20260526_16,59b448fbaa1d4df6bc48149aeabeedcd,0.06,,,
976,2026-05-26,SH600809,0.029104431644429617,EXP_DEnsembleModel_Alpha158_csi300_custom_step0_s_20260526_16,59b448fbaa1d4df6bc48149aeabeedcd,0.06,,,
977,2026-05-26,SH600803,0.027904479677435725,EXP_DEnsembleModel_Alpha158_csi300_custom_step0_s_20260526_16,59b448fbaa1d4df6bc48149aeabeedcd,0.06,,,
978,2026-05-26,SH600795,0.004164812295663144,EXP_DEnsembleModel_Alpha158_csi300_custom_step0_s_20260526_16,59b448fbaa1d4df6bc48149aeabeedcd,0.06,,,
979,2026-05-26,SH600760,0.057174778956313906,EXP_DEnsembleModel_Alpha158_csi300_custom_step0_s_20260526_16,59b448fbaa1d4df6bc48149aeabeedcd,0.06,,,
980,2026-05-26,SH600741,-0.013202808212337965,EXP_DEnsembleModel_Alpha158_csi300_custom_step0_s_20260526_16,59b448fbaa1d4df6bc48149aeabeedcd,0.06,,,
981,2026-05-26,SH600875,0.19339029970159186,EXP_DEnsembleModel_Alpha158_csi300_custom_step0_s_20260526_16,59b448fbaa1d4df6bc48149aeabeedcd,0.06,,,
982,2026-05-26,SH600905,-0.009335464797914028,EXP_LinearModel_Alpha158_csi300_custom_step0_s_20260526_16,b1a493c43e3f4e2188fccc59466acef0,0.103,,,
983,2026-05-26,SZ300274,-0.12250314022725158,EXP_DEnsembleModel_Alpha158_csi300_custom_step0_s_20260526_16,d46acd05a8b244e1840770c9b7bdadbf,0.082,,,
984,2026-05-26,SZ300124,0.017355922560138532,EXP_DEnsembleModel_Alpha158_csi300_custom_step0_s_20260526_16,d46acd05a8b244e1840770c9b7bdadbf,0.082,,,
985,2026-05-26,SH603993,0.05776852314333287,EXP_DEnsembleModel_Alpha158_csi300_custom_step0_s_20260526_16,d46acd05a8b244e1840770c9b7bdadbf,0.082,,,
986,2026-05-26,SH605117,-0.0373712429522581,EXP_DEnsembleModel_Alpha158_csi300_custom_step0_s_20260526_16,d46acd05a8b244e1840770c9b7bdadbf,0.082,,,
987,2026-05-26,SH605499,-0.030501293538819526,EXP_DEnsembleModel_Alpha158_csi300_custom_step0_s_20260526_16,d46acd05a8b244e1840770c9b7bdadbf,0.082,,,
988,2026-05-26,SH688008,0.01030948719775551,EXP_DEnsembleModel_Alpha158_csi300_custom_step0_s_20260526_16,d46acd05a8b244e1840770c9b7bdadbf,0.082,,,
989,2026-05-26,SH688009,-0.007058610258678324,EXP_DEnsembleModel_Alpha158_csi300_custom_step0_s_20260526_16,d46acd05a8b244e1840770c9b7bdadbf,0.082,,,
990,2026-05-26,SH688012,0.2050048142537548,EXP_DEnsembleModel_Alpha158_csi300_custom_step0_s_20260526_16,d46acd05a8b244e1840770c9b7bdadbf,0.082,,,
991,2026-05-26,SH688036,-0.006093602979447278,EXP_DEnsembleModel_Alpha158_csi300_custom_step0_s_20260526_16,d46acd05a8b244e1840770c9b7bdadbf,0.082,,,
992,2026-05-26,SH688041,0.0009466362431211976,EXP_DEnsembleModel_Alpha158_csi300_custom_step0_s_20260526_16,d46acd05a8b244e1840770c9b7bdadbf,0.082,,,
993,2026-05-26,SH688047,-0.03732742517561251,EXP_DEnsembleModel_Alpha158_csi300_custom_step0_s_20260526_16,d46acd05a8b244e1840770c9b7bdadbf,0.082,,,
994,2026-05-26,SH688082,-0.30226472786788805,EXP_DEnsembleModel_Alpha158_csi300_custom_step0_s_20260526_16,d46acd05a8b244e1840770c9b7bdadbf,0.082,,,
995,2026-05-26,SH688111,-0.058533805152906425,EXP_DEnsembleModel_Alpha158_csi300_custom_step0_s_20260526_16,d46acd05a8b244e1840770c9b7bdadbf,0.082,,,
996,2026-05-26,SH688126,0.15913502419675413,EXP_DEnsembleModel_Alpha158_csi300_custom_step0_s_20260526_16,d46acd05a8b244e1840770c9b7bdadbf,0.082,,,
997,2026-05-26,SH688169,-0.14412443539798797,EXP_DEnsembleModel_Alpha158_csi300_custom_step0_s_20260526_16,d46acd05a8b244e1840770c9b7bdadbf,0.082,,,
998,2026-05-26,SH688187,-0.03342796376982858,EXP_DEnsembleModel_Alpha158_csi300_custom_step0_s_20260526_16,d46acd05a8b244e1840770c9b7bdadbf,0.082,,,
999,2026-05-26,SH688223,-0.08410516774326145,EXP_DEnsembleModel_Alpha158_csi300_custom_step0_s_20260526_16,d46acd05a8b244e1840770c9b7bdadbf,0.082,,,
1000,2026-05-26,SH688256,0.10227943510473031,EXP_DEnsembleModel_Alpha158_csi300_custom_step0_s_20260526_16,d46acd05a8b244e1840770c9b7bdadbf,0.082,,,
1001,2026-05-26,SH688271,-0.018885196059096766,EXP_DEnsembleModel_Alpha158_csi300_custom_step0_s_20260526_16,d46acd05a8b244e1840770c9b7bdadbf,0.082,,,
1002,2026-05-26,SZ000338,-0.0017021906281153734,EXP_DEnsembleModel_Alpha158_csi300_custom_step0_s_20260526_16,d46acd05a8b244e1840770c9b7bdadbf,0.082,,,
1003,2026-05-26,SZ000333,0.03194007132589148,EXP_DEnsembleModel_Alpha158_csi300_custom_step0_s_20260526_16,d46acd05a8b244e1840770c9b7bdadbf,0.082,,,
1004,2026-05-26,SZ000301,-0.07164603837817926,EXP_DEnsembleModel_Alpha158_csi300_custom_step0_s_20260526_16,d46acd05a8b244e1840770c9b7bdadbf,0.082,,,
1005,2026-05-26,SZ000166,-0.039655144458516624,EXP_DEnsembleModel_Alpha158_csi300_custom_step0_s_20260526_16,d46acd05a8b244e1840770c9b7bdadbf,0.082,,,
1006,2026-05-26,SZ000157,0.02133456649771522,EXP_DEnsembleModel_Alpha158_csi300_custom_step0_s_20260526_16,d46acd05a8b244e1840770c9b7bdadbf,0.082,,,
1007,2026-05-26,SZ000100,0.025870062482896337,EXP_DEnsembleModel_Alpha158_csi300_custom_step0_s_20260526_16,d46acd05a8b244e1840770c9b7bdadbf,0.082,,,
1008,2026-05-26,SH603986,-0.20472179663915177,EXP_DEnsembleModel_Alpha158_csi300_custom_step0_s_20260526_16,d46acd05a8b244e1840770c9b7bdadbf,0.082,,,
1009,2026-05-26,SZ000063,-0.005928082697419481,EXP_DEnsembleModel_Alpha158_csi300_custom_step0_s_20260526_16,d46acd05a8b244e1840770c9b7bdadbf,0.082,,,
1010,2026-05-26,SZ000001,0.020201414142161266,EXP_DEnsembleModel_Alpha158_csi300_custom_step0_s_20260526_16,d46acd05a8b244e1840770c9b7bdadbf,0.082,,,
1011,2026-05-26,SH688981,-0.17611925444100726,EXP_DEnsembleModel_Alpha158_csi300_custom_step0_s_20260526_16,d46acd05a8b244e1840770c9b7bdadbf,0.082,,,
1012,2026-05-26,SH688506,-0.0823374077285797,EXP_DEnsembleModel_Alpha158_csi300_custom_step0_s_20260526_16,d46acd05a8b244e1840770c9b7bdadbf,0.082,,,
1013,2026-05-26,SH688472,0.00127834792786363,EXP_DEnsembleModel_Alpha158_csi300_custom_step0_s_20260526_16,d46acd05a8b244e1840770c9b7bdadbf,0.082,,,
1014,2026-05-26,SH688396,0.08755203071329941,EXP_DEnsembleModel_Alpha158_csi300_custom_step0_s_20260526_16,d46acd05a8b244e1840770c9b7bdadbf,0.082,,,
1015,2026-05-26,SH688303,-0.01932137975413619,EXP_DEnsembleModel_Alpha158_csi300_custom_step0_s_20260526_16,d46acd05a8b244e1840770c9b7bdadbf,0.082,,,
1016,2026-05-26,SZ000002,-0.06351054366637116,EXP_DEnsembleModel_Alpha158_csi300_custom_step0_s_20260526_16,d46acd05a8b244e1840770c9b7bdadbf,0.082,,,
1017,2026-05-26,SZ000408,-0.03916936189198204,EXP_DEnsembleModel_Alpha158_csi300_custom_step0_s_20260526_16,d46acd05a8b244e1840770c9b7bdadbf,0.082,,,
1018,2026-05-26,SH603893,-0.1053701172084358,EXP_DEnsembleModel_Alpha158_csi300_custom_step0_s_20260526_16,d46acd05a8b244e1840770c9b7bdadbf,0.082,,,
1019,2026-05-26,SH603501,-0.1656685514275731,EXP_DEnsembleModel_Alpha158_csi300_custom_step0_s_20260526_16,d46acd05a8b244e1840770c9b7bdadbf,0.082,,,
1020,2026-05-26,SH601800,-0.002963414470413968,EXP_DEnsembleModel_Alpha158_csi300_custom_step0_s_20260526_16,d46acd05a8b244e1840770c9b7bdadbf,0.082,,,
1021,2026-05-26,SH601808,-0.018426632877277863,EXP_DEnsembleModel_Alpha158_csi300_custom_step0_s_20260526_16,d46acd05a8b244e1840770c9b7bdadbf,0.082,,,
1022,2026-05-26,SH601816,0.02202258731003595,EXP_DEnsembleModel_Alpha158_csi300_custom_step0_s_20260526_16,d46acd05a8b244e1840770c9b7bdadbf,0.082,,,
1023,2026-05-26,SH601818,0.05529792555784145,EXP_DEnsembleModel_Alpha158_csi300_custom_step0_s_20260526_16,d46acd05a8b244e1840770c9b7bdadbf,0.082,,,
1024,2026-05-26,SH601825,0.07507790410458066,EXP_DEnsembleModel_Alpha158_csi300_custom_step0_s_20260526_16,d46acd05a8b244e1840770c9b7bdadbf,0.082,,,
1025,2026-05-26,SH601838,0.05488141823117347,EXP_DEnsembleModel_Alpha158_csi300_custom_step0_s_20260526_16,d46acd05a8b244e1840770c9b7bdadbf,0.082,,,
1026,2026-05-26,SH601857,-0.1184634579237538,EXP_DEnsembleModel_Alpha158_csi300_custom_step0_s_20260526_16,d46acd05a8b244e1840770c9b7bdadbf,0.082,,,
1027,2026-05-26,SH601868,-0.0005888633743373436,EXP_DEnsembleModel_Alpha158_csi300_custom_step0_s_20260526_16,d46acd05a8b244e1840770c9b7bdadbf,0.082,,,
1028,2026-05-26,SH601872,0.011287718215304391,EXP_DEnsembleModel_Alpha158_csi300_custom_step0_s_20260526_16,d46acd05a8b244e1840770c9b7bdadbf,0.082,,,
1029,2026-05-26,SH601877,-0.06323547324202158,EXP_DEnsembleModel_Alpha158_csi300_custom_step0_s_20260526_16,d46acd05a8b244e1840770c9b7bdadbf,0.082,,,
1030,2026-05-26,SH601878,0.06279286118438553,EXP_DEnsembleModel_Alpha158_csi300_custom_step0_s_20260526_16,d46acd05a8b244e1840770c9b7bdadbf,0.082,,,
1031,2026-05-26,SH601881,-0.0021399047185930854,EXP_DEnsembleModel_Alpha158_csi300_custom_step0_s_20260526_16,d46acd05a8b244e1840770c9b7bdadbf,0.082,,,
1032,2026-05-26,SH601888,0.03156190191245258,EXP_DEnsembleModel_Alpha158_csi300_custom_step0_s_20260526_16,d46acd05a8b244e1840770c9b7bdadbf,0.082,,,
1033,2026-05-26,SH601898,-0.0421105428356592,EXP_DEnsembleModel_Alpha158_csi300_custom_step0_s_20260526_16,d46acd05a8b244e1840770c9b7bdadbf,0.082,,,
1034,2026-05-26,SH601899,-0.046400556020185384,EXP_DEnsembleModel_Alpha158_csi300_custom_step0_s_20260526_16,d46acd05a8b244e1840770c9b7bdadbf,0.082,,,
1035,2026-05-26,SH601901,0.11369081748159458,EXP_DEnsembleModel_Alpha158_csi300_custom_step0_s_20260526_16,d46acd05a8b244e1840770c9b7bdadbf,0.082,,,
1036,2026-05-26,SH601916,0.06376489370303008,EXP_DEnsembleModel_Alpha158_csi300_custom_step0_s_20260526_16,d46acd05a8b244e1840770c9b7bdadbf,0.082,,,
1037,2026-05-26,SH603392,-0.08139884966785901,EXP_DEnsembleModel_Alpha158_csi300_custom_step0_s_20260526_16,d46acd05a8b244e1840770c9b7bdadbf,0.082,,,
1038,2026-05-26,SH603369,-0.09475692090420439,EXP_DEnsembleModel_Alpha158_csi300_custom_step0_s_20260526_16,d46acd05a8b244e1840770c9b7bdadbf,0.082,,,
1039,2026-05-26,SH603296,-0.07067257602693042,EXP_DEnsembleModel_Alpha158_csi300_custom_step0_s_20260526_16,d46acd05a8b244e1840770c9b7bdadbf,0.082,,,
1040,2026-05-26,SH603288,-0.06777756718348392,EXP_DEnsembleModel_Alpha158_csi300_custom_step0_s_20260526_16,d46acd05a8b244e1840770c9b7bdadbf,0.082,,,
1041,2026-05-26,SH603260,-0.03193016153825548,EXP_DEnsembleModel_Alpha158_csi300_custom_step0_s_20260526_16,d46acd05a8b244e1840770c9b7bdadbf,0.082,,,
1042,2026-05-26,SH603259,0.006793015771120784,EXP_DEnsembleModel_Alpha158_csi300_custom_step0_s_20260526_16,d46acd05a8b244e1840770c9b7bdadbf,0.082,,,
1043,2026-05-26,SH603799,-0.09575250339528184,EXP_DEnsembleModel_Alpha158_csi300_custom_step0_s_20260526_16,d46acd05a8b244e1840770c9b7bdadbf,0.082,,,
1044,2026-05-26,SH603195,-0.003919874160205515,EXP_DEnsembleModel_Alpha158_csi300_custom_step0_s_20260526_16,d46acd05a8b244e1840770c9b7bdadbf,0.082,,,
1045,2026-05-26,SH601998,0.0400585784687205,EXP_DEnsembleModel_Alpha158_csi300_custom_step0_s_20260526_16,d46acd05a8b244e1840770c9b7bdadbf,0.082,,,
1046,2026-05-26,SH601995,0.13621273860813068,EXP_DEnsembleModel_Alpha158_csi300_custom_step0_s_20260526_16,d46acd05a8b244e1840770c9b7bdadbf,0.082,,,
1047,2026-05-26,SH601988,0.15534519545387604,EXP_DEnsembleModel_Alpha158_csi300_custom_step0_s_20260526_16,d46acd05a8b244e1840770c9b7bdadbf,0.082,,,
1048,2026-05-26,SH601985,-0.0005489676394767052,EXP_DEnsembleModel_Alpha158_csi300_custom_step0_s_20260526_16,d46acd05a8b244e1840770c9b7bdadbf,0.082,,,
1049,2026-05-26,SH601939,0.03879605635076865,EXP_DEnsembleModel_Alpha158_csi300_custom_step0_s_20260526_16,d46acd05a8b244e1840770c9b7bdadbf,0.082,,,
1050,2026-05-26,SH601919,-0.002684665496930919,EXP_DEnsembleModel_Alpha158_csi300_custom_step0_s_20260526_16,d46acd05a8b244e1840770c9b7bdadbf,0.082,,,
1051,2026-05-26,SH603019,-0.028710883230420866,EXP_DEnsembleModel_Alpha158_csi300_custom_step0_s_20260526_16,d46acd05a8b244e1840770c9b7bdadbf,0.082,,,
1052,2026-05-26,SZ000425,-0.03557813704464603,EXP_DEnsembleModel_Alpha158_csi300_custom_step0_s_20260526_16,d46acd05a8b244e1840770c9b7bdadbf,0.082,,,
1053,2026-05-26,SZ000538,0.0671095021670547,EXP_DEnsembleModel_Alpha158_csi300_custom_step0_s_20260526_16,d46acd05a8b244e1840770c9b7bdadbf,0.082,,,
1054,2026-05-26,SZ000568,0.04768859184416036,EXP_DEnsembleModel_Alpha158_csi300_custom_step0_s_20260526_16,d46acd05a8b244e1840770c9b7bdadbf,0.082,,,
1055,2026-05-26,SZ002252,-0.07196741809055329,EXP_DEnsembleModel_Alpha158_csi300_custom_step0_s_20260526_16,d46acd05a8b244e1840770c9b7bdadbf,0.082,,,
1056,2026-05-26,SZ002304,-0.03237870346839802,EXP_DEnsembleModel_Alpha158_csi300_custom_step0_s_20260526_16,d46acd05a8b244e1840770c9b7bdadbf,0.082,,,
1057,2026-05-26,SZ002311,-0.02028458093809884,EXP_DEnsembleModel_Alpha158_csi300_custom_step0_s_20260526_16,d46acd05a8b244e1840770c9b7bdadbf,0.082,,,
1058,2026-05-26,SZ002352,0.08423378908818027,EXP_DEnsembleModel_Alpha158_csi300_custom_step0_s_20260526_16,d46acd05a8b244e1840770c9b7bdadbf,0.082,,,
1059,2026-05-26,SZ002371,-0.06586301425705508,EXP_DEnsembleModel_Alpha158_csi300_custom_step0_s_20260526_16,d46acd05a8b244e1840770c9b7bdadbf,0.082,,,
1060,2026-05-26,SZ002384,0.2670576255315575,EXP_DEnsembleModel_Alpha158_csi300_custom_step0_s_20260526_16,d46acd05a8b244e1840770c9b7bdadbf,0.082,,,
1061,2026-05-26,SZ002415,-0.0020594747724050045,EXP_DEnsembleModel_Alpha158_csi300_custom_step0_s_20260526_16,d46acd05a8b244e1840770c9b7bdadbf,0.082,,,
1062,2026-05-26,SZ002422,-0.026181612008014162,EXP_DEnsembleModel_Alpha158_csi300_custom_step0_s_20260526_16,d46acd05a8b244e1840770c9b7bdadbf,0.082,,,
1063,2026-05-26,SZ002459,0.002464436795263965,EXP_DEnsembleModel_Alpha158_csi300_custom_step0_s_20260526_16,d46acd05a8b244e1840770c9b7bdadbf,0.082,,,
1064,2026-05-26,SZ002460,0.059756756053756646,EXP_DEnsembleModel_Alpha158_csi300_custom_step0_s_20260526_16,d46acd05a8b244e1840770c9b7bdadbf,0.082,,,
1065,2026-05-26,SZ002463,-0.03821599128398448,EXP_DEnsembleModel_Alpha158_csi300_custom_step0_s_20260526_16,d46acd05a8b244e1840770c9b7bdadbf,0.082,,,
1066,2026-05-26,SZ002466,0.003778431371994783,EXP_DEnsembleModel_Alpha158_csi300_custom_step0_s_20260526_16,d46acd05a8b244e1840770c9b7bdadbf,0.082,,,
1067,2026-05-26,SZ002475,-0.14825934148549288,EXP_DEnsembleModel_Alpha158_csi300_custom_step0_s_20260526_16,d46acd05a8b244e1840770c9b7bdadbf,0.082,,,
1068,2026-05-26,SZ002493,-0.10215650090438255,EXP_DEnsembleModel_Alpha158_csi300_custom_step0_s_20260526_16,d46acd05a8b244e1840770c9b7bdadbf,0.082,,,
1069,2026-05-26,SZ002594,-0.040565141673446735,EXP_DEnsembleModel_Alpha158_csi300_custom_step0_s_20260526_16,d46acd05a8b244e1840770c9b7bdadbf,0.082,,,
1070,2026-05-26,SZ002600,0.03312146030870276,EXP_DEnsembleModel_Alpha158_csi300_custom_step0_s_20260526_16,d46acd05a8b244e1840770c9b7bdadbf,0.082,,,
1071,2026-05-26,SZ002601,-0.04779860614076422,EXP_DEnsembleModel_Alpha158_csi300_custom_step0_s_20260526_16,d46acd05a8b244e1840770c9b7bdadbf,0.082,,,
1072,2026-05-26,SZ300122,-0.08358004652107472,EXP_DEnsembleModel_Alpha158_csi300_custom_step0_s_20260526_16,d46acd05a8b244e1840770c9b7bdadbf,0.082,,,
1073,2026-05-26,SZ300059,-0.058464553925356745,EXP_DEnsembleModel_Alpha158_csi300_custom_step0_s_20260526_16,d46acd05a8b244e1840770c9b7bdadbf,0.082,,,
1074,2026-05-26,SZ300033,0.038313333609610326,EXP_DEnsembleModel_Alpha158_csi300_custom_step0_s_20260526_16,d46acd05a8b244e1840770c9b7bdadbf,0.082,,,
1075,2026-05-26,SZ300015,-0.027061441627821793,EXP_DEnsembleModel_Alpha158_csi300_custom_step0_s_20260526_16,d46acd05a8b244e1840770c9b7bdadbf,0.082,,,
1076,2026-05-26,SZ300014,0.0077506749372580385,EXP_DEnsembleModel_Alpha158_csi300_custom_step0_s_20260526_16,d46acd05a8b244e1840770c9b7bdadbf,0.082,,,
1077,2026-05-26,SZ003816,-0.023670229959043533,EXP_DEnsembleModel_Alpha158_csi300_custom_step0_s_20260526_16,d46acd05a8b244e1840770c9b7bdadbf,0.082,,,
1078,2026-05-26,SZ002241,0.04695483766081788,EXP_DEnsembleModel_Alpha158_csi300_custom_step0_s_20260526_16,d46acd05a8b244e1840770c9b7bdadbf,0.082,,,
1079,2026-05-26,SZ002938,-0.16353092432205654,EXP_DEnsembleModel_Alpha158_csi300_custom_step0_s_20260526_16,d46acd05a8b244e1840770c9b7bdadbf,0.082,,,
1080,2026-05-26,SZ002916,-0.2002761150694011,EXP_DEnsembleModel_Alpha158_csi300_custom_step0_s_20260526_16,d46acd05a8b244e1840770c9b7bdadbf,0.082,,,
1081,2026-05-26,SZ002736,-0.07153870493141112,EXP_DEnsembleModel_Alpha158_csi300_custom_step0_s_20260526_16,d46acd05a8b244e1840770c9b7bdadbf,0.082,,,
1082,2026-05-26,SZ002714,0.013881527968577109,EXP_DEnsembleModel_Alpha158_csi300_custom_step0_s_20260526_16,d46acd05a8b244e1840770c9b7bdadbf,0.082,,,
1083,2026-05-26,SZ002709,0.10608631404193891,EXP_DEnsembleModel_Alpha158_csi300_custom_step0_s_20260526_16,d46acd05a8b244e1840770c9b7bdadbf,0.082,,,
1084,2026-05-26,SZ002648,0.09913602469647058,EXP_DEnsembleModel_Alpha158_csi300_custom_step0_s_20260526_16,d46acd05a8b244e1840770c9b7bdadbf,0.082,,,
1085,2026-05-26,SZ002625,-0.0410819343453496,EXP_DEnsembleModel_Alpha158_csi300_custom_step0_s_20260526_16,d46acd05a8b244e1840770c9b7bdadbf,0.082,,,
1086,2026-05-26,SZ002920,-0.07803999485966324,EXP_DEnsembleModel_Alpha158_csi300_custom_step0_s_20260526_16,d46acd05a8b244e1840770c9b7bdadbf,0.082,,,
1087,2026-05-26,SZ002236,-0.012941153178327447,EXP_DEnsembleModel_Alpha158_csi300_custom_step0_s_20260526_16,d46acd05a8b244e1840770c9b7bdadbf,0.082,,,
1088,2026-05-26,SZ002230,-0.02295721483302238,EXP_DEnsembleModel_Alpha158_csi300_custom_step0_s_20260526_16,d46acd05a8b244e1840770c9b7bdadbf,0.082,,,
1089,2026-05-26,SZ002179,0.06738692555444838,EXP_DEnsembleModel_Alpha158_csi300_custom_step0_s_20260526_16,d46acd05a8b244e1840770c9b7bdadbf,0.082,,,
1090,2026-05-26,SZ000858,0.0055688883685193905,EXP_DEnsembleModel_Alpha158_csi300_custom_step0_s_20260526_16,d46acd05a8b244e1840770c9b7bdadbf,0.082,,,
1091,2026-05-26,SZ000807,0.0484486760387456,EXP_DEnsembleModel_Alpha158_csi300_custom_step0_s_20260526_16,d46acd05a8b244e1840770c9b7bdadbf,0.082,,,
1092,2026-05-26,SZ000792,-0.09446465684031886,EXP_DEnsembleModel_Alpha158_csi300_custom_step0_s_20260526_16,d46acd05a8b244e1840770c9b7bdadbf,0.082,,,
1093,2026-05-26,SZ000786,-0.1940530656199124,EXP_DEnsembleModel_Alpha158_csi300_custom_step0_s_20260526_16,d46acd05a8b244e1840770c9b7bdadbf,0.082,,,
1094,2026-05-26,SZ000776,-0.11911962075313733,EXP_DEnsembleModel_Alpha158_csi300_custom_step0_s_20260526_16,d46acd05a8b244e1840770c9b7bdadbf,0.082,,,
1095,2026-05-26,SZ000768,-0.10819166856452854,EXP_DEnsembleModel_Alpha158_csi300_custom_step0_s_20260526_16,d46acd05a8b244e1840770c9b7bdadbf,0.082,,,
1096,2026-05-26,SZ000876,-0.030978939180272665,EXP_DEnsembleModel_Alpha158_csi300_custom_step0_s_20260526_16,d46acd05a8b244e1840770c9b7bdadbf,0.082,,,
1097,2026-05-26,SZ000725,-0.23246328744889405,EXP_DEnsembleModel_Alpha158_csi300_custom_step0_s_20260526_16,d46acd05a8b244e1840770c9b7bdadbf,0.082,,,
1098,2026-05-26,SZ000661,-0.11640404001804903,EXP_DEnsembleModel_Alpha158_csi300_custom_step0_s_20260526_16,d46acd05a8b244e1840770c9b7bdadbf,0.082,,,
1099,2026-05-26,SZ000651,-0.007515150335299816,EXP_DEnsembleModel_Alpha158_csi300_custom_step0_s_20260526_16,d46acd05a8b244e1840770c9b7bdadbf,0.082,,,
1100,2026-05-26,SZ000630,-0.006984485136796482,EXP_DEnsembleModel_Alpha158_csi300_custom_step0_s_20260526_16,d46acd05a8b244e1840770c9b7bdadbf,0.082,,,
1101,2026-05-26,SZ000625,-0.001507309483784132,EXP_DEnsembleModel_Alpha158_csi300_custom_step0_s_20260526_16,d46acd05a8b244e1840770c9b7bdadbf,0.082,,,
1102,2026-05-26,SZ000617,0.03493137369532062,EXP_DEnsembleModel_Alpha158_csi300_custom_step0_s_20260526_16,d46acd05a8b244e1840770c9b7bdadbf,0.082,,,
1103,2026-05-26,SZ000596,-0.044668440202185807,EXP_DEnsembleModel_Alpha158_csi300_custom_step0_s_20260526_16,d46acd05a8b244e1840770c9b7bdadbf,0.082,,,
1104,2026-05-26,SZ000708,-0.04298987490735384,EXP_DEnsembleModel_Alpha158_csi300_custom_step0_s_20260526_16,d46acd05a8b244e1840770c9b7bdadbf,0.082,,,
1105,2026-05-26,SZ300251,-5.2772963804455064e-05,EXP_DEnsembleModel_Alpha158_csi300_custom_step0_s_20260526_16,d46acd05a8b244e1840770c9b7bdadbf,0.082,,,
1106,2026-05-26,SZ000895,-0.01696396104197331,EXP_DEnsembleModel_Alpha158_csi300_custom_step0_s_20260526_16,d46acd05a8b244e1840770c9b7bdadbf,0.082,,,
1107,2026-05-26,SZ000963,-0.008251247693546784,EXP_DEnsembleModel_Alpha158_csi300_custom_step0_s_20260526_16,d46acd05a8b244e1840770c9b7bdadbf,0.082,,,
1108,2026-05-26,SZ002142,0.053706268906681225,EXP_DEnsembleModel_Alpha158_csi300_custom_step0_s_20260526_16,d46acd05a8b244e1840770c9b7bdadbf,0.082,,,
1109,2026-05-26,SZ002074,-0.035163194311467263,EXP_DEnsembleModel_Alpha158_csi300_custom_step0_s_20260526_16,d46acd05a8b244e1840770c9b7bdadbf,0.082,,,
1110,2026-05-26,SZ002050,-0.03021115464561692,EXP_DEnsembleModel_Alpha158_csi300_custom_step0_s_20260526_16,d46acd05a8b244e1840770c9b7bdadbf,0.082,,,
1111,2026-05-26,SZ002049,-0.060905604006605905,EXP_DEnsembleModel_Alpha158_csi300_custom_step0_s_20260526_16,d46acd05a8b244e1840770c9b7bdadbf,0.082,,,
1112,2026-05-26,SZ002028,-0.08760819986987547,EXP_DEnsembleModel_Alpha158_csi300_custom_step0_s_20260526_16,d46acd05a8b244e1840770c9b7bdadbf,0.082,,,
1113,2026-05-26,SZ002027,0.005307328761429957,EXP_DEnsembleModel_Alpha158_csi300_custom_step0_s_20260526_16,d46acd05a8b244e1840770c9b7bdadbf,0.082,,,
1114,2026-05-26,SZ000938,0.0746742891323955,EXP_DEnsembleModel_Alpha158_csi300_custom_step0_s_20260526_16,d46acd05a8b244e1840770c9b7bdadbf,0.082,,,
1115,2026-05-26,SZ002001,-0.08059566881797864,EXP_DEnsembleModel_Alpha158_csi300_custom_step0_s_20260526_16,d46acd05a8b244e1840770c9b7bdadbf,0.082,,,
1116,2026-05-26,SZ001965,0.05526190812188087,EXP_DEnsembleModel_Alpha158_csi300_custom_step0_s_20260526_16,d46acd05a8b244e1840770c9b7bdadbf,0.082,,,
1117,2026-05-26,SZ001391,0.01567657604642839,EXP_DEnsembleModel_Alpha158_csi300_custom_step0_s_20260526_16,d46acd05a8b244e1840770c9b7bdadbf,0.082,,,
1118,2026-05-26,SZ000999,0.03243465808005479,EXP_DEnsembleModel_Alpha158_csi300_custom_step0_s_20260526_16,d46acd05a8b244e1840770c9b7bdadbf,0.082,,,
1119,2026-05-26,SZ000983,-0.07816313151104187,EXP_DEnsembleModel_Alpha158_csi300_custom_step0_s_20260526_16,d46acd05a8b244e1840770c9b7bdadbf,0.082,,,
1120,2026-05-26,SZ000977,0.0013470322944641171,EXP_DEnsembleModel_Alpha158_csi300_custom_step0_s_20260526_16,d46acd05a8b244e1840770c9b7bdadbf,0.082,,,
1121,2026-05-26,SZ000975,0.1043234466396883,EXP_DEnsembleModel_Alpha158_csi300_custom_step0_s_20260526_16,d46acd05a8b244e1840770c9b7bdadbf,0.082,,,
1122,2026-05-26,SZ001979,-0.1363292739955629,EXP_DEnsembleModel_Alpha158_csi300_custom_step0_s_20260526_16,d46acd05a8b244e1840770c9b7bdadbf,0.082,,,
1123,2026-05-26,SH601939,0.16217870490563377,EXP_DEnsembleModel_Alpha158_csi300_custom_step0_s_20260526_16,fe3ed01628694a3b8c1ed334efe35f28,0.063,,,
1124,2026-05-26,SH600918,0.0018465026514604688,EXP_LinearModel_Alpha158_csi300_custom_step0_s_20260526_16,b1a493c43e3f4e2188fccc59466acef0,0.103,,,
1125,2026-05-26,SH600926,-0.05467323213815689,EXP_LinearModel_Alpha158_csi300_custom_step0_s_20260526_16,b1a493c43e3f4e2188fccc59466acef0,0.103,,,
1126,2026-05-26,SZ000858,-0.156754732131958,EXP_LinearModel_Alpha158_csi300_custom_step0_s_20260526_16,3156b2e58015419da5c3e649004bba5c,0.124,,,
1127,2026-05-26,SZ000876,-0.04854945093393326,EXP_LinearModel_Alpha158_csi300_custom_step0_s_20260526_16,3156b2e58015419da5c3e649004bba5c,0.124,,,
1128,2026-05-26,SZ000895,-0.009126394987106323,EXP_LinearModel_Alpha158_csi300_custom_step0_s_20260526_16,3156b2e58015419da5c3e649004bba5c,0.124,,,
1129,2026-05-26,SZ000938,-0.09922721982002258,EXP_LinearModel_Alpha158_csi300_custom_step0_s_20260526_16,3156b2e58015419da5c3e649004bba5c,0.124,,,
1130,2026-05-26,SZ000963,-0.040016334503889084,EXP_LinearModel_Alpha158_csi300_custom_step0_s_20260526_16,3156b2e58015419da5c3e649004bba5c,0.124,,,
1131,2026-05-26,SZ000975,0.07098764181137085,EXP_LinearModel_Alpha158_csi300_custom_step0_s_20260526_16,3156b2e58015419da5c3e649004bba5c,0.124,,,
1132,2026-05-26,SZ000977,0.007526367902755737,EXP_LinearModel_Alpha158_csi300_custom_step0_s_20260526_16,3156b2e58015419da5c3e649004bba5c,0.124,,,
1133,2026-05-26,SZ000983,-0.02741735428571701,EXP_LinearModel_Alpha158_csi300_custom_step0_s_20260526_16,3156b2e58015419da5c3e649004bba5c,0.124,,,
1134,2026-05-26,SZ000999,-0.15893155336380005,EXP_LinearModel_Alpha158_csi300_custom_step0_s_20260526_16,3156b2e58015419da5c3e649004bba5c,0.124,,,
1135,2026-05-26,SZ001391,-0.12405475229024887,EXP_LinearModel_Alpha158_csi300_custom_step0_s_20260526_16,3156b2e58015419da5c3e649004bba5c,0.124,,,
1136,2026-05-26,SZ001965,0.023472703993320465,EXP_LinearModel_Alpha158_csi300_custom_step0_s_20260526_16,3156b2e58015419da5c3e649004bba5c,0.124,,,
1137,2026-05-26,SZ001979,0.06857973337173462,EXP_LinearModel_Alpha158_csi300_custom_step0_s_20260526_16,3156b2e58015419da5c3e649004bba5c,0.124,,,
1138,2026-05-26,SZ002001,0.09037146717309952,EXP_LinearModel_Alpha158_csi300_custom_step0_s_20260526_16,3156b2e58015419da5c3e649004bba5c,0.124,,,
1139,2026-05-26,SZ002027,0.016441982239484787,EXP_LinearModel_Alpha158_csi300_custom_step0_s_20260526_16,3156b2e58015419da5c3e649004bba5c,0.124,,,
1140,2026-05-26,SZ002028,-0.3660493493080139,EXP_LinearModel_Alpha158_csi300_custom_step0_s_20260526_16,3156b2e58015419da5c3e649004bba5c,0.124,,,
1141,2026-05-26,SZ002049,0.028071090579032898,EXP_LinearModel_Alpha158_csi300_custom_step0_s_20260526_16,3156b2e58015419da5c3e649004bba5c,0.124,,,
1142,2026-05-26,SZ002050,0.13503192365169525,EXP_LinearModel_Alpha158_csi300_custom_step0_s_20260526_16,3156b2e58015419da5c3e649004bba5c,0.124,,,
1143,2026-05-26,SZ002422,0.05693431943655014,EXP_LinearModel_Alpha158_csi300_custom_step0_s_20260526_16,3156b2e58015419da5c3e649004bba5c,0.124,,,
1144,2026-05-26,SZ002415,-0.04931117594242096,EXP_LinearModel_Alpha158_csi300_custom_step0_s_20260526_16,3156b2e58015419da5c3e649004bba5c,0.124,,,
1145,2026-05-26,SZ002384,0.3486642837524414,EXP_LinearModel_Alpha158_csi300_custom_step0_s_20260526_16,3156b2e58015419da5c3e649004bba5c,0.124,,,
1146,2026-05-26,SZ002371,0.1211157888174057,EXP_LinearModel_Alpha158_csi300_custom_step0_s_20260526_16,3156b2e58015419da5c3e649004bba5c,0.124,,,
1147,2026-05-26,SZ002352,-0.04621008038520813,EXP_LinearModel_Alpha158_csi300_custom_step0_s_20260526_16,3156b2e58015419da5c3e649004bba5c,0.124,,,
1148,2026-05-26,SZ002311,-0.007854592055082321,EXP_LinearModel_Alpha158_csi300_custom_step0_s_20260526_16,3156b2e58015419da5c3e649004bba5c,0.124,,,
1149,2026-05-26,SZ000807,0.021675527095794678,EXP_LinearModel_Alpha158_csi300_custom_step0_s_20260526_16,3156b2e58015419da5c3e649004bba5c,0.124,,,
1150,2026-05-26,SZ002304,-0.070786252617836,EXP_LinearModel_Alpha158_csi300_custom_step0_s_20260526_16,3156b2e58015419da5c3e649004bba5c,0.124,,,
1151,2026-05-26,SZ002241,-0.027931779623031616,EXP_LinearModel_Alpha158_csi300_custom_step0_s_20260526_16,3156b2e58015419da5c3e649004bba5c,0.124,,,
1152,2026-05-26,SZ002236,-0.023839756846427917,EXP_LinearModel_Alpha158_csi300_custom_step0_s_20260526_16,3156b2e58015419da5c3e649004bba5c,0.124,,,
1153,2026-05-26,SZ002230,-0.011154323816299438,EXP_LinearModel_Alpha158_csi300_custom_step0_s_20260526_16,3156b2e58015419da5c3e649004bba5c,0.124,,,
1154,2026-05-26,SZ002179,0.08717189729213715,EXP_LinearModel_Alpha158_csi300_custom_step0_s_20260526_16,3156b2e58015419da5c3e649004bba5c,0.124,,,
1155,2026-05-26,SZ002142,-0.010399170219898224,EXP_LinearModel_Alpha158_csi300_custom_step0_s_20260526_16,3156b2e58015419da5c3e649004bba5c,0.124,,,
1156,2026-05-26,SZ002074,-0.05816788971424103,EXP_LinearModel_Alpha158_csi300_custom_step0_s_20260526_16,3156b2e58015419da5c3e649004bba5c,0.124,,,
1157,2026-05-26,SZ002252,0.0063809920102357864,EXP_LinearModel_Alpha158_csi300_custom_step0_s_20260526_16,3156b2e58015419da5c3e649004bba5c,0.124,,,
1158,2026-05-26,SZ002459,0.08133550733327866,EXP_LinearModel_Alpha158_csi300_custom_step0_s_20260526_16,3156b2e58015419da5c3e649004bba5c,0.124,,,
1159,2026-05-26,SZ000792,0.06765222549438477,EXP_LinearModel_Alpha158_csi300_custom_step0_s_20260526_16,3156b2e58015419da5c3e649004bba5c,0.124,,,
1160,2026-05-26,SZ000776,-0.006556965410709381,EXP_LinearModel_Alpha158_csi300_custom_step0_s_20260526_16,3156b2e58015419da5c3e649004bba5c,0.124,,,
1161,2026-05-26,SH688187,-0.12889254093170166,EXP_LinearModel_Alpha158_csi300_custom_step0_s_20260526_16,3156b2e58015419da5c3e649004bba5c,0.124,,,
1162,2026-05-26,SH688223,-0.015826456248760223,EXP_LinearModel_Alpha158_csi300_custom_step0_s_20260526_16,3156b2e58015419da5c3e649004bba5c,0.124,,,
1163,2026-05-26,SH688256,0.18340516090393066,EXP_LinearModel_Alpha158_csi300_custom_step0_s_20260526_16,3156b2e58015419da5c3e649004bba5c,0.124,,,
1164,2026-05-26,SH688271,-0.12326925992965698,EXP_LinearModel_Alpha158_csi300_custom_step0_s_20260526_16,3156b2e58015419da5c3e649004bba5c,0.124,,,
1165,2026-05-26,SH688303,-0.0173833929002285,EXP_LinearModel_Alpha158_csi300_custom_step0_s_20260526_16,3156b2e58015419da5c3e649004bba5c,0.124,,,
1166,2026-05-26,SH688396,0.14696532487869263,EXP_LinearModel_Alpha158_csi300_custom_step0_s_20260526_16,3156b2e58015419da5c3e649004bba5c,0.124,,,
1167,2026-05-26,SH688472,0.12930317223072052,EXP_LinearModel_Alpha158_csi300_custom_step0_s_20260526_16,3156b2e58015419da5c3e649004bba5c,0.124,,,
1168,2026-05-26,SH688506,0.0818457156419754,EXP_LinearModel_Alpha158_csi300_custom_step0_s_20260526_16,3156b2e58015419da5c3e649004bba5c,0.124,,,
1169,2026-05-26,SH688981,-0.011818885803222656,EXP_LinearModel_Alpha158_csi300_custom_step0_s_20260526_16,3156b2e58015419da5c3e649004bba5c,0.124,,,
1170,2026-05-26,SZ000001,-0.06355932354927063,EXP_LinearModel_Alpha158_csi300_custom_step0_s_20260526_16,3156b2e58015419da5c3e649004bba5c,0.124,,,
1171,2026-05-26,SZ000002,0.18108023703098297,EXP_LinearModel_Alpha158_csi300_custom_step0_s_20260526_16,3156b2e58015419da5c3e649004bba5c,0.124,,,
1172,2026-05-26,SZ000063,0.07278357446193695,EXP_LinearModel_Alpha158_csi300_custom_step0_s_20260526_16,3156b2e58015419da5c3e649004bba5c,0.124,,,
1173,2026-05-26,SZ000100,-0.005959630012512207,EXP_LinearModel_Alpha158_csi300_custom_step0_s_20260526_16,3156b2e58015419da5c3e649004bba5c,0.124,,,
1174,2026-05-26,SZ000157,0.007241523824632168,EXP_LinearModel_Alpha158_csi300_custom_step0_s_20260526_16,3156b2e58015419da5c3e649004bba5c,0.124,,,
1175,2026-05-26,SZ000166,-0.049940019845962524,EXP_LinearModel_Alpha158_csi300_custom_step0_s_20260526_16,3156b2e58015419da5c3e649004bba5c,0.124,,,
1176,2026-05-26,SZ000301,0.12026367336511612,EXP_LinearModel_Alpha158_csi300_custom_step0_s_20260526_16,3156b2e58015419da5c3e649004bba5c,0.124,,,
1177,2026-05-26,SZ000333,0.013472769409418106,EXP_LinearModel_Alpha158_csi300_custom_step0_s_20260526_16,3156b2e58015419da5c3e649004bba5c,0.124,,,
1178,2026-05-26,SZ000768,0.10928090661764145,EXP_LinearModel_Alpha158_csi300_custom_step0_s_20260526_16,3156b2e58015419da5c3e649004bba5c,0.124,,,
1179,2026-05-26,SZ000725,-0.08603692054748535,EXP_LinearModel_Alpha158_csi300_custom_step0_s_20260526_16,3156b2e58015419da5c3e649004bba5c,0.124,,,
1180,2026-05-26,SZ000708,0.04128052294254303,EXP_LinearModel_Alpha158_csi300_custom_step0_s_20260526_16,3156b2e58015419da5c3e649004bba5c,0.124,,,
1181,2026-05-26,SZ000661,0.05899402126669884,EXP_LinearModel_Alpha158_csi300_custom_step0_s_20260526_16,3156b2e58015419da5c3e649004bba5c,0.124,,,
1182,2026-05-26,SZ000651,-0.039683662354946136,EXP_LinearModel_Alpha158_csi300_custom_step0_s_20260526_16,3156b2e58015419da5c3e649004bba5c,0.124,,,
1183,2026-05-26,SZ000630,0.12762698531150818,EXP_LinearModel_Alpha158_csi300_custom_step0_s_20260526_16,3156b2e58015419da5c3e649004bba5c,0.124,,,
1184,2026-05-26,SZ000786,0.0266872551292181,EXP_LinearModel_Alpha158_csi300_custom_step0_s_20260526_16,3156b2e58015419da5c3e649004bba5c,0.124,,,
1185,2026-05-26,SZ000625,-0.11875797808170319,EXP_LinearModel_Alpha158_csi300_custom_step0_s_20260526_16,3156b2e58015419da5c3e649004bba5c,0.124,,,
1186,2026-05-26,SZ000596,-0.03934258967638016,EXP_LinearModel_Alpha158_csi300_custom_step0_s_20260526_16,3156b2e58015419da5c3e649004bba5c,0.124,,,
1187,2026-05-26,SZ000568,-0.020538993179798126,EXP_LinearModel_Alpha158_csi300_custom_step0_s_20260526_16,3156b2e58015419da5c3e649004bba5c,0.124,,,
1188,2026-05-26,SZ000538,-0.16433866322040558,EXP_LinearModel_Alpha158_csi300_custom_step0_s_20260526_16,3156b2e58015419da5c3e649004bba5c,0.124,,,
1189,2026-05-26,SZ000425,-0.0007252059876918793,EXP_LinearModel_Alpha158_csi300_custom_step0_s_20260526_16,3156b2e58015419da5c3e649004bba5c,0.124,,,
1190,2026-05-26,SZ000408,0.06581083685159683,EXP_LinearModel_Alpha158_csi300_custom_step0_s_20260526_16,3156b2e58015419da5c3e649004bba5c,0.124,,,
1191,2026-05-26,SZ000338,0.12505611777305603,EXP_LinearModel_Alpha158_csi300_custom_step0_s_20260526_16,3156b2e58015419da5c3e649004bba5c,0.124,,,
1192,2026-05-26,SZ000617,0.1932774782180786,EXP_LinearModel_Alpha158_csi300_custom_step0_s_20260526_16,3156b2e58015419da5c3e649004bba5c,0.124,,,
1193,2026-05-26,SH688169,-0.012904241681098938,EXP_LinearModel_Alpha158_csi300_custom_step0_s_20260526_16,3156b2e58015419da5c3e649004bba5c,0.124,,,
1194,2026-05-26,SZ002460,0.11545919626951218,EXP_LinearModel_Alpha158_csi300_custom_step0_s_20260526_16,3156b2e58015419da5c3e649004bba5c,0.124,,,
1195,2026-05-26,SZ002466,0.18617679178714752,EXP_LinearModel_Alpha158_csi300_custom_step0_s_20260526_16,3156b2e58015419da5c3e649004bba5c,0.124,,,
1196,2026-05-26,SZ300661,0.038808245211839676,EXP_LinearModel_Alpha158_csi300_custom_step0_s_20260526_16,3156b2e58015419da5c3e649004bba5c,0.124,,,
1197,2026-05-26,SZ300750,-0.14810797572135925,EXP_LinearModel_Alpha158_csi300_custom_step0_s_20260526_16,3156b2e58015419da5c3e649004bba5c,0.124,,,
1198,2026-05-26,SZ300759,0.011453285813331604,EXP_LinearModel_Alpha158_csi300_custom_step0_s_20260526_16,3156b2e58015419da5c3e649004bba5c,0.124,,,
1199,2026-05-26,SZ300760,-0.0006479322910308838,EXP_LinearModel_Alpha158_csi300_custom_step0_s_20260526_16,3156b2e58015419da5c3e649004bba5c,0.124,,,
1200,2026-05-26,SZ300782,-0.2983579933643341,EXP_LinearModel_Alpha158_csi300_custom_step0_s_20260526_16,3156b2e58015419da5c3e649004bba5c,0.124,,,
1201,2026-05-26,SZ300803,-0.017703216522932053,EXP_LinearModel_Alpha158_csi300_custom_step0_s_20260526_16,3156b2e58015419da5c3e649004bba5c,0.124,,,
1202,2026-05-26,SZ300832,0.1136980652809143,EXP_LinearModel_Alpha158_csi300_custom_step0_s_20260526_16,3156b2e58015419da5c3e649004bba5c,0.124,,,
1203,2026-05-26,SZ300866,-0.09095913171768188,EXP_LinearModel_Alpha158_csi300_custom_step0_s_20260526_16,3156b2e58015419da5c3e649004bba5c,0.124,,,
1204,2026-05-26,SZ300896,-0.00121394544839859,EXP_LinearModel_Alpha158_csi300_custom_step0_s_20260526_16,3156b2e58015419da5c3e649004bba5c,0.124,,,
1205,2026-05-26,SZ300979,-0.07758717238903046,EXP_LinearModel_Alpha158_csi300_custom_step0_s_20260526_16,3156b2e58015419da5c3e649004bba5c,0.124,,,
1206,2026-05-26,SZ300999,-0.08883216977119446,EXP_LinearModel_Alpha158_csi300_custom_step0_s_20260526_16,3156b2e58015419da5c3e649004bba5c,0.124,,,
1207,2026-05-26,SZ301236,-0.013914816081523895,EXP_LinearModel_Alpha158_csi300_custom_step0_s_20260526_16,3156b2e58015419da5c3e649004bba5c,0.124,,,
1208,2026-05-26,SZ301269,-0.24051153659820557,EXP_LinearModel_Alpha158_csi300_custom_step0_s_20260526_16,3156b2e58015419da5c3e649004bba5c,0.124,,,
1209,2026-05-26,SZ302132,0.05122878775000572,EXP_LinearModel_Alpha158_csi300_custom_step0_s_20260526_16,3156b2e58015419da5c3e649004bba5c,0.124,,,
1210,2026-05-26,SH600000,-0.03423738852143288,EXP_XGBModel_Alpha158_csi300_custom_step0_s_20260526_16,3949b644f365432e8a00a748c14f7d9b,0.076,,,
1211,2026-05-26,SH600009,-0.045248843729496,EXP_XGBModel_Alpha158_csi300_custom_step0_s_20260526_16,3949b644f365432e8a00a748c14f7d9b,0.076,,,
1212,2026-05-26,SH600010,0.0024596359580755234,EXP_XGBModel_Alpha158_csi300_custom_step0_s_20260526_16,3949b644f365432e8a00a748c14f7d9b,0.076,,,
1213,2026-05-26,SH600036,-0.04702426493167877,EXP_XGBModel_Alpha158_csi300_custom_step0_s_20260526_16,3949b644f365432e8a00a748c14f7d9b,0.076,,,
1214,2026-05-26,SH600031,-0.0168855469673872,EXP_XGBModel_Alpha158_csi300_custom_step0_s_20260526_16,3949b644f365432e8a00a748c14f7d9b,0.076,,,
1215,2026-05-26,SH600030,0.004954902920871973,EXP_XGBModel_Alpha158_csi300_custom_step0_s_20260526_16,3949b644f365432e8a00a748c14f7d9b,0.076,,,
1216,2026-05-26,SH600029,0.036724962294101715,EXP_XGBModel_Alpha158_csi300_custom_step0_s_20260526_16,3949b644f365432e8a00a748c14f7d9b,0.076,,,
1217,2026-05-26,SH600028,-0.040639154613018036,EXP_XGBModel_Alpha158_csi300_custom_step0_s_20260526_16,3949b644f365432e8a00a748c14f7d9b,0.076,,,
1218,2026-05-26,SH600027,0.06195369362831116,EXP_XGBModel_Alpha158_csi300_custom_step0_s_20260526_16,3949b644f365432e8a00a748c14f7d9b,0.076,,,
1219,2026-05-26,SZ300628,0.0244063138961792,EXP_LinearModel_Alpha158_csi300_custom_step0_s_20260526_16,3156b2e58015419da5c3e649004bba5c,0.124,,,
1220,2026-05-26,SH600026,0.03082720749080181,EXP_XGBModel_Alpha158_csi300_custom_step0_s_20260526_16,3949b644f365432e8a00a748c14f7d9b,0.076,,,
1221,2026-05-26,SH600023,-0.023901674896478653,EXP_XGBModel_Alpha158_csi300_custom_step0_s_20260526_16,3949b644f365432e8a00a748c14f7d9b,0.076,,,
1222,2026-05-26,SH600019,-0.03144536539912224,EXP_XGBModel_Alpha158_csi300_custom_step0_s_20260526_16,3949b644f365432e8a00a748c14f7d9b,0.076,,,
1223,2026-05-26,SH600018,-0.011075557209551334,EXP_XGBModel_Alpha158_csi300_custom_step0_s_20260526_16,3949b644f365432e8a00a748c14f7d9b,0.076,,,
1224,2026-05-26,SH600016,-0.0442296601831913,EXP_XGBModel_Alpha158_csi300_custom_step0_s_20260526_16,3949b644f365432e8a00a748c14f7d9b,0.076,,,
1225,2026-05-26,SH600015,-0.04833348095417023,EXP_XGBModel_Alpha158_csi300_custom_step0_s_20260526_16,3949b644f365432e8a00a748c14f7d9b,0.076,,,
1226,2026-05-26,SH600011,0.024591762572526932,EXP_XGBModel_Alpha158_csi300_custom_step0_s_20260526_16,3949b644f365432e8a00a748c14f7d9b,0.076,,,
1227,2026-05-26,SH600025,-0.03244950249791145,EXP_XGBModel_Alpha158_csi300_custom_step0_s_20260526_16,3949b644f365432e8a00a748c14f7d9b,0.076,,,
1228,2026-05-26,SZ002463,0.045040301978588104,EXP_LinearModel_Alpha158_csi300_custom_step0_s_20260526_16,3156b2e58015419da5c3e649004bba5c,0.124,,,
1229,2026-05-26,SZ300502,-0.0516926571726799,EXP_LinearModel_Alpha158_csi300_custom_step0_s_20260526_16,3156b2e58015419da5c3e649004bba5c,0.124,,,
1230,2026-05-26,SZ300476,0.08945915848016739,EXP_LinearModel_Alpha158_csi300_custom_step0_s_20260526_16,3156b2e58015419da5c3e649004bba5c,0.124,,,
1231,2026-05-26,SZ002475,0.1652454435825348,EXP_LinearModel_Alpha158_csi300_custom_step0_s_20260526_16,3156b2e58015419da5c3e649004bba5c,0.124,,,
1232,2026-05-26,SZ002493,0.23359203338623047,EXP_LinearModel_Alpha158_csi300_custom_step0_s_20260526_16,3156b2e58015419da5c3e649004bba5c,0.124,,,
1233,2026-05-26,SZ002594,0.01675874926149845,EXP_LinearModel_Alpha158_csi300_custom_step0_s_20260526_16,3156b2e58015419da5c3e649004bba5c,0.124,,,
1234,2026-05-26,SZ002600,0.01747725158929825,EXP_LinearModel_Alpha158_csi300_custom_step0_s_20260526_16,3156b2e58015419da5c3e649004bba5c,0.124,,,
1235,2026-05-26,SZ002601,0.150840163230896,EXP_LinearModel_Alpha158_csi300_custom_step0_s_20260526_16,3156b2e58015419da5c3e649004bba5c,0.124,,,
1236,2026-05-26,SZ002625,0.07232694327831268,EXP_LinearModel_Alpha158_csi300_custom_step0_s_20260526_16,3156b2e58015419da5c3e649004bba5c,0.124,,,
1237,2026-05-26,SZ002648,0.12261869758367538,EXP_LinearModel_Alpha158_csi300_custom_step0_s_20260526_16,3156b2e58015419da5c3e649004bba5c,0.124,,,
1238,2026-05-26,SZ002709,0.18450461328029633,EXP_LinearModel_Alpha158_csi300_custom_step0_s_20260526_16,3156b2e58015419da5c3e649004bba5c,0.124,,,
1239,2026-05-26,SZ002714,-0.06309853494167328,EXP_LinearModel_Alpha158_csi300_custom_step0_s_20260526_16,3156b2e58015419da5c3e649004bba5c,0.124,,,
1240,2026-05-26,SZ002736,-0.038393534719944,EXP_LinearModel_Alpha158_csi300_custom_step0_s_20260526_16,3156b2e58015419da5c3e649004bba5c,0.124,,,
1241,2026-05-26,SZ002916,-0.0009465962648391724,EXP_LinearModel_Alpha158_csi300_custom_step0_s_20260526_16,3156b2e58015419da5c3e649004bba5c,0.124,,,
1242,2026-05-26,SZ002920,0.09262493252754211,EXP_LinearModel_Alpha158_csi300_custom_step0_s_20260526_16,3156b2e58015419da5c3e649004bba5c,0.124,,,
1243,2026-05-26,SZ002938,-0.14040899276733398,EXP_LinearModel_Alpha158_csi300_custom_step0_s_20260526_16,3156b2e58015419da5c3e649004bba5c,0.124,,,
1244,2026-05-26,SZ003816,0.1673247218132019,EXP_LinearModel_Alpha158_csi300_custom_step0_s_20260526_16,3156b2e58015419da5c3e649004bba5c,0.124,,,
1245,2026-05-26,SZ300014,0.03945252671837807,EXP_LinearModel_Alpha158_csi300_custom_step0_s_20260526_16,3156b2e58015419da5c3e649004bba5c,0.124,,,
1246,2026-05-26,SZ300015,0.1315012276172638,EXP_LinearModel_Alpha158_csi300_custom_step0_s_20260526_16,3156b2e58015419da5c3e649004bba5c,0.124,,,
1247,2026-05-26,SZ300033,-0.030644215643405914,EXP_LinearModel_Alpha158_csi300_custom_step0_s_20260526_16,3156b2e58015419da5c3e649004bba5c,0.124,,,
1248,2026-05-26,SZ300442,-0.22305910289287567,EXP_LinearModel_Alpha158_csi300_custom_step0_s_20260526_16,3156b2e58015419da5c3e649004bba5c,0.124,,,
1249,2026-05-26,SZ300433,0.10162848979234695,EXP_LinearModel_Alpha158_csi300_custom_step0_s_20260526_16,3156b2e58015419da5c3e649004bba5c,0.124,,,
1250,2026-05-26,SZ300418,0.005310384556651115,EXP_LinearModel_Alpha158_csi300_custom_step0_s_20260526_16,3156b2e58015419da5c3e649004bba5c,0.124,,,
1251,2026-05-26,SZ300413,0.05026696249842644,EXP_LinearModel_Alpha158_csi300_custom_step0_s_20260526_16,3156b2e58015419da5c3e649004bba5c,0.124,,,
1252,2026-05-26,SZ300408,0.1293123960494995,EXP_LinearModel_Alpha158_csi300_custom_step0_s_20260526_16,3156b2e58015419da5c3e649004bba5c,0.124,,,
1253,2026-05-26,SZ300394,-0.11583124101161957,EXP_LinearModel_Alpha158_csi300_custom_step0_s_20260526_16,3156b2e58015419da5c3e649004bba5c,0.124,,,
1254,2026-05-26,SZ300498,-0.08404615521430969,EXP_LinearModel_Alpha158_csi300_custom_step0_s_20260526_16,3156b2e58015419da5c3e649004bba5c,0.124,,,
1255,2026-05-26,SZ300347,-0.050879038870334625,EXP_LinearModel_Alpha158_csi300_custom_step0_s_20260526_16,3156b2e58015419da5c3e649004bba5c,0.124,,,
1256,2026-05-26,SZ300308,0.08506599068641663,EXP_LinearModel_Alpha158_csi300_custom_step0_s_20260526_16,3156b2e58015419da5c3e649004bba5c,0.124,,,
1257,2026-05-26,SZ300274,0.07885108888149261,EXP_LinearModel_Alpha158_csi300_custom_step0_s_20260526_16,3156b2e58015419da5c3e649004bba5c,0.124,,,
1258,2026-05-26,SZ300251,0.1779365986585617,EXP_LinearModel_Alpha158_csi300_custom_step0_s_20260526_16,3156b2e58015419da5c3e649004bba5c,0.124,,,
1259,2026-05-26,SZ300124,0.06696249544620514,EXP_LinearModel_Alpha158_csi300_custom_step0_s_20260526_16,3156b2e58015419da5c3e649004bba5c,0.124,,,
1260,2026-05-26,SZ300122,-0.021383685991168022,EXP_LinearModel_Alpha158_csi300_custom_step0_s_20260526_16,3156b2e58015419da5c3e649004bba5c,0.124,,,
1261,2026-05-26,SZ300059,-0.0014703348278999329,EXP_LinearModel_Alpha158_csi300_custom_step0_s_20260526_16,3156b2e58015419da5c3e649004bba5c,0.124,,,
1262,2026-05-26,SZ300316,-0.1387457549571991,EXP_LinearModel_Alpha158_csi300_custom_step0_s_20260526_16,3156b2e58015419da5c3e649004bba5c,0.124,,,
1263,2026-05-26,SH688126,-0.1293667107820511,EXP_LinearModel_Alpha158_csi300_custom_step0_s_20260526_16,3156b2e58015419da5c3e649004bba5c,0.124,,,
1264,2026-05-26,SH688111,0.003422502428293228,EXP_LinearModel_Alpha158_csi300_custom_step0_s_20260526_16,3156b2e58015419da5c3e649004bba5c,0.124,,,
1265,2026-05-26,SH688082,0.01621878147125244,EXP_LinearModel_Alpha158_csi300_custom_step0_s_20260526_16,3156b2e58015419da5c3e649004bba5c,0.124,,,
1266,2026-05-26,SH600919,-0.03416958451271057,EXP_LinearModel_Alpha158_csi300_custom_step0_s_20260526_16,3156b2e58015419da5c3e649004bba5c,0.124,,,
1267,2026-05-26,SH600926,-0.0723499208688736,EXP_LinearModel_Alpha158_csi300_custom_step0_s_20260526_16,3156b2e58015419da5c3e649004bba5c,0.124,,,
1268,2026-05-26,SH600930,0.018151607364416122,EXP_LinearModel_Alpha158_csi300_custom_step0_s_20260526_16,3156b2e58015419da5c3e649004bba5c,0.124,,,
1269,2026-05-26,SH600938,0.05623406171798706,EXP_LinearModel_Alpha158_csi300_custom_step0_s_20260526_16,3156b2e58015419da5c3e649004bba5c,0.124,,,
1270,2026-05-26,SH600941,0.046220313757658005,EXP_LinearModel_Alpha158_csi300_custom_step0_s_20260526_16,3156b2e58015419da5c3e649004bba5c,0.124,,,
1271,2026-05-26,SH600958,,EXP_LinearModel_Alpha158_csi300_custom_step0_s_20260526_16,3156b2e58015419da5c3e649004bba5c,0.124,,,
1272,2026-05-26,SH600989,0.1853373944759369,EXP_LinearModel_Alpha158_csi300_custom_step0_s_20260526_16,3156b2e58015419da5c3e649004bba5c,0.124,,,
1273,2026-05-26,SH600999,0.06728696823120117,EXP_LinearModel_Alpha158_csi300_custom_step0_s_20260526_16,3156b2e58015419da5c3e649004bba5c,0.124,,,
1274,2026-05-26,SH601006,-0.04910038411617279,EXP_LinearModel_Alpha158_csi300_custom_step0_s_20260526_16,3156b2e58015419da5c3e649004bba5c,0.124,,,
1275,2026-05-26,SH601009,-0.07778961956501007,EXP_LinearModel_Alpha158_csi300_custom_step0_s_20260526_16,3156b2e58015419da5c3e649004bba5c,0.124,,,
1276,2026-05-26,SH601012,0.014553111046552658,EXP_LinearModel_Alpha158_csi300_custom_step0_s_20260526_16,3156b2e58015419da5c3e649004bba5c,0.124,,,
1277,2026-05-26,SH601018,-0.08737644553184509,EXP_LinearModel_Alpha158_csi300_custom_step0_s_20260526_16,3156b2e58015419da5c3e649004bba5c,0.124,,,
1278,2026-05-26,SH601021,0.05076419562101364,EXP_LinearModel_Alpha158_csi300_custom_step0_s_20260526_16,3156b2e58015419da5c3e649004bba5c,0.124,,,
1279,2026-05-26,SH601058,-0.06323716044425964,EXP_LinearModel_Alpha158_csi300_custom_step0_s_20260526_16,3156b2e58015419da5c3e649004bba5c,0.124,,,
1280,2026-05-26,SH601059,-0.05022701621055603,EXP_LinearModel_Alpha158_csi300_custom_step0_s_20260526_16,3156b2e58015419da5c3e649004bba5c,0.124,,,
1281,2026-05-26,SH601066,0.11179783940315247,EXP_LinearModel_Alpha158_csi300_custom_step0_s_20260526_16,3156b2e58015419da5c3e649004bba5c,0.124,,,
1282,2026-05-26,SH601077,-0.1038193330168724,EXP_LinearModel_Alpha158_csi300_custom_step0_s_20260526_16,3156b2e58015419da5c3e649004bba5c,0.124,,,
1283,2026-05-26,SH601236,-0.06353896856307983,EXP_LinearModel_Alpha158_csi300_custom_step0_s_20260526_16,3156b2e58015419da5c3e649004bba5c,0.124,,,
1284,2026-05-26,SH601229,-0.05667439475655556,EXP_LinearModel_Alpha158_csi300_custom_step0_s_20260526_16,3156b2e58015419da5c3e649004bba5c,0.124,,,
1285,2026-05-26,SH601225,0.0368971973657608,EXP_LinearModel_Alpha158_csi300_custom_step0_s_20260526_16,3156b2e58015419da5c3e649004bba5c,0.124,,,
1286,2026-05-26,SH601211,-0.0676286369562149,EXP_LinearModel_Alpha158_csi300_custom_step0_s_20260526_16,3156b2e58015419da5c3e649004bba5c,0.124,,,
1287,2026-05-26,SH601186,-0.13571080565452576,EXP_LinearModel_Alpha158_csi300_custom_step0_s_20260526_16,3156b2e58015419da5c3e649004bba5c,0.124,,,
1288,2026-05-26,SH601169,-0.2736239731311798,EXP_LinearModel_Alpha158_csi300_custom_step0_s_20260526_16,3156b2e58015419da5c3e649004bba5c,0.124,,,
1289,2026-05-26,SH600918,-0.10837648808956146,EXP_LinearModel_Alpha158_csi300_custom_step0_s_20260526_16,3156b2e58015419da5c3e649004bba5c,0.124,,,
1290,2026-05-26,SH601166,-0.08569362014532089,EXP_LinearModel_Alpha158_csi300_custom_step0_s_20260526_16,3156b2e58015419da5c3e649004bba5c,0.124,,,
1291,2026-05-26,SH601136,-0.025671672075986862,EXP_LinearModel_Alpha158_csi300_custom_step0_s_20260526_16,3156b2e58015419da5c3e649004bba5c,0.124,,,
1292,2026-05-26,SH601127,-0.008075207471847534,EXP_LinearModel_Alpha158_csi300_custom_step0_s_20260526_16,3156b2e58015419da5c3e649004bba5c,0.124,,,
1293,2026-05-26,SH601117,0.005155719816684723,EXP_LinearModel_Alpha158_csi300_custom_step0_s_20260526_16,3156b2e58015419da5c3e649004bba5c,0.124,,,
1294,2026-05-26,SH601111,-0.05037028342485428,EXP_LinearModel_Alpha158_csi300_custom_step0_s_20260526_16,3156b2e58015419da5c3e649004bba5c,0.124,,,
1295,2026-05-26,SH601100,0.11115004867315292,EXP_LinearModel_Alpha158_csi300_custom_step0_s_20260526_16,3156b2e58015419da5c3e649004bba5c,0.124,,,
1296,2026-05-26,SH601088,-0.03786768764257431,EXP_LinearModel_Alpha158_csi300_custom_step0_s_20260526_16,3156b2e58015419da5c3e649004bba5c,0.124,,,
1297,2026-05-26,SH601138,0.04339075833559036,EXP_LinearModel_Alpha158_csi300_custom_step0_s_20260526_16,3156b2e58015419da5c3e649004bba5c,0.124,,,
1298,2026-05-26,SH601238,-0.07029718160629272,EXP_LinearModel_Alpha158_csi300_custom_step0_s_20260526_16,3156b2e58015419da5c3e649004bba5c,0.124,,,
1299,2026-05-26,SH600905,-0.015548783354461193,EXP_LinearModel_Alpha158_csi300_custom_step0_s_20260526_16,3156b2e58015419da5c3e649004bba5c,0.124,,,
1300,2026-05-26,SH600893,0.032052621245384216,EXP_LinearModel_Alpha158_csi300_custom_step0_s_20260526_16,3156b2e58015419da5c3e649004bba5c,0.124,,,
1301,2026-05-26,SH600372,-0.006544042378664017,EXP_LinearModel_Alpha158_csi300_custom_step0_s_20260526_16,3156b2e58015419da5c3e649004bba5c,0.124,,,
1302,2026-05-26,SH600377,0.08990157395601273,EXP_LinearModel_Alpha158_csi300_custom_step0_s_20260526_16,3156b2e58015419da5c3e649004bba5c,0.124,,,
1303,2026-05-26,SH600406,-0.1321759968996048,EXP_LinearModel_Alpha158_csi300_custom_step0_s_20260526_16,3156b2e58015419da5c3e649004bba5c,0.124,,,
1304,2026-05-26,SH600415,0.018142517656087875,EXP_LinearModel_Alpha158_csi300_custom_step0_s_20260526_16,3156b2e58015419da5c3e649004bba5c,0.124,,,
1305,2026-05-26,SH600426,0.25476720929145813,EXP_LinearModel_Alpha158_csi300_custom_step0_s_20260526_16,3156b2e58015419da5c3e649004bba5c,0.124,,,
1306,2026-05-26,SH600436,-0.12183628976345062,EXP_LinearModel_Alpha158_csi300_custom_step0_s_20260526_16,3156b2e58015419da5c3e649004bba5c,0.124,,,
1307,2026-05-26,SH600438,,EXP_LinearModel_Alpha158_csi300_custom_step0_s_20260526_16,3156b2e58015419da5c3e649004bba5c,0.124,,,
1308,2026-05-26,SH600460,0.030771076679229736,EXP_LinearModel_Alpha158_csi300_custom_step0_s_20260526_16,3156b2e58015419da5c3e649004bba5c,0.124,,,
1309,2026-05-26,SH600482,-0.01649455726146698,EXP_LinearModel_Alpha158_csi300_custom_step0_s_20260526_16,3156b2e58015419da5c3e649004bba5c,0.124,,,
1310,2026-05-26,SH600489,0.14993250370025635,EXP_LinearModel_Alpha158_csi300_custom_step0_s_20260526_16,3156b2e58015419da5c3e649004bba5c,0.124,,,
1311,2026-05-26,SH600515,-0.028356963768601418,EXP_LinearModel_Alpha158_csi300_custom_step0_s_20260526_16,3156b2e58015419da5c3e649004bba5c,0.124,,,
1312,2026-05-26,SH600519,-0.1601771116256714,EXP_LinearModel_Alpha158_csi300_custom_step0_s_20260526_16,3156b2e58015419da5c3e649004bba5c,0.124,,,
1313,2026-05-26,SH600522,0.3308565616607666,EXP_LinearModel_Alpha158_csi300_custom_step0_s_20260526_16,3156b2e58015419da5c3e649004bba5c,0.124,,,
1314,2026-05-26,SH600547,0.20251169800758362,EXP_LinearModel_Alpha158_csi300_custom_step0_s_20260526_16,3156b2e58015419da5c3e649004bba5c,0.124,,,
1315,2026-05-26,SH600570,-0.013384975492954254,EXP_LinearModel_Alpha158_csi300_custom_step0_s_20260526_16,3156b2e58015419da5c3e649004bba5c,0.124,,,
1316,2026-05-26,SH600584,-0.04857569932937622,EXP_LinearModel_Alpha158_csi300_custom_step0_s_20260526_16,3156b2e58015419da5c3e649004bba5c,0.124,,,
1317,2026-05-26,SH600585,0.00039845332503318787,EXP_LinearModel_Alpha158_csi300_custom_step0_s_20260526_16,3156b2e58015419da5c3e649004bba5c,0.124,,,
1318,2026-05-26,SH600887,-0.013693701475858688,EXP_LinearModel_Alpha158_csi300_custom_step0_s_20260526_16,3156b2e58015419da5c3e649004bba5c,0.124,,,
1319,2026-05-26,SH600886,-0.024212241172790527,EXP_LinearModel_Alpha158_csi300_custom_step0_s_20260526_16,3156b2e58015419da5c3e649004bba5c,0.124,,,
1320,2026-05-26,SH600875,-0.09615429490804672,EXP_LinearModel_Alpha158_csi300_custom_step0_s_20260526_16,3156b2e58015419da5c3e649004bba5c,0.124,,,
1321,2026-05-26,SH600845,0.0032150819897651672,EXP_LinearModel_Alpha158_csi300_custom_step0_s_20260526_16,3156b2e58015419da5c3e649004bba5c,0.124,,,
1322,2026-05-26,SH600809,-0.0611838772892952,EXP_LinearModel_Alpha158_csi300_custom_step0_s_20260526_16,3156b2e58015419da5c3e649004bba5c,0.124,,,
1323,2026-05-26,SH600803,0.008979707956314087,EXP_LinearModel_Alpha158_csi300_custom_step0_s_20260526_16,3156b2e58015419da5c3e649004bba5c,0.124,,,
1324,2026-05-26,SH600900,-0.08971346914768219,EXP_LinearModel_Alpha158_csi300_custom_step0_s_20260526_16,3156b2e58015419da5c3e649004bba5c,0.124,,,
1325,2026-05-26,SH600795,-0.022968575358390808,EXP_LinearModel_Alpha158_csi300_custom_step0_s_20260526_16,3156b2e58015419da5c3e649004bba5c,0.124,,,
1326,2026-05-26,SH600741,-0.12591473758220673,EXP_LinearModel_Alpha158_csi300_custom_step0_s_20260526_16,3156b2e58015419da5c3e649004bba5c,0.124,,,
1327,2026-05-26,SH600690,-0.07476387917995453,EXP_LinearModel_Alpha158_csi300_custom_step0_s_20260526_16,3156b2e58015419da5c3e649004bba5c,0.124,,,
1328,2026-05-26,SH600674,0.0704578384757042,EXP_LinearModel_Alpha158_csi300_custom_step0_s_20260526_16,3156b2e58015419da5c3e649004bba5c,0.124,,,
1329,2026-05-26,SH600660,0.02317265421152115,EXP_LinearModel_Alpha158_csi300_custom_step0_s_20260526_16,3156b2e58015419da5c3e649004bba5c,0.124,,,
1330,2026-05-26,SH600600,-0.08314289152622223,EXP_LinearModel_Alpha158_csi300_custom_step0_s_20260526_16,3156b2e58015419da5c3e649004bba5c,0.124,,,
1331,2026-05-26,SH600588,0.05095147341489792,EXP_LinearModel_Alpha158_csi300_custom_step0_s_20260526_16,3156b2e58015419da5c3e649004bba5c,0.124,,,
1332,2026-05-26,SH600760,0.054852038621902466,EXP_LinearModel_Alpha158_csi300_custom_step0_s_20260526_16,3156b2e58015419da5c3e649004bba5c,0.124,,,
1333,2026-05-26,SH601288,-0.042161352932453156,EXP_LinearModel_Alpha158_csi300_custom_step0_s_20260526_16,3156b2e58015419da5c3e649004bba5c,0.124,,,
1334,2026-05-26,SH601298,-0.04556805267930031,EXP_LinearModel_Alpha158_csi300_custom_step0_s_20260526_16,3156b2e58015419da5c3e649004bba5c,0.124,,,
1335,2026-05-26,SH601318,-0.02364201843738556,EXP_LinearModel_Alpha158_csi300_custom_step0_s_20260526_16,3156b2e58015419da5c3e649004bba5c,0.124,,,
1336,2026-05-26,SH601898,-0.025020359084010124,EXP_LinearModel_Alpha158_csi300_custom_step0_s_20260526_16,3156b2e58015419da5c3e649004bba5c,0.124,,,
1337,2026-05-26,SH601899,0.12821133434772491,EXP_LinearModel_Alpha158_csi300_custom_step0_s_20260526_16,3156b2e58015419da5c3e649004bba5c,0.124,,,
1338,2026-05-26,SH601901,0.0038349777460098267,EXP_LinearModel_Alpha158_csi300_custom_step0_s_20260526_16,3156b2e58015419da5c3e649004bba5c,0.124,,,
1339,2026-05-26,SH601916,-0.1430720090866089,EXP_LinearModel_Alpha158_csi300_custom_step0_s_20260526_16,3156b2e58015419da5c3e649004bba5c,0.124,,,
1340,2026-05-26,SH601919,-0.04460965096950531,EXP_LinearModel_Alpha158_csi300_custom_step0_s_20260526_16,3156b2e58015419da5c3e649004bba5c,0.124,,,
1341,2026-05-26,SH601939,0.055813275277614594,EXP_LinearModel_Alpha158_csi300_custom_step0_s_20260526_16,3156b2e58015419da5c3e649004bba5c,0.124,,,
1342,2026-05-26,SH601985,-0.0001496393233537674,EXP_LinearModel_Alpha158_csi300_custom_step0_s_20260526_16,3156b2e58015419da5c3e649004bba5c,0.124,,,
1343,2026-05-26,SH601988,0.0059395283460617065,EXP_LinearModel_Alpha158_csi300_custom_step0_s_20260526_16,3156b2e58015419da5c3e649004bba5c,0.124,,,
1344,2026-05-26,SH601995,-0.035632096230983734,EXP_LinearModel_Alpha158_csi300_custom_step0_s_20260526_16,3156b2e58015419da5c3e649004bba5c,0.124,,,
1345,2026-05-26,SH601998,-0.14703138172626495,EXP_LinearModel_Alpha158_csi300_custom_step0_s_20260526_16,3156b2e58015419da5c3e649004bba5c,0.124,,,
1346,2026-05-26,SH603019,0.040445476770401,EXP_LinearModel_Alpha158_csi300_custom_step0_s_20260526_16,3156b2e58015419da5c3e649004bba5c,0.124,,,
1347,2026-05-26,SH603195,-0.009820803999900818,EXP_LinearModel_Alpha158_csi300_custom_step0_s_20260526_16,3156b2e58015419da5c3e649004bba5c,0.124,,,
1348,2026-05-26,SH603259,0.14301741123199463,EXP_LinearModel_Alpha158_csi300_custom_step0_s_20260526_16,3156b2e58015419da5c3e649004bba5c,0.124,,,
1349,2026-05-26,SH603260,0.07241120934486389,EXP_LinearModel_Alpha158_csi300_custom_step0_s_20260526_16,3156b2e58015419da5c3e649004bba5c,0.124,,,
1350,2026-05-26,SH603288,-0.02238314598798752,EXP_LinearModel_Alpha158_csi300_custom_step0_s_20260526_16,3156b2e58015419da5c3e649004bba5c,0.124,,,
1351,2026-05-26,SH603296,0.0650307685136795,EXP_LinearModel_Alpha158_csi300_custom_step0_s_20260526_16,3156b2e58015419da5c3e649004bba5c,0.124,,,
1352,2026-05-26,SH603369,0.20261669158935547,EXP_LinearModel_Alpha158_csi300_custom_step0_s_20260526_16,3156b2e58015419da5c3e649004bba5c,0.124,,,
1353,2026-05-26,SH688047,0.14069506525993347,EXP_LinearModel_Alpha158_csi300_custom_step0_s_20260526_16,3156b2e58015419da5c3e649004bba5c,0.124,,,
1354,2026-05-26,SH688041,0.20381750166416168,EXP_LinearModel_Alpha158_csi300_custom_step0_s_20260526_16,3156b2e58015419da5c3e649004bba5c,0.124,,,
1355,2026-05-26,SH688036,0.17969810962677002,EXP_LinearModel_Alpha158_csi300_custom_step0_s_20260526_16,3156b2e58015419da5c3e649004bba5c,0.124,,,
1356,2026-05-26,SH688012,0.1791394054889679,EXP_LinearModel_Alpha158_csi300_custom_step0_s_20260526_16,3156b2e58015419da5c3e649004bba5c,0.124,,,
1357,2026-05-26,SH688009,-0.03919773921370506,EXP_LinearModel_Alpha158_csi300_custom_step0_s_20260526_16,3156b2e58015419da5c3e649004bba5c,0.124,,,
1358,2026-05-26,SH688008,-0.08882700651884079,EXP_LinearModel_Alpha158_csi300_custom_step0_s_20260526_16,3156b2e58015419da5c3e649004bba5c,0.124,,,
1359,2026-05-26,SH601888,-0.02750460058450699,EXP_LinearModel_Alpha158_csi300_custom_step0_s_20260526_16,3156b2e58015419da5c3e649004bba5c,0.124,,,
1360,2026-05-26,SH605499,-0.03215806931257248,EXP_LinearModel_Alpha158_csi300_custom_step0_s_20260526_16,3156b2e58015419da5c3e649004bba5c,0.124,,,
1361,2026-05-26,SH603993,0.0854206532239914,EXP_LinearModel_Alpha158_csi300_custom_step0_s_20260526_16,3156b2e58015419da5c3e649004bba5c,0.124,,,
1362,2026-05-26,SH603986,-0.08102703839540482,EXP_LinearModel_Alpha158_csi300_custom_step0_s_20260526_16,3156b2e58015419da5c3e649004bba5c,0.124,,,
1363,2026-05-26,SH603893,0.07835431396961212,EXP_LinearModel_Alpha158_csi300_custom_step0_s_20260526_16,3156b2e58015419da5c3e649004bba5c,0.124,,,
1364,2026-05-26,SH603799,0.15972696244716644,EXP_LinearModel_Alpha158_csi300_custom_step0_s_20260526_16,3156b2e58015419da5c3e649004bba5c,0.124,,,
1365,2026-05-26,SH603501,0.09847638010978699,EXP_LinearModel_Alpha158_csi300_custom_step0_s_20260526_16,3156b2e58015419da5c3e649004bba5c,0.124,,,
1366,2026-05-26,SH603392,0.001203041523694992,EXP_LinearModel_Alpha158_csi300_custom_step0_s_20260526_16,3156b2e58015419da5c3e649004bba5c,0.124,,,
1367,2026-05-26,SH605117,0.0599498525261879,EXP_LinearModel_Alpha158_csi300_custom_step0_s_20260526_16,3156b2e58015419da5c3e649004bba5c,0.124,,,
1368,2026-05-26,SH601881,-0.015086248517036438,EXP_LinearModel_Alpha158_csi300_custom_step0_s_20260526_16,3156b2e58015419da5c3e649004bba5c,0.124,,,
1369,2026-05-26,SH601878,-0.006393935531377792,EXP_LinearModel_Alpha158_csi300_custom_step0_s_20260526_16,3156b2e58015419da5c3e649004bba5c,0.124,,,
1370,2026-05-26,SH601877,0.016450587660074234,EXP_LinearModel_Alpha158_csi300_custom_step0_s_20260526_16,3156b2e58015419da5c3e649004bba5c,0.124,,,
1371,2026-05-26,SH601633,-0.16963858902454376,EXP_LinearModel_Alpha158_csi300_custom_step0_s_20260526_16,3156b2e58015419da5c3e649004bba5c,0.124,,,
1372,2026-05-26,SH601628,-0.03517135977745056,EXP_LinearModel_Alpha158_csi300_custom_step0_s_20260526_16,3156b2e58015419da5c3e649004bba5c,0.124,,,
1373,2026-05-26,SH601618,-0.03078310750424862,EXP_LinearModel_Alpha158_csi300_custom_step0_s_20260526_16,3156b2e58015419da5c3e649004bba5c,0.124,,,
1374,2026-05-26,SH601607,-0.09906377643346786,EXP_LinearModel_Alpha158_csi300_custom_step0_s_20260526_16,3156b2e58015419da5c3e649004bba5c,0.124,,,
1375,2026-05-26,SH601601,-0.06875269114971161,EXP_LinearModel_Alpha158_csi300_custom_step0_s_20260526_16,3156b2e58015419da5c3e649004bba5c,0.124,,,
1376,2026-05-26,SH601600,0.11891314387321472,EXP_LinearModel_Alpha158_csi300_custom_step0_s_20260526_16,3156b2e58015419da5c3e649004bba5c,0.124,,,
1377,2026-05-26,SH601658,-0.07527041435241699,EXP_LinearModel_Alpha158_csi300_custom_step0_s_20260526_16,3156b2e58015419da5c3e649004bba5c,0.124,,,
1378,2026-05-26,SH601456,-8.320808410644531e-05,EXP_LinearModel_Alpha158_csi300_custom_step0_s_20260526_16,3156b2e58015419da5c3e649004bba5c,0.124,,,
1379,2026-05-26,SH601390,-0.008607517927885056,EXP_LinearModel_Alpha158_csi300_custom_step0_s_20260526_16,3156b2e58015419da5c3e649004bba5c,0.124,,,
1380,2026-05-26,SH601377,-0.010593228042125702,EXP_LinearModel_Alpha158_csi300_custom_step0_s_20260526_16,3156b2e58015419da5c3e649004bba5c,0.124,,,
1381,2026-05-26,SH601360,0.04130428656935692,EXP_LinearModel_Alpha158_csi300_custom_step0_s_20260526_16,3156b2e58015419da5c3e649004bba5c,0.124,,,
1382,2026-05-26,SH601336,0.05073702335357666,EXP_LinearModel_Alpha158_csi300_custom_step0_s_20260526_16,3156b2e58015419da5c3e649004bba5c,0.124,,,
1383,2026-05-26,SH601328,-0.10446519404649734,EXP_LinearModel_Alpha158_csi300_custom_step0_s_20260526_16,3156b2e58015419da5c3e649004bba5c,0.124,,,
1384,2026-05-26,SH601319,0.04737044870853424,EXP_LinearModel_Alpha158_csi300_custom_step0_s_20260526_16,3156b2e58015419da5c3e649004bba5c,0.124,,,
1385,2026-05-26,SH601398,-0.11267966032028198,EXP_LinearModel_Alpha158_csi300_custom_step0_s_20260526_16,3156b2e58015419da5c3e649004bba5c,0.124,,,
1386,2026-05-26,SH600039,-0.12811434268951416,EXP_XGBModel_Alpha158_csi300_custom_step0_s_20260526_16,3949b644f365432e8a00a748c14f7d9b,0.076,,,
1387,2026-05-26,SH601668,-0.07102914154529572,EXP_LinearModel_Alpha158_csi300_custom_step0_s_20260526_16,3156b2e58015419da5c3e649004bba5c,0.124,,,
1388,2026-05-26,SH601688,0.05948236957192421,EXP_LinearModel_Alpha158_csi300_custom_step0_s_20260526_16,3156b2e58015419da5c3e649004bba5c,0.124,,,
1389,2026-05-26,SH601872,-0.03457803279161453,EXP_LinearModel_Alpha158_csi300_custom_step0_s_20260526_16,3156b2e58015419da5c3e649004bba5c,0.124,,,
1390,2026-05-26,SH601868,-0.03275827690958977,EXP_LinearModel_Alpha158_csi300_custom_step0_s_20260526_16,3156b2e58015419da5c3e649004bba5c,0.124,,,
1391,2026-05-26,SH601857,0.06019379943609238,EXP_LinearModel_Alpha158_csi300_custom_step0_s_20260526_16,3156b2e58015419da5c3e649004bba5c,0.124,,,
1392,2026-05-26,SH601838,-0.044780973345041275,EXP_LinearModel_Alpha158_csi300_custom_step0_s_20260526_16,3156b2e58015419da5c3e649004bba5c,0.124,,,
1393,2026-05-26,SH601825,-0.14173083007335663,EXP_LinearModel_Alpha158_csi300_custom_step0_s_20260526_16,3156b2e58015419da5c3e649004bba5c,0.124,,,
1394,2026-05-26,SH601818,-0.15347377955913544,EXP_LinearModel_Alpha158_csi300_custom_step0_s_20260526_16,3156b2e58015419da5c3e649004bba5c,0.124,,,
1395,2026-05-26,SH601669,-0.028099671006202698,EXP_LinearModel_Alpha158_csi300_custom_step0_s_20260526_16,3156b2e58015419da5c3e649004bba5c,0.124,,,
1396,2026-05-26,SH601816,-0.05108597129583359,EXP_LinearModel_Alpha158_csi300_custom_step0_s_20260526_16,3156b2e58015419da5c3e649004bba5c,0.124,,,
1397,2026-05-26,SH601800,0.04469500482082367,EXP_LinearModel_Alpha158_csi300_custom_step0_s_20260526_16,3156b2e58015419da5c3e649004bba5c,0.124,,,
1398,2026-05-26,SH601788,-0.03661459684371948,EXP_LinearModel_Alpha158_csi300_custom_step0_s_20260526_16,3156b2e58015419da5c3e649004bba5c,0.124,,,
1399,2026-05-26,SH601766,-0.0904516950249672,EXP_LinearModel_Alpha158_csi300_custom_step0_s_20260526_16,3156b2e58015419da5c3e649004bba5c,0.124,,,
1400,2026-05-26,SH601728,-0.11201053112745285,EXP_LinearModel_Alpha158_csi300_custom_step0_s_20260526_16,3156b2e58015419da5c3e649004bba5c,0.124,,,
1401,2026-05-26,SH601698,-0.010369704104959965,EXP_LinearModel_Alpha158_csi300_custom_step0_s_20260526_16,3156b2e58015419da5c3e649004bba5c,0.124,,,
1402,2026-05-26,SH601689,0.12095838785171509,EXP_LinearModel_Alpha158_csi300_custom_step0_s_20260526_16,3156b2e58015419da5c3e649004bba5c,0.124,,,
1403,2026-05-26,SH601808,0.10792934149503708,EXP_LinearModel_Alpha158_csi300_custom_step0_s_20260526_16,3156b2e58015419da5c3e649004bba5c,0.124,,,
1404,2026-05-26,SH600362,0.05879051983356476,EXP_LinearModel_Alpha158_csi300_custom_step0_s_20260526_16,3156b2e58015419da5c3e649004bba5c,0.124,,,
1405,2026-05-26,SH600048,0.009422382339835167,EXP_XGBModel_Alpha158_csi300_custom_step0_s_20260526_16,3949b644f365432e8a00a748c14f7d9b,0.076,,,
1406,2026-05-26,SH600061,-0.029631659388542175,EXP_XGBModel_Alpha158_csi300_custom_step0_s_20260526_16,3949b644f365432e8a00a748c14f7d9b,0.076,,,
1407,2026-05-26,SZ000333,-0.011050375178456306,EXP_XGBModel_Alpha158_csi300_custom_step0_s_20260526_16,3949b644f365432e8a00a748c14f7d9b,0.076,,,
1408,2026-05-26,SZ000338,0.1307360827922821,EXP_XGBModel_Alpha158_csi300_custom_step0_s_20260526_16,3949b644f365432e8a00a748c14f7d9b,0.076,,,
1409,2026-05-26,SZ000408,-0.1806676685810089,EXP_XGBModel_Alpha158_csi300_custom_step0_s_20260526_16,3949b644f365432e8a00a748c14f7d9b,0.076,,,
1410,2026-05-26,SZ000425,0.027022141963243484,EXP_XGBModel_Alpha158_csi300_custom_step0_s_20260526_16,3949b644f365432e8a00a748c14f7d9b,0.076,,,
1411,2026-05-26,SZ000538,-0.05578460544347763,EXP_XGBModel_Alpha158_csi300_custom_step0_s_20260526_16,3949b644f365432e8a00a748c14f7d9b,0.076,,,
1412,2026-05-26,SZ000568,-0.02840319648385048,EXP_XGBModel_Alpha158_csi300_custom_step0_s_20260526_16,3949b644f365432e8a00a748c14f7d9b,0.076,,,
1413,2026-05-26,SZ000596,0.02079746127128601,EXP_XGBModel_Alpha158_csi300_custom_step0_s_20260526_16,3949b644f365432e8a00a748c14f7d9b,0.076,,,
1414,2026-05-26,SZ000617,-0.01799803227186203,EXP_XGBModel_Alpha158_csi300_custom_step0_s_20260526_16,3949b644f365432e8a00a748c14f7d9b,0.076,,,
1415,2026-05-26,SZ000625,0.19857241213321686,EXP_XGBModel_Alpha158_csi300_custom_step0_s_20260526_16,3949b644f365432e8a00a748c14f7d9b,0.076,,,
1416,2026-05-26,SZ000630,-0.21668514609336853,EXP_XGBModel_Alpha158_csi300_custom_step0_s_20260526_16,3949b644f365432e8a00a748c14f7d9b,0.076,,,
1417,2026-05-26,SZ000651,-0.005592726171016693,EXP_XGBModel_Alpha158_csi300_custom_step0_s_20260526_16,3949b644f365432e8a00a748c14f7d9b,0.076,,,
1418,2026-05-26,SZ000661,-0.0312829427421093,EXP_XGBModel_Alpha158_csi300_custom_step0_s_20260526_16,3949b644f365432e8a00a748c14f7d9b,0.076,,,
1419,2026-05-26,SZ000708,-0.015155678614974022,EXP_XGBModel_Alpha158_csi300_custom_step0_s_20260526_16,3949b644f365432e8a00a748c14f7d9b,0.076,,,
1420,2026-05-26,SZ000725,-0.7823691964149475,EXP_XGBModel_Alpha158_csi300_custom_step0_s_20260526_16,3949b644f365432e8a00a748c14f7d9b,0.076,,,
1421,2026-05-26,SZ000768,-0.14412672817707062,EXP_XGBModel_Alpha158_csi300_custom_step0_s_20260526_16,3949b644f365432e8a00a748c14f7d9b,0.076,,,
1422,2026-05-26,SZ000776,0.030547847971320152,EXP_XGBModel_Alpha158_csi300_custom_step0_s_20260526_16,3949b644f365432e8a00a748c14f7d9b,0.076,,,
1423,2026-05-26,SZ000786,-0.028775593265891075,EXP_XGBModel_Alpha158_csi300_custom_step0_s_20260526_16,3949b644f365432e8a00a748c14f7d9b,0.076,,,
1424,2026-05-26,SZ001979,0.02014782279729843,EXP_XGBModel_Alpha158_csi300_custom_step0_s_20260526_16,3949b644f365432e8a00a748c14f7d9b,0.076,,,
1425,2026-05-26,SZ001965,0.032933931797742844,EXP_XGBModel_Alpha158_csi300_custom_step0_s_20260526_16,3949b644f365432e8a00a748c14f7d9b,0.076,,,
1426,2026-05-26,SZ001391,-0.02847684547305107,EXP_XGBModel_Alpha158_csi300_custom_step0_s_20260526_16,3949b644f365432e8a00a748c14f7d9b,0.076,,,
1427,2026-05-26,SZ000999,-0.044262371957302094,EXP_XGBModel_Alpha158_csi300_custom_step0_s_20260526_16,3949b644f365432e8a00a748c14f7d9b,0.076,,,
1428,2026-05-26,SZ000983,0.021164201200008392,EXP_XGBModel_Alpha158_csi300_custom_step0_s_20260526_16,3949b644f365432e8a00a748c14f7d9b,0.076,,,
1429,2026-05-26,SZ000977,0.04758097603917122,EXP_XGBModel_Alpha158_csi300_custom_step0_s_20260526_16,3949b644f365432e8a00a748c14f7d9b,0.076,,,
1430,2026-05-26,SZ000301,0.04605996981263161,EXP_XGBModel_Alpha158_csi300_custom_step0_s_20260526_16,3949b644f365432e8a00a748c14f7d9b,0.076,,,
1431,2026-05-26,SZ000975,-0.12377467006444931,EXP_XGBModel_Alpha158_csi300_custom_step0_s_20260526_16,3949b644f365432e8a00a748c14f7d9b,0.076,,,
1432,2026-05-26,SZ000938,0.1540890634059906,EXP_XGBModel_Alpha158_csi300_custom_step0_s_20260526_16,3949b644f365432e8a00a748c14f7d9b,0.076,,,
1433,2026-05-26,SZ000895,0.007982195354998112,EXP_XGBModel_Alpha158_csi300_custom_step0_s_20260526_16,3949b644f365432e8a00a748c14f7d9b,0.076,,,
1434,2026-05-26,SZ000876,-0.0455499142408371,EXP_XGBModel_Alpha158_csi300_custom_step0_s_20260526_16,3949b644f365432e8a00a748c14f7d9b,0.076,,,
1435,2026-05-26,SZ000858,-0.09135936945676804,EXP_XGBModel_Alpha158_csi300_custom_step0_s_20260526_16,3949b644f365432e8a00a748c14f7d9b,0.076,,,
1436,2026-05-26,SZ000807,-0.08546116203069687,EXP_XGBModel_Alpha158_csi300_custom_step0_s_20260526_16,3949b644f365432e8a00a748c14f7d9b,0.076,,,
1437,2026-05-26,SZ000792,-0.05248931795358658,EXP_XGBModel_Alpha158_csi300_custom_step0_s_20260526_16,3949b644f365432e8a00a748c14f7d9b,0.076,,,
1438,2026-05-26,SZ000963,-0.014471466653048992,EXP_XGBModel_Alpha158_csi300_custom_step0_s_20260526_16,3949b644f365432e8a00a748c14f7d9b,0.076,,,
1439,2026-05-26,SZ002001,-0.024184387177228928,EXP_XGBModel_Alpha158_csi300_custom_step0_s_20260526_16,3949b644f365432e8a00a748c14f7d9b,0.076,,,
1440,2026-05-26,SZ000166,-0.031191058456897736,EXP_XGBModel_Alpha158_csi300_custom_step0_s_20260526_16,3949b644f365432e8a00a748c14f7d9b,0.076,,,
1441,2026-05-26,SZ000100,0.019505947828292847,EXP_XGBModel_Alpha158_csi300_custom_step0_s_20260526_16,3949b644f365432e8a00a748c14f7d9b,0.076,,,
1442,2026-05-26,SH603369,0.03289554640650749,EXP_XGBModel_Alpha158_csi300_custom_step0_s_20260526_16,3949b644f365432e8a00a748c14f7d9b,0.076,,,
1443,2026-05-26,SH603392,0.023752661421895027,EXP_XGBModel_Alpha158_csi300_custom_step0_s_20260526_16,3949b644f365432e8a00a748c14f7d9b,0.076,,,
1444,2026-05-26,SH603501,-0.05923271179199219,EXP_XGBModel_Alpha158_csi300_custom_step0_s_20260526_16,3949b644f365432e8a00a748c14f7d9b,0.076,,,
1445,2026-05-26,SH603799,0.0057272352278232574,EXP_XGBModel_Alpha158_csi300_custom_step0_s_20260526_16,3949b644f365432e8a00a748c14f7d9b,0.076,,,
1446,2026-05-26,SH603893,-0.005966507364064455,EXP_XGBModel_Alpha158_csi300_custom_step0_s_20260526_16,3949b644f365432e8a00a748c14f7d9b,0.076,,,
1447,2026-05-26,SH603986,-0.6762232184410095,EXP_XGBModel_Alpha158_csi300_custom_step0_s_20260526_16,3949b644f365432e8a00a748c14f7d9b,0.076,,,
1448,2026-05-26,SH603993,-0.20836809277534485,EXP_XGBModel_Alpha158_csi300_custom_step0_s_20260526_16,3949b644f365432e8a00a748c14f7d9b,0.076,,,
1449,2026-05-26,SH605117,0.17597444355487823,EXP_XGBModel_Alpha158_csi300_custom_step0_s_20260526_16,3949b644f365432e8a00a748c14f7d9b,0.076,,,
1450,2026-05-26,SH605499,0.0311732217669487,EXP_XGBModel_Alpha158_csi300_custom_step0_s_20260526_16,3949b644f365432e8a00a748c14f7d9b,0.076,,,
1451,2026-05-26,SH688008,-0.1982967108488083,EXP_XGBModel_Alpha158_csi300_custom_step0_s_20260526_16,3949b644f365432e8a00a748c14f7d9b,0.076,,,
1452,2026-05-26,SH688009,-0.04432595521211624,EXP_XGBModel_Alpha158_csi300_custom_step0_s_20260526_16,3949b644f365432e8a00a748c14f7d9b,0.076,,,
1453,2026-05-26,SH688012,-0.08232951909303665,EXP_XGBModel_Alpha158_csi300_custom_step0_s_20260526_16,3949b644f365432e8a00a748c14f7d9b,0.076,,,
1454,2026-05-26,SH688036,0.26798921823501587,EXP_XGBModel_Alpha158_csi300_custom_step0_s_20260526_16,3949b644f365432e8a00a748c14f7d9b,0.076,,,
1455,2026-05-26,SH688041,-0.3435106873512268,EXP_XGBModel_Alpha158_csi300_custom_step0_s_20260526_16,3949b644f365432e8a00a748c14f7d9b,0.076,,,
1456,2026-05-26,SH688047,0.11993180215358734,EXP_XGBModel_Alpha158_csi300_custom_step0_s_20260526_16,3949b644f365432e8a00a748c14f7d9b,0.076,,,
1457,2026-05-26,SH688082,-0.46744710206985474,EXP_XGBModel_Alpha158_csi300_custom_step0_s_20260526_16,3949b644f365432e8a00a748c14f7d9b,0.076,,,
1458,2026-05-26,SH688111,0.0006232909508980811,EXP_XGBModel_Alpha158_csi300_custom_step0_s_20260526_16,3949b644f365432e8a00a748c14f7d9b,0.076,,,
1459,2026-05-26,SZ000063,0.018908236175775528,EXP_XGBModel_Alpha158_csi300_custom_step0_s_20260526_16,3949b644f365432e8a00a748c14f7d9b,0.076,,,
1460,2026-05-26,SZ000002,0.22662603855133057,EXP_XGBModel_Alpha158_csi300_custom_step0_s_20260526_16,3949b644f365432e8a00a748c14f7d9b,0.076,,,
1461,2026-05-26,SZ000001,-0.02670714631676674,EXP_XGBModel_Alpha158_csi300_custom_step0_s_20260526_16,3949b644f365432e8a00a748c14f7d9b,0.076,,,
1462,2026-05-26,SH688981,-0.16056497395038605,EXP_XGBModel_Alpha158_csi300_custom_step0_s_20260526_16,3949b644f365432e8a00a748c14f7d9b,0.076,,,
1463,2026-05-26,SH688506,0.3913433253765106,EXP_XGBModel_Alpha158_csi300_custom_step0_s_20260526_16,3949b644f365432e8a00a748c14f7d9b,0.076,,,
1464,2026-05-26,SH688472,0.007712073158472776,EXP_XGBModel_Alpha158_csi300_custom_step0_s_20260526_16,3949b644f365432e8a00a748c14f7d9b,0.076,,,
1465,2026-05-26,SZ000157,-0.009769190102815628,EXP_XGBModel_Alpha158_csi300_custom_step0_s_20260526_16,3949b644f365432e8a00a748c14f7d9b,0.076,,,
1466,2026-05-26,SH688396,0.3208828568458557,EXP_XGBModel_Alpha158_csi300_custom_step0_s_20260526_16,3949b644f365432e8a00a748c14f7d9b,0.076,,,
1467,2026-05-26,SH688271,-0.0185093954205513,EXP_XGBModel_Alpha158_csi300_custom_step0_s_20260526_16,3949b644f365432e8a00a748c14f7d9b,0.076,,,
1468,2026-05-26,SH688256,0.25652840733528137,EXP_XGBModel_Alpha158_csi300_custom_step0_s_20260526_16,3949b644f365432e8a00a748c14f7d9b,0.076,,,
1469,2026-05-26,SH688223,0.0603083111345768,EXP_XGBModel_Alpha158_csi300_custom_step0_s_20260526_16,3949b644f365432e8a00a748c14f7d9b,0.076,,,
1470,2026-05-26,SH688187,-0.06254252791404724,EXP_XGBModel_Alpha158_csi300_custom_step0_s_20260526_16,3949b644f365432e8a00a748c14f7d9b,0.076,,,
1471,2026-05-26,SH688169,0.057386379688978195,EXP_XGBModel_Alpha158_csi300_custom_step0_s_20260526_16,3949b644f365432e8a00a748c14f7d9b,0.076,,,
1472,2026-05-26,SH688126,0.6850195527076721,EXP_XGBModel_Alpha158_csi300_custom_step0_s_20260526_16,3949b644f365432e8a00a748c14f7d9b,0.076,,,
1473,2026-05-26,SH688303,0.10821638256311417,EXP_XGBModel_Alpha158_csi300_custom_step0_s_20260526_16,3949b644f365432e8a00a748c14f7d9b,0.076,,,
1474,2026-05-26,SH603296,0.10277168452739716,EXP_XGBModel_Alpha158_csi300_custom_step0_s_20260526_16,3949b644f365432e8a00a748c14f7d9b,0.076,,,
1475,2026-05-26,SZ002027,-0.03845716640353203,EXP_XGBModel_Alpha158_csi300_custom_step0_s_20260526_16,3949b644f365432e8a00a748c14f7d9b,0.076,,,
1476,2026-05-26,SZ002049,0.0036519572604447603,EXP_XGBModel_Alpha158_csi300_custom_step0_s_20260526_16,3949b644f365432e8a00a748c14f7d9b,0.076,,,
1477,2026-05-26,SZ300033,-0.014745764434337616,EXP_XGBModel_Alpha158_csi300_custom_step0_s_20260526_16,3949b644f365432e8a00a748c14f7d9b,0.076,,,
1478,2026-05-26,SZ300059,-0.0067938948050141335,EXP_XGBModel_Alpha158_csi300_custom_step0_s_20260526_16,3949b644f365432e8a00a748c14f7d9b,0.076,,,
1479,2026-05-26,SZ300122,0.10262610763311386,EXP_XGBModel_Alpha158_csi300_custom_step0_s_20260526_16,3949b644f365432e8a00a748c14f7d9b,0.076,,,
1480,2026-05-26,SZ300124,0.09304966032505035,EXP_XGBModel_Alpha158_csi300_custom_step0_s_20260526_16,3949b644f365432e8a00a748c14f7d9b,0.076,,,
1481,2026-05-26,SZ300251,0.2811804711818695,EXP_XGBModel_Alpha158_csi300_custom_step0_s_20260526_16,3949b644f365432e8a00a748c14f7d9b,0.076,,,
1482,2026-05-26,SZ300274,0.16819600760936737,EXP_XGBModel_Alpha158_csi300_custom_step0_s_20260526_16,3949b644f365432e8a00a748c14f7d9b,0.076,,,
1483,2026-05-26,SZ300308,0.5356532335281372,EXP_XGBModel_Alpha158_csi300_custom_step0_s_20260526_16,3949b644f365432e8a00a748c14f7d9b,0.076,,,
1484,2026-05-26,SZ300316,-0.33796292543411255,EXP_XGBModel_Alpha158_csi300_custom_step0_s_20260526_16,3949b644f365432e8a00a748c14f7d9b,0.076,,,
1485,2026-05-26,SZ300347,0.2884305715560913,EXP_XGBModel_Alpha158_csi300_custom_step0_s_20260526_16,3949b644f365432e8a00a748c14f7d9b,0.076,,,
1486,2026-05-26,SZ300394,-0.1658201515674591,EXP_XGBModel_Alpha158_csi300_custom_step0_s_20260526_16,3949b644f365432e8a00a748c14f7d9b,0.076,,,
1487,2026-05-26,SZ300408,-0.17645305395126343,EXP_XGBModel_Alpha158_csi300_custom_step0_s_20260526_16,3949b644f365432e8a00a748c14f7d9b,0.076,,,
1488,2026-05-26,SZ300413,0.10566455870866776,EXP_XGBModel_Alpha158_csi300_custom_step0_s_20260526_16,3949b644f365432e8a00a748c14f7d9b,0.076,,,
1489,2026-05-26,SZ300418,0.007505638524889946,EXP_XGBModel_Alpha158_csi300_custom_step0_s_20260526_16,3949b644f365432e8a00a748c14f7d9b,0.076,,,
1490,2026-05-26,SZ300433,0.3023536205291748,EXP_XGBModel_Alpha158_csi300_custom_step0_s_20260526_16,3949b644f365432e8a00a748c14f7d9b,0.076,,,
1491,2026-05-26,SZ300442,0.07384096086025238,EXP_XGBModel_Alpha158_csi300_custom_step0_s_20260526_16,3949b644f365432e8a00a748c14f7d9b,0.076,,,
1492,2026-05-26,SZ300476,0.12795640528202057,EXP_XGBModel_Alpha158_csi300_custom_step0_s_20260526_16,3949b644f365432e8a00a748c14f7d9b,0.076,,,
1493,2026-05-26,SZ300498,0.05108550190925598,EXP_XGBModel_Alpha158_csi300_custom_step0_s_20260526_16,3949b644f365432e8a00a748c14f7d9b,0.076,,,
1494,2026-05-26,SZ301236,0.13962799310684204,EXP_XGBModel_Alpha158_csi300_custom_step0_s_20260526_16,3949b644f365432e8a00a748c14f7d9b,0.076,,,
1495,2026-05-26,SZ300999,0.03304055705666542,EXP_XGBModel_Alpha158_csi300_custom_step0_s_20260526_16,3949b644f365432e8a00a748c14f7d9b,0.076,,,
1496,2026-05-26,SZ300979,-0.06062833592295647,EXP_XGBModel_Alpha158_csi300_custom_step0_s_20260526_16,3949b644f365432e8a00a748c14f7d9b,0.076,,,
1497,2026-05-26,SZ300896,0.17036838829517365,EXP_XGBModel_Alpha158_csi300_custom_step0_s_20260526_16,3949b644f365432e8a00a748c14f7d9b,0.076,,,
1498,2026-05-26,SZ300866,0.03059651143848896,EXP_XGBModel_Alpha158_csi300_custom_step0_s_20260526_16,3949b644f365432e8a00a748c14f7d9b,0.076,,,
1499,2026-05-26,SZ300832,0.030736776068806648,EXP_XGBModel_Alpha158_csi300_custom_step0_s_20260526_16,3949b644f365432e8a00a748c14f7d9b,0.076,,,
1500,2026-05-26,SZ300015,-0.0669763907790184,EXP_XGBModel_Alpha158_csi300_custom_step0_s_20260526_16,3949b644f365432e8a00a748c14f7d9b,0.076,,,
1501,2026-05-26,SZ300803,-0.016673553735017776,EXP_XGBModel_Alpha158_csi300_custom_step0_s_20260526_16,3949b644f365432e8a00a748c14f7d9b,0.076,,,
1502,2026-05-26,SZ300760,-0.026921259239315987,EXP_XGBModel_Alpha158_csi300_custom_step0_s_20260526_16,3949b644f365432e8a00a748c14f7d9b,0.076,,,
1503,2026-05-26,SZ300759,0.04185048118233681,EXP_XGBModel_Alpha158_csi300_custom_step0_s_20260526_16,3949b644f365432e8a00a748c14f7d9b,0.076,,,
1504,2026-05-26,SZ300750,-0.0291095320135355,EXP_XGBModel_Alpha158_csi300_custom_step0_s_20260526_16,3949b644f365432e8a00a748c14f7d9b,0.076,,,
1505,2026-05-26,SZ300661,-0.4572872519493103,EXP_XGBModel_Alpha158_csi300_custom_step0_s_20260526_16,3949b644f365432e8a00a748c14f7d9b,0.076,,,
1506,2026-05-26,SZ300628,0.02162536233663559,EXP_XGBModel_Alpha158_csi300_custom_step0_s_20260526_16,3949b644f365432e8a00a748c14f7d9b,0.076,,,
1507,2026-05-26,SZ300502,-0.2971617579460144,EXP_XGBModel_Alpha158_csi300_custom_step0_s_20260526_16,3949b644f365432e8a00a748c14f7d9b,0.076,,,
1508,2026-05-26,SZ300782,0.22365370392799377,EXP_XGBModel_Alpha158_csi300_custom_step0_s_20260526_16,3949b644f365432e8a00a748c14f7d9b,0.076,,,
1509,2026-05-26,SZ002028,0.06224876269698143,EXP_XGBModel_Alpha158_csi300_custom_step0_s_20260526_16,3949b644f365432e8a00a748c14f7d9b,0.076,,,
1510,2026-05-26,SZ300014,0.014934847131371498,EXP_XGBModel_Alpha158_csi300_custom_step0_s_20260526_16,3949b644f365432e8a00a748c14f7d9b,0.076,,,
1511,2026-05-26,SZ002938,0.4544588327407837,EXP_XGBModel_Alpha158_csi300_custom_step0_s_20260526_16,3949b644f365432e8a00a748c14f7d9b,0.076,,,
1512,2026-05-26,SZ002050,0.09116771072149277,EXP_XGBModel_Alpha158_csi300_custom_step0_s_20260526_16,3949b644f365432e8a00a748c14f7d9b,0.076,,,
1513,2026-05-26,SZ002074,-0.021768881008028984,EXP_XGBModel_Alpha158_csi300_custom_step0_s_20260526_16,3949b644f365432e8a00a748c14f7d9b,0.076,,,
1514,2026-05-26,SZ002142,-0.03169148787856102,EXP_XGBModel_Alpha158_csi300_custom_step0_s_20260526_16,3949b644f365432e8a00a748c14f7d9b,0.076,,,
1515,2026-05-26,SZ002179,0.11212363839149475,EXP_XGBModel_Alpha158_csi300_custom_step0_s_20260526_16,3949b644f365432e8a00a748c14f7d9b,0.076,,,
1516,2026-05-26,SZ002230,-0.006638492923229933,EXP_XGBModel_Alpha158_csi300_custom_step0_s_20260526_16,3949b644f365432e8a00a748c14f7d9b,0.076,,,
1517,2026-05-26,SZ002236,-0.013070481829345226,EXP_XGBModel_Alpha158_csi300_custom_step0_s_20260526_16,3949b644f365432e8a00a748c14f7d9b,0.076,,,
1518,2026-05-26,SZ002241,-0.047793298959732056,EXP_XGBModel_Alpha158_csi300_custom_step0_s_20260526_16,3949b644f365432e8a00a748c14f7d9b,0.076,,,
1519,2026-05-26,SZ002252,-0.0302474033087492,EXP_XGBModel_Alpha158_csi300_custom_step0_s_20260526_16,3949b644f365432e8a00a748c14f7d9b,0.076,,,
1520,2026-05-26,SZ002304,0.1255103200674057,EXP_XGBModel_Alpha158_csi300_custom_step0_s_20260526_16,3949b644f365432e8a00a748c14f7d9b,0.076,,,
1521,2026-05-26,SZ002311,-0.021565236151218414,EXP_XGBModel_Alpha158_csi300_custom_step0_s_20260526_16,3949b644f365432e8a00a748c14f7d9b,0.076,,,
1522,2026-05-26,SZ002352,-0.013935116119682789,EXP_XGBModel_Alpha158_csi300_custom_step0_s_20260526_16,3949b644f365432e8a00a748c14f7d9b,0.076,,,
1523,2026-05-26,SZ002371,0.17967426776885986,EXP_XGBModel_Alpha158_csi300_custom_step0_s_20260526_16,3949b644f365432e8a00a748c14f7d9b,0.076,,,
1524,2026-05-26,SZ002384,0.9859024286270142,EXP_XGBModel_Alpha158_csi300_custom_step0_s_20260526_16,3949b644f365432e8a00a748c14f7d9b,0.076,,,
1525,2026-05-26,SZ002415,0.052647121250629425,EXP_XGBModel_Alpha158_csi300_custom_step0_s_20260526_16,3949b644f365432e8a00a748c14f7d9b,0.076,,,
1526,2026-05-26,SZ002422,0.02374773658812046,EXP_XGBModel_Alpha158_csi300_custom_step0_s_20260526_16,3949b644f365432e8a00a748c14f7d9b,0.076,,,
1527,2026-05-26,SZ002459,0.08942903578281403,EXP_XGBModel_Alpha158_csi300_custom_step0_s_20260526_16,3949b644f365432e8a00a748c14f7d9b,0.076,,,
1528,2026-05-26,SZ002460,-0.019133493304252625,EXP_XGBModel_Alpha158_csi300_custom_step0_s_20260526_16,3949b644f365432e8a00a748c14f7d9b,0.076,,,
1529,2026-05-26,SZ002920,0.0891425758600235,EXP_XGBModel_Alpha158_csi300_custom_step0_s_20260526_16,3949b644f365432e8a00a748c14f7d9b,0.076,,,
1530,2026-05-26,SZ002916,-0.47333967685699463,EXP_XGBModel_Alpha158_csi300_custom_step0_s_20260526_16,3949b644f365432e8a00a748c14f7d9b,0.076,,,
1531,2026-05-26,SZ002736,-0.03721330687403679,EXP_XGBModel_Alpha158_csi300_custom_step0_s_20260526_16,3949b644f365432e8a00a748c14f7d9b,0.076,,,
1532,2026-05-26,SZ002714,-0.016907459124922752,EXP_XGBModel_Alpha158_csi300_custom_step0_s_20260526_16,3949b644f365432e8a00a748c14f7d9b,0.076,,,
1533,2026-05-26,SZ002709,0.16248489916324615,EXP_XGBModel_Alpha158_csi300_custom_step0_s_20260526_16,3949b644f365432e8a00a748c14f7d9b,0.076,,,
1534,2026-05-26,SZ002648,0.17118477821350098,EXP_XGBModel_Alpha158_csi300_custom_step0_s_20260526_16,3949b644f365432e8a00a748c14f7d9b,0.076,,,
1535,2026-05-26,SZ003816,-0.01141856424510479,EXP_XGBModel_Alpha158_csi300_custom_step0_s_20260526_16,3949b644f365432e8a00a748c14f7d9b,0.076,,,
1536,2026-05-26,SZ002625,0.023066604509949684,EXP_XGBModel_Alpha158_csi300_custom_step0_s_20260526_16,3949b644f365432e8a00a748c14f7d9b,0.076,,,
1537,2026-05-26,SZ002600,0.04984703287482262,EXP_XGBModel_Alpha158_csi300_custom_step0_s_20260526_16,3949b644f365432e8a00a748c14f7d9b,0.076,,,
1538,2026-05-26,SZ002594,-0.004255359992384911,EXP_XGBModel_Alpha158_csi300_custom_step0_s_20260526_16,3949b644f365432e8a00a748c14f7d9b,0.076,,,
1539,2026-05-26,SZ002493,-0.047077033668756485,EXP_XGBModel_Alpha158_csi300_custom_step0_s_20260526_16,3949b644f365432e8a00a748c14f7d9b,0.076,,,
1540,2026-05-26,SZ002475,0.2032998949289322,EXP_XGBModel_Alpha158_csi300_custom_step0_s_20260526_16,3949b644f365432e8a00a748c14f7d9b,0.076,,,
1541,2026-05-26,SZ002466,0.04034239426255226,EXP_XGBModel_Alpha158_csi300_custom_step0_s_20260526_16,3949b644f365432e8a00a748c14f7d9b,0.076,,,
1542,2026-05-26,SZ002463,0.11067581921815872,EXP_XGBModel_Alpha158_csi300_custom_step0_s_20260526_16,3949b644f365432e8a00a748c14f7d9b,0.076,,,
1543,2026-05-26,SZ002601,0.14798694849014282,EXP_XGBModel_Alpha158_csi300_custom_step0_s_20260526_16,3949b644f365432e8a00a748c14f7d9b,0.076,,,
1544,2026-05-26,SH603288,-0.045248843729496,EXP_XGBModel_Alpha158_csi300_custom_step0_s_20260526_16,3949b644f365432e8a00a748c14f7d9b,0.076,,,
1545,2026-05-26,SH603260,0.033926863223314285,EXP_XGBModel_Alpha158_csi300_custom_step0_s_20260526_16,3949b644f365432e8a00a748c14f7d9b,0.076,,,
1546,2026-05-26,SH603259,0.0010397587902843952,EXP_XGBModel_Alpha158_csi300_custom_step0_s_20260526_16,3949b644f365432e8a00a748c14f7d9b,0.076,,,
1547,2026-05-26,SH600585,-0.02567422017455101,EXP_XGBModel_Alpha158_csi300_custom_step0_s_20260526_16,3949b644f365432e8a00a748c14f7d9b,0.076,,,
1548,2026-05-26,SH600588,0.05094442516565323,EXP_XGBModel_Alpha158_csi300_custom_step0_s_20260526_16,3949b644f365432e8a00a748c14f7d9b,0.076,,,
1549,2026-05-26,SH600600,0.0042647020891308784,EXP_XGBModel_Alpha158_csi300_custom_step0_s_20260526_16,3949b644f365432e8a00a748c14f7d9b,0.076,,,
1550,2026-05-26,SH600660,-0.05379704385995865,EXP_XGBModel_Alpha158_csi300_custom_step0_s_20260526_16,3949b644f365432e8a00a748c14f7d9b,0.076,,,
1551,2026-05-26,SH600674,0.004301523789763451,EXP_XGBModel_Alpha158_csi300_custom_step0_s_20260526_16,3949b644f365432e8a00a748c14f7d9b,0.076,,,
1552,2026-05-26,SH600690,-0.009573899209499359,EXP_XGBModel_Alpha158_csi300_custom_step0_s_20260526_16,3949b644f365432e8a00a748c14f7d9b,0.076,,,
1553,2026-05-26,SH600741,0.031144902110099792,EXP_XGBModel_Alpha158_csi300_custom_step0_s_20260526_16,3949b644f365432e8a00a748c14f7d9b,0.076,,,
1554,2026-05-26,SH600760,-0.02492743730545044,EXP_XGBModel_Alpha158_csi300_custom_step0_s_20260526_16,3949b644f365432e8a00a748c14f7d9b,0.076,,,
1555,2026-05-26,SH600795,-0.0027995267882943153,EXP_XGBModel_Alpha158_csi300_custom_step0_s_20260526_16,3949b644f365432e8a00a748c14f7d9b,0.076,,,
1556,2026-05-26,SH600803,0.004342102445662022,EXP_XGBModel_Alpha158_csi300_custom_step0_s_20260526_16,3949b644f365432e8a00a748c14f7d9b,0.076,,,
1557,2026-05-26,SH600809,-0.031174851581454277,EXP_XGBModel_Alpha158_csi300_custom_step0_s_20260526_16,3949b644f365432e8a00a748c14f7d9b,0.076,,,
1558,2026-05-26,SH600845,-0.05212695896625519,EXP_XGBModel_Alpha158_csi300_custom_step0_s_20260526_16,3949b644f365432e8a00a748c14f7d9b,0.076,,,
1559,2026-05-26,SH600875,0.010266605764627457,EXP_XGBModel_Alpha158_csi300_custom_step0_s_20260526_16,3949b644f365432e8a00a748c14f7d9b,0.076,,,
1560,2026-05-26,SH600886,-0.0034743351861834526,EXP_XGBModel_Alpha158_csi300_custom_step0_s_20260526_16,3949b644f365432e8a00a748c14f7d9b,0.076,,,
1561,2026-05-26,SH600887,-0.0012519753072410822,EXP_XGBModel_Alpha158_csi300_custom_step0_s_20260526_16,3949b644f365432e8a00a748c14f7d9b,0.076,,,
1562,2026-05-26,SH600893,0.06936822086572647,EXP_XGBModel_Alpha158_csi300_custom_step0_s_20260526_16,3949b644f365432e8a00a748c14f7d9b,0.076,,,
1563,2026-05-26,SH600900,-0.0028607207350432873,EXP_XGBModel_Alpha158_csi300_custom_step0_s_20260526_16,3949b644f365432e8a00a748c14f7d9b,0.076,,,
1564,2026-05-26,SH601018,-0.06409606337547302,EXP_XGBModel_Alpha158_csi300_custom_step0_s_20260526_16,3949b644f365432e8a00a748c14f7d9b,0.076,,,
1565,2026-05-26,SH601012,0.03769839555025101,EXP_XGBModel_Alpha158_csi300_custom_step0_s_20260526_16,3949b644f365432e8a00a748c14f7d9b,0.076,,,
1566,2026-05-26,SH601009,-0.05901150405406952,EXP_XGBModel_Alpha158_csi300_custom_step0_s_20260526_16,3949b644f365432e8a00a748c14f7d9b,0.076,,,
1567,2026-05-26,SH601006,-0.020083632320165634,EXP_XGBModel_Alpha158_csi300_custom_step0_s_20260526_16,3949b644f365432e8a00a748c14f7d9b,0.076,,,
1568,2026-05-26,SH600999,0.04148026555776596,EXP_XGBModel_Alpha158_csi300_custom_step0_s_20260526_16,3949b644f365432e8a00a748c14f7d9b,0.076,,,
1569,2026-05-26,SH600989,0.17016808688640594,EXP_XGBModel_Alpha158_csi300_custom_step0_s_20260526_16,3949b644f365432e8a00a748c14f7d9b,0.076,,,
1570,2026-05-26,SH600584,-0.6590825319290161,EXP_XGBModel_Alpha158_csi300_custom_step0_s_20260526_16,3949b644f365432e8a00a748c14f7d9b,0.076,,,
1571,2026-05-26,SH600958,0.000104549340903759,EXP_XGBModel_Alpha158_csi300_custom_step0_s_20260526_16,3949b644f365432e8a00a748c14f7d9b,0.076,,,
1572,2026-05-26,SH600938,-0.0058379340916872025,EXP_XGBModel_Alpha158_csi300_custom_step0_s_20260526_16,3949b644f365432e8a00a748c14f7d9b,0.076,,,
1573,2026-05-26,SH600930,0.001492808572947979,EXP_XGBModel_Alpha158_csi300_custom_step0_s_20260526_16,3949b644f365432e8a00a748c14f7d9b,0.076,,,
1574,2026-05-26,SH600926,-0.040291450917720795,EXP_XGBModel_Alpha158_csi300_custom_step0_s_20260526_16,3949b644f365432e8a00a748c14f7d9b,0.076,,,
1575,2026-05-26,SH600919,-0.03284509479999542,EXP_XGBModel_Alpha158_csi300_custom_step0_s_20260526_16,3949b644f365432e8a00a748c14f7d9b,0.076,,,
1576,2026-05-26,SH600918,-0.030790789052844048,EXP_XGBModel_Alpha158_csi300_custom_step0_s_20260526_16,3949b644f365432e8a00a748c14f7d9b,0.076,,,
1577,2026-05-26,SH600905,-0.030200637876987457,EXP_XGBModel_Alpha158_csi300_custom_step0_s_20260526_16,3949b644f365432e8a00a748c14f7d9b,0.076,,,
1578,2026-05-26,SH600941,-0.007237707264721394,EXP_XGBModel_Alpha158_csi300_custom_step0_s_20260526_16,3949b644f365432e8a00a748c14f7d9b,0.076,,,
1579,2026-05-26,SH601021,-0.02777979150414467,EXP_XGBModel_Alpha158_csi300_custom_step0_s_20260526_16,3949b644f365432e8a00a748c14f7d9b,0.076,,,
1580,2026-05-26,SH600570,-0.024754757061600685,EXP_XGBModel_Alpha158_csi300_custom_step0_s_20260526_16,3949b644f365432e8a00a748c14f7d9b,0.076,,,
1581,2026-05-26,SH600522,0.2855931222438812,EXP_XGBModel_Alpha158_csi300_custom_step0_s_20260526_16,3949b644f365432e8a00a748c14f7d9b,0.076,,,
1582,2026-05-26,SH600066,-0.00678282231092453,EXP_XGBModel_Alpha158_csi300_custom_step0_s_20260526_16,3949b644f365432e8a00a748c14f7d9b,0.076,,,
1583,2026-05-26,SH600085,-0.043591853231191635,EXP_XGBModel_Alpha158_csi300_custom_step0_s_20260526_16,3949b644f365432e8a00a748c14f7d9b,0.076,,,
1584,2026-05-26,SH600089,-0.02059890516102314,EXP_XGBModel_Alpha158_csi300_custom_step0_s_20260526_16,3949b644f365432e8a00a748c14f7d9b,0.076,,,
1585,2026-05-26,SH600104,-0.08473031222820282,EXP_XGBModel_Alpha158_csi300_custom_step0_s_20260526_16,3949b644f365432e8a00a748c14f7d9b,0.076,,,
1586,2026-05-26,SH600111,-0.02468949183821678,EXP_XGBModel_Alpha158_csi300_custom_step0_s_20260526_16,3949b644f365432e8a00a748c14f7d9b,0.076,,,
1587,2026-05-26,SH600115,0.011371729895472527,EXP_XGBModel_Alpha158_csi300_custom_step0_s_20260526_16,3949b644f365432e8a00a748c14f7d9b,0.076,,,
1588,2026-05-26,SH600150,-0.10399360954761505,EXP_XGBModel_Alpha158_csi300_custom_step0_s_20260526_16,3949b644f365432e8a00a748c14f7d9b,0.076,,,
1589,2026-05-26,SH600160,0.04784376919269562,EXP_XGBModel_Alpha158_csi300_custom_step0_s_20260526_16,3949b644f365432e8a00a748c14f7d9b,0.076,,,
1590,2026-05-26,SH600161,-0.05925767868757248,EXP_XGBModel_Alpha158_csi300_custom_step0_s_20260526_16,3949b644f365432e8a00a748c14f7d9b,0.076,,,
1591,2026-05-26,SH600176,0.21993717551231384,EXP_XGBModel_Alpha158_csi300_custom_step0_s_20260526_16,3949b644f365432e8a00a748c14f7d9b,0.076,,,
1592,2026-05-26,SH600183,0.34009572863578796,EXP_XGBModel_Alpha158_csi300_custom_step0_s_20260526_16,3949b644f365432e8a00a748c14f7d9b,0.076,,,
1593,2026-05-26,SH600188,0.03673911839723587,EXP_XGBModel_Alpha158_csi300_custom_step0_s_20260526_16,3949b644f365432e8a00a748c14f7d9b,0.076,,,
1594,2026-05-26,SH600196,-0.03641442209482193,EXP_XGBModel_Alpha158_csi300_custom_step0_s_20260526_16,3949b644f365432e8a00a748c14f7d9b,0.076,,,
1595,2026-05-26,SH600219,-0.00606186967343092,EXP_XGBModel_Alpha158_csi300_custom_step0_s_20260526_16,3949b644f365432e8a00a748c14f7d9b,0.076,,,
1596,2026-05-26,SH600233,-0.0640118196606636,EXP_XGBModel_Alpha158_csi300_custom_step0_s_20260526_16,3949b644f365432e8a00a748c14f7d9b,0.076,,,
1597,2026-05-26,SH600276,-0.016937462612986565,EXP_XGBModel_Alpha158_csi300_custom_step0_s_20260526_16,3949b644f365432e8a00a748c14f7d9b,0.076,,,
1598,2026-05-26,SH600309,0.01266738772392273,EXP_XGBModel_Alpha158_csi300_custom_step0_s_20260526_16,3949b644f365432e8a00a748c14f7d9b,0.076,,,
1599,2026-05-26,SH600519,-0.06497535854578018,EXP_XGBModel_Alpha158_csi300_custom_step0_s_20260526_16,3949b644f365432e8a00a748c14f7d9b,0.076,,,
1600,2026-05-26,SH600515,0.014080914668738842,EXP_XGBModel_Alpha158_csi300_custom_step0_s_20260526_16,3949b644f365432e8a00a748c14f7d9b,0.076,,,
1601,2026-05-26,SH600489,-0.019278645515441895,EXP_XGBModel_Alpha158_csi300_custom_step0_s_20260526_16,3949b644f365432e8a00a748c14f7d9b,0.076,,,
1602,2026-05-26,SH600482,0.02354743517935276,EXP_XGBModel_Alpha158_csi300_custom_step0_s_20260526_16,3949b644f365432e8a00a748c14f7d9b,0.076,,,
1603,2026-05-26,SH600460,0.258968323469162,EXP_XGBModel_Alpha158_csi300_custom_step0_s_20260526_16,3949b644f365432e8a00a748c14f7d9b,0.076,,,
1604,2026-05-26,SH600438,-0.0272714551538229,EXP_XGBModel_Alpha158_csi300_custom_step0_s_20260526_16,3949b644f365432e8a00a748c14f7d9b,0.076,,,
1605,2026-05-26,SH600547,-0.24336707592010498,EXP_XGBModel_Alpha158_csi300_custom_step0_s_20260526_16,3949b644f365432e8a00a748c14f7d9b,0.076,,,
1606,2026-05-26,SH600436,-0.006029501557350159,EXP_XGBModel_Alpha158_csi300_custom_step0_s_20260526_16,3949b644f365432e8a00a748c14f7d9b,0.076,,,
1607,2026-05-26,SH600415,-0.025851916521787643,EXP_XGBModel_Alpha158_csi300_custom_step0_s_20260526_16,3949b644f365432e8a00a748c14f7d9b,0.076,,,
1608,2026-05-26,SH600406,-0.05960514768958092,EXP_XGBModel_Alpha158_csi300_custom_step0_s_20260526_16,3949b644f365432e8a00a748c14f7d9b,0.076,,,
1609,2026-05-26,SH600377,0.018156714737415314,EXP_XGBModel_Alpha158_csi300_custom_step0_s_20260526_16,3949b644f365432e8a00a748c14f7d9b,0.076,,,
1610,2026-05-26,SH600372,0.01457210909575224,EXP_XGBModel_Alpha158_csi300_custom_step0_s_20260526_16,3949b644f365432e8a00a748c14f7d9b,0.076,,,
1611,2026-05-26,SH600362,0.02413192205131054,EXP_XGBModel_Alpha158_csi300_custom_step0_s_20260526_16,3949b644f365432e8a00a748c14f7d9b,0.076,,,
1612,2026-05-26,SH600346,0.05777456611394882,EXP_XGBModel_Alpha158_csi300_custom_step0_s_20260526_16,3949b644f365432e8a00a748c14f7d9b,0.076,,,
1613,2026-05-26,SH600426,0.11012374609708786,EXP_XGBModel_Alpha158_csi300_custom_step0_s_20260526_16,3949b644f365432e8a00a748c14f7d9b,0.076,,,
1614,2026-05-26,SH601058,-0.03303935378789902,EXP_XGBModel_Alpha158_csi300_custom_step0_s_20260526_16,3949b644f365432e8a00a748c14f7d9b,0.076,,,
1615,2026-05-26,SH601059,-0.005725890398025513,EXP_XGBModel_Alpha158_csi300_custom_step0_s_20260526_16,3949b644f365432e8a00a748c14f7d9b,0.076,,,
1616,2026-05-26,SH601066,-0.023280050605535507,EXP_XGBModel_Alpha158_csi300_custom_step0_s_20260526_16,3949b644f365432e8a00a748c14f7d9b,0.076,,,
1617,2026-05-26,SH601688,-0.01641818881034851,EXP_XGBModel_Alpha158_csi300_custom_step0_s_20260526_16,3949b644f365432e8a00a748c14f7d9b,0.076,,,
1618,2026-05-26,SH601689,0.10515088587999344,EXP_XGBModel_Alpha158_csi300_custom_step0_s_20260526_16,3949b644f365432e8a00a748c14f7d9b,0.076,,,
1619,2026-05-26,SH601698,0.013403876684606075,EXP_XGBModel_Alpha158_csi300_custom_step0_s_20260526_16,3949b644f365432e8a00a748c14f7d9b,0.076,,,
1620,2026-05-26,SH601728,-0.0166158564388752,EXP_XGBModel_Alpha158_csi300_custom_step0_s_20260526_16,3949b644f365432e8a00a748c14f7d9b,0.076,,,
1621,2026-05-26,SH601766,-0.033256325870752335,EXP_XGBModel_Alpha158_csi300_custom_step0_s_20260526_16,3949b644f365432e8a00a748c14f7d9b,0.076,,,
1622,2026-05-26,SH601788,0.031070271506905556,EXP_XGBModel_Alpha158_csi300_custom_step0_s_20260526_16,3949b644f365432e8a00a748c14f7d9b,0.076,,,
1623,2026-05-26,SH601800,0.08501602709293365,EXP_XGBModel_Alpha158_csi300_custom_step0_s_20260526_16,3949b644f365432e8a00a748c14f7d9b,0.076,,,
1624,2026-05-26,SH601808,0.12272781878709793,EXP_XGBModel_Alpha158_csi300_custom_step0_s_20260526_16,3949b644f365432e8a00a748c14f7d9b,0.076,,,
1625,2026-05-26,SH601816,-0.039515893906354904,EXP_XGBModel_Alpha158_csi300_custom_step0_s_20260526_16,3949b644f365432e8a00a748c14f7d9b,0.076,,,
1626,2026-05-26,SH601818,-0.05814746022224426,EXP_XGBModel_Alpha158_csi300_custom_step0_s_20260526_16,3949b644f365432e8a00a748c14f7d9b,0.076,,,
1627,2026-05-26,SH601825,-0.03279293701052666,EXP_XGBModel_Alpha158_csi300_custom_step0_s_20260526_16,3949b644f365432e8a00a748c14f7d9b,0.076,,,
1628,2026-05-26,SH601838,-0.0005430875462479889,EXP_XGBModel_Alpha158_csi300_custom_step0_s_20260526_16,3949b644f365432e8a00a748c14f7d9b,0.076,,,
1629,2026-05-26,SH601857,-0.0008511539199389517,EXP_XGBModel_Alpha158_csi300_custom_step0_s_20260526_16,3949b644f365432e8a00a748c14f7d9b,0.076,,,
1630,2026-05-26,SH601868,-0.04235624894499779,EXP_XGBModel_Alpha158_csi300_custom_step0_s_20260526_16,3949b644f365432e8a00a748c14f7d9b,0.076,,,
1631,2026-05-26,SH601872,0.060602299869060516,EXP_XGBModel_Alpha158_csi300_custom_step0_s_20260526_16,3949b644f365432e8a00a748c14f7d9b,0.076,,,
1632,2026-05-26,SH601877,-0.020968260243535042,EXP_XGBModel_Alpha158_csi300_custom_step0_s_20260526_16,3949b644f365432e8a00a748c14f7d9b,0.076,,,
1633,2026-05-26,SH601878,-0.008760686032474041,EXP_XGBModel_Alpha158_csi300_custom_step0_s_20260526_16,3949b644f365432e8a00a748c14f7d9b,0.076,,,
1634,2026-05-26,SH603195,-0.012987951748073101,EXP_XGBModel_Alpha158_csi300_custom_step0_s_20260526_16,3949b644f365432e8a00a748c14f7d9b,0.076,,,
1635,2026-05-26,SH603019,0.022161098197102547,EXP_XGBModel_Alpha158_csi300_custom_step0_s_20260526_16,3949b644f365432e8a00a748c14f7d9b,0.076,,,
1636,2026-05-26,SH601998,-0.04297827184200287,EXP_XGBModel_Alpha158_csi300_custom_step0_s_20260526_16,3949b644f365432e8a00a748c14f7d9b,0.076,,,
1637,2026-05-26,SH601995,0.004811952356249094,EXP_XGBModel_Alpha158_csi300_custom_step0_s_20260526_16,3949b644f365432e8a00a748c14f7d9b,0.076,,,
1638,2026-05-26,SH601988,-0.043127208948135376,EXP_XGBModel_Alpha158_csi300_custom_step0_s_20260526_16,3949b644f365432e8a00a748c14f7d9b,0.076,,,
1639,2026-05-26,SH601985,-0.015980692580342293,EXP_XGBModel_Alpha158_csi300_custom_step0_s_20260526_16,3949b644f365432e8a00a748c14f7d9b,0.076,,,
1640,2026-05-26,SH601669,-0.05763893574476242,EXP_XGBModel_Alpha158_csi300_custom_step0_s_20260526_16,3949b644f365432e8a00a748c14f7d9b,0.076,,,
1641,2026-05-26,SH601939,-0.014503205195069313,EXP_XGBModel_Alpha158_csi300_custom_step0_s_20260526_16,3949b644f365432e8a00a748c14f7d9b,0.076,,,
1642,2026-05-26,SH601916,-0.0286004226654768,EXP_XGBModel_Alpha158_csi300_custom_step0_s_20260526_16,3949b644f365432e8a00a748c14f7d9b,0.076,,,
1643,2026-05-26,SH601901,-0.023549629375338554,EXP_XGBModel_Alpha158_csi300_custom_step0_s_20260526_16,3949b644f365432e8a00a748c14f7d9b,0.076,,,
1644,2026-05-26,SH601899,0.07337035238742828,EXP_XGBModel_Alpha158_csi300_custom_step0_s_20260526_16,3949b644f365432e8a00a748c14f7d9b,0.076,,,
1645,2026-05-26,SH601898,0.007226222660392523,EXP_XGBModel_Alpha158_csi300_custom_step0_s_20260526_16,3949b644f365432e8a00a748c14f7d9b,0.076,,,
1646,2026-05-26,SH601888,0.1866818070411682,EXP_XGBModel_Alpha158_csi300_custom_step0_s_20260526_16,3949b644f365432e8a00a748c14f7d9b,0.076,,,
1647,2026-05-26,SH601881,0.0004460318014025688,EXP_XGBModel_Alpha158_csi300_custom_step0_s_20260526_16,3949b644f365432e8a00a748c14f7d9b,0.076,,,
1648,2026-05-26,SH601919,-0.030190428718924522,EXP_XGBModel_Alpha158_csi300_custom_step0_s_20260526_16,3949b644f365432e8a00a748c14f7d9b,0.076,,,
1649,2026-05-26,SH601668,-0.04099328815937042,EXP_XGBModel_Alpha158_csi300_custom_step0_s_20260526_16,3949b644f365432e8a00a748c14f7d9b,0.076,,,
1650,2026-05-26,SH601658,-0.03691093251109123,EXP_XGBModel_Alpha158_csi300_custom_step0_s_20260526_16,3949b644f365432e8a00a748c14f7d9b,0.076,,,
1651,2026-05-26,SH601633,0.02355371043086052,EXP_XGBModel_Alpha158_csi300_custom_step0_s_20260526_16,3949b644f365432e8a00a748c14f7d9b,0.076,,,
1652,2026-05-26,SH601229,-0.048875339329242706,EXP_XGBModel_Alpha158_csi300_custom_step0_s_20260526_16,3949b644f365432e8a00a748c14f7d9b,0.076,,,
1653,2026-05-26,SH601225,-0.03813513368368149,EXP_XGBModel_Alpha158_csi300_custom_step0_s_20260526_16,3949b644f365432e8a00a748c14f7d9b,0.076,,,
1654,2026-05-26,SH601211,-0.04385204613208771,EXP_XGBModel_Alpha158_csi300_custom_step0_s_20260526_16,3949b644f365432e8a00a748c14f7d9b,0.076,,,
1655,2026-05-26,SH601186,-0.043816689401865005,EXP_XGBModel_Alpha158_csi300_custom_step0_s_20260526_16,3949b644f365432e8a00a748c14f7d9b,0.076,,,
1656,2026-05-26,SH601169,-0.05309836193919182,EXP_XGBModel_Alpha158_csi300_custom_step0_s_20260526_16,3949b644f365432e8a00a748c14f7d9b,0.076,,,
1657,2026-05-26,SH601166,-0.03335212916135788,EXP_XGBModel_Alpha158_csi300_custom_step0_s_20260526_16,3949b644f365432e8a00a748c14f7d9b,0.076,,,
1658,2026-05-26,SH601236,-0.051793746650218964,EXP_XGBModel_Alpha158_csi300_custom_step0_s_20260526_16,3949b644f365432e8a00a748c14f7d9b,0.076,,,
1659,2026-05-26,SH601138,0.10081606358289719,EXP_XGBModel_Alpha158_csi300_custom_step0_s_20260526_16,3949b644f365432e8a00a748c14f7d9b,0.076,,,
1660,2026-05-26,SH601127,-0.05928793177008629,EXP_XGBModel_Alpha158_csi300_custom_step0_s_20260526_16,3949b644f365432e8a00a748c14f7d9b,0.076,,,
1661,2026-05-26,SH601117,-0.017844993621110916,EXP_XGBModel_Alpha158_csi300_custom_step0_s_20260526_16,3949b644f365432e8a00a748c14f7d9b,0.076,,,
1662,2026-05-26,SH601111,-0.009569767862558365,EXP_XGBModel_Alpha158_csi300_custom_step0_s_20260526_16,3949b644f365432e8a00a748c14f7d9b,0.076,,,
1663,2026-05-26,SH601100,0.037215013056993484,EXP_XGBModel_Alpha158_csi300_custom_step0_s_20260526_16,3949b644f365432e8a00a748c14f7d9b,0.076,,,
1664,2026-05-26,SH601088,-0.03387083485722542,EXP_XGBModel_Alpha158_csi300_custom_step0_s_20260526_16,3949b644f365432e8a00a748c14f7d9b,0.076,,,
1665,2026-05-26,SH601077,-0.024937879294157028,EXP_XGBModel_Alpha158_csi300_custom_step0_s_20260526_16,3949b644f365432e8a00a748c14f7d9b,0.076,,,
1666,2026-05-26,SH601136,-0.023932868614792824,EXP_XGBModel_Alpha158_csi300_custom_step0_s_20260526_16,3949b644f365432e8a00a748c14f7d9b,0.076,,,
1667,2026-05-26,SH600050,-0.018712768331170082,EXP_XGBModel_Alpha158_csi300_custom_step0_s_20260526_16,3949b644f365432e8a00a748c14f7d9b,0.076,,,
1668,2026-05-26,SH601238,-0.041292428970336914,EXP_XGBModel_Alpha158_csi300_custom_step0_s_20260526_16,3949b644f365432e8a00a748c14f7d9b,0.076,,,
1669,2026-05-26,SH601298,-0.02162153273820877,EXP_XGBModel_Alpha158_csi300_custom_step0_s_20260526_16,3949b644f365432e8a00a748c14f7d9b,0.076,,,
1670,2026-05-26,SH601628,0.0497630275785923,EXP_XGBModel_Alpha158_csi300_custom_step0_s_20260526_16,3949b644f365432e8a00a748c14f7d9b,0.076,,,
1671,2026-05-26,SH601618,-0.022195931524038315,EXP_XGBModel_Alpha158_csi300_custom_step0_s_20260526_16,3949b644f365432e8a00a748c14f7d9b,0.076,,,
1672,2026-05-26,SH601607,-0.03926664963364601,EXP_XGBModel_Alpha158_csi300_custom_step0_s_20260526_16,3949b644f365432e8a00a748c14f7d9b,0.076,,,
1673,2026-05-26,SH601601,0.05378022789955139,EXP_XGBModel_Alpha158_csi300_custom_step0_s_20260526_16,3949b644f365432e8a00a748c14f7d9b,0.076,,,
1674,2026-05-26,SH601600,0.2302972674369812,EXP_XGBModel_Alpha158_csi300_custom_step0_s_20260526_16,3949b644f365432e8a00a748c14f7d9b,0.076,,,
1675,2026-05-26,SH601456,-0.027893373742699623,EXP_XGBModel_Alpha158_csi300_custom_step0_s_20260526_16,3949b644f365432e8a00a748c14f7d9b,0.076,,,
1676,2026-05-26,SH601288,-0.03958036005496979,EXP_XGBModel_Alpha158_csi300_custom_step0_s_20260526_16,3949b644f365432e8a00a748c14f7d9b,0.076,,,
1677,2026-05-26,SH601398,-0.033103376626968384,EXP_XGBModel_Alpha158_csi300_custom_step0_s_20260526_16,3949b644f365432e8a00a748c14f7d9b,0.076,,,
1678,2026-05-26,SH601377,-0.01759755238890648,EXP_XGBModel_Alpha158_csi300_custom_step0_s_20260526_16,3949b644f365432e8a00a748c14f7d9b,0.076,,,
1679,2026-05-26,SH601360,-0.0010822650510817766,EXP_XGBModel_Alpha158_csi300_custom_step0_s_20260526_16,3949b644f365432e8a00a748c14f7d9b,0.076,,,
1680,2026-05-26,SH601336,0.01160835474729538,EXP_XGBModel_Alpha158_csi300_custom_step0_s_20260526_16,3949b644f365432e8a00a748c14f7d9b,0.076,,,
1681,2026-05-26,SH601328,-0.051782820373773575,EXP_XGBModel_Alpha158_csi300_custom_step0_s_20260526_16,3949b644f365432e8a00a748c14f7d9b,0.076,,,
1682,2026-05-26,SH601319,-0.0349615253508091,EXP_XGBModel_Alpha158_csi300_custom_step0_s_20260526_16,3949b644f365432e8a00a748c14f7d9b,0.076,,,
1683,2026-05-26,SH601318,-0.03841948136687279,EXP_XGBModel_Alpha158_csi300_custom_step0_s_20260526_16,3949b644f365432e8a00a748c14f7d9b,0.076,,,
1684,2026-05-26,SH601390,-0.042436882853507996,EXP_XGBModel_Alpha158_csi300_custom_step0_s_20260526_16,3949b644f365432e8a00a748c14f7d9b,0.076,,,
1685,2026-05-26,SH600346,0.07820583134889603,EXP_LinearModel_Alpha158_csi300_custom_step0_s_20260526_16,3156b2e58015419da5c3e649004bba5c,0.124,,,
1686,2026-05-26,SH600309,0.12090680003166199,EXP_LinearModel_Alpha158_csi300_custom_step0_s_20260526_16,3156b2e58015419da5c3e649004bba5c,0.124,,,
1687,2026-05-26,SH600276,0.037036795169115067,EXP_LinearModel_Alpha158_csi300_custom_step0_s_20260526_16,3156b2e58015419da5c3e649004bba5c,0.124,,,
1688,2026-05-26,SZ002594,-0.017999013885855675,EXP_LinearModel_Alpha158_csi300_custom_step0_s_20260526_16,b1a493c43e3f4e2188fccc59466acef0,0.103,,,
1689,2026-05-26,SZ002600,0.014776134863495827,EXP_LinearModel_Alpha158_csi300_custom_step0_s_20260526_16,b1a493c43e3f4e2188fccc59466acef0,0.103,,,
1690,2026-05-26,SZ002601,-0.08663402497768402,EXP_LinearModel_Alpha158_csi300_custom_step0_s_20260526_16,b1a493c43e3f4e2188fccc59466acef0,0.103,,,
1691,2026-05-26,SZ002625,0.012082223780453205,EXP_LinearModel_Alpha158_csi300_custom_step0_s_20260526_16,b1a493c43e3f4e2188fccc59466acef0,0.103,,,
1692,2026-05-26,SZ002648,0.013350866734981537,EXP_LinearModel_Alpha158_csi300_custom_step0_s_20260526_16,b1a493c43e3f4e2188fccc59466acef0,0.103,,,
1693,2026-05-26,SZ002709,-0.020072421059012413,EXP_LinearModel_Alpha158_csi300_custom_step0_s_20260526_16,b1a493c43e3f4e2188fccc59466acef0,0.103,,,
1694,2026-05-26,SZ002714,-0.056300532072782516,EXP_LinearModel_Alpha158_csi300_custom_step0_s_20260526_16,b1a493c43e3f4e2188fccc59466acef0,0.103,,,
1695,2026-05-26,SZ002736,0.011305797845125198,EXP_LinearModel_Alpha158_csi300_custom_step0_s_20260526_16,b1a493c43e3f4e2188fccc59466acef0,0.103,,,
1696,2026-05-26,SZ002916,-0.2015276402235031,EXP_LinearModel_Alpha158_csi300_custom_step0_s_20260526_16,b1a493c43e3f4e2188fccc59466acef0,0.103,,,
1697,2026-05-26,SZ002920,-0.021216953173279762,EXP_LinearModel_Alpha158_csi300_custom_step0_s_20260526_16,b1a493c43e3f4e2188fccc59466acef0,0.103,,,
1698,2026-05-26,SZ002938,-0.22970689833164215,EXP_LinearModel_Alpha158_csi300_custom_step0_s_20260526_16,b1a493c43e3f4e2188fccc59466acef0,0.103,,,
1699,2026-05-26,SZ003816,0.06958599388599396,EXP_LinearModel_Alpha158_csi300_custom_step0_s_20260526_16,b1a493c43e3f4e2188fccc59466acef0,0.103,,,
1700,2026-05-26,SZ300014,0.013587559573352337,EXP_LinearModel_Alpha158_csi300_custom_step0_s_20260526_16,b1a493c43e3f4e2188fccc59466acef0,0.103,,,
1701,2026-05-26,SZ300015,-0.07295797765254974,EXP_LinearModel_Alpha158_csi300_custom_step0_s_20260526_16,b1a493c43e3f4e2188fccc59466acef0,0.103,,,
1702,2026-05-26,SZ300033,0.02549278549849987,EXP_LinearModel_Alpha158_csi300_custom_step0_s_20260526_16,b1a493c43e3f4e2188fccc59466acef0,0.103,,,
1703,2026-05-26,SZ300059,-0.03946828842163086,EXP_LinearModel_Alpha158_csi300_custom_step0_s_20260526_16,b1a493c43e3f4e2188fccc59466acef0,0.103,,,
1704,2026-05-26,SZ300122,-0.02344100922346115,EXP_LinearModel_Alpha158_csi300_custom_step0_s_20260526_16,b1a493c43e3f4e2188fccc59466acef0,0.103,,,
1705,2026-05-26,SZ300498,0.03398754075169563,EXP_LinearModel_Alpha158_csi300_custom_step0_s_20260526_16,b1a493c43e3f4e2188fccc59466acef0,0.103,,,
1706,2026-05-26,SZ300476,-0.12528888881206512,EXP_LinearModel_Alpha158_csi300_custom_step0_s_20260526_16,b1a493c43e3f4e2188fccc59466acef0,0.103,,,
1707,2026-05-26,SZ300442,-0.10394613444805145,EXP_LinearModel_Alpha158_csi300_custom_step0_s_20260526_16,b1a493c43e3f4e2188fccc59466acef0,0.103,,,
1708,2026-05-26,SZ300433,0.03420283645391464,EXP_LinearModel_Alpha158_csi300_custom_step0_s_20260526_16,b1a493c43e3f4e2188fccc59466acef0,0.103,,,
1709,2026-05-26,SZ300418,-0.04348128288984299,EXP_LinearModel_Alpha158_csi300_custom_step0_s_20260526_16,b1a493c43e3f4e2188fccc59466acef0,0.103,,,
1710,2026-05-26,SZ300413,-0.025840913876891136,EXP_LinearModel_Alpha158_csi300_custom_step0_s_20260526_16,b1a493c43e3f4e2188fccc59466acef0,0.103,,,
1711,2026-05-26,SZ002493,-0.052173931151628494,EXP_LinearModel_Alpha158_csi300_custom_step0_s_20260526_16,b1a493c43e3f4e2188fccc59466acef0,0.103,,,
1712,2026-05-26,SZ300408,-0.18910877406597137,EXP_LinearModel_Alpha158_csi300_custom_step0_s_20260526_16,b1a493c43e3f4e2188fccc59466acef0,0.103,,,
1713,2026-05-26,SZ300347,0.033059123903512955,EXP_LinearModel_Alpha158_csi300_custom_step0_s_20260526_16,b1a493c43e3f4e2188fccc59466acef0,0.103,,,
1714,2026-05-26,SZ300316,-0.024222277104854584,EXP_LinearModel_Alpha158_csi300_custom_step0_s_20260526_16,b1a493c43e3f4e2188fccc59466acef0,0.103,,,
1715,2026-05-26,SZ300308,-0.08847401291131973,EXP_LinearModel_Alpha158_csi300_custom_step0_s_20260526_16,b1a493c43e3f4e2188fccc59466acef0,0.103,,,
1716,2026-05-26,SZ300274,0.07723316550254822,EXP_LinearModel_Alpha158_csi300_custom_step0_s_20260526_16,b1a493c43e3f4e2188fccc59466acef0,0.103,,,
1717,2026-05-26,SZ300251,-0.051391132175922394,EXP_LinearModel_Alpha158_csi300_custom_step0_s_20260526_16,b1a493c43e3f4e2188fccc59466acef0,0.103,,,
1718,2026-05-26,SZ300124,-0.06318838894367218,EXP_LinearModel_Alpha158_csi300_custom_step0_s_20260526_16,b1a493c43e3f4e2188fccc59466acef0,0.103,,,
1719,2026-05-26,SZ300394,-0.0590747632086277,EXP_LinearModel_Alpha158_csi300_custom_step0_s_20260526_16,b1a493c43e3f4e2188fccc59466acef0,0.103,,,
1720,2026-05-26,SZ300502,-0.05297457426786423,EXP_LinearModel_Alpha158_csi300_custom_step0_s_20260526_16,b1a493c43e3f4e2188fccc59466acef0,0.103,,,
1721,2026-05-26,SZ002475,-0.04091981053352356,EXP_LinearModel_Alpha158_csi300_custom_step0_s_20260526_16,b1a493c43e3f4e2188fccc59466acef0,0.103,,,
1722,2026-05-26,SZ002463,-0.08859747648239136,EXP_LinearModel_Alpha158_csi300_custom_step0_s_20260526_16,b1a493c43e3f4e2188fccc59466acef0,0.103,,,
1723,2026-05-26,SZ000895,-0.008794154040515423,EXP_LinearModel_Alpha158_csi300_custom_step0_s_20260526_16,b1a493c43e3f4e2188fccc59466acef0,0.103,,,
1724,2026-05-26,SZ000938,0.07424565404653549,EXP_LinearModel_Alpha158_csi300_custom_step0_s_20260526_16,b1a493c43e3f4e2188fccc59466acef0,0.103,,,
1725,2026-05-26,SZ000963,0.0002758437767624855,EXP_LinearModel_Alpha158_csi300_custom_step0_s_20260526_16,b1a493c43e3f4e2188fccc59466acef0,0.103,,,
1726,2026-05-26,SZ000975,0.06982122361660004,EXP_LinearModel_Alpha158_csi300_custom_step0_s_20260526_16,b1a493c43e3f4e2188fccc59466acef0,0.103,,,
1727,2026-05-26,SZ000977,-0.008879401721060276,EXP_LinearModel_Alpha158_csi300_custom_step0_s_20260526_16,b1a493c43e3f4e2188fccc59466acef0,0.103,,,
1728,2026-05-26,SZ000983,-0.048230674117803574,EXP_LinearModel_Alpha158_csi300_custom_step0_s_20260526_16,b1a493c43e3f4e2188fccc59466acef0,0.103,,,
1729,2026-05-26,SZ000999,-0.011150626465678215,EXP_LinearModel_Alpha158_csi300_custom_step0_s_20260526_16,b1a493c43e3f4e2188fccc59466acef0,0.103,,,
1730,2026-05-26,SZ001391,-0.020245585590600967,EXP_LinearModel_Alpha158_csi300_custom_step0_s_20260526_16,b1a493c43e3f4e2188fccc59466acef0,0.103,,,
1731,2026-05-26,SZ001965,0.02718900330364704,EXP_LinearModel_Alpha158_csi300_custom_step0_s_20260526_16,b1a493c43e3f4e2188fccc59466acef0,0.103,,,
1732,2026-05-26,SZ001979,-0.07173097133636475,EXP_LinearModel_Alpha158_csi300_custom_step0_s_20260526_16,b1a493c43e3f4e2188fccc59466acef0,0.103,,,
1733,2026-05-26,SZ002001,0.07462972402572632,EXP_LinearModel_Alpha158_csi300_custom_step0_s_20260526_16,b1a493c43e3f4e2188fccc59466acef0,0.103,,,
1734,2026-05-26,SZ002027,0.020388107746839523,EXP_LinearModel_Alpha158_csi300_custom_step0_s_20260526_16,b1a493c43e3f4e2188fccc59466acef0,0.103,,,
1735,2026-05-26,SZ002028,0.013735432177782059,EXP_LinearModel_Alpha158_csi300_custom_step0_s_20260526_16,b1a493c43e3f4e2188fccc59466acef0,0.103,,,
1736,2026-05-26,SZ002049,-0.020304622128605843,EXP_LinearModel_Alpha158_csi300_custom_step0_s_20260526_16,b1a493c43e3f4e2188fccc59466acef0,0.103,,,
1737,2026-05-26,SZ002050,-0.02212739922106266,EXP_LinearModel_Alpha158_csi300_custom_step0_s_20260526_16,b1a493c43e3f4e2188fccc59466acef0,0.103,,,
1738,2026-05-26,SZ002074,-0.029861506074666977,EXP_LinearModel_Alpha158_csi300_custom_step0_s_20260526_16,b1a493c43e3f4e2188fccc59466acef0,0.103,,,
1739,2026-05-26,SZ002142,-0.005140102934092283,EXP_LinearModel_Alpha158_csi300_custom_step0_s_20260526_16,b1a493c43e3f4e2188fccc59466acef0,0.103,,,
1740,2026-05-26,SZ002460,-0.012294813990592957,EXP_LinearModel_Alpha158_csi300_custom_step0_s_20260526_16,b1a493c43e3f4e2188fccc59466acef0,0.103,,,
1741,2026-05-26,SZ002459,-0.005379849579185247,EXP_LinearModel_Alpha158_csi300_custom_step0_s_20260526_16,b1a493c43e3f4e2188fccc59466acef0,0.103,,,
1742,2026-05-26,SZ002422,-0.018359895795583725,EXP_LinearModel_Alpha158_csi300_custom_step0_s_20260526_16,b1a493c43e3f4e2188fccc59466acef0,0.103,,,
1743,2026-05-26,SZ002415,0.014567471109330654,EXP_LinearModel_Alpha158_csi300_custom_step0_s_20260526_16,b1a493c43e3f4e2188fccc59466acef0,0.103,,,
1744,2026-05-26,SZ002384,0.06098996475338936,EXP_LinearModel_Alpha158_csi300_custom_step0_s_20260526_16,b1a493c43e3f4e2188fccc59466acef0,0.103,,,
1745,2026-05-26,SZ002371,-0.02737007662653923,EXP_LinearModel_Alpha158_csi300_custom_step0_s_20260526_16,b1a493c43e3f4e2188fccc59466acef0,0.103,,,
1746,2026-05-26,SZ002466,-0.043788280338048935,EXP_LinearModel_Alpha158_csi300_custom_step0_s_20260526_16,b1a493c43e3f4e2188fccc59466acef0,0.103,,,
1747,2026-05-26,SZ002352,0.014195805415511131,EXP_LinearModel_Alpha158_csi300_custom_step0_s_20260526_16,b1a493c43e3f4e2188fccc59466acef0,0.103,,,
1748,2026-05-26,SZ002304,0.00798851065337658,EXP_LinearModel_Alpha158_csi300_custom_step0_s_20260526_16,b1a493c43e3f4e2188fccc59466acef0,0.103,,,
1749,2026-05-26,SZ002252,0.012799043208360672,EXP_LinearModel_Alpha158_csi300_custom_step0_s_20260526_16,b1a493c43e3f4e2188fccc59466acef0,0.103,,,
1750,2026-05-26,SZ002241,0.05801481753587723,EXP_LinearModel_Alpha158_csi300_custom_step0_s_20260526_16,b1a493c43e3f4e2188fccc59466acef0,0.103,,,
1751,2026-05-26,SZ002236,-0.003242411417886615,EXP_LinearModel_Alpha158_csi300_custom_step0_s_20260526_16,b1a493c43e3f4e2188fccc59466acef0,0.103,,,
1752,2026-05-26,SZ002230,0.02375497855246067,EXP_LinearModel_Alpha158_csi300_custom_step0_s_20260526_16,b1a493c43e3f4e2188fccc59466acef0,0.103,,,
1753,2026-05-26,SZ002179,0.07166488468647003,EXP_LinearModel_Alpha158_csi300_custom_step0_s_20260526_16,b1a493c43e3f4e2188fccc59466acef0,0.103,,,
1754,2026-05-26,SZ002311,-0.014854327775537968,EXP_LinearModel_Alpha158_csi300_custom_step0_s_20260526_16,b1a493c43e3f4e2188fccc59466acef0,0.103,,,
1755,2026-05-26,SZ000876,-0.029605500400066376,EXP_LinearModel_Alpha158_csi300_custom_step0_s_20260526_16,b1a493c43e3f4e2188fccc59466acef0,0.103,,,
1756,2026-05-26,SZ300628,0.04712663218379021,EXP_LinearModel_Alpha158_csi300_custom_step0_s_20260526_16,b1a493c43e3f4e2188fccc59466acef0,0.103,,,
1757,2026-05-26,SZ300750,-0.025338876992464066,EXP_LinearModel_Alpha158_csi300_custom_step0_s_20260526_16,b1a493c43e3f4e2188fccc59466acef0,0.103,,,
1758,2026-05-26,SH600089,0.03845462203025818,EXP_LinearModel_Alpha158_csi300_custom_step0_s_20260526_16,d659b0c470b64201853a17143d3fff06,0.026,,,
1759,2026-05-26,SH600104,-0.042815420776605606,EXP_LinearModel_Alpha158_csi300_custom_step0_s_20260526_16,d659b0c470b64201853a17143d3fff06,0.026,,,
1760,2026-05-26,SH600111,0.054420050233602524,EXP_LinearModel_Alpha158_csi300_custom_step0_s_20260526_16,d659b0c470b64201853a17143d3fff06,0.026,,,
1761,2026-05-26,SH600115,-0.1072344034910202,EXP_LinearModel_Alpha158_csi300_custom_step0_s_20260526_16,d659b0c470b64201853a17143d3fff06,0.026,,,
1762,2026-05-26,SH600150,0.09375753253698349,EXP_LinearModel_Alpha158_csi300_custom_step0_s_20260526_16,d659b0c470b64201853a17143d3fff06,0.026,,,
1763,2026-05-26,SH600160,0.0018529566004872322,EXP_LinearModel_Alpha158_csi300_custom_step0_s_20260526_16,d659b0c470b64201853a17143d3fff06,0.026,,,
1764,2026-05-26,SH600161,0.03896351158618927,EXP_LinearModel_Alpha158_csi300_custom_step0_s_20260526_16,d659b0c470b64201853a17143d3fff06,0.026,,,
1765,2026-05-26,SH600176,-0.010185115039348602,EXP_LinearModel_Alpha158_csi300_custom_step0_s_20260526_16,d659b0c470b64201853a17143d3fff06,0.026,,,
1766,2026-05-26,SH600183,-0.1264224350452423,EXP_LinearModel_Alpha158_csi300_custom_step0_s_20260526_16,d659b0c470b64201853a17143d3fff06,0.026,,,
1767,2026-05-26,SH600188,0.13498522341251373,EXP_LinearModel_Alpha158_csi300_custom_step0_s_20260526_16,d659b0c470b64201853a17143d3fff06,0.026,,,
1768,2026-05-26,SH600196,-0.05482066422700882,EXP_LinearModel_Alpha158_csi300_custom_step0_s_20260526_16,d659b0c470b64201853a17143d3fff06,0.026,,,
1769,2026-05-26,SH600219,0.09204018115997314,EXP_LinearModel_Alpha158_csi300_custom_step0_s_20260526_16,d659b0c470b64201853a17143d3fff06,0.026,,,
1770,2026-05-26,SH600233,0.028960131108760834,EXP_LinearModel_Alpha158_csi300_custom_step0_s_20260526_16,d659b0c470b64201853a17143d3fff06,0.026,,,
1771,2026-05-26,SH600276,-0.026873303577303886,EXP_LinearModel_Alpha158_csi300_custom_step0_s_20260526_16,d659b0c470b64201853a17143d3fff06,0.026,,,
1772,2026-05-26,SH600309,0.019659146666526794,EXP_LinearModel_Alpha158_csi300_custom_step0_s_20260526_16,d659b0c470b64201853a17143d3fff06,0.026,,,
1773,2026-05-26,SH600346,0.024214906617999077,EXP_LinearModel_Alpha158_csi300_custom_step0_s_20260526_16,d659b0c470b64201853a17143d3fff06,0.026,,,
1774,2026-05-26,SH600362,0.007325749844312668,EXP_LinearModel_Alpha158_csi300_custom_step0_s_20260526_16,d659b0c470b64201853a17143d3fff06,0.026,,,
1775,2026-05-26,SH600547,0.06149069964885712,EXP_LinearModel_Alpha158_csi300_custom_step0_s_20260526_16,d659b0c470b64201853a17143d3fff06,0.026,,,
1776,2026-05-26,SH600522,0.336991548538208,EXP_LinearModel_Alpha158_csi300_custom_step0_s_20260526_16,d659b0c470b64201853a17143d3fff06,0.026,,,
1777,2026-05-26,SH600519,-0.11959861218929291,EXP_LinearModel_Alpha158_csi300_custom_step0_s_20260526_16,d659b0c470b64201853a17143d3fff06,0.026,,,
1778,2026-05-26,SH600515,-0.03293120861053467,EXP_LinearModel_Alpha158_csi300_custom_step0_s_20260526_16,d659b0c470b64201853a17143d3fff06,0.026,,,
1779,2026-05-26,SH600489,0.04182468354701996,EXP_LinearModel_Alpha158_csi300_custom_step0_s_20260526_16,d659b0c470b64201853a17143d3fff06,0.026,,,
1780,2026-05-26,SH600482,0.09432592988014221,EXP_LinearModel_Alpha158_csi300_custom_step0_s_20260526_16,d659b0c470b64201853a17143d3fff06,0.026,,,
1781,2026-05-26,SH600085,-0.08850228786468506,EXP_LinearModel_Alpha158_csi300_custom_step0_s_20260526_16,d659b0c470b64201853a17143d3fff06,0.026,,,
1782,2026-05-26,SH600460,-0.03955274820327759,EXP_LinearModel_Alpha158_csi300_custom_step0_s_20260526_16,d659b0c470b64201853a17143d3fff06,0.026,,,
1783,2026-05-26,SH600436,-0.10435371100902557,EXP_LinearModel_Alpha158_csi300_custom_step0_s_20260526_16,d659b0c470b64201853a17143d3fff06,0.026,,,
1784,2026-05-26,SH600426,0.07414038479328156,EXP_LinearModel_Alpha158_csi300_custom_step0_s_20260526_16,d659b0c470b64201853a17143d3fff06,0.026,,,
1785,2026-05-26,SH600415,0.04631848633289337,EXP_LinearModel_Alpha158_csi300_custom_step0_s_20260526_16,d659b0c470b64201853a17143d3fff06,0.026,,,
1786,2026-05-26,SH600406,-0.0082655418664217,EXP_LinearModel_Alpha158_csi300_custom_step0_s_20260526_16,d659b0c470b64201853a17143d3fff06,0.026,,,
1787,2026-05-26,SH600377,0.12446331232786179,EXP_LinearModel_Alpha158_csi300_custom_step0_s_20260526_16,d659b0c470b64201853a17143d3fff06,0.026,,,
1788,2026-05-26,SH600372,-0.022252386435866356,EXP_LinearModel_Alpha158_csi300_custom_step0_s_20260526_16,d659b0c470b64201853a17143d3fff06,0.026,,,
1789,2026-05-26,SH600438,,EXP_LinearModel_Alpha158_csi300_custom_step0_s_20260526_16,d659b0c470b64201853a17143d3fff06,0.026,,,
1790,2026-05-26,SZ300661,1.354096457362175e-05,EXP_LinearModel_Alpha158_csi300_custom_step0_s_20260526_16,b1a493c43e3f4e2188fccc59466acef0,0.103,,,
1791,2026-05-26,SH600066,-0.06678997725248337,EXP_LinearModel_Alpha158_csi300_custom_step0_s_20260526_16,d659b0c470b64201853a17143d3fff06,0.026,,,
1792,2026-05-26,SH600050,0.05435865372419357,EXP_LinearModel_Alpha158_csi300_custom_step0_s_20260526_16,d659b0c470b64201853a17143d3fff06,0.026,,,
1793,2026-05-26,SZ300759,-0.0005728237447328866,EXP_LinearModel_Alpha158_csi300_custom_step0_s_20260526_16,b1a493c43e3f4e2188fccc59466acef0,0.103,,,
1794,2026-05-26,SZ300760,-0.016125546768307686,EXP_LinearModel_Alpha158_csi300_custom_step0_s_20260526_16,b1a493c43e3f4e2188fccc59466acef0,0.103,,,
1795,2026-05-26,SZ300782,0.04157319292426109,EXP_LinearModel_Alpha158_csi300_custom_step0_s_20260526_16,b1a493c43e3f4e2188fccc59466acef0,0.103,,,
1796,2026-05-26,SZ300803,-0.012491339817643166,EXP_LinearModel_Alpha158_csi300_custom_step0_s_20260526_16,b1a493c43e3f4e2188fccc59466acef0,0.103,,,
1797,2026-05-26,SZ300832,-0.04278505593538284,EXP_LinearModel_Alpha158_csi300_custom_step0_s_20260526_16,b1a493c43e3f4e2188fccc59466acef0,0.103,,,
1798,2026-05-26,SZ300866,-0.008431404829025269,EXP_LinearModel_Alpha158_csi300_custom_step0_s_20260526_16,b1a493c43e3f4e2188fccc59466acef0,0.103,,,
1799,2026-05-26,SZ300896,-0.09009748697280884,EXP_LinearModel_Alpha158_csi300_custom_step0_s_20260526_16,b1a493c43e3f4e2188fccc59466acef0,0.103,,,
1800,2026-05-26,SZ300979,0.016846977174282074,EXP_LinearModel_Alpha158_csi300_custom_step0_s_20260526_16,b1a493c43e3f4e2188fccc59466acef0,0.103,,,
1801,2026-05-26,SZ300999,-0.1303965151309967,EXP_LinearModel_Alpha158_csi300_custom_step0_s_20260526_16,b1a493c43e3f4e2188fccc59466acef0,0.103,,,
1802,2026-05-26,SZ301236,0.015619534999132156,EXP_LinearModel_Alpha158_csi300_custom_step0_s_20260526_16,b1a493c43e3f4e2188fccc59466acef0,0.103,,,
1803,2026-05-26,SZ301269,-0.26049041748046875,EXP_LinearModel_Alpha158_csi300_custom_step0_s_20260526_16,b1a493c43e3f4e2188fccc59466acef0,0.103,,,
1804,2026-05-26,SZ302132,-0.047036364674568176,EXP_LinearModel_Alpha158_csi300_custom_step0_s_20260526_16,b1a493c43e3f4e2188fccc59466acef0,0.103,,,
1805,2026-05-26,SH600000,0.006341760046780109,EXP_LinearModel_Alpha158_csi300_custom_step0_s_20260526_16,d659b0c470b64201853a17143d3fff06,0.026,,,
1806,2026-05-26,SH600009,0.007695006672292948,EXP_LinearModel_Alpha158_csi300_custom_step0_s_20260526_16,d659b0c470b64201853a17143d3fff06,0.026,,,
1807,2026-05-26,SH600010,-0.022898603230714798,EXP_LinearModel_Alpha158_csi300_custom_step0_s_20260526_16,d659b0c470b64201853a17143d3fff06,0.026,,,
1808,2026-05-26,SH600011,0.08656654506921768,EXP_LinearModel_Alpha158_csi300_custom_step0_s_20260526_16,d659b0c470b64201853a17143d3fff06,0.026,,,
1809,2026-05-26,SH600015,0.06447558104991913,EXP_LinearModel_Alpha158_csi300_custom_step0_s_20260526_16,d659b0c470b64201853a17143d3fff06,0.026,,,
1810,2026-05-26,SH600048,0.009063834324479103,EXP_LinearModel_Alpha158_csi300_custom_step0_s_20260526_16,d659b0c470b64201853a17143d3fff06,0.026,,,
1811,2026-05-26,SH600039,0.1136089488863945,EXP_LinearModel_Alpha158_csi300_custom_step0_s_20260526_16,d659b0c470b64201853a17143d3fff06,0.026,,,
1812,2026-05-26,SH600036,-0.09143206477165222,EXP_LinearModel_Alpha158_csi300_custom_step0_s_20260526_16,d659b0c470b64201853a17143d3fff06,0.026,,,
1813,2026-05-26,SH600031,-0.010215280577540398,EXP_LinearModel_Alpha158_csi300_custom_step0_s_20260526_16,d659b0c470b64201853a17143d3fff06,0.026,,,
1814,2026-05-26,SH600030,0.056345630437135696,EXP_LinearModel_Alpha158_csi300_custom_step0_s_20260526_16,d659b0c470b64201853a17143d3fff06,0.026,,,
1815,2026-05-26,SH600029,-0.06478490680456161,EXP_LinearModel_Alpha158_csi300_custom_step0_s_20260526_16,d659b0c470b64201853a17143d3fff06,0.026,,,
1816,2026-05-26,SH600061,0.047223083674907684,EXP_LinearModel_Alpha158_csi300_custom_step0_s_20260526_16,d659b0c470b64201853a17143d3fff06,0.026,,,
1817,2026-05-26,SH600028,-0.1255384087562561,EXP_LinearModel_Alpha158_csi300_custom_step0_s_20260526_16,d659b0c470b64201853a17143d3fff06,0.026,,,
1818,2026-05-26,SH600026,0.006461460608989,EXP_LinearModel_Alpha158_csi300_custom_step0_s_20260526_16,d659b0c470b64201853a17143d3fff06,0.026,,,
1819,2026-05-26,SH600025,0.09812263399362564,EXP_LinearModel_Alpha158_csi300_custom_step0_s_20260526_16,d659b0c470b64201853a17143d3fff06,0.026,,,
1820,2026-05-26,SH600023,0.14528164267539978,EXP_LinearModel_Alpha158_csi300_custom_step0_s_20260526_16,d659b0c470b64201853a17143d3fff06,0.026,,,
1821,2026-05-26,SH600019,-0.07204466313123703,EXP_LinearModel_Alpha158_csi300_custom_step0_s_20260526_16,d659b0c470b64201853a17143d3fff06,0.026,,,
1822,2026-05-26,SH600018,0.04963734373450279,EXP_LinearModel_Alpha158_csi300_custom_step0_s_20260526_16,d659b0c470b64201853a17143d3fff06,0.026,,,
1823,2026-05-26,SH600016,-0.12458126991987228,EXP_LinearModel_Alpha158_csi300_custom_step0_s_20260526_16,d659b0c470b64201853a17143d3fff06,0.026,,,
1824,2026-05-26,SH600027,0.055235929787158966,EXP_LinearModel_Alpha158_csi300_custom_step0_s_20260526_16,d659b0c470b64201853a17143d3fff06,0.026,,,
1825,2026-05-26,SZ000858,0.051779597997665405,EXP_LinearModel_Alpha158_csi300_custom_step0_s_20260526_16,b1a493c43e3f4e2188fccc59466acef0,0.103,,,
1826,2026-05-26,SZ000807,0.03531505540013313,EXP_LinearModel_Alpha158_csi300_custom_step0_s_20260526_16,b1a493c43e3f4e2188fccc59466acef0,0.103,,,
1827,2026-05-26,SZ000792,-0.020781131461262703,EXP_LinearModel_Alpha158_csi300_custom_step0_s_20260526_16,b1a493c43e3f4e2188fccc59466acef0,0.103,,,
1828,2026-05-26,SH601336,-0.04382593184709549,EXP_LinearModel_Alpha158_csi300_custom_step0_s_20260526_16,b1a493c43e3f4e2188fccc59466acef0,0.103,,,
1829,2026-05-26,SH601360,-0.0005276361480355263,EXP_LinearModel_Alpha158_csi300_custom_step0_s_20260526_16,b1a493c43e3f4e2188fccc59466acef0,0.103,,,
1830,2026-05-26,SH601377,0.016388026997447014,EXP_LinearModel_Alpha158_csi300_custom_step0_s_20260526_16,b1a493c43e3f4e2188fccc59466acef0,0.103,,,
1831,2026-05-26,SH601390,0.010577533394098282,EXP_LinearModel_Alpha158_csi300_custom_step0_s_20260526_16,b1a493c43e3f4e2188fccc59466acef0,0.103,,,
1832,2026-05-26,SH601398,0.03775220736861229,EXP_LinearModel_Alpha158_csi300_custom_step0_s_20260526_16,b1a493c43e3f4e2188fccc59466acef0,0.103,,,
1833,2026-05-26,SH601456,0.00984721165150404,EXP_LinearModel_Alpha158_csi300_custom_step0_s_20260526_16,b1a493c43e3f4e2188fccc59466acef0,0.103,,,
1834,2026-05-26,SH601600,-0.007084551267325878,EXP_LinearModel_Alpha158_csi300_custom_step0_s_20260526_16,b1a493c43e3f4e2188fccc59466acef0,0.103,,,
1835,2026-05-26,SH601601,-0.00016432953998446465,EXP_LinearModel_Alpha158_csi300_custom_step0_s_20260526_16,b1a493c43e3f4e2188fccc59466acef0,0.103,,,
1836,2026-05-26,SH601607,-0.008378783240914345,EXP_LinearModel_Alpha158_csi300_custom_step0_s_20260526_16,b1a493c43e3f4e2188fccc59466acef0,0.103,,,
1837,2026-05-26,SH601618,0.025253163650631905,EXP_LinearModel_Alpha158_csi300_custom_step0_s_20260526_16,b1a493c43e3f4e2188fccc59466acef0,0.103,,,
1838,2026-05-26,SH601628,-0.0633799210190773,EXP_LinearModel_Alpha158_csi300_custom_step0_s_20260526_16,b1a493c43e3f4e2188fccc59466acef0,0.103,,,
1839,2026-05-26,SH601633,-0.0006055354606360197,EXP_LinearModel_Alpha158_csi300_custom_step0_s_20260526_16,b1a493c43e3f4e2188fccc59466acef0,0.103,,,
1840,2026-05-26,SH601658,0.023617630824446678,EXP_LinearModel_Alpha158_csi300_custom_step0_s_20260526_16,b1a493c43e3f4e2188fccc59466acef0,0.103,,,
1841,2026-05-26,SH601668,0.01618783175945282,EXP_LinearModel_Alpha158_csi300_custom_step0_s_20260526_16,b1a493c43e3f4e2188fccc59466acef0,0.103,,,
1842,2026-05-26,SH601669,-0.03804413229227066,EXP_LinearModel_Alpha158_csi300_custom_step0_s_20260526_16,b1a493c43e3f4e2188fccc59466acef0,0.103,,,
1843,2026-05-26,SH601688,0.011028843000531197,EXP_LinearModel_Alpha158_csi300_custom_step0_s_20260526_16,b1a493c43e3f4e2188fccc59466acef0,0.103,,,
1844,2026-05-26,SH601689,0.020645614713430405,EXP_LinearModel_Alpha158_csi300_custom_step0_s_20260526_16,b1a493c43e3f4e2188fccc59466acef0,0.103,,,
1845,2026-05-26,SH601877,-0.07108582556247711,EXP_LinearModel_Alpha158_csi300_custom_step0_s_20260526_16,b1a493c43e3f4e2188fccc59466acef0,0.103,,,
1846,2026-05-26,SH601872,-0.003684200579300523,EXP_LinearModel_Alpha158_csi300_custom_step0_s_20260526_16,b1a493c43e3f4e2188fccc59466acef0,0.103,,,
1847,2026-05-26,SH601868,0.016245756298303604,EXP_LinearModel_Alpha158_csi300_custom_step0_s_20260526_16,b1a493c43e3f4e2188fccc59466acef0,0.103,,,
1848,2026-05-26,SH601857,0.010584970936179161,EXP_LinearModel_Alpha158_csi300_custom_step0_s_20260526_16,b1a493c43e3f4e2188fccc59466acef0,0.103,,,
1849,2026-05-26,SH601838,0.04799753800034523,EXP_LinearModel_Alpha158_csi300_custom_step0_s_20260526_16,b1a493c43e3f4e2188fccc59466acef0,0.103,,,
1850,2026-05-26,SH601825,-0.04046470671892166,EXP_LinearModel_Alpha158_csi300_custom_step0_s_20260526_16,b1a493c43e3f4e2188fccc59466acef0,0.103,,,
1851,2026-05-26,SH601328,-0.0031686187721788883,EXP_LinearModel_Alpha158_csi300_custom_step0_s_20260526_16,b1a493c43e3f4e2188fccc59466acef0,0.103,,,
1852,2026-05-26,SH601818,0.08223071694374084,EXP_LinearModel_Alpha158_csi300_custom_step0_s_20260526_16,b1a493c43e3f4e2188fccc59466acef0,0.103,,,
1853,2026-05-26,SH601808,-0.06730486452579498,EXP_LinearModel_Alpha158_csi300_custom_step0_s_20260526_16,b1a493c43e3f4e2188fccc59466acef0,0.103,,,
1854,2026-05-26,SH601800,-0.03455812484025955,EXP_LinearModel_Alpha158_csi300_custom_step0_s_20260526_16,b1a493c43e3f4e2188fccc59466acef0,0.103,,,
1855,2026-05-26,SH601788,0.01149879302829504,EXP_LinearModel_Alpha158_csi300_custom_step0_s_20260526_16,b1a493c43e3f4e2188fccc59466acef0,0.103,,,
1856,2026-05-26,SH601766,-0.07340109348297119,EXP_LinearModel_Alpha158_csi300_custom_step0_s_20260526_16,b1a493c43e3f4e2188fccc59466acef0,0.103,,,
1857,2026-05-26,SH601728,-0.017507249489426613,EXP_LinearModel_Alpha158_csi300_custom_step0_s_20260526_16,b1a493c43e3f4e2188fccc59466acef0,0.103,,,
1858,2026-05-26,SH601698,-0.023561738431453705,EXP_LinearModel_Alpha158_csi300_custom_step0_s_20260526_16,b1a493c43e3f4e2188fccc59466acef0,0.103,,,
1859,2026-05-26,SH601816,-0.054634105414152145,EXP_LinearModel_Alpha158_csi300_custom_step0_s_20260526_16,b1a493c43e3f4e2188fccc59466acef0,0.103,,,
1860,2026-05-26,SH601878,0.014152825810015202,EXP_LinearModel_Alpha158_csi300_custom_step0_s_20260526_16,b1a493c43e3f4e2188fccc59466acef0,0.103,,,
1861,2026-05-26,SH601319,0.00860618520528078,EXP_LinearModel_Alpha158_csi300_custom_step0_s_20260526_16,b1a493c43e3f4e2188fccc59466acef0,0.103,,,
1862,2026-05-26,SH601298,0.03237548843026161,EXP_LinearModel_Alpha158_csi300_custom_step0_s_20260526_16,b1a493c43e3f4e2188fccc59466acef0,0.103,,,
1863,2026-05-26,SH600930,-0.037459611892700195,EXP_LinearModel_Alpha158_csi300_custom_step0_s_20260526_16,b1a493c43e3f4e2188fccc59466acef0,0.103,,,
1864,2026-05-26,SH600938,0.007519945967942476,EXP_LinearModel_Alpha158_csi300_custom_step0_s_20260526_16,b1a493c43e3f4e2188fccc59466acef0,0.103,,,
1865,2026-05-26,SH600941,-0.03705655038356781,EXP_LinearModel_Alpha158_csi300_custom_step0_s_20260526_16,b1a493c43e3f4e2188fccc59466acef0,0.103,,,
1866,2026-05-26,SH600958,,EXP_LinearModel_Alpha158_csi300_custom_step0_s_20260526_16,b1a493c43e3f4e2188fccc59466acef0,0.103,,,
1867,2026-05-26,SH600989,-0.0018933279206976295,EXP_LinearModel_Alpha158_csi300_custom_step0_s_20260526_16,b1a493c43e3f4e2188fccc59466acef0,0.103,,,
1868,2026-05-26,SH600999,0.055049166083335876,EXP_LinearModel_Alpha158_csi300_custom_step0_s_20260526_16,b1a493c43e3f4e2188fccc59466acef0,0.103,,,
1869,2026-05-26,SH601006,0.0028915877919644117,EXP_LinearModel_Alpha158_csi300_custom_step0_s_20260526_16,b1a493c43e3f4e2188fccc59466acef0,0.103,,,
1870,2026-05-26,SH601009,-0.014562536031007767,EXP_LinearModel_Alpha158_csi300_custom_step0_s_20260526_16,b1a493c43e3f4e2188fccc59466acef0,0.103,,,
1871,2026-05-26,SH601012,0.0504646897315979,EXP_LinearModel_Alpha158_csi300_custom_step0_s_20260526_16,b1a493c43e3f4e2188fccc59466acef0,0.103,,,
1872,2026-05-26,SH601018,0.044329337775707245,EXP_LinearModel_Alpha158_csi300_custom_step0_s_20260526_16,b1a493c43e3f4e2188fccc59466acef0,0.103,,,
1873,2026-05-26,SH601021,-0.0061504412442445755,EXP_LinearModel_Alpha158_csi300_custom_step0_s_20260526_16,b1a493c43e3f4e2188fccc59466acef0,0.103,,,
1874,2026-05-26,SH601058,-0.04698968678712845,EXP_LinearModel_Alpha158_csi300_custom_step0_s_20260526_16,b1a493c43e3f4e2188fccc59466acef0,0.103,,,
1875,2026-05-26,SH601059,0.024178823456168175,EXP_LinearModel_Alpha158_csi300_custom_step0_s_20260526_16,b1a493c43e3f4e2188fccc59466acef0,0.103,,,
1876,2026-05-26,SH601066,0.08575835078954697,EXP_LinearModel_Alpha158_csi300_custom_step0_s_20260526_16,b1a493c43e3f4e2188fccc59466acef0,0.103,,,
1877,2026-05-26,SH601077,-0.019966719672083855,EXP_LinearModel_Alpha158_csi300_custom_step0_s_20260526_16,b1a493c43e3f4e2188fccc59466acef0,0.103,,,
1878,2026-05-26,SH601088,-0.027083950117230415,EXP_LinearModel_Alpha158_csi300_custom_step0_s_20260526_16,b1a493c43e3f4e2188fccc59466acef0,0.103,,,
1879,2026-05-26,SH601100,0.03198256716132164,EXP_LinearModel_Alpha158_csi300_custom_step0_s_20260526_16,b1a493c43e3f4e2188fccc59466acef0,0.103,,,
1880,2026-05-26,SH601288,-0.0062261526472866535,EXP_LinearModel_Alpha158_csi300_custom_step0_s_20260526_16,b1a493c43e3f4e2188fccc59466acef0,0.103,,,
1881,2026-05-26,SH601238,0.03994004800915718,EXP_LinearModel_Alpha158_csi300_custom_step0_s_20260526_16,b1a493c43e3f4e2188fccc59466acef0,0.103,,,
1882,2026-05-26,SH601236,0.03135176748037338,EXP_LinearModel_Alpha158_csi300_custom_step0_s_20260526_16,b1a493c43e3f4e2188fccc59466acef0,0.103,,,
1883,2026-05-26,SH601229,-0.07133816927671432,EXP_LinearModel_Alpha158_csi300_custom_step0_s_20260526_16,b1a493c43e3f4e2188fccc59466acef0,0.103,,,
1884,2026-05-26,SH601225,0.016910003498196602,EXP_LinearModel_Alpha158_csi300_custom_step0_s_20260526_16,b1a493c43e3f4e2188fccc59466acef0,0.103,,,
1885,2026-05-26,SH601211,-0.007240976206958294,EXP_LinearModel_Alpha158_csi300_custom_step0_s_20260526_16,b1a493c43e3f4e2188fccc59466acef0,0.103,,,
1886,2026-05-26,SH601318,-0.0005853236652910709,EXP_LinearModel_Alpha158_csi300_custom_step0_s_20260526_16,b1a493c43e3f4e2188fccc59466acef0,0.103,,,
1887,2026-05-26,SH601186,-0.03626961261034012,EXP_LinearModel_Alpha158_csi300_custom_step0_s_20260526_16,b1a493c43e3f4e2188fccc59466acef0,0.103,,,
1888,2026-05-26,SH601166,-0.0033148976508527994,EXP_LinearModel_Alpha158_csi300_custom_step0_s_20260526_16,b1a493c43e3f4e2188fccc59466acef0,0.103,,,
1889,2026-05-26,SH601138,-0.030133310705423355,EXP_LinearModel_Alpha158_csi300_custom_step0_s_20260526_16,b1a493c43e3f4e2188fccc59466acef0,0.103,,,
1890,2026-05-26,SH601136,-0.037557072937488556,EXP_LinearModel_Alpha158_csi300_custom_step0_s_20260526_16,b1a493c43e3f4e2188fccc59466acef0,0.103,,,
1891,2026-05-26,SH601127,-0.018712984398007393,EXP_LinearModel_Alpha158_csi300_custom_step0_s_20260526_16,b1a493c43e3f4e2188fccc59466acef0,0.103,,,
1892,2026-05-26,SH601117,-0.06889236718416214,EXP_LinearModel_Alpha158_csi300_custom_step0_s_20260526_16,b1a493c43e3f4e2188fccc59466acef0,0.103,,,
1893,2026-05-26,SH601111,-0.023987729102373123,EXP_LinearModel_Alpha158_csi300_custom_step0_s_20260526_16,b1a493c43e3f4e2188fccc59466acef0,0.103,,,
1894,2026-05-26,SH601169,0.0056241718120872974,EXP_LinearModel_Alpha158_csi300_custom_step0_s_20260526_16,b1a493c43e3f4e2188fccc59466acef0,0.103,,,
1895,2026-05-26,SH601881,0.011260725557804108,EXP_LinearModel_Alpha158_csi300_custom_step0_s_20260526_16,b1a493c43e3f4e2188fccc59466acef0,0.103,,,
1896,2026-05-26,SH601888,0.003756521735340357,EXP_LinearModel_Alpha158_csi300_custom_step0_s_20260526_16,b1a493c43e3f4e2188fccc59466acef0,0.103,,,
1897,2026-05-26,SH601898,0.019529888406395912,EXP_LinearModel_Alpha158_csi300_custom_step0_s_20260526_16,b1a493c43e3f4e2188fccc59466acef0,0.103,,,
1898,2026-05-26,SH688256,-0.07696700841188431,EXP_LinearModel_Alpha158_csi300_custom_step0_s_20260526_16,b1a493c43e3f4e2188fccc59466acef0,0.103,,,
1899,2026-05-26,SH688271,-0.04993623122572899,EXP_LinearModel_Alpha158_csi300_custom_step0_s_20260526_16,b1a493c43e3f4e2188fccc59466acef0,0.103,,,
1900,2026-05-26,SH688303,-0.04701574146747589,EXP_LinearModel_Alpha158_csi300_custom_step0_s_20260526_16,b1a493c43e3f4e2188fccc59466acef0,0.103,,,
1901,2026-05-26,SH688396,0.026073718443512917,EXP_LinearModel_Alpha158_csi300_custom_step0_s_20260526_16,b1a493c43e3f4e2188fccc59466acef0,0.103,,,
1902,2026-05-26,SH688472,-0.011806360445916653,EXP_LinearModel_Alpha158_csi300_custom_step0_s_20260526_16,b1a493c43e3f4e2188fccc59466acef0,0.103,,,
1903,2026-05-26,SH688506,-0.06472841650247574,EXP_LinearModel_Alpha158_csi300_custom_step0_s_20260526_16,b1a493c43e3f4e2188fccc59466acef0,0.103,,,
1904,2026-05-26,SH688981,-0.2608896791934967,EXP_LinearModel_Alpha158_csi300_custom_step0_s_20260526_16,b1a493c43e3f4e2188fccc59466acef0,0.103,,,
1905,2026-05-26,SZ000001,-0.030201619490981102,EXP_LinearModel_Alpha158_csi300_custom_step0_s_20260526_16,b1a493c43e3f4e2188fccc59466acef0,0.103,,,
1906,2026-05-26,SZ000002,-0.0308656208217144,EXP_LinearModel_Alpha158_csi300_custom_step0_s_20260526_16,b1a493c43e3f4e2188fccc59466acef0,0.103,,,
1907,2026-05-26,SZ000063,0.014157863333821297,EXP_LinearModel_Alpha158_csi300_custom_step0_s_20260526_16,b1a493c43e3f4e2188fccc59466acef0,0.103,,,
1908,2026-05-26,SZ000100,0.042121417820453644,EXP_LinearModel_Alpha158_csi300_custom_step0_s_20260526_16,b1a493c43e3f4e2188fccc59466acef0,0.103,,,
1909,2026-05-26,SZ000157,-0.0030694424640387297,EXP_LinearModel_Alpha158_csi300_custom_step0_s_20260526_16,b1a493c43e3f4e2188fccc59466acef0,0.103,,,
1910,2026-05-26,SZ000166,0.017728518694639206,EXP_LinearModel_Alpha158_csi300_custom_step0_s_20260526_16,b1a493c43e3f4e2188fccc59466acef0,0.103,,,
1911,2026-05-26,SZ000301,-0.025457043200731277,EXP_LinearModel_Alpha158_csi300_custom_step0_s_20260526_16,b1a493c43e3f4e2188fccc59466acef0,0.103,,,
1912,2026-05-26,SZ000333,-0.012295927852392197,EXP_LinearModel_Alpha158_csi300_custom_step0_s_20260526_16,b1a493c43e3f4e2188fccc59466acef0,0.103,,,
1913,2026-05-26,SZ000338,0.04526800662279129,EXP_LinearModel_Alpha158_csi300_custom_step0_s_20260526_16,b1a493c43e3f4e2188fccc59466acef0,0.103,,,
1914,2026-05-26,SZ000408,0.054134439677000046,EXP_LinearModel_Alpha158_csi300_custom_step0_s_20260526_16,b1a493c43e3f4e2188fccc59466acef0,0.103,,,
1915,2026-05-26,SZ000786,-0.05600101128220558,EXP_LinearModel_Alpha158_csi300_custom_step0_s_20260526_16,b1a493c43e3f4e2188fccc59466acef0,0.103,,,
1916,2026-05-26,SZ000776,-0.06785669922828674,EXP_LinearModel_Alpha158_csi300_custom_step0_s_20260526_16,b1a493c43e3f4e2188fccc59466acef0,0.103,,,
1917,2026-05-26,SZ000768,-0.058400318026542664,EXP_LinearModel_Alpha158_csi300_custom_step0_s_20260526_16,b1a493c43e3f4e2188fccc59466acef0,0.103,,,
1918,2026-05-26,SZ000725,-0.06713434308767319,EXP_LinearModel_Alpha158_csi300_custom_step0_s_20260526_16,b1a493c43e3f4e2188fccc59466acef0,0.103,,,
1919,2026-05-26,SZ000708,0.06170877069234848,EXP_LinearModel_Alpha158_csi300_custom_step0_s_20260526_16,b1a493c43e3f4e2188fccc59466acef0,0.103,,,
1920,2026-05-26,SZ000661,-0.04002929851412773,EXP_LinearModel_Alpha158_csi300_custom_step0_s_20260526_16,b1a493c43e3f4e2188fccc59466acef0,0.103,,,
1921,2026-05-26,SH688223,-0.012905281968414783,EXP_LinearModel_Alpha158_csi300_custom_step0_s_20260526_16,b1a493c43e3f4e2188fccc59466acef0,0.103,,,
1922,2026-05-26,SZ000651,-0.02454495057463646,EXP_LinearModel_Alpha158_csi300_custom_step0_s_20260526_16,b1a493c43e3f4e2188fccc59466acef0,0.103,,,
1923,2026-05-26,SZ000625,0.028147045522928238,EXP_LinearModel_Alpha158_csi300_custom_step0_s_20260526_16,b1a493c43e3f4e2188fccc59466acef0,0.103,,,
1924,2026-05-26,SZ000617,-0.06907090544700623,EXP_LinearModel_Alpha158_csi300_custom_step0_s_20260526_16,b1a493c43e3f4e2188fccc59466acef0,0.103,,,
1925,2026-05-26,SZ000596,0.011557209305465221,EXP_LinearModel_Alpha158_csi300_custom_step0_s_20260526_16,b1a493c43e3f4e2188fccc59466acef0,0.103,,,
1926,2026-05-26,SZ000568,0.035190727561712265,EXP_LinearModel_Alpha158_csi300_custom_step0_s_20260526_16,b1a493c43e3f4e2188fccc59466acef0,0.103,,,
1927,2026-05-26,SZ000538,-0.03173159807920456,EXP_LinearModel_Alpha158_csi300_custom_step0_s_20260526_16,b1a493c43e3f4e2188fccc59466acef0,0.103,,,
1928,2026-05-26,SZ000425,-0.038263048976659775,EXP_LinearModel_Alpha158_csi300_custom_step0_s_20260526_16,b1a493c43e3f4e2188fccc59466acef0,0.103,,,
1929,2026-05-26,SZ000630,-0.11682035773992538,EXP_LinearModel_Alpha158_csi300_custom_step0_s_20260526_16,b1a493c43e3f4e2188fccc59466acef0,0.103,,,
1930,2026-05-26,SH688187,-0.07754040509462357,EXP_LinearModel_Alpha158_csi300_custom_step0_s_20260526_16,b1a493c43e3f4e2188fccc59466acef0,0.103,,,
1931,2026-05-26,SH688169,-0.0647379457950592,EXP_LinearModel_Alpha158_csi300_custom_step0_s_20260526_16,b1a493c43e3f4e2188fccc59466acef0,0.103,,,
1932,2026-05-26,SH688126,0.05416296795010567,EXP_LinearModel_Alpha158_csi300_custom_step0_s_20260526_16,b1a493c43e3f4e2188fccc59466acef0,0.103,,,
1933,2026-05-26,SH603288,-0.09633760154247284,EXP_LinearModel_Alpha158_csi300_custom_step0_s_20260526_16,b1a493c43e3f4e2188fccc59466acef0,0.103,,,
1934,2026-05-26,SH603260,-0.05200612545013428,EXP_LinearModel_Alpha158_csi300_custom_step0_s_20260526_16,b1a493c43e3f4e2188fccc59466acef0,0.103,,,
1935,2026-05-26,SH603259,0.07027504593133926,EXP_LinearModel_Alpha158_csi300_custom_step0_s_20260526_16,b1a493c43e3f4e2188fccc59466acef0,0.103,,,
1936,2026-05-26,SH603195,-0.06248730793595314,EXP_LinearModel_Alpha158_csi300_custom_step0_s_20260526_16,b1a493c43e3f4e2188fccc59466acef0,0.103,,,
1937,2026-05-26,SH603019,-0.029070764780044556,EXP_LinearModel_Alpha158_csi300_custom_step0_s_20260526_16,b1a493c43e3f4e2188fccc59466acef0,0.103,,,
1938,2026-05-26,SH601998,-0.08348985761404037,EXP_LinearModel_Alpha158_csi300_custom_step0_s_20260526_16,b1a493c43e3f4e2188fccc59466acef0,0.103,,,
1939,2026-05-26,SH603296,-0.050386399030685425,EXP_LinearModel_Alpha158_csi300_custom_step0_s_20260526_16,b1a493c43e3f4e2188fccc59466acef0,0.103,,,
1940,2026-05-26,SH601995,0.014302732422947884,EXP_LinearModel_Alpha158_csi300_custom_step0_s_20260526_16,b1a493c43e3f4e2188fccc59466acef0,0.103,,,
1941,2026-05-26,SH601985,-0.01719258353114128,EXP_LinearModel_Alpha158_csi300_custom_step0_s_20260526_16,b1a493c43e3f4e2188fccc59466acef0,0.103,,,
1942,2026-05-26,SH601939,-0.0010233904467895627,EXP_LinearModel_Alpha158_csi300_custom_step0_s_20260526_16,b1a493c43e3f4e2188fccc59466acef0,0.103,,,
1943,2026-05-26,SH601919,0.01812722533941269,EXP_LinearModel_Alpha158_csi300_custom_step0_s_20260526_16,b1a493c43e3f4e2188fccc59466acef0,0.103,,,
1944,2026-05-26,SH601916,0.10477429628372192,EXP_LinearModel_Alpha158_csi300_custom_step0_s_20260526_16,b1a493c43e3f4e2188fccc59466acef0,0.103,,,
1945,2026-05-26,SH601901,0.11021886765956879,EXP_LinearModel_Alpha158_csi300_custom_step0_s_20260526_16,b1a493c43e3f4e2188fccc59466acef0,0.103,,,
1946,2026-05-26,SH601899,0.048905886709690094,EXP_LinearModel_Alpha158_csi300_custom_step0_s_20260526_16,b1a493c43e3f4e2188fccc59466acef0,0.103,,,
1947,2026-05-26,SH601988,0.03418302163481712,EXP_LinearModel_Alpha158_csi300_custom_step0_s_20260526_16,b1a493c43e3f4e2188fccc59466acef0,0.103,,,
1948,2026-05-26,SH600570,0.039694834500551224,EXP_LinearModel_Alpha158_csi300_custom_step0_s_20260526_16,d659b0c470b64201853a17143d3fff06,0.026,,,
1949,2026-05-26,SH603369,0.026706937700510025,EXP_LinearModel_Alpha158_csi300_custom_step0_s_20260526_16,b1a493c43e3f4e2188fccc59466acef0,0.103,,,
1950,2026-05-26,SH603501,-0.04737813025712967,EXP_LinearModel_Alpha158_csi300_custom_step0_s_20260526_16,b1a493c43e3f4e2188fccc59466acef0,0.103,,,
1951,2026-05-26,SH688111,-0.04205117002129555,EXP_LinearModel_Alpha158_csi300_custom_step0_s_20260526_16,b1a493c43e3f4e2188fccc59466acef0,0.103,,,
1952,2026-05-26,SH688082,-0.19062991440296173,EXP_LinearModel_Alpha158_csi300_custom_step0_s_20260526_16,b1a493c43e3f4e2188fccc59466acef0,0.103,,,
1953,2026-05-26,SH688047,0.010382812470197678,EXP_LinearModel_Alpha158_csi300_custom_step0_s_20260526_16,b1a493c43e3f4e2188fccc59466acef0,0.103,,,
1954,2026-05-26,SH688041,0.021042630076408386,EXP_LinearModel_Alpha158_csi300_custom_step0_s_20260526_16,b1a493c43e3f4e2188fccc59466acef0,0.103,,,
1955,2026-05-26,SH688036,0.025184910744428635,EXP_LinearModel_Alpha158_csi300_custom_step0_s_20260526_16,b1a493c43e3f4e2188fccc59466acef0,0.103,,,
1956,2026-05-26,SH688012,0.04592664912343025,EXP_LinearModel_Alpha158_csi300_custom_step0_s_20260526_16,b1a493c43e3f4e2188fccc59466acef0,0.103,,,
1957,2026-05-26,SH603392,-0.055749163031578064,EXP_LinearModel_Alpha158_csi300_custom_step0_s_20260526_16,b1a493c43e3f4e2188fccc59466acef0,0.103,,,
1958,2026-05-26,SH688009,-0.00913679227232933,EXP_LinearModel_Alpha158_csi300_custom_step0_s_20260526_16,b1a493c43e3f4e2188fccc59466acef0,0.103,,,
1959,2026-05-26,SH605499,-0.07927092164754868,EXP_LinearModel_Alpha158_csi300_custom_step0_s_20260526_16,b1a493c43e3f4e2188fccc59466acef0,0.103,,,
1960,2026-05-26,SH605117,0.028918175026774406,EXP_LinearModel_Alpha158_csi300_custom_step0_s_20260526_16,b1a493c43e3f4e2188fccc59466acef0,0.103,,,
1961,2026-05-26,SH603993,-0.021641820669174194,EXP_LinearModel_Alpha158_csi300_custom_step0_s_20260526_16,b1a493c43e3f4e2188fccc59466acef0,0.103,,,
1962,2026-05-26,SH603986,-0.17219114303588867,EXP_LinearModel_Alpha158_csi300_custom_step0_s_20260526_16,b1a493c43e3f4e2188fccc59466acef0,0.103,,,
1963,2026-05-26,SH603893,-0.03491733968257904,EXP_LinearModel_Alpha158_csi300_custom_step0_s_20260526_16,b1a493c43e3f4e2188fccc59466acef0,0.103,,,
1964,2026-05-26,SH603799,-0.04630200192332268,EXP_LinearModel_Alpha158_csi300_custom_step0_s_20260526_16,b1a493c43e3f4e2188fccc59466acef0,0.103,,,
1965,2026-05-26,SH688008,-0.04901973158121109,EXP_LinearModel_Alpha158_csi300_custom_step0_s_20260526_16,b1a493c43e3f4e2188fccc59466acef0,0.103,,,
1966,2026-05-26,SH600584,-0.266887366771698,EXP_LinearModel_Alpha158_csi300_custom_step0_s_20260526_16,d659b0c470b64201853a17143d3fff06,0.026,,,
1967,2026-05-26,SH600585,-0.0905781090259552,EXP_LinearModel_Alpha158_csi300_custom_step0_s_20260526_16,d659b0c470b64201853a17143d3fff06,0.026,,,
1968,2026-05-26,SH600588,0.0008028715965338051,EXP_LinearModel_Alpha158_csi300_custom_step0_s_20260526_16,d659b0c470b64201853a17143d3fff06,0.026,,,
1969,2026-05-26,SZ002142,-0.036047033965587616,EXP_LinearModel_Alpha158_csi300_custom_step0_s_20260526_16,d659b0c470b64201853a17143d3fff06,0.026,,,
1970,2026-05-26,SZ002179,0.09548870474100113,EXP_LinearModel_Alpha158_csi300_custom_step0_s_20260526_16,d659b0c470b64201853a17143d3fff06,0.026,,,
1971,2026-05-26,SZ002230,0.02161979302763939,EXP_LinearModel_Alpha158_csi300_custom_step0_s_20260526_16,d659b0c470b64201853a17143d3fff06,0.026,,,
1972,2026-05-26,SZ002236,0.04371454566717148,EXP_LinearModel_Alpha158_csi300_custom_step0_s_20260526_16,d659b0c470b64201853a17143d3fff06,0.026,,,
1973,2026-05-26,SZ002241,0.08276890963315964,EXP_LinearModel_Alpha158_csi300_custom_step0_s_20260526_16,d659b0c470b64201853a17143d3fff06,0.026,,,
1974,2026-05-26,SZ002252,0.03531789034605026,EXP_LinearModel_Alpha158_csi300_custom_step0_s_20260526_16,d659b0c470b64201853a17143d3fff06,0.026,,,
1975,2026-05-26,SZ002304,-0.0035510831512510777,EXP_LinearModel_Alpha158_csi300_custom_step0_s_20260526_16,d659b0c470b64201853a17143d3fff06,0.026,,,
1976,2026-05-26,SZ002311,-0.040748924016952515,EXP_LinearModel_Alpha158_csi300_custom_step0_s_20260526_16,d659b0c470b64201853a17143d3fff06,0.026,,,
1977,2026-05-26,SZ002352,0.026822101324796677,EXP_LinearModel_Alpha158_csi300_custom_step0_s_20260526_16,d659b0c470b64201853a17143d3fff06,0.026,,,
1978,2026-05-26,SZ002371,-0.0013029137626290321,EXP_LinearModel_Alpha158_csi300_custom_step0_s_20260526_16,d659b0c470b64201853a17143d3fff06,0.026,,,
1979,2026-05-26,SZ002384,0.18464349210262299,EXP_LinearModel_Alpha158_csi300_custom_step0_s_20260526_16,d659b0c470b64201853a17143d3fff06,0.026,,,
1980,2026-05-26,SZ002415,0.008190721273422241,EXP_LinearModel_Alpha158_csi300_custom_step0_s_20260526_16,d659b0c470b64201853a17143d3fff06,0.026,,,
1981,2026-05-26,SZ002422,-0.0562441423535347,EXP_LinearModel_Alpha158_csi300_custom_step0_s_20260526_16,d659b0c470b64201853a17143d3fff06,0.026,,,
1982,2026-05-26,SZ002459,0.03301478549838066,EXP_LinearModel_Alpha158_csi300_custom_step0_s_20260526_16,d659b0c470b64201853a17143d3fff06,0.026,,,
1983,2026-05-26,SZ002460,-0.027278877794742584,EXP_LinearModel_Alpha158_csi300_custom_step0_s_20260526_16,d659b0c470b64201853a17143d3fff06,0.026,,,
1984,2026-05-26,SZ002463,-0.09320001304149628,EXP_LinearModel_Alpha158_csi300_custom_step0_s_20260526_16,d659b0c470b64201853a17143d3fff06,0.026,,,
1985,2026-05-26,SZ002466,0.008068200200796127,EXP_LinearModel_Alpha158_csi300_custom_step0_s_20260526_16,d659b0c470b64201853a17143d3fff06,0.026,,,
1986,2026-05-26,SZ003816,0.1316801756620407,EXP_LinearModel_Alpha158_csi300_custom_step0_s_20260526_16,d659b0c470b64201853a17143d3fff06,0.026,,,
1987,2026-05-26,SZ002938,-0.21398785710334778,EXP_LinearModel_Alpha158_csi300_custom_step0_s_20260526_16,d659b0c470b64201853a17143d3fff06,0.026,,,
1988,2026-05-26,SZ002920,-0.021919408813118935,EXP_LinearModel_Alpha158_csi300_custom_step0_s_20260526_16,d659b0c470b64201853a17143d3fff06,0.026,,,
1989,2026-05-26,SZ002916,-0.17514756321907043,EXP_LinearModel_Alpha158_csi300_custom_step0_s_20260526_16,d659b0c470b64201853a17143d3fff06,0.026,,,
1990,2026-05-26,SZ002736,0.02787645161151886,EXP_LinearModel_Alpha158_csi300_custom_step0_s_20260526_16,d659b0c470b64201853a17143d3fff06,0.026,,,
1991,2026-05-26,SZ002714,-0.09409116208553314,EXP_LinearModel_Alpha158_csi300_custom_step0_s_20260526_16,d659b0c470b64201853a17143d3fff06,0.026,,,
1992,2026-05-26,SZ002074,0.016081219539046288,EXP_LinearModel_Alpha158_csi300_custom_step0_s_20260526_16,d659b0c470b64201853a17143d3fff06,0.026,,,
1993,2026-05-26,SZ002709,0.12255287915468216,EXP_LinearModel_Alpha158_csi300_custom_step0_s_20260526_16,d659b0c470b64201853a17143d3fff06,0.026,,,
1994,2026-05-26,SZ002625,0.04105660319328308,EXP_LinearModel_Alpha158_csi300_custom_step0_s_20260526_16,d659b0c470b64201853a17143d3fff06,0.026,,,
1995,2026-05-26,SZ002601,-0.002857641316950321,EXP_LinearModel_Alpha158_csi300_custom_step0_s_20260526_16,d659b0c470b64201853a17143d3fff06,0.026,,,
1996,2026-05-26,SZ002600,-0.033127542585134506,EXP_LinearModel_Alpha158_csi300_custom_step0_s_20260526_16,d659b0c470b64201853a17143d3fff06,0.026,,,
1997,2026-05-26,SZ002594,-0.0163462832570076,EXP_LinearModel_Alpha158_csi300_custom_step0_s_20260526_16,d659b0c470b64201853a17143d3fff06,0.026,,,
1998,2026-05-26,SZ002493,0.03222079947590828,EXP_LinearModel_Alpha158_csi300_custom_step0_s_20260526_16,d659b0c470b64201853a17143d3fff06,0.026,,,
1999,2026-05-26,SZ002475,0.04367311671376228,EXP_LinearModel_Alpha158_csi300_custom_step0_s_20260526_16,d659b0c470b64201853a17143d3fff06,0.026,,,
2000,2026-05-26,SZ002648,0.04688476398587227,EXP_LinearModel_Alpha158_csi300_custom_step0_s_20260526_16,d659b0c470b64201853a17143d3fff06,0.026,,,
2001,2026-05-26,SZ300014,0.059022292494773865,EXP_LinearModel_Alpha158_csi300_custom_step0_s_20260526_16,d659b0c470b64201853a17143d3fff06,0.026,,,
2002,2026-05-26,SZ002050,-0.03670870140194893,EXP_LinearModel_Alpha158_csi300_custom_step0_s_20260526_16,d659b0c470b64201853a17143d3fff06,0.026,,,
2003,2026-05-26,SZ002028,-0.0072792042046785355,EXP_LinearModel_Alpha158_csi300_custom_step0_s_20260526_16,d659b0c470b64201853a17143d3fff06,0.026,,,
2004,2026-05-26,SZ000408,0.1003618836402893,EXP_LinearModel_Alpha158_csi300_custom_step0_s_20260526_16,d659b0c470b64201853a17143d3fff06,0.026,,,
2005,2026-05-26,SZ000425,-0.03376935049891472,EXP_LinearModel_Alpha158_csi300_custom_step0_s_20260526_16,d659b0c470b64201853a17143d3fff06,0.026,,,
2006,2026-05-26,SZ000538,-0.1362682729959488,EXP_LinearModel_Alpha158_csi300_custom_step0_s_20260526_16,d659b0c470b64201853a17143d3fff06,0.026,,,
2007,2026-05-26,SZ000568,0.061060935258865356,EXP_LinearModel_Alpha158_csi300_custom_step0_s_20260526_16,d659b0c470b64201853a17143d3fff06,0.026,,,
2008,2026-05-26,SZ000596,0.028747662901878357,EXP_LinearModel_Alpha158_csi300_custom_step0_s_20260526_16,d659b0c470b64201853a17143d3fff06,0.026,,,
2009,2026-05-26,SZ000617,-0.029748857021331787,EXP_LinearModel_Alpha158_csi300_custom_step0_s_20260526_16,d659b0c470b64201853a17143d3fff06,0.026,,,
2010,2026-05-26,SZ000625,-0.018947729840874672,EXP_LinearModel_Alpha158_csi300_custom_step0_s_20260526_16,d659b0c470b64201853a17143d3fff06,0.026,,,
2011,2026-05-26,SZ000630,-0.07365355640649796,EXP_LinearModel_Alpha158_csi300_custom_step0_s_20260526_16,d659b0c470b64201853a17143d3fff06,0.026,,,
2012,2026-05-26,SZ000651,-0.02792169712483883,EXP_LinearModel_Alpha158_csi300_custom_step0_s_20260526_16,d659b0c470b64201853a17143d3fff06,0.026,,,
2013,2026-05-26,SZ000661,-0.033481501042842865,EXP_LinearModel_Alpha158_csi300_custom_step0_s_20260526_16,d659b0c470b64201853a17143d3fff06,0.026,,,
2014,2026-05-26,SZ000708,0.037970755249261856,EXP_LinearModel_Alpha158_csi300_custom_step0_s_20260526_16,d659b0c470b64201853a17143d3fff06,0.026,,,
2015,2026-05-26,SZ000725,-0.051054492592811584,EXP_LinearModel_Alpha158_csi300_custom_step0_s_20260526_16,d659b0c470b64201853a17143d3fff06,0.026,,,
2016,2026-05-26,SZ000768,0.006240458227694035,EXP_LinearModel_Alpha158_csi300_custom_step0_s_20260526_16,d659b0c470b64201853a17143d3fff06,0.026,,,
2017,2026-05-26,SZ000776,0.00313310488127172,EXP_LinearModel_Alpha158_csi300_custom_step0_s_20260526_16,d659b0c470b64201853a17143d3fff06,0.026,,,
2018,2026-05-26,SZ000786,0.01329519972205162,EXP_LinearModel_Alpha158_csi300_custom_step0_s_20260526_16,d659b0c470b64201853a17143d3fff06,0.026,,,
2019,2026-05-26,SZ000792,0.012201724573969841,EXP_LinearModel_Alpha158_csi300_custom_step0_s_20260526_16,d659b0c470b64201853a17143d3fff06,0.026,,,
2020,2026-05-26,SZ000807,0.03531663119792938,EXP_LinearModel_Alpha158_csi300_custom_step0_s_20260526_16,d659b0c470b64201853a17143d3fff06,0.026,,,
2021,2026-05-26,SZ002027,-0.059298258274793625,EXP_LinearModel_Alpha158_csi300_custom_step0_s_20260526_16,d659b0c470b64201853a17143d3fff06,0.026,,,
2022,2026-05-26,SZ002001,0.05408044531941414,EXP_LinearModel_Alpha158_csi300_custom_step0_s_20260526_16,d659b0c470b64201853a17143d3fff06,0.026,,,
2023,2026-05-26,SZ001979,0.040740009397268295,EXP_LinearModel_Alpha158_csi300_custom_step0_s_20260526_16,d659b0c470b64201853a17143d3fff06,0.026,,,
2024,2026-05-26,SZ001965,0.021065471693873405,EXP_LinearModel_Alpha158_csi300_custom_step0_s_20260526_16,d659b0c470b64201853a17143d3fff06,0.026,,,
2025,2026-05-26,SZ001391,-0.05816394463181496,EXP_LinearModel_Alpha158_csi300_custom_step0_s_20260526_16,d659b0c470b64201853a17143d3fff06,0.026,,,
2026,2026-05-26,SZ000999,-0.06406009197235107,EXP_LinearModel_Alpha158_csi300_custom_step0_s_20260526_16,d659b0c470b64201853a17143d3fff06,0.026,,,
2027,2026-05-26,SZ002049,0.003269079141318798,EXP_LinearModel_Alpha158_csi300_custom_step0_s_20260526_16,d659b0c470b64201853a17143d3fff06,0.026,,,
2028,2026-05-26,SZ000983,0.019787734374403954,EXP_LinearModel_Alpha158_csi300_custom_step0_s_20260526_16,d659b0c470b64201853a17143d3fff06,0.026,,,
2029,2026-05-26,SZ000975,0.09043195843696594,EXP_LinearModel_Alpha158_csi300_custom_step0_s_20260526_16,d659b0c470b64201853a17143d3fff06,0.026,,,
2030,2026-05-26,SZ000963,-0.0734093114733696,EXP_LinearModel_Alpha158_csi300_custom_step0_s_20260526_16,d659b0c470b64201853a17143d3fff06,0.026,,,
2031,2026-05-26,SZ000938,0.1837371289730072,EXP_LinearModel_Alpha158_csi300_custom_step0_s_20260526_16,d659b0c470b64201853a17143d3fff06,0.026,,,
2032,2026-05-26,SZ000895,-0.07780487090349197,EXP_LinearModel_Alpha158_csi300_custom_step0_s_20260526_16,d659b0c470b64201853a17143d3fff06,0.026,,,
2033,2026-05-26,SZ000876,-0.07160541415214539,EXP_LinearModel_Alpha158_csi300_custom_step0_s_20260526_16,d659b0c470b64201853a17143d3fff06,0.026,,,
2034,2026-05-26,SZ000858,-0.006169083993881941,EXP_LinearModel_Alpha158_csi300_custom_step0_s_20260526_16,d659b0c470b64201853a17143d3fff06,0.026,,,
2035,2026-05-26,SZ000977,0.12948887050151825,EXP_LinearModel_Alpha158_csi300_custom_step0_s_20260526_16,d659b0c470b64201853a17143d3fff06,0.026,,,
2036,2026-05-26,SZ300015,0.02527092769742012,EXP_LinearModel_Alpha158_csi300_custom_step0_s_20260526_16,d659b0c470b64201853a17143d3fff06,0.026,,,
2037,2026-05-26,SZ300033,0.05003989115357399,EXP_LinearModel_Alpha158_csi300_custom_step0_s_20260526_16,d659b0c470b64201853a17143d3fff06,0.026,,,
2038,2026-05-26,SZ300059,0.027294769883155823,EXP_LinearModel_Alpha158_csi300_custom_step0_s_20260526_16,d659b0c470b64201853a17143d3fff06,0.026,,,
2039,2026-05-26,SH600016,-0.22204679250717163,EXP_LinearModel_Alpha158_csi300_custom_step0_s_20260526_16,3156b2e58015419da5c3e649004bba5c,0.124,,,
2040,2026-05-26,SH600018,-0.024170516058802605,EXP_LinearModel_Alpha158_csi300_custom_step0_s_20260526_16,3156b2e58015419da5c3e649004bba5c,0.124,,,
2041,2026-05-26,SH600019,-0.02202281542122364,EXP_LinearModel_Alpha158_csi300_custom_step0_s_20260526_16,3156b2e58015419da5c3e649004bba5c,0.124,,,
2042,2026-05-26,SH600023,0.020125940442085266,EXP_LinearModel_Alpha158_csi300_custom_step0_s_20260526_16,3156b2e58015419da5c3e649004bba5c,0.124,,,
2043,2026-05-26,SH600025,-0.003641858696937561,EXP_LinearModel_Alpha158_csi300_custom_step0_s_20260526_16,3156b2e58015419da5c3e649004bba5c,0.124,,,
2044,2026-05-26,SH600026,-0.08960580080747604,EXP_LinearModel_Alpha158_csi300_custom_step0_s_20260526_16,3156b2e58015419da5c3e649004bba5c,0.124,,,
2045,2026-05-26,SH600027,0.17356768250465393,EXP_LinearModel_Alpha158_csi300_custom_step0_s_20260526_16,3156b2e58015419da5c3e649004bba5c,0.124,,,
2046,2026-05-26,SH600028,-0.015402756631374359,EXP_LinearModel_Alpha158_csi300_custom_step0_s_20260526_16,3156b2e58015419da5c3e649004bba5c,0.124,,,
2047,2026-05-26,SH600029,0.03577569127082825,EXP_LinearModel_Alpha158_csi300_custom_step0_s_20260526_16,3156b2e58015419da5c3e649004bba5c,0.124,,,
2048,2026-05-26,SH600030,0.021329402923583984,EXP_LinearModel_Alpha158_csi300_custom_step0_s_20260526_16,3156b2e58015419da5c3e649004bba5c,0.124,,,
2049,2026-05-26,SH600031,0.03810916095972061,EXP_LinearModel_Alpha158_csi300_custom_step0_s_20260526_16,3156b2e58015419da5c3e649004bba5c,0.124,,,
2050,2026-05-26,SH600036,-0.20379233360290527,EXP_LinearModel_Alpha158_csi300_custom_step0_s_20260526_16,3156b2e58015419da5c3e649004bba5c,0.124,,,
2051,2026-05-26,SH600039,0.01332063227891922,EXP_LinearModel_Alpha158_csi300_custom_step0_s_20260526_16,3156b2e58015419da5c3e649004bba5c,0.124,,,
2052,2026-05-26,SH600048,0.032416634261608124,EXP_LinearModel_Alpha158_csi300_custom_step0_s_20260526_16,3156b2e58015419da5c3e649004bba5c,0.124,,,
2053,2026-05-26,SH600050,-0.1107683852314949,EXP_LinearModel_Alpha158_csi300_custom_step0_s_20260526_16,3156b2e58015419da5c3e649004bba5c,0.124,,,
2054,2026-05-26,SH600061,0.017710663378238678,EXP_LinearModel_Alpha158_csi300_custom_step0_s_20260526_16,3156b2e58015419da5c3e649004bba5c,0.124,,,
2055,2026-05-26,SH600066,-0.021522685885429382,EXP_LinearModel_Alpha158_csi300_custom_step0_s_20260526_16,3156b2e58015419da5c3e649004bba5c,0.124,,,
2056,2026-05-26,SH600233,0.04726014286279678,EXP_LinearModel_Alpha158_csi300_custom_step0_s_20260526_16,3156b2e58015419da5c3e649004bba5c,0.124,,,
2057,2026-05-26,SH600219,0.0988670140504837,EXP_LinearModel_Alpha158_csi300_custom_step0_s_20260526_16,3156b2e58015419da5c3e649004bba5c,0.124,,,
2058,2026-05-26,SH600196,-0.09870348870754242,EXP_LinearModel_Alpha158_csi300_custom_step0_s_20260526_16,3156b2e58015419da5c3e649004bba5c,0.124,,,
2059,2026-05-26,SH600188,0.066285640001297,EXP_LinearModel_Alpha158_csi300_custom_step0_s_20260526_16,3156b2e58015419da5c3e649004bba5c,0.124,,,
2060,2026-05-26,SH600183,-0.04868172109127045,EXP_LinearModel_Alpha158_csi300_custom_step0_s_20260526_16,3156b2e58015419da5c3e649004bba5c,0.124,,,
2061,2026-05-26,SH600176,0.19580283761024475,EXP_LinearModel_Alpha158_csi300_custom_step0_s_20260526_16,3156b2e58015419da5c3e649004bba5c,0.124,,,
2062,2026-05-26,SH600015,-0.007087327539920807,EXP_LinearModel_Alpha158_csi300_custom_step0_s_20260526_16,3156b2e58015419da5c3e649004bba5c,0.124,,,
2063,2026-05-26,SH600161,-0.044127680361270905,EXP_LinearModel_Alpha158_csi300_custom_step0_s_20260526_16,3156b2e58015419da5c3e649004bba5c,0.124,,,
2064,2026-05-26,SH600150,0.17991887032985687,EXP_LinearModel_Alpha158_csi300_custom_step0_s_20260526_16,3156b2e58015419da5c3e649004bba5c,0.124,,,
2065,2026-05-26,SH600115,0.05243716016411781,EXP_LinearModel_Alpha158_csi300_custom_step0_s_20260526_16,3156b2e58015419da5c3e649004bba5c,0.124,,,
2066,2026-05-26,SH600111,0.1480501890182495,EXP_LinearModel_Alpha158_csi300_custom_step0_s_20260526_16,3156b2e58015419da5c3e649004bba5c,0.124,,,
2067,2026-05-26,SH600104,-0.03862237185239792,EXP_LinearModel_Alpha158_csi300_custom_step0_s_20260526_16,3156b2e58015419da5c3e649004bba5c,0.124,,,
2068,2026-05-26,SH600089,-0.022030824795365334,EXP_LinearModel_Alpha158_csi300_custom_step0_s_20260526_16,3156b2e58015419da5c3e649004bba5c,0.124,,,
2069,2026-05-26,SH600085,-0.07557766884565353,EXP_LinearModel_Alpha158_csi300_custom_step0_s_20260526_16,3156b2e58015419da5c3e649004bba5c,0.124,,,
2070,2026-05-26,SH600160,0.13079829514026642,EXP_LinearModel_Alpha158_csi300_custom_step0_s_20260526_16,3156b2e58015419da5c3e649004bba5c,0.124,,,
2071,2026-05-26,SH600011,0.07602421194314957,EXP_LinearModel_Alpha158_csi300_custom_step0_s_20260526_16,3156b2e58015419da5c3e649004bba5c,0.124,,,
2072,2026-05-26,SH600010,0.03040027618408203,EXP_LinearModel_Alpha158_csi300_custom_step0_s_20260526_16,3156b2e58015419da5c3e649004bba5c,0.124,,,
2073,2026-05-26,SH600009,-0.012540042400360107,EXP_LinearModel_Alpha158_csi300_custom_step0_s_20260526_16,3156b2e58015419da5c3e649004bba5c,0.124,,,
2074,2026-05-26,SZ300476,-0.12479764223098755,EXP_LinearModel_Alpha158_csi300_custom_step0_s_20260526_16,d659b0c470b64201853a17143d3fff06,0.026,,,
2075,2026-05-26,SZ300442,-0.020705770701169968,EXP_LinearModel_Alpha158_csi300_custom_step0_s_20260526_16,d659b0c470b64201853a17143d3fff06,0.026,,,
2076,2026-05-26,SZ300433,-0.08006564527750015,EXP_LinearModel_Alpha158_csi300_custom_step0_s_20260526_16,d659b0c470b64201853a17143d3fff06,0.026,,,
2077,2026-05-26,SZ300418,0.06342307478189468,EXP_LinearModel_Alpha158_csi300_custom_step0_s_20260526_16,d659b0c470b64201853a17143d3fff06,0.026,,,
2078,2026-05-26,SZ300413,0.029264628887176514,EXP_LinearModel_Alpha158_csi300_custom_step0_s_20260526_16,d659b0c470b64201853a17143d3fff06,0.026,,,
2079,2026-05-26,SZ300408,-0.1457998901605606,EXP_LinearModel_Alpha158_csi300_custom_step0_s_20260526_16,d659b0c470b64201853a17143d3fff06,0.026,,,
2080,2026-05-26,SZ300498,-0.03180020675063133,EXP_LinearModel_Alpha158_csi300_custom_step0_s_20260526_16,d659b0c470b64201853a17143d3fff06,0.026,,,
2081,2026-05-26,SZ300394,-0.14177826046943665,EXP_LinearModel_Alpha158_csi300_custom_step0_s_20260526_16,d659b0c470b64201853a17143d3fff06,0.026,,,
2082,2026-05-26,SZ300316,-0.15020745992660522,EXP_LinearModel_Alpha158_csi300_custom_step0_s_20260526_16,d659b0c470b64201853a17143d3fff06,0.026,,,
2083,2026-05-26,SZ300308,-0.10526642948389053,EXP_LinearModel_Alpha158_csi300_custom_step0_s_20260526_16,d659b0c470b64201853a17143d3fff06,0.026,,,
2084,2026-05-26,SZ300274,-0.05577918142080307,EXP_LinearModel_Alpha158_csi300_custom_step0_s_20260526_16,d659b0c470b64201853a17143d3fff06,0.026,,,
2085,2026-05-26,SZ300251,0.02404319867491722,EXP_LinearModel_Alpha158_csi300_custom_step0_s_20260526_16,d659b0c470b64201853a17143d3fff06,0.026,,,
2086,2026-05-26,SZ300124,-0.05910727009177208,EXP_LinearModel_Alpha158_csi300_custom_step0_s_20260526_16,d659b0c470b64201853a17143d3fff06,0.026,,,
2087,2026-05-26,SZ300122,-0.002336824545636773,EXP_LinearModel_Alpha158_csi300_custom_step0_s_20260526_16,d659b0c470b64201853a17143d3fff06,0.026,,,
2088,2026-05-26,SZ300347,0.11456968635320663,EXP_LinearModel_Alpha158_csi300_custom_step0_s_20260526_16,d659b0c470b64201853a17143d3fff06,0.026,,,
2089,2026-05-26,SZ000338,0.13809610903263092,EXP_LinearModel_Alpha158_csi300_custom_step0_s_20260526_16,d659b0c470b64201853a17143d3fff06,0.026,,,
2090,2026-05-26,SZ300502,-0.09231335669755936,EXP_LinearModel_Alpha158_csi300_custom_step0_s_20260526_16,d659b0c470b64201853a17143d3fff06,0.026,,,
2091,2026-05-26,SZ300661,0.04929466173052788,EXP_LinearModel_Alpha158_csi300_custom_step0_s_20260526_16,d659b0c470b64201853a17143d3fff06,0.026,,,
2092,2026-05-26,SH600000,-0.02945995330810547,EXP_LinearModel_Alpha158_csi300_custom_step0_s_20260526_16,3156b2e58015419da5c3e649004bba5c,0.124,,,
2093,2026-05-26,SZ302132,0.00784336868673563,EXP_LinearModel_Alpha158_csi300_custom_step0_s_20260526_16,d659b0c470b64201853a17143d3fff06,0.026,,,
2094,2026-05-26,SZ301269,-0.2182525098323822,EXP_LinearModel_Alpha158_csi300_custom_step0_s_20260526_16,d659b0c470b64201853a17143d3fff06,0.026,,,
2095,2026-05-26,SZ301236,0.10722511261701584,EXP_LinearModel_Alpha158_csi300_custom_step0_s_20260526_16,d659b0c470b64201853a17143d3fff06,0.026,,,
2096,2026-05-26,SZ300999,-0.09384312480688095,EXP_LinearModel_Alpha158_csi300_custom_step0_s_20260526_16,d659b0c470b64201853a17143d3fff06,0.026,,,
2097,2026-05-26,SZ300979,-0.010706464760005474,EXP_LinearModel_Alpha158_csi300_custom_step0_s_20260526_16,d659b0c470b64201853a17143d3fff06,0.026,,,
2098,2026-05-26,SZ300628,0.05125056207180023,EXP_LinearModel_Alpha158_csi300_custom_step0_s_20260526_16,d659b0c470b64201853a17143d3fff06,0.026,,,
2099,2026-05-26,SZ300896,-0.07032918930053711,EXP_LinearModel_Alpha158_csi300_custom_step0_s_20260526_16,d659b0c470b64201853a17143d3fff06,0.026,,,
2100,2026-05-26,SZ300832,0.005748864263296127,EXP_LinearModel_Alpha158_csi300_custom_step0_s_20260526_16,d659b0c470b64201853a17143d3fff06,0.026,,,
2101,2026-05-26,SZ300803,0.07925013452768326,EXP_LinearModel_Alpha158_csi300_custom_step0_s_20260526_16,d659b0c470b64201853a17143d3fff06,0.026,,,
2102,2026-05-26,SZ300782,-0.018957242369651794,EXP_LinearModel_Alpha158_csi300_custom_step0_s_20260526_16,d659b0c470b64201853a17143d3fff06,0.026,,,
2103,2026-05-26,SZ300760,0.050447143614292145,EXP_LinearModel_Alpha158_csi300_custom_step0_s_20260526_16,d659b0c470b64201853a17143d3fff06,0.026,,,
2104,2026-05-26,SZ300759,-0.0006229851860553026,EXP_LinearModel_Alpha158_csi300_custom_step0_s_20260526_16,d659b0c470b64201853a17143d3fff06,0.026,,,
2105,2026-05-26,SZ300750,-0.08717827498912811,EXP_LinearModel_Alpha158_csi300_custom_step0_s_20260526_16,d659b0c470b64201853a17143d3fff06,0.026,,,
2106,2026-05-26,SZ300866,0.0039886063896119595,EXP_LinearModel_Alpha158_csi300_custom_step0_s_20260526_16,d659b0c470b64201853a17143d3fff06,0.026,,,
2107,2026-05-26,SH600919,0.068747378885746,EXP_LinearModel_Alpha158_csi300_custom_step0_s_20260526_16,b1a493c43e3f4e2188fccc59466acef0,0.103,,,
2108,2026-05-26,SZ000333,-0.05190008878707886,EXP_LinearModel_Alpha158_csi300_custom_step0_s_20260526_16,d659b0c470b64201853a17143d3fff06,0.026,,,
2109,2026-05-26,SZ000166,0.011836285702884197,EXP_LinearModel_Alpha158_csi300_custom_step0_s_20260526_16,d659b0c470b64201853a17143d3fff06,0.026,,,
2110,2026-05-26,SH601100,0.062423575669527054,EXP_LinearModel_Alpha158_csi300_custom_step0_s_20260526_16,d659b0c470b64201853a17143d3fff06,0.026,,,
2111,2026-05-26,SH601111,-0.02512633241713047,EXP_LinearModel_Alpha158_csi300_custom_step0_s_20260526_16,d659b0c470b64201853a17143d3fff06,0.026,,,
2112,2026-05-26,SH601117,-0.04246387258172035,EXP_LinearModel_Alpha158_csi300_custom_step0_s_20260526_16,d659b0c470b64201853a17143d3fff06,0.026,,,
2113,2026-05-26,SH601127,-0.03356831893324852,EXP_LinearModel_Alpha158_csi300_custom_step0_s_20260526_16,d659b0c470b64201853a17143d3fff06,0.026,,,
2114,2026-05-26,SH601136,-0.049748558551073074,EXP_LinearModel_Alpha158_csi300_custom_step0_s_20260526_16,d659b0c470b64201853a17143d3fff06,0.026,,,
2115,2026-05-26,SH601138,-0.0414094515144825,EXP_LinearModel_Alpha158_csi300_custom_step0_s_20260526_16,d659b0c470b64201853a17143d3fff06,0.026,,,
2116,2026-05-26,SH601166,-0.01209944672882557,EXP_LinearModel_Alpha158_csi300_custom_step0_s_20260526_16,d659b0c470b64201853a17143d3fff06,0.026,,,
2117,2026-05-26,SH601169,-0.15243083238601685,EXP_LinearModel_Alpha158_csi300_custom_step0_s_20260526_16,d659b0c470b64201853a17143d3fff06,0.026,,,
2118,2026-05-26,SH601186,-0.0711001455783844,EXP_LinearModel_Alpha158_csi300_custom_step0_s_20260526_16,d659b0c470b64201853a17143d3fff06,0.026,,,
2119,2026-05-26,SH601211,-0.0014326412929221988,EXP_LinearModel_Alpha158_csi300_custom_step0_s_20260526_16,d659b0c470b64201853a17143d3fff06,0.026,,,
2120,2026-05-26,SH601225,0.05520668998360634,EXP_LinearModel_Alpha158_csi300_custom_step0_s_20260526_16,d659b0c470b64201853a17143d3fff06,0.026,,,
2121,2026-05-26,SH601229,-0.05245516076683998,EXP_LinearModel_Alpha158_csi300_custom_step0_s_20260526_16,d659b0c470b64201853a17143d3fff06,0.026,,,
2122,2026-05-26,SH601236,0.005606279708445072,EXP_LinearModel_Alpha158_csi300_custom_step0_s_20260526_16,d659b0c470b64201853a17143d3fff06,0.026,,,
2123,2026-05-26,SH601238,-0.05146348103880882,EXP_LinearModel_Alpha158_csi300_custom_step0_s_20260526_16,d659b0c470b64201853a17143d3fff06,0.026,,,
2124,2026-05-26,SH601288,0.013063773512840271,EXP_LinearModel_Alpha158_csi300_custom_step0_s_20260526_16,d659b0c470b64201853a17143d3fff06,0.026,,,
2125,2026-05-26,SH601298,0.014147544279694557,EXP_LinearModel_Alpha158_csi300_custom_step0_s_20260526_16,d659b0c470b64201853a17143d3fff06,0.026,,,
2126,2026-05-26,SH601318,0.0033848697785288095,EXP_LinearModel_Alpha158_csi300_custom_step0_s_20260526_16,d659b0c470b64201853a17143d3fff06,0.026,,,
2127,2026-05-26,SH601633,-0.08896831423044205,EXP_LinearModel_Alpha158_csi300_custom_step0_s_20260526_16,d659b0c470b64201853a17143d3fff06,0.026,,,
2128,2026-05-26,SH601628,-0.06821119040250778,EXP_LinearModel_Alpha158_csi300_custom_step0_s_20260526_16,d659b0c470b64201853a17143d3fff06,0.026,,,
2129,2026-05-26,SH601618,-0.06627565622329712,EXP_LinearModel_Alpha158_csi300_custom_step0_s_20260526_16,d659b0c470b64201853a17143d3fff06,0.026,,,
2130,2026-05-26,SH601607,-0.0701228529214859,EXP_LinearModel_Alpha158_csi300_custom_step0_s_20260526_16,d659b0c470b64201853a17143d3fff06,0.026,,,
2131,2026-05-26,SH601601,-0.03986134007573128,EXP_LinearModel_Alpha158_csi300_custom_step0_s_20260526_16,d659b0c470b64201853a17143d3fff06,0.026,,,
2132,2026-05-26,SH601600,0.04714544862508774,EXP_LinearModel_Alpha158_csi300_custom_step0_s_20260526_16,d659b0c470b64201853a17143d3fff06,0.026,,,
2133,2026-05-26,SH601088,0.022379959002137184,EXP_LinearModel_Alpha158_csi300_custom_step0_s_20260526_16,d659b0c470b64201853a17143d3fff06,0.026,,,
2134,2026-05-26,SH601456,0.046871937811374664,EXP_LinearModel_Alpha158_csi300_custom_step0_s_20260526_16,d659b0c470b64201853a17143d3fff06,0.026,,,
2135,2026-05-26,SH601390,-0.05610296130180359,EXP_LinearModel_Alpha158_csi300_custom_step0_s_20260526_16,d659b0c470b64201853a17143d3fff06,0.026,,,
2136,2026-05-26,SH601377,0.05292055010795593,EXP_LinearModel_Alpha158_csi300_custom_step0_s_20260526_16,d659b0c470b64201853a17143d3fff06,0.026,,,
2137,2026-05-26,SH601360,0.00827818550169468,EXP_LinearModel_Alpha158_csi300_custom_step0_s_20260526_16,d659b0c470b64201853a17143d3fff06,0.026,,,
2138,2026-05-26,SH601336,0.015851283445954323,EXP_LinearModel_Alpha158_csi300_custom_step0_s_20260526_16,d659b0c470b64201853a17143d3fff06,0.026,,,
2139,2026-05-26,SH601328,-0.008927484042942524,EXP_LinearModel_Alpha158_csi300_custom_step0_s_20260526_16,d659b0c470b64201853a17143d3fff06,0.026,,,
2140,2026-05-26,SH601319,0.057441387325525284,EXP_LinearModel_Alpha158_csi300_custom_step0_s_20260526_16,d659b0c470b64201853a17143d3fff06,0.026,,,
2141,2026-05-26,SH601398,0.02857104502618313,EXP_LinearModel_Alpha158_csi300_custom_step0_s_20260526_16,d659b0c470b64201853a17143d3fff06,0.026,,,
2142,2026-05-26,SH601658,-0.005315029062330723,EXP_LinearModel_Alpha158_csi300_custom_step0_s_20260526_16,d659b0c470b64201853a17143d3fff06,0.026,,,
2143,2026-05-26,SH601077,-0.04343124479055405,EXP_LinearModel_Alpha158_csi300_custom_step0_s_20260526_16,d659b0c470b64201853a17143d3fff06,0.026,,,
2144,2026-05-26,SH601059,0.06718821078538895,EXP_LinearModel_Alpha158_csi300_custom_step0_s_20260526_16,d659b0c470b64201853a17143d3fff06,0.026,,,
2145,2026-05-26,SH600600,-0.06815172731876373,EXP_LinearModel_Alpha158_csi300_custom_step0_s_20260526_16,d659b0c470b64201853a17143d3fff06,0.026,,,
2146,2026-05-26,SH600660,-0.048289038240909576,EXP_LinearModel_Alpha158_csi300_custom_step0_s_20260526_16,d659b0c470b64201853a17143d3fff06,0.026,,,
2147,2026-05-26,SH600674,0.06225818395614624,EXP_LinearModel_Alpha158_csi300_custom_step0_s_20260526_16,d659b0c470b64201853a17143d3fff06,0.026,,,
2148,2026-05-26,SH600690,-0.06606940180063248,EXP_LinearModel_Alpha158_csi300_custom_step0_s_20260526_16,d659b0c470b64201853a17143d3fff06,0.026,,,
2149,2026-05-26,SH600741,-0.023601200431585312,EXP_LinearModel_Alpha158_csi300_custom_step0_s_20260526_16,d659b0c470b64201853a17143d3fff06,0.026,,,
2150,2026-05-26,SH600760,0.024347852915525436,EXP_LinearModel_Alpha158_csi300_custom_step0_s_20260526_16,d659b0c470b64201853a17143d3fff06,0.026,,,
2151,2026-05-26,SH600795,0.041206203401088715,EXP_LinearModel_Alpha158_csi300_custom_step0_s_20260526_16,d659b0c470b64201853a17143d3fff06,0.026,,,
2152,2026-05-26,SH600803,0.05361505225300789,EXP_LinearModel_Alpha158_csi300_custom_step0_s_20260526_16,d659b0c470b64201853a17143d3fff06,0.026,,,
2153,2026-05-26,SH600809,0.014496146701276302,EXP_LinearModel_Alpha158_csi300_custom_step0_s_20260526_16,d659b0c470b64201853a17143d3fff06,0.026,,,
2154,2026-05-26,SH600845,0.10186348855495453,EXP_LinearModel_Alpha158_csi300_custom_step0_s_20260526_16,d659b0c470b64201853a17143d3fff06,0.026,,,
2155,2026-05-26,SH600875,0.08799225836992264,EXP_LinearModel_Alpha158_csi300_custom_step0_s_20260526_16,d659b0c470b64201853a17143d3fff06,0.026,,,
2156,2026-05-26,SH600886,0.0575069896876812,EXP_LinearModel_Alpha158_csi300_custom_step0_s_20260526_16,d659b0c470b64201853a17143d3fff06,0.026,,,
2157,2026-05-26,SH600887,-0.005199971608817577,EXP_LinearModel_Alpha158_csi300_custom_step0_s_20260526_16,d659b0c470b64201853a17143d3fff06,0.026,,,
2158,2026-05-26,SH600893,0.08187974989414215,EXP_LinearModel_Alpha158_csi300_custom_step0_s_20260526_16,d659b0c470b64201853a17143d3fff06,0.026,,,
2159,2026-05-26,SH600900,-0.056608207523822784,EXP_LinearModel_Alpha158_csi300_custom_step0_s_20260526_16,d659b0c470b64201853a17143d3fff06,0.026,,,
2160,2026-05-26,SH600905,0.01791970804333687,EXP_LinearModel_Alpha158_csi300_custom_step0_s_20260526_16,d659b0c470b64201853a17143d3fff06,0.026,,,
2161,2026-05-26,SH600918,-0.07542331516742706,EXP_LinearModel_Alpha158_csi300_custom_step0_s_20260526_16,d659b0c470b64201853a17143d3fff06,0.026,,,
2162,2026-05-26,SH601058,-0.06554922461509705,EXP_LinearModel_Alpha158_csi300_custom_step0_s_20260526_16,d659b0c470b64201853a17143d3fff06,0.026,,,
2163,2026-05-26,SH601021,0.008816231042146683,EXP_LinearModel_Alpha158_csi300_custom_step0_s_20260526_16,d659b0c470b64201853a17143d3fff06,0.026,,,
2164,2026-05-26,SH601018,-0.011385582387447357,EXP_LinearModel_Alpha158_csi300_custom_step0_s_20260526_16,d659b0c470b64201853a17143d3fff06,0.026,,,
2165,2026-05-26,SH601012,0.08039023727178574,EXP_LinearModel_Alpha158_csi300_custom_step0_s_20260526_16,d659b0c470b64201853a17143d3fff06,0.026,,,
2166,2026-05-26,SH601009,-0.044004835188388824,EXP_LinearModel_Alpha158_csi300_custom_step0_s_20260526_16,d659b0c470b64201853a17143d3fff06,0.026,,,
2167,2026-05-26,SH601006,-0.033093392848968506,EXP_LinearModel_Alpha158_csi300_custom_step0_s_20260526_16,d659b0c470b64201853a17143d3fff06,0.026,,,
2168,2026-05-26,SH601066,0.07613487541675568,EXP_LinearModel_Alpha158_csi300_custom_step0_s_20260526_16,d659b0c470b64201853a17143d3fff06,0.026,,,
2169,2026-05-26,SH600999,0.036260560154914856,EXP_LinearModel_Alpha158_csi300_custom_step0_s_20260526_16,d659b0c470b64201853a17143d3fff06,0.026,,,
2170,2026-05-26,SH600958,,EXP_LinearModel_Alpha158_csi300_custom_step0_s_20260526_16,d659b0c470b64201853a17143d3fff06,0.026,,,
2171,2026-05-26,SH600941,-0.011235267855226994,EXP_LinearModel_Alpha158_csi300_custom_step0_s_20260526_16,d659b0c470b64201853a17143d3fff06,0.026,,,
2172,2026-05-26,SH600938,0.0828152596950531,EXP_LinearModel_Alpha158_csi300_custom_step0_s_20260526_16,d659b0c470b64201853a17143d3fff06,0.026,,,
2173,2026-05-26,SH600930,0.022594740614295006,EXP_LinearModel_Alpha158_csi300_custom_step0_s_20260526_16,d659b0c470b64201853a17143d3fff06,0.026,,,
2174,2026-05-26,SH600926,-0.10448256134986877,EXP_LinearModel_Alpha158_csi300_custom_step0_s_20260526_16,d659b0c470b64201853a17143d3fff06,0.026,,,
2175,2026-05-26,SH600919,0.009596303105354309,EXP_LinearModel_Alpha158_csi300_custom_step0_s_20260526_16,d659b0c470b64201853a17143d3fff06,0.026,,,
2176,2026-05-26,SH600989,0.12380601465702057,EXP_LinearModel_Alpha158_csi300_custom_step0_s_20260526_16,d659b0c470b64201853a17143d3fff06,0.026,,,
2177,2026-05-26,SH601668,-0.09501563757658005,EXP_LinearModel_Alpha158_csi300_custom_step0_s_20260526_16,d659b0c470b64201853a17143d3fff06,0.026,,,
2178,2026-05-26,SH601669,-0.00491227675229311,EXP_LinearModel_Alpha158_csi300_custom_step0_s_20260526_16,d659b0c470b64201853a17143d3fff06,0.026,,,
2179,2026-05-26,SH601688,0.09312376379966736,EXP_LinearModel_Alpha158_csi300_custom_step0_s_20260526_16,d659b0c470b64201853a17143d3fff06,0.026,,,
2180,2026-05-26,SH603501,0.04138649255037308,EXP_LinearModel_Alpha158_csi300_custom_step0_s_20260526_16,d659b0c470b64201853a17143d3fff06,0.026,,,
2181,2026-05-26,SH603799,0.03218085691332817,EXP_LinearModel_Alpha158_csi300_custom_step0_s_20260526_16,d659b0c470b64201853a17143d3fff06,0.026,,,
2182,2026-05-26,SH603893,0.006845839321613312,EXP_LinearModel_Alpha158_csi300_custom_step0_s_20260526_16,d659b0c470b64201853a17143d3fff06,0.026,,,
2183,2026-05-26,SH603986,-0.2837928235530853,EXP_LinearModel_Alpha158_csi300_custom_step0_s_20260526_16,d659b0c470b64201853a17143d3fff06,0.026,,,
2184,2026-05-26,SH603993,0.0081742312759161,EXP_LinearModel_Alpha158_csi300_custom_step0_s_20260526_16,d659b0c470b64201853a17143d3fff06,0.026,,,
2185,2026-05-26,SH605117,0.033726636320352554,EXP_LinearModel_Alpha158_csi300_custom_step0_s_20260526_16,d659b0c470b64201853a17143d3fff06,0.026,,,
2186,2026-05-26,SH605499,-0.023074019700288773,EXP_LinearModel_Alpha158_csi300_custom_step0_s_20260526_16,d659b0c470b64201853a17143d3fff06,0.026,,,
2187,2026-05-26,SH688008,-0.08683867752552032,EXP_LinearModel_Alpha158_csi300_custom_step0_s_20260526_16,d659b0c470b64201853a17143d3fff06,0.026,,,
2188,2026-05-26,SH688009,-0.014744114130735397,EXP_LinearModel_Alpha158_csi300_custom_step0_s_20260526_16,d659b0c470b64201853a17143d3fff06,0.026,,,
2189,2026-05-26,SH688012,0.11313273757696152,EXP_LinearModel_Alpha158_csi300_custom_step0_s_20260526_16,d659b0c470b64201853a17143d3fff06,0.026,,,
2190,2026-05-26,SH688036,0.07979343831539154,EXP_LinearModel_Alpha158_csi300_custom_step0_s_20260526_16,d659b0c470b64201853a17143d3fff06,0.026,,,
2191,2026-05-26,SH688041,0.12546326220035553,EXP_LinearModel_Alpha158_csi300_custom_step0_s_20260526_16,d659b0c470b64201853a17143d3fff06,0.026,,,
2192,2026-05-26,SH688047,0.14918404817581177,EXP_LinearModel_Alpha158_csi300_custom_step0_s_20260526_16,d659b0c470b64201853a17143d3fff06,0.026,,,
2193,2026-05-26,SH688082,-0.18307916820049286,EXP_LinearModel_Alpha158_csi300_custom_step0_s_20260526_16,d659b0c470b64201853a17143d3fff06,0.026,,,
2194,2026-05-26,SH688111,0.014857112430036068,EXP_LinearModel_Alpha158_csi300_custom_step0_s_20260526_16,d659b0c470b64201853a17143d3fff06,0.026,,,
2195,2026-05-26,SH688126,0.12167239189147949,EXP_LinearModel_Alpha158_csi300_custom_step0_s_20260526_16,d659b0c470b64201853a17143d3fff06,0.026,,,
2196,2026-05-26,SH688169,-0.04151107370853424,EXP_LinearModel_Alpha158_csi300_custom_step0_s_20260526_16,d659b0c470b64201853a17143d3fff06,0.026,,,
2197,2026-05-26,SZ000157,-0.019319944083690643,EXP_LinearModel_Alpha158_csi300_custom_step0_s_20260526_16,d659b0c470b64201853a17143d3fff06,0.026,,,
2198,2026-05-26,SZ000100,0.06348557025194168,EXP_LinearModel_Alpha158_csi300_custom_step0_s_20260526_16,d659b0c470b64201853a17143d3fff06,0.026,,,
2199,2026-05-26,SZ000063,0.11081527173519135,EXP_LinearModel_Alpha158_csi300_custom_step0_s_20260526_16,d659b0c470b64201853a17143d3fff06,0.026,,,
2200,2026-05-26,SZ000002,0.05717264115810394,EXP_LinearModel_Alpha158_csi300_custom_step0_s_20260526_16,d659b0c470b64201853a17143d3fff06,0.026,,,
2201,2026-05-26,SZ000001,-0.04003283008933067,EXP_LinearModel_Alpha158_csi300_custom_step0_s_20260526_16,d659b0c470b64201853a17143d3fff06,0.026,,,
2202,2026-05-26,SH688981,-0.16402502357959747,EXP_LinearModel_Alpha158_csi300_custom_step0_s_20260526_16,d659b0c470b64201853a17143d3fff06,0.026,,,
2203,2026-05-26,SH603392,0.0143644530326128,EXP_LinearModel_Alpha158_csi300_custom_step0_s_20260526_16,d659b0c470b64201853a17143d3fff06,0.026,,,
2204,2026-05-26,SH688506,0.02840750478208065,EXP_LinearModel_Alpha158_csi300_custom_step0_s_20260526_16,d659b0c470b64201853a17143d3fff06,0.026,,,
2205,2026-05-26,SH688396,0.10044259577989578,EXP_LinearModel_Alpha158_csi300_custom_step0_s_20260526_16,d659b0c470b64201853a17143d3fff06,0.026,,,
2206,2026-05-26,SH688303,0.06655482202768326,EXP_LinearModel_Alpha158_csi300_custom_step0_s_20260526_16,d659b0c470b64201853a17143d3fff06,0.026,,,
2207,2026-05-26,SH688271,0.034343309700489044,EXP_LinearModel_Alpha158_csi300_custom_step0_s_20260526_16,d659b0c470b64201853a17143d3fff06,0.026,,,
2208,2026-05-26,SH688256,0.01691245660185814,EXP_LinearModel_Alpha158_csi300_custom_step0_s_20260526_16,d659b0c470b64201853a17143d3fff06,0.026,,,
2209,2026-05-26,SH688223,0.08522456884384155,EXP_LinearModel_Alpha158_csi300_custom_step0_s_20260526_16,d659b0c470b64201853a17143d3fff06,0.026,,,
2210,2026-05-26,SH688187,-0.15356707572937012,EXP_LinearModel_Alpha158_csi300_custom_step0_s_20260526_16,d659b0c470b64201853a17143d3fff06,0.026,,,
2211,2026-05-26,SH688472,0.08619343489408493,EXP_LinearModel_Alpha158_csi300_custom_step0_s_20260526_16,d659b0c470b64201853a17143d3fff06,0.026,,,
2212,2026-05-26,SH603369,0.07765626162290573,EXP_LinearModel_Alpha158_csi300_custom_step0_s_20260526_16,d659b0c470b64201853a17143d3fff06,0.026,,,
2213,2026-05-26,SH603296,-0.012307851575314999,EXP_LinearModel_Alpha158_csi300_custom_step0_s_20260526_16,d659b0c470b64201853a17143d3fff06,0.026,,,
2214,2026-05-26,SH603288,-0.05386531352996826,EXP_LinearModel_Alpha158_csi300_custom_step0_s_20260526_16,d659b0c470b64201853a17143d3fff06,0.026,,,
2215,2026-05-26,SH601872,0.06575275957584381,EXP_LinearModel_Alpha158_csi300_custom_step0_s_20260526_16,d659b0c470b64201853a17143d3fff06,0.026,,,
2216,2026-05-26,SH601868,0.07383360713720322,EXP_LinearModel_Alpha158_csi300_custom_step0_s_20260526_16,d659b0c470b64201853a17143d3fff06,0.026,,,
2217,2026-05-26,SH601857,0.10209304094314575,EXP_LinearModel_Alpha158_csi300_custom_step0_s_20260526_16,d659b0c470b64201853a17143d3fff06,0.026,,,
2218,2026-05-26,SH601838,0.04159832373261452,EXP_LinearModel_Alpha158_csi300_custom_step0_s_20260526_16,d659b0c470b64201853a17143d3fff06,0.026,,,
2219,2026-05-26,SH601825,-0.05799572914838791,EXP_LinearModel_Alpha158_csi300_custom_step0_s_20260526_16,d659b0c470b64201853a17143d3fff06,0.026,,,
2220,2026-05-26,SH601818,-0.09143160283565521,EXP_LinearModel_Alpha158_csi300_custom_step0_s_20260526_16,d659b0c470b64201853a17143d3fff06,0.026,,,
2221,2026-05-26,SH601877,0.04045885056257248,EXP_LinearModel_Alpha158_csi300_custom_step0_s_20260526_16,d659b0c470b64201853a17143d3fff06,0.026,,,
2222,2026-05-26,SH601816,-0.07956181466579437,EXP_LinearModel_Alpha158_csi300_custom_step0_s_20260526_16,d659b0c470b64201853a17143d3fff06,0.026,,,
2223,2026-05-26,SH601800,-0.025182487443089485,EXP_LinearModel_Alpha158_csi300_custom_step0_s_20260526_16,d659b0c470b64201853a17143d3fff06,0.026,,,
2224,2026-05-26,SH601788,0.024340473115444183,EXP_LinearModel_Alpha158_csi300_custom_step0_s_20260526_16,d659b0c470b64201853a17143d3fff06,0.026,,,
2225,2026-05-26,SH601766,-0.13814890384674072,EXP_LinearModel_Alpha158_csi300_custom_step0_s_20260526_16,d659b0c470b64201853a17143d3fff06,0.026,,,
2226,2026-05-26,SH601728,0.08191544562578201,EXP_LinearModel_Alpha158_csi300_custom_step0_s_20260526_16,d659b0c470b64201853a17143d3fff06,0.026,,,
2227,2026-05-26,SH601698,0.0524393692612648,EXP_LinearModel_Alpha158_csi300_custom_step0_s_20260526_16,d659b0c470b64201853a17143d3fff06,0.026,,,
2228,2026-05-26,SH601689,-0.005276350304484367,EXP_LinearModel_Alpha158_csi300_custom_step0_s_20260526_16,d659b0c470b64201853a17143d3fff06,0.026,,,
2229,2026-05-26,SH601808,-0.032444871962070465,EXP_LinearModel_Alpha158_csi300_custom_step0_s_20260526_16,d659b0c470b64201853a17143d3fff06,0.026,,,
2230,2026-05-26,SZ000301,0.0075019123032689095,EXP_LinearModel_Alpha158_csi300_custom_step0_s_20260526_16,d659b0c470b64201853a17143d3fff06,0.026,,,
2231,2026-05-26,SH601878,0.049686431884765625,EXP_LinearModel_Alpha158_csi300_custom_step0_s_20260526_16,d659b0c470b64201853a17143d3fff06,0.026,,,
2232,2026-05-26,SH601888,-0.02150026708841324,EXP_LinearModel_Alpha158_csi300_custom_step0_s_20260526_16,d659b0c470b64201853a17143d3fff06,0.026,,,
2233,2026-05-26,SH603260,0.0029234206303954124,EXP_LinearModel_Alpha158_csi300_custom_step0_s_20260526_16,d659b0c470b64201853a17143d3fff06,0.026,,,
2234,2026-05-26,SH603259,0.07981232553720474,EXP_LinearModel_Alpha158_csi300_custom_step0_s_20260526_16,d659b0c470b64201853a17143d3fff06,0.026,,,
2235,2026-05-26,SH603195,-0.049273163080215454,EXP_LinearModel_Alpha158_csi300_custom_step0_s_20260526_16,d659b0c470b64201853a17143d3fff06,0.026,,,
2236,2026-05-26,SH603019,0.016019903123378754,EXP_LinearModel_Alpha158_csi300_custom_step0_s_20260526_16,d659b0c470b64201853a17143d3fff06,0.026,,,
2237,2026-05-26,SH601998,-0.13736161589622498,EXP_LinearModel_Alpha158_csi300_custom_step0_s_20260526_16,d659b0c470b64201853a17143d3fff06,0.026,,,
2238,2026-05-26,SH601995,0.014887625351548195,EXP_LinearModel_Alpha158_csi300_custom_step0_s_20260526_16,d659b0c470b64201853a17143d3fff06,0.026,,,
2239,2026-05-26,SH601881,0.047840144485235214,EXP_LinearModel_Alpha158_csi300_custom_step0_s_20260526_16,d659b0c470b64201853a17143d3fff06,0.026,,,
2240,2026-05-26,SH601988,0.013405087403953075,EXP_LinearModel_Alpha158_csi300_custom_step0_s_20260526_16,d659b0c470b64201853a17143d3fff06,0.026,,,
2241,2026-05-26,SH601939,-0.002265659626573324,EXP_LinearModel_Alpha158_csi300_custom_step0_s_20260526_16,d659b0c470b64201853a17143d3fff06,0.026,,,
2242,2026-05-26,SH601919,0.06354216486215591,EXP_LinearModel_Alpha158_csi300_custom_step0_s_20260526_16,d659b0c470b64201853a17143d3fff06,0.026,,,
2243,2026-05-26,SH601916,-0.011760517954826355,EXP_LinearModel_Alpha158_csi300_custom_step0_s_20260526_16,d659b0c470b64201853a17143d3fff06,0.026,,,
2244,2026-05-26,SH601901,0.10706772655248642,EXP_LinearModel_Alpha158_csi300_custom_step0_s_20260526_16,d659b0c470b64201853a17143d3fff06,0.026,,,
2245,2026-05-26,SH601899,0.06552247703075409,EXP_LinearModel_Alpha158_csi300_custom_step0_s_20260526_16,d659b0c470b64201853a17143d3fff06,0.026,,,
2246,2026-05-26,SH601898,0.14395473897457123,EXP_LinearModel_Alpha158_csi300_custom_step0_s_20260526_16,d659b0c470b64201853a17143d3fff06,0.026,,,
2247,2026-05-26,SH601985,0.021891716867685318,EXP_LinearModel_Alpha158_csi300_custom_step0_s_20260526_16,d659b0c470b64201853a17143d3fff06,0.026,,,
2248,2026-05-26,SH601919,-0.04736678820686293,EXP_DEnsembleModel_Alpha158_csi300_custom_step0_s_20260526_16,fe3ed01628694a3b8c1ed334efe35f28,0.063,,,
2249,2026-05-26,SH601916,0.10915274467151576,EXP_DEnsembleModel_Alpha158_csi300_custom_step0_s_20260526_16,fe3ed01628694a3b8c1ed334efe35f28,0.063,,,
2250,2026-05-26,SH601901,0.10282838424064446,EXP_DEnsembleModel_Alpha158_csi300_custom_step0_s_20260526_16,fe3ed01628694a3b8c1ed334efe35f28,0.063,,,
2251,2026-05-26,SH601868,0.0005691664049917553,EXP_CatBoostModel_Alpha158_csi300_custom_step0_s_20260526_18,7aa2c1d273b542c3a1d1d5ae479befc0,0.057,,,
2252,2026-05-26,SH601872,0.003438524339281361,EXP_CatBoostModel_Alpha158_csi300_custom_step0_s_20260526_18,7aa2c1d273b542c3a1d1d5ae479befc0,0.057,,,
2253,2026-05-26,SH601877,0.007129348255529803,EXP_CatBoostModel_Alpha158_csi300_custom_step0_s_20260526_18,7aa2c1d273b542c3a1d1d5ae479befc0,0.057,,,
2254,2026-05-26,SH601878,-0.01016009325832665,EXP_CatBoostModel_Alpha158_csi300_custom_step0_s_20260526_18,7aa2c1d273b542c3a1d1d5ae479befc0,0.057,,,
2255,2026-05-26,SH601881,-0.0008094578256655723,EXP_CatBoostModel_Alpha158_csi300_custom_step0_s_20260526_18,7aa2c1d273b542c3a1d1d5ae479befc0,0.057,,,
2256,2026-05-26,SH601888,0.023401141595977677,EXP_CatBoostModel_Alpha158_csi300_custom_step0_s_20260526_18,7aa2c1d273b542c3a1d1d5ae479befc0,0.057,,,
2257,2026-05-26,SH601898,0.006245296053711379,EXP_CatBoostModel_Alpha158_csi300_custom_step0_s_20260526_18,7aa2c1d273b542c3a1d1d5ae479befc0,0.057,,,
2258,2026-05-26,SH601899,-0.01851388111810444,EXP_CatBoostModel_Alpha158_csi300_custom_step0_s_20260526_18,7aa2c1d273b542c3a1d1d5ae479befc0,0.057,,,
2259,2026-05-26,SH601901,-0.009958965038793165,EXP_CatBoostModel_Alpha158_csi300_custom_step0_s_20260526_18,7aa2c1d273b542c3a1d1d5ae479befc0,0.057,,,
2260,2026-05-26,SH601916,-0.021369546881337177,EXP_CatBoostModel_Alpha158_csi300_custom_step0_s_20260526_18,7aa2c1d273b542c3a1d1d5ae479befc0,0.057,,,
2261,2026-05-26,SH601919,-0.011089832919531835,EXP_CatBoostModel_Alpha158_csi300_custom_step0_s_20260526_18,7aa2c1d273b542c3a1d1d5ae479befc0,0.057,,,
2262,2026-05-26,SH601939,-0.0019142100444190541,EXP_CatBoostModel_Alpha158_csi300_custom_step0_s_20260526_18,7aa2c1d273b542c3a1d1d5ae479befc0,0.057,,,
2263,2026-05-26,SH601985,-0.01087646007878082,EXP_CatBoostModel_Alpha158_csi300_custom_step0_s_20260526_18,7aa2c1d273b542c3a1d1d5ae479befc0,0.057,,,
2264,2026-05-26,SH601988,0.00017841999884442175,EXP_CatBoostModel_Alpha158_csi300_custom_step0_s_20260526_18,7aa2c1d273b542c3a1d1d5ae479befc0,0.057,,,
2265,2026-05-26,SH601995,-0.00600312173908098,EXP_CatBoostModel_Alpha158_csi300_custom_step0_s_20260526_18,7aa2c1d273b542c3a1d1d5ae479befc0,0.057,,,
2266,2026-05-26,SH601998,-0.017697083830044716,EXP_CatBoostModel_Alpha158_csi300_custom_step0_s_20260526_18,7aa2c1d273b542c3a1d1d5ae479befc0,0.057,,,
2267,2026-05-26,SH603019,0.0017619154814398298,EXP_CatBoostModel_Alpha158_csi300_custom_step0_s_20260526_18,7aa2c1d273b542c3a1d1d5ae479befc0,0.057,,,
2268,2026-05-26,SH605499,-0.00594472933752834,EXP_CatBoostModel_Alpha158_csi300_custom_step0_s_20260526_18,7aa2c1d273b542c3a1d1d5ae479befc0,0.057,,,
2269,2026-05-26,SH605117,0.036348908400075444,EXP_CatBoostModel_Alpha158_csi300_custom_step0_s_20260526_18,7aa2c1d273b542c3a1d1d5ae479befc0,0.057,,,
2270,2026-05-26,SH603993,-0.04020208305806705,EXP_CatBoostModel_Alpha158_csi300_custom_step0_s_20260526_18,7aa2c1d273b542c3a1d1d5ae479befc0,0.057,,,
2271,2026-05-26,SH603986,-0.2524990207890282,EXP_CatBoostModel_Alpha158_csi300_custom_step0_s_20260526_18,7aa2c1d273b542c3a1d1d5ae479befc0,0.057,,,
2272,2026-05-26,SH603893,0.04067386850834498,EXP_CatBoostModel_Alpha158_csi300_custom_step0_s_20260526_18,7aa2c1d273b542c3a1d1d5ae479befc0,0.057,,,
2273,2026-05-26,SH603799,-0.0038591881194683904,EXP_CatBoostModel_Alpha158_csi300_custom_step0_s_20260526_18,7aa2c1d273b542c3a1d1d5ae479befc0,0.057,,,
2274,2026-05-26,SH601857,-0.017135646497993148,EXP_CatBoostModel_Alpha158_csi300_custom_step0_s_20260526_18,7aa2c1d273b542c3a1d1d5ae479befc0,0.057,,,
2275,2026-05-26,SH603501,-3.469235919600054e-05,EXP_CatBoostModel_Alpha158_csi300_custom_step0_s_20260526_18,7aa2c1d273b542c3a1d1d5ae479befc0,0.057,,,
2276,2026-05-26,SH603369,0.001854933616509279,EXP_CatBoostModel_Alpha158_csi300_custom_step0_s_20260526_18,7aa2c1d273b542c3a1d1d5ae479befc0,0.057,,,
2277,2026-05-26,SH603296,0.048929762718228374,EXP_CatBoostModel_Alpha158_csi300_custom_step0_s_20260526_18,7aa2c1d273b542c3a1d1d5ae479befc0,0.057,,,
2278,2026-05-26,SH603288,-0.017773513490860593,EXP_CatBoostModel_Alpha158_csi300_custom_step0_s_20260526_18,7aa2c1d273b542c3a1d1d5ae479befc0,0.057,,,
2279,2026-05-26,SH603260,0.004221840199860524,EXP_CatBoostModel_Alpha158_csi300_custom_step0_s_20260526_18,7aa2c1d273b542c3a1d1d5ae479befc0,0.057,,,
2280,2026-05-26,SH603259,-0.0012762268653484844,EXP_CatBoostModel_Alpha158_csi300_custom_step0_s_20260526_18,7aa2c1d273b542c3a1d1d5ae479befc0,0.057,,,
2281,2026-05-26,SH603195,-0.014990647394201749,EXP_CatBoostModel_Alpha158_csi300_custom_step0_s_20260526_18,7aa2c1d273b542c3a1d1d5ae479befc0,0.057,,,
2282,2026-05-26,SH603392,-0.005914780017139936,EXP_CatBoostModel_Alpha158_csi300_custom_step0_s_20260526_18,7aa2c1d273b542c3a1d1d5ae479befc0,0.057,,,
2283,2026-05-26,SH688008,-0.08723784378770083,EXP_CatBoostModel_Alpha158_csi300_custom_step0_s_20260526_18,7aa2c1d273b542c3a1d1d5ae479befc0,0.057,,,
2284,2026-05-26,SH601838,-0.0038410759800014457,EXP_CatBoostModel_Alpha158_csi300_custom_step0_s_20260526_18,7aa2c1d273b542c3a1d1d5ae479befc0,0.057,,,
2285,2026-05-26,SH601818,-0.030706893384362353,EXP_CatBoostModel_Alpha158_csi300_custom_step0_s_20260526_18,7aa2c1d273b542c3a1d1d5ae479befc0,0.057,,,
2286,2026-05-26,SH601236,-0.024090470261124635,EXP_CatBoostModel_Alpha158_csi300_custom_step0_s_20260526_18,7aa2c1d273b542c3a1d1d5ae479befc0,0.057,,,
2287,2026-05-26,SH601238,-0.016218395586832385,EXP_CatBoostModel_Alpha158_csi300_custom_step0_s_20260526_18,7aa2c1d273b542c3a1d1d5ae479befc0,0.057,,,
2288,2026-05-26,SH601288,-0.026487232086511978,EXP_CatBoostModel_Alpha158_csi300_custom_step0_s_20260526_18,7aa2c1d273b542c3a1d1d5ae479befc0,0.057,,,
2289,2026-05-26,SH601298,-0.01735601182638303,EXP_CatBoostModel_Alpha158_csi300_custom_step0_s_20260526_18,7aa2c1d273b542c3a1d1d5ae479befc0,0.057,,,
2290,2026-05-26,SH601318,-0.013917691341315222,EXP_CatBoostModel_Alpha158_csi300_custom_step0_s_20260526_18,7aa2c1d273b542c3a1d1d5ae479befc0,0.057,,,
2291,2026-05-26,SH601319,-0.013450680894851743,EXP_CatBoostModel_Alpha158_csi300_custom_step0_s_20260526_18,7aa2c1d273b542c3a1d1d5ae479befc0,0.057,,,
2292,2026-05-26,SH601328,-0.02966769893482236,EXP_CatBoostModel_Alpha158_csi300_custom_step0_s_20260526_18,7aa2c1d273b542c3a1d1d5ae479befc0,0.057,,,
2293,2026-05-26,SH601336,0.0019107038981456771,EXP_CatBoostModel_Alpha158_csi300_custom_step0_s_20260526_18,7aa2c1d273b542c3a1d1d5ae479befc0,0.057,,,
2294,2026-05-26,SH601360,-0.005575386133030996,EXP_CatBoostModel_Alpha158_csi300_custom_step0_s_20260526_18,7aa2c1d273b542c3a1d1d5ae479befc0,0.057,,,
2295,2026-05-26,SH601377,-0.018013923353124805,EXP_CatBoostModel_Alpha158_csi300_custom_step0_s_20260526_18,7aa2c1d273b542c3a1d1d5ae479befc0,0.057,,,
2296,2026-05-26,SH601390,-0.020649861598423015,EXP_CatBoostModel_Alpha158_csi300_custom_step0_s_20260526_18,7aa2c1d273b542c3a1d1d5ae479befc0,0.057,,,
2297,2026-05-26,SH601398,-0.01637228813207784,EXP_CatBoostModel_Alpha158_csi300_custom_step0_s_20260526_18,7aa2c1d273b542c3a1d1d5ae479befc0,0.057,,,
2298,2026-05-26,SH601456,-0.02255913307534844,EXP_CatBoostModel_Alpha158_csi300_custom_step0_s_20260526_18,7aa2c1d273b542c3a1d1d5ae479befc0,0.057,,,
2299,2026-05-26,SH601600,-0.013667066371323056,EXP_CatBoostModel_Alpha158_csi300_custom_step0_s_20260526_18,7aa2c1d273b542c3a1d1d5ae479befc0,0.057,,,
2300,2026-05-26,SH601601,0.001779905959786389,EXP_CatBoostModel_Alpha158_csi300_custom_step0_s_20260526_18,7aa2c1d273b542c3a1d1d5ae479befc0,0.057,,,
2301,2026-05-26,SH601607,-0.0262306128885677,EXP_CatBoostModel_Alpha158_csi300_custom_step0_s_20260526_18,7aa2c1d273b542c3a1d1d5ae479befc0,0.057,,,
2302,2026-05-26,SH601618,-0.02109410315037958,EXP_CatBoostModel_Alpha158_csi300_custom_step0_s_20260526_18,7aa2c1d273b542c3a1d1d5ae479befc0,0.057,,,
2303,2026-05-26,SH601816,-0.024406228900436443,EXP_CatBoostModel_Alpha158_csi300_custom_step0_s_20260526_18,7aa2c1d273b542c3a1d1d5ae479befc0,0.057,,,
2304,2026-05-26,SH601808,-0.0037430351782489994,EXP_CatBoostModel_Alpha158_csi300_custom_step0_s_20260526_18,7aa2c1d273b542c3a1d1d5ae479befc0,0.057,,,
2305,2026-05-26,SH601800,0.0009589457492897248,EXP_CatBoostModel_Alpha158_csi300_custom_step0_s_20260526_18,7aa2c1d273b542c3a1d1d5ae479befc0,0.057,,,
2306,2026-05-26,SH601788,0.00043542718507557667,EXP_CatBoostModel_Alpha158_csi300_custom_step0_s_20260526_18,7aa2c1d273b542c3a1d1d5ae479befc0,0.057,,,
2307,2026-05-26,SH601766,-0.021929791878713988,EXP_CatBoostModel_Alpha158_csi300_custom_step0_s_20260526_18,7aa2c1d273b542c3a1d1d5ae479befc0,0.057,,,
2308,2026-05-26,SH601728,-0.01069719813687247,EXP_CatBoostModel_Alpha158_csi300_custom_step0_s_20260526_18,7aa2c1d273b542c3a1d1d5ae479befc0,0.057,,,
2309,2026-05-26,SH601825,-0.025628662581443883,EXP_CatBoostModel_Alpha158_csi300_custom_step0_s_20260526_18,7aa2c1d273b542c3a1d1d5ae479befc0,0.057,,,
2310,2026-05-26,SH601698,0.04810305029723677,EXP_CatBoostModel_Alpha158_csi300_custom_step0_s_20260526_18,7aa2c1d273b542c3a1d1d5ae479befc0,0.057,,,
2311,2026-05-26,SH601688,-0.011526911055944444,EXP_CatBoostModel_Alpha158_csi300_custom_step0_s_20260526_18,7aa2c1d273b542c3a1d1d5ae479befc0,0.057,,,
2312,2026-05-26,SH601669,-0.017086423219136414,EXP_CatBoostModel_Alpha158_csi300_custom_step0_s_20260526_18,7aa2c1d273b542c3a1d1d5ae479befc0,0.057,,,
2313,2026-05-26,SH601668,-0.02843560763947277,EXP_CatBoostModel_Alpha158_csi300_custom_step0_s_20260526_18,7aa2c1d273b542c3a1d1d5ae479befc0,0.057,,,
2314,2026-05-26,SH601658,-0.016829325118329297,EXP_CatBoostModel_Alpha158_csi300_custom_step0_s_20260526_18,7aa2c1d273b542c3a1d1d5ae479befc0,0.057,,,
2315,2026-05-26,SH601633,-0.014037020933958153,EXP_CatBoostModel_Alpha158_csi300_custom_step0_s_20260526_18,7aa2c1d273b542c3a1d1d5ae479befc0,0.057,,,
2316,2026-05-26,SH601628,-0.014884003520297538,EXP_CatBoostModel_Alpha158_csi300_custom_step0_s_20260526_18,7aa2c1d273b542c3a1d1d5ae479befc0,0.057,,,
2317,2026-05-26,SH601689,0.056581056467153536,EXP_CatBoostModel_Alpha158_csi300_custom_step0_s_20260526_18,7aa2c1d273b542c3a1d1d5ae479befc0,0.057,,,
2318,2026-05-26,SH601229,-0.031115785747946392,EXP_CatBoostModel_Alpha158_csi300_custom_step0_s_20260526_18,7aa2c1d273b542c3a1d1d5ae479befc0,0.057,,,
2319,2026-05-26,SH688009,-0.021981411867715732,EXP_CatBoostModel_Alpha158_csi300_custom_step0_s_20260526_18,7aa2c1d273b542c3a1d1d5ae479befc0,0.057,,,
2320,2026-05-26,SH688036,0.05908067814887176,EXP_CatBoostModel_Alpha158_csi300_custom_step0_s_20260526_18,7aa2c1d273b542c3a1d1d5ae479befc0,0.057,,,
2321,2026-05-26,SZ000725,-0.047431873908738584,EXP_CatBoostModel_Alpha158_csi300_custom_step0_s_20260526_18,7aa2c1d273b542c3a1d1d5ae479befc0,0.057,,,
2322,2026-05-26,SZ000768,0.004372945081616541,EXP_CatBoostModel_Alpha158_csi300_custom_step0_s_20260526_18,7aa2c1d273b542c3a1d1d5ae479befc0,0.057,,,
2323,2026-05-26,SZ000776,-0.0033315241770182106,EXP_CatBoostModel_Alpha158_csi300_custom_step0_s_20260526_18,7aa2c1d273b542c3a1d1d5ae479befc0,0.057,,,
2324,2026-05-26,SZ000786,-0.0032217410585494268,EXP_CatBoostModel_Alpha158_csi300_custom_step0_s_20260526_18,7aa2c1d273b542c3a1d1d5ae479befc0,0.057,,,
2325,2026-05-26,SZ000792,0.0051177106611233255,EXP_CatBoostModel_Alpha158_csi300_custom_step0_s_20260526_18,7aa2c1d273b542c3a1d1d5ae479befc0,0.057,,,
2326,2026-05-26,SZ000807,-0.02775393733701524,EXP_CatBoostModel_Alpha158_csi300_custom_step0_s_20260526_18,7aa2c1d273b542c3a1d1d5ae479befc0,0.057,,,
2327,2026-05-26,SZ000858,-0.028012198748394154,EXP_CatBoostModel_Alpha158_csi300_custom_step0_s_20260526_18,7aa2c1d273b542c3a1d1d5ae479befc0,0.057,,,
2328,2026-05-26,SZ000876,-0.023396862136453173,EXP_CatBoostModel_Alpha158_csi300_custom_step0_s_20260526_18,7aa2c1d273b542c3a1d1d5ae479befc0,0.057,,,
2329,2026-05-26,SZ000895,-0.02085571883409504,EXP_CatBoostModel_Alpha158_csi300_custom_step0_s_20260526_18,7aa2c1d273b542c3a1d1d5ae479befc0,0.057,,,
2330,2026-05-26,SZ000938,0.08648639603677333,EXP_CatBoostModel_Alpha158_csi300_custom_step0_s_20260526_18,7aa2c1d273b542c3a1d1d5ae479befc0,0.057,,,
2331,2026-05-26,SZ000963,-0.003629381237534096,EXP_CatBoostModel_Alpha158_csi300_custom_step0_s_20260526_18,7aa2c1d273b542c3a1d1d5ae479befc0,0.057,,,
2332,2026-05-26,SZ000975,-0.02166609689573109,EXP_CatBoostModel_Alpha158_csi300_custom_step0_s_20260526_18,7aa2c1d273b542c3a1d1d5ae479befc0,0.057,,,
2333,2026-05-26,SZ000977,0.03624543045615336,EXP_CatBoostModel_Alpha158_csi300_custom_step0_s_20260526_18,7aa2c1d273b542c3a1d1d5ae479befc0,0.057,,,
2334,2026-05-26,SZ000983,-0.010992755815349914,EXP_CatBoostModel_Alpha158_csi300_custom_step0_s_20260526_18,7aa2c1d273b542c3a1d1d5ae479befc0,0.057,,,
2335,2026-05-26,SZ000999,-0.022572210811225676,EXP_CatBoostModel_Alpha158_csi300_custom_step0_s_20260526_18,7aa2c1d273b542c3a1d1d5ae479befc0,0.057,,,
2336,2026-05-26,SZ001391,-0.012750354105150824,EXP_CatBoostModel_Alpha158_csi300_custom_step0_s_20260526_18,7aa2c1d273b542c3a1d1d5ae479befc0,0.057,,,
2337,2026-05-26,SZ001965,0.006381548553858515,EXP_CatBoostModel_Alpha158_csi300_custom_step0_s_20260526_18,7aa2c1d273b542c3a1d1d5ae479befc0,0.057,,,
2338,2026-05-26,SZ002304,-0.012228860592216647,EXP_CatBoostModel_Alpha158_csi300_custom_step0_s_20260526_18,7aa2c1d273b542c3a1d1d5ae479befc0,0.057,,,
2339,2026-05-26,SZ002252,-0.017939365623721615,EXP_CatBoostModel_Alpha158_csi300_custom_step0_s_20260526_18,7aa2c1d273b542c3a1d1d5ae479befc0,0.057,,,
2340,2026-05-26,SZ002241,0.013155547150404253,EXP_CatBoostModel_Alpha158_csi300_custom_step0_s_20260526_18,7aa2c1d273b542c3a1d1d5ae479befc0,0.057,,,
2341,2026-05-26,SZ002236,-0.005349677411726797,EXP_CatBoostModel_Alpha158_csi300_custom_step0_s_20260526_18,7aa2c1d273b542c3a1d1d5ae479befc0,0.057,,,
2342,2026-05-26,SZ002230,-0.010924196610537416,EXP_CatBoostModel_Alpha158_csi300_custom_step0_s_20260526_18,7aa2c1d273b542c3a1d1d5ae479befc0,0.057,,,
2343,2026-05-26,SZ002179,0.01766902943206341,EXP_CatBoostModel_Alpha158_csi300_custom_step0_s_20260526_18,7aa2c1d273b542c3a1d1d5ae479befc0,0.057,,,
2344,2026-05-26,SZ000708,-0.014373562731255186,EXP_CatBoostModel_Alpha158_csi300_custom_step0_s_20260526_18,7aa2c1d273b542c3a1d1d5ae479befc0,0.057,,,
2345,2026-05-26,SZ002142,-0.019797913169628208,EXP_CatBoostModel_Alpha158_csi300_custom_step0_s_20260526_18,7aa2c1d273b542c3a1d1d5ae479befc0,0.057,,,
2346,2026-05-26,SZ002050,0.042511673330002796,EXP_CatBoostModel_Alpha158_csi300_custom_step0_s_20260526_18,7aa2c1d273b542c3a1d1d5ae479befc0,0.057,,,
2347,2026-05-26,SZ002049,0.030416327190598266,EXP_CatBoostModel_Alpha158_csi300_custom_step0_s_20260526_18,7aa2c1d273b542c3a1d1d5ae479befc0,0.057,,,
2348,2026-05-26,SZ002028,-0.021421189372974884,EXP_CatBoostModel_Alpha158_csi300_custom_step0_s_20260526_18,7aa2c1d273b542c3a1d1d5ae479befc0,0.057,,,
2349,2026-05-26,SZ002027,-0.014514758655410187,EXP_CatBoostModel_Alpha158_csi300_custom_step0_s_20260526_18,7aa2c1d273b542c3a1d1d5ae479befc0,0.057,,,
2350,2026-05-26,SZ002001,-0.0013660320246368317,EXP_CatBoostModel_Alpha158_csi300_custom_step0_s_20260526_18,7aa2c1d273b542c3a1d1d5ae479befc0,0.057,,,
2351,2026-05-26,SZ001979,-0.01286659935031918,EXP_CatBoostModel_Alpha158_csi300_custom_step0_s_20260526_18,7aa2c1d273b542c3a1d1d5ae479befc0,0.057,,,
2352,2026-05-26,SZ002074,0.006873592607675983,EXP_CatBoostModel_Alpha158_csi300_custom_step0_s_20260526_18,7aa2c1d273b542c3a1d1d5ae479befc0,0.057,,,
2353,2026-05-26,SH688012,0.02968773176947849,EXP_CatBoostModel_Alpha158_csi300_custom_step0_s_20260526_18,7aa2c1d273b542c3a1d1d5ae479befc0,0.057,,,
2354,2026-05-26,SZ000661,-0.012333879258156032,EXP_CatBoostModel_Alpha158_csi300_custom_step0_s_20260526_18,7aa2c1d273b542c3a1d1d5ae479befc0,0.057,,,
2355,2026-05-26,SZ000630,-0.0016425111560842637,EXP_CatBoostModel_Alpha158_csi300_custom_step0_s_20260526_18,7aa2c1d273b542c3a1d1d5ae479befc0,0.057,,,
2356,2026-05-26,SH688041,0.03641137069395127,EXP_CatBoostModel_Alpha158_csi300_custom_step0_s_20260526_18,7aa2c1d273b542c3a1d1d5ae479befc0,0.057,,,
2357,2026-05-26,SH688047,0.046986646754519364,EXP_CatBoostModel_Alpha158_csi300_custom_step0_s_20260526_18,7aa2c1d273b542c3a1d1d5ae479befc0,0.057,,,
2358,2026-05-26,SH688082,0.050578874205242985,EXP_CatBoostModel_Alpha158_csi300_custom_step0_s_20260526_18,7aa2c1d273b542c3a1d1d5ae479befc0,0.057,,,
2359,2026-05-26,SH688111,-0.009785943940643712,EXP_CatBoostModel_Alpha158_csi300_custom_step0_s_20260526_18,7aa2c1d273b542c3a1d1d5ae479befc0,0.057,,,
2360,2026-05-26,SH688126,-0.00459348033215826,EXP_CatBoostModel_Alpha158_csi300_custom_step0_s_20260526_18,7aa2c1d273b542c3a1d1d5ae479befc0,0.057,,,
2361,2026-05-26,SH688169,-0.003985125358433019,EXP_CatBoostModel_Alpha158_csi300_custom_step0_s_20260526_18,7aa2c1d273b542c3a1d1d5ae479befc0,0.057,,,
2362,2026-05-26,SH688187,-0.007945103044972106,EXP_CatBoostModel_Alpha158_csi300_custom_step0_s_20260526_18,7aa2c1d273b542c3a1d1d5ae479befc0,0.057,,,
2363,2026-05-26,SH688223,0.04053517205560769,EXP_CatBoostModel_Alpha158_csi300_custom_step0_s_20260526_18,7aa2c1d273b542c3a1d1d5ae479befc0,0.057,,,
2364,2026-05-26,SH688256,0.04863040133962993,EXP_CatBoostModel_Alpha158_csi300_custom_step0_s_20260526_18,7aa2c1d273b542c3a1d1d5ae479befc0,0.057,,,
2365,2026-05-26,SH688271,-0.001236864841384946,EXP_CatBoostModel_Alpha158_csi300_custom_step0_s_20260526_18,7aa2c1d273b542c3a1d1d5ae479befc0,0.057,,,
2366,2026-05-26,SH688303,0.004230290536502088,EXP_CatBoostModel_Alpha158_csi300_custom_step0_s_20260526_18,7aa2c1d273b542c3a1d1d5ae479befc0,0.057,,,
2367,2026-05-26,SH688396,0.04846677235418794,EXP_CatBoostModel_Alpha158_csi300_custom_step0_s_20260526_18,7aa2c1d273b542c3a1d1d5ae479befc0,0.057,,,
2368,2026-05-26,SH688472,0.02196129579428357,EXP_CatBoostModel_Alpha158_csi300_custom_step0_s_20260526_18,7aa2c1d273b542c3a1d1d5ae479befc0,0.057,,,
2369,2026-05-26,SH688506,0.0618698555711645,EXP_CatBoostModel_Alpha158_csi300_custom_step0_s_20260526_18,7aa2c1d273b542c3a1d1d5ae479befc0,0.057,,,
2370,2026-05-26,SH688981,-0.0014556626762020526,EXP_CatBoostModel_Alpha158_csi300_custom_step0_s_20260526_18,7aa2c1d273b542c3a1d1d5ae479befc0,0.057,,,
2371,2026-05-26,SZ000001,-0.02058156218173781,EXP_CatBoostModel_Alpha158_csi300_custom_step0_s_20260526_18,7aa2c1d273b542c3a1d1d5ae479befc0,0.057,,,
2372,2026-05-26,SZ000002,0.07163625209223384,EXP_CatBoostModel_Alpha158_csi300_custom_step0_s_20260526_18,7aa2c1d273b542c3a1d1d5ae479befc0,0.057,,,
2373,2026-05-26,SZ000625,0.025607706236495487,EXP_CatBoostModel_Alpha158_csi300_custom_step0_s_20260526_18,7aa2c1d273b542c3a1d1d5ae479befc0,0.057,,,
2374,2026-05-26,SZ000617,0.01121284439931389,EXP_CatBoostModel_Alpha158_csi300_custom_step0_s_20260526_18,7aa2c1d273b542c3a1d1d5ae479befc0,0.057,,,
2375,2026-05-26,SZ000596,0.007829332070227442,EXP_CatBoostModel_Alpha158_csi300_custom_step0_s_20260526_18,7aa2c1d273b542c3a1d1d5ae479befc0,0.057,,,
2376,2026-05-26,SZ000568,-0.018704077450611947,EXP_CatBoostModel_Alpha158_csi300_custom_step0_s_20260526_18,7aa2c1d273b542c3a1d1d5ae479befc0,0.057,,,
2377,2026-05-26,SZ000538,-0.028000086821686046,EXP_CatBoostModel_Alpha158_csi300_custom_step0_s_20260526_18,7aa2c1d273b542c3a1d1d5ae479befc0,0.057,,,
2378,2026-05-26,SZ000425,-0.010080531148707652,EXP_CatBoostModel_Alpha158_csi300_custom_step0_s_20260526_18,7aa2c1d273b542c3a1d1d5ae479befc0,0.057,,,
2379,2026-05-26,SZ000651,0.005123924592957389,EXP_CatBoostModel_Alpha158_csi300_custom_step0_s_20260526_18,7aa2c1d273b542c3a1d1d5ae479befc0,0.057,,,
2380,2026-05-26,SZ000408,-0.025114395608520378,EXP_CatBoostModel_Alpha158_csi300_custom_step0_s_20260526_18,7aa2c1d273b542c3a1d1d5ae479befc0,0.057,,,
2381,2026-05-26,SZ000333,-0.007313313429702683,EXP_CatBoostModel_Alpha158_csi300_custom_step0_s_20260526_18,7aa2c1d273b542c3a1d1d5ae479befc0,0.057,,,
2382,2026-05-26,SZ000301,0.005485276986395586,EXP_CatBoostModel_Alpha158_csi300_custom_step0_s_20260526_18,7aa2c1d273b542c3a1d1d5ae479befc0,0.057,,,
2383,2026-05-26,SZ000166,-0.018991946193925437,EXP_CatBoostModel_Alpha158_csi300_custom_step0_s_20260526_18,7aa2c1d273b542c3a1d1d5ae479befc0,0.057,,,
2384,2026-05-26,SZ000157,-0.014507799815616564,EXP_CatBoostModel_Alpha158_csi300_custom_step0_s_20260526_18,7aa2c1d273b542c3a1d1d5ae479befc0,0.057,,,
2385,2026-05-26,SZ000100,-0.009130958180320387,EXP_CatBoostModel_Alpha158_csi300_custom_step0_s_20260526_18,7aa2c1d273b542c3a1d1d5ae479befc0,0.057,,,
2386,2026-05-26,SZ000063,-0.009896449630481178,EXP_CatBoostModel_Alpha158_csi300_custom_step0_s_20260526_18,7aa2c1d273b542c3a1d1d5ae479befc0,0.057,,,
2387,2026-05-26,SZ000338,0.07323134702446986,EXP_CatBoostModel_Alpha158_csi300_custom_step0_s_20260526_18,7aa2c1d273b542c3a1d1d5ae479befc0,0.057,,,
2388,2026-05-26,SH601225,-0.014214854924427534,EXP_CatBoostModel_Alpha158_csi300_custom_step0_s_20260526_18,7aa2c1d273b542c3a1d1d5ae479befc0,0.057,,,
2389,2026-05-26,SH601211,-0.02238481562690421,EXP_CatBoostModel_Alpha158_csi300_custom_step0_s_20260526_18,7aa2c1d273b542c3a1d1d5ae479befc0,0.057,,,
2390,2026-05-26,SH601186,-0.033810811333892174,EXP_CatBoostModel_Alpha158_csi300_custom_step0_s_20260526_18,7aa2c1d273b542c3a1d1d5ae479befc0,0.057,,,
2391,2026-05-26,SZ302132,-0.003824207460210442,EXP_CatBoostModel_Alpha158_csi300_custom_step0_s_20260526_18,655f5c57340d4cfcb049c3061fa6f577,0.053,,,
2392,2026-05-26,SH600000,-0.017377761236679702,EXP_CatBoostModel_Alpha158_csi300_custom_step0_s_20260526_18,7aa2c1d273b542c3a1d1d5ae479befc0,0.057,,,
2393,2026-05-26,SH600009,-0.01985270952808753,EXP_CatBoostModel_Alpha158_csi300_custom_step0_s_20260526_18,7aa2c1d273b542c3a1d1d5ae479befc0,0.057,,,
2394,2026-05-26,SH600010,-0.004330527042852674,EXP_CatBoostModel_Alpha158_csi300_custom_step0_s_20260526_18,7aa2c1d273b542c3a1d1d5ae479befc0,0.057,,,
2395,2026-05-26,SH600011,0.007495512902651015,EXP_CatBoostModel_Alpha158_csi300_custom_step0_s_20260526_18,7aa2c1d273b542c3a1d1d5ae479befc0,0.057,,,
2396,2026-05-26,SH600015,-0.015574912288937252,EXP_CatBoostModel_Alpha158_csi300_custom_step0_s_20260526_18,7aa2c1d273b542c3a1d1d5ae479befc0,0.057,,,
2397,2026-05-26,SH600016,-0.032075857305410974,EXP_CatBoostModel_Alpha158_csi300_custom_step0_s_20260526_18,7aa2c1d273b542c3a1d1d5ae479befc0,0.057,,,
2398,2026-05-26,SH600018,-0.008798895942105736,EXP_CatBoostModel_Alpha158_csi300_custom_step0_s_20260526_18,7aa2c1d273b542c3a1d1d5ae479befc0,0.057,,,
2399,2026-05-26,SH600019,-0.021464138877433182,EXP_CatBoostModel_Alpha158_csi300_custom_step0_s_20260526_18,7aa2c1d273b542c3a1d1d5ae479befc0,0.057,,,
2400,2026-05-26,SH600023,0.01516361973236679,EXP_CatBoostModel_Alpha158_csi300_custom_step0_s_20260526_18,7aa2c1d273b542c3a1d1d5ae479befc0,0.057,,,
2401,2026-05-26,SH600025,-0.016782663668311076,EXP_CatBoostModel_Alpha158_csi300_custom_step0_s_20260526_18,7aa2c1d273b542c3a1d1d5ae479befc0,0.057,,,
2402,2026-05-26,SH600026,-0.007425171628351988,EXP_CatBoostModel_Alpha158_csi300_custom_step0_s_20260526_18,7aa2c1d273b542c3a1d1d5ae479befc0,0.057,,,
2403,2026-05-26,SH600027,0.01425645217976375,EXP_CatBoostModel_Alpha158_csi300_custom_step0_s_20260526_18,7aa2c1d273b542c3a1d1d5ae479befc0,0.057,,,
2404,2026-05-26,SH600028,-0.02225704505400441,EXP_CatBoostModel_Alpha158_csi300_custom_step0_s_20260526_18,7aa2c1d273b542c3a1d1d5ae479befc0,0.057,,,
2405,2026-05-26,SH600029,-0.008035537098071432,EXP_CatBoostModel_Alpha158_csi300_custom_step0_s_20260526_18,7aa2c1d273b542c3a1d1d5ae479befc0,0.057,,,
2406,2026-05-26,SH600030,-0.011381360260706757,EXP_CatBoostModel_Alpha158_csi300_custom_step0_s_20260526_18,7aa2c1d273b542c3a1d1d5ae479befc0,0.057,,,
2407,2026-05-26,SH600031,-0.008514005970293871,EXP_CatBoostModel_Alpha158_csi300_custom_step0_s_20260526_18,7aa2c1d273b542c3a1d1d5ae479befc0,0.057,,,
2408,2026-05-26,SH600161,-0.023004065126753636,EXP_CatBoostModel_Alpha158_csi300_custom_step0_s_20260526_18,7aa2c1d273b542c3a1d1d5ae479befc0,0.057,,,
2409,2026-05-26,SH600160,-0.011595323879950102,EXP_CatBoostModel_Alpha158_csi300_custom_step0_s_20260526_18,7aa2c1d273b542c3a1d1d5ae479befc0,0.057,,,
2410,2026-05-26,SH600150,-0.06197990144908047,EXP_CatBoostModel_Alpha158_csi300_custom_step0_s_20260526_18,7aa2c1d273b542c3a1d1d5ae479befc0,0.057,,,
2411,2026-05-26,SH600115,-0.01294876815124364,EXP_CatBoostModel_Alpha158_csi300_custom_step0_s_20260526_18,7aa2c1d273b542c3a1d1d5ae479befc0,0.057,,,
2412,2026-05-26,SH600111,-0.000799597817812549,EXP_CatBoostModel_Alpha158_csi300_custom_step0_s_20260526_18,7aa2c1d273b542c3a1d1d5ae479befc0,0.057,,,
2413,2026-05-26,SH600104,-0.01639646788562291,EXP_CatBoostModel_Alpha158_csi300_custom_step0_s_20260526_18,7aa2c1d273b542c3a1d1d5ae479befc0,0.057,,,
2414,2026-05-26,SZ301269,0.0019672237392931607,EXP_CatBoostModel_Alpha158_csi300_custom_step0_s_20260526_18,655f5c57340d4cfcb049c3061fa6f577,0.053,,,
2415,2026-05-26,SH600089,-0.017086423219136414,EXP_CatBoostModel_Alpha158_csi300_custom_step0_s_20260526_18,7aa2c1d273b542c3a1d1d5ae479befc0,0.057,,,
2416,2026-05-26,SH600066,-0.013606237395001074,EXP_CatBoostModel_Alpha158_csi300_custom_step0_s_20260526_18,7aa2c1d273b542c3a1d1d5ae479befc0,0.057,,,
2417,2026-05-26,SH600061,-0.01438806331710284,EXP_CatBoostModel_Alpha158_csi300_custom_step0_s_20260526_18,7aa2c1d273b542c3a1d1d5ae479befc0,0.057,,,
2418,2026-05-26,SH600050,-0.02435195603632211,EXP_CatBoostModel_Alpha158_csi300_custom_step0_s_20260526_18,7aa2c1d273b542c3a1d1d5ae479befc0,0.057,,,
2419,2026-05-26,SH600048,-0.017487187409455058,EXP_CatBoostModel_Alpha158_csi300_custom_step0_s_20260526_18,7aa2c1d273b542c3a1d1d5ae479befc0,0.057,,,
2420,2026-05-26,SH600039,0.0057668053770231365,EXP_CatBoostModel_Alpha158_csi300_custom_step0_s_20260526_18,7aa2c1d273b542c3a1d1d5ae479befc0,0.057,,,
2421,2026-05-26,SH600036,-0.031165899025507846,EXP_CatBoostModel_Alpha158_csi300_custom_step0_s_20260526_18,7aa2c1d273b542c3a1d1d5ae479befc0,0.057,,,
2422,2026-05-26,SH600085,-0.01997724594761882,EXP_CatBoostModel_Alpha158_csi300_custom_step0_s_20260526_18,7aa2c1d273b542c3a1d1d5ae479befc0,0.057,,,
2423,2026-05-26,SH600176,0.10612694445588139,EXP_CatBoostModel_Alpha158_csi300_custom_step0_s_20260526_18,7aa2c1d273b542c3a1d1d5ae479befc0,0.057,,,
2424,2026-05-26,SZ301236,-0.002267409691929672,EXP_CatBoostModel_Alpha158_csi300_custom_step0_s_20260526_18,655f5c57340d4cfcb049c3061fa6f577,0.053,,,
2425,2026-05-26,SZ300979,-0.003824207460210442,EXP_CatBoostModel_Alpha158_csi300_custom_step0_s_20260526_18,655f5c57340d4cfcb049c3061fa6f577,0.053,,,
2426,2026-05-26,SZ003816,-0.004744909340470539,EXP_CatBoostModel_Alpha158_csi300_custom_step0_s_20260526_18,655f5c57340d4cfcb049c3061fa6f577,0.053,,,
2427,2026-05-26,SZ300014,-0.0013706036596943054,EXP_CatBoostModel_Alpha158_csi300_custom_step0_s_20260526_18,655f5c57340d4cfcb049c3061fa6f577,0.053,,,
2428,2026-05-26,SZ300015,-0.002267409691929672,EXP_CatBoostModel_Alpha158_csi300_custom_step0_s_20260526_18,655f5c57340d4cfcb049c3061fa6f577,0.053,,,
2429,2026-05-26,SZ300033,-0.002267409691929672,EXP_CatBoostModel_Alpha158_csi300_custom_step0_s_20260526_18,655f5c57340d4cfcb049c3061fa6f577,0.053,,,
2430,2026-05-26,SZ300059,0.0003463738419305206,EXP_CatBoostModel_Alpha158_csi300_custom_step0_s_20260526_18,655f5c57340d4cfcb049c3061fa6f577,0.053,,,
2431,2026-05-26,SZ300122,-0.003824207460210442,EXP_CatBoostModel_Alpha158_csi300_custom_step0_s_20260526_18,655f5c57340d4cfcb049c3061fa6f577,0.053,,,
2432,2026-05-26,SZ300124,-0.002267409691929672,EXP_CatBoostModel_Alpha158_csi300_custom_step0_s_20260526_18,655f5c57340d4cfcb049c3061fa6f577,0.053,,,
2433,2026-05-26,SZ300251,-0.002267409691929672,EXP_CatBoostModel_Alpha158_csi300_custom_step0_s_20260526_18,655f5c57340d4cfcb049c3061fa6f577,0.053,,,
2434,2026-05-26,SZ300274,0.0019672237392931607,EXP_CatBoostModel_Alpha158_csi300_custom_step0_s_20260526_18,655f5c57340d4cfcb049c3061fa6f577,0.053,,,
2435,2026-05-26,SZ300308,-0.004744909340470539,EXP_CatBoostModel_Alpha158_csi300_custom_step0_s_20260526_18,655f5c57340d4cfcb049c3061fa6f577,0.053,,,
2436,2026-05-26,SZ300316,-0.002267409691929672,EXP_CatBoostModel_Alpha158_csi300_custom_step0_s_20260526_18,655f5c57340d4cfcb049c3061fa6f577,0.053,,,
2437,2026-05-26,SZ300347,0.007301001859630248,EXP_CatBoostModel_Alpha158_csi300_custom_step0_s_20260526_18,655f5c57340d4cfcb049c3061fa6f577,0.053,,,
2438,2026-05-26,SZ300394,-0.0013706036596943054,EXP_CatBoostModel_Alpha158_csi300_custom_step0_s_20260526_18,655f5c57340d4cfcb049c3061fa6f577,0.053,,,
2439,2026-05-26,SZ300408,0.002115024413098854,EXP_CatBoostModel_Alpha158_csi300_custom_step0_s_20260526_18,655f5c57340d4cfcb049c3061fa6f577,0.053,,,
2440,2026-05-26,SZ300413,-0.003824207460210442,EXP_CatBoostModel_Alpha158_csi300_custom_step0_s_20260526_18,655f5c57340d4cfcb049c3061fa6f577,0.053,,,
2441,2026-05-26,SZ300418,-0.002267409691929672,EXP_CatBoostModel_Alpha158_csi300_custom_step0_s_20260526_18,655f5c57340d4cfcb049c3061fa6f577,0.053,,,
2442,2026-05-26,SZ300433,0.007301001859630248,EXP_CatBoostModel_Alpha158_csi300_custom_step0_s_20260526_18,655f5c57340d4cfcb049c3061fa6f577,0.053,,,
2443,2026-05-26,SZ300896,-0.003824207460210442,EXP_CatBoostModel_Alpha158_csi300_custom_step0_s_20260526_18,655f5c57340d4cfcb049c3061fa6f577,0.053,,,
2444,2026-05-26,SZ300866,-0.0021049416856646764,EXP_CatBoostModel_Alpha158_csi300_custom_step0_s_20260526_18,655f5c57340d4cfcb049c3061fa6f577,0.053,,,
2445,2026-05-26,SZ300832,-0.002267409691929672,EXP_CatBoostModel_Alpha158_csi300_custom_step0_s_20260526_18,655f5c57340d4cfcb049c3061fa6f577,0.053,,,
2446,2026-05-26,SZ300803,-0.002267409691929672,EXP_CatBoostModel_Alpha158_csi300_custom_step0_s_20260526_18,655f5c57340d4cfcb049c3061fa6f577,0.053,,,
2447,2026-05-26,SZ300782,-0.0021049416856646764,EXP_CatBoostModel_Alpha158_csi300_custom_step0_s_20260526_18,655f5c57340d4cfcb049c3061fa6f577,0.053,,,
2448,2026-05-26,SZ300760,-0.002267409691929672,EXP_CatBoostModel_Alpha158_csi300_custom_step0_s_20260526_18,655f5c57340d4cfcb049c3061fa6f577,0.053,,,
2449,2026-05-26,SZ300999,-0.003824207460210442,EXP_CatBoostModel_Alpha158_csi300_custom_step0_s_20260526_18,655f5c57340d4cfcb049c3061fa6f577,0.053,,,
2450,2026-05-26,SZ300759,-0.002267409691929672,EXP_CatBoostModel_Alpha158_csi300_custom_step0_s_20260526_18,655f5c57340d4cfcb049c3061fa6f577,0.053,,,
2451,2026-05-26,SZ300661,0.006409065408346731,EXP_CatBoostModel_Alpha158_csi300_custom_step0_s_20260526_18,655f5c57340d4cfcb049c3061fa6f577,0.053,,,
2452,2026-05-26,SZ300628,-0.002267409691929672,EXP_CatBoostModel_Alpha158_csi300_custom_step0_s_20260526_18,655f5c57340d4cfcb049c3061fa6f577,0.053,,,
2453,2026-05-26,SZ300502,-0.004744909340470539,EXP_CatBoostModel_Alpha158_csi300_custom_step0_s_20260526_18,655f5c57340d4cfcb049c3061fa6f577,0.053,,,
2454,2026-05-26,SZ300498,-0.002267409691929672,EXP_CatBoostModel_Alpha158_csi300_custom_step0_s_20260526_18,655f5c57340d4cfcb049c3061fa6f577,0.053,,,
2455,2026-05-26,SZ300476,-0.004744909340470539,EXP_CatBoostModel_Alpha158_csi300_custom_step0_s_20260526_18,655f5c57340d4cfcb049c3061fa6f577,0.053,,,
2456,2026-05-26,SZ300442,-0.003824207460210442,EXP_CatBoostModel_Alpha158_csi300_custom_step0_s_20260526_18,655f5c57340d4cfcb049c3061fa6f577,0.053,,,
2457,2026-05-26,SZ300750,-0.0021049416856646764,EXP_CatBoostModel_Alpha158_csi300_custom_step0_s_20260526_18,655f5c57340d4cfcb049c3061fa6f577,0.053,,,
2458,2026-05-26,SH600183,-0.028939149123475463,EXP_CatBoostModel_Alpha158_csi300_custom_step0_s_20260526_18,7aa2c1d273b542c3a1d1d5ae479befc0,0.057,,,
2459,2026-05-26,SH600188,0.010122630209628301,EXP_CatBoostModel_Alpha158_csi300_custom_step0_s_20260526_18,7aa2c1d273b542c3a1d1d5ae479befc0,0.057,,,
2460,2026-05-26,SH600196,-0.017461196618911667,EXP_CatBoostModel_Alpha158_csi300_custom_step0_s_20260526_18,7aa2c1d273b542c3a1d1d5ae479befc0,0.057,,,
2461,2026-05-26,SH600887,0.004616362132638696,EXP_CatBoostModel_Alpha158_csi300_custom_step0_s_20260526_18,7aa2c1d273b542c3a1d1d5ae479befc0,0.057,,,
2462,2026-05-26,SH600893,0.0012177411280301978,EXP_CatBoostModel_Alpha158_csi300_custom_step0_s_20260526_18,7aa2c1d273b542c3a1d1d5ae479befc0,0.057,,,
2463,2026-05-26,SH600900,-0.00741500123713192,EXP_CatBoostModel_Alpha158_csi300_custom_step0_s_20260526_18,7aa2c1d273b542c3a1d1d5ae479befc0,0.057,,,
2464,2026-05-26,SH600905,0.010852340731897264,EXP_CatBoostModel_Alpha158_csi300_custom_step0_s_20260526_18,7aa2c1d273b542c3a1d1d5ae479befc0,0.057,,,
2465,2026-05-26,SH600918,-0.009036018517603037,EXP_CatBoostModel_Alpha158_csi300_custom_step0_s_20260526_18,7aa2c1d273b542c3a1d1d5ae479befc0,0.057,,,
2466,2026-05-26,SH600919,-0.01755869405671191,EXP_CatBoostModel_Alpha158_csi300_custom_step0_s_20260526_18,7aa2c1d273b542c3a1d1d5ae479befc0,0.057,,,
2467,2026-05-26,SH600926,-0.026195707652104282,EXP_CatBoostModel_Alpha158_csi300_custom_step0_s_20260526_18,7aa2c1d273b542c3a1d1d5ae479befc0,0.057,,,
2468,2026-05-26,SH600930,-0.016345832057594867,EXP_CatBoostModel_Alpha158_csi300_custom_step0_s_20260526_18,7aa2c1d273b542c3a1d1d5ae479befc0,0.057,,,
2469,2026-05-26,SH600938,-0.0004191192444109122,EXP_CatBoostModel_Alpha158_csi300_custom_step0_s_20260526_18,7aa2c1d273b542c3a1d1d5ae479befc0,0.057,,,
2470,2026-05-26,SH600941,-0.008044578040799218,EXP_CatBoostModel_Alpha158_csi300_custom_step0_s_20260526_18,7aa2c1d273b542c3a1d1d5ae479befc0,0.057,,,
2471,2026-05-26,SH600958,0.005223667087520097,EXP_CatBoostModel_Alpha158_csi300_custom_step0_s_20260526_18,7aa2c1d273b542c3a1d1d5ae479befc0,0.057,,,
2472,2026-05-26,SH600989,0.03538348719113135,EXP_CatBoostModel_Alpha158_csi300_custom_step0_s_20260526_18,7aa2c1d273b542c3a1d1d5ae479befc0,0.057,,,
2473,2026-05-26,SH600999,0.010534861195418655,EXP_CatBoostModel_Alpha158_csi300_custom_step0_s_20260526_18,7aa2c1d273b542c3a1d1d5ae479befc0,0.057,,,
2474,2026-05-26,SH601006,-0.014360046829488953,EXP_CatBoostModel_Alpha158_csi300_custom_step0_s_20260526_18,7aa2c1d273b542c3a1d1d5ae479befc0,0.057,,,
2475,2026-05-26,SH601009,-0.030587138449221306,EXP_CatBoostModel_Alpha158_csi300_custom_step0_s_20260526_18,7aa2c1d273b542c3a1d1d5ae479befc0,0.057,,,
2476,2026-05-26,SH601012,0.01928268370834328,EXP_CatBoostModel_Alpha158_csi300_custom_step0_s_20260526_18,7aa2c1d273b542c3a1d1d5ae479befc0,0.057,,,
2477,2026-05-26,SH601018,-0.0301602103256974,EXP_CatBoostModel_Alpha158_csi300_custom_step0_s_20260526_18,7aa2c1d273b542c3a1d1d5ae479befc0,0.057,,,
2478,2026-05-26,SH601169,-0.031588333909832275,EXP_CatBoostModel_Alpha158_csi300_custom_step0_s_20260526_18,7aa2c1d273b542c3a1d1d5ae479befc0,0.057,,,
2479,2026-05-26,SH601166,-0.019133126724249393,EXP_CatBoostModel_Alpha158_csi300_custom_step0_s_20260526_18,7aa2c1d273b542c3a1d1d5ae479befc0,0.057,,,
2480,2026-05-26,SH601138,0.03880988731692751,EXP_CatBoostModel_Alpha158_csi300_custom_step0_s_20260526_18,7aa2c1d273b542c3a1d1d5ae479befc0,0.057,,,
2481,2026-05-26,SH601136,-0.005452602681340018,EXP_CatBoostModel_Alpha158_csi300_custom_step0_s_20260526_18,7aa2c1d273b542c3a1d1d5ae479befc0,0.057,,,
2482,2026-05-26,SH601127,-0.027431800132656416,EXP_CatBoostModel_Alpha158_csi300_custom_step0_s_20260526_18,7aa2c1d273b542c3a1d1d5ae479befc0,0.057,,,
2483,2026-05-26,SH601117,-0.013978135568247091,EXP_CatBoostModel_Alpha158_csi300_custom_step0_s_20260526_18,7aa2c1d273b542c3a1d1d5ae479befc0,0.057,,,
2484,2026-05-26,SH600886,-0.0022019626251171395,EXP_CatBoostModel_Alpha158_csi300_custom_step0_s_20260526_18,7aa2c1d273b542c3a1d1d5ae479befc0,0.057,,,
2485,2026-05-26,SH601111,-0.010351298375138226,EXP_CatBoostModel_Alpha158_csi300_custom_step0_s_20260526_18,7aa2c1d273b542c3a1d1d5ae479befc0,0.057,,,
2486,2026-05-26,SH601088,-0.01988496406749785,EXP_CatBoostModel_Alpha158_csi300_custom_step0_s_20260526_18,7aa2c1d273b542c3a1d1d5ae479befc0,0.057,,,
2487,2026-05-26,SH601077,-0.017059140366415565,EXP_CatBoostModel_Alpha158_csi300_custom_step0_s_20260526_18,7aa2c1d273b542c3a1d1d5ae479befc0,0.057,,,
2488,2026-05-26,SH601066,0.017091763445829865,EXP_CatBoostModel_Alpha158_csi300_custom_step0_s_20260526_18,7aa2c1d273b542c3a1d1d5ae479befc0,0.057,,,
2489,2026-05-26,SH601059,-0.008549511102334633,EXP_CatBoostModel_Alpha158_csi300_custom_step0_s_20260526_18,7aa2c1d273b542c3a1d1d5ae479befc0,0.057,,,
2490,2026-05-26,SH601058,-0.012166534495746591,EXP_CatBoostModel_Alpha158_csi300_custom_step0_s_20260526_18,7aa2c1d273b542c3a1d1d5ae479befc0,0.057,,,
2491,2026-05-26,SH601021,-0.011102433234654206,EXP_CatBoostModel_Alpha158_csi300_custom_step0_s_20260526_18,7aa2c1d273b542c3a1d1d5ae479befc0,0.057,,,
2492,2026-05-26,SH601100,0.014835026014923744,EXP_CatBoostModel_Alpha158_csi300_custom_step0_s_20260526_18,7aa2c1d273b542c3a1d1d5ae479befc0,0.057,,,
2493,2026-05-26,SH600875,0.010036023775978311,EXP_CatBoostModel_Alpha158_csi300_custom_step0_s_20260526_18,7aa2c1d273b542c3a1d1d5ae479befc0,0.057,,,
2494,2026-05-26,SH600845,0.00797354393749469,EXP_CatBoostModel_Alpha158_csi300_custom_step0_s_20260526_18,7aa2c1d273b542c3a1d1d5ae479befc0,0.057,,,
2495,2026-05-26,SH600809,-0.010635595308528764,EXP_CatBoostModel_Alpha158_csi300_custom_step0_s_20260526_18,7aa2c1d273b542c3a1d1d5ae479befc0,0.057,,,
2496,2026-05-26,SH600460,0.02876884817665574,EXP_CatBoostModel_Alpha158_csi300_custom_step0_s_20260526_18,7aa2c1d273b542c3a1d1d5ae479befc0,0.057,,,
2497,2026-05-26,SH600438,0.033038142339008265,EXP_CatBoostModel_Alpha158_csi300_custom_step0_s_20260526_18,7aa2c1d273b542c3a1d1d5ae479befc0,0.057,,,
2498,2026-05-26,SH600436,-0.021252857122072005,EXP_CatBoostModel_Alpha158_csi300_custom_step0_s_20260526_18,7aa2c1d273b542c3a1d1d5ae479befc0,0.057,,,
2499,2026-05-26,SH600426,0.04852620375200082,EXP_CatBoostModel_Alpha158_csi300_custom_step0_s_20260526_18,7aa2c1d273b542c3a1d1d5ae479befc0,0.057,,,
2500,2026-05-26,SH600415,-0.011596574107904998,EXP_CatBoostModel_Alpha158_csi300_custom_step0_s_20260526_18,7aa2c1d273b542c3a1d1d5ae479befc0,0.057,,,
2501,2026-05-26,SH600406,-0.02246186375310653,EXP_CatBoostModel_Alpha158_csi300_custom_step0_s_20260526_18,7aa2c1d273b542c3a1d1d5ae479befc0,0.057,,,
2502,2026-05-26,SH600482,-0.0005736989803581136,EXP_CatBoostModel_Alpha158_csi300_custom_step0_s_20260526_18,7aa2c1d273b542c3a1d1d5ae479befc0,0.057,,,
2503,2026-05-26,SH600377,0.0024142493375510074,EXP_CatBoostModel_Alpha158_csi300_custom_step0_s_20260526_18,7aa2c1d273b542c3a1d1d5ae479befc0,0.057,,,
2504,2026-05-26,SH600362,-0.010564049228753425,EXP_CatBoostModel_Alpha158_csi300_custom_step0_s_20260526_18,7aa2c1d273b542c3a1d1d5ae479befc0,0.057,,,
2505,2026-05-26,SH600346,0.061687033714948845,EXP_CatBoostModel_Alpha158_csi300_custom_step0_s_20260526_18,7aa2c1d273b542c3a1d1d5ae479befc0,0.057,,,
2506,2026-05-26,SH600309,-0.008514353409503145,EXP_CatBoostModel_Alpha158_csi300_custom_step0_s_20260526_18,7aa2c1d273b542c3a1d1d5ae479befc0,0.057,,,
2507,2026-05-26,SH600276,-0.013401320837425488,EXP_CatBoostModel_Alpha158_csi300_custom_step0_s_20260526_18,7aa2c1d273b542c3a1d1d5ae479befc0,0.057,,,
2508,2026-05-26,SH600233,-0.003906045724615983,EXP_CatBoostModel_Alpha158_csi300_custom_step0_s_20260526_18,7aa2c1d273b542c3a1d1d5ae479befc0,0.057,,,
2509,2026-05-26,SH600219,-0.10213826135385431,EXP_CatBoostModel_Alpha158_csi300_custom_step0_s_20260526_18,7aa2c1d273b542c3a1d1d5ae479befc0,0.057,,,
2510,2026-05-26,SH600372,0.007595450310863352,EXP_CatBoostModel_Alpha158_csi300_custom_step0_s_20260526_18,7aa2c1d273b542c3a1d1d5ae479befc0,0.057,,,
2511,2026-05-26,SZ002311,-0.012513450657759292,EXP_CatBoostModel_Alpha158_csi300_custom_step0_s_20260526_18,7aa2c1d273b542c3a1d1d5ae479befc0,0.057,,,
2512,2026-05-26,SH600489,-0.010023675827330741,EXP_CatBoostModel_Alpha158_csi300_custom_step0_s_20260526_18,7aa2c1d273b542c3a1d1d5ae479befc0,0.057,,,
2513,2026-05-26,SH600519,-0.010859861668195723,EXP_CatBoostModel_Alpha158_csi300_custom_step0_s_20260526_18,7aa2c1d273b542c3a1d1d5ae479befc0,0.057,,,
2514,2026-05-26,SH600803,-0.012114707334488434,EXP_CatBoostModel_Alpha158_csi300_custom_step0_s_20260526_18,7aa2c1d273b542c3a1d1d5ae479befc0,0.057,,,
2515,2026-05-26,SH600795,-0.008453526876641547,EXP_CatBoostModel_Alpha158_csi300_custom_step0_s_20260526_18,7aa2c1d273b542c3a1d1d5ae479befc0,0.057,,,
2516,2026-05-26,SH600760,-0.012232132901274546,EXP_CatBoostModel_Alpha158_csi300_custom_step0_s_20260526_18,7aa2c1d273b542c3a1d1d5ae479befc0,0.057,,,
2517,2026-05-26,SH600741,-0.015352086212435532,EXP_CatBoostModel_Alpha158_csi300_custom_step0_s_20260526_18,7aa2c1d273b542c3a1d1d5ae479befc0,0.057,,,
2518,2026-05-26,SH600690,-0.015258597566131406,EXP_CatBoostModel_Alpha158_csi300_custom_step0_s_20260526_18,7aa2c1d273b542c3a1d1d5ae479befc0,0.057,,,
2519,2026-05-26,SH600674,-0.008979500010105756,EXP_CatBoostModel_Alpha158_csi300_custom_step0_s_20260526_18,7aa2c1d273b542c3a1d1d5ae479befc0,0.057,,,
2520,2026-05-26,SH600515,-0.020192737730527193,EXP_CatBoostModel_Alpha158_csi300_custom_step0_s_20260526_18,7aa2c1d273b542c3a1d1d5ae479befc0,0.057,,,
2521,2026-05-26,SH600660,-0.020749467934407722,EXP_CatBoostModel_Alpha158_csi300_custom_step0_s_20260526_18,7aa2c1d273b542c3a1d1d5ae479befc0,0.057,,,
2522,2026-05-26,SH600588,-0.009437676704044707,EXP_CatBoostModel_Alpha158_csi300_custom_step0_s_20260526_18,7aa2c1d273b542c3a1d1d5ae479befc0,0.057,,,
2523,2026-05-26,SH600585,-0.01646221426544698,EXP_CatBoostModel_Alpha158_csi300_custom_step0_s_20260526_18,7aa2c1d273b542c3a1d1d5ae479befc0,0.057,,,
2524,2026-05-26,SH600584,-0.17027296839295708,EXP_CatBoostModel_Alpha158_csi300_custom_step0_s_20260526_18,7aa2c1d273b542c3a1d1d5ae479befc0,0.057,,,
2525,2026-05-26,SH600570,-0.01370921639416314,EXP_CatBoostModel_Alpha158_csi300_custom_step0_s_20260526_18,7aa2c1d273b542c3a1d1d5ae479befc0,0.057,,,
2526,2026-05-26,SH600547,-0.0880798106645515,EXP_CatBoostModel_Alpha158_csi300_custom_step0_s_20260526_18,7aa2c1d273b542c3a1d1d5ae479befc0,0.057,,,
2527,2026-05-26,SH600522,0.1874147993514914,EXP_CatBoostModel_Alpha158_csi300_custom_step0_s_20260526_18,7aa2c1d273b542c3a1d1d5ae479befc0,0.057,,,
2528,2026-05-26,SH600600,-0.020527279306322786,EXP_CatBoostModel_Alpha158_csi300_custom_step0_s_20260526_18,7aa2c1d273b542c3a1d1d5ae479befc0,0.057,,,
2529,2026-05-26,SZ002938,0.007301001859630248,EXP_CatBoostModel_Alpha158_csi300_custom_step0_s_20260526_18,655f5c57340d4cfcb049c3061fa6f577,0.053,,,
2530,2026-05-26,SZ002352,-0.013675428873232526,EXP_CatBoostModel_Alpha158_csi300_custom_step0_s_20260526_18,7aa2c1d273b542c3a1d1d5ae479befc0,0.057,,,
2531,2026-05-26,SZ002384,0.3538124951936383,EXP_CatBoostModel_Alpha158_csi300_custom_step0_s_20260526_18,7aa2c1d273b542c3a1d1d5ae479befc0,0.057,,,
2532,2026-05-26,SH601618,-2.2085051107755295e-10,EXP_LGBModel_Alpha158_csi300_custom_step0_s_20260526_18,bcec01a85def4399befa1080f47a5501,0.071,,,
2533,2026-05-26,SH601628,-0.0019471289871680422,EXP_LGBModel_Alpha158_csi300_custom_step0_s_20260526_18,bcec01a85def4399befa1080f47a5501,0.071,,,
2534,2026-05-26,SH601633,-0.0019471289871680422,EXP_LGBModel_Alpha158_csi300_custom_step0_s_20260526_18,bcec01a85def4399befa1080f47a5501,0.071,,,
2535,2026-05-26,SH601658,0.002403640987939695,EXP_LGBModel_Alpha158_csi300_custom_step0_s_20260526_18,bcec01a85def4399befa1080f47a5501,0.071,,,
2536,2026-05-26,SH601668,-2.2085051107755295e-10,EXP_LGBModel_Alpha158_csi300_custom_step0_s_20260526_18,bcec01a85def4399befa1080f47a5501,0.071,,,
2537,2026-05-26,SH601669,-0.002510205341039766,EXP_LGBModel_Alpha158_csi300_custom_step0_s_20260526_18,bcec01a85def4399befa1080f47a5501,0.071,,,
2538,2026-05-26,SH601688,-0.002510205341039766,EXP_LGBModel_Alpha158_csi300_custom_step0_s_20260526_18,bcec01a85def4399befa1080f47a5501,0.071,,,
2539,2026-05-26,SH601689,0.0008584396444169606,EXP_LGBModel_Alpha158_csi300_custom_step0_s_20260526_18,bcec01a85def4399befa1080f47a5501,0.071,,,
2540,2026-05-26,SH601698,-0.002510205341039766,EXP_LGBModel_Alpha158_csi300_custom_step0_s_20260526_18,bcec01a85def4399befa1080f47a5501,0.071,,,
2541,2026-05-26,SH601728,-0.002510205341039766,EXP_LGBModel_Alpha158_csi300_custom_step0_s_20260526_18,bcec01a85def4399befa1080f47a5501,0.071,,,
2542,2026-05-26,SH601766,-2.2085051107755295e-10,EXP_LGBModel_Alpha158_csi300_custom_step0_s_20260526_18,bcec01a85def4399befa1080f47a5501,0.071,,,
2543,2026-05-26,SH601788,-0.0019471289871680422,EXP_LGBModel_Alpha158_csi300_custom_step0_s_20260526_18,bcec01a85def4399befa1080f47a5501,0.071,,,
2544,2026-05-26,SH601800,-0.002510205341039766,EXP_LGBModel_Alpha158_csi300_custom_step0_s_20260526_18,bcec01a85def4399befa1080f47a5501,0.071,,,
2545,2026-05-26,SH601808,-0.00017613532332779724,EXP_LGBModel_Alpha158_csi300_custom_step0_s_20260526_18,bcec01a85def4399befa1080f47a5501,0.071,,,
2546,2026-05-26,SH601816,-2.2085051107755295e-10,EXP_LGBModel_Alpha158_csi300_custom_step0_s_20260526_18,bcec01a85def4399befa1080f47a5501,0.071,,,
2547,2026-05-26,SH601818,-2.2085051107755295e-10,EXP_LGBModel_Alpha158_csi300_custom_step0_s_20260526_18,bcec01a85def4399befa1080f47a5501,0.071,,,
2548,2026-05-26,SH601825,0.002403640987939695,EXP_LGBModel_Alpha158_csi300_custom_step0_s_20260526_18,bcec01a85def4399befa1080f47a5501,0.071,,,
2549,2026-05-26,SH601939,-2.2085051107755295e-10,EXP_LGBModel_Alpha158_csi300_custom_step0_s_20260526_18,bcec01a85def4399befa1080f47a5501,0.071,,,
2550,2026-05-26,SH601919,-2.2085051107755295e-10,EXP_LGBModel_Alpha158_csi300_custom_step0_s_20260526_18,bcec01a85def4399befa1080f47a5501,0.071,,,
2551,2026-05-26,SH601916,-2.2085051107755295e-10,EXP_LGBModel_Alpha158_csi300_custom_step0_s_20260526_18,bcec01a85def4399befa1080f47a5501,0.071,,,
2552,2026-05-26,SH601901,0.002403640987939695,EXP_LGBModel_Alpha158_csi300_custom_step0_s_20260526_18,bcec01a85def4399befa1080f47a5501,0.071,,,
2553,2026-05-26,SH601899,-2.2085051107755295e-10,EXP_LGBModel_Alpha158_csi300_custom_step0_s_20260526_18,bcec01a85def4399befa1080f47a5501,0.071,,,
2554,2026-05-26,SH601898,-0.002510205341039766,EXP_LGBModel_Alpha158_csi300_custom_step0_s_20260526_18,bcec01a85def4399befa1080f47a5501,0.071,,,
2555,2026-05-26,SH601607,-2.2085051107755295e-10,EXP_LGBModel_Alpha158_csi300_custom_step0_s_20260526_18,bcec01a85def4399befa1080f47a5501,0.071,,,
2556,2026-05-26,SH601888,-0.0019471289871680422,EXP_LGBModel_Alpha158_csi300_custom_step0_s_20260526_18,bcec01a85def4399befa1080f47a5501,0.071,,,
2557,2026-05-26,SH601878,0.002403640987939695,EXP_LGBModel_Alpha158_csi300_custom_step0_s_20260526_18,bcec01a85def4399befa1080f47a5501,0.071,,,
2558,2026-05-26,SH601877,-0.002510205341039766,EXP_LGBModel_Alpha158_csi300_custom_step0_s_20260526_18,bcec01a85def4399befa1080f47a5501,0.071,,,
2559,2026-05-26,SH601872,-0.002510205341039766,EXP_LGBModel_Alpha158_csi300_custom_step0_s_20260526_18,bcec01a85def4399befa1080f47a5501,0.071,,,
2560,2026-05-26,SH601868,-0.002510205341039766,EXP_LGBModel_Alpha158_csi300_custom_step0_s_20260526_18,bcec01a85def4399befa1080f47a5501,0.071,,,
2561,2026-05-26,SH601857,-0.00017613532332779724,EXP_LGBModel_Alpha158_csi300_custom_step0_s_20260526_18,bcec01a85def4399befa1080f47a5501,0.071,,,
2562,2026-05-26,SH601838,0.002403640987939695,EXP_LGBModel_Alpha158_csi300_custom_step0_s_20260526_18,bcec01a85def4399befa1080f47a5501,0.071,,,
2563,2026-05-26,SH601881,-0.0019471289871680422,EXP_LGBModel_Alpha158_csi300_custom_step0_s_20260526_18,bcec01a85def4399befa1080f47a5501,0.071,,,
2564,2026-05-26,SH601985,-0.002510205341039766,EXP_LGBModel_Alpha158_csi300_custom_step0_s_20260526_18,bcec01a85def4399befa1080f47a5501,0.071,,,
2565,2026-05-26,SH601601,-0.0019471289871680422,EXP_LGBModel_Alpha158_csi300_custom_step0_s_20260526_18,bcec01a85def4399befa1080f47a5501,0.071,,,
2566,2026-05-26,SH601456,-0.0019471289871680422,EXP_LGBModel_Alpha158_csi300_custom_step0_s_20260526_18,bcec01a85def4399befa1080f47a5501,0.071,,,
2567,2026-05-26,SH601018,-2.2085051107755295e-10,EXP_LGBModel_Alpha158_csi300_custom_step0_s_20260526_18,bcec01a85def4399befa1080f47a5501,0.071,,,
2568,2026-05-26,SH601021,-0.002510205341039766,EXP_LGBModel_Alpha158_csi300_custom_step0_s_20260526_18,bcec01a85def4399befa1080f47a5501,0.071,,,
2569,2026-05-26,SH601058,0.0017961163557997665,EXP_LGBModel_Alpha158_csi300_custom_step0_s_20260526_18,bcec01a85def4399befa1080f47a5501,0.071,,,
2570,2026-05-26,SH601059,0.002403640987939695,EXP_LGBModel_Alpha158_csi300_custom_step0_s_20260526_18,bcec01a85def4399befa1080f47a5501,0.071,,,
2571,2026-05-26,SH601066,0.0017961163557997665,EXP_LGBModel_Alpha158_csi300_custom_step0_s_20260526_18,bcec01a85def4399befa1080f47a5501,0.071,,,
2572,2026-05-26,SH601077,-2.2085051107755295e-10,EXP_LGBModel_Alpha158_csi300_custom_step0_s_20260526_18,bcec01a85def4399befa1080f47a5501,0.071,,,
2573,2026-05-26,SH601088,0.002403640987939695,EXP_LGBModel_Alpha158_csi300_custom_step0_s_20260526_18,bcec01a85def4399befa1080f47a5501,0.071,,,
2574,2026-05-26,SH601100,-0.002510205341039766,EXP_LGBModel_Alpha158_csi300_custom_step0_s_20260526_18,bcec01a85def4399befa1080f47a5501,0.071,,,
2575,2026-05-26,SH601111,-2.2085051107755295e-10,EXP_LGBModel_Alpha158_csi300_custom_step0_s_20260526_18,bcec01a85def4399befa1080f47a5501,0.071,,,
2576,2026-05-26,SH601117,-0.002510205341039766,EXP_LGBModel_Alpha158_csi300_custom_step0_s_20260526_18,bcec01a85def4399befa1080f47a5501,0.071,,,
2577,2026-05-26,SH601127,-2.2085051107755295e-10,EXP_LGBModel_Alpha158_csi300_custom_step0_s_20260526_18,bcec01a85def4399befa1080f47a5501,0.071,,,
2578,2026-05-26,SH601136,-0.002510205341039766,EXP_LGBModel_Alpha158_csi300_custom_step0_s_20260526_18,bcec01a85def4399befa1080f47a5501,0.071,,,
2579,2026-05-26,SH601138,-0.002510205341039766,EXP_LGBModel_Alpha158_csi300_custom_step0_s_20260526_18,bcec01a85def4399befa1080f47a5501,0.071,,,
2580,2026-05-26,SH601166,-0.0010372322369438722,EXP_LGBModel_Alpha158_csi300_custom_step0_s_20260526_18,bcec01a85def4399befa1080f47a5501,0.071,,,
2581,2026-05-26,SH601169,-2.2085051107755295e-10,EXP_LGBModel_Alpha158_csi300_custom_step0_s_20260526_18,bcec01a85def4399befa1080f47a5501,0.071,,,
2582,2026-05-26,SH601186,-2.2085051107755295e-10,EXP_LGBModel_Alpha158_csi300_custom_step0_s_20260526_18,bcec01a85def4399befa1080f47a5501,0.071,,,
2583,2026-05-26,SH601211,-0.00017613532332779724,EXP_LGBModel_Alpha158_csi300_custom_step0_s_20260526_18,bcec01a85def4399befa1080f47a5501,0.071,,,
2584,2026-05-26,SH601398,0.002403640987939695,EXP_LGBModel_Alpha158_csi300_custom_step0_s_20260526_18,bcec01a85def4399befa1080f47a5501,0.071,,,
2585,2026-05-26,SH601390,-0.00017613532332779724,EXP_LGBModel_Alpha158_csi300_custom_step0_s_20260526_18,bcec01a85def4399befa1080f47a5501,0.071,,,
2586,2026-05-26,SH601377,-0.0019471289871680422,EXP_LGBModel_Alpha158_csi300_custom_step0_s_20260526_18,bcec01a85def4399befa1080f47a5501,0.071,,,
2587,2026-05-26,SH601360,-2.2085051107755295e-10,EXP_LGBModel_Alpha158_csi300_custom_step0_s_20260526_18,bcec01a85def4399befa1080f47a5501,0.071,,,
2588,2026-05-26,SH601336,-0.0019471289871680422,EXP_LGBModel_Alpha158_csi300_custom_step0_s_20260526_18,bcec01a85def4399befa1080f47a5501,0.071,,,
2589,2026-05-26,SH601328,-2.2085051107755295e-10,EXP_LGBModel_Alpha158_csi300_custom_step0_s_20260526_18,bcec01a85def4399befa1080f47a5501,0.071,,,
2590,2026-05-26,SH601600,-2.2085051107755295e-10,EXP_LGBModel_Alpha158_csi300_custom_step0_s_20260526_18,bcec01a85def4399befa1080f47a5501,0.071,,,
2591,2026-05-26,SH601319,-0.002510205341039766,EXP_LGBModel_Alpha158_csi300_custom_step0_s_20260526_18,bcec01a85def4399befa1080f47a5501,0.071,,,
2592,2026-05-26,SH601298,0.002403640987939695,EXP_LGBModel_Alpha158_csi300_custom_step0_s_20260526_18,bcec01a85def4399befa1080f47a5501,0.071,,,
2593,2026-05-26,SH601288,-2.2085051107755295e-10,EXP_LGBModel_Alpha158_csi300_custom_step0_s_20260526_18,bcec01a85def4399befa1080f47a5501,0.071,,,
2594,2026-05-26,SH601238,-0.00017613532332779724,EXP_LGBModel_Alpha158_csi300_custom_step0_s_20260526_18,bcec01a85def4399befa1080f47a5501,0.071,,,
2595,2026-05-26,SH601236,-0.00017613532332779724,EXP_LGBModel_Alpha158_csi300_custom_step0_s_20260526_18,bcec01a85def4399befa1080f47a5501,0.071,,,
2596,2026-05-26,SH601229,-2.2085051107755295e-10,EXP_LGBModel_Alpha158_csi300_custom_step0_s_20260526_18,bcec01a85def4399befa1080f47a5501,0.071,,,
2597,2026-05-26,SH601225,-0.00017613532332779724,EXP_LGBModel_Alpha158_csi300_custom_step0_s_20260526_18,bcec01a85def4399befa1080f47a5501,0.071,,,
2598,2026-05-26,SH601318,-0.0019471289871680422,EXP_LGBModel_Alpha158_csi300_custom_step0_s_20260526_18,bcec01a85def4399befa1080f47a5501,0.071,,,
2599,2026-05-26,SH601012,-0.00017613532332779724,EXP_LGBModel_Alpha158_csi300_custom_step0_s_20260526_18,bcec01a85def4399befa1080f47a5501,0.071,,,
2600,2026-05-26,SH601988,0.002403640987939695,EXP_LGBModel_Alpha158_csi300_custom_step0_s_20260526_18,bcec01a85def4399befa1080f47a5501,0.071,,,
2601,2026-05-26,SH601998,0.0008584396444169606,EXP_LGBModel_Alpha158_csi300_custom_step0_s_20260526_18,bcec01a85def4399befa1080f47a5501,0.071,,,
2602,2026-05-26,SZ000002,-0.002510205341039766,EXP_LGBModel_Alpha158_csi300_custom_step0_s_20260526_18,bcec01a85def4399befa1080f47a5501,0.071,,,
2603,2026-05-26,SZ000063,-0.002510205341039766,EXP_LGBModel_Alpha158_csi300_custom_step0_s_20260526_18,bcec01a85def4399befa1080f47a5501,0.071,,,
2604,2026-05-26,SZ000100,-0.0019471289871680422,EXP_LGBModel_Alpha158_csi300_custom_step0_s_20260526_18,bcec01a85def4399befa1080f47a5501,0.071,,,
2605,2026-05-26,SZ000157,-0.002510205341039766,EXP_LGBModel_Alpha158_csi300_custom_step0_s_20260526_18,bcec01a85def4399befa1080f47a5501,0.071,,,
2606,2026-05-26,SZ000166,-0.0019471289871680422,EXP_LGBModel_Alpha158_csi300_custom_step0_s_20260526_18,bcec01a85def4399befa1080f47a5501,0.071,,,
2607,2026-05-26,SZ000301,-0.002510205341039766,EXP_LGBModel_Alpha158_csi300_custom_step0_s_20260526_18,bcec01a85def4399befa1080f47a5501,0.071,,,
2608,2026-05-26,SZ000333,0.002403640987939695,EXP_LGBModel_Alpha158_csi300_custom_step0_s_20260526_18,bcec01a85def4399befa1080f47a5501,0.071,,,
2609,2026-05-26,SZ000338,0.004202946846385987,EXP_LGBModel_Alpha158_csi300_custom_step0_s_20260526_18,bcec01a85def4399befa1080f47a5501,0.071,,,
2610,2026-05-26,SZ000408,-2.2085051107755295e-10,EXP_LGBModel_Alpha158_csi300_custom_step0_s_20260526_18,bcec01a85def4399befa1080f47a5501,0.071,,,
2611,2026-05-26,SZ000425,-0.002510205341039766,EXP_LGBModel_Alpha158_csi300_custom_step0_s_20260526_18,bcec01a85def4399befa1080f47a5501,0.071,,,
2612,2026-05-26,SZ000538,-2.2085051107755295e-10,EXP_LGBModel_Alpha158_csi300_custom_step0_s_20260526_18,bcec01a85def4399befa1080f47a5501,0.071,,,
2613,2026-05-26,SZ000568,-2.2085051107755295e-10,EXP_LGBModel_Alpha158_csi300_custom_step0_s_20260526_18,bcec01a85def4399befa1080f47a5501,0.071,,,
2614,2026-05-26,SZ000596,-0.002510205341039766,EXP_LGBModel_Alpha158_csi300_custom_step0_s_20260526_18,bcec01a85def4399befa1080f47a5501,0.071,,,
2615,2026-05-26,SZ000617,-0.00017613532332779724,EXP_LGBModel_Alpha158_csi300_custom_step0_s_20260526_18,bcec01a85def4399befa1080f47a5501,0.071,,,
2616,2026-05-26,SZ000625,-0.0019471289871680422,EXP_LGBModel_Alpha158_csi300_custom_step0_s_20260526_18,bcec01a85def4399befa1080f47a5501,0.071,,,
2617,2026-05-26,SZ000630,-2.2085051107755295e-10,EXP_LGBModel_Alpha158_csi300_custom_step0_s_20260526_18,bcec01a85def4399befa1080f47a5501,0.071,,,
2618,2026-05-26,SZ000651,-2.2085051107755295e-10,EXP_LGBModel_Alpha158_csi300_custom_step0_s_20260526_18,bcec01a85def4399befa1080f47a5501,0.071,,,
2619,2026-05-26,SZ000975,0.004202946846385987,EXP_LGBModel_Alpha158_csi300_custom_step0_s_20260526_18,bcec01a85def4399befa1080f47a5501,0.071,,,
2620,2026-05-26,SZ000963,-0.002510205341039766,EXP_LGBModel_Alpha158_csi300_custom_step0_s_20260526_18,bcec01a85def4399befa1080f47a5501,0.071,,,
2621,2026-05-26,SZ000938,-0.00017613532332779724,EXP_LGBModel_Alpha158_csi300_custom_step0_s_20260526_18,bcec01a85def4399befa1080f47a5501,0.071,,,
2622,2026-05-26,SZ000895,-2.2085051107755295e-10,EXP_LGBModel_Alpha158_csi300_custom_step0_s_20260526_18,bcec01a85def4399befa1080f47a5501,0.071,,,
2623,2026-05-26,SZ000876,-0.002510205341039766,EXP_LGBModel_Alpha158_csi300_custom_step0_s_20260526_18,bcec01a85def4399befa1080f47a5501,0.071,,,
2624,2026-05-26,SZ000858,-2.2085051107755295e-10,EXP_LGBModel_Alpha158_csi300_custom_step0_s_20260526_18,bcec01a85def4399befa1080f47a5501,0.071,,,
2625,2026-05-26,SZ000001,-2.2085051107755295e-10,EXP_LGBModel_Alpha158_csi300_custom_step0_s_20260526_18,bcec01a85def4399befa1080f47a5501,0.071,,,
2626,2026-05-26,SZ000807,-2.2085051107755295e-10,EXP_LGBModel_Alpha158_csi300_custom_step0_s_20260526_18,bcec01a85def4399befa1080f47a5501,0.071,,,
2627,2026-05-26,SZ000786,-2.2085051107755295e-10,EXP_LGBModel_Alpha158_csi300_custom_step0_s_20260526_18,bcec01a85def4399befa1080f47a5501,0.071,,,
2628,2026-05-26,SZ000776,-2.2085051107755295e-10,EXP_LGBModel_Alpha158_csi300_custom_step0_s_20260526_18,bcec01a85def4399befa1080f47a5501,0.071,,,
2629,2026-05-26,SZ000768,-0.002510205341039766,EXP_LGBModel_Alpha158_csi300_custom_step0_s_20260526_18,bcec01a85def4399befa1080f47a5501,0.071,,,
2630,2026-05-26,SZ000725,-2.2085051107755295e-10,EXP_LGBModel_Alpha158_csi300_custom_step0_s_20260526_18,bcec01a85def4399befa1080f47a5501,0.071,,,
2631,2026-05-26,SZ000708,-2.2085051107755295e-10,EXP_LGBModel_Alpha158_csi300_custom_step0_s_20260526_18,bcec01a85def4399befa1080f47a5501,0.071,,,
2632,2026-05-26,SZ000661,-0.002510205341039766,EXP_LGBModel_Alpha158_csi300_custom_step0_s_20260526_18,bcec01a85def4399befa1080f47a5501,0.071,,,
2633,2026-05-26,SZ000792,-0.002510205341039766,EXP_LGBModel_Alpha158_csi300_custom_step0_s_20260526_18,bcec01a85def4399befa1080f47a5501,0.071,,,
2634,2026-05-26,SH601995,0.002403640987939695,EXP_LGBModel_Alpha158_csi300_custom_step0_s_20260526_18,bcec01a85def4399befa1080f47a5501,0.071,,,
2635,2026-05-26,SH688981,-2.2085051107755295e-10,EXP_LGBModel_Alpha158_csi300_custom_step0_s_20260526_18,bcec01a85def4399befa1080f47a5501,0.071,,,
2636,2026-05-26,SH688472,-0.002510205341039766,EXP_LGBModel_Alpha158_csi300_custom_step0_s_20260526_18,bcec01a85def4399befa1080f47a5501,0.071,,,
2637,2026-05-26,SH603019,-0.002510205341039766,EXP_LGBModel_Alpha158_csi300_custom_step0_s_20260526_18,bcec01a85def4399befa1080f47a5501,0.071,,,
2638,2026-05-26,SH603195,-2.2085051107755295e-10,EXP_LGBModel_Alpha158_csi300_custom_step0_s_20260526_18,bcec01a85def4399befa1080f47a5501,0.071,,,
2639,2026-05-26,SH603259,-0.002510205341039766,EXP_LGBModel_Alpha158_csi300_custom_step0_s_20260526_18,bcec01a85def4399befa1080f47a5501,0.071,,,
2640,2026-05-26,SH603260,-0.0019471289871680422,EXP_LGBModel_Alpha158_csi300_custom_step0_s_20260526_18,bcec01a85def4399befa1080f47a5501,0.071,,,
2641,2026-05-26,SH603288,-2.2085051107755295e-10,EXP_LGBModel_Alpha158_csi300_custom_step0_s_20260526_18,bcec01a85def4399befa1080f47a5501,0.071,,,
2642,2026-05-26,SH603296,-0.002510205341039766,EXP_LGBModel_Alpha158_csi300_custom_step0_s_20260526_18,bcec01a85def4399befa1080f47a5501,0.071,,,
2643,2026-05-26,SH603369,-2.2085051107755295e-10,EXP_LGBModel_Alpha158_csi300_custom_step0_s_20260526_18,bcec01a85def4399befa1080f47a5501,0.071,,,
2644,2026-05-26,SH603392,-0.002510205341039766,EXP_LGBModel_Alpha158_csi300_custom_step0_s_20260526_18,bcec01a85def4399befa1080f47a5501,0.071,,,
2645,2026-05-26,SH603501,-0.002510205341039766,EXP_LGBModel_Alpha158_csi300_custom_step0_s_20260526_18,bcec01a85def4399befa1080f47a5501,0.071,,,
2646,2026-05-26,SH603799,-0.002510205341039766,EXP_LGBModel_Alpha158_csi300_custom_step0_s_20260526_18,bcec01a85def4399befa1080f47a5501,0.071,,,
2647,2026-05-26,SH603893,0.0008584396444169606,EXP_LGBModel_Alpha158_csi300_custom_step0_s_20260526_18,bcec01a85def4399befa1080f47a5501,0.071,,,
2648,2026-05-26,SH603986,-0.0031001570379667427,EXP_LGBModel_Alpha158_csi300_custom_step0_s_20260526_18,bcec01a85def4399befa1080f47a5501,0.071,,,
2649,2026-05-26,SH603993,-2.2085051107755295e-10,EXP_LGBModel_Alpha158_csi300_custom_step0_s_20260526_18,bcec01a85def4399befa1080f47a5501,0.071,,,
2650,2026-05-26,SH605117,-0.002510205341039766,EXP_LGBModel_Alpha158_csi300_custom_step0_s_20260526_18,bcec01a85def4399befa1080f47a5501,0.071,,,
2651,2026-05-26,SH605499,-0.002510205341039766,EXP_LGBModel_Alpha158_csi300_custom_step0_s_20260526_18,bcec01a85def4399befa1080f47a5501,0.071,,,
2652,2026-05-26,SH688008,-2.2085051107755295e-10,EXP_LGBModel_Alpha158_csi300_custom_step0_s_20260526_18,bcec01a85def4399befa1080f47a5501,0.071,,,
2653,2026-05-26,SH688009,-0.00017613532332779724,EXP_LGBModel_Alpha158_csi300_custom_step0_s_20260526_18,bcec01a85def4399befa1080f47a5501,0.071,,,
2654,2026-05-26,SH688396,0.004202946846385987,EXP_LGBModel_Alpha158_csi300_custom_step0_s_20260526_18,bcec01a85def4399befa1080f47a5501,0.071,,,
2655,2026-05-26,SH688303,-0.002510205341039766,EXP_LGBModel_Alpha158_csi300_custom_step0_s_20260526_18,bcec01a85def4399befa1080f47a5501,0.071,,,
2656,2026-05-26,SH688271,-2.2085051107755295e-10,EXP_LGBModel_Alpha158_csi300_custom_step0_s_20260526_18,bcec01a85def4399befa1080f47a5501,0.071,,,
2657,2026-05-26,SH688256,-2.2085051107755295e-10,EXP_LGBModel_Alpha158_csi300_custom_step0_s_20260526_18,bcec01a85def4399befa1080f47a5501,0.071,,,
2658,2026-05-26,SH688223,-0.002510205341039766,EXP_LGBModel_Alpha158_csi300_custom_step0_s_20260526_18,bcec01a85def4399befa1080f47a5501,0.071,,,
2659,2026-05-26,SH688187,-2.2085051107755295e-10,EXP_LGBModel_Alpha158_csi300_custom_step0_s_20260526_18,bcec01a85def4399befa1080f47a5501,0.071,,,
2660,2026-05-26,SH688506,-2.2085051107755295e-10,EXP_LGBModel_Alpha158_csi300_custom_step0_s_20260526_18,bcec01a85def4399befa1080f47a5501,0.071,,,
2661,2026-05-26,SH688169,-0.002510205341039766,EXP_LGBModel_Alpha158_csi300_custom_step0_s_20260526_18,bcec01a85def4399befa1080f47a5501,0.071,,,
2662,2026-05-26,SH688111,-0.002510205341039766,EXP_LGBModel_Alpha158_csi300_custom_step0_s_20260526_18,bcec01a85def4399befa1080f47a5501,0.071,,,
2663,2026-05-26,SH688082,-0.0031001570379667427,EXP_LGBModel_Alpha158_csi300_custom_step0_s_20260526_18,bcec01a85def4399befa1080f47a5501,0.071,,,
2664,2026-05-26,SH688047,0.004202946846385987,EXP_LGBModel_Alpha158_csi300_custom_step0_s_20260526_18,bcec01a85def4399befa1080f47a5501,0.071,,,
2665,2026-05-26,SH688041,-2.2085051107755295e-10,EXP_LGBModel_Alpha158_csi300_custom_step0_s_20260526_18,bcec01a85def4399befa1080f47a5501,0.071,,,
2666,2026-05-26,SH688036,-0.002510205341039766,EXP_LGBModel_Alpha158_csi300_custom_step0_s_20260526_18,bcec01a85def4399befa1080f47a5501,0.071,,,
2667,2026-05-26,SH688012,-2.2085051107755295e-10,EXP_LGBModel_Alpha158_csi300_custom_step0_s_20260526_18,bcec01a85def4399befa1080f47a5501,0.071,,,
2668,2026-05-26,SH688126,0.004202946846385987,EXP_LGBModel_Alpha158_csi300_custom_step0_s_20260526_18,bcec01a85def4399befa1080f47a5501,0.071,,,
2669,2026-05-26,SH601009,-2.2085051107755295e-10,EXP_LGBModel_Alpha158_csi300_custom_step0_s_20260526_18,bcec01a85def4399befa1080f47a5501,0.071,,,
2670,2026-05-26,SH601006,0.002403640987939695,EXP_LGBModel_Alpha158_csi300_custom_step0_s_20260526_18,bcec01a85def4399befa1080f47a5501,0.071,,,
2671,2026-05-26,SH600999,0.0008584396444169606,EXP_LGBModel_Alpha158_csi300_custom_step0_s_20260526_18,bcec01a85def4399befa1080f47a5501,0.071,,,
2672,2026-05-26,SZ300433,0.07126997068290926,EXP_CatBoostModel_Alpha158_csi300_custom_step0_s_20260526_18,7aa2c1d273b542c3a1d1d5ae479befc0,0.057,,,
2673,2026-05-26,SZ300442,0.027873104068386098,EXP_CatBoostModel_Alpha158_csi300_custom_step0_s_20260526_18,7aa2c1d273b542c3a1d1d5ae479befc0,0.057,,,
2674,2026-05-26,SZ300476,0.024763608311530252,EXP_CatBoostModel_Alpha158_csi300_custom_step0_s_20260526_18,7aa2c1d273b542c3a1d1d5ae479befc0,0.057,,,
2675,2026-05-26,SZ300498,0.04280868984488614,EXP_CatBoostModel_Alpha158_csi300_custom_step0_s_20260526_18,7aa2c1d273b542c3a1d1d5ae479befc0,0.057,,,
2676,2026-05-26,SZ300502,0.0069228504050346095,EXP_CatBoostModel_Alpha158_csi300_custom_step0_s_20260526_18,7aa2c1d273b542c3a1d1d5ae479befc0,0.057,,,
2677,2026-05-26,SZ300628,0.0060376729150046085,EXP_CatBoostModel_Alpha158_csi300_custom_step0_s_20260526_18,7aa2c1d273b542c3a1d1d5ae479befc0,0.057,,,
2678,2026-05-26,SZ300661,0.07116757807541291,EXP_CatBoostModel_Alpha158_csi300_custom_step0_s_20260526_18,7aa2c1d273b542c3a1d1d5ae479befc0,0.057,,,
2679,2026-05-26,SZ300750,-0.0111609498822475,EXP_CatBoostModel_Alpha158_csi300_custom_step0_s_20260526_18,7aa2c1d273b542c3a1d1d5ae479befc0,0.057,,,
2680,2026-05-26,SZ300759,0.02909170708943792,EXP_CatBoostModel_Alpha158_csi300_custom_step0_s_20260526_18,7aa2c1d273b542c3a1d1d5ae479befc0,0.057,,,
2681,2026-05-26,SZ300760,-0.007714115807538319,EXP_CatBoostModel_Alpha158_csi300_custom_step0_s_20260526_18,7aa2c1d273b542c3a1d1d5ae479befc0,0.057,,,
2682,2026-05-26,SZ300782,0.060527820247798514,EXP_CatBoostModel_Alpha158_csi300_custom_step0_s_20260526_18,7aa2c1d273b542c3a1d1d5ae479befc0,0.057,,,
2683,2026-05-26,SZ300803,-0.004010920935856648,EXP_CatBoostModel_Alpha158_csi300_custom_step0_s_20260526_18,7aa2c1d273b542c3a1d1d5ae479befc0,0.057,,,
2684,2026-05-26,SZ300832,-0.001621676042000111,EXP_CatBoostModel_Alpha158_csi300_custom_step0_s_20260526_18,7aa2c1d273b542c3a1d1d5ae479befc0,0.057,,,
2685,2026-05-26,SZ300866,0.0497729232622828,EXP_CatBoostModel_Alpha158_csi300_custom_step0_s_20260526_18,7aa2c1d273b542c3a1d1d5ae479befc0,0.057,,,
2686,2026-05-26,SZ300896,0.011014235469415061,EXP_CatBoostModel_Alpha158_csi300_custom_step0_s_20260526_18,7aa2c1d273b542c3a1d1d5ae479befc0,0.057,,,
2687,2026-05-26,SZ300979,0.008782977428288418,EXP_CatBoostModel_Alpha158_csi300_custom_step0_s_20260526_18,7aa2c1d273b542c3a1d1d5ae479befc0,0.057,,,
2688,2026-05-26,SZ300999,9.406749392790604e-05,EXP_CatBoostModel_Alpha158_csi300_custom_step0_s_20260526_18,7aa2c1d273b542c3a1d1d5ae479befc0,0.057,,,
2689,2026-05-26,SH600026,-0.002510205341039766,EXP_LGBModel_Alpha158_csi300_custom_step0_s_20260526_18,bcec01a85def4399befa1080f47a5501,0.071,,,
2690,2026-05-26,SH600025,-0.002510205341039766,EXP_LGBModel_Alpha158_csi300_custom_step0_s_20260526_18,bcec01a85def4399befa1080f47a5501,0.071,,,
2691,2026-05-26,SH600023,-2.2085051107755295e-10,EXP_LGBModel_Alpha158_csi300_custom_step0_s_20260526_18,bcec01a85def4399befa1080f47a5501,0.071,,,
2692,2026-05-26,SH600019,-0.002510205341039766,EXP_LGBModel_Alpha158_csi300_custom_step0_s_20260526_18,bcec01a85def4399befa1080f47a5501,0.071,,,
2693,2026-05-26,SH600018,0.002403640987939695,EXP_LGBModel_Alpha158_csi300_custom_step0_s_20260526_18,bcec01a85def4399befa1080f47a5501,0.071,,,
2694,2026-05-26,SH600016,-2.2085051107755295e-10,EXP_LGBModel_Alpha158_csi300_custom_step0_s_20260526_18,bcec01a85def4399befa1080f47a5501,0.071,,,
2695,2026-05-26,SZ300418,0.0009701060002399061,EXP_CatBoostModel_Alpha158_csi300_custom_step0_s_20260526_18,7aa2c1d273b542c3a1d1d5ae479befc0,0.057,,,
2696,2026-05-26,SH600015,0.002403640987939695,EXP_LGBModel_Alpha158_csi300_custom_step0_s_20260526_18,bcec01a85def4399befa1080f47a5501,0.071,,,
2697,2026-05-26,SH600010,-0.002510205341039766,EXP_LGBModel_Alpha158_csi300_custom_step0_s_20260526_18,bcec01a85def4399befa1080f47a5501,0.071,,,
2698,2026-05-26,SH600009,-0.0019471289871680422,EXP_LGBModel_Alpha158_csi300_custom_step0_s_20260526_18,bcec01a85def4399befa1080f47a5501,0.071,,,
2699,2026-05-26,SH600000,-0.0010372322369438722,EXP_LGBModel_Alpha158_csi300_custom_step0_s_20260526_18,bcec01a85def4399befa1080f47a5501,0.071,,,
2700,2026-05-26,SZ302132,-0.009296287827042803,EXP_CatBoostModel_Alpha158_csi300_custom_step0_s_20260526_18,7aa2c1d273b542c3a1d1d5ae479befc0,0.057,,,
2701,2026-05-26,SZ301269,-0.28529778843431036,EXP_CatBoostModel_Alpha158_csi300_custom_step0_s_20260526_18,7aa2c1d273b542c3a1d1d5ae479befc0,0.057,,,
2702,2026-05-26,SZ301236,0.005809317768996222,EXP_CatBoostModel_Alpha158_csi300_custom_step0_s_20260526_18,7aa2c1d273b542c3a1d1d5ae479befc0,0.057,,,
2703,2026-05-26,SH600011,-0.002510205341039766,EXP_LGBModel_Alpha158_csi300_custom_step0_s_20260526_18,bcec01a85def4399befa1080f47a5501,0.071,,,
2704,2026-05-26,SH600027,-0.002510205341039766,EXP_LGBModel_Alpha158_csi300_custom_step0_s_20260526_18,bcec01a85def4399befa1080f47a5501,0.071,,,
2705,2026-05-26,SZ300413,-0.009699902501820968,EXP_CatBoostModel_Alpha158_csi300_custom_step0_s_20260526_18,7aa2c1d273b542c3a1d1d5ae479befc0,0.057,,,
2706,2026-05-26,SZ300394,0.006737064134369635,EXP_CatBoostModel_Alpha158_csi300_custom_step0_s_20260526_18,7aa2c1d273b542c3a1d1d5ae479befc0,0.057,,,
2707,2026-05-26,SZ002415,-0.0018743791030809307,EXP_CatBoostModel_Alpha158_csi300_custom_step0_s_20260526_18,7aa2c1d273b542c3a1d1d5ae479befc0,0.057,,,
2708,2026-05-26,SZ002422,0.004856949976619078,EXP_CatBoostModel_Alpha158_csi300_custom_step0_s_20260526_18,7aa2c1d273b542c3a1d1d5ae479befc0,0.057,,,
2709,2026-05-26,SZ002459,0.03066586242735055,EXP_CatBoostModel_Alpha158_csi300_custom_step0_s_20260526_18,7aa2c1d273b542c3a1d1d5ae479befc0,0.057,,,
2710,2026-05-26,SZ002460,-0.005328484967544111,EXP_CatBoostModel_Alpha158_csi300_custom_step0_s_20260526_18,7aa2c1d273b542c3a1d1d5ae479befc0,0.057,,,
2711,2026-05-26,SZ002463,0.05364051144899319,EXP_CatBoostModel_Alpha158_csi300_custom_step0_s_20260526_18,7aa2c1d273b542c3a1d1d5ae479befc0,0.057,,,
2712,2026-05-26,SZ002466,0.028854828784007015,EXP_CatBoostModel_Alpha158_csi300_custom_step0_s_20260526_18,7aa2c1d273b542c3a1d1d5ae479befc0,0.057,,,
2713,2026-05-26,SZ002475,0.05637381835745498,EXP_CatBoostModel_Alpha158_csi300_custom_step0_s_20260526_18,7aa2c1d273b542c3a1d1d5ae479befc0,0.057,,,
2714,2026-05-26,SZ002493,-0.07939202772522708,EXP_CatBoostModel_Alpha158_csi300_custom_step0_s_20260526_18,7aa2c1d273b542c3a1d1d5ae479befc0,0.057,,,
2715,2026-05-26,SZ002594,-0.015058548085754943,EXP_CatBoostModel_Alpha158_csi300_custom_step0_s_20260526_18,7aa2c1d273b542c3a1d1d5ae479befc0,0.057,,,
2716,2026-05-26,SZ002600,0.06837152047805437,EXP_CatBoostModel_Alpha158_csi300_custom_step0_s_20260526_18,7aa2c1d273b542c3a1d1d5ae479befc0,0.057,,,
2717,2026-05-26,SZ002601,-0.00016344840161821813,EXP_CatBoostModel_Alpha158_csi300_custom_step0_s_20260526_18,7aa2c1d273b542c3a1d1d5ae479befc0,0.057,,,
2718,2026-05-26,SZ002625,-0.008186047906881223,EXP_CatBoostModel_Alpha158_csi300_custom_step0_s_20260526_18,7aa2c1d273b542c3a1d1d5ae479befc0,0.057,,,
2719,2026-05-26,SZ002648,0.05568402507177385,EXP_CatBoostModel_Alpha158_csi300_custom_step0_s_20260526_18,7aa2c1d273b542c3a1d1d5ae479befc0,0.057,,,
2720,2026-05-26,SZ002709,0.07660608439579922,EXP_CatBoostModel_Alpha158_csi300_custom_step0_s_20260526_18,7aa2c1d273b542c3a1d1d5ae479befc0,0.057,,,
2721,2026-05-26,SZ002714,-0.010242615378474292,EXP_CatBoostModel_Alpha158_csi300_custom_step0_s_20260526_18,7aa2c1d273b542c3a1d1d5ae479befc0,0.057,,,
2722,2026-05-26,SZ002736,-0.021566832561585612,EXP_CatBoostModel_Alpha158_csi300_custom_step0_s_20260526_18,7aa2c1d273b542c3a1d1d5ae479befc0,0.057,,,
2723,2026-05-26,SZ002916,-0.04690087238409821,EXP_CatBoostModel_Alpha158_csi300_custom_step0_s_20260526_18,7aa2c1d273b542c3a1d1d5ae479befc0,0.057,,,
2724,2026-05-26,SZ300347,0.05138412692318285,EXP_CatBoostModel_Alpha158_csi300_custom_step0_s_20260526_18,7aa2c1d273b542c3a1d1d5ae479befc0,0.057,,,
2725,2026-05-26,SZ300316,-0.03568934485096718,EXP_CatBoostModel_Alpha158_csi300_custom_step0_s_20260526_18,7aa2c1d273b542c3a1d1d5ae479befc0,0.057,,,
2726,2026-05-26,SZ300308,0.057488878357002504,EXP_CatBoostModel_Alpha158_csi300_custom_step0_s_20260526_18,7aa2c1d273b542c3a1d1d5ae479befc0,0.057,,,
2727,2026-05-26,SZ300274,0.08388312684149217,EXP_CatBoostModel_Alpha158_csi300_custom_step0_s_20260526_18,7aa2c1d273b542c3a1d1d5ae479befc0,0.057,,,
2728,2026-05-26,SZ300251,0.0456822644248479,EXP_CatBoostModel_Alpha158_csi300_custom_step0_s_20260526_18,7aa2c1d273b542c3a1d1d5ae479befc0,0.057,,,
2729,2026-05-26,SZ300124,0.20887743889853813,EXP_CatBoostModel_Alpha158_csi300_custom_step0_s_20260526_18,7aa2c1d273b542c3a1d1d5ae479befc0,0.057,,,
2730,2026-05-26,SZ300408,-0.0008720022824001451,EXP_CatBoostModel_Alpha158_csi300_custom_step0_s_20260526_18,7aa2c1d273b542c3a1d1d5ae479befc0,0.057,,,
2731,2026-05-26,SZ300122,0.002469491688450995,EXP_CatBoostModel_Alpha158_csi300_custom_step0_s_20260526_18,7aa2c1d273b542c3a1d1d5ae479befc0,0.057,,,
2732,2026-05-26,SZ300033,0.002760705285280801,EXP_CatBoostModel_Alpha158_csi300_custom_step0_s_20260526_18,7aa2c1d273b542c3a1d1d5ae479befc0,0.057,,,
2733,2026-05-26,SZ300015,0.012865172184631693,EXP_CatBoostModel_Alpha158_csi300_custom_step0_s_20260526_18,7aa2c1d273b542c3a1d1d5ae479befc0,0.057,,,
2734,2026-05-26,SZ300014,-0.00999074898467776,EXP_CatBoostModel_Alpha158_csi300_custom_step0_s_20260526_18,7aa2c1d273b542c3a1d1d5ae479befc0,0.057,,,
2735,2026-05-26,SZ003816,-0.004207371335161044,EXP_CatBoostModel_Alpha158_csi300_custom_step0_s_20260526_18,7aa2c1d273b542c3a1d1d5ae479befc0,0.057,,,
2736,2026-05-26,SZ002938,-0.1529589987803669,EXP_CatBoostModel_Alpha158_csi300_custom_step0_s_20260526_18,7aa2c1d273b542c3a1d1d5ae479befc0,0.057,,,
2737,2026-05-26,SZ002920,-0.011707017477966384,EXP_CatBoostModel_Alpha158_csi300_custom_step0_s_20260526_18,7aa2c1d273b542c3a1d1d5ae479befc0,0.057,,,
2738,2026-05-26,SZ300059,-0.008466255805465514,EXP_CatBoostModel_Alpha158_csi300_custom_step0_s_20260526_18,7aa2c1d273b542c3a1d1d5ae479befc0,0.057,,,
2739,2026-05-26,SH600028,-0.002510205341039766,EXP_LGBModel_Alpha158_csi300_custom_step0_s_20260526_18,bcec01a85def4399befa1080f47a5501,0.071,,,
2740,2026-05-26,SH600029,-2.2085051107755295e-10,EXP_LGBModel_Alpha158_csi300_custom_step0_s_20260526_18,bcec01a85def4399befa1080f47a5501,0.071,,,
2741,2026-05-26,SH600030,0.002403640987939695,EXP_LGBModel_Alpha158_csi300_custom_step0_s_20260526_18,bcec01a85def4399befa1080f47a5501,0.071,,,
2742,2026-05-26,SH600519,-0.00017613532332779724,EXP_LGBModel_Alpha158_csi300_custom_step0_s_20260526_18,bcec01a85def4399befa1080f47a5501,0.071,,,
2743,2026-05-26,SH600522,-2.2085051107755295e-10,EXP_LGBModel_Alpha158_csi300_custom_step0_s_20260526_18,bcec01a85def4399befa1080f47a5501,0.071,,,
2744,2026-05-26,SH600547,0.004202946846385987,EXP_LGBModel_Alpha158_csi300_custom_step0_s_20260526_18,bcec01a85def4399befa1080f47a5501,0.071,,,
2745,2026-05-26,SH600570,-0.0019471289871680422,EXP_LGBModel_Alpha158_csi300_custom_step0_s_20260526_18,bcec01a85def4399befa1080f47a5501,0.071,,,
2746,2026-05-26,SH600584,-0.0031001570379667427,EXP_LGBModel_Alpha158_csi300_custom_step0_s_20260526_18,bcec01a85def4399befa1080f47a5501,0.071,,,
2747,2026-05-26,SH600585,-0.002510205341039766,EXP_LGBModel_Alpha158_csi300_custom_step0_s_20260526_18,bcec01a85def4399befa1080f47a5501,0.071,,,
2748,2026-05-26,SH600588,-0.00017613532332779724,EXP_LGBModel_Alpha158_csi300_custom_step0_s_20260526_18,bcec01a85def4399befa1080f47a5501,0.071,,,
2749,2026-05-26,SH600600,0.002403640987939695,EXP_LGBModel_Alpha158_csi300_custom_step0_s_20260526_18,bcec01a85def4399befa1080f47a5501,0.071,,,
2750,2026-05-26,SH600660,-0.002510205341039766,EXP_LGBModel_Alpha158_csi300_custom_step0_s_20260526_18,bcec01a85def4399befa1080f47a5501,0.071,,,
2751,2026-05-26,SH600674,0.002403640987939695,EXP_LGBModel_Alpha158_csi300_custom_step0_s_20260526_18,bcec01a85def4399befa1080f47a5501,0.071,,,
2752,2026-05-26,SH600690,-0.002510205341039766,EXP_LGBModel_Alpha158_csi300_custom_step0_s_20260526_18,bcec01a85def4399befa1080f47a5501,0.071,,,
2753,2026-05-26,SH600741,-2.2085051107755295e-10,EXP_LGBModel_Alpha158_csi300_custom_step0_s_20260526_18,bcec01a85def4399befa1080f47a5501,0.071,,,
2754,2026-05-26,SH600760,-0.002510205341039766,EXP_LGBModel_Alpha158_csi300_custom_step0_s_20260526_18,bcec01a85def4399befa1080f47a5501,0.071,,,
2755,2026-05-26,SH600795,-2.2085051107755295e-10,EXP_LGBModel_Alpha158_csi300_custom_step0_s_20260526_18,bcec01a85def4399befa1080f47a5501,0.071,,,
2756,2026-05-26,SH600803,-2.2085051107755295e-10,EXP_LGBModel_Alpha158_csi300_custom_step0_s_20260526_18,bcec01a85def4399befa1080f47a5501,0.071,,,
2757,2026-05-26,SH600809,-2.2085051107755295e-10,EXP_LGBModel_Alpha158_csi300_custom_step0_s_20260526_18,bcec01a85def4399befa1080f47a5501,0.071,,,
2758,2026-05-26,SH600845,0.0008584396444169606,EXP_LGBModel_Alpha158_csi300_custom_step0_s_20260526_18,bcec01a85def4399befa1080f47a5501,0.071,,,
2759,2026-05-26,SH600989,-0.00017613532332779724,EXP_LGBModel_Alpha158_csi300_custom_step0_s_20260526_18,bcec01a85def4399befa1080f47a5501,0.071,,,
2760,2026-05-26,SH600958,-0.002510205341039766,EXP_LGBModel_Alpha158_csi300_custom_step0_s_20260526_18,bcec01a85def4399befa1080f47a5501,0.071,,,
2761,2026-05-26,SH600941,-0.002510205341039766,EXP_LGBModel_Alpha158_csi300_custom_step0_s_20260526_18,bcec01a85def4399befa1080f47a5501,0.071,,,
2762,2026-05-26,SH600938,-0.00017613532332779724,EXP_LGBModel_Alpha158_csi300_custom_step0_s_20260526_18,bcec01a85def4399befa1080f47a5501,0.071,,,
2763,2026-05-26,SH600930,-0.002510205341039766,EXP_LGBModel_Alpha158_csi300_custom_step0_s_20260526_18,bcec01a85def4399befa1080f47a5501,0.071,,,
2764,2026-05-26,SH600926,-2.2085051107755295e-10,EXP_LGBModel_Alpha158_csi300_custom_step0_s_20260526_18,bcec01a85def4399befa1080f47a5501,0.071,,,
2765,2026-05-26,SH600515,-0.002510205341039766,EXP_LGBModel_Alpha158_csi300_custom_step0_s_20260526_18,bcec01a85def4399befa1080f47a5501,0.071,,,
2766,2026-05-26,SH600919,0.002403640987939695,EXP_LGBModel_Alpha158_csi300_custom_step0_s_20260526_18,bcec01a85def4399befa1080f47a5501,0.071,,,
2767,2026-05-26,SH600905,-2.2085051107755295e-10,EXP_LGBModel_Alpha158_csi300_custom_step0_s_20260526_18,bcec01a85def4399befa1080f47a5501,0.071,,,
2768,2026-05-26,SH600900,0.002403640987939695,EXP_LGBModel_Alpha158_csi300_custom_step0_s_20260526_18,bcec01a85def4399befa1080f47a5501,0.071,,,
2769,2026-05-26,SH600893,-0.002510205341039766,EXP_LGBModel_Alpha158_csi300_custom_step0_s_20260526_18,bcec01a85def4399befa1080f47a5501,0.071,,,
2770,2026-05-26,SH600887,-2.2085051107755295e-10,EXP_LGBModel_Alpha158_csi300_custom_step0_s_20260526_18,bcec01a85def4399befa1080f47a5501,0.071,,,
2771,2026-05-26,SH600886,-2.2085051107755295e-10,EXP_LGBModel_Alpha158_csi300_custom_step0_s_20260526_18,bcec01a85def4399befa1080f47a5501,0.071,,,
2772,2026-05-26,SH600875,-0.002510205341039766,EXP_LGBModel_Alpha158_csi300_custom_step0_s_20260526_18,bcec01a85def4399befa1080f47a5501,0.071,,,
2773,2026-05-26,SH600918,-0.0019471289871680422,EXP_LGBModel_Alpha158_csi300_custom_step0_s_20260526_18,bcec01a85def4399befa1080f47a5501,0.071,,,
2774,2026-05-26,SH600489,-0.002510205341039766,EXP_LGBModel_Alpha158_csi300_custom_step0_s_20260526_18,bcec01a85def4399befa1080f47a5501,0.071,,,
2775,2026-05-26,SH600482,-0.002510205341039766,EXP_LGBModel_Alpha158_csi300_custom_step0_s_20260526_18,bcec01a85def4399befa1080f47a5501,0.071,,,
2776,2026-05-26,SH600460,0.0008584396444169606,EXP_LGBModel_Alpha158_csi300_custom_step0_s_20260526_18,bcec01a85def4399befa1080f47a5501,0.071,,,
2777,2026-05-26,SH600160,-2.2085051107755295e-10,EXP_LGBModel_Alpha158_csi300_custom_step0_s_20260526_18,bcec01a85def4399befa1080f47a5501,0.071,,,
2778,2026-05-26,SH600150,0.004202946846385987,EXP_LGBModel_Alpha158_csi300_custom_step0_s_20260526_18,bcec01a85def4399befa1080f47a5501,0.071,,,
2779,2026-05-26,SH600115,-2.2085051107755295e-10,EXP_LGBModel_Alpha158_csi300_custom_step0_s_20260526_18,bcec01a85def4399befa1080f47a5501,0.071,,,
2780,2026-05-26,SH600111,-0.002510205341039766,EXP_LGBModel_Alpha158_csi300_custom_step0_s_20260526_18,bcec01a85def4399befa1080f47a5501,0.071,,,
2781,2026-05-26,SH600104,-0.00017613532332779724,EXP_LGBModel_Alpha158_csi300_custom_step0_s_20260526_18,bcec01a85def4399befa1080f47a5501,0.071,,,
2782,2026-05-26,SH600089,-0.002510205341039766,EXP_LGBModel_Alpha158_csi300_custom_step0_s_20260526_18,bcec01a85def4399befa1080f47a5501,0.071,,,
2783,2026-05-26,SH600161,-0.002510205341039766,EXP_LGBModel_Alpha158_csi300_custom_step0_s_20260526_18,bcec01a85def4399befa1080f47a5501,0.071,,,
2784,2026-05-26,SH600085,-2.2085051107755295e-10,EXP_LGBModel_Alpha158_csi300_custom_step0_s_20260526_18,bcec01a85def4399befa1080f47a5501,0.071,,,
2785,2026-05-26,SH600061,-0.0019471289871680422,EXP_LGBModel_Alpha158_csi300_custom_step0_s_20260526_18,bcec01a85def4399befa1080f47a5501,0.071,,,
2786,2026-05-26,SH600050,-0.002510205341039766,EXP_LGBModel_Alpha158_csi300_custom_step0_s_20260526_18,bcec01a85def4399befa1080f47a5501,0.071,,,
2787,2026-05-26,SH600048,-0.002510205341039766,EXP_LGBModel_Alpha158_csi300_custom_step0_s_20260526_18,bcec01a85def4399befa1080f47a5501,0.071,,,
2788,2026-05-26,SH600039,0.004202946846385987,EXP_LGBModel_Alpha158_csi300_custom_step0_s_20260526_18,bcec01a85def4399befa1080f47a5501,0.071,,,
2789,2026-05-26,SH600036,-2.2085051107755295e-10,EXP_LGBModel_Alpha158_csi300_custom_step0_s_20260526_18,bcec01a85def4399befa1080f47a5501,0.071,,,
2790,2026-05-26,SH600031,-0.0019471289871680422,EXP_LGBModel_Alpha158_csi300_custom_step0_s_20260526_18,bcec01a85def4399befa1080f47a5501,0.071,,,
2791,2026-05-26,SH600066,-0.002510205341039766,EXP_LGBModel_Alpha158_csi300_custom_step0_s_20260526_18,bcec01a85def4399befa1080f47a5501,0.071,,,
2792,2026-05-26,SZ002371,0.059245560188966644,EXP_CatBoostModel_Alpha158_csi300_custom_step0_s_20260526_18,7aa2c1d273b542c3a1d1d5ae479befc0,0.057,,,
2793,2026-05-26,SH600176,-2.2085051107755295e-10,EXP_LGBModel_Alpha158_csi300_custom_step0_s_20260526_18,bcec01a85def4399befa1080f47a5501,0.071,,,
2794,2026-05-26,SH600188,-0.002510205341039766,EXP_LGBModel_Alpha158_csi300_custom_step0_s_20260526_18,bcec01a85def4399befa1080f47a5501,0.071,,,
2795,2026-05-26,SH600438,-0.002510205341039766,EXP_LGBModel_Alpha158_csi300_custom_step0_s_20260526_18,bcec01a85def4399befa1080f47a5501,0.071,,,
2796,2026-05-26,SH600436,-0.002510205341039766,EXP_LGBModel_Alpha158_csi300_custom_step0_s_20260526_18,bcec01a85def4399befa1080f47a5501,0.071,,,
2797,2026-05-26,SH600426,-2.2085051107755295e-10,EXP_LGBModel_Alpha158_csi300_custom_step0_s_20260526_18,bcec01a85def4399befa1080f47a5501,0.071,,,
2798,2026-05-26,SH600415,-0.002510205341039766,EXP_LGBModel_Alpha158_csi300_custom_step0_s_20260526_18,bcec01a85def4399befa1080f47a5501,0.071,,,
2799,2026-05-26,SH600406,-0.002510205341039766,EXP_LGBModel_Alpha158_csi300_custom_step0_s_20260526_18,bcec01a85def4399befa1080f47a5501,0.071,,,
2800,2026-05-26,SH600377,0.002403640987939695,EXP_LGBModel_Alpha158_csi300_custom_step0_s_20260526_18,bcec01a85def4399befa1080f47a5501,0.071,,,
2801,2026-05-26,SH600183,-0.0031001570379667427,EXP_LGBModel_Alpha158_csi300_custom_step0_s_20260526_18,bcec01a85def4399befa1080f47a5501,0.071,,,
2802,2026-05-26,SH600372,-0.002510205341039766,EXP_LGBModel_Alpha158_csi300_custom_step0_s_20260526_18,bcec01a85def4399befa1080f47a5501,0.071,,,
2803,2026-05-26,SH600346,-2.2085051107755295e-10,EXP_LGBModel_Alpha158_csi300_custom_step0_s_20260526_18,bcec01a85def4399befa1080f47a5501,0.071,,,
2804,2026-05-26,SH600309,-0.00017613532332779724,EXP_LGBModel_Alpha158_csi300_custom_step0_s_20260526_18,bcec01a85def4399befa1080f47a5501,0.071,,,
2805,2026-05-26,SH600276,-0.002510205341039766,EXP_LGBModel_Alpha158_csi300_custom_step0_s_20260526_18,bcec01a85def4399befa1080f47a5501,0.071,,,
2806,2026-05-26,SH600233,-0.002510205341039766,EXP_LGBModel_Alpha158_csi300_custom_step0_s_20260526_18,bcec01a85def4399befa1080f47a5501,0.071,,,
2807,2026-05-26,SH600219,-2.2085051107755295e-10,EXP_LGBModel_Alpha158_csi300_custom_step0_s_20260526_18,bcec01a85def4399befa1080f47a5501,0.071,,,
2808,2026-05-26,SH600196,-0.002510205341039766,EXP_LGBModel_Alpha158_csi300_custom_step0_s_20260526_18,bcec01a85def4399befa1080f47a5501,0.071,,,
2809,2026-05-26,SH600362,-0.0019471289871680422,EXP_LGBModel_Alpha158_csi300_custom_step0_s_20260526_18,bcec01a85def4399befa1080f47a5501,0.071,,,
2810,2026-05-26,SZ002920,-0.002267409691929672,EXP_CatBoostModel_Alpha158_csi300_custom_step0_s_20260526_18,655f5c57340d4cfcb049c3061fa6f577,0.053,,,
2811,2026-05-26,SZ002916,0.0019672237392931607,EXP_CatBoostModel_Alpha158_csi300_custom_step0_s_20260526_18,655f5c57340d4cfcb049c3061fa6f577,0.053,,,
2812,2026-05-26,SZ002736,-0.002267409691929672,EXP_CatBoostModel_Alpha158_csi300_custom_step0_s_20260526_18,655f5c57340d4cfcb049c3061fa6f577,0.053,,,
2813,2026-05-26,SH688082,0.005620032936635251,EXP_CatBoostModel_Alpha158_csi300_custom_step0_s_20260526_18,b641eb599bb94fcc878e08088a59efc4,0.05,,,
2814,2026-05-26,SH688111,-5.962664361397028e-05,EXP_CatBoostModel_Alpha158_csi300_custom_step0_s_20260526_18,b641eb599bb94fcc878e08088a59efc4,0.05,,,
2815,2026-05-26,SH688126,0.010149066330136488,EXP_CatBoostModel_Alpha158_csi300_custom_step0_s_20260526_18,b641eb599bb94fcc878e08088a59efc4,0.05,,,
2816,2026-05-26,SH688169,0.0007367765721734183,EXP_CatBoostModel_Alpha158_csi300_custom_step0_s_20260526_18,b641eb599bb94fcc878e08088a59efc4,0.05,,,
2817,2026-05-26,SH688187,-0.0013135836603536501,EXP_CatBoostModel_Alpha158_csi300_custom_step0_s_20260526_18,b641eb599bb94fcc878e08088a59efc4,0.05,,,
2818,2026-05-26,SH688223,-0.0013135836603536501,EXP_CatBoostModel_Alpha158_csi300_custom_step0_s_20260526_18,b641eb599bb94fcc878e08088a59efc4,0.05,,,
2819,2026-05-26,SH688256,-0.0017947997688995364,EXP_CatBoostModel_Alpha158_csi300_custom_step0_s_20260526_18,b641eb599bb94fcc878e08088a59efc4,0.05,,,
2820,2026-05-26,SH688271,-0.0009519042961752946,EXP_CatBoostModel_Alpha158_csi300_custom_step0_s_20260526_18,b641eb599bb94fcc878e08088a59efc4,0.05,,,
2821,2026-05-26,SH688303,-0.0013135836603536501,EXP_CatBoostModel_Alpha158_csi300_custom_step0_s_20260526_18,b641eb599bb94fcc878e08088a59efc4,0.05,,,
2822,2026-05-26,SH688396,-0.0011444273690880747,EXP_CatBoostModel_Alpha158_csi300_custom_step0_s_20260526_18,b641eb599bb94fcc878e08088a59efc4,0.05,,,
2823,2026-05-26,SH688472,0.0007367765721734183,EXP_CatBoostModel_Alpha158_csi300_custom_step0_s_20260526_18,b641eb599bb94fcc878e08088a59efc4,0.05,,,
2824,2026-05-26,SH688506,-0.0011444273690880747,EXP_CatBoostModel_Alpha158_csi300_custom_step0_s_20260526_18,b641eb599bb94fcc878e08088a59efc4,0.05,,,
2825,2026-05-26,SH688981,-0.0011444273690880747,EXP_CatBoostModel_Alpha158_csi300_custom_step0_s_20260526_18,b641eb599bb94fcc878e08088a59efc4,0.05,,,
2826,2026-05-26,SZ000001,0.0006819953104565215,EXP_CatBoostModel_Alpha158_csi300_custom_step0_s_20260526_18,b641eb599bb94fcc878e08088a59efc4,0.05,,,
2827,2026-05-26,SZ000002,-5.962664361397028e-05,EXP_CatBoostModel_Alpha158_csi300_custom_step0_s_20260526_18,b641eb599bb94fcc878e08088a59efc4,0.05,,,
2828,2026-05-26,SZ000063,-5.962664361397028e-05,EXP_CatBoostModel_Alpha158_csi300_custom_step0_s_20260526_18,b641eb599bb94fcc878e08088a59efc4,0.05,,,
2829,2026-05-26,SZ000100,0.001941790032060909,EXP_CatBoostModel_Alpha158_csi300_custom_step0_s_20260526_18,b641eb599bb94fcc878e08088a59efc4,0.05,,,
2830,2026-05-26,SZ000651,-0.002860284709224304,EXP_CatBoostModel_Alpha158_csi300_custom_step0_s_20260526_18,b641eb599bb94fcc878e08088a59efc4,0.05,,,
2831,2026-05-26,SZ000630,-0.0006117502070842057,EXP_CatBoostModel_Alpha158_csi300_custom_step0_s_20260526_18,b641eb599bb94fcc878e08088a59efc4,0.05,,,
2832,2026-05-26,SZ000625,0.0007367765721734183,EXP_CatBoostModel_Alpha158_csi300_custom_step0_s_20260526_18,b641eb599bb94fcc878e08088a59efc4,0.05,,,
2833,2026-05-26,SZ000617,-0.0011444273690880747,EXP_CatBoostModel_Alpha158_csi300_custom_step0_s_20260526_18,b641eb599bb94fcc878e08088a59efc4,0.05,,,
2834,2026-05-26,SZ000596,0.0007367765721734183,EXP_CatBoostModel_Alpha158_csi300_custom_step0_s_20260526_18,b641eb599bb94fcc878e08088a59efc4,0.05,,,
2835,2026-05-26,SZ000568,0.0007367765721734183,EXP_CatBoostModel_Alpha158_csi300_custom_step0_s_20260526_18,b641eb599bb94fcc878e08088a59efc4,0.05,,,
2836,2026-05-26,SH688047,-0.0011444273690880747,EXP_CatBoostModel_Alpha158_csi300_custom_step0_s_20260526_18,b641eb599bb94fcc878e08088a59efc4,0.05,,,
2837,2026-05-26,SZ000538,0.0007367765721734183,EXP_CatBoostModel_Alpha158_csi300_custom_step0_s_20260526_18,b641eb599bb94fcc878e08088a59efc4,0.05,,,
2838,2026-05-26,SZ000408,-0.0006117502070842057,EXP_CatBoostModel_Alpha158_csi300_custom_step0_s_20260526_18,b641eb599bb94fcc878e08088a59efc4,0.05,,,
2839,2026-05-26,SZ000338,0.0007367765721734183,EXP_CatBoostModel_Alpha158_csi300_custom_step0_s_20260526_18,b641eb599bb94fcc878e08088a59efc4,0.05,,,
2840,2026-05-26,SZ000333,0.0006819953104565215,EXP_CatBoostModel_Alpha158_csi300_custom_step0_s_20260526_18,b641eb599bb94fcc878e08088a59efc4,0.05,,,
2841,2026-05-26,SZ000301,-0.0017947997688995364,EXP_CatBoostModel_Alpha158_csi300_custom_step0_s_20260526_18,b641eb599bb94fcc878e08088a59efc4,0.05,,,
2842,2026-05-26,SZ000166,-0.0006117502070842057,EXP_CatBoostModel_Alpha158_csi300_custom_step0_s_20260526_18,b641eb599bb94fcc878e08088a59efc4,0.05,,,
2843,2026-05-26,SZ000157,0.0007367765721734183,EXP_CatBoostModel_Alpha158_csi300_custom_step0_s_20260526_18,b641eb599bb94fcc878e08088a59efc4,0.05,,,
2844,2026-05-26,SZ000425,-5.962664361397028e-05,EXP_CatBoostModel_Alpha158_csi300_custom_step0_s_20260526_18,b641eb599bb94fcc878e08088a59efc4,0.05,,,
2845,2026-05-26,SZ000661,0.0007367765721734183,EXP_CatBoostModel_Alpha158_csi300_custom_step0_s_20260526_18,b641eb599bb94fcc878e08088a59efc4,0.05,,,
2846,2026-05-26,SH688041,-0.0017947997688995364,EXP_CatBoostModel_Alpha158_csi300_custom_step0_s_20260526_18,b641eb599bb94fcc878e08088a59efc4,0.05,,,
2847,2026-05-26,SH688012,0.004429838771867482,EXP_CatBoostModel_Alpha158_csi300_custom_step0_s_20260526_18,b641eb599bb94fcc878e08088a59efc4,0.05,,,
2848,2026-05-26,SH601877,-0.0013135836603536501,EXP_CatBoostModel_Alpha158_csi300_custom_step0_s_20260526_18,b641eb599bb94fcc878e08088a59efc4,0.05,,,
2849,2026-05-26,SH601878,0.0006819953104565215,EXP_CatBoostModel_Alpha158_csi300_custom_step0_s_20260526_18,b641eb599bb94fcc878e08088a59efc4,0.05,,,
2850,2026-05-26,SH601881,0.0006819953104565215,EXP_CatBoostModel_Alpha158_csi300_custom_step0_s_20260526_18,b641eb599bb94fcc878e08088a59efc4,0.05,,,
2851,2026-05-26,SH601888,0.0007367765721734183,EXP_CatBoostModel_Alpha158_csi300_custom_step0_s_20260526_18,b641eb599bb94fcc878e08088a59efc4,0.05,,,
2852,2026-05-26,SH601898,-0.0013135836603536501,EXP_CatBoostModel_Alpha158_csi300_custom_step0_s_20260526_18,b641eb599bb94fcc878e08088a59efc4,0.05,,,
2853,2026-05-26,SH601899,-0.0006117502070842057,EXP_CatBoostModel_Alpha158_csi300_custom_step0_s_20260526_18,b641eb599bb94fcc878e08088a59efc4,0.05,,,
2854,2026-05-26,SH601901,0.001941790032060909,EXP_CatBoostModel_Alpha158_csi300_custom_step0_s_20260526_18,b641eb599bb94fcc878e08088a59efc4,0.05,,,
2855,2026-05-26,SH601916,0.0005371838803992575,EXP_CatBoostModel_Alpha158_csi300_custom_step0_s_20260526_18,b641eb599bb94fcc878e08088a59efc4,0.05,,,
2856,2026-05-26,SH601919,0.001941790032060909,EXP_CatBoostModel_Alpha158_csi300_custom_step0_s_20260526_18,b641eb599bb94fcc878e08088a59efc4,0.05,,,
2857,2026-05-26,SH601939,0.001941790032060909,EXP_CatBoostModel_Alpha158_csi300_custom_step0_s_20260526_18,b641eb599bb94fcc878e08088a59efc4,0.05,,,
2858,2026-05-26,SH601985,-0.0025543628042782717,EXP_CatBoostModel_Alpha158_csi300_custom_step0_s_20260526_18,b641eb599bb94fcc878e08088a59efc4,0.05,,,
2859,2026-05-26,SH601988,0.001941790032060909,EXP_CatBoostModel_Alpha158_csi300_custom_step0_s_20260526_18,b641eb599bb94fcc878e08088a59efc4,0.05,,,
2860,2026-05-26,SH601995,0.001941790032060909,EXP_CatBoostModel_Alpha158_csi300_custom_step0_s_20260526_18,b641eb599bb94fcc878e08088a59efc4,0.05,,,
2861,2026-05-26,SH601998,0.0007367765721734183,EXP_CatBoostModel_Alpha158_csi300_custom_step0_s_20260526_18,b641eb599bb94fcc878e08088a59efc4,0.05,,,
2862,2026-05-26,SH603019,0.0007367765721734183,EXP_CatBoostModel_Alpha158_csi300_custom_step0_s_20260526_18,b641eb599bb94fcc878e08088a59efc4,0.05,,,
2863,2026-05-26,SH603195,-0.0011444273690880747,EXP_CatBoostModel_Alpha158_csi300_custom_step0_s_20260526_18,b641eb599bb94fcc878e08088a59efc4,0.05,,,
2864,2026-05-26,SH603259,-0.0017947997688995364,EXP_CatBoostModel_Alpha158_csi300_custom_step0_s_20260526_18,b641eb599bb94fcc878e08088a59efc4,0.05,,,
2865,2026-05-26,SH688009,0.0007367765721734183,EXP_CatBoostModel_Alpha158_csi300_custom_step0_s_20260526_18,b641eb599bb94fcc878e08088a59efc4,0.05,,,
2866,2026-05-26,SH688008,-0.010061523953518071,EXP_CatBoostModel_Alpha158_csi300_custom_step0_s_20260526_18,b641eb599bb94fcc878e08088a59efc4,0.05,,,
2867,2026-05-26,SH605499,-0.0013135836603536501,EXP_CatBoostModel_Alpha158_csi300_custom_step0_s_20260526_18,b641eb599bb94fcc878e08088a59efc4,0.05,,,
2868,2026-05-26,SH605117,0.0007367765721734183,EXP_CatBoostModel_Alpha158_csi300_custom_step0_s_20260526_18,b641eb599bb94fcc878e08088a59efc4,0.05,,,
2869,2026-05-26,SH603993,-0.0006117502070842057,EXP_CatBoostModel_Alpha158_csi300_custom_step0_s_20260526_18,b641eb599bb94fcc878e08088a59efc4,0.05,,,
2870,2026-05-26,SH603986,-0.04204890783077625,EXP_CatBoostModel_Alpha158_csi300_custom_step0_s_20260526_18,b641eb599bb94fcc878e08088a59efc4,0.05,,,
2871,2026-05-26,SH688036,-0.0011444273690880747,EXP_CatBoostModel_Alpha158_csi300_custom_step0_s_20260526_18,b641eb599bb94fcc878e08088a59efc4,0.05,,,
2872,2026-05-26,SH603893,-0.002860284709224304,EXP_CatBoostModel_Alpha158_csi300_custom_step0_s_20260526_18,b641eb599bb94fcc878e08088a59efc4,0.05,,,
2873,2026-05-26,SH603501,0.0007367765721734183,EXP_CatBoostModel_Alpha158_csi300_custom_step0_s_20260526_18,b641eb599bb94fcc878e08088a59efc4,0.05,,,
2874,2026-05-26,SH603392,-0.0013135836603536501,EXP_CatBoostModel_Alpha158_csi300_custom_step0_s_20260526_18,b641eb599bb94fcc878e08088a59efc4,0.05,,,
2875,2026-05-26,SH603369,-0.0017947997688995364,EXP_CatBoostModel_Alpha158_csi300_custom_step0_s_20260526_18,b641eb599bb94fcc878e08088a59efc4,0.05,,,
2876,2026-05-26,SH603296,-0.0011444273690880747,EXP_CatBoostModel_Alpha158_csi300_custom_step0_s_20260526_18,b641eb599bb94fcc878e08088a59efc4,0.05,,,
2877,2026-05-26,SH603288,0.0007367765721734183,EXP_CatBoostModel_Alpha158_csi300_custom_step0_s_20260526_18,b641eb599bb94fcc878e08088a59efc4,0.05,,,
2878,2026-05-26,SH603260,-0.0006117502070842057,EXP_CatBoostModel_Alpha158_csi300_custom_step0_s_20260526_18,b641eb599bb94fcc878e08088a59efc4,0.05,,,
2879,2026-05-26,SH603799,-0.0006117502070842057,EXP_CatBoostModel_Alpha158_csi300_custom_step0_s_20260526_18,b641eb599bb94fcc878e08088a59efc4,0.05,,,
2880,2026-05-26,SH601872,-0.0013135836603536501,EXP_CatBoostModel_Alpha158_csi300_custom_step0_s_20260526_18,b641eb599bb94fcc878e08088a59efc4,0.05,,,
2881,2026-05-26,SZ000708,-0.0006117502070842057,EXP_CatBoostModel_Alpha158_csi300_custom_step0_s_20260526_18,b641eb599bb94fcc878e08088a59efc4,0.05,,,
2882,2026-05-26,SZ000768,-0.0006117502070842057,EXP_CatBoostModel_Alpha158_csi300_custom_step0_s_20260526_18,b641eb599bb94fcc878e08088a59efc4,0.05,,,
2883,2026-05-26,SZ002459,0.0007367765721734183,EXP_CatBoostModel_Alpha158_csi300_custom_step0_s_20260526_18,b641eb599bb94fcc878e08088a59efc4,0.05,,,
2884,2026-05-26,SZ002460,-0.0006117502070842057,EXP_CatBoostModel_Alpha158_csi300_custom_step0_s_20260526_18,b641eb599bb94fcc878e08088a59efc4,0.05,,,
2885,2026-05-26,SZ002463,-0.0017947997688995364,EXP_CatBoostModel_Alpha158_csi300_custom_step0_s_20260526_18,b641eb599bb94fcc878e08088a59efc4,0.05,,,
2886,2026-05-26,SZ002466,-0.002860284709224304,EXP_CatBoostModel_Alpha158_csi300_custom_step0_s_20260526_18,b641eb599bb94fcc878e08088a59efc4,0.05,,,
2887,2026-05-26,SZ002475,-0.0011444273690880747,EXP_CatBoostModel_Alpha158_csi300_custom_step0_s_20260526_18,b641eb599bb94fcc878e08088a59efc4,0.05,,,
2888,2026-05-26,SZ002493,-0.0006117502070842057,EXP_CatBoostModel_Alpha158_csi300_custom_step0_s_20260526_18,b641eb599bb94fcc878e08088a59efc4,0.05,,,
2889,2026-05-26,SZ002594,-0.0006117502070842057,EXP_CatBoostModel_Alpha158_csi300_custom_step0_s_20260526_18,b641eb599bb94fcc878e08088a59efc4,0.05,,,
2890,2026-05-26,SZ002600,0.0007367765721734183,EXP_CatBoostModel_Alpha158_csi300_custom_step0_s_20260526_18,b641eb599bb94fcc878e08088a59efc4,0.05,,,
2891,2026-05-26,SZ002601,-0.0006117502070842057,EXP_CatBoostModel_Alpha158_csi300_custom_step0_s_20260526_18,b641eb599bb94fcc878e08088a59efc4,0.05,,,
2892,2026-05-26,SZ002625,-0.0013135836603536501,EXP_CatBoostModel_Alpha158_csi300_custom_step0_s_20260526_18,b641eb599bb94fcc878e08088a59efc4,0.05,,,
2893,2026-05-26,SZ002648,0.0007367765721734183,EXP_CatBoostModel_Alpha158_csi300_custom_step0_s_20260526_18,b641eb599bb94fcc878e08088a59efc4,0.05,,,
2894,2026-05-26,SZ002709,-0.0013135836603536501,EXP_CatBoostModel_Alpha158_csi300_custom_step0_s_20260526_18,b641eb599bb94fcc878e08088a59efc4,0.05,,,
2895,2026-05-26,SZ002714,-0.0006117502070842057,EXP_CatBoostModel_Alpha158_csi300_custom_step0_s_20260526_18,b641eb599bb94fcc878e08088a59efc4,0.05,,,
2896,2026-05-26,SZ002736,-0.0006117502070842057,EXP_CatBoostModel_Alpha158_csi300_custom_step0_s_20260526_18,b641eb599bb94fcc878e08088a59efc4,0.05,,,
2897,2026-05-26,SZ002916,-0.0017947997688995364,EXP_CatBoostModel_Alpha158_csi300_custom_step0_s_20260526_18,b641eb599bb94fcc878e08088a59efc4,0.05,,,
2898,2026-05-26,SZ002920,-0.0006117502070842057,EXP_CatBoostModel_Alpha158_csi300_custom_step0_s_20260526_18,b641eb599bb94fcc878e08088a59efc4,0.05,,,
2899,2026-05-26,SZ002938,-0.04204890783077625,EXP_CatBoostModel_Alpha158_csi300_custom_step0_s_20260526_18,b641eb599bb94fcc878e08088a59efc4,0.05,,,
2900,2026-05-26,SZ300408,-0.00031680673945153537,EXP_CatBoostModel_Alpha158_csi300_custom_step0_s_20260526_18,b641eb599bb94fcc878e08088a59efc4,0.05,,,
2901,2026-05-26,SZ300394,-0.0017947997688995364,EXP_CatBoostModel_Alpha158_csi300_custom_step0_s_20260526_18,b641eb599bb94fcc878e08088a59efc4,0.05,,,
2902,2026-05-26,SZ300347,0.004429838771867482,EXP_CatBoostModel_Alpha158_csi300_custom_step0_s_20260526_18,b641eb599bb94fcc878e08088a59efc4,0.05,,,
2903,2026-05-26,SZ300316,0.0007367765721734183,EXP_CatBoostModel_Alpha158_csi300_custom_step0_s_20260526_18,b641eb599bb94fcc878e08088a59efc4,0.05,,,
2904,2026-05-26,SZ300308,-0.002860284709224304,EXP_CatBoostModel_Alpha158_csi300_custom_step0_s_20260526_18,b641eb599bb94fcc878e08088a59efc4,0.05,,,
2905,2026-05-26,SZ300274,-0.0017947997688995364,EXP_CatBoostModel_Alpha158_csi300_custom_step0_s_20260526_18,b641eb599bb94fcc878e08088a59efc4,0.05,,,
2906,2026-05-26,SZ002422,-0.0017947997688995364,EXP_CatBoostModel_Alpha158_csi300_custom_step0_s_20260526_18,b641eb599bb94fcc878e08088a59efc4,0.05,,,
2907,2026-05-26,SZ300251,-0.0006117502070842057,EXP_CatBoostModel_Alpha158_csi300_custom_step0_s_20260526_18,b641eb599bb94fcc878e08088a59efc4,0.05,,,
2908,2026-05-26,SZ300122,-5.962664361397028e-05,EXP_CatBoostModel_Alpha158_csi300_custom_step0_s_20260526_18,b641eb599bb94fcc878e08088a59efc4,0.05,,,
2909,2026-05-26,SZ300059,0.0006819953104565215,EXP_CatBoostModel_Alpha158_csi300_custom_step0_s_20260526_18,b641eb599bb94fcc878e08088a59efc4,0.05,,,
2910,2026-05-26,SZ300033,-0.0017947997688995364,EXP_CatBoostModel_Alpha158_csi300_custom_step0_s_20260526_18,b641eb599bb94fcc878e08088a59efc4,0.05,,,
2911,2026-05-26,SZ300015,-0.0013135836603536501,EXP_CatBoostModel_Alpha158_csi300_custom_step0_s_20260526_18,b641eb599bb94fcc878e08088a59efc4,0.05,,,
2912,2026-05-26,SZ300014,-0.0006117502070842057,EXP_CatBoostModel_Alpha158_csi300_custom_step0_s_20260526_18,b641eb599bb94fcc878e08088a59efc4,0.05,,,
2913,2026-05-26,SZ003816,-0.0017947997688995364,EXP_CatBoostModel_Alpha158_csi300_custom_step0_s_20260526_18,b641eb599bb94fcc878e08088a59efc4,0.05,,,
2914,2026-05-26,SZ300124,-0.0017947997688995364,EXP_CatBoostModel_Alpha158_csi300_custom_step0_s_20260526_18,b641eb599bb94fcc878e08088a59efc4,0.05,,,
2915,2026-05-26,SZ000725,-0.00031680673945153537,EXP_CatBoostModel_Alpha158_csi300_custom_step0_s_20260526_18,b641eb599bb94fcc878e08088a59efc4,0.05,,,
2916,2026-05-26,SZ002415,-0.0013135836603536501,EXP_CatBoostModel_Alpha158_csi300_custom_step0_s_20260526_18,b641eb599bb94fcc878e08088a59efc4,0.05,,,
2917,2026-05-26,SZ002371,-0.0011444273690880747,EXP_CatBoostModel_Alpha158_csi300_custom_step0_s_20260526_18,b641eb599bb94fcc878e08088a59efc4,0.05,,,
2918,2026-05-26,SZ000776,-0.0017947997688995364,EXP_CatBoostModel_Alpha158_csi300_custom_step0_s_20260526_18,b641eb599bb94fcc878e08088a59efc4,0.05,,,
2919,2026-05-26,SZ000786,-0.0013135836603536501,EXP_CatBoostModel_Alpha158_csi300_custom_step0_s_20260526_18,b641eb599bb94fcc878e08088a59efc4,0.05,,,
2920,2026-05-26,SZ000792,-0.0006117502070842057,EXP_CatBoostModel_Alpha158_csi300_custom_step0_s_20260526_18,b641eb599bb94fcc878e08088a59efc4,0.05,,,
2921,2026-05-26,SZ000807,-0.0006117502070842057,EXP_CatBoostModel_Alpha158_csi300_custom_step0_s_20260526_18,b641eb599bb94fcc878e08088a59efc4,0.05,,,
2922,2026-05-26,SZ000858,0.0007367765721734183,EXP_CatBoostModel_Alpha158_csi300_custom_step0_s_20260526_18,b641eb599bb94fcc878e08088a59efc4,0.05,,,
2923,2026-05-26,SZ000876,-0.0011444273690880747,EXP_CatBoostModel_Alpha158_csi300_custom_step0_s_20260526_18,b641eb599bb94fcc878e08088a59efc4,0.05,,,
2924,2026-05-26,SZ000895,0.0007367765721734183,EXP_CatBoostModel_Alpha158_csi300_custom_step0_s_20260526_18,b641eb599bb94fcc878e08088a59efc4,0.05,,,
2925,2026-05-26,SZ000938,-5.962664361397028e-05,EXP_CatBoostModel_Alpha158_csi300_custom_step0_s_20260526_18,b641eb599bb94fcc878e08088a59efc4,0.05,,,
2926,2026-05-26,SZ000963,-0.0006117502070842057,EXP_CatBoostModel_Alpha158_csi300_custom_step0_s_20260526_18,b641eb599bb94fcc878e08088a59efc4,0.05,,,
2927,2026-05-26,SZ000975,-0.0006117502070842057,EXP_CatBoostModel_Alpha158_csi300_custom_step0_s_20260526_18,b641eb599bb94fcc878e08088a59efc4,0.05,,,
2928,2026-05-26,SZ000977,-0.0013135836603536501,EXP_CatBoostModel_Alpha158_csi300_custom_step0_s_20260526_18,b641eb599bb94fcc878e08088a59efc4,0.05,,,
2929,2026-05-26,SZ000983,-0.0013135836603536501,EXP_CatBoostModel_Alpha158_csi300_custom_step0_s_20260526_18,b641eb599bb94fcc878e08088a59efc4,0.05,,,
2930,2026-05-26,SZ000999,0.0007367765721734183,EXP_CatBoostModel_Alpha158_csi300_custom_step0_s_20260526_18,b641eb599bb94fcc878e08088a59efc4,0.05,,,
2931,2026-05-26,SZ001391,0.0006819953104565215,EXP_CatBoostModel_Alpha158_csi300_custom_step0_s_20260526_18,b641eb599bb94fcc878e08088a59efc4,0.05,,,
2932,2026-05-26,SZ001965,-0.0017947997688995364,EXP_CatBoostModel_Alpha158_csi300_custom_step0_s_20260526_18,b641eb599bb94fcc878e08088a59efc4,0.05,,,
2933,2026-05-26,SZ001979,-0.002860284709224304,EXP_CatBoostModel_Alpha158_csi300_custom_step0_s_20260526_18,b641eb599bb94fcc878e08088a59efc4,0.05,,,
2934,2026-05-26,SZ002001,-0.0006117502070842057,EXP_CatBoostModel_Alpha158_csi300_custom_step0_s_20260526_18,b641eb599bb94fcc878e08088a59efc4,0.05,,,
2935,2026-05-26,SZ002352,0.0006819953104565215,EXP_CatBoostModel_Alpha158_csi300_custom_step0_s_20260526_18,b641eb599bb94fcc878e08088a59efc4,0.05,,,
2936,2026-05-26,SZ002311,-0.0006117502070842057,EXP_CatBoostModel_Alpha158_csi300_custom_step0_s_20260526_18,b641eb599bb94fcc878e08088a59efc4,0.05,,,
2937,2026-05-26,SZ002304,0.0007367765721734183,EXP_CatBoostModel_Alpha158_csi300_custom_step0_s_20260526_18,b641eb599bb94fcc878e08088a59efc4,0.05,,,
2938,2026-05-26,SZ002252,-0.0006117502070842057,EXP_CatBoostModel_Alpha158_csi300_custom_step0_s_20260526_18,b641eb599bb94fcc878e08088a59efc4,0.05,,,
2939,2026-05-26,SZ002241,-0.0017947997688995364,EXP_CatBoostModel_Alpha158_csi300_custom_step0_s_20260526_18,b641eb599bb94fcc878e08088a59efc4,0.05,,,
2940,2026-05-26,SZ002236,0.0006819953104565215,EXP_CatBoostModel_Alpha158_csi300_custom_step0_s_20260526_18,b641eb599bb94fcc878e08088a59efc4,0.05,,,
2941,2026-05-26,SZ002384,-0.010061523953518071,EXP_CatBoostModel_Alpha158_csi300_custom_step0_s_20260526_18,b641eb599bb94fcc878e08088a59efc4,0.05,,,
2942,2026-05-26,SZ002230,0.001941790032060909,EXP_CatBoostModel_Alpha158_csi300_custom_step0_s_20260526_18,b641eb599bb94fcc878e08088a59efc4,0.05,,,
2943,2026-05-26,SZ002142,-0.0013135836603536501,EXP_CatBoostModel_Alpha158_csi300_custom_step0_s_20260526_18,b641eb599bb94fcc878e08088a59efc4,0.05,,,
2944,2026-05-26,SZ002074,-0.0011444273690880747,EXP_CatBoostModel_Alpha158_csi300_custom_step0_s_20260526_18,b641eb599bb94fcc878e08088a59efc4,0.05,,,
2945,2026-05-26,SZ002050,-0.0017947997688995364,EXP_CatBoostModel_Alpha158_csi300_custom_step0_s_20260526_18,b641eb599bb94fcc878e08088a59efc4,0.05,,,
2946,2026-05-26,SZ002049,0.0007367765721734183,EXP_CatBoostModel_Alpha158_csi300_custom_step0_s_20260526_18,b641eb599bb94fcc878e08088a59efc4,0.05,,,
2947,2026-05-26,SZ002028,-0.0013135836603536501,EXP_CatBoostModel_Alpha158_csi300_custom_step0_s_20260526_18,b641eb599bb94fcc878e08088a59efc4,0.05,,,
2948,2026-05-26,SZ002027,-0.0006117502070842057,EXP_CatBoostModel_Alpha158_csi300_custom_step0_s_20260526_18,b641eb599bb94fcc878e08088a59efc4,0.05,,,
2949,2026-05-26,SZ002179,-0.0011444273690880747,EXP_CatBoostModel_Alpha158_csi300_custom_step0_s_20260526_18,b641eb599bb94fcc878e08088a59efc4,0.05,,,
2950,2026-05-26,SH601868,-0.0013135836603536501,EXP_CatBoostModel_Alpha158_csi300_custom_step0_s_20260526_18,b641eb599bb94fcc878e08088a59efc4,0.05,,,
2951,2026-05-26,SH601857,-0.0006117502070842057,EXP_CatBoostModel_Alpha158_csi300_custom_step0_s_20260526_18,b641eb599bb94fcc878e08088a59efc4,0.05,,,
2952,2026-05-26,SH601838,0.0007367765721734183,EXP_CatBoostModel_Alpha158_csi300_custom_step0_s_20260526_18,b641eb599bb94fcc878e08088a59efc4,0.05,,,
2953,2026-05-26,SH600276,0.0007367765721734183,EXP_CatBoostModel_Alpha158_csi300_custom_step0_s_20260526_18,b641eb599bb94fcc878e08088a59efc4,0.05,,,
2954,2026-05-26,SH600309,-0.0006117502070842057,EXP_CatBoostModel_Alpha158_csi300_custom_step0_s_20260526_18,b641eb599bb94fcc878e08088a59efc4,0.05,,,
2955,2026-05-26,SH600346,-0.0006117502070842057,EXP_CatBoostModel_Alpha158_csi300_custom_step0_s_20260526_18,b641eb599bb94fcc878e08088a59efc4,0.05,,,
2956,2026-05-26,SH600362,-0.0006117502070842057,EXP_CatBoostModel_Alpha158_csi300_custom_step0_s_20260526_18,b641eb599bb94fcc878e08088a59efc4,0.05,,,
2957,2026-05-26,SH600372,0.0007367765721734183,EXP_CatBoostModel_Alpha158_csi300_custom_step0_s_20260526_18,b641eb599bb94fcc878e08088a59efc4,0.05,,,
2958,2026-05-26,SH600377,0.0029814065932191056,EXP_CatBoostModel_Alpha158_csi300_custom_step0_s_20260526_18,b641eb599bb94fcc878e08088a59efc4,0.05,,,
2959,2026-05-26,SH600406,2.4520278130411083e-05,EXP_CatBoostModel_Alpha158_csi300_custom_step0_s_20260526_18,b641eb599bb94fcc878e08088a59efc4,0.05,,,
2960,2026-05-26,SH600415,-0.0011444273690880747,EXP_CatBoostModel_Alpha158_csi300_custom_step0_s_20260526_18,b641eb599bb94fcc878e08088a59efc4,0.05,,,
2961,2026-05-26,SH600426,-0.0006117502070842057,EXP_CatBoostModel_Alpha158_csi300_custom_step0_s_20260526_18,b641eb599bb94fcc878e08088a59efc4,0.05,,,
2962,2026-05-26,SH600436,0.0007367765721734183,EXP_CatBoostModel_Alpha158_csi300_custom_step0_s_20260526_18,b641eb599bb94fcc878e08088a59efc4,0.05,,,
2963,2026-05-26,SH600438,-0.0011444273690880747,EXP_CatBoostModel_Alpha158_csi300_custom_step0_s_20260526_18,b641eb599bb94fcc878e08088a59efc4,0.05,,,
2964,2026-05-26,SH600460,0.0007367765721734183,EXP_CatBoostModel_Alpha158_csi300_custom_step0_s_20260526_18,b641eb599bb94fcc878e08088a59efc4,0.05,,,
2965,2026-05-26,SH600482,-0.0013135836603536501,EXP_CatBoostModel_Alpha158_csi300_custom_step0_s_20260526_18,b641eb599bb94fcc878e08088a59efc4,0.05,,,
2966,2026-05-26,SH600489,-0.0006117502070842057,EXP_CatBoostModel_Alpha158_csi300_custom_step0_s_20260526_18,b641eb599bb94fcc878e08088a59efc4,0.05,,,
2967,2026-05-26,SH600515,0.0007367765721734183,EXP_CatBoostModel_Alpha158_csi300_custom_step0_s_20260526_18,b641eb599bb94fcc878e08088a59efc4,0.05,,,
2968,2026-05-26,SH600519,0.0007367765721734183,EXP_CatBoostModel_Alpha158_csi300_custom_step0_s_20260526_18,b641eb599bb94fcc878e08088a59efc4,0.05,,,
2969,2026-05-26,SH600522,0.010149066330136488,EXP_CatBoostModel_Alpha158_csi300_custom_step0_s_20260526_18,b641eb599bb94fcc878e08088a59efc4,0.05,,,
2970,2026-05-26,SH600809,0.0007367765721734183,EXP_CatBoostModel_Alpha158_csi300_custom_step0_s_20260526_18,b641eb599bb94fcc878e08088a59efc4,0.05,,,
2971,2026-05-26,SH600803,-0.0025543628042782717,EXP_CatBoostModel_Alpha158_csi300_custom_step0_s_20260526_18,b641eb599bb94fcc878e08088a59efc4,0.05,,,
2972,2026-05-26,SH600795,-0.0028238609301921708,EXP_CatBoostModel_Alpha158_csi300_custom_step0_s_20260526_18,b641eb599bb94fcc878e08088a59efc4,0.05,,,
2973,2026-05-26,SH600760,-0.0011444273690880747,EXP_CatBoostModel_Alpha158_csi300_custom_step0_s_20260526_18,b641eb599bb94fcc878e08088a59efc4,0.05,,,
2974,2026-05-26,SH600741,0.0007367765721734183,EXP_CatBoostModel_Alpha158_csi300_custom_step0_s_20260526_18,b641eb599bb94fcc878e08088a59efc4,0.05,,,
2975,2026-05-26,SH600690,0.0006819953104565215,EXP_CatBoostModel_Alpha158_csi300_custom_step0_s_20260526_18,b641eb599bb94fcc878e08088a59efc4,0.05,,,
2976,2026-05-26,SH600233,-0.0006117502070842057,EXP_CatBoostModel_Alpha158_csi300_custom_step0_s_20260526_18,b641eb599bb94fcc878e08088a59efc4,0.05,,,
2977,2026-05-26,SH600674,-0.0028238609301921708,EXP_CatBoostModel_Alpha158_csi300_custom_step0_s_20260526_18,b641eb599bb94fcc878e08088a59efc4,0.05,,,
2978,2026-05-26,SH600600,0.0006819953104565215,EXP_CatBoostModel_Alpha158_csi300_custom_step0_s_20260526_18,b641eb599bb94fcc878e08088a59efc4,0.05,,,
2979,2026-05-26,SH600588,0.0007367765721734183,EXP_CatBoostModel_Alpha158_csi300_custom_step0_s_20260526_18,b641eb599bb94fcc878e08088a59efc4,0.05,,,
2980,2026-05-26,SH600585,-0.0006117502070842057,EXP_CatBoostModel_Alpha158_csi300_custom_step0_s_20260526_18,b641eb599bb94fcc878e08088a59efc4,0.05,,,
2981,2026-05-26,SH600584,0.005620032936635251,EXP_CatBoostModel_Alpha158_csi300_custom_step0_s_20260526_18,b641eb599bb94fcc878e08088a59efc4,0.05,,,
2982,2026-05-26,SH600570,2.4520278130411083e-05,EXP_CatBoostModel_Alpha158_csi300_custom_step0_s_20260526_18,b641eb599bb94fcc878e08088a59efc4,0.05,,,
2983,2026-05-26,SH600547,-0.0006117502070842057,EXP_CatBoostModel_Alpha158_csi300_custom_step0_s_20260526_18,b641eb599bb94fcc878e08088a59efc4,0.05,,,
2984,2026-05-26,SH600660,0.0007367765721734183,EXP_CatBoostModel_Alpha158_csi300_custom_step0_s_20260526_18,b641eb599bb94fcc878e08088a59efc4,0.05,,,
2985,2026-05-26,SH600845,-0.0013135836603536501,EXP_CatBoostModel_Alpha158_csi300_custom_step0_s_20260526_18,b641eb599bb94fcc878e08088a59efc4,0.05,,,
2986,2026-05-26,SH600219,-0.0006117502070842057,EXP_CatBoostModel_Alpha158_csi300_custom_step0_s_20260526_18,b641eb599bb94fcc878e08088a59efc4,0.05,,,
2987,2026-05-26,SH600188,-0.0017947997688995364,EXP_CatBoostModel_Alpha158_csi300_custom_step0_s_20260526_18,b641eb599bb94fcc878e08088a59efc4,0.05,,,
2988,2026-05-26,SH600009,-0.0006117502070842057,EXP_CatBoostModel_Alpha158_csi300_custom_step0_s_20260526_18,b641eb599bb94fcc878e08088a59efc4,0.05,,,
2989,2026-05-26,SH600010,0.0007367765721734183,EXP_CatBoostModel_Alpha158_csi300_custom_step0_s_20260526_18,b641eb599bb94fcc878e08088a59efc4,0.05,,,
2990,2026-05-26,SH600011,-0.002860284709224304,EXP_CatBoostModel_Alpha158_csi300_custom_step0_s_20260526_18,b641eb599bb94fcc878e08088a59efc4,0.05,,,
2991,2026-05-26,SH600015,0.0007367765721734183,EXP_CatBoostModel_Alpha158_csi300_custom_step0_s_20260526_18,b641eb599bb94fcc878e08088a59efc4,0.05,,,
2992,2026-05-26,SH600016,0.002334325622670765,EXP_CatBoostModel_Alpha158_csi300_custom_step0_s_20260526_18,b641eb599bb94fcc878e08088a59efc4,0.05,,,
2993,2026-05-26,SH600018,0.003978389807026232,EXP_CatBoostModel_Alpha158_csi300_custom_step0_s_20260526_18,b641eb599bb94fcc878e08088a59efc4,0.05,,,
2994,2026-05-26,SH600019,-0.0006117502070842057,EXP_CatBoostModel_Alpha158_csi300_custom_step0_s_20260526_18,b641eb599bb94fcc878e08088a59efc4,0.05,,,
2995,2026-05-26,SH600023,-0.002860284709224304,EXP_CatBoostModel_Alpha158_csi300_custom_step0_s_20260526_18,b641eb599bb94fcc878e08088a59efc4,0.05,,,
2996,2026-05-26,SH600025,0.0023566200780984516,EXP_CatBoostModel_Alpha158_csi300_custom_step0_s_20260526_18,b641eb599bb94fcc878e08088a59efc4,0.05,,,
2997,2026-05-26,SH600026,-0.0013135836603536501,EXP_CatBoostModel_Alpha158_csi300_custom_step0_s_20260526_18,b641eb599bb94fcc878e08088a59efc4,0.05,,,
2998,2026-05-26,SH600027,0.0007367765721734183,EXP_CatBoostModel_Alpha158_csi300_custom_step0_s_20260526_18,b641eb599bb94fcc878e08088a59efc4,0.05,,,
2999,2026-05-26,SH600028,-0.0011444273690880747,EXP_CatBoostModel_Alpha158_csi300_custom_step0_s_20260526_18,b641eb599bb94fcc878e08088a59efc4,0.05,,,
3000,2026-05-26,SH600029,-0.0006117502070842057,EXP_CatBoostModel_Alpha158_csi300_custom_step0_s_20260526_18,b641eb599bb94fcc878e08088a59efc4,0.05,,,
3001,2026-05-26,SH600030,0.0006819953104565215,EXP_CatBoostModel_Alpha158_csi300_custom_step0_s_20260526_18,b641eb599bb94fcc878e08088a59efc4,0.05,,,
3002,2026-05-26,SH600031,-0.0006117502070842057,EXP_CatBoostModel_Alpha158_csi300_custom_step0_s_20260526_18,b641eb599bb94fcc878e08088a59efc4,0.05,,,
3003,2026-05-26,SH600036,0.0007367765721734183,EXP_CatBoostModel_Alpha158_csi300_custom_step0_s_20260526_18,b641eb599bb94fcc878e08088a59efc4,0.05,,,
3004,2026-05-26,SH600039,-0.0006117502070842057,EXP_CatBoostModel_Alpha158_csi300_custom_step0_s_20260526_18,b641eb599bb94fcc878e08088a59efc4,0.05,,,
3005,2026-05-26,SH600183,-0.04204890783077625,EXP_CatBoostModel_Alpha158_csi300_custom_step0_s_20260526_18,b641eb599bb94fcc878e08088a59efc4,0.05,,,
3006,2026-05-26,SH600176,-0.0017947997688995364,EXP_CatBoostModel_Alpha158_csi300_custom_step0_s_20260526_18,b641eb599bb94fcc878e08088a59efc4,0.05,,,
3007,2026-05-26,SH600161,0.0007367765721734183,EXP_CatBoostModel_Alpha158_csi300_custom_step0_s_20260526_18,b641eb599bb94fcc878e08088a59efc4,0.05,,,
3008,2026-05-26,SH600160,-0.0006117502070842057,EXP_CatBoostModel_Alpha158_csi300_custom_step0_s_20260526_18,b641eb599bb94fcc878e08088a59efc4,0.05,,,
3009,2026-05-26,SH600150,-0.0017947997688995364,EXP_CatBoostModel_Alpha158_csi300_custom_step0_s_20260526_18,b641eb599bb94fcc878e08088a59efc4,0.05,,,
3010,2026-05-26,SH600115,-0.0006117502070842057,EXP_CatBoostModel_Alpha158_csi300_custom_step0_s_20260526_18,b641eb599bb94fcc878e08088a59efc4,0.05,,,
3011,2026-05-26,SH600196,0.0007367765721734183,EXP_CatBoostModel_Alpha158_csi300_custom_step0_s_20260526_18,b641eb599bb94fcc878e08088a59efc4,0.05,,,
3012,2026-05-26,SH600111,-0.0017947997688995364,EXP_CatBoostModel_Alpha158_csi300_custom_step0_s_20260526_18,b641eb599bb94fcc878e08088a59efc4,0.05,,,
3013,2026-05-26,SH600089,-0.0013135836603536501,EXP_CatBoostModel_Alpha158_csi300_custom_step0_s_20260526_18,b641eb599bb94fcc878e08088a59efc4,0.05,,,
3014,2026-05-26,SH600085,0.0007367765721734183,EXP_CatBoostModel_Alpha158_csi300_custom_step0_s_20260526_18,b641eb599bb94fcc878e08088a59efc4,0.05,,,
3015,2026-05-26,SH600066,-0.0006117502070842057,EXP_CatBoostModel_Alpha158_csi300_custom_step0_s_20260526_18,b641eb599bb94fcc878e08088a59efc4,0.05,,,
3016,2026-05-26,SH600061,-0.0006117502070842057,EXP_CatBoostModel_Alpha158_csi300_custom_step0_s_20260526_18,b641eb599bb94fcc878e08088a59efc4,0.05,,,
3017,2026-05-26,SH600050,-0.0013135836603536501,EXP_CatBoostModel_Alpha158_csi300_custom_step0_s_20260526_18,b641eb599bb94fcc878e08088a59efc4,0.05,,,
3018,2026-05-26,SH600048,-0.0013135836603536501,EXP_CatBoostModel_Alpha158_csi300_custom_step0_s_20260526_18,b641eb599bb94fcc878e08088a59efc4,0.05,,,
3019,2026-05-26,SH600104,0.0007367765721734183,EXP_CatBoostModel_Alpha158_csi300_custom_step0_s_20260526_18,b641eb599bb94fcc878e08088a59efc4,0.05,,,
3020,2026-05-26,SH600875,0.0007367765721734183,EXP_CatBoostModel_Alpha158_csi300_custom_step0_s_20260526_18,b641eb599bb94fcc878e08088a59efc4,0.05,,,
3021,2026-05-26,SH600886,0.001941790032060909,EXP_CatBoostModel_Alpha158_csi300_custom_step0_s_20260526_18,b641eb599bb94fcc878e08088a59efc4,0.05,,,
3022,2026-05-26,SH600887,-0.0017947997688995364,EXP_CatBoostModel_Alpha158_csi300_custom_step0_s_20260526_18,b641eb599bb94fcc878e08088a59efc4,0.05,,,
3023,2026-05-26,SH601288,-0.0013135836603536501,EXP_CatBoostModel_Alpha158_csi300_custom_step0_s_20260526_18,b641eb599bb94fcc878e08088a59efc4,0.05,,,
3024,2026-05-26,SH601298,0.0006819953104565215,EXP_CatBoostModel_Alpha158_csi300_custom_step0_s_20260526_18,b641eb599bb94fcc878e08088a59efc4,0.05,,,
3025,2026-05-26,SH601318,0.0007367765721734183,EXP_CatBoostModel_Alpha158_csi300_custom_step0_s_20260526_18,b641eb599bb94fcc878e08088a59efc4,0.05,,,
3026,2026-05-26,SH601319,0.0006819953104565215,EXP_CatBoostModel_Alpha158_csi300_custom_step0_s_20260526_18,b641eb599bb94fcc878e08088a59efc4,0.05,,,
3027,2026-05-26,SH601328,0.0023566200780984516,EXP_CatBoostModel_Alpha158_csi300_custom_step0_s_20260526_18,b641eb599bb94fcc878e08088a59efc4,0.05,,,
3028,2026-05-26,SH601336,-0.0006117502070842057,EXP_CatBoostModel_Alpha158_csi300_custom_step0_s_20260526_18,b641eb599bb94fcc878e08088a59efc4,0.05,,,
3029,2026-05-26,SH601360,-0.0006117502070842057,EXP_CatBoostModel_Alpha158_csi300_custom_step0_s_20260526_18,b641eb599bb94fcc878e08088a59efc4,0.05,,,
3030,2026-05-26,SH601377,0.002334325622670765,EXP_CatBoostModel_Alpha158_csi300_custom_step0_s_20260526_18,b641eb599bb94fcc878e08088a59efc4,0.05,,,
3031,2026-05-26,SH601390,-0.0006117502070842057,EXP_CatBoostModel_Alpha158_csi300_custom_step0_s_20260526_18,b641eb599bb94fcc878e08088a59efc4,0.05,,,
3032,2026-05-26,SH601398,0.0029814065932191056,EXP_CatBoostModel_Alpha158_csi300_custom_step0_s_20260526_18,b641eb599bb94fcc878e08088a59efc4,0.05,,,
3033,2026-05-26,SH601456,0.0006819953104565215,EXP_CatBoostModel_Alpha158_csi300_custom_step0_s_20260526_18,b641eb599bb94fcc878e08088a59efc4,0.05,,,
3034,2026-05-26,SH601600,-0.0006117502070842057,EXP_CatBoostModel_Alpha158_csi300_custom_step0_s_20260526_18,b641eb599bb94fcc878e08088a59efc4,0.05,,,
3035,2026-05-26,SH601601,0.0007367765721734183,EXP_CatBoostModel_Alpha158_csi300_custom_step0_s_20260526_18,b641eb599bb94fcc878e08088a59efc4,0.05,,,
3036,2026-05-26,SH601607,0.0006819953104565215,EXP_CatBoostModel_Alpha158_csi300_custom_step0_s_20260526_18,b641eb599bb94fcc878e08088a59efc4,0.05,,,
3037,2026-05-26,SH601618,0.002334325622670765,EXP_CatBoostModel_Alpha158_csi300_custom_step0_s_20260526_18,b641eb599bb94fcc878e08088a59efc4,0.05,,,
3038,2026-05-26,SH601628,0.0007367765721734183,EXP_CatBoostModel_Alpha158_csi300_custom_step0_s_20260526_18,b641eb599bb94fcc878e08088a59efc4,0.05,,,
3039,2026-05-26,SH601633,0.0007367765721734183,EXP_CatBoostModel_Alpha158_csi300_custom_step0_s_20260526_18,b641eb599bb94fcc878e08088a59efc4,0.05,,,
3040,2026-05-26,SH601825,0.0007367765721734183,EXP_CatBoostModel_Alpha158_csi300_custom_step0_s_20260526_18,b641eb599bb94fcc878e08088a59efc4,0.05,,,
3041,2026-05-26,SH601818,0.0005371838803992575,EXP_CatBoostModel_Alpha158_csi300_custom_step0_s_20260526_18,b641eb599bb94fcc878e08088a59efc4,0.05,,,
3042,2026-05-26,SH601816,0.0006819953104565215,EXP_CatBoostModel_Alpha158_csi300_custom_step0_s_20260526_18,b641eb599bb94fcc878e08088a59efc4,0.05,,,
3043,2026-05-26,SH601808,-0.0011444273690880747,EXP_CatBoostModel_Alpha158_csi300_custom_step0_s_20260526_18,b641eb599bb94fcc878e08088a59efc4,0.05,,,
3044,2026-05-26,SH601800,-0.0006117502070842057,EXP_CatBoostModel_Alpha158_csi300_custom_step0_s_20260526_18,b641eb599bb94fcc878e08088a59efc4,0.05,,,
3045,2026-05-26,SH601788,-0.0006117502070842057,EXP_CatBoostModel_Alpha158_csi300_custom_step0_s_20260526_18,b641eb599bb94fcc878e08088a59efc4,0.05,,,
3046,2026-05-26,SH601238,0.0007367765721734183,EXP_CatBoostModel_Alpha158_csi300_custom_step0_s_20260526_18,b641eb599bb94fcc878e08088a59efc4,0.05,,,
3047,2026-05-26,SH601766,0.0007367765721734183,EXP_CatBoostModel_Alpha158_csi300_custom_step0_s_20260526_18,b641eb599bb94fcc878e08088a59efc4,0.05,,,
3048,2026-05-26,SH601698,-5.962664361397028e-05,EXP_CatBoostModel_Alpha158_csi300_custom_step0_s_20260526_18,b641eb599bb94fcc878e08088a59efc4,0.05,,,
3049,2026-05-26,SH601689,-0.0011444273690880747,EXP_CatBoostModel_Alpha158_csi300_custom_step0_s_20260526_18,b641eb599bb94fcc878e08088a59efc4,0.05,,,
3050,2026-05-26,SH601688,0.0006819953104565215,EXP_CatBoostModel_Alpha158_csi300_custom_step0_s_20260526_18,b641eb599bb94fcc878e08088a59efc4,0.05,,,
3051,2026-05-26,SH601669,-0.0013135836603536501,EXP_CatBoostModel_Alpha158_csi300_custom_step0_s_20260526_18,b641eb599bb94fcc878e08088a59efc4,0.05,,,
3052,2026-05-26,SH601668,0.002334325622670765,EXP_CatBoostModel_Alpha158_csi300_custom_step0_s_20260526_18,b641eb599bb94fcc878e08088a59efc4,0.05,,,
3053,2026-05-26,SH601658,0.002334325622670765,EXP_CatBoostModel_Alpha158_csi300_custom_step0_s_20260526_18,b641eb599bb94fcc878e08088a59efc4,0.05,,,
3054,2026-05-26,SH601728,-0.0011444273690880747,EXP_CatBoostModel_Alpha158_csi300_custom_step0_s_20260526_18,b641eb599bb94fcc878e08088a59efc4,0.05,,,
3055,2026-05-26,SH601236,-0.0006117502070842057,EXP_CatBoostModel_Alpha158_csi300_custom_step0_s_20260526_18,b641eb599bb94fcc878e08088a59efc4,0.05,,,
3056,2026-05-26,SH601229,0.0007367765721734183,EXP_CatBoostModel_Alpha158_csi300_custom_step0_s_20260526_18,b641eb599bb94fcc878e08088a59efc4,0.05,,,
3057,2026-05-26,SH601225,-0.0006117502070842057,EXP_CatBoostModel_Alpha158_csi300_custom_step0_s_20260526_18,b641eb599bb94fcc878e08088a59efc4,0.05,,,
3058,2026-05-26,SH601009,-0.0013135836603536501,EXP_CatBoostModel_Alpha158_csi300_custom_step0_s_20260526_18,b641eb599bb94fcc878e08088a59efc4,0.05,,,
3059,2026-05-26,SH601006,2.4520278130411083e-05,EXP_CatBoostModel_Alpha158_csi300_custom_step0_s_20260526_18,b641eb599bb94fcc878e08088a59efc4,0.05,,,
3060,2026-05-26,SH600999,-0.0017947997688995364,EXP_CatBoostModel_Alpha158_csi300_custom_step0_s_20260526_18,b641eb599bb94fcc878e08088a59efc4,0.05,,,
3061,2026-05-26,SH600989,-0.0006117502070842057,EXP_CatBoostModel_Alpha158_csi300_custom_step0_s_20260526_18,b641eb599bb94fcc878e08088a59efc4,0.05,,,
3062,2026-05-26,SH600958,0.002334325622670765,EXP_CatBoostModel_Alpha158_csi300_custom_step0_s_20260526_18,b641eb599bb94fcc878e08088a59efc4,0.05,,,
3063,2026-05-26,SH600941,-0.0009519042961752946,EXP_CatBoostModel_Alpha158_csi300_custom_step0_s_20260526_18,b641eb599bb94fcc878e08088a59efc4,0.05,,,
3064,2026-05-26,SH601012,0.0007367765721734183,EXP_CatBoostModel_Alpha158_csi300_custom_step0_s_20260526_18,b641eb599bb94fcc878e08088a59efc4,0.05,,,
3065,2026-05-26,SH600938,-0.0006117502070842057,EXP_CatBoostModel_Alpha158_csi300_custom_step0_s_20260526_18,b641eb599bb94fcc878e08088a59efc4,0.05,,,
3066,2026-05-26,SH600926,0.0007367765721734183,EXP_CatBoostModel_Alpha158_csi300_custom_step0_s_20260526_18,b641eb599bb94fcc878e08088a59efc4,0.05,,,
3067,2026-05-26,SH600919,0.003978389807026232,EXP_CatBoostModel_Alpha158_csi300_custom_step0_s_20260526_18,b641eb599bb94fcc878e08088a59efc4,0.05,,,
3068,2026-05-26,SH600918,0.0007367765721734183,EXP_CatBoostModel_Alpha158_csi300_custom_step0_s_20260526_18,b641eb599bb94fcc878e08088a59efc4,0.05,,,
3069,2026-05-26,SH600905,0.0006819953104565215,EXP_CatBoostModel_Alpha158_csi300_custom_step0_s_20260526_18,b641eb599bb94fcc878e08088a59efc4,0.05,,,
3070,2026-05-26,SH600900,0.003978389807026232,EXP_CatBoostModel_Alpha158_csi300_custom_step0_s_20260526_18,b641eb599bb94fcc878e08088a59efc4,0.05,,,
3071,2026-05-26,SH600893,0.0007367765721734183,EXP_CatBoostModel_Alpha158_csi300_custom_step0_s_20260526_18,b641eb599bb94fcc878e08088a59efc4,0.05,,,
3072,2026-05-26,SH600930,-0.0013135836603536501,EXP_CatBoostModel_Alpha158_csi300_custom_step0_s_20260526_18,b641eb599bb94fcc878e08088a59efc4,0.05,,,
3073,2026-05-26,SZ300413,0.0007367765721734183,EXP_CatBoostModel_Alpha158_csi300_custom_step0_s_20260526_18,b641eb599bb94fcc878e08088a59efc4,0.05,,,
3074,2026-05-26,SH601018,0.0007367765721734183,EXP_CatBoostModel_Alpha158_csi300_custom_step0_s_20260526_18,b641eb599bb94fcc878e08088a59efc4,0.05,,,
3075,2026-05-26,SH601058,-0.0006117502070842057,EXP_CatBoostModel_Alpha158_csi300_custom_step0_s_20260526_18,b641eb599bb94fcc878e08088a59efc4,0.05,,,
3076,2026-05-26,SH601211,-0.0006117502070842057,EXP_CatBoostModel_Alpha158_csi300_custom_step0_s_20260526_18,b641eb599bb94fcc878e08088a59efc4,0.05,,,
3077,2026-05-26,SH601186,0.0007367765721734183,EXP_CatBoostModel_Alpha158_csi300_custom_step0_s_20260526_18,b641eb599bb94fcc878e08088a59efc4,0.05,,,
3078,2026-05-26,SH601169,0.0007367765721734183,EXP_CatBoostModel_Alpha158_csi300_custom_step0_s_20260526_18,b641eb599bb94fcc878e08088a59efc4,0.05,,,
3079,2026-05-26,SH601166,0.0029814065932191056,EXP_CatBoostModel_Alpha158_csi300_custom_step0_s_20260526_18,b641eb599bb94fcc878e08088a59efc4,0.05,,,
3080,2026-05-26,SH601138,-0.0011444273690880747,EXP_CatBoostModel_Alpha158_csi300_custom_step0_s_20260526_18,b641eb599bb94fcc878e08088a59efc4,0.05,,,
3081,2026-05-26,SH601136,-0.0006117502070842057,EXP_CatBoostModel_Alpha158_csi300_custom_step0_s_20260526_18,b641eb599bb94fcc878e08088a59efc4,0.05,,,
3082,2026-05-26,SH601021,0.001941790032060909,EXP_CatBoostModel_Alpha158_csi300_custom_step0_s_20260526_18,b641eb599bb94fcc878e08088a59efc4,0.05,,,
3083,2026-05-26,SH601127,-0.0006117502070842057,EXP_CatBoostModel_Alpha158_csi300_custom_step0_s_20260526_18,b641eb599bb94fcc878e08088a59efc4,0.05,,,
3084,2026-05-26,SH601111,-0.0028238609301921708,EXP_CatBoostModel_Alpha158_csi300_custom_step0_s_20260526_18,b641eb599bb94fcc878e08088a59efc4,0.05,,,
3085,2026-05-26,SH601100,0.0007367765721734183,EXP_CatBoostModel_Alpha158_csi300_custom_step0_s_20260526_18,b641eb599bb94fcc878e08088a59efc4,0.05,,,
3086,2026-05-26,SH601088,0.0023566200780984516,EXP_CatBoostModel_Alpha158_csi300_custom_step0_s_20260526_18,b641eb599bb94fcc878e08088a59efc4,0.05,,,
3087,2026-05-26,SH601077,0.0007367765721734183,EXP_CatBoostModel_Alpha158_csi300_custom_step0_s_20260526_18,b641eb599bb94fcc878e08088a59efc4,0.05,,,
3088,2026-05-26,SH601066,-0.0017947997688995364,EXP_CatBoostModel_Alpha158_csi300_custom_step0_s_20260526_18,b641eb599bb94fcc878e08088a59efc4,0.05,,,
3089,2026-05-26,SH601059,0.001941790032060909,EXP_CatBoostModel_Alpha158_csi300_custom_step0_s_20260526_18,b641eb599bb94fcc878e08088a59efc4,0.05,,,
3090,2026-05-26,SH601117,-0.0006117502070842057,EXP_CatBoostModel_Alpha158_csi300_custom_step0_s_20260526_18,b641eb599bb94fcc878e08088a59efc4,0.05,,,
3091,2026-05-26,SZ300418,-0.0013135836603536501,EXP_CatBoostModel_Alpha158_csi300_custom_step0_s_20260526_18,b641eb599bb94fcc878e08088a59efc4,0.05,,,
3092,2026-05-26,SZ300433,-0.010061523953518071,EXP_CatBoostModel_Alpha158_csi300_custom_step0_s_20260526_18,b641eb599bb94fcc878e08088a59efc4,0.05,,,
3093,2026-05-26,SZ300442,-0.0013135836603536501,EXP_CatBoostModel_Alpha158_csi300_custom_step0_s_20260526_18,b641eb599bb94fcc878e08088a59efc4,0.05,,,
3094,2026-05-26,SH603259,-0.002267409691929672,EXP_CatBoostModel_Alpha158_csi300_custom_step0_s_20260526_18,655f5c57340d4cfcb049c3061fa6f577,0.053,,,
3095,2026-05-26,SH603260,-0.002267409691929672,EXP_CatBoostModel_Alpha158_csi300_custom_step0_s_20260526_18,655f5c57340d4cfcb049c3061fa6f577,0.053,,,
3096,2026-05-26,SH603288,-0.003824207460210442,EXP_CatBoostModel_Alpha158_csi300_custom_step0_s_20260526_18,655f5c57340d4cfcb049c3061fa6f577,0.053,,,
3097,2026-05-26,SH603296,-0.002267409691929672,EXP_CatBoostModel_Alpha158_csi300_custom_step0_s_20260526_18,655f5c57340d4cfcb049c3061fa6f577,0.053,,,
3098,2026-05-26,SH603369,-0.0039228849802645255,EXP_CatBoostModel_Alpha158_csi300_custom_step0_s_20260526_18,655f5c57340d4cfcb049c3061fa6f577,0.053,,,
3099,2026-05-26,SH603392,-0.002267409691929672,EXP_CatBoostModel_Alpha158_csi300_custom_step0_s_20260526_18,655f5c57340d4cfcb049c3061fa6f577,0.053,,,
3100,2026-05-26,SH603501,-0.002267409691929672,EXP_CatBoostModel_Alpha158_csi300_custom_step0_s_20260526_18,655f5c57340d4cfcb049c3061fa6f577,0.053,,,
3101,2026-05-26,SH603799,-0.003824207460210442,EXP_CatBoostModel_Alpha158_csi300_custom_step0_s_20260526_18,655f5c57340d4cfcb049c3061fa6f577,0.053,,,
3102,2026-05-26,SH603893,-0.004744909340470539,EXP_CatBoostModel_Alpha158_csi300_custom_step0_s_20260526_18,655f5c57340d4cfcb049c3061fa6f577,0.053,,,
3103,2026-05-26,SH603986,0.057453671378511026,EXP_CatBoostModel_Alpha158_csi300_custom_step0_s_20260526_18,655f5c57340d4cfcb049c3061fa6f577,0.053,,,
3104,2026-05-26,SH603993,0.010610771600756947,EXP_CatBoostModel_Alpha158_csi300_custom_step0_s_20260526_18,655f5c57340d4cfcb049c3061fa6f577,0.053,,,
3105,2026-05-26,SH605117,-0.0021049416856646764,EXP_CatBoostModel_Alpha158_csi300_custom_step0_s_20260526_18,655f5c57340d4cfcb049c3061fa6f577,0.053,,,
3106,2026-05-26,SH605499,-0.0010854684653342117,EXP_CatBoostModel_Alpha158_csi300_custom_step0_s_20260526_18,655f5c57340d4cfcb049c3061fa6f577,0.053,,,
3107,2026-05-26,SH688008,0.006409065408346731,EXP_CatBoostModel_Alpha158_csi300_custom_step0_s_20260526_18,655f5c57340d4cfcb049c3061fa6f577,0.053,,,
3108,2026-05-26,SH688009,-0.00013996000753806518,EXP_CatBoostModel_Alpha158_csi300_custom_step0_s_20260526_18,655f5c57340d4cfcb049c3061fa6f577,0.053,,,
3109,2026-05-26,SH688012,0.006409065408346731,EXP_CatBoostModel_Alpha158_csi300_custom_step0_s_20260526_18,655f5c57340d4cfcb049c3061fa6f577,0.053,,,
3110,2026-05-26,SH688036,-0.004744909340470539,EXP_CatBoostModel_Alpha158_csi300_custom_step0_s_20260526_18,655f5c57340d4cfcb049c3061fa6f577,0.053,,,
3111,2026-05-26,SH688506,-0.003824207460210442,EXP_CatBoostModel_Alpha158_csi300_custom_step0_s_20260526_18,655f5c57340d4cfcb049c3061fa6f577,0.053,,,
3112,2026-05-26,SH688472,-0.002267409691929672,EXP_CatBoostModel_Alpha158_csi300_custom_step0_s_20260526_18,655f5c57340d4cfcb049c3061fa6f577,0.053,,,
3113,2026-05-26,SH688396,-0.002267409691929672,EXP_CatBoostModel_Alpha158_csi300_custom_step0_s_20260526_18,655f5c57340d4cfcb049c3061fa6f577,0.053,,,
3114,2026-05-26,SH688303,-0.002267409691929672,EXP_CatBoostModel_Alpha158_csi300_custom_step0_s_20260526_18,655f5c57340d4cfcb049c3061fa6f577,0.053,,,
3115,2026-05-26,SH688271,0.0003463738419305206,EXP_CatBoostModel_Alpha158_csi300_custom_step0_s_20260526_18,655f5c57340d4cfcb049c3061fa6f577,0.053,,,
3116,2026-05-26,SH688256,0.006409065408346731,EXP_CatBoostModel_Alpha158_csi300_custom_step0_s_20260526_18,655f5c57340d4cfcb049c3061fa6f577,0.053,,,
3117,2026-05-26,SH603195,0.0016887759270955392,EXP_CatBoostModel_Alpha158_csi300_custom_step0_s_20260526_18,655f5c57340d4cfcb049c3061fa6f577,0.053,,,
3118,2026-05-26,SH688223,-0.002267409691929672,EXP_CatBoostModel_Alpha158_csi300_custom_step0_s_20260526_18,655f5c57340d4cfcb049c3061fa6f577,0.053,,,
3119,2026-05-26,SH688169,-0.003824207460210442,EXP_CatBoostModel_Alpha158_csi300_custom_step0_s_20260526_18,655f5c57340d4cfcb049c3061fa6f577,0.053,,,
3120,2026-05-26,SH688126,0.006409065408346731,EXP_CatBoostModel_Alpha158_csi300_custom_step0_s_20260526_18,655f5c57340d4cfcb049c3061fa6f577,0.053,,,
3121,2026-05-26,SH688111,-0.002267409691929672,EXP_CatBoostModel_Alpha158_csi300_custom_step0_s_20260526_18,655f5c57340d4cfcb049c3061fa6f577,0.053,,,
3122,2026-05-26,SH688082,-0.02503237607955582,EXP_CatBoostModel_Alpha158_csi300_custom_step0_s_20260526_18,655f5c57340d4cfcb049c3061fa6f577,0.053,,,
3123,2026-05-26,SH688047,-0.002267409691929672,EXP_CatBoostModel_Alpha158_csi300_custom_step0_s_20260526_18,655f5c57340d4cfcb049c3061fa6f577,0.053,,,
3124,2026-05-26,SH688041,0.0019672237392931607,EXP_CatBoostModel_Alpha158_csi300_custom_step0_s_20260526_18,655f5c57340d4cfcb049c3061fa6f577,0.053,,,
3125,2026-05-26,SH688187,-0.002267409691929672,EXP_CatBoostModel_Alpha158_csi300_custom_step0_s_20260526_18,655f5c57340d4cfcb049c3061fa6f577,0.053,,,
3126,2026-05-26,SH688981,-0.0016850970728938836,EXP_CatBoostModel_Alpha158_csi300_custom_step0_s_20260526_18,655f5c57340d4cfcb049c3061fa6f577,0.053,,,
3127,2026-05-26,SH603019,-0.002267409691929672,EXP_CatBoostModel_Alpha158_csi300_custom_step0_s_20260526_18,655f5c57340d4cfcb049c3061fa6f577,0.053,,,
3128,2026-05-26,SH601995,0.003622016000852904,EXP_CatBoostModel_Alpha158_csi300_custom_step0_s_20260526_18,655f5c57340d4cfcb049c3061fa6f577,0.053,,,
3129,2026-05-26,SH601633,-0.003824207460210442,EXP_CatBoostModel_Alpha158_csi300_custom_step0_s_20260526_18,655f5c57340d4cfcb049c3061fa6f577,0.053,,,
3130,2026-05-26,SH601658,0.001815309026315663,EXP_CatBoostModel_Alpha158_csi300_custom_step0_s_20260526_18,655f5c57340d4cfcb049c3061fa6f577,0.053,,,
3131,2026-05-26,SH601668,0.0017553682421979238,EXP_CatBoostModel_Alpha158_csi300_custom_step0_s_20260526_18,655f5c57340d4cfcb049c3061fa6f577,0.053,,,
3132,2026-05-26,SH601669,-0.002267409691929672,EXP_CatBoostModel_Alpha158_csi300_custom_step0_s_20260526_18,655f5c57340d4cfcb049c3061fa6f577,0.053,,,
3133,2026-05-26,SH601688,-0.00012217223593721143,EXP_CatBoostModel_Alpha158_csi300_custom_step0_s_20260526_18,655f5c57340d4cfcb049c3061fa6f577,0.053,,,
3134,2026-05-26,SH601689,-0.0007882910406585167,EXP_CatBoostModel_Alpha158_csi300_custom_step0_s_20260526_18,655f5c57340d4cfcb049c3061fa6f577,0.053,,,
3135,2026-05-26,SH601698,-0.002267409691929672,EXP_CatBoostModel_Alpha158_csi300_custom_step0_s_20260526_18,655f5c57340d4cfcb049c3061fa6f577,0.053,,,
3136,2026-05-26,SH601728,-0.002267409691929672,EXP_CatBoostModel_Alpha158_csi300_custom_step0_s_20260526_18,655f5c57340d4cfcb049c3061fa6f577,0.053,,,
3137,2026-05-26,SH601766,0.00019453412218496105,EXP_CatBoostModel_Alpha158_csi300_custom_step0_s_20260526_18,655f5c57340d4cfcb049c3061fa6f577,0.053,,,
3138,2026-05-26,SH601788,-0.002267409691929672,EXP_CatBoostModel_Alpha158_csi300_custom_step0_s_20260526_18,655f5c57340d4cfcb049c3061fa6f577,0.053,,,
3139,2026-05-26,SH601800,-0.003824207460210442,EXP_CatBoostModel_Alpha158_csi300_custom_step0_s_20260526_18,655f5c57340d4cfcb049c3061fa6f577,0.053,,,
3140,2026-05-26,SH601808,-0.003824207460210442,EXP_CatBoostModel_Alpha158_csi300_custom_step0_s_20260526_18,655f5c57340d4cfcb049c3061fa6f577,0.053,,,
3141,2026-05-26,SH601816,0.0017553682421979238,EXP_CatBoostModel_Alpha158_csi300_custom_step0_s_20260526_18,655f5c57340d4cfcb049c3061fa6f577,0.053,,,
3142,2026-05-26,SH601818,0.00252088224941891,EXP_CatBoostModel_Alpha158_csi300_custom_step0_s_20260526_18,655f5c57340d4cfcb049c3061fa6f577,0.053,,,
3143,2026-05-26,SH601825,0.0016288351429778005,EXP_CatBoostModel_Alpha158_csi300_custom_step0_s_20260526_18,655f5c57340d4cfcb049c3061fa6f577,0.053,,,
3144,2026-05-26,SH601838,0.003487184862306431,EXP_CatBoostModel_Alpha158_csi300_custom_step0_s_20260526_18,655f5c57340d4cfcb049c3061fa6f577,0.053,,,
3145,2026-05-26,SH601857,-0.002267409691929672,EXP_CatBoostModel_Alpha158_csi300_custom_step0_s_20260526_18,655f5c57340d4cfcb049c3061fa6f577,0.053,,,
3146,2026-05-26,SH601988,0.00363902458205199,EXP_CatBoostModel_Alpha158_csi300_custom_step0_s_20260526_18,655f5c57340d4cfcb049c3061fa6f577,0.053,,,
3147,2026-05-26,SH601985,-0.0021303194169195578,EXP_CatBoostModel_Alpha158_csi300_custom_step0_s_20260526_18,655f5c57340d4cfcb049c3061fa6f577,0.053,,,
3148,2026-05-26,SH601939,-0.0021311258066103456,EXP_CatBoostModel_Alpha158_csi300_custom_step0_s_20260526_18,655f5c57340d4cfcb049c3061fa6f577,0.053,,,
3149,2026-05-26,SH601919,0.00019453412218496105,EXP_CatBoostModel_Alpha158_csi300_custom_step0_s_20260526_18,655f5c57340d4cfcb049c3061fa6f577,0.053,,,
3150,2026-05-26,SH601916,0.0017553682421979238,EXP_CatBoostModel_Alpha158_csi300_custom_step0_s_20260526_18,655f5c57340d4cfcb049c3061fa6f577,0.053,,,
3151,2026-05-26,SH601901,0.003622016000852904,EXP_CatBoostModel_Alpha158_csi300_custom_step0_s_20260526_18,655f5c57340d4cfcb049c3061fa6f577,0.053,,,
3152,2026-05-26,SH601998,-0.002267409691929672,EXP_CatBoostModel_Alpha158_csi300_custom_step0_s_20260526_18,655f5c57340d4cfcb049c3061fa6f577,0.053,,,
3153,2026-05-26,SH601899,0.0019672237392931607,EXP_CatBoostModel_Alpha158_csi300_custom_step0_s_20260526_18,655f5c57340d4cfcb049c3061fa6f577,0.053,,,
3154,2026-05-26,SH601888,-0.003824207460210442,EXP_CatBoostModel_Alpha158_csi300_custom_step0_s_20260526_18,655f5c57340d4cfcb049c3061fa6f577,0.053,,,
3155,2026-05-26,SH601881,-0.0036871171852003275,EXP_CatBoostModel_Alpha158_csi300_custom_step0_s_20260526_18,655f5c57340d4cfcb049c3061fa6f577,0.053,,,
3156,2026-05-26,SH601878,0.0017553682421979238,EXP_CatBoostModel_Alpha158_csi300_custom_step0_s_20260526_18,655f5c57340d4cfcb049c3061fa6f577,0.053,,,
3157,2026-05-26,SH601877,-0.002267409691929672,EXP_CatBoostModel_Alpha158_csi300_custom_step0_s_20260526_18,655f5c57340d4cfcb049c3061fa6f577,0.053,,,
3158,2026-05-26,SH601872,-0.002267409691929672,EXP_CatBoostModel_Alpha158_csi300_custom_step0_s_20260526_18,655f5c57340d4cfcb049c3061fa6f577,0.053,,,
3159,2026-05-26,SH601868,-0.002267409691929672,EXP_CatBoostModel_Alpha158_csi300_custom_step0_s_20260526_18,655f5c57340d4cfcb049c3061fa6f577,0.053,,,
3160,2026-05-26,SH601898,-0.002267409691929672,EXP_CatBoostModel_Alpha158_csi300_custom_step0_s_20260526_18,655f5c57340d4cfcb049c3061fa6f577,0.053,,,
3161,2026-05-26,SZ000001,0.0017553682421979238,EXP_CatBoostModel_Alpha158_csi300_custom_step0_s_20260526_18,655f5c57340d4cfcb049c3061fa6f577,0.053,,,
3162,2026-05-26,SZ000002,-0.002267409691929672,EXP_CatBoostModel_Alpha158_csi300_custom_step0_s_20260526_18,655f5c57340d4cfcb049c3061fa6f577,0.053,,,
3163,2026-05-26,SZ000063,-0.002267409691929672,EXP_CatBoostModel_Alpha158_csi300_custom_step0_s_20260526_18,655f5c57340d4cfcb049c3061fa6f577,0.053,,,
3164,2026-05-26,SZ002027,-0.003824207460210442,EXP_CatBoostModel_Alpha158_csi300_custom_step0_s_20260526_18,655f5c57340d4cfcb049c3061fa6f577,0.053,,,
3165,2026-05-26,SZ002028,-0.002267409691929672,EXP_CatBoostModel_Alpha158_csi300_custom_step0_s_20260526_18,655f5c57340d4cfcb049c3061fa6f577,0.053,,,
3166,2026-05-26,SZ002049,-0.002267409691929672,EXP_CatBoostModel_Alpha158_csi300_custom_step0_s_20260526_18,655f5c57340d4cfcb049c3061fa6f577,0.053,,,
3167,2026-05-26,SZ002050,-0.0013706036596943054,EXP_CatBoostModel_Alpha158_csi300_custom_step0_s_20260526_18,655f5c57340d4cfcb049c3061fa6f577,0.053,,,
3168,2026-05-26,SZ002074,-0.002267409691929672,EXP_CatBoostModel_Alpha158_csi300_custom_step0_s_20260526_18,655f5c57340d4cfcb049c3061fa6f577,0.053,,,
3169,2026-05-26,SZ002142,0.0016288351429778005,EXP_CatBoostModel_Alpha158_csi300_custom_step0_s_20260526_18,655f5c57340d4cfcb049c3061fa6f577,0.053,,,
3170,2026-05-26,SZ002179,-0.002267409691929672,EXP_CatBoostModel_Alpha158_csi300_custom_step0_s_20260526_18,655f5c57340d4cfcb049c3061fa6f577,0.053,,,
3171,2026-05-26,SZ002230,0.0025337643104398665,EXP_CatBoostModel_Alpha158_csi300_custom_step0_s_20260526_18,655f5c57340d4cfcb049c3061fa6f577,0.053,,,
3172,2026-05-26,SZ002236,0.003562075216735165,EXP_CatBoostModel_Alpha158_csi300_custom_step0_s_20260526_18,655f5c57340d4cfcb049c3061fa6f577,0.053,,,
3173,2026-05-26,SZ002241,-0.0013706036596943054,EXP_CatBoostModel_Alpha158_csi300_custom_step0_s_20260526_18,655f5c57340d4cfcb049c3061fa6f577,0.053,,,
3174,2026-05-26,SZ002252,-0.003824207460210442,EXP_CatBoostModel_Alpha158_csi300_custom_step0_s_20260526_18,655f5c57340d4cfcb049c3061fa6f577,0.053,,,
3175,2026-05-26,SZ002304,-0.003824207460210442,EXP_CatBoostModel_Alpha158_csi300_custom_step0_s_20260526_18,655f5c57340d4cfcb049c3061fa6f577,0.053,,,
3176,2026-05-26,SZ002311,-0.003824207460210442,EXP_CatBoostModel_Alpha158_csi300_custom_step0_s_20260526_18,655f5c57340d4cfcb049c3061fa6f577,0.053,,,
3177,2026-05-26,SZ002352,0.0017553682421979238,EXP_CatBoostModel_Alpha158_csi300_custom_step0_s_20260526_18,655f5c57340d4cfcb049c3061fa6f577,0.053,,,
3178,2026-05-26,SZ002371,-0.002267409691929672,EXP_CatBoostModel_Alpha158_csi300_custom_step0_s_20260526_18,655f5c57340d4cfcb049c3061fa6f577,0.053,,,
3179,2026-05-26,SZ002384,0.025119732473085403,EXP_CatBoostModel_Alpha158_csi300_custom_step0_s_20260526_18,655f5c57340d4cfcb049c3061fa6f577,0.053,,,
3180,2026-05-26,SZ002415,-0.00013996000753806518,EXP_CatBoostModel_Alpha158_csi300_custom_step0_s_20260526_18,655f5c57340d4cfcb049c3061fa6f577,0.053,,,
3181,2026-05-26,SZ002714,-0.0016850970728938836,EXP_CatBoostModel_Alpha158_csi300_custom_step0_s_20260526_18,655f5c57340d4cfcb049c3061fa6f577,0.053,,,
3182,2026-05-26,SZ002709,-0.0021049416856646764,EXP_CatBoostModel_Alpha158_csi300_custom_step0_s_20260526_18,655f5c57340d4cfcb049c3061fa6f577,0.053,,,
3183,2026-05-26,SZ002648,-0.002267409691929672,EXP_CatBoostModel_Alpha158_csi300_custom_step0_s_20260526_18,655f5c57340d4cfcb049c3061fa6f577,0.053,,,
3184,2026-05-26,SZ002625,-0.002267409691929672,EXP_CatBoostModel_Alpha158_csi300_custom_step0_s_20260526_18,655f5c57340d4cfcb049c3061fa6f577,0.053,,,
3185,2026-05-26,SZ002601,-0.002267409691929672,EXP_CatBoostModel_Alpha158_csi300_custom_step0_s_20260526_18,655f5c57340d4cfcb049c3061fa6f577,0.053,,,
3186,2026-05-26,SZ002600,-0.002267409691929672,EXP_CatBoostModel_Alpha158_csi300_custom_step0_s_20260526_18,655f5c57340d4cfcb049c3061fa6f577,0.053,,,
3187,2026-05-26,SZ002001,-0.002267409691929672,EXP_CatBoostModel_Alpha158_csi300_custom_step0_s_20260526_18,655f5c57340d4cfcb049c3061fa6f577,0.053,,,
3188,2026-05-26,SZ002594,-0.003824207460210442,EXP_CatBoostModel_Alpha158_csi300_custom_step0_s_20260526_18,655f5c57340d4cfcb049c3061fa6f577,0.053,,,
3189,2026-05-26,SZ002475,-0.002267409691929672,EXP_CatBoostModel_Alpha158_csi300_custom_step0_s_20260526_18,655f5c57340d4cfcb049c3061fa6f577,0.053,,,
3190,2026-05-26,SZ002466,-0.002267409691929672,EXP_CatBoostModel_Alpha158_csi300_custom_step0_s_20260526_18,655f5c57340d4cfcb049c3061fa6f577,0.053,,,
3191,2026-05-26,SZ002463,-0.004744909340470539,EXP_CatBoostModel_Alpha158_csi300_custom_step0_s_20260526_18,655f5c57340d4cfcb049c3061fa6f577,0.053,,,
3192,2026-05-26,SZ002460,-0.0013706036596943054,EXP_CatBoostModel_Alpha158_csi300_custom_step0_s_20260526_18,655f5c57340d4cfcb049c3061fa6f577,0.053,,,
3193,2026-05-26,SZ002459,-0.002267409691929672,EXP_CatBoostModel_Alpha158_csi300_custom_step0_s_20260526_18,655f5c57340d4cfcb049c3061fa6f577,0.053,,,
3194,2026-05-26,SZ002422,-0.002267409691929672,EXP_CatBoostModel_Alpha158_csi300_custom_step0_s_20260526_18,655f5c57340d4cfcb049c3061fa6f577,0.053,,,
3195,2026-05-26,SZ002493,-0.003824207460210442,EXP_CatBoostModel_Alpha158_csi300_custom_step0_s_20260526_18,655f5c57340d4cfcb049c3061fa6f577,0.053,,,
3196,2026-05-26,SZ001979,-0.003824207460210442,EXP_CatBoostModel_Alpha158_csi300_custom_step0_s_20260526_18,655f5c57340d4cfcb049c3061fa6f577,0.053,,,
3197,2026-05-26,SZ001965,-8.001922342032626e-05,EXP_CatBoostModel_Alpha158_csi300_custom_step0_s_20260526_18,655f5c57340d4cfcb049c3061fa6f577,0.053,,,
3198,2026-05-26,SZ001391,0.0017553682421979238,EXP_CatBoostModel_Alpha158_csi300_custom_step0_s_20260526_18,655f5c57340d4cfcb049c3061fa6f577,0.053,,,
3199,2026-05-26,SZ000630,0.0019672237392931607,EXP_CatBoostModel_Alpha158_csi300_custom_step0_s_20260526_18,655f5c57340d4cfcb049c3061fa6f577,0.053,,,
3200,2026-05-26,SZ000625,-0.003824207460210442,EXP_CatBoostModel_Alpha158_csi300_custom_step0_s_20260526_18,655f5c57340d4cfcb049c3061fa6f577,0.053,,,
3201,2026-05-26,SZ000617,-0.003824207460210442,EXP_CatBoostModel_Alpha158_csi300_custom_step0_s_20260526_18,655f5c57340d4cfcb049c3061fa6f577,0.053,,,
3202,2026-05-26,SZ000596,-0.002267409691929672,EXP_CatBoostModel_Alpha158_csi300_custom_step0_s_20260526_18,655f5c57340d4cfcb049c3061fa6f577,0.053,,,
3203,2026-05-26,SZ000568,-0.00013996000753806518,EXP_CatBoostModel_Alpha158_csi300_custom_step0_s_20260526_18,655f5c57340d4cfcb049c3061fa6f577,0.053,,,
3204,2026-05-26,SZ000538,0.0016288351429778005,EXP_CatBoostModel_Alpha158_csi300_custom_step0_s_20260526_18,655f5c57340d4cfcb049c3061fa6f577,0.053,,,
3205,2026-05-26,SZ000651,0.0016288351429778005,EXP_CatBoostModel_Alpha158_csi300_custom_step0_s_20260526_18,655f5c57340d4cfcb049c3061fa6f577,0.053,,,
3206,2026-05-26,SZ000425,-0.003241894841174653,EXP_CatBoostModel_Alpha158_csi300_custom_step0_s_20260526_18,655f5c57340d4cfcb049c3061fa6f577,0.053,,,
3207,2026-05-26,SZ000338,-0.002267409691929672,EXP_CatBoostModel_Alpha158_csi300_custom_step0_s_20260526_18,655f5c57340d4cfcb049c3061fa6f577,0.053,,,
3208,2026-05-26,SZ000333,0.003562075216735165,EXP_CatBoostModel_Alpha158_csi300_custom_step0_s_20260526_18,655f5c57340d4cfcb049c3061fa6f577,0.053,,,
3209,2026-05-26,SZ000301,-0.002267409691929672,EXP_CatBoostModel_Alpha158_csi300_custom_step0_s_20260526_18,655f5c57340d4cfcb049c3061fa6f577,0.053,,,
3210,2026-05-26,SZ000166,-0.0004986145414138068,EXP_CatBoostModel_Alpha158_csi300_custom_step0_s_20260526_18,655f5c57340d4cfcb049c3061fa6f577,0.053,,,
3211,2026-05-26,SZ000157,-0.003824207460210442,EXP_CatBoostModel_Alpha158_csi300_custom_step0_s_20260526_18,655f5c57340d4cfcb049c3061fa6f577,0.053,,,
3212,2026-05-26,SZ000100,0.004581007273153354,EXP_CatBoostModel_Alpha158_csi300_custom_step0_s_20260526_18,655f5c57340d4cfcb049c3061fa6f577,0.053,,,
3213,2026-05-26,SZ000408,0.010610771600756947,EXP_CatBoostModel_Alpha158_csi300_custom_step0_s_20260526_18,655f5c57340d4cfcb049c3061fa6f577,0.053,,,
3214,2026-05-26,SH601628,-0.003824207460210442,EXP_CatBoostModel_Alpha158_csi300_custom_step0_s_20260526_18,655f5c57340d4cfcb049c3061fa6f577,0.053,,,
3215,2026-05-26,SZ000661,-0.003824207460210442,EXP_CatBoostModel_Alpha158_csi300_custom_step0_s_20260526_18,655f5c57340d4cfcb049c3061fa6f577,0.053,,,
3216,2026-05-26,SZ000725,0.006878717505059709,EXP_CatBoostModel_Alpha158_csi300_custom_step0_s_20260526_18,655f5c57340d4cfcb049c3061fa6f577,0.053,,,
3217,2026-05-26,SZ000999,-0.0010854684653342117,EXP_CatBoostModel_Alpha158_csi300_custom_step0_s_20260526_18,655f5c57340d4cfcb049c3061fa6f577,0.053,,,
3218,2026-05-26,SZ000983,-0.0010854684653342117,EXP_CatBoostModel_Alpha158_csi300_custom_step0_s_20260526_18,655f5c57340d4cfcb049c3061fa6f577,0.053,,,
3219,2026-05-26,SZ000977,-0.002267409691929672,EXP_CatBoostModel_Alpha158_csi300_custom_step0_s_20260526_18,655f5c57340d4cfcb049c3061fa6f577,0.053,,,
3220,2026-05-26,SZ000975,-0.003824207460210442,EXP_CatBoostModel_Alpha158_csi300_custom_step0_s_20260526_18,655f5c57340d4cfcb049c3061fa6f577,0.053,,,
3221,2026-05-26,SZ000963,-0.003824207460210442,EXP_CatBoostModel_Alpha158_csi300_custom_step0_s_20260526_18,655f5c57340d4cfcb049c3061fa6f577,0.053,,,
3222,2026-05-26,SZ000938,-0.0021049416856646764,EXP_CatBoostModel_Alpha158_csi300_custom_step0_s_20260526_18,655f5c57340d4cfcb049c3061fa6f577,0.053,,,
3223,2026-05-26,SZ000708,-0.0010854684653342117,EXP_CatBoostModel_Alpha158_csi300_custom_step0_s_20260526_18,655f5c57340d4cfcb049c3061fa6f577,0.053,,,
3224,2026-05-26,SZ000895,-0.0016850970728938836,EXP_CatBoostModel_Alpha158_csi300_custom_step0_s_20260526_18,655f5c57340d4cfcb049c3061fa6f577,0.053,,,
3225,2026-05-26,SZ000858,-0.003824207460210442,EXP_CatBoostModel_Alpha158_csi300_custom_step0_s_20260526_18,655f5c57340d4cfcb049c3061fa6f577,0.053,,,
3226,2026-05-26,SZ000807,0.0019672237392931607,EXP_CatBoostModel_Alpha158_csi300_custom_step0_s_20260526_18,655f5c57340d4cfcb049c3061fa6f577,0.053,,,
3227,2026-05-26,SZ000792,-0.002267409691929672,EXP_CatBoostModel_Alpha158_csi300_custom_step0_s_20260526_18,655f5c57340d4cfcb049c3061fa6f577,0.053,,,
3228,2026-05-26,SZ000786,-0.003824207460210442,EXP_CatBoostModel_Alpha158_csi300_custom_step0_s_20260526_18,655f5c57340d4cfcb049c3061fa6f577,0.053,,,
3229,2026-05-26,SZ000776,-0.003824207460210442,EXP_CatBoostModel_Alpha158_csi300_custom_step0_s_20260526_18,655f5c57340d4cfcb049c3061fa6f577,0.053,,,
3230,2026-05-26,SZ000768,-0.002267409691929672,EXP_CatBoostModel_Alpha158_csi300_custom_step0_s_20260526_18,655f5c57340d4cfcb049c3061fa6f577,0.053,,,
3231,2026-05-26,SZ000876,-0.0004986145414138068,EXP_CatBoostModel_Alpha158_csi300_custom_step0_s_20260526_18,655f5c57340d4cfcb049c3061fa6f577,0.053,,,
3232,2026-05-26,SZ000977,-0.00017613532332779724,EXP_LGBModel_Alpha158_csi300_custom_step0_s_20260526_18,bcec01a85def4399befa1080f47a5501,0.071,,,
3233,2026-05-26,SH601618,0.0021522188734181998,EXP_CatBoostModel_Alpha158_csi300_custom_step0_s_20260526_18,655f5c57340d4cfcb049c3061fa6f577,0.053,,,
3234,2026-05-26,SH601601,-0.003824207460210442,EXP_CatBoostModel_Alpha158_csi300_custom_step0_s_20260526_18,655f5c57340d4cfcb049c3061fa6f577,0.053,,,
3235,2026-05-26,SH600039,-0.002267409691929672,EXP_CatBoostModel_Alpha158_csi300_custom_step0_s_20260526_18,655f5c57340d4cfcb049c3061fa6f577,0.053,,,
3236,2026-05-26,SH600048,-0.002267409691929672,EXP_CatBoostModel_Alpha158_csi300_custom_step0_s_20260526_18,655f5c57340d4cfcb049c3061fa6f577,0.053,,,
3237,2026-05-26,SH600050,-0.002267409691929672,EXP_CatBoostModel_Alpha158_csi300_custom_step0_s_20260526_18,655f5c57340d4cfcb049c3061fa6f577,0.053,,,
3238,2026-05-26,SH600061,-0.002267409691929672,EXP_CatBoostModel_Alpha158_csi300_custom_step0_s_20260526_18,655f5c57340d4cfcb049c3061fa6f577,0.053,,,
3239,2026-05-26,SH600066,-0.002267409691929672,EXP_CatBoostModel_Alpha158_csi300_custom_step0_s_20260526_18,655f5c57340d4cfcb049c3061fa6f577,0.053,,,
3240,2026-05-26,SH600085,-0.003241894841174653,EXP_CatBoostModel_Alpha158_csi300_custom_step0_s_20260526_18,655f5c57340d4cfcb049c3061fa6f577,0.053,,,
3241,2026-05-26,SH600089,-0.002267409691929672,EXP_CatBoostModel_Alpha158_csi300_custom_step0_s_20260526_18,655f5c57340d4cfcb049c3061fa6f577,0.053,,,
3242,2026-05-26,SH600104,-0.003824207460210442,EXP_CatBoostModel_Alpha158_csi300_custom_step0_s_20260526_18,655f5c57340d4cfcb049c3061fa6f577,0.053,,,
3243,2026-05-26,SH600111,-0.003824207460210442,EXP_CatBoostModel_Alpha158_csi300_custom_step0_s_20260526_18,655f5c57340d4cfcb049c3061fa6f577,0.053,,,
3244,2026-05-26,SH600115,-0.003824207460210442,EXP_CatBoostModel_Alpha158_csi300_custom_step0_s_20260526_18,655f5c57340d4cfcb049c3061fa6f577,0.053,,,
3245,2026-05-26,SH600150,-0.002267409691929672,EXP_CatBoostModel_Alpha158_csi300_custom_step0_s_20260526_18,655f5c57340d4cfcb049c3061fa6f577,0.053,,,
3246,2026-05-26,SH600160,-0.002267409691929672,EXP_CatBoostModel_Alpha158_csi300_custom_step0_s_20260526_18,655f5c57340d4cfcb049c3061fa6f577,0.053,,,
3247,2026-05-26,SH600161,-0.003824207460210442,EXP_CatBoostModel_Alpha158_csi300_custom_step0_s_20260526_18,655f5c57340d4cfcb049c3061fa6f577,0.053,,,
3248,2026-05-26,SH600176,0.0013583052612710215,EXP_CatBoostModel_Alpha158_csi300_custom_step0_s_20260526_18,655f5c57340d4cfcb049c3061fa6f577,0.053,,,
3249,2026-05-26,SH600183,-0.01659564265163982,EXP_CatBoostModel_Alpha158_csi300_custom_step0_s_20260526_18,655f5c57340d4cfcb049c3061fa6f577,0.053,,,
3250,2026-05-26,SH600188,-0.004744909340470539,EXP_CatBoostModel_Alpha158_csi300_custom_step0_s_20260526_18,655f5c57340d4cfcb049c3061fa6f577,0.053,,,
3251,2026-05-26,SH600196,-0.003824207460210442,EXP_CatBoostModel_Alpha158_csi300_custom_step0_s_20260526_18,655f5c57340d4cfcb049c3061fa6f577,0.053,,,
3252,2026-05-26,SH600460,-0.002267409691929672,EXP_CatBoostModel_Alpha158_csi300_custom_step0_s_20260526_18,655f5c57340d4cfcb049c3061fa6f577,0.053,,,
3253,2026-05-26,SH600438,-0.002267409691929672,EXP_CatBoostModel_Alpha158_csi300_custom_step0_s_20260526_18,655f5c57340d4cfcb049c3061fa6f577,0.053,,,
3254,2026-05-26,SH600436,-0.003824207460210442,EXP_CatBoostModel_Alpha158_csi300_custom_step0_s_20260526_18,655f5c57340d4cfcb049c3061fa6f577,0.053,,,
3255,2026-05-26,SH600426,-0.002267409691929672,EXP_CatBoostModel_Alpha158_csi300_custom_step0_s_20260526_18,655f5c57340d4cfcb049c3061fa6f577,0.053,,,
3256,2026-05-26,SH600415,-0.003824207460210442,EXP_CatBoostModel_Alpha158_csi300_custom_step0_s_20260526_18,655f5c57340d4cfcb049c3061fa6f577,0.053,,,
3257,2026-05-26,SH600406,-0.0021303194169195578,EXP_CatBoostModel_Alpha158_csi300_custom_step0_s_20260526_18,655f5c57340d4cfcb049c3061fa6f577,0.053,,,
3258,2026-05-26,SH600036,0.0016288351429778005,EXP_CatBoostModel_Alpha158_csi300_custom_step0_s_20260526_18,655f5c57340d4cfcb049c3061fa6f577,0.053,,,
3259,2026-05-26,SH600377,0.004727276272465028,EXP_CatBoostModel_Alpha158_csi300_custom_step0_s_20260526_18,655f5c57340d4cfcb049c3061fa6f577,0.053,,,
3260,2026-05-26,SH600362,-0.003824207460210442,EXP_CatBoostModel_Alpha158_csi300_custom_step0_s_20260526_18,655f5c57340d4cfcb049c3061fa6f577,0.053,,,
3261,2026-05-26,SH600346,-0.002267409691929672,EXP_CatBoostModel_Alpha158_csi300_custom_step0_s_20260526_18,655f5c57340d4cfcb049c3061fa6f577,0.053,,,
3262,2026-05-26,SH600309,-0.002267409691929672,EXP_CatBoostModel_Alpha158_csi300_custom_step0_s_20260526_18,655f5c57340d4cfcb049c3061fa6f577,0.053,,,
3263,2026-05-26,SH600276,-0.003824207460210442,EXP_CatBoostModel_Alpha158_csi300_custom_step0_s_20260526_18,655f5c57340d4cfcb049c3061fa6f577,0.053,,,
3264,2026-05-26,SH600233,-0.0013706036596943054,EXP_CatBoostModel_Alpha158_csi300_custom_step0_s_20260526_18,655f5c57340d4cfcb049c3061fa6f577,0.053,,,
3265,2026-05-26,SH600219,0.0025495363583289497,EXP_CatBoostModel_Alpha158_csi300_custom_step0_s_20260526_18,655f5c57340d4cfcb049c3061fa6f577,0.053,,,
3266,2026-05-26,SH600372,-0.002267409691929672,EXP_CatBoostModel_Alpha158_csi300_custom_step0_s_20260526_18,655f5c57340d4cfcb049c3061fa6f577,0.053,,,
3267,2026-05-26,SH600482,-0.002267409691929672,EXP_CatBoostModel_Alpha158_csi300_custom_step0_s_20260526_18,655f5c57340d4cfcb049c3061fa6f577,0.053,,,
3268,2026-05-26,SH600031,-0.003824207460210442,EXP_CatBoostModel_Alpha158_csi300_custom_step0_s_20260526_18,655f5c57340d4cfcb049c3061fa6f577,0.053,,,
3269,2026-05-26,SH600029,-0.003824207460210442,EXP_CatBoostModel_Alpha158_csi300_custom_step0_s_20260526_18,655f5c57340d4cfcb049c3061fa6f577,0.053,,,
3270,2026-05-26,SZ300476,-0.0017947997688995364,EXP_CatBoostModel_Alpha158_csi300_custom_step0_s_20260526_18,b641eb599bb94fcc878e08088a59efc4,0.05,,,
3271,2026-05-26,SZ300498,-0.0006117502070842057,EXP_CatBoostModel_Alpha158_csi300_custom_step0_s_20260526_18,b641eb599bb94fcc878e08088a59efc4,0.05,,,
3272,2026-05-26,SZ300502,-0.0017947997688995364,EXP_CatBoostModel_Alpha158_csi300_custom_step0_s_20260526_18,b641eb599bb94fcc878e08088a59efc4,0.05,,,
3273,2026-05-26,SZ300628,0.0007367765721734183,EXP_CatBoostModel_Alpha158_csi300_custom_step0_s_20260526_18,b641eb599bb94fcc878e08088a59efc4,0.05,,,
3274,2026-05-26,SZ300661,-0.010061523953518071,EXP_CatBoostModel_Alpha158_csi300_custom_step0_s_20260526_18,b641eb599bb94fcc878e08088a59efc4,0.05,,,
3275,2026-05-26,SZ300750,-5.962664361397028e-05,EXP_CatBoostModel_Alpha158_csi300_custom_step0_s_20260526_18,b641eb599bb94fcc878e08088a59efc4,0.05,,,
3276,2026-05-26,SZ300759,0.0007367765721734183,EXP_CatBoostModel_Alpha158_csi300_custom_step0_s_20260526_18,b641eb599bb94fcc878e08088a59efc4,0.05,,,
3277,2026-05-26,SZ300760,-0.0006117502070842057,EXP_CatBoostModel_Alpha158_csi300_custom_step0_s_20260526_18,b641eb599bb94fcc878e08088a59efc4,0.05,,,
3278,2026-05-26,SZ300782,-0.0011444273690880747,EXP_CatBoostModel_Alpha158_csi300_custom_step0_s_20260526_18,b641eb599bb94fcc878e08088a59efc4,0.05,,,
3279,2026-05-26,SZ300803,-0.0017947997688995364,EXP_CatBoostModel_Alpha158_csi300_custom_step0_s_20260526_18,b641eb599bb94fcc878e08088a59efc4,0.05,,,
3280,2026-05-26,SZ300832,-0.002860284709224304,EXP_CatBoostModel_Alpha158_csi300_custom_step0_s_20260526_18,b641eb599bb94fcc878e08088a59efc4,0.05,,,
3281,2026-05-26,SZ300866,-0.0011444273690880747,EXP_CatBoostModel_Alpha158_csi300_custom_step0_s_20260526_18,b641eb599bb94fcc878e08088a59efc4,0.05,,,
3282,2026-05-26,SZ300896,-0.0013135836603536501,EXP_CatBoostModel_Alpha158_csi300_custom_step0_s_20260526_18,b641eb599bb94fcc878e08088a59efc4,0.05,,,
3283,2026-05-26,SZ300979,0.0007367765721734183,EXP_CatBoostModel_Alpha158_csi300_custom_step0_s_20260526_18,b641eb599bb94fcc878e08088a59efc4,0.05,,,
3284,2026-05-26,SZ300999,-0.0006117502070842057,EXP_CatBoostModel_Alpha158_csi300_custom_step0_s_20260526_18,b641eb599bb94fcc878e08088a59efc4,0.05,,,
3285,2026-05-26,SZ301236,-0.0013135836603536501,EXP_CatBoostModel_Alpha158_csi300_custom_step0_s_20260526_18,b641eb599bb94fcc878e08088a59efc4,0.05,,,
3286,2026-05-26,SZ301269,0.005620032936635251,EXP_CatBoostModel_Alpha158_csi300_custom_step0_s_20260526_18,b641eb599bb94fcc878e08088a59efc4,0.05,,,
3287,2026-05-26,SH600028,-0.003824207460210442,EXP_CatBoostModel_Alpha158_csi300_custom_step0_s_20260526_18,655f5c57340d4cfcb049c3061fa6f577,0.053,,,
3288,2026-05-26,SH600027,-0.002267409691929672,EXP_CatBoostModel_Alpha158_csi300_custom_step0_s_20260526_18,655f5c57340d4cfcb049c3061fa6f577,0.053,,,
3289,2026-05-26,SH600026,-0.002267409691929672,EXP_CatBoostModel_Alpha158_csi300_custom_step0_s_20260526_18,655f5c57340d4cfcb049c3061fa6f577,0.053,,,
3290,2026-05-26,SH600025,-0.00037208144219368327,EXP_CatBoostModel_Alpha158_csi300_custom_step0_s_20260526_18,655f5c57340d4cfcb049c3061fa6f577,0.053,,,
3291,2026-05-26,SH600023,0.0013583052612710215,EXP_CatBoostModel_Alpha158_csi300_custom_step0_s_20260526_18,655f5c57340d4cfcb049c3061fa6f577,0.053,,,
3292,2026-05-26,SH600019,-0.002267409691929672,EXP_CatBoostModel_Alpha158_csi300_custom_step0_s_20260526_18,655f5c57340d4cfcb049c3061fa6f577,0.053,,,
3293,2026-05-26,SH600030,0.0025337643104398665,EXP_CatBoostModel_Alpha158_csi300_custom_step0_s_20260526_18,655f5c57340d4cfcb049c3061fa6f577,0.053,,,
3294,2026-05-26,SH600018,0.0032807547209368453,EXP_CatBoostModel_Alpha158_csi300_custom_step0_s_20260526_18,655f5c57340d4cfcb049c3061fa6f577,0.053,,,
3295,2026-05-26,SH600015,7.268119024696229e-05,EXP_CatBoostModel_Alpha158_csi300_custom_step0_s_20260526_18,655f5c57340d4cfcb049c3061fa6f577,0.053,,,
3296,2026-05-26,SH600011,-0.002267409691929672,EXP_CatBoostModel_Alpha158_csi300_custom_step0_s_20260526_18,655f5c57340d4cfcb049c3061fa6f577,0.053,,,
3297,2026-05-26,SH600010,-0.003824207460210442,EXP_CatBoostModel_Alpha158_csi300_custom_step0_s_20260526_18,655f5c57340d4cfcb049c3061fa6f577,0.053,,,
3298,2026-05-26,SH600009,-0.003824207460210442,EXP_CatBoostModel_Alpha158_csi300_custom_step0_s_20260526_18,655f5c57340d4cfcb049c3061fa6f577,0.053,,,
3299,2026-05-26,SH600000,0.0025346250043615957,EXP_CatBoostModel_Alpha158_csi300_custom_step0_s_20260526_18,655f5c57340d4cfcb049c3061fa6f577,0.053,,,
3300,2026-05-26,SZ302132,-0.0013135836603536501,EXP_CatBoostModel_Alpha158_csi300_custom_step0_s_20260526_18,b641eb599bb94fcc878e08088a59efc4,0.05,,,
3301,2026-05-26,SH600016,0.0017553682421979238,EXP_CatBoostModel_Alpha158_csi300_custom_step0_s_20260526_18,655f5c57340d4cfcb049c3061fa6f577,0.053,,,
3302,2026-05-26,SH600489,-0.003824207460210442,EXP_CatBoostModel_Alpha158_csi300_custom_step0_s_20260526_18,655f5c57340d4cfcb049c3061fa6f577,0.053,,,
3303,2026-05-26,SH600515,-0.002267409691929672,EXP_CatBoostModel_Alpha158_csi300_custom_step0_s_20260526_18,655f5c57340d4cfcb049c3061fa6f577,0.053,,,
3304,2026-05-26,SH600519,-0.003824207460210442,EXP_CatBoostModel_Alpha158_csi300_custom_step0_s_20260526_18,655f5c57340d4cfcb049c3061fa6f577,0.053,,,
3305,2026-05-26,SH601058,-0.003824207460210442,EXP_CatBoostModel_Alpha158_csi300_custom_step0_s_20260526_18,655f5c57340d4cfcb049c3061fa6f577,0.053,,,
3306,2026-05-26,SH601059,0.003562075216735165,EXP_CatBoostModel_Alpha158_csi300_custom_step0_s_20260526_18,655f5c57340d4cfcb049c3061fa6f577,0.053,,,
3307,2026-05-26,SH601066,0.0025495363583289497,EXP_CatBoostModel_Alpha158_csi300_custom_step0_s_20260526_18,655f5c57340d4cfcb049c3061fa6f577,0.053,,,
3308,2026-05-26,SH601077,-0.00013996000753806518,EXP_CatBoostModel_Alpha158_csi300_custom_step0_s_20260526_18,655f5c57340d4cfcb049c3061fa6f577,0.053,,,
3309,2026-05-26,SH601088,0.0025808230335366486,EXP_CatBoostModel_Alpha158_csi300_custom_step0_s_20260526_18,655f5c57340d4cfcb049c3061fa6f577,0.053,,,
3310,2026-05-26,SH601100,-0.0013706036596943054,EXP_CatBoostModel_Alpha158_csi300_custom_step0_s_20260526_18,655f5c57340d4cfcb049c3061fa6f577,0.053,,,
3311,2026-05-26,SH601111,-0.003824207460210442,EXP_CatBoostModel_Alpha158_csi300_custom_step0_s_20260526_18,655f5c57340d4cfcb049c3061fa6f577,0.053,,,
3312,2026-05-26,SH601117,-0.003824207460210442,EXP_CatBoostModel_Alpha158_csi300_custom_step0_s_20260526_18,655f5c57340d4cfcb049c3061fa6f577,0.053,,,
3313,2026-05-26,SH601127,-0.003824207460210442,EXP_CatBoostModel_Alpha158_csi300_custom_step0_s_20260526_18,655f5c57340d4cfcb049c3061fa6f577,0.053,,,
3314,2026-05-26,SH601136,-0.002267409691929672,EXP_CatBoostModel_Alpha158_csi300_custom_step0_s_20260526_18,655f5c57340d4cfcb049c3061fa6f577,0.053,,,
3315,2026-05-26,SH601138,-0.002267409691929672,EXP_CatBoostModel_Alpha158_csi300_custom_step0_s_20260526_18,655f5c57340d4cfcb049c3061fa6f577,0.053,,,
3316,2026-05-26,SH601166,0.0019680094399829513,EXP_CatBoostModel_Alpha158_csi300_custom_step0_s_20260526_18,655f5c57340d4cfcb049c3061fa6f577,0.053,,,
3317,2026-05-26,SH601169,0.0016288351429778005,EXP_CatBoostModel_Alpha158_csi300_custom_step0_s_20260526_18,655f5c57340d4cfcb049c3061fa6f577,0.053,,,
3318,2026-05-26,SH601186,-0.003824207460210442,EXP_CatBoostModel_Alpha158_csi300_custom_step0_s_20260526_18,655f5c57340d4cfcb049c3061fa6f577,0.053,,,
3319,2026-05-26,SH601211,-0.003824207460210442,EXP_CatBoostModel_Alpha158_csi300_custom_step0_s_20260526_18,655f5c57340d4cfcb049c3061fa6f577,0.053,,,
3320,2026-05-26,SH601225,-0.00013996000753806518,EXP_CatBoostModel_Alpha158_csi300_custom_step0_s_20260526_18,655f5c57340d4cfcb049c3061fa6f577,0.053,,,
3321,2026-05-26,SH601229,-0.0020554123096945764,EXP_CatBoostModel_Alpha158_csi300_custom_step0_s_20260526_18,655f5c57340d4cfcb049c3061fa6f577,0.053,,,
3322,2026-05-26,SH601600,0.0019672237392931607,EXP_CatBoostModel_Alpha158_csi300_custom_step0_s_20260526_18,655f5c57340d4cfcb049c3061fa6f577,0.053,,,
3323,2026-05-26,SH601456,-0.00037208144219368327,EXP_CatBoostModel_Alpha158_csi300_custom_step0_s_20260526_18,655f5c57340d4cfcb049c3061fa6f577,0.053,,,
3324,2026-05-26,SH601398,0.004445955776666708,EXP_CatBoostModel_Alpha158_csi300_custom_step0_s_20260526_18,655f5c57340d4cfcb049c3061fa6f577,0.053,,,
3325,2026-05-26,SH601390,-0.002267409691929672,EXP_CatBoostModel_Alpha158_csi300_custom_step0_s_20260526_18,655f5c57340d4cfcb049c3061fa6f577,0.053,,,
3326,2026-05-26,SH601377,0.0017553682421979238,EXP_CatBoostModel_Alpha158_csi300_custom_step0_s_20260526_18,655f5c57340d4cfcb049c3061fa6f577,0.053,,,
3327,2026-05-26,SH601360,-0.002267409691929672,EXP_CatBoostModel_Alpha158_csi300_custom_step0_s_20260526_18,655f5c57340d4cfcb049c3061fa6f577,0.053,,,
3328,2026-05-26,SH601021,-0.0012104239263502489,EXP_CatBoostModel_Alpha158_csi300_custom_step0_s_20260526_18,655f5c57340d4cfcb049c3061fa6f577,0.053,,,
3329,2026-05-26,SH601336,-0.003824207460210442,EXP_CatBoostModel_Alpha158_csi300_custom_step0_s_20260526_18,655f5c57340d4cfcb049c3061fa6f577,0.053,,,
3330,2026-05-26,SH601319,-0.003824207460210442,EXP_CatBoostModel_Alpha158_csi300_custom_step0_s_20260526_18,655f5c57340d4cfcb049c3061fa6f577,0.053,,,
3331,2026-05-26,SH601318,-0.003824207460210442,EXP_CatBoostModel_Alpha158_csi300_custom_step0_s_20260526_18,655f5c57340d4cfcb049c3061fa6f577,0.053,,,
3332,2026-05-26,SH601298,0.00252088224941891,EXP_CatBoostModel_Alpha158_csi300_custom_step0_s_20260526_18,655f5c57340d4cfcb049c3061fa6f577,0.053,,,
3333,2026-05-26,SH601288,0.0016288351429778005,EXP_CatBoostModel_Alpha158_csi300_custom_step0_s_20260526_18,655f5c57340d4cfcb049c3061fa6f577,0.053,,,
3334,2026-05-26,SH601238,-0.002267409691929672,EXP_CatBoostModel_Alpha158_csi300_custom_step0_s_20260526_18,655f5c57340d4cfcb049c3061fa6f577,0.053,,,
3335,2026-05-26,SH601236,-0.002267409691929672,EXP_CatBoostModel_Alpha158_csi300_custom_step0_s_20260526_18,655f5c57340d4cfcb049c3061fa6f577,0.053,,,
3336,2026-05-26,SH601328,0.0017553682421979238,EXP_CatBoostModel_Alpha158_csi300_custom_step0_s_20260526_18,655f5c57340d4cfcb049c3061fa6f577,0.053,,,
3337,2026-05-26,SH601018,-0.00013996000753806518,EXP_CatBoostModel_Alpha158_csi300_custom_step0_s_20260526_18,655f5c57340d4cfcb049c3061fa6f577,0.053,,,
3338,2026-05-26,SH601012,-0.002267409691929672,EXP_CatBoostModel_Alpha158_csi300_custom_step0_s_20260526_18,655f5c57340d4cfcb049c3061fa6f577,0.053,,,
3339,2026-05-26,SH601009,0.0016288351429778005,EXP_CatBoostModel_Alpha158_csi300_custom_step0_s_20260526_18,655f5c57340d4cfcb049c3061fa6f577,0.053,,,
3340,2026-05-26,SH600803,-0.002267409691929672,EXP_CatBoostModel_Alpha158_csi300_custom_step0_s_20260526_18,655f5c57340d4cfcb049c3061fa6f577,0.053,,,
3341,2026-05-26,SH600795,0.0032807547209368453,EXP_CatBoostModel_Alpha158_csi300_custom_step0_s_20260526_18,655f5c57340d4cfcb049c3061fa6f577,0.053,,,
3342,2026-05-26,SH600760,-0.003824207460210442,EXP_CatBoostModel_Alpha158_csi300_custom_step0_s_20260526_18,655f5c57340d4cfcb049c3061fa6f577,0.053,,,
3343,2026-05-26,SH600741,-0.003824207460210442,EXP_CatBoostModel_Alpha158_csi300_custom_step0_s_20260526_18,655f5c57340d4cfcb049c3061fa6f577,0.053,,,
3344,2026-05-26,SH600690,-0.0036871171852003275,EXP_CatBoostModel_Alpha158_csi300_custom_step0_s_20260526_18,655f5c57340d4cfcb049c3061fa6f577,0.053,,,
3345,2026-05-26,SH600674,0.004727276272465028,EXP_CatBoostModel_Alpha158_csi300_custom_step0_s_20260526_18,655f5c57340d4cfcb049c3061fa6f577,0.053,,,
3346,2026-05-26,SH600809,-0.003824207460210442,EXP_CatBoostModel_Alpha158_csi300_custom_step0_s_20260526_18,655f5c57340d4cfcb049c3061fa6f577,0.053,,,
3347,2026-05-26,SH600660,-0.0004986145414138068,EXP_CatBoostModel_Alpha158_csi300_custom_step0_s_20260526_18,655f5c57340d4cfcb049c3061fa6f577,0.053,,,
3348,2026-05-26,SH600588,-0.002267409691929672,EXP_CatBoostModel_Alpha158_csi300_custom_step0_s_20260526_18,655f5c57340d4cfcb049c3061fa6f577,0.053,,,
3349,2026-05-26,SH600585,-0.003824207460210442,EXP_CatBoostModel_Alpha158_csi300_custom_step0_s_20260526_18,655f5c57340d4cfcb049c3061fa6f577,0.053,,,
3350,2026-05-26,SH600584,-0.053209216744041124,EXP_CatBoostModel_Alpha158_csi300_custom_step0_s_20260526_18,655f5c57340d4cfcb049c3061fa6f577,0.053,,,
3351,2026-05-26,SH600570,0.0017553682421979238,EXP_CatBoostModel_Alpha158_csi300_custom_step0_s_20260526_18,655f5c57340d4cfcb049c3061fa6f577,0.053,,,
3352,2026-05-26,SH600547,-0.003824207460210442,EXP_CatBoostModel_Alpha158_csi300_custom_step0_s_20260526_18,655f5c57340d4cfcb049c3061fa6f577,0.053,,,
3353,2026-05-26,SH600522,0.007301001859630248,EXP_CatBoostModel_Alpha158_csi300_custom_step0_s_20260526_18,655f5c57340d4cfcb049c3061fa6f577,0.053,,,
3354,2026-05-26,SH600600,0.001815309026315663,EXP_CatBoostModel_Alpha158_csi300_custom_step0_s_20260526_18,655f5c57340d4cfcb049c3061fa6f577,0.053,,,
3355,2026-05-26,SH601607,0.0017553682421979238,EXP_CatBoostModel_Alpha158_csi300_custom_step0_s_20260526_18,655f5c57340d4cfcb049c3061fa6f577,0.053,,,
3356,2026-05-26,SH600845,-0.0013706036596943054,EXP_CatBoostModel_Alpha158_csi300_custom_step0_s_20260526_18,655f5c57340d4cfcb049c3061fa6f577,0.053,,,
3357,2026-05-26,SH600886,0.0022877861987057836,EXP_CatBoostModel_Alpha158_csi300_custom_step0_s_20260526_18,655f5c57340d4cfcb049c3061fa6f577,0.053,,,
3358,2026-05-26,SH601006,0.0032807547209368453,EXP_CatBoostModel_Alpha158_csi300_custom_step0_s_20260526_18,655f5c57340d4cfcb049c3061fa6f577,0.053,,,
3359,2026-05-26,SH600999,0.00039819149082156015,EXP_CatBoostModel_Alpha158_csi300_custom_step0_s_20260526_18,655f5c57340d4cfcb049c3061fa6f577,0.053,,,
3360,2026-05-26,SH600989,-0.002267409691929672,EXP_CatBoostModel_Alpha158_csi300_custom_step0_s_20260526_18,655f5c57340d4cfcb049c3061fa6f577,0.053,,,
3361,2026-05-26,SH600958,0.003562075216735165,EXP_CatBoostModel_Alpha158_csi300_custom_step0_s_20260526_18,655f5c57340d4cfcb049c3061fa6f577,0.053,,,
3362,2026-05-26,SH600941,0.003562075216735165,EXP_CatBoostModel_Alpha158_csi300_custom_step0_s_20260526_18,655f5c57340d4cfcb049c3061fa6f577,0.053,,,
3363,2026-05-26,SH600938,-0.002267409691929672,EXP_CatBoostModel_Alpha158_csi300_custom_step0_s_20260526_18,655f5c57340d4cfcb049c3061fa6f577,0.053,,,
3364,2026-05-26,SH600875,-0.002267409691929672,EXP_CatBoostModel_Alpha158_csi300_custom_step0_s_20260526_18,655f5c57340d4cfcb049c3061fa6f577,0.053,,,
3365,2026-05-26,SH600930,-0.002267409691929672,EXP_CatBoostModel_Alpha158_csi300_custom_step0_s_20260526_18,655f5c57340d4cfcb049c3061fa6f577,0.053,,,
3366,2026-05-26,SH600919,0.004445955776666708,EXP_CatBoostModel_Alpha158_csi300_custom_step0_s_20260526_18,655f5c57340d4cfcb049c3061fa6f577,0.053,,,
3367,2026-05-26,SH600918,-0.0004986145414138068,EXP_CatBoostModel_Alpha158_csi300_custom_step0_s_20260526_18,655f5c57340d4cfcb049c3061fa6f577,0.053,,,
3368,2026-05-26,SH600905,0.009035736431886045,EXP_CatBoostModel_Alpha158_csi300_custom_step0_s_20260526_18,655f5c57340d4cfcb049c3061fa6f577,0.053,,,
3369,2026-05-26,SH600900,0.0022877861987057836,EXP_CatBoostModel_Alpha158_csi300_custom_step0_s_20260526_18,655f5c57340d4cfcb049c3061fa6f577,0.053,,,
3370,2026-05-26,SH600893,-0.003824207460210442,EXP_CatBoostModel_Alpha158_csi300_custom_step0_s_20260526_18,655f5c57340d4cfcb049c3061fa6f577,0.053,,,
3371,2026-05-26,SH600887,-0.0004986145414138068,EXP_CatBoostModel_Alpha158_csi300_custom_step0_s_20260526_18,655f5c57340d4cfcb049c3061fa6f577,0.053,,,
3372,2026-05-26,SH600926,0.0016288351429778005,EXP_CatBoostModel_Alpha158_csi300_custom_step0_s_20260526_18,655f5c57340d4cfcb049c3061fa6f577,0.053,,,
3373,2026-05-26,SZ000983,-0.002510205341039766,EXP_LGBModel_Alpha158_csi300_custom_step0_s_20260526_18,bcec01a85def4399befa1080f47a5501,0.071,,,
3374,2026-05-26,SZ000999,-2.2085051107755295e-10,EXP_LGBModel_Alpha158_csi300_custom_step0_s_20260526_18,bcec01a85def4399befa1080f47a5501,0.071,,,
3375,2026-05-26,SZ001391,-2.2085051107755295e-10,EXP_LGBModel_Alpha158_csi300_custom_step0_s_20260526_18,bcec01a85def4399befa1080f47a5501,0.071,,,
3376,2026-05-26,SH600803,-0.026744227683193112,EXP_DEnsembleModel_Alpha158_csi300_custom_step0_s_20260526_16,1dc51bb22151419380848657bd3cceb0,0.061,,,
3377,2026-05-26,SH600809,-0.045660399995393404,EXP_DEnsembleModel_Alpha158_csi300_custom_step0_s_20260526_16,1dc51bb22151419380848657bd3cceb0,0.061,,,
3378,2026-05-26,SH600845,-0.10099599291077734,EXP_DEnsembleModel_Alpha158_csi300_custom_step0_s_20260526_16,1dc51bb22151419380848657bd3cceb0,0.061,,,
3379,2026-05-26,SH600875,-0.020764410895786473,EXP_DEnsembleModel_Alpha158_csi300_custom_step0_s_20260526_16,1dc51bb22151419380848657bd3cceb0,0.061,,,
3380,2026-05-26,SH600886,0.1042153448848209,EXP_DEnsembleModel_Alpha158_csi300_custom_step0_s_20260526_16,1dc51bb22151419380848657bd3cceb0,0.061,,,
3381,2026-05-26,SH600887,0.004673695742137992,EXP_DEnsembleModel_Alpha158_csi300_custom_step0_s_20260526_16,1dc51bb22151419380848657bd3cceb0,0.061,,,
3382,2026-05-26,SH600893,0.014977533574658601,EXP_DEnsembleModel_Alpha158_csi300_custom_step0_s_20260526_16,1dc51bb22151419380848657bd3cceb0,0.061,,,
3383,2026-05-26,SH600900,0.10638454132197035,EXP_DEnsembleModel_Alpha158_csi300_custom_step0_s_20260526_16,1dc51bb22151419380848657bd3cceb0,0.061,,,
3384,2026-05-26,SH600905,0.02292594409045373,EXP_DEnsembleModel_Alpha158_csi300_custom_step0_s_20260526_16,1dc51bb22151419380848657bd3cceb0,0.061,,,
3385,2026-05-26,SH600918,-0.002520743855157377,EXP_DEnsembleModel_Alpha158_csi300_custom_step0_s_20260526_16,1dc51bb22151419380848657bd3cceb0,0.061,,,
3386,2026-05-26,SH600919,0.14028316493194906,EXP_DEnsembleModel_Alpha158_csi300_custom_step0_s_20260526_16,1dc51bb22151419380848657bd3cceb0,0.061,,,
3387,2026-05-26,SH600926,0.015368228242545459,EXP_DEnsembleModel_Alpha158_csi300_custom_step0_s_20260526_16,1dc51bb22151419380848657bd3cceb0,0.061,,,
3388,2026-05-26,SH600930,-0.030002681943612344,EXP_DEnsembleModel_Alpha158_csi300_custom_step0_s_20260526_16,1dc51bb22151419380848657bd3cceb0,0.061,,,
3389,2026-05-26,SH600938,0.012135090062448235,EXP_DEnsembleModel_Alpha158_csi300_custom_step0_s_20260526_16,1dc51bb22151419380848657bd3cceb0,0.061,,,
3390,2026-05-26,SH600941,-0.029837557512832676,EXP_DEnsembleModel_Alpha158_csi300_custom_step0_s_20260526_16,1dc51bb22151419380848657bd3cceb0,0.061,,,
3391,2026-05-26,SH600958,-0.05950746038108405,EXP_DEnsembleModel_Alpha158_csi300_custom_step0_s_20260526_16,1dc51bb22151419380848657bd3cceb0,0.061,,,
3392,2026-05-26,SH600989,0.12039959393381883,EXP_DEnsembleModel_Alpha158_csi300_custom_step0_s_20260526_16,1dc51bb22151419380848657bd3cceb0,0.061,,,
3393,2026-05-26,SH601117,-0.03624832004370888,EXP_DEnsembleModel_Alpha158_csi300_custom_step0_s_20260526_16,1dc51bb22151419380848657bd3cceb0,0.061,,,
3394,2026-05-26,SH601111,-0.04845199658827946,EXP_DEnsembleModel_Alpha158_csi300_custom_step0_s_20260526_16,1dc51bb22151419380848657bd3cceb0,0.061,,,
3395,2026-05-26,SH601100,-0.027600720945199192,EXP_DEnsembleModel_Alpha158_csi300_custom_step0_s_20260526_16,1dc51bb22151419380848657bd3cceb0,0.061,,,
3396,2026-05-26,SH601088,0.06919647419800812,EXP_DEnsembleModel_Alpha158_csi300_custom_step0_s_20260526_16,1dc51bb22151419380848657bd3cceb0,0.061,,,
3397,2026-05-26,SH601077,0.06312186168528636,EXP_DEnsembleModel_Alpha158_csi300_custom_step0_s_20260526_16,1dc51bb22151419380848657bd3cceb0,0.061,,,
3398,2026-05-26,SH601066,0.16222292711699712,EXP_DEnsembleModel_Alpha158_csi300_custom_step0_s_20260526_16,1dc51bb22151419380848657bd3cceb0,0.061,,,
3399,2026-05-26,SH600795,0.062216436481903746,EXP_DEnsembleModel_Alpha158_csi300_custom_step0_s_20260526_16,1dc51bb22151419380848657bd3cceb0,0.061,,,
3400,2026-05-26,SH601059,0.11274492318001815,EXP_DEnsembleModel_Alpha158_csi300_custom_step0_s_20260526_16,1dc51bb22151419380848657bd3cceb0,0.061,,,
3401,2026-05-26,SH601021,-0.09053379614534576,EXP_DEnsembleModel_Alpha158_csi300_custom_step0_s_20260526_16,1dc51bb22151419380848657bd3cceb0,0.061,,,
3402,2026-05-26,SH601018,0.01978311477387962,EXP_DEnsembleModel_Alpha158_csi300_custom_step0_s_20260526_16,1dc51bb22151419380848657bd3cceb0,0.061,,,
3403,2026-05-26,SH601012,0.054165981613293196,EXP_DEnsembleModel_Alpha158_csi300_custom_step0_s_20260526_16,1dc51bb22151419380848657bd3cceb0,0.061,,,
3404,2026-05-26,SH601009,-0.0823064786364113,EXP_DEnsembleModel_Alpha158_csi300_custom_step0_s_20260526_16,1dc51bb22151419380848657bd3cceb0,0.061,,,
3405,2026-05-26,SH601006,0.11170030146479973,EXP_DEnsembleModel_Alpha158_csi300_custom_step0_s_20260526_16,1dc51bb22151419380848657bd3cceb0,0.061,,,
3406,2026-05-26,SH600999,0.02396035164835429,EXP_DEnsembleModel_Alpha158_csi300_custom_step0_s_20260526_16,1dc51bb22151419380848657bd3cceb0,0.061,,,
3407,2026-05-26,SH601058,-0.03736615524094874,EXP_DEnsembleModel_Alpha158_csi300_custom_step0_s_20260526_16,1dc51bb22151419380848657bd3cceb0,0.061,,,
3408,2026-05-26,SH601127,0.0012711242110382659,EXP_DEnsembleModel_Alpha158_csi300_custom_step0_s_20260526_16,1dc51bb22151419380848657bd3cceb0,0.061,,,
3409,2026-05-26,SH600760,-0.06361760619298083,EXP_DEnsembleModel_Alpha158_csi300_custom_step0_s_20260526_16,1dc51bb22151419380848657bd3cceb0,0.061,,,
3410,2026-05-26,SH600690,-0.04769497705151947,EXP_DEnsembleModel_Alpha158_csi300_custom_step0_s_20260526_16,1dc51bb22151419380848657bd3cceb0,0.061,,,
3411,2026-05-26,SH600176,-0.15035720521139068,EXP_DEnsembleModel_Alpha158_csi300_custom_step0_s_20260526_16,1dc51bb22151419380848657bd3cceb0,0.061,,,
3412,2026-05-26,SH600183,-0.24043099660430212,EXP_DEnsembleModel_Alpha158_csi300_custom_step0_s_20260526_16,1dc51bb22151419380848657bd3cceb0,0.061,,,
3413,2026-05-26,SH600188,-0.08431956326461573,EXP_DEnsembleModel_Alpha158_csi300_custom_step0_s_20260526_16,1dc51bb22151419380848657bd3cceb0,0.061,,,
3414,2026-05-26,SH600196,-0.030968509341730725,EXP_DEnsembleModel_Alpha158_csi300_custom_step0_s_20260526_16,1dc51bb22151419380848657bd3cceb0,0.061,,,
3415,2026-05-26,SH600219,0.11766786398575507,EXP_DEnsembleModel_Alpha158_csi300_custom_step0_s_20260526_16,1dc51bb22151419380848657bd3cceb0,0.061,,,
3416,2026-05-26,SH600233,-0.010795410418988117,EXP_DEnsembleModel_Alpha158_csi300_custom_step0_s_20260526_16,1dc51bb22151419380848657bd3cceb0,0.061,,,
3417,2026-05-26,SH600276,-0.07654021791309672,EXP_DEnsembleModel_Alpha158_csi300_custom_step0_s_20260526_16,1dc51bb22151419380848657bd3cceb0,0.061,,,
3418,2026-05-26,SH600309,-0.05872142107960322,EXP_DEnsembleModel_Alpha158_csi300_custom_step0_s_20260526_16,1dc51bb22151419380848657bd3cceb0,0.061,,,
3419,2026-05-26,SH600346,-0.053833673870816126,EXP_DEnsembleModel_Alpha158_csi300_custom_step0_s_20260526_16,1dc51bb22151419380848657bd3cceb0,0.061,,,
3420,2026-05-26,SH600362,-0.12396001777791042,EXP_DEnsembleModel_Alpha158_csi300_custom_step0_s_20260526_16,1dc51bb22151419380848657bd3cceb0,0.061,,,
3421,2026-05-26,SH600372,0.0053516279541721634,EXP_DEnsembleModel_Alpha158_csi300_custom_step0_s_20260526_16,1dc51bb22151419380848657bd3cceb0,0.061,,,
3422,2026-05-26,SH600377,0.08782797564590164,EXP_DEnsembleModel_Alpha158_csi300_custom_step0_s_20260526_16,1dc51bb22151419380848657bd3cceb0,0.061,,,
3423,2026-05-26,SH600406,-0.07890039334395525,EXP_DEnsembleModel_Alpha158_csi300_custom_step0_s_20260526_16,1dc51bb22151419380848657bd3cceb0,0.061,,,
3424,2026-05-26,SH600415,-0.08933068545447279,EXP_DEnsembleModel_Alpha158_csi300_custom_step0_s_20260526_16,1dc51bb22151419380848657bd3cceb0,0.061,,,
3425,2026-05-26,SH600426,0.09957153795712502,EXP_DEnsembleModel_Alpha158_csi300_custom_step0_s_20260526_16,1dc51bb22151419380848657bd3cceb0,0.061,,,
3426,2026-05-26,SH600436,0.003385772678200461,EXP_DEnsembleModel_Alpha158_csi300_custom_step0_s_20260526_16,1dc51bb22151419380848657bd3cceb0,0.061,,,
3427,2026-05-26,SH600438,-0.06867701930906576,EXP_DEnsembleModel_Alpha158_csi300_custom_step0_s_20260526_16,1dc51bb22151419380848657bd3cceb0,0.061,,,
3428,2026-05-26,SH600674,0.06153661567232965,EXP_DEnsembleModel_Alpha158_csi300_custom_step0_s_20260526_16,1dc51bb22151419380848657bd3cceb0,0.061,,,
3429,2026-05-26,SH600660,-0.0999637336751144,EXP_DEnsembleModel_Alpha158_csi300_custom_step0_s_20260526_16,1dc51bb22151419380848657bd3cceb0,0.061,,,
3430,2026-05-26,SH600600,0.017393732357804833,EXP_DEnsembleModel_Alpha158_csi300_custom_step0_s_20260526_16,1dc51bb22151419380848657bd3cceb0,0.061,,,
3431,2026-05-26,SH600588,0.003085484098601959,EXP_DEnsembleModel_Alpha158_csi300_custom_step0_s_20260526_16,1dc51bb22151419380848657bd3cceb0,0.061,,,
3432,2026-05-26,SH600585,-0.011302953127685717,EXP_DEnsembleModel_Alpha158_csi300_custom_step0_s_20260526_16,1dc51bb22151419380848657bd3cceb0,0.061,,,
3433,2026-05-26,SH600584,-0.2903182793608083,EXP_DEnsembleModel_Alpha158_csi300_custom_step0_s_20260526_16,1dc51bb22151419380848657bd3cceb0,0.061,,,
3434,2026-05-26,SH600741,-0.04314807690032473,EXP_DEnsembleModel_Alpha158_csi300_custom_step0_s_20260526_16,1dc51bb22151419380848657bd3cceb0,0.061,,,
3435,2026-05-26,SH600570,-0.025189707838826396,EXP_DEnsembleModel_Alpha158_csi300_custom_step0_s_20260526_16,1dc51bb22151419380848657bd3cceb0,0.061,,,
3436,2026-05-26,SH600522,0.19897710503773797,EXP_DEnsembleModel_Alpha158_csi300_custom_step0_s_20260526_16,1dc51bb22151419380848657bd3cceb0,0.061,,,
3437,2026-05-26,SH600519,-0.02596163317915671,EXP_DEnsembleModel_Alpha158_csi300_custom_step0_s_20260526_16,1dc51bb22151419380848657bd3cceb0,0.061,,,
3438,2026-05-26,SH600515,0.009979639824691166,EXP_DEnsembleModel_Alpha158_csi300_custom_step0_s_20260526_16,1dc51bb22151419380848657bd3cceb0,0.061,,,
3439,2026-05-26,SH600489,0.009317560151850379,EXP_DEnsembleModel_Alpha158_csi300_custom_step0_s_20260526_16,1dc51bb22151419380848657bd3cceb0,0.061,,,
3440,2026-05-26,SH600482,-0.04616286657381459,EXP_DEnsembleModel_Alpha158_csi300_custom_step0_s_20260526_16,1dc51bb22151419380848657bd3cceb0,0.061,,,
3441,2026-05-26,SH600460,-0.028839069078694466,EXP_DEnsembleModel_Alpha158_csi300_custom_step0_s_20260526_16,1dc51bb22151419380848657bd3cceb0,0.061,,,
3442,2026-05-26,SH600547,0.1901385942876262,EXP_DEnsembleModel_Alpha158_csi300_custom_step0_s_20260526_16,1dc51bb22151419380848657bd3cceb0,0.061,,,
3443,2026-05-26,SH600161,-0.04908816901956386,EXP_DEnsembleModel_Alpha158_csi300_custom_step0_s_20260526_16,1dc51bb22151419380848657bd3cceb0,0.061,,,
3444,2026-05-26,SH601136,-0.08875375716292835,EXP_DEnsembleModel_Alpha158_csi300_custom_step0_s_20260526_16,1dc51bb22151419380848657bd3cceb0,0.061,,,
3445,2026-05-26,SH601166,0.10461494539246695,EXP_DEnsembleModel_Alpha158_csi300_custom_step0_s_20260526_16,1dc51bb22151419380848657bd3cceb0,0.061,,,
3446,2026-05-26,SH601816,0.009953691283653952,EXP_DEnsembleModel_Alpha158_csi300_custom_step0_s_20260526_16,1dc51bb22151419380848657bd3cceb0,0.061,,,
3447,2026-05-26,SH601818,0.06756988798764367,EXP_DEnsembleModel_Alpha158_csi300_custom_step0_s_20260526_16,1dc51bb22151419380848657bd3cceb0,0.061,,,
3448,2026-05-26,SH601825,0.08377226351200137,EXP_DEnsembleModel_Alpha158_csi300_custom_step0_s_20260526_16,1dc51bb22151419380848657bd3cceb0,0.061,,,
3449,2026-05-26,SH601838,0.0784848900488557,EXP_DEnsembleModel_Alpha158_csi300_custom_step0_s_20260526_16,1dc51bb22151419380848657bd3cceb0,0.061,,,
3450,2026-05-26,SH601857,-0.062305914314351805,EXP_DEnsembleModel_Alpha158_csi300_custom_step0_s_20260526_16,1dc51bb22151419380848657bd3cceb0,0.061,,,
3451,2026-05-26,SH601868,0.01777644890386735,EXP_DEnsembleModel_Alpha158_csi300_custom_step0_s_20260526_16,1dc51bb22151419380848657bd3cceb0,0.061,,,
3452,2026-05-26,SH601872,-0.05745199210892505,EXP_DEnsembleModel_Alpha158_csi300_custom_step0_s_20260526_16,1dc51bb22151419380848657bd3cceb0,0.061,,,
3453,2026-05-26,SH601877,0.026033750069244816,EXP_DEnsembleModel_Alpha158_csi300_custom_step0_s_20260526_16,1dc51bb22151419380848657bd3cceb0,0.061,,,
3454,2026-05-26,SH601878,-0.007996466782926393,EXP_DEnsembleModel_Alpha158_csi300_custom_step0_s_20260526_16,1dc51bb22151419380848657bd3cceb0,0.061,,,
3455,2026-05-26,SH601881,-0.033709015392533744,EXP_DEnsembleModel_Alpha158_csi300_custom_step0_s_20260526_16,1dc51bb22151419380848657bd3cceb0,0.061,,,
3456,2026-05-26,SH601888,-0.013663352973099356,EXP_DEnsembleModel_Alpha158_csi300_custom_step0_s_20260526_16,1dc51bb22151419380848657bd3cceb0,0.061,,,
3457,2026-05-26,SH601898,0.010199964021184076,EXP_DEnsembleModel_Alpha158_csi300_custom_step0_s_20260526_16,1dc51bb22151419380848657bd3cceb0,0.061,,,
3458,2026-05-26,SH601899,-0.06669852884725667,EXP_DEnsembleModel_Alpha158_csi300_custom_step0_s_20260526_16,1dc51bb22151419380848657bd3cceb0,0.061,,,
3459,2026-05-26,SH601901,0.06711641982795487,EXP_DEnsembleModel_Alpha158_csi300_custom_step0_s_20260526_16,1dc51bb22151419380848657bd3cceb0,0.061,,,
3460,2026-05-26,SH601916,0.10940393518434455,EXP_DEnsembleModel_Alpha158_csi300_custom_step0_s_20260526_16,1dc51bb22151419380848657bd3cceb0,0.061,,,
3461,2026-05-26,SH601919,-0.04397172814186868,EXP_DEnsembleModel_Alpha158_csi300_custom_step0_s_20260526_16,1dc51bb22151419380848657bd3cceb0,0.061,,,
3462,2026-05-26,SH601939,0.13071564113760775,EXP_DEnsembleModel_Alpha158_csi300_custom_step0_s_20260526_16,1dc51bb22151419380848657bd3cceb0,0.061,,,
3463,2026-05-26,SH603799,-0.11924922421432324,EXP_DEnsembleModel_Alpha158_csi300_custom_step0_s_20260526_16,1dc51bb22151419380848657bd3cceb0,0.061,,,
3464,2026-05-26,SH603501,-0.08548051854196913,EXP_DEnsembleModel_Alpha158_csi300_custom_step0_s_20260526_16,1dc51bb22151419380848657bd3cceb0,0.061,,,
3465,2026-05-26,SH603392,-0.08938100854184612,EXP_DEnsembleModel_Alpha158_csi300_custom_step0_s_20260526_16,1dc51bb22151419380848657bd3cceb0,0.061,,,
3466,2026-05-26,SH603369,-0.12167925967299469,EXP_DEnsembleModel_Alpha158_csi300_custom_step0_s_20260526_16,1dc51bb22151419380848657bd3cceb0,0.061,,,
3467,2026-05-26,SH603296,-0.0849115076531804,EXP_DEnsembleModel_Alpha158_csi300_custom_step0_s_20260526_16,1dc51bb22151419380848657bd3cceb0,0.061,,,
3468,2026-05-26,SH603288,-0.07687290588035492,EXP_DEnsembleModel_Alpha158_csi300_custom_step0_s_20260526_16,1dc51bb22151419380848657bd3cceb0,0.061,,,
3469,2026-05-26,SH601808,0.029128458484223952,EXP_DEnsembleModel_Alpha158_csi300_custom_step0_s_20260526_16,1dc51bb22151419380848657bd3cceb0,0.061,,,
3470,2026-05-26,SH603260,-0.08398619344648174,EXP_DEnsembleModel_Alpha158_csi300_custom_step0_s_20260526_16,1dc51bb22151419380848657bd3cceb0,0.061,,,
3471,2026-05-26,SH603195,-0.025111438091911065,EXP_DEnsembleModel_Alpha158_csi300_custom_step0_s_20260526_16,1dc51bb22151419380848657bd3cceb0,0.061,,,
3472,2026-05-26,SH603019,0.0037502582996694787,EXP_DEnsembleModel_Alpha158_csi300_custom_step0_s_20260526_16,1dc51bb22151419380848657bd3cceb0,0.061,,,
3473,2026-05-26,SH601998,0.00997703558209192,EXP_DEnsembleModel_Alpha158_csi300_custom_step0_s_20260526_16,1dc51bb22151419380848657bd3cceb0,0.061,,,
3474,2026-05-26,SH601995,0.08370476090218681,EXP_DEnsembleModel_Alpha158_csi300_custom_step0_s_20260526_16,1dc51bb22151419380848657bd3cceb0,0.061,,,
3475,2026-05-26,SH601988,0.18953240057873574,EXP_DEnsembleModel_Alpha158_csi300_custom_step0_s_20260526_16,1dc51bb22151419380848657bd3cceb0,0.061,,,
3476,2026-05-26,SH601985,0.046510438542953635,EXP_DEnsembleModel_Alpha158_csi300_custom_step0_s_20260526_16,1dc51bb22151419380848657bd3cceb0,0.061,,,
3477,2026-05-26,SH603259,-0.05372802585930448,EXP_DEnsembleModel_Alpha158_csi300_custom_step0_s_20260526_16,1dc51bb22151419380848657bd3cceb0,0.061,,,
3478,2026-05-26,SH601138,-0.08968069101539305,EXP_DEnsembleModel_Alpha158_csi300_custom_step0_s_20260526_16,1dc51bb22151419380848657bd3cceb0,0.061,,,
3479,2026-05-26,SH601800,-0.04292331635810581,EXP_DEnsembleModel_Alpha158_csi300_custom_step0_s_20260526_16,1dc51bb22151419380848657bd3cceb0,0.061,,,
3480,2026-05-26,SH601766,-0.05859580978454694,EXP_DEnsembleModel_Alpha158_csi300_custom_step0_s_20260526_16,1dc51bb22151419380848657bd3cceb0,0.061,,,
3481,2026-05-26,SH601169,-0.004506705158793012,EXP_DEnsembleModel_Alpha158_csi300_custom_step0_s_20260526_16,1dc51bb22151419380848657bd3cceb0,0.061,,,
3482,2026-05-26,SH601186,-0.019601770001448367,EXP_DEnsembleModel_Alpha158_csi300_custom_step0_s_20260526_16,1dc51bb22151419380848657bd3cceb0,0.061,,,
3483,2026-05-26,SH601211,-0.11236150876211551,EXP_DEnsembleModel_Alpha158_csi300_custom_step0_s_20260526_16,1dc51bb22151419380848657bd3cceb0,0.061,,,
3484,2026-05-26,SH601225,0.022663355895029248,EXP_DEnsembleModel_Alpha158_csi300_custom_step0_s_20260526_16,1dc51bb22151419380848657bd3cceb0,0.061,,,
3485,2026-05-26,SH601229,-0.03968802785506736,EXP_DEnsembleModel_Alpha158_csi300_custom_step0_s_20260526_16,1dc51bb22151419380848657bd3cceb0,0.061,,,
3486,2026-05-26,SH601236,-0.002845906741877705,EXP_DEnsembleModel_Alpha158_csi300_custom_step0_s_20260526_16,1dc51bb22151419380848657bd3cceb0,0.061,,,
3487,2026-05-26,SH601238,0.05915245129442275,EXP_DEnsembleModel_Alpha158_csi300_custom_step0_s_20260526_16,1dc51bb22151419380848657bd3cceb0,0.061,,,
3488,2026-05-26,SH601288,0.00569582132295191,EXP_DEnsembleModel_Alpha158_csi300_custom_step0_s_20260526_16,1dc51bb22151419380848657bd3cceb0,0.061,,,
3489,2026-05-26,SH601298,0.07560175901019837,EXP_DEnsembleModel_Alpha158_csi300_custom_step0_s_20260526_16,1dc51bb22151419380848657bd3cceb0,0.061,,,
3490,2026-05-26,SH601318,-0.07424810433699251,EXP_DEnsembleModel_Alpha158_csi300_custom_step0_s_20260526_16,1dc51bb22151419380848657bd3cceb0,0.061,,,
3491,2026-05-26,SH601319,-0.04662356219138172,EXP_DEnsembleModel_Alpha158_csi300_custom_step0_s_20260526_16,1dc51bb22151419380848657bd3cceb0,0.061,,,
3492,2026-05-26,SH601328,0.020416106608596964,EXP_DEnsembleModel_Alpha158_csi300_custom_step0_s_20260526_16,1dc51bb22151419380848657bd3cceb0,0.061,,,
3493,2026-05-26,SH601336,-0.07879863170197199,EXP_DEnsembleModel_Alpha158_csi300_custom_step0_s_20260526_16,1dc51bb22151419380848657bd3cceb0,0.061,,,
3494,2026-05-26,SH601360,-0.03108901891279996,EXP_DEnsembleModel_Alpha158_csi300_custom_step0_s_20260526_16,1dc51bb22151419380848657bd3cceb0,0.061,,,
3495,2026-05-26,SH601377,-0.0577458867181785,EXP_DEnsembleModel_Alpha158_csi300_custom_step0_s_20260526_16,1dc51bb22151419380848657bd3cceb0,0.061,,,
3496,2026-05-26,SH601390,-0.058984126063860345,EXP_DEnsembleModel_Alpha158_csi300_custom_step0_s_20260526_16,1dc51bb22151419380848657bd3cceb0,0.061,,,
3497,2026-05-26,SH601398,0.1307648626705288,EXP_DEnsembleModel_Alpha158_csi300_custom_step0_s_20260526_16,1dc51bb22151419380848657bd3cceb0,0.061,,,
3498,2026-05-26,SH601728,-0.07389115686963404,EXP_DEnsembleModel_Alpha158_csi300_custom_step0_s_20260526_16,1dc51bb22151419380848657bd3cceb0,0.061,,,
3499,2026-05-26,SH601698,-0.011300505507320426,EXP_DEnsembleModel_Alpha158_csi300_custom_step0_s_20260526_16,1dc51bb22151419380848657bd3cceb0,0.061,,,
3500,2026-05-26,SH601689,0.0889900353330167,EXP_DEnsembleModel_Alpha158_csi300_custom_step0_s_20260526_16,1dc51bb22151419380848657bd3cceb0,0.061,,,
3501,2026-05-26,SH601688,-0.10402179103787226,EXP_DEnsembleModel_Alpha158_csi300_custom_step0_s_20260526_16,1dc51bb22151419380848657bd3cceb0,0.061,,,
3502,2026-05-26,SH601669,-0.03164164770213785,EXP_DEnsembleModel_Alpha158_csi300_custom_step0_s_20260526_16,1dc51bb22151419380848657bd3cceb0,0.061,,,
3503,2026-05-26,SH601668,0.033190643534758396,EXP_DEnsembleModel_Alpha158_csi300_custom_step0_s_20260526_16,1dc51bb22151419380848657bd3cceb0,0.061,,,
3504,2026-05-26,SH601788,-0.045138817425406146,EXP_DEnsembleModel_Alpha158_csi300_custom_step0_s_20260526_16,1dc51bb22151419380848657bd3cceb0,0.061,,,
3505,2026-05-26,SH601658,0.07982750159030555,EXP_DEnsembleModel_Alpha158_csi300_custom_step0_s_20260526_16,1dc51bb22151419380848657bd3cceb0,0.061,,,
3506,2026-05-26,SH601628,-0.06183978528859994,EXP_DEnsembleModel_Alpha158_csi300_custom_step0_s_20260526_16,1dc51bb22151419380848657bd3cceb0,0.061,,,
3507,2026-05-26,SH601618,0.01735306385291978,EXP_DEnsembleModel_Alpha158_csi300_custom_step0_s_20260526_16,1dc51bb22151419380848657bd3cceb0,0.061,,,
3508,2026-05-26,SH601607,0.015112437538376508,EXP_DEnsembleModel_Alpha158_csi300_custom_step0_s_20260526_16,1dc51bb22151419380848657bd3cceb0,0.061,,,
3509,2026-05-26,SH601601,-0.08564414871697533,EXP_DEnsembleModel_Alpha158_csi300_custom_step0_s_20260526_16,1dc51bb22151419380848657bd3cceb0,0.061,,,
3510,2026-05-26,SH601600,0.050514655450617875,EXP_DEnsembleModel_Alpha158_csi300_custom_step0_s_20260526_16,1dc51bb22151419380848657bd3cceb0,0.061,,,
3511,2026-05-26,SH601456,-0.04473651247628835,EXP_DEnsembleModel_Alpha158_csi300_custom_step0_s_20260526_16,1dc51bb22151419380848657bd3cceb0,0.061,,,
3512,2026-05-26,SH601633,-0.056022183347070195,EXP_DEnsembleModel_Alpha158_csi300_custom_step0_s_20260526_16,1dc51bb22151419380848657bd3cceb0,0.061,,,
3513,2026-05-26,SH600160,-0.03228586746073501,EXP_DEnsembleModel_Alpha158_csi300_custom_step0_s_20260526_16,1dc51bb22151419380848657bd3cceb0,0.061,,,
3514,2026-05-26,SH600150,-0.1989880428357206,EXP_DEnsembleModel_Alpha158_csi300_custom_step0_s_20260526_16,1dc51bb22151419380848657bd3cceb0,0.061,,,
3515,2026-05-26,SH600115,-0.0996202751468172,EXP_DEnsembleModel_Alpha158_csi300_custom_step0_s_20260526_16,1dc51bb22151419380848657bd3cceb0,0.061,,,
3516,2026-05-26,SZ000999,-0.021757753105100582,EXP_LGBModel_Alpha158_csi300_custom_step0_s_20260526_18,4c86723b64594837b5f55ecc90964330,0.065,,,
3517,2026-05-26,SZ001391,-0.024015889607858273,EXP_LGBModel_Alpha158_csi300_custom_step0_s_20260526_18,4c86723b64594837b5f55ecc90964330,0.065,,,
3518,2026-05-26,SZ001965,0.016364582526156128,EXP_LGBModel_Alpha158_csi300_custom_step0_s_20260526_18,4c86723b64594837b5f55ecc90964330,0.065,,,
3519,2026-05-26,SZ001979,0.03508062682008789,EXP_LGBModel_Alpha158_csi300_custom_step0_s_20260526_18,4c86723b64594837b5f55ecc90964330,0.065,,,
3520,2026-05-26,SZ002001,-0.0037770267536786006,EXP_LGBModel_Alpha158_csi300_custom_step0_s_20260526_18,4c86723b64594837b5f55ecc90964330,0.065,,,
3521,2026-05-26,SZ002027,-0.02973510723967905,EXP_LGBModel_Alpha158_csi300_custom_step0_s_20260526_18,4c86723b64594837b5f55ecc90964330,0.065,,,
3522,2026-05-26,SZ002028,-0.016229116881596454,EXP_LGBModel_Alpha158_csi300_custom_step0_s_20260526_18,4c86723b64594837b5f55ecc90964330,0.065,,,
3523,2026-05-26,SZ002049,0.01718580751742539,EXP_LGBModel_Alpha158_csi300_custom_step0_s_20260526_18,4c86723b64594837b5f55ecc90964330,0.065,,,
3524,2026-05-26,SZ002050,0.013829255459264977,EXP_LGBModel_Alpha158_csi300_custom_step0_s_20260526_18,4c86723b64594837b5f55ecc90964330,0.065,,,
3525,2026-05-26,SZ002074,0.006712345422084567,EXP_LGBModel_Alpha158_csi300_custom_step0_s_20260526_18,4c86723b64594837b5f55ecc90964330,0.065,,,
3526,2026-05-26,SZ002142,-0.02754905779601136,EXP_LGBModel_Alpha158_csi300_custom_step0_s_20260526_18,4c86723b64594837b5f55ecc90964330,0.065,,,
3527,2026-05-26,SZ002179,0.042022991135774776,EXP_LGBModel_Alpha158_csi300_custom_step0_s_20260526_18,4c86723b64594837b5f55ecc90964330,0.065,,,
3528,2026-05-26,SZ002230,0.0018575365635410896,EXP_LGBModel_Alpha158_csi300_custom_step0_s_20260526_18,4c86723b64594837b5f55ecc90964330,0.065,,,
3529,2026-05-26,SZ002236,-0.006765462867130241,EXP_LGBModel_Alpha158_csi300_custom_step0_s_20260526_18,4c86723b64594837b5f55ecc90964330,0.065,,,
3530,2026-05-26,SZ002241,0.02590692586793605,EXP_LGBModel_Alpha158_csi300_custom_step0_s_20260526_18,4c86723b64594837b5f55ecc90964330,0.065,,,
3531,2026-05-26,SZ002252,-0.020555503089721275,EXP_LGBModel_Alpha158_csi300_custom_step0_s_20260526_18,4c86723b64594837b5f55ecc90964330,0.065,,,
3532,2026-05-26,SZ002304,0.0012644271999960027,EXP_LGBModel_Alpha158_csi300_custom_step0_s_20260526_18,4c86723b64594837b5f55ecc90964330,0.065,,,
3533,2026-05-26,SZ002600,0.007750651102449282,EXP_LGBModel_Alpha158_csi300_custom_step0_s_20260526_18,4c86723b64594837b5f55ecc90964330,0.065,,,
3534,2026-05-26,SZ002594,-0.01684522499364434,EXP_LGBModel_Alpha158_csi300_custom_step0_s_20260526_18,4c86723b64594837b5f55ecc90964330,0.065,,,
3535,2026-05-26,SZ002493,-0.0013136748529887438,EXP_LGBModel_Alpha158_csi300_custom_step0_s_20260526_18,4c86723b64594837b5f55ecc90964330,0.065,,,
3536,2026-05-26,SZ002475,0.1407782814675893,EXP_LGBModel_Alpha158_csi300_custom_step0_s_20260526_18,4c86723b64594837b5f55ecc90964330,0.065,,,
3537,2026-05-26,SZ002466,0.05625728052501089,EXP_LGBModel_Alpha158_csi300_custom_step0_s_20260526_18,4c86723b64594837b5f55ecc90964330,0.065,,,
3538,2026-05-26,SZ002463,-0.0007902894446685855,EXP_LGBModel_Alpha158_csi300_custom_step0_s_20260526_18,4c86723b64594837b5f55ecc90964330,0.065,,,
3539,2026-05-26,SZ000983,0.043035599978537155,EXP_LGBModel_Alpha158_csi300_custom_step0_s_20260526_18,4c86723b64594837b5f55ecc90964330,0.065,,,
3540,2026-05-26,SZ002460,-0.0008336603844314545,EXP_LGBModel_Alpha158_csi300_custom_step0_s_20260526_18,4c86723b64594837b5f55ecc90964330,0.065,,,
3541,2026-05-26,SZ002422,-0.01823165589227819,EXP_LGBModel_Alpha158_csi300_custom_step0_s_20260526_18,4c86723b64594837b5f55ecc90964330,0.065,,,
3542,2026-05-26,SZ002415,0.03384011431056835,EXP_LGBModel_Alpha158_csi300_custom_step0_s_20260526_18,4c86723b64594837b5f55ecc90964330,0.065,,,
3543,2026-05-26,SZ002384,0.048884263425921004,EXP_LGBModel_Alpha158_csi300_custom_step0_s_20260526_18,4c86723b64594837b5f55ecc90964330,0.065,,,
3544,2026-05-26,SZ002371,0.11991021503138559,EXP_LGBModel_Alpha158_csi300_custom_step0_s_20260526_18,4c86723b64594837b5f55ecc90964330,0.065,,,
3545,2026-05-26,SZ002352,-0.0055446905495241065,EXP_LGBModel_Alpha158_csi300_custom_step0_s_20260526_18,4c86723b64594837b5f55ecc90964330,0.065,,,
3546,2026-05-26,SZ002311,-0.0028327881564667885,EXP_LGBModel_Alpha158_csi300_custom_step0_s_20260526_18,4c86723b64594837b5f55ecc90964330,0.065,,,
3547,2026-05-26,SZ002459,0.0025880968962332805,EXP_LGBModel_Alpha158_csi300_custom_step0_s_20260526_18,4c86723b64594837b5f55ecc90964330,0.065,,,
3548,2026-05-26,SZ002601,0.001028789157075975,EXP_LGBModel_Alpha158_csi300_custom_step0_s_20260526_18,4c86723b64594837b5f55ecc90964330,0.065,,,
3549,2026-05-26,SZ000977,0.037036192000406136,EXP_LGBModel_Alpha158_csi300_custom_step0_s_20260526_18,4c86723b64594837b5f55ecc90964330,0.065,,,
3550,2026-05-26,SZ000963,0.020673275524407096,EXP_LGBModel_Alpha158_csi300_custom_step0_s_20260526_18,4c86723b64594837b5f55ecc90964330,0.065,,,
3551,2026-05-26,SH688981,0.00314386202115947,EXP_LGBModel_Alpha158_csi300_custom_step0_s_20260526_18,4c86723b64594837b5f55ecc90964330,0.065,,,
3552,2026-05-26,SZ000001,-0.023141660462807512,EXP_LGBModel_Alpha158_csi300_custom_step0_s_20260526_18,4c86723b64594837b5f55ecc90964330,0.065,,,
3553,2026-05-26,SZ000002,0.0075818795208178885,EXP_LGBModel_Alpha158_csi300_custom_step0_s_20260526_18,4c86723b64594837b5f55ecc90964330,0.065,,,
3554,2026-05-26,SZ000063,0.014534084863770252,EXP_LGBModel_Alpha158_csi300_custom_step0_s_20260526_18,4c86723b64594837b5f55ecc90964330,0.065,,,
3555,2026-05-26,SZ000100,-0.005838185746440652,EXP_LGBModel_Alpha158_csi300_custom_step0_s_20260526_18,4c86723b64594837b5f55ecc90964330,0.065,,,
3556,2026-05-26,SZ000157,-0.017679859052499424,EXP_LGBModel_Alpha158_csi300_custom_step0_s_20260526_18,4c86723b64594837b5f55ecc90964330,0.065,,,
3557,2026-05-26,SZ000166,-0.017342075881883943,EXP_LGBModel_Alpha158_csi300_custom_step0_s_20260526_18,4c86723b64594837b5f55ecc90964330,0.065,,,
3558,2026-05-26,SZ000301,0.03199707038434983,EXP_LGBModel_Alpha158_csi300_custom_step0_s_20260526_18,4c86723b64594837b5f55ecc90964330,0.065,,,
3559,2026-05-26,SZ000333,-0.016687504785470746,EXP_LGBModel_Alpha158_csi300_custom_step0_s_20260526_18,4c86723b64594837b5f55ecc90964330,0.065,,,
3560,2026-05-26,SZ000338,0.08488278400007021,EXP_LGBModel_Alpha158_csi300_custom_step0_s_20260526_18,4c86723b64594837b5f55ecc90964330,0.065,,,
3561,2026-05-26,SZ000408,-0.01117955167681786,EXP_LGBModel_Alpha158_csi300_custom_step0_s_20260526_18,4c86723b64594837b5f55ecc90964330,0.065,,,
3562,2026-05-26,SZ000425,-0.004514262880598324,EXP_LGBModel_Alpha158_csi300_custom_step0_s_20260526_18,4c86723b64594837b5f55ecc90964330,0.065,,,
3563,2026-05-26,SZ000538,-0.031837814596111125,EXP_LGBModel_Alpha158_csi300_custom_step0_s_20260526_18,4c86723b64594837b5f55ecc90964330,0.065,,,
3564,2026-05-26,SZ000568,-0.0035389252297441643,EXP_LGBModel_Alpha158_csi300_custom_step0_s_20260526_18,4c86723b64594837b5f55ecc90964330,0.065,,,
3565,2026-05-26,SZ000596,0.010394750056264734,EXP_LGBModel_Alpha158_csi300_custom_step0_s_20260526_18,4c86723b64594837b5f55ecc90964330,0.065,,,
3566,2026-05-26,SZ000617,0.022430692903738624,EXP_LGBModel_Alpha158_csi300_custom_step0_s_20260526_18,4c86723b64594837b5f55ecc90964330,0.065,,,
3567,2026-05-26,SZ000625,0.02010958584781513,EXP_LGBModel_Alpha158_csi300_custom_step0_s_20260526_18,4c86723b64594837b5f55ecc90964330,0.065,,,
3568,2026-05-26,SZ000938,0.032130132738427616,EXP_LGBModel_Alpha158_csi300_custom_step0_s_20260526_18,4c86723b64594837b5f55ecc90964330,0.065,,,
3569,2026-05-26,SZ000895,-0.020456907265201243,EXP_LGBModel_Alpha158_csi300_custom_step0_s_20260526_18,4c86723b64594837b5f55ecc90964330,0.065,,,
3570,2026-05-26,SZ000876,-0.03846313311407092,EXP_LGBModel_Alpha158_csi300_custom_step0_s_20260526_18,4c86723b64594837b5f55ecc90964330,0.065,,,
3571,2026-05-26,SZ000858,0.008784426258816801,EXP_LGBModel_Alpha158_csi300_custom_step0_s_20260526_18,4c86723b64594837b5f55ecc90964330,0.065,,,
3572,2026-05-26,SZ000807,-0.004940008559207556,EXP_LGBModel_Alpha158_csi300_custom_step0_s_20260526_18,4c86723b64594837b5f55ecc90964330,0.065,,,
3573,2026-05-26,SZ000792,0.0018117924319791178,EXP_LGBModel_Alpha158_csi300_custom_step0_s_20260526_18,4c86723b64594837b5f55ecc90964330,0.065,,,
3574,2026-05-26,SZ000975,-0.0005813786940602195,EXP_LGBModel_Alpha158_csi300_custom_step0_s_20260526_18,4c86723b64594837b5f55ecc90964330,0.065,,,
3575,2026-05-26,SZ000786,-0.014792060761349828,EXP_LGBModel_Alpha158_csi300_custom_step0_s_20260526_18,4c86723b64594837b5f55ecc90964330,0.065,,,
3576,2026-05-26,SZ000768,-0.0003421707917438581,EXP_LGBModel_Alpha158_csi300_custom_step0_s_20260526_18,4c86723b64594837b5f55ecc90964330,0.065,,,
3577,2026-05-26,SZ000725,0.003526014583249609,EXP_LGBModel_Alpha158_csi300_custom_step0_s_20260526_18,4c86723b64594837b5f55ecc90964330,0.065,,,
3578,2026-05-26,SZ000708,-0.017733613753258676,EXP_LGBModel_Alpha158_csi300_custom_step0_s_20260526_18,4c86723b64594837b5f55ecc90964330,0.065,,,
3579,2026-05-26,SZ000661,-0.023277918274923044,EXP_LGBModel_Alpha158_csi300_custom_step0_s_20260526_18,4c86723b64594837b5f55ecc90964330,0.065,,,
3580,2026-05-26,SZ000651,0.019740777269277934,EXP_LGBModel_Alpha158_csi300_custom_step0_s_20260526_18,4c86723b64594837b5f55ecc90964330,0.065,,,
3581,2026-05-26,SZ000630,0.0030519137457465755,EXP_LGBModel_Alpha158_csi300_custom_step0_s_20260526_18,4c86723b64594837b5f55ecc90964330,0.065,,,
3582,2026-05-26,SZ000776,0.012459378636520881,EXP_LGBModel_Alpha158_csi300_custom_step0_s_20260526_18,4c86723b64594837b5f55ecc90964330,0.065,,,
3583,2026-05-26,SZ002625,0.006922193393628124,EXP_LGBModel_Alpha158_csi300_custom_step0_s_20260526_18,4c86723b64594837b5f55ecc90964330,0.065,,,
3584,2026-05-26,SZ002648,0.032575988099625246,EXP_LGBModel_Alpha158_csi300_custom_step0_s_20260526_18,4c86723b64594837b5f55ecc90964330,0.065,,,
3585,2026-05-26,SZ002709,0.09877752125672115,EXP_LGBModel_Alpha158_csi300_custom_step0_s_20260526_18,4c86723b64594837b5f55ecc90964330,0.065,,,
3586,2026-05-26,SZ300979,0.01632590813506188,EXP_LGBModel_Alpha158_csi300_custom_step0_s_20260526_18,4c86723b64594837b5f55ecc90964330,0.065,,,
3587,2026-05-26,SZ300999,0.005436972863773992,EXP_LGBModel_Alpha158_csi300_custom_step0_s_20260526_18,4c86723b64594837b5f55ecc90964330,0.065,,,
3588,2026-05-26,SZ301236,0.0014434099171468902,EXP_LGBModel_Alpha158_csi300_custom_step0_s_20260526_18,4c86723b64594837b5f55ecc90964330,0.065,,,
3589,2026-05-26,SZ301269,-0.0019606911507518694,EXP_LGBModel_Alpha158_csi300_custom_step0_s_20260526_18,4c86723b64594837b5f55ecc90964330,0.065,,,
3590,2026-05-26,SZ302132,-0.004106741264997469,EXP_LGBModel_Alpha158_csi300_custom_step0_s_20260526_18,4c86723b64594837b5f55ecc90964330,0.065,,,
3591,2026-05-26,SH600000,-0.019455928120756714,EXP_DEnsembleModel_Alpha158_csi300_custom_step0_s_20260526_16,1dc51bb22151419380848657bd3cceb0,0.061,,,
3592,2026-05-26,SH600009,-0.07025964383494512,EXP_DEnsembleModel_Alpha158_csi300_custom_step0_s_20260526_16,1dc51bb22151419380848657bd3cceb0,0.061,,,
3593,2026-05-26,SH600010,-0.049511414785797264,EXP_DEnsembleModel_Alpha158_csi300_custom_step0_s_20260526_16,1dc51bb22151419380848657bd3cceb0,0.061,,,
3594,2026-05-26,SH600011,-0.08142701054002659,EXP_DEnsembleModel_Alpha158_csi300_custom_step0_s_20260526_16,1dc51bb22151419380848657bd3cceb0,0.061,,,
3595,2026-05-26,SH600015,0.03274159892927977,EXP_DEnsembleModel_Alpha158_csi300_custom_step0_s_20260526_16,1dc51bb22151419380848657bd3cceb0,0.061,,,
3596,2026-05-26,SH600016,0.018096355280756735,EXP_DEnsembleModel_Alpha158_csi300_custom_step0_s_20260526_16,1dc51bb22151419380848657bd3cceb0,0.061,,,
3597,2026-05-26,SH600018,0.12134491341209831,EXP_DEnsembleModel_Alpha158_csi300_custom_step0_s_20260526_16,1dc51bb22151419380848657bd3cceb0,0.061,,,
3598,2026-05-26,SH600019,-0.03704950271869812,EXP_DEnsembleModel_Alpha158_csi300_custom_step0_s_20260526_16,1dc51bb22151419380848657bd3cceb0,0.061,,,
3599,2026-05-26,SH600023,-0.009262111753311153,EXP_DEnsembleModel_Alpha158_csi300_custom_step0_s_20260526_16,1dc51bb22151419380848657bd3cceb0,0.061,,,
3600,2026-05-26,SH600025,0.06570228316018958,EXP_DEnsembleModel_Alpha158_csi300_custom_step0_s_20260526_16,1dc51bb22151419380848657bd3cceb0,0.061,,,
3601,2026-05-26,SH600026,-0.06753978055421715,EXP_DEnsembleModel_Alpha158_csi300_custom_step0_s_20260526_16,1dc51bb22151419380848657bd3cceb0,0.061,,,
3602,2026-05-26,SH600027,-0.07461856531577807,EXP_DEnsembleModel_Alpha158_csi300_custom_step0_s_20260526_16,1dc51bb22151419380848657bd3cceb0,0.061,,,
3603,2026-05-26,SH600111,-0.11944110050369355,EXP_DEnsembleModel_Alpha158_csi300_custom_step0_s_20260526_16,1dc51bb22151419380848657bd3cceb0,0.061,,,
3604,2026-05-26,SH600104,0.0257100412068452,EXP_DEnsembleModel_Alpha158_csi300_custom_step0_s_20260526_16,1dc51bb22151419380848657bd3cceb0,0.061,,,
3605,2026-05-26,SH600089,-0.059528989968957634,EXP_DEnsembleModel_Alpha158_csi300_custom_step0_s_20260526_16,1dc51bb22151419380848657bd3cceb0,0.061,,,
3606,2026-05-26,SH600085,-0.010273975158609934,EXP_DEnsembleModel_Alpha158_csi300_custom_step0_s_20260526_16,1dc51bb22151419380848657bd3cceb0,0.061,,,
3607,2026-05-26,SH600066,-0.00641465264511159,EXP_DEnsembleModel_Alpha158_csi300_custom_step0_s_20260526_16,1dc51bb22151419380848657bd3cceb0,0.061,,,
3608,2026-05-26,SH600061,-0.07440113491116401,EXP_DEnsembleModel_Alpha158_csi300_custom_step0_s_20260526_16,1dc51bb22151419380848657bd3cceb0,0.061,,,
3609,2026-05-26,SZ300896,-0.00595450273066724,EXP_LGBModel_Alpha158_csi300_custom_step0_s_20260526_18,4c86723b64594837b5f55ecc90964330,0.065,,,
3610,2026-05-26,SH600050,-0.05853188589693337,EXP_DEnsembleModel_Alpha158_csi300_custom_step0_s_20260526_16,1dc51bb22151419380848657bd3cceb0,0.061,,,
3611,2026-05-26,SH600039,-0.0143641198369308,EXP_DEnsembleModel_Alpha158_csi300_custom_step0_s_20260526_16,1dc51bb22151419380848657bd3cceb0,0.061,,,
3612,2026-05-26,SH600036,0.0067246808697656165,EXP_DEnsembleModel_Alpha158_csi300_custom_step0_s_20260526_16,1dc51bb22151419380848657bd3cceb0,0.061,,,
3613,2026-05-26,SH600031,-0.1448985579094354,EXP_DEnsembleModel_Alpha158_csi300_custom_step0_s_20260526_16,1dc51bb22151419380848657bd3cceb0,0.061,,,
3614,2026-05-26,SH600030,0.017477497167752484,EXP_DEnsembleModel_Alpha158_csi300_custom_step0_s_20260526_16,1dc51bb22151419380848657bd3cceb0,0.061,,,
3615,2026-05-26,SH600029,-0.03860284716495493,EXP_DEnsembleModel_Alpha158_csi300_custom_step0_s_20260526_16,1dc51bb22151419380848657bd3cceb0,0.061,,,
3616,2026-05-26,SH600028,0.03747785632361196,EXP_DEnsembleModel_Alpha158_csi300_custom_step0_s_20260526_16,1dc51bb22151419380848657bd3cceb0,0.061,,,
3617,2026-05-26,SH600048,-0.07065531783868306,EXP_DEnsembleModel_Alpha158_csi300_custom_step0_s_20260526_16,1dc51bb22151419380848657bd3cceb0,0.061,,,
3618,2026-05-26,SZ300866,0.07061276845124667,EXP_LGBModel_Alpha158_csi300_custom_step0_s_20260526_18,4c86723b64594837b5f55ecc90964330,0.065,,,
3619,2026-05-26,SZ300832,0.04873508029848092,EXP_LGBModel_Alpha158_csi300_custom_step0_s_20260526_18,4c86723b64594837b5f55ecc90964330,0.065,,,
3620,2026-05-26,SZ300803,-0.0003849245504381031,EXP_LGBModel_Alpha158_csi300_custom_step0_s_20260526_18,4c86723b64594837b5f55ecc90964330,0.065,,,
3621,2026-05-26,SZ300274,0.03306617433745846,EXP_LGBModel_Alpha158_csi300_custom_step0_s_20260526_18,4c86723b64594837b5f55ecc90964330,0.065,,,
3622,2026-05-26,SZ300251,0.04034546064194975,EXP_LGBModel_Alpha158_csi300_custom_step0_s_20260526_18,4c86723b64594837b5f55ecc90964330,0.065,,,
3623,2026-05-26,SZ300124,0.06997026789577739,EXP_LGBModel_Alpha158_csi300_custom_step0_s_20260526_18,4c86723b64594837b5f55ecc90964330,0.065,,,
3624,2026-05-26,SZ300122,0.011374989204875775,EXP_LGBModel_Alpha158_csi300_custom_step0_s_20260526_18,4c86723b64594837b5f55ecc90964330,0.065,,,
3625,2026-05-26,SZ300059,-0.010486032029879654,EXP_LGBModel_Alpha158_csi300_custom_step0_s_20260526_18,4c86723b64594837b5f55ecc90964330,0.065,,,
3626,2026-05-26,SZ300033,0.010969995268650008,EXP_LGBModel_Alpha158_csi300_custom_step0_s_20260526_18,4c86723b64594837b5f55ecc90964330,0.065,,,
3627,2026-05-26,SZ300308,0.027256572236869756,EXP_LGBModel_Alpha158_csi300_custom_step0_s_20260526_18,4c86723b64594837b5f55ecc90964330,0.065,,,
3628,2026-05-26,SZ300015,0.01996070829731429,EXP_LGBModel_Alpha158_csi300_custom_step0_s_20260526_18,4c86723b64594837b5f55ecc90964330,0.065,,,
3629,2026-05-26,SZ003816,0.03756328226778914,EXP_LGBModel_Alpha158_csi300_custom_step0_s_20260526_18,4c86723b64594837b5f55ecc90964330,0.065,,,
3630,2026-05-26,SZ002938,0.05797422865957451,EXP_LGBModel_Alpha158_csi300_custom_step0_s_20260526_18,4c86723b64594837b5f55ecc90964330,0.065,,,
3631,2026-05-26,SZ002920,-0.00765948003617492,EXP_LGBModel_Alpha158_csi300_custom_step0_s_20260526_18,4c86723b64594837b5f55ecc90964330,0.065,,,
3632,2026-05-26,SZ002916,0.013291032744890359,EXP_LGBModel_Alpha158_csi300_custom_step0_s_20260526_18,4c86723b64594837b5f55ecc90964330,0.065,,,
3633,2026-05-26,SZ002736,-0.012267335164696157,EXP_LGBModel_Alpha158_csi300_custom_step0_s_20260526_18,4c86723b64594837b5f55ecc90964330,0.065,,,
3634,2026-05-26,SZ002714,-0.0033812369197088552,EXP_LGBModel_Alpha158_csi300_custom_step0_s_20260526_18,4c86723b64594837b5f55ecc90964330,0.065,,,
3635,2026-05-26,SZ300014,0.014312259810995938,EXP_LGBModel_Alpha158_csi300_custom_step0_s_20260526_18,4c86723b64594837b5f55ecc90964330,0.065,,,
3636,2026-05-26,SH603893,-0.05085281460146489,EXP_DEnsembleModel_Alpha158_csi300_custom_step0_s_20260526_16,1dc51bb22151419380848657bd3cceb0,0.061,,,
3637,2026-05-26,SZ300316,-0.011229694145745994,EXP_LGBModel_Alpha158_csi300_custom_step0_s_20260526_18,4c86723b64594837b5f55ecc90964330,0.065,,,
3638,2026-05-26,SZ300394,0.026738616738877643,EXP_LGBModel_Alpha158_csi300_custom_step0_s_20260526_18,4c86723b64594837b5f55ecc90964330,0.065,,,
3639,2026-05-26,SZ300782,0.061810116089021455,EXP_LGBModel_Alpha158_csi300_custom_step0_s_20260526_18,4c86723b64594837b5f55ecc90964330,0.065,,,
3640,2026-05-26,SZ300760,0.0035513091559464796,EXP_LGBModel_Alpha158_csi300_custom_step0_s_20260526_18,4c86723b64594837b5f55ecc90964330,0.065,,,
3641,2026-05-26,SZ300759,0.03120132698768956,EXP_LGBModel_Alpha158_csi300_custom_step0_s_20260526_18,4c86723b64594837b5f55ecc90964330,0.065,,,
3642,2026-05-26,SZ300750,-0.013147174041915295,EXP_LGBModel_Alpha158_csi300_custom_step0_s_20260526_18,4c86723b64594837b5f55ecc90964330,0.065,,,
3643,2026-05-26,SZ300661,0.017174090938417687,EXP_LGBModel_Alpha158_csi300_custom_step0_s_20260526_18,4c86723b64594837b5f55ecc90964330,0.065,,,
3644,2026-05-26,SZ300628,0.049757262470175374,EXP_LGBModel_Alpha158_csi300_custom_step0_s_20260526_18,4c86723b64594837b5f55ecc90964330,0.065,,,
3645,2026-05-26,SZ300347,0.03979521498367995,EXP_LGBModel_Alpha158_csi300_custom_step0_s_20260526_18,4c86723b64594837b5f55ecc90964330,0.065,,,
3646,2026-05-26,SZ300502,0.0046722967822794,EXP_LGBModel_Alpha158_csi300_custom_step0_s_20260526_18,4c86723b64594837b5f55ecc90964330,0.065,,,
3647,2026-05-26,SZ300476,0.053444856469835156,EXP_LGBModel_Alpha158_csi300_custom_step0_s_20260526_18,4c86723b64594837b5f55ecc90964330,0.065,,,
3648,2026-05-26,SZ300442,0.0010300143487075079,EXP_LGBModel_Alpha158_csi300_custom_step0_s_20260526_18,4c86723b64594837b5f55ecc90964330,0.065,,,
3649,2026-05-26,SZ300433,0.036234149469305726,EXP_LGBModel_Alpha158_csi300_custom_step0_s_20260526_18,4c86723b64594837b5f55ecc90964330,0.065,,,
3650,2026-05-26,SZ300418,0.016352513604768824,EXP_LGBModel_Alpha158_csi300_custom_step0_s_20260526_18,4c86723b64594837b5f55ecc90964330,0.065,,,
3651,2026-05-26,SZ300413,0.0075818795208178885,EXP_LGBModel_Alpha158_csi300_custom_step0_s_20260526_18,4c86723b64594837b5f55ecc90964330,0.065,,,
3652,2026-05-26,SZ300408,0.006589260225939099,EXP_LGBModel_Alpha158_csi300_custom_step0_s_20260526_18,4c86723b64594837b5f55ecc90964330,0.065,,,
3653,2026-05-26,SZ300498,0.031913894214782364,EXP_LGBModel_Alpha158_csi300_custom_step0_s_20260526_18,4c86723b64594837b5f55ecc90964330,0.065,,,
3654,2026-05-26,SH603986,-0.26709823794807946,EXP_DEnsembleModel_Alpha158_csi300_custom_step0_s_20260526_16,1dc51bb22151419380848657bd3cceb0,0.061,,,
3655,2026-05-26,SH603993,-0.02694438655840349,EXP_DEnsembleModel_Alpha158_csi300_custom_step0_s_20260526_16,1dc51bb22151419380848657bd3cceb0,0.061,,,
3656,2026-05-26,SH605117,-0.07319983295199779,EXP_DEnsembleModel_Alpha158_csi300_custom_step0_s_20260526_16,1dc51bb22151419380848657bd3cceb0,0.061,,,
3657,2026-05-26,SH600438,-0.10196122878692283,EXP_DEnsembleModel_Alpha158_csi300_custom_step0_s_20260526_16,fe3ed01628694a3b8c1ed334efe35f28,0.063,,,
3658,2026-05-26,SH600460,0.04781857924925712,EXP_DEnsembleModel_Alpha158_csi300_custom_step0_s_20260526_16,fe3ed01628694a3b8c1ed334efe35f28,0.063,,,
3659,2026-05-26,SH600482,-0.015185552824869582,EXP_DEnsembleModel_Alpha158_csi300_custom_step0_s_20260526_16,fe3ed01628694a3b8c1ed334efe35f28,0.063,,,
3660,2026-05-26,SH600489,-0.0009656431766451452,EXP_DEnsembleModel_Alpha158_csi300_custom_step0_s_20260526_16,fe3ed01628694a3b8c1ed334efe35f28,0.063,,,
3661,2026-05-26,SH600515,0.04962920598383098,EXP_DEnsembleModel_Alpha158_csi300_custom_step0_s_20260526_16,fe3ed01628694a3b8c1ed334efe35f28,0.063,,,
3662,2026-05-26,SH600519,0.04250593063580386,EXP_DEnsembleModel_Alpha158_csi300_custom_step0_s_20260526_16,fe3ed01628694a3b8c1ed334efe35f28,0.063,,,
3663,2026-05-26,SH600522,0.2815132066974758,EXP_DEnsembleModel_Alpha158_csi300_custom_step0_s_20260526_16,fe3ed01628694a3b8c1ed334efe35f28,0.063,,,
3664,2026-05-26,SH600547,0.19254583324036548,EXP_DEnsembleModel_Alpha158_csi300_custom_step0_s_20260526_16,fe3ed01628694a3b8c1ed334efe35f28,0.063,,,
3665,2026-05-26,SH600570,-0.01699124452789855,EXP_DEnsembleModel_Alpha158_csi300_custom_step0_s_20260526_16,fe3ed01628694a3b8c1ed334efe35f28,0.063,,,
3666,2026-05-26,SH600584,-0.3761677594270395,EXP_DEnsembleModel_Alpha158_csi300_custom_step0_s_20260526_16,fe3ed01628694a3b8c1ed334efe35f28,0.063,,,
3667,2026-05-26,SH600585,-0.027547670922589078,EXP_DEnsembleModel_Alpha158_csi300_custom_step0_s_20260526_16,fe3ed01628694a3b8c1ed334efe35f28,0.063,,,
3668,2026-05-26,SH600588,0.020333941534000227,EXP_DEnsembleModel_Alpha158_csi300_custom_step0_s_20260526_16,fe3ed01628694a3b8c1ed334efe35f28,0.063,,,
3669,2026-05-26,SH600600,-0.002971289573448801,EXP_DEnsembleModel_Alpha158_csi300_custom_step0_s_20260526_16,fe3ed01628694a3b8c1ed334efe35f28,0.063,,,
3670,2026-05-26,SH600660,-0.003316371645539676,EXP_DEnsembleModel_Alpha158_csi300_custom_step0_s_20260526_16,fe3ed01628694a3b8c1ed334efe35f28,0.063,,,
3671,2026-05-26,SH600674,0.037020576569460395,EXP_DEnsembleModel_Alpha158_csi300_custom_step0_s_20260526_16,fe3ed01628694a3b8c1ed334efe35f28,0.063,,,
3672,2026-05-26,SH600690,-0.005478779696345284,EXP_DEnsembleModel_Alpha158_csi300_custom_step0_s_20260526_16,fe3ed01628694a3b8c1ed334efe35f28,0.063,,,
3673,2026-05-26,SH600741,-0.021523126941055046,EXP_DEnsembleModel_Alpha158_csi300_custom_step0_s_20260526_16,fe3ed01628694a3b8c1ed334efe35f28,0.063,,,
3674,2026-05-26,SH600926,0.03395347195106822,EXP_DEnsembleModel_Alpha158_csi300_custom_step0_s_20260526_16,fe3ed01628694a3b8c1ed334efe35f28,0.063,,,
3675,2026-05-26,SH600919,0.17331179396643118,EXP_DEnsembleModel_Alpha158_csi300_custom_step0_s_20260526_16,fe3ed01628694a3b8c1ed334efe35f28,0.063,,,
3676,2026-05-26,SH600918,-0.0007338884384637565,EXP_DEnsembleModel_Alpha158_csi300_custom_step0_s_20260526_16,fe3ed01628694a3b8c1ed334efe35f28,0.063,,,
3677,2026-05-26,SH600905,0.0288547533229182,EXP_DEnsembleModel_Alpha158_csi300_custom_step0_s_20260526_16,fe3ed01628694a3b8c1ed334efe35f28,0.063,,,
3678,2026-05-26,SH600900,0.09950441237966771,EXP_DEnsembleModel_Alpha158_csi300_custom_step0_s_20260526_16,fe3ed01628694a3b8c1ed334efe35f28,0.063,,,
3679,2026-05-26,SH600893,-0.01790618115118944,EXP_DEnsembleModel_Alpha158_csi300_custom_step0_s_20260526_16,fe3ed01628694a3b8c1ed334efe35f28,0.063,,,
3680,2026-05-26,SH600436,0.021182047721766274,EXP_DEnsembleModel_Alpha158_csi300_custom_step0_s_20260526_16,fe3ed01628694a3b8c1ed334efe35f28,0.063,,,
3681,2026-05-26,SH600887,-0.03359760393208443,EXP_DEnsembleModel_Alpha158_csi300_custom_step0_s_20260526_16,fe3ed01628694a3b8c1ed334efe35f28,0.063,,,
3682,2026-05-26,SH600875,-0.02585734188899692,EXP_DEnsembleModel_Alpha158_csi300_custom_step0_s_20260526_16,fe3ed01628694a3b8c1ed334efe35f28,0.063,,,
3683,2026-05-26,SH600845,-0.09559116150888478,EXP_DEnsembleModel_Alpha158_csi300_custom_step0_s_20260526_16,fe3ed01628694a3b8c1ed334efe35f28,0.063,,,
3684,2026-05-26,SH600809,-0.016562121541409174,EXP_DEnsembleModel_Alpha158_csi300_custom_step0_s_20260526_16,fe3ed01628694a3b8c1ed334efe35f28,0.063,,,
3685,2026-05-26,SH600803,-0.06198925723617869,EXP_DEnsembleModel_Alpha158_csi300_custom_step0_s_20260526_16,fe3ed01628694a3b8c1ed334efe35f28,0.063,,,
3686,2026-05-26,SH600795,0.050327243363094146,EXP_DEnsembleModel_Alpha158_csi300_custom_step0_s_20260526_16,fe3ed01628694a3b8c1ed334efe35f28,0.063,,,
3687,2026-05-26,SH600760,-0.10809738637940888,EXP_DEnsembleModel_Alpha158_csi300_custom_step0_s_20260526_16,fe3ed01628694a3b8c1ed334efe35f28,0.063,,,
3688,2026-05-26,SH600886,0.0843784768542261,EXP_DEnsembleModel_Alpha158_csi300_custom_step0_s_20260526_16,fe3ed01628694a3b8c1ed334efe35f28,0.063,,,
3689,2026-05-26,SH600930,-0.018020041980523174,EXP_DEnsembleModel_Alpha158_csi300_custom_step0_s_20260526_16,fe3ed01628694a3b8c1ed334efe35f28,0.063,,,
3690,2026-05-26,SH600426,-0.011683170018840942,EXP_DEnsembleModel_Alpha158_csi300_custom_step0_s_20260526_16,fe3ed01628694a3b8c1ed334efe35f28,0.063,,,
3691,2026-05-26,SH600406,-0.06607855408018036,EXP_DEnsembleModel_Alpha158_csi300_custom_step0_s_20260526_16,fe3ed01628694a3b8c1ed334efe35f28,0.063,,,
3692,2026-05-26,SH600027,-0.06380126028791286,EXP_DEnsembleModel_Alpha158_csi300_custom_step0_s_20260526_16,fe3ed01628694a3b8c1ed334efe35f28,0.063,,,
3693,2026-05-26,SH600028,-0.00510643746919593,EXP_DEnsembleModel_Alpha158_csi300_custom_step0_s_20260526_16,fe3ed01628694a3b8c1ed334efe35f28,0.063,,,
3694,2026-05-26,SH600029,-0.006850263582353249,EXP_DEnsembleModel_Alpha158_csi300_custom_step0_s_20260526_16,fe3ed01628694a3b8c1ed334efe35f28,0.063,,,
3695,2026-05-26,SH600030,0.014145668379713197,EXP_DEnsembleModel_Alpha158_csi300_custom_step0_s_20260526_16,fe3ed01628694a3b8c1ed334efe35f28,0.063,,,
3696,2026-05-26,SH600031,-0.17275067200487634,EXP_DEnsembleModel_Alpha158_csi300_custom_step0_s_20260526_16,fe3ed01628694a3b8c1ed334efe35f28,0.063,,,
3697,2026-05-26,SH600036,0.0310080008870016,EXP_DEnsembleModel_Alpha158_csi300_custom_step0_s_20260526_16,fe3ed01628694a3b8c1ed334efe35f28,0.063,,,
3698,2026-05-26,SH600039,0.09842423692097128,EXP_DEnsembleModel_Alpha158_csi300_custom_step0_s_20260526_16,fe3ed01628694a3b8c1ed334efe35f28,0.063,,,
3699,2026-05-26,SH600048,-0.1351201009239965,EXP_DEnsembleModel_Alpha158_csi300_custom_step0_s_20260526_16,fe3ed01628694a3b8c1ed334efe35f28,0.063,,,
3700,2026-05-26,SH600050,-0.06724482068257646,EXP_DEnsembleModel_Alpha158_csi300_custom_step0_s_20260526_16,fe3ed01628694a3b8c1ed334efe35f28,0.063,,,
3701,2026-05-26,SH600061,-0.02246565385300011,EXP_DEnsembleModel_Alpha158_csi300_custom_step0_s_20260526_16,fe3ed01628694a3b8c1ed334efe35f28,0.063,,,
3702,2026-05-26,SH600066,-0.03703483482611756,EXP_DEnsembleModel_Alpha158_csi300_custom_step0_s_20260526_16,fe3ed01628694a3b8c1ed334efe35f28,0.063,,,
3703,2026-05-26,SH600085,0.02107429171024921,EXP_DEnsembleModel_Alpha158_csi300_custom_step0_s_20260526_16,fe3ed01628694a3b8c1ed334efe35f28,0.063,,,
3704,2026-05-26,SH600089,-0.05800807857712786,EXP_DEnsembleModel_Alpha158_csi300_custom_step0_s_20260526_16,fe3ed01628694a3b8c1ed334efe35f28,0.063,,,
3705,2026-05-26,SH600104,0.07273095620863884,EXP_DEnsembleModel_Alpha158_csi300_custom_step0_s_20260526_16,fe3ed01628694a3b8c1ed334efe35f28,0.063,,,
3706,2026-05-26,SH600111,-0.14558618440816637,EXP_DEnsembleModel_Alpha158_csi300_custom_step0_s_20260526_16,fe3ed01628694a3b8c1ed334efe35f28,0.063,,,
3707,2026-05-26,SH600115,-0.1022467971787306,EXP_DEnsembleModel_Alpha158_csi300_custom_step0_s_20260526_16,fe3ed01628694a3b8c1ed334efe35f28,0.063,,,
3708,2026-05-26,SH600150,-0.21667263435896747,EXP_DEnsembleModel_Alpha158_csi300_custom_step0_s_20260526_16,fe3ed01628694a3b8c1ed334efe35f28,0.063,,,
3709,2026-05-26,SH600377,0.09592368760693781,EXP_DEnsembleModel_Alpha158_csi300_custom_step0_s_20260526_16,fe3ed01628694a3b8c1ed334efe35f28,0.063,,,
3710,2026-05-26,SH600372,-0.00925206600143229,EXP_DEnsembleModel_Alpha158_csi300_custom_step0_s_20260526_16,fe3ed01628694a3b8c1ed334efe35f28,0.063,,,
3711,2026-05-26,SH600362,-0.14084098921059598,EXP_DEnsembleModel_Alpha158_csi300_custom_step0_s_20260526_16,fe3ed01628694a3b8c1ed334efe35f28,0.063,,,
3712,2026-05-26,SH600346,-0.028187670081943787,EXP_DEnsembleModel_Alpha158_csi300_custom_step0_s_20260526_16,fe3ed01628694a3b8c1ed334efe35f28,0.063,,,
3713,2026-05-26,SH600309,-0.06599067683714238,EXP_DEnsembleModel_Alpha158_csi300_custom_step0_s_20260526_16,fe3ed01628694a3b8c1ed334efe35f28,0.063,,,
3714,2026-05-26,SH600276,-0.07165290070316972,EXP_DEnsembleModel_Alpha158_csi300_custom_step0_s_20260526_16,fe3ed01628694a3b8c1ed334efe35f28,0.063,,,
3715,2026-05-26,SH600415,-0.13483562974890498,EXP_DEnsembleModel_Alpha158_csi300_custom_step0_s_20260526_16,fe3ed01628694a3b8c1ed334efe35f28,0.063,,,
3716,2026-05-26,SH600233,-0.10253196364716514,EXP_DEnsembleModel_Alpha158_csi300_custom_step0_s_20260526_16,fe3ed01628694a3b8c1ed334efe35f28,0.063,,,
3717,2026-05-26,SH600196,-0.020270391654945215,EXP_DEnsembleModel_Alpha158_csi300_custom_step0_s_20260526_16,fe3ed01628694a3b8c1ed334efe35f28,0.063,,,
3718,2026-05-26,SH600188,-0.13011222349505244,EXP_DEnsembleModel_Alpha158_csi300_custom_step0_s_20260526_16,fe3ed01628694a3b8c1ed334efe35f28,0.063,,,
3719,2026-05-26,SH600183,-0.37200710231273176,EXP_DEnsembleModel_Alpha158_csi300_custom_step0_s_20260526_16,fe3ed01628694a3b8c1ed334efe35f28,0.063,,,
3720,2026-05-26,SH600176,-0.23688006269881143,EXP_DEnsembleModel_Alpha158_csi300_custom_step0_s_20260526_16,fe3ed01628694a3b8c1ed334efe35f28,0.063,,,
3721,2026-05-26,SH600161,-0.0035263917260947137,EXP_DEnsembleModel_Alpha158_csi300_custom_step0_s_20260526_16,fe3ed01628694a3b8c1ed334efe35f28,0.063,,,
3722,2026-05-26,SH600160,-0.017468118664826723,EXP_DEnsembleModel_Alpha158_csi300_custom_step0_s_20260526_16,fe3ed01628694a3b8c1ed334efe35f28,0.063,,,
3723,2026-05-26,SH600219,0.13386113200343713,EXP_DEnsembleModel_Alpha158_csi300_custom_step0_s_20260526_16,fe3ed01628694a3b8c1ed334efe35f28,0.063,,,
3724,2026-05-26,SH600938,-0.022842446609875066,EXP_DEnsembleModel_Alpha158_csi300_custom_step0_s_20260526_16,fe3ed01628694a3b8c1ed334efe35f28,0.063,,,
3725,2026-05-26,SH600941,0.007570818463285604,EXP_DEnsembleModel_Alpha158_csi300_custom_step0_s_20260526_16,fe3ed01628694a3b8c1ed334efe35f28,0.063,,,
3726,2026-05-26,SH600958,-0.08412324777755284,EXP_DEnsembleModel_Alpha158_csi300_custom_step0_s_20260526_16,fe3ed01628694a3b8c1ed334efe35f28,0.063,,,
3727,2026-05-26,SH601456,-0.0424693238194276,EXP_DEnsembleModel_Alpha158_csi300_custom_step0_s_20260526_16,fe3ed01628694a3b8c1ed334efe35f28,0.063,,,
3728,2026-05-26,SH601600,0.011630108255133323,EXP_DEnsembleModel_Alpha158_csi300_custom_step0_s_20260526_16,fe3ed01628694a3b8c1ed334efe35f28,0.063,,,
3729,2026-05-26,SH601601,-0.07974903399857128,EXP_DEnsembleModel_Alpha158_csi300_custom_step0_s_20260526_16,fe3ed01628694a3b8c1ed334efe35f28,0.063,,,
3730,2026-05-26,SH601607,0.030722540891964325,EXP_DEnsembleModel_Alpha158_csi300_custom_step0_s_20260526_16,fe3ed01628694a3b8c1ed334efe35f28,0.063,,,
3731,2026-05-26,SH601618,-0.0078075943226863145,EXP_DEnsembleModel_Alpha158_csi300_custom_step0_s_20260526_16,fe3ed01628694a3b8c1ed334efe35f28,0.063,,,
3732,2026-05-26,SH601628,-0.04001033847945327,EXP_DEnsembleModel_Alpha158_csi300_custom_step0_s_20260526_16,fe3ed01628694a3b8c1ed334efe35f28,0.063,,,
3733,2026-05-26,SH601633,-0.02375841039718339,EXP_DEnsembleModel_Alpha158_csi300_custom_step0_s_20260526_16,fe3ed01628694a3b8c1ed334efe35f28,0.063,,,
3734,2026-05-26,SH601658,0.08873323757760519,EXP_DEnsembleModel_Alpha158_csi300_custom_step0_s_20260526_16,fe3ed01628694a3b8c1ed334efe35f28,0.063,,,
3735,2026-05-26,SH601668,0.04582020758865128,EXP_DEnsembleModel_Alpha158_csi300_custom_step0_s_20260526_16,fe3ed01628694a3b8c1ed334efe35f28,0.063,,,
3736,2026-05-26,SH601669,-0.055088813719296734,EXP_DEnsembleModel_Alpha158_csi300_custom_step0_s_20260526_16,fe3ed01628694a3b8c1ed334efe35f28,0.063,,,
3737,2026-05-26,SH601688,-0.061815233154306704,EXP_DEnsembleModel_Alpha158_csi300_custom_step0_s_20260526_16,fe3ed01628694a3b8c1ed334efe35f28,0.063,,,
3738,2026-05-26,SH601689,-0.020489519281489066,EXP_DEnsembleModel_Alpha158_csi300_custom_step0_s_20260526_16,fe3ed01628694a3b8c1ed334efe35f28,0.063,,,
3739,2026-05-26,SH601698,-0.027475697279439378,EXP_DEnsembleModel_Alpha158_csi300_custom_step0_s_20260526_16,fe3ed01628694a3b8c1ed334efe35f28,0.063,,,
3740,2026-05-26,SH601728,-0.05797698363626244,EXP_DEnsembleModel_Alpha158_csi300_custom_step0_s_20260526_16,fe3ed01628694a3b8c1ed334efe35f28,0.063,,,
3741,2026-05-26,SH601766,-0.017272731718070436,EXP_DEnsembleModel_Alpha158_csi300_custom_step0_s_20260526_16,fe3ed01628694a3b8c1ed334efe35f28,0.063,,,
3742,2026-05-26,SH601788,-0.10756956255524194,EXP_DEnsembleModel_Alpha158_csi300_custom_step0_s_20260526_16,fe3ed01628694a3b8c1ed334efe35f28,0.063,,,
3743,2026-05-26,SH601800,-0.015012004487342363,EXP_DEnsembleModel_Alpha158_csi300_custom_step0_s_20260526_16,fe3ed01628694a3b8c1ed334efe35f28,0.063,,,
3744,2026-05-26,SH601899,-0.0886769901582893,EXP_DEnsembleModel_Alpha158_csi300_custom_step0_s_20260526_16,fe3ed01628694a3b8c1ed334efe35f28,0.063,,,
3745,2026-05-26,SH601898,0.042689778259631904,EXP_DEnsembleModel_Alpha158_csi300_custom_step0_s_20260526_16,fe3ed01628694a3b8c1ed334efe35f28,0.063,,,
3746,2026-05-26,SH601888,0.004928081670956578,EXP_DEnsembleModel_Alpha158_csi300_custom_step0_s_20260526_16,fe3ed01628694a3b8c1ed334efe35f28,0.063,,,
3747,2026-05-26,SH601881,-0.03594074326130026,EXP_DEnsembleModel_Alpha158_csi300_custom_step0_s_20260526_16,fe3ed01628694a3b8c1ed334efe35f28,0.063,,,
3748,2026-05-26,SH601878,-0.03385272786284662,EXP_DEnsembleModel_Alpha158_csi300_custom_step0_s_20260526_16,fe3ed01628694a3b8c1ed334efe35f28,0.063,,,
3749,2026-05-26,SH601877,-0.016932742094292925,EXP_DEnsembleModel_Alpha158_csi300_custom_step0_s_20260526_16,fe3ed01628694a3b8c1ed334efe35f28,0.063,,,
3750,2026-05-26,SH601398,0.1420030716043859,EXP_DEnsembleModel_Alpha158_csi300_custom_step0_s_20260526_16,fe3ed01628694a3b8c1ed334efe35f28,0.063,,,
3751,2026-05-26,SH601872,0.023869759871003215,EXP_DEnsembleModel_Alpha158_csi300_custom_step0_s_20260526_16,fe3ed01628694a3b8c1ed334efe35f28,0.063,,,
3752,2026-05-26,SH601857,-0.08929945338558751,EXP_DEnsembleModel_Alpha158_csi300_custom_step0_s_20260526_16,fe3ed01628694a3b8c1ed334efe35f28,0.063,,,
3753,2026-05-26,SH601838,0.06494128415620634,EXP_DEnsembleModel_Alpha158_csi300_custom_step0_s_20260526_16,fe3ed01628694a3b8c1ed334efe35f28,0.063,,,
3754,2026-05-26,SH601825,0.08868256555267205,EXP_DEnsembleModel_Alpha158_csi300_custom_step0_s_20260526_16,fe3ed01628694a3b8c1ed334efe35f28,0.063,,,
3755,2026-05-26,SH601818,0.1061215266253293,EXP_DEnsembleModel_Alpha158_csi300_custom_step0_s_20260526_16,fe3ed01628694a3b8c1ed334efe35f28,0.063,,,
3756,2026-05-26,SH601816,0.01770732884231508,EXP_DEnsembleModel_Alpha158_csi300_custom_step0_s_20260526_16,fe3ed01628694a3b8c1ed334efe35f28,0.063,,,
3757,2026-05-26,SH601808,0.007396858010877356,EXP_DEnsembleModel_Alpha158_csi300_custom_step0_s_20260526_16,fe3ed01628694a3b8c1ed334efe35f28,0.063,,,
3758,2026-05-26,SH601868,-0.02178943732478743,EXP_DEnsembleModel_Alpha158_csi300_custom_step0_s_20260526_16,fe3ed01628694a3b8c1ed334efe35f28,0.063,,,
3759,2026-05-26,SH601390,-0.08739602887282032,EXP_DEnsembleModel_Alpha158_csi300_custom_step0_s_20260526_16,fe3ed01628694a3b8c1ed334efe35f28,0.063,,,
3760,2026-05-26,SH601377,0.011526047884767658,EXP_DEnsembleModel_Alpha158_csi300_custom_step0_s_20260526_16,fe3ed01628694a3b8c1ed334efe35f28,0.063,,,
3761,2026-05-26,SH601360,-0.01938838277511179,EXP_DEnsembleModel_Alpha158_csi300_custom_step0_s_20260526_16,fe3ed01628694a3b8c1ed334efe35f28,0.063,,,
3762,2026-05-26,SH601111,-0.10059223111647987,EXP_DEnsembleModel_Alpha158_csi300_custom_step0_s_20260526_16,fe3ed01628694a3b8c1ed334efe35f28,0.063,,,
3763,2026-05-26,SH601100,-0.019175480271436708,EXP_DEnsembleModel_Alpha158_csi300_custom_step0_s_20260526_16,fe3ed01628694a3b8c1ed334efe35f28,0.063,,,
3764,2026-05-26,SH601088,0.07567905365628325,EXP_DEnsembleModel_Alpha158_csi300_custom_step0_s_20260526_16,fe3ed01628694a3b8c1ed334efe35f28,0.063,,,
3765,2026-05-26,SH601077,0.09369729401756227,EXP_DEnsembleModel_Alpha158_csi300_custom_step0_s_20260526_16,fe3ed01628694a3b8c1ed334efe35f28,0.063,,,
3766,2026-05-26,SH601066,0.10001674039558621,EXP_DEnsembleModel_Alpha158_csi300_custom_step0_s_20260526_16,fe3ed01628694a3b8c1ed334efe35f28,0.063,,,
3767,2026-05-26,SH601059,0.09453225150647034,EXP_DEnsembleModel_Alpha158_csi300_custom_step0_s_20260526_16,fe3ed01628694a3b8c1ed334efe35f28,0.063,,,
3768,2026-05-26,SH601117,-0.06985794505669153,EXP_DEnsembleModel_Alpha158_csi300_custom_step0_s_20260526_16,fe3ed01628694a3b8c1ed334efe35f28,0.063,,,
3769,2026-05-26,SH601058,-0.05345624896528894,EXP_DEnsembleModel_Alpha158_csi300_custom_step0_s_20260526_16,fe3ed01628694a3b8c1ed334efe35f28,0.063,,,
3770,2026-05-26,SH601018,0.05068368282845023,EXP_DEnsembleModel_Alpha158_csi300_custom_step0_s_20260526_16,fe3ed01628694a3b8c1ed334efe35f28,0.063,,,
3771,2026-05-26,SH601012,0.08322237977901766,EXP_DEnsembleModel_Alpha158_csi300_custom_step0_s_20260526_16,fe3ed01628694a3b8c1ed334efe35f28,0.063,,,
3772,2026-05-26,SH601009,0.019057512978508107,EXP_DEnsembleModel_Alpha158_csi300_custom_step0_s_20260526_16,fe3ed01628694a3b8c1ed334efe35f28,0.063,,,
3773,2026-05-26,SH601006,0.09527351915575973,EXP_DEnsembleModel_Alpha158_csi300_custom_step0_s_20260526_16,fe3ed01628694a3b8c1ed334efe35f28,0.063,,,
3774,2026-05-26,SH600999,-0.0033389837391637933,EXP_DEnsembleModel_Alpha158_csi300_custom_step0_s_20260526_16,fe3ed01628694a3b8c1ed334efe35f28,0.063,,,
3775,2026-05-26,SH600989,0.08312254710941124,EXP_DEnsembleModel_Alpha158_csi300_custom_step0_s_20260526_16,fe3ed01628694a3b8c1ed334efe35f28,0.063,,,
3776,2026-05-26,SH601021,-0.09989278025364273,EXP_DEnsembleModel_Alpha158_csi300_custom_step0_s_20260526_16,fe3ed01628694a3b8c1ed334efe35f28,0.063,,,
3777,2026-05-26,SH600026,0.003526273790814586,EXP_DEnsembleModel_Alpha158_csi300_custom_step0_s_20260526_16,fe3ed01628694a3b8c1ed334efe35f28,0.063,,,
3778,2026-05-26,SH601127,0.06306478677067673,EXP_DEnsembleModel_Alpha158_csi300_custom_step0_s_20260526_16,fe3ed01628694a3b8c1ed334efe35f28,0.063,,,
3779,2026-05-26,SH601138,-0.09778330640193084,EXP_DEnsembleModel_Alpha158_csi300_custom_step0_s_20260526_16,fe3ed01628694a3b8c1ed334efe35f28,0.063,,,
3780,2026-05-26,SH601336,-0.08728675869580613,EXP_DEnsembleModel_Alpha158_csi300_custom_step0_s_20260526_16,fe3ed01628694a3b8c1ed334efe35f28,0.063,,,
3781,2026-05-26,SH601328,0.09156832704143641,EXP_DEnsembleModel_Alpha158_csi300_custom_step0_s_20260526_16,fe3ed01628694a3b8c1ed334efe35f28,0.063,,,
3782,2026-05-26,SH601319,-0.049582686129063594,EXP_DEnsembleModel_Alpha158_csi300_custom_step0_s_20260526_16,fe3ed01628694a3b8c1ed334efe35f28,0.063,,,
3783,2026-05-26,SH601318,-0.05787005583327667,EXP_DEnsembleModel_Alpha158_csi300_custom_step0_s_20260526_16,fe3ed01628694a3b8c1ed334efe35f28,0.063,,,
3784,2026-05-26,SH601298,0.06344963658029466,EXP_DEnsembleModel_Alpha158_csi300_custom_step0_s_20260526_16,fe3ed01628694a3b8c1ed334efe35f28,0.063,,,
3785,2026-05-26,SH601288,0.01715733733835905,EXP_DEnsembleModel_Alpha158_csi300_custom_step0_s_20260526_16,fe3ed01628694a3b8c1ed334efe35f28,0.063,,,
3786,2026-05-26,SH601136,-0.09467012689819675,EXP_DEnsembleModel_Alpha158_csi300_custom_step0_s_20260526_16,fe3ed01628694a3b8c1ed334efe35f28,0.063,,,
3787,2026-05-26,SH601238,0.06258571754202198,EXP_DEnsembleModel_Alpha158_csi300_custom_step0_s_20260526_16,fe3ed01628694a3b8c1ed334efe35f28,0.063,,,
3788,2026-05-26,SH601229,-0.010957799771005918,EXP_DEnsembleModel_Alpha158_csi300_custom_step0_s_20260526_16,fe3ed01628694a3b8c1ed334efe35f28,0.063,,,
3789,2026-05-26,SH601225,0.0166014246484274,EXP_DEnsembleModel_Alpha158_csi300_custom_step0_s_20260526_16,fe3ed01628694a3b8c1ed334efe35f28,0.063,,,
3790,2026-05-26,SH601211,-0.10034718877373258,EXP_DEnsembleModel_Alpha158_csi300_custom_step0_s_20260526_16,fe3ed01628694a3b8c1ed334efe35f28,0.063,,,
3791,2026-05-26,SH601186,0.0027223116091547044,EXP_DEnsembleModel_Alpha158_csi300_custom_step0_s_20260526_16,fe3ed01628694a3b8c1ed334efe35f28,0.063,,,
3792,2026-05-26,SH601169,0.02662260739950643,EXP_DEnsembleModel_Alpha158_csi300_custom_step0_s_20260526_16,fe3ed01628694a3b8c1ed334efe35f28,0.063,,,
3793,2026-05-26,SH601166,0.08945138987725652,EXP_DEnsembleModel_Alpha158_csi300_custom_step0_s_20260526_16,fe3ed01628694a3b8c1ed334efe35f28,0.063,,,
3794,2026-05-26,SH601236,0.008054363987611043,EXP_DEnsembleModel_Alpha158_csi300_custom_step0_s_20260526_16,fe3ed01628694a3b8c1ed334efe35f28,0.063,,,
3795,2026-05-26,SH688506,0.052802826461792685,EXP_LGBModel_Alpha158_csi300_custom_step0_s_20260526_18,4c86723b64594837b5f55ecc90964330,0.065,,,
3796,2026-05-26,SH600025,0.021681779821370723,EXP_DEnsembleModel_Alpha158_csi300_custom_step0_s_20260526_16,fe3ed01628694a3b8c1ed334efe35f28,0.063,,,
3797,2026-05-26,SH600019,-0.011534050672073748,EXP_DEnsembleModel_Alpha158_csi300_custom_step0_s_20260526_16,fe3ed01628694a3b8c1ed334efe35f28,0.063,,,
3798,2026-05-26,SZ000625,-0.06628999626096822,EXP_DEnsembleModel_Alpha158_csi300_custom_step0_s_20260526_16,1dc51bb22151419380848657bd3cceb0,0.061,,,
3799,2026-05-26,SZ000630,-0.020891174892743915,EXP_DEnsembleModel_Alpha158_csi300_custom_step0_s_20260526_16,1dc51bb22151419380848657bd3cceb0,0.061,,,
3800,2026-05-26,SZ000651,-0.008775721834898878,EXP_DEnsembleModel_Alpha158_csi300_custom_step0_s_20260526_16,1dc51bb22151419380848657bd3cceb0,0.061,,,
3801,2026-05-26,SZ000661,-0.08018132083863659,EXP_DEnsembleModel_Alpha158_csi300_custom_step0_s_20260526_16,1dc51bb22151419380848657bd3cceb0,0.061,,,
3802,2026-05-26,SZ000708,0.02401518967524485,EXP_DEnsembleModel_Alpha158_csi300_custom_step0_s_20260526_16,1dc51bb22151419380848657bd3cceb0,0.061,,,
3803,2026-05-26,SZ000725,-0.08176016775740219,EXP_DEnsembleModel_Alpha158_csi300_custom_step0_s_20260526_16,1dc51bb22151419380848657bd3cceb0,0.061,,,
3804,2026-05-26,SZ000768,-0.044774731005006105,EXP_DEnsembleModel_Alpha158_csi300_custom_step0_s_20260526_16,1dc51bb22151419380848657bd3cceb0,0.061,,,
3805,2026-05-26,SZ000776,-0.07920864312074144,EXP_DEnsembleModel_Alpha158_csi300_custom_step0_s_20260526_16,1dc51bb22151419380848657bd3cceb0,0.061,,,
3806,2026-05-26,SZ000786,-0.12492388515560161,EXP_DEnsembleModel_Alpha158_csi300_custom_step0_s_20260526_16,1dc51bb22151419380848657bd3cceb0,0.061,,,
3807,2026-05-26,SZ000792,-0.1141925479198312,EXP_DEnsembleModel_Alpha158_csi300_custom_step0_s_20260526_16,1dc51bb22151419380848657bd3cceb0,0.061,,,
3808,2026-05-26,SZ000807,0.049210645871807124,EXP_DEnsembleModel_Alpha158_csi300_custom_step0_s_20260526_16,1dc51bb22151419380848657bd3cceb0,0.061,,,
3809,2026-05-26,SZ000858,-0.008049991569472953,EXP_DEnsembleModel_Alpha158_csi300_custom_step0_s_20260526_16,1dc51bb22151419380848657bd3cceb0,0.061,,,
3810,2026-05-26,SZ000876,-0.056713877776355455,EXP_DEnsembleModel_Alpha158_csi300_custom_step0_s_20260526_16,1dc51bb22151419380848657bd3cceb0,0.061,,,
3811,2026-05-26,SZ000895,-0.05807489082392159,EXP_DEnsembleModel_Alpha158_csi300_custom_step0_s_20260526_16,1dc51bb22151419380848657bd3cceb0,0.061,,,
3812,2026-05-26,SZ000938,0.1253076754774209,EXP_DEnsembleModel_Alpha158_csi300_custom_step0_s_20260526_16,1dc51bb22151419380848657bd3cceb0,0.061,,,
3813,2026-05-26,SZ000963,-0.0091318943140723,EXP_DEnsembleModel_Alpha158_csi300_custom_step0_s_20260526_16,1dc51bb22151419380848657bd3cceb0,0.061,,,
3814,2026-05-26,SZ000975,0.06901949205224014,EXP_DEnsembleModel_Alpha158_csi300_custom_step0_s_20260526_16,1dc51bb22151419380848657bd3cceb0,0.061,,,
3815,2026-05-26,SZ002179,0.06903470954640575,EXP_DEnsembleModel_Alpha158_csi300_custom_step0_s_20260526_16,1dc51bb22151419380848657bd3cceb0,0.061,,,
3816,2026-05-26,SZ002142,0.03589187583612561,EXP_DEnsembleModel_Alpha158_csi300_custom_step0_s_20260526_16,1dc51bb22151419380848657bd3cceb0,0.061,,,
3817,2026-05-26,SZ002074,-0.053835601560463985,EXP_DEnsembleModel_Alpha158_csi300_custom_step0_s_20260526_16,1dc51bb22151419380848657bd3cceb0,0.061,,,
3818,2026-05-26,SZ002050,-0.00030078475932553665,EXP_DEnsembleModel_Alpha158_csi300_custom_step0_s_20260526_16,1dc51bb22151419380848657bd3cceb0,0.061,,,
3819,2026-05-26,SZ002049,0.025057284545893094,EXP_DEnsembleModel_Alpha158_csi300_custom_step0_s_20260526_16,1dc51bb22151419380848657bd3cceb0,0.061,,,
3820,2026-05-26,SZ002028,-0.07773239148444287,EXP_DEnsembleModel_Alpha158_csi300_custom_step0_s_20260526_16,1dc51bb22151419380848657bd3cceb0,0.061,,,
3821,2026-05-26,SZ000617,0.09859490219610356,EXP_DEnsembleModel_Alpha158_csi300_custom_step0_s_20260526_16,1dc51bb22151419380848657bd3cceb0,0.061,,,
3822,2026-05-26,SZ002027,-0.08455690991561621,EXP_DEnsembleModel_Alpha158_csi300_custom_step0_s_20260526_16,1dc51bb22151419380848657bd3cceb0,0.061,,,
3823,2026-05-26,SZ001979,-0.14708956035182175,EXP_DEnsembleModel_Alpha158_csi300_custom_step0_s_20260526_16,1dc51bb22151419380848657bd3cceb0,0.061,,,
3824,2026-05-26,SZ001965,0.04166253857511556,EXP_DEnsembleModel_Alpha158_csi300_custom_step0_s_20260526_16,1dc51bb22151419380848657bd3cceb0,0.061,,,
3825,2026-05-26,SZ001391,0.012863654652394741,EXP_DEnsembleModel_Alpha158_csi300_custom_step0_s_20260526_16,1dc51bb22151419380848657bd3cceb0,0.061,,,
3826,2026-05-26,SZ000999,0.03086809035671107,EXP_DEnsembleModel_Alpha158_csi300_custom_step0_s_20260526_16,1dc51bb22151419380848657bd3cceb0,0.061,,,
3827,2026-05-26,SZ000983,-0.05768911644280054,EXP_DEnsembleModel_Alpha158_csi300_custom_step0_s_20260526_16,1dc51bb22151419380848657bd3cceb0,0.061,,,
3828,2026-05-26,SZ000977,0.03253408373687994,EXP_DEnsembleModel_Alpha158_csi300_custom_step0_s_20260526_16,1dc51bb22151419380848657bd3cceb0,0.061,,,
3829,2026-05-26,SZ002001,-0.07420149443706045,EXP_DEnsembleModel_Alpha158_csi300_custom_step0_s_20260526_16,1dc51bb22151419380848657bd3cceb0,0.061,,,
3830,2026-05-26,SZ002230,0.010141517588353976,EXP_DEnsembleModel_Alpha158_csi300_custom_step0_s_20260526_16,1dc51bb22151419380848657bd3cceb0,0.061,,,
3831,2026-05-26,SZ000596,-0.1156497824980604,EXP_DEnsembleModel_Alpha158_csi300_custom_step0_s_20260526_16,1dc51bb22151419380848657bd3cceb0,0.061,,,
3832,2026-05-26,SZ000538,0.019638650040969534,EXP_DEnsembleModel_Alpha158_csi300_custom_step0_s_20260526_16,1dc51bb22151419380848657bd3cceb0,0.061,,,
3833,2026-05-26,SH605499,-0.04589250198610725,EXP_DEnsembleModel_Alpha158_csi300_custom_step0_s_20260526_16,1dc51bb22151419380848657bd3cceb0,0.061,,,
3834,2026-05-26,SH688008,-0.10382095115363689,EXP_DEnsembleModel_Alpha158_csi300_custom_step0_s_20260526_16,1dc51bb22151419380848657bd3cceb0,0.061,,,
3835,2026-05-26,SH688009,0.013834248680686417,EXP_DEnsembleModel_Alpha158_csi300_custom_step0_s_20260526_16,1dc51bb22151419380848657bd3cceb0,0.061,,,
3836,2026-05-26,SH688012,0.11189534311031268,EXP_DEnsembleModel_Alpha158_csi300_custom_step0_s_20260526_16,1dc51bb22151419380848657bd3cceb0,0.061,,,
3837,2026-05-26,SH688036,-0.018019648833216856,EXP_DEnsembleModel_Alpha158_csi300_custom_step0_s_20260526_16,1dc51bb22151419380848657bd3cceb0,0.061,,,
3838,2026-05-26,SH688041,-0.11905970603546982,EXP_DEnsembleModel_Alpha158_csi300_custom_step0_s_20260526_16,1dc51bb22151419380848657bd3cceb0,0.061,,,
3839,2026-05-26,SH688047,-0.04218584394719806,EXP_DEnsembleModel_Alpha158_csi300_custom_step0_s_20260526_16,1dc51bb22151419380848657bd3cceb0,0.061,,,
3840,2026-05-26,SH688082,-0.3184832330678198,EXP_DEnsembleModel_Alpha158_csi300_custom_step0_s_20260526_16,1dc51bb22151419380848657bd3cceb0,0.061,,,
3841,2026-05-26,SH688111,-0.06855511490806966,EXP_DEnsembleModel_Alpha158_csi300_custom_step0_s_20260526_16,1dc51bb22151419380848657bd3cceb0,0.061,,,
3842,2026-05-26,SH688126,0.20197455834513273,EXP_DEnsembleModel_Alpha158_csi300_custom_step0_s_20260526_16,1dc51bb22151419380848657bd3cceb0,0.061,,,
3843,2026-05-26,SH688169,-0.13471144776240432,EXP_DEnsembleModel_Alpha158_csi300_custom_step0_s_20260526_16,1dc51bb22151419380848657bd3cceb0,0.061,,,
3844,2026-05-26,SH688187,0.09927446838400818,EXP_DEnsembleModel_Alpha158_csi300_custom_step0_s_20260526_16,1dc51bb22151419380848657bd3cceb0,0.061,,,
3845,2026-05-26,SH688223,-0.01956900686386587,EXP_DEnsembleModel_Alpha158_csi300_custom_step0_s_20260526_16,1dc51bb22151419380848657bd3cceb0,0.061,,,
3846,2026-05-26,SH688256,-0.259340312880076,EXP_DEnsembleModel_Alpha158_csi300_custom_step0_s_20260526_16,1dc51bb22151419380848657bd3cceb0,0.061,,,
3847,2026-05-26,SH688271,-0.014820246050289396,EXP_DEnsembleModel_Alpha158_csi300_custom_step0_s_20260526_16,1dc51bb22151419380848657bd3cceb0,0.061,,,
3848,2026-05-26,SH688303,-0.05062272612170994,EXP_DEnsembleModel_Alpha158_csi300_custom_step0_s_20260526_16,1dc51bb22151419380848657bd3cceb0,0.061,,,
3849,2026-05-26,SH688396,0.05542221908159277,EXP_DEnsembleModel_Alpha158_csi300_custom_step0_s_20260526_16,1dc51bb22151419380848657bd3cceb0,0.061,,,
3850,2026-05-26,SZ000425,-0.05490574274367842,EXP_DEnsembleModel_Alpha158_csi300_custom_step0_s_20260526_16,1dc51bb22151419380848657bd3cceb0,0.061,,,
3851,2026-05-26,SZ000408,-0.0853739200878258,EXP_DEnsembleModel_Alpha158_csi300_custom_step0_s_20260526_16,1dc51bb22151419380848657bd3cceb0,0.061,,,
3852,2026-05-26,SZ000338,-0.028955351374765567,EXP_DEnsembleModel_Alpha158_csi300_custom_step0_s_20260526_16,1dc51bb22151419380848657bd3cceb0,0.061,,,
3853,2026-05-26,SZ000333,0.041854057605339584,EXP_DEnsembleModel_Alpha158_csi300_custom_step0_s_20260526_16,1dc51bb22151419380848657bd3cceb0,0.061,,,
3854,2026-05-26,SZ000301,-0.08090444066617299,EXP_DEnsembleModel_Alpha158_csi300_custom_step0_s_20260526_16,1dc51bb22151419380848657bd3cceb0,0.061,,,
3855,2026-05-26,SZ000166,-0.03720170069908298,EXP_DEnsembleModel_Alpha158_csi300_custom_step0_s_20260526_16,1dc51bb22151419380848657bd3cceb0,0.061,,,
3856,2026-05-26,SZ000568,-0.09339302789613747,EXP_DEnsembleModel_Alpha158_csi300_custom_step0_s_20260526_16,1dc51bb22151419380848657bd3cceb0,0.061,,,
3857,2026-05-26,SZ000157,0.004812163256761222,EXP_DEnsembleModel_Alpha158_csi300_custom_step0_s_20260526_16,1dc51bb22151419380848657bd3cceb0,0.061,,,
3858,2026-05-26,SZ000063,-0.02137186070248038,EXP_DEnsembleModel_Alpha158_csi300_custom_step0_s_20260526_16,1dc51bb22151419380848657bd3cceb0,0.061,,,
3859,2026-05-26,SZ000002,-0.024866197489381667,EXP_DEnsembleModel_Alpha158_csi300_custom_step0_s_20260526_16,1dc51bb22151419380848657bd3cceb0,0.061,,,
3860,2026-05-26,SZ000001,-0.021885137340346212,EXP_DEnsembleModel_Alpha158_csi300_custom_step0_s_20260526_16,1dc51bb22151419380848657bd3cceb0,0.061,,,
3861,2026-05-26,SH688981,-0.03867000079664905,EXP_DEnsembleModel_Alpha158_csi300_custom_step0_s_20260526_16,1dc51bb22151419380848657bd3cceb0,0.061,,,
3862,2026-05-26,SH688506,-0.07942453765809677,EXP_DEnsembleModel_Alpha158_csi300_custom_step0_s_20260526_16,1dc51bb22151419380848657bd3cceb0,0.061,,,
3863,2026-05-26,SH688472,-0.040663971654761925,EXP_DEnsembleModel_Alpha158_csi300_custom_step0_s_20260526_16,1dc51bb22151419380848657bd3cceb0,0.061,,,
3864,2026-05-26,SZ000100,-0.015899162370813374,EXP_DEnsembleModel_Alpha158_csi300_custom_step0_s_20260526_16,1dc51bb22151419380848657bd3cceb0,0.061,,,
3865,2026-05-26,SZ002236,-0.04043412609625102,EXP_DEnsembleModel_Alpha158_csi300_custom_step0_s_20260526_16,1dc51bb22151419380848657bd3cceb0,0.061,,,
3866,2026-05-26,SZ002241,0.074741526293264,EXP_DEnsembleModel_Alpha158_csi300_custom_step0_s_20260526_16,1dc51bb22151419380848657bd3cceb0,0.061,,,
3867,2026-05-26,SZ002252,-0.06132625799261553,EXP_DEnsembleModel_Alpha158_csi300_custom_step0_s_20260526_16,1dc51bb22151419380848657bd3cceb0,0.061,,,
3868,2026-05-26,SZ300394,-0.08394492134857405,EXP_DEnsembleModel_Alpha158_csi300_custom_step0_s_20260526_16,1dc51bb22151419380848657bd3cceb0,0.061,,,
3869,2026-05-26,SZ300408,-0.2051367356313161,EXP_DEnsembleModel_Alpha158_csi300_custom_step0_s_20260526_16,1dc51bb22151419380848657bd3cceb0,0.061,,,
3870,2026-05-26,SZ300413,0.028391955187517505,EXP_DEnsembleModel_Alpha158_csi300_custom_step0_s_20260526_16,1dc51bb22151419380848657bd3cceb0,0.061,,,
3871,2026-05-26,SZ300418,-0.1383182255751721,EXP_DEnsembleModel_Alpha158_csi300_custom_step0_s_20260526_16,1dc51bb22151419380848657bd3cceb0,0.061,,,
3872,2026-05-26,SZ300433,0.11485785378529677,EXP_DEnsembleModel_Alpha158_csi300_custom_step0_s_20260526_16,1dc51bb22151419380848657bd3cceb0,0.061,,,
3873,2026-05-26,SZ300442,-0.11075990034096732,EXP_DEnsembleModel_Alpha158_csi300_custom_step0_s_20260526_16,1dc51bb22151419380848657bd3cceb0,0.061,,,
3874,2026-05-26,SZ300476,-0.09379256252237865,EXP_DEnsembleModel_Alpha158_csi300_custom_step0_s_20260526_16,1dc51bb22151419380848657bd3cceb0,0.061,,,
3875,2026-05-26,SZ300498,0.057883235377764006,EXP_DEnsembleModel_Alpha158_csi300_custom_step0_s_20260526_16,1dc51bb22151419380848657bd3cceb0,0.061,,,
3876,2026-05-26,SZ300502,-0.18218761576083728,EXP_DEnsembleModel_Alpha158_csi300_custom_step0_s_20260526_16,1dc51bb22151419380848657bd3cceb0,0.061,,,
3877,2026-05-26,SZ300628,-0.013935820095624005,EXP_DEnsembleModel_Alpha158_csi300_custom_step0_s_20260526_16,1dc51bb22151419380848657bd3cceb0,0.061,,,
3878,2026-05-26,SZ300661,-0.021988039938756566,EXP_DEnsembleModel_Alpha158_csi300_custom_step0_s_20260526_16,1dc51bb22151419380848657bd3cceb0,0.061,,,
3879,2026-05-26,SZ300750,0.04245134838167446,EXP_DEnsembleModel_Alpha158_csi300_custom_step0_s_20260526_16,1dc51bb22151419380848657bd3cceb0,0.061,,,
3880,2026-05-26,SZ300759,-0.05536863472152122,EXP_DEnsembleModel_Alpha158_csi300_custom_step0_s_20260526_16,1dc51bb22151419380848657bd3cceb0,0.061,,,
3881,2026-05-26,SZ300760,-0.06470270569139715,EXP_DEnsembleModel_Alpha158_csi300_custom_step0_s_20260526_16,1dc51bb22151419380848657bd3cceb0,0.061,,,
3882,2026-05-26,SZ300782,0.2037812395225067,EXP_DEnsembleModel_Alpha158_csi300_custom_step0_s_20260526_16,1dc51bb22151419380848657bd3cceb0,0.061,,,
3883,2026-05-26,SZ300803,-0.07997588202288054,EXP_DEnsembleModel_Alpha158_csi300_custom_step0_s_20260526_16,1dc51bb22151419380848657bd3cceb0,0.061,,,
3884,2026-05-26,SZ300832,-0.09538510195403381,EXP_DEnsembleModel_Alpha158_csi300_custom_step0_s_20260526_16,1dc51bb22151419380848657bd3cceb0,0.061,,,
3885,2026-05-26,SH600018,0.10762292968109162,EXP_DEnsembleModel_Alpha158_csi300_custom_step0_s_20260526_16,fe3ed01628694a3b8c1ed334efe35f28,0.063,,,
3886,2026-05-26,SH600016,0.03711930576741526,EXP_DEnsembleModel_Alpha158_csi300_custom_step0_s_20260526_16,fe3ed01628694a3b8c1ed334efe35f28,0.063,,,
3887,2026-05-26,SH600015,0.05722767878522164,EXP_DEnsembleModel_Alpha158_csi300_custom_step0_s_20260526_16,fe3ed01628694a3b8c1ed334efe35f28,0.063,,,
3888,2026-05-26,SH600011,-0.05433769870962965,EXP_DEnsembleModel_Alpha158_csi300_custom_step0_s_20260526_16,fe3ed01628694a3b8c1ed334efe35f28,0.063,,,
3889,2026-05-26,SH600010,-0.07819446346125511,EXP_DEnsembleModel_Alpha158_csi300_custom_step0_s_20260526_16,fe3ed01628694a3b8c1ed334efe35f28,0.063,,,
3890,2026-05-26,SH600009,-0.011020437167291484,EXP_DEnsembleModel_Alpha158_csi300_custom_step0_s_20260526_16,fe3ed01628694a3b8c1ed334efe35f28,0.063,,,
3891,2026-05-26,SZ300347,-0.015672622981481747,EXP_DEnsembleModel_Alpha158_csi300_custom_step0_s_20260526_16,1dc51bb22151419380848657bd3cceb0,0.061,,,
3892,2026-05-26,SH600000,-0.025551436956969546,EXP_DEnsembleModel_Alpha158_csi300_custom_step0_s_20260526_16,fe3ed01628694a3b8c1ed334efe35f28,0.063,,,
3893,2026-05-26,SZ301269,-0.2675205653382665,EXP_DEnsembleModel_Alpha158_csi300_custom_step0_s_20260526_16,1dc51bb22151419380848657bd3cceb0,0.061,,,
3894,2026-05-26,SZ301236,-0.10463011431128286,EXP_DEnsembleModel_Alpha158_csi300_custom_step0_s_20260526_16,1dc51bb22151419380848657bd3cceb0,0.061,,,
3895,2026-05-26,SZ300999,-0.044629550406292996,EXP_DEnsembleModel_Alpha158_csi300_custom_step0_s_20260526_16,1dc51bb22151419380848657bd3cceb0,0.061,,,
3896,2026-05-26,SZ300979,-0.037359474353920626,EXP_DEnsembleModel_Alpha158_csi300_custom_step0_s_20260526_16,1dc51bb22151419380848657bd3cceb0,0.061,,,
3897,2026-05-26,SZ300896,-0.0001769418656570721,EXP_DEnsembleModel_Alpha158_csi300_custom_step0_s_20260526_16,1dc51bb22151419380848657bd3cceb0,0.061,,,
3898,2026-05-26,SZ300866,0.09855881702331376,EXP_DEnsembleModel_Alpha158_csi300_custom_step0_s_20260526_16,1dc51bb22151419380848657bd3cceb0,0.061,,,
3899,2026-05-26,SZ302132,-0.13059574143364594,EXP_DEnsembleModel_Alpha158_csi300_custom_step0_s_20260526_16,1dc51bb22151419380848657bd3cceb0,0.061,,,
3900,2026-05-26,SZ300316,-0.043993336420143594,EXP_DEnsembleModel_Alpha158_csi300_custom_step0_s_20260526_16,1dc51bb22151419380848657bd3cceb0,0.061,,,
3901,2026-05-26,SZ300308,-0.1446689118535143,EXP_DEnsembleModel_Alpha158_csi300_custom_step0_s_20260526_16,1dc51bb22151419380848657bd3cceb0,0.061,,,
3902,2026-05-26,SZ300274,-0.2600866597922429,EXP_DEnsembleModel_Alpha158_csi300_custom_step0_s_20260526_16,1dc51bb22151419380848657bd3cceb0,0.061,,,
3903,2026-05-26,SZ002594,-0.02552359421791738,EXP_DEnsembleModel_Alpha158_csi300_custom_step0_s_20260526_16,1dc51bb22151419380848657bd3cceb0,0.061,,,
3904,2026-05-26,SZ002493,-0.07801942295847009,EXP_DEnsembleModel_Alpha158_csi300_custom_step0_s_20260526_16,1dc51bb22151419380848657bd3cceb0,0.061,,,
3905,2026-05-26,SZ002475,-0.11926944300454348,EXP_DEnsembleModel_Alpha158_csi300_custom_step0_s_20260526_16,1dc51bb22151419380848657bd3cceb0,0.061,,,
3906,2026-05-26,SZ002466,0.006788049028501024,EXP_DEnsembleModel_Alpha158_csi300_custom_step0_s_20260526_16,1dc51bb22151419380848657bd3cceb0,0.061,,,
3907,2026-05-26,SZ002463,-0.11213751948212343,EXP_DEnsembleModel_Alpha158_csi300_custom_step0_s_20260526_16,1dc51bb22151419380848657bd3cceb0,0.061,,,
3908,2026-05-26,SZ002460,0.031079202655695234,EXP_DEnsembleModel_Alpha158_csi300_custom_step0_s_20260526_16,1dc51bb22151419380848657bd3cceb0,0.061,,,
3909,2026-05-26,SZ002600,-0.046554388715718084,EXP_DEnsembleModel_Alpha158_csi300_custom_step0_s_20260526_16,1dc51bb22151419380848657bd3cceb0,0.061,,,
3910,2026-05-26,SZ002459,0.10405200283758667,EXP_DEnsembleModel_Alpha158_csi300_custom_step0_s_20260526_16,1dc51bb22151419380848657bd3cceb0,0.061,,,
3911,2026-05-26,SZ002415,-0.07691149975480101,EXP_DEnsembleModel_Alpha158_csi300_custom_step0_s_20260526_16,1dc51bb22151419380848657bd3cceb0,0.061,,,
3912,2026-05-26,SZ002384,0.04382831560586886,EXP_DEnsembleModel_Alpha158_csi300_custom_step0_s_20260526_16,1dc51bb22151419380848657bd3cceb0,0.061,,,
3913,2026-05-26,SZ002371,-0.12973802200563211,EXP_DEnsembleModel_Alpha158_csi300_custom_step0_s_20260526_16,1dc51bb22151419380848657bd3cceb0,0.061,,,
3914,2026-05-26,SZ002352,0.02446692052856425,EXP_DEnsembleModel_Alpha158_csi300_custom_step0_s_20260526_16,1dc51bb22151419380848657bd3cceb0,0.061,,,
3915,2026-05-26,SZ002311,-0.03344913907625492,EXP_DEnsembleModel_Alpha158_csi300_custom_step0_s_20260526_16,1dc51bb22151419380848657bd3cceb0,0.061,,,
3916,2026-05-26,SZ002304,-0.05239531918720458,EXP_DEnsembleModel_Alpha158_csi300_custom_step0_s_20260526_16,1dc51bb22151419380848657bd3cceb0,0.061,,,
3917,2026-05-26,SZ002422,-0.024483261239340914,EXP_DEnsembleModel_Alpha158_csi300_custom_step0_s_20260526_16,1dc51bb22151419380848657bd3cceb0,0.061,,,
3918,2026-05-26,SH600023,-0.027577412549418392,EXP_DEnsembleModel_Alpha158_csi300_custom_step0_s_20260526_16,fe3ed01628694a3b8c1ed334efe35f28,0.063,,,
3919,2026-05-26,SZ002601,0.017123547101034375,EXP_DEnsembleModel_Alpha158_csi300_custom_step0_s_20260526_16,1dc51bb22151419380848657bd3cceb0,0.061,,,
3920,2026-05-26,SZ002648,0.04495687859439567,EXP_DEnsembleModel_Alpha158_csi300_custom_step0_s_20260526_16,1dc51bb22151419380848657bd3cceb0,0.061,,,
3921,2026-05-26,SZ300251,-0.07559512923356466,EXP_DEnsembleModel_Alpha158_csi300_custom_step0_s_20260526_16,1dc51bb22151419380848657bd3cceb0,0.061,,,
3922,2026-05-26,SZ300124,0.0005171792679992032,EXP_DEnsembleModel_Alpha158_csi300_custom_step0_s_20260526_16,1dc51bb22151419380848657bd3cceb0,0.061,,,
3923,2026-05-26,SZ300122,-0.08020666916242378,EXP_DEnsembleModel_Alpha158_csi300_custom_step0_s_20260526_16,1dc51bb22151419380848657bd3cceb0,0.061,,,
3924,2026-05-26,SZ300059,-0.10584448402756534,EXP_DEnsembleModel_Alpha158_csi300_custom_step0_s_20260526_16,1dc51bb22151419380848657bd3cceb0,0.061,,,
3925,2026-05-26,SZ300033,-0.1108427237887708,EXP_DEnsembleModel_Alpha158_csi300_custom_step0_s_20260526_16,1dc51bb22151419380848657bd3cceb0,0.061,,,
3926,2026-05-26,SZ300015,-0.07685642331150244,EXP_DEnsembleModel_Alpha158_csi300_custom_step0_s_20260526_16,1dc51bb22151419380848657bd3cceb0,0.061,,,
3927,2026-05-26,SZ002625,-0.07013728444173212,EXP_DEnsembleModel_Alpha158_csi300_custom_step0_s_20260526_16,1dc51bb22151419380848657bd3cceb0,0.061,,,
3928,2026-05-26,SZ300014,-0.05571170721767497,EXP_DEnsembleModel_Alpha158_csi300_custom_step0_s_20260526_16,1dc51bb22151419380848657bd3cceb0,0.061,,,
3929,2026-05-26,SZ002938,-0.13430245615047381,EXP_DEnsembleModel_Alpha158_csi300_custom_step0_s_20260526_16,1dc51bb22151419380848657bd3cceb0,0.061,,,
3930,2026-05-26,SZ002920,-0.03731981229655381,EXP_DEnsembleModel_Alpha158_csi300_custom_step0_s_20260526_16,1dc51bb22151419380848657bd3cceb0,0.061,,,
3931,2026-05-26,SZ002916,-0.12046698605667798,EXP_DEnsembleModel_Alpha158_csi300_custom_step0_s_20260526_16,1dc51bb22151419380848657bd3cceb0,0.061,,,
3932,2026-05-26,SZ002736,-0.04988482863000496,EXP_DEnsembleModel_Alpha158_csi300_custom_step0_s_20260526_16,1dc51bb22151419380848657bd3cceb0,0.061,,,
3933,2026-05-26,SZ002714,-0.01554626385427811,EXP_DEnsembleModel_Alpha158_csi300_custom_step0_s_20260526_16,1dc51bb22151419380848657bd3cceb0,0.061,,,
3934,2026-05-26,SZ002709,0.1156056249586169,EXP_DEnsembleModel_Alpha158_csi300_custom_step0_s_20260526_16,1dc51bb22151419380848657bd3cceb0,0.061,,,
3935,2026-05-26,SZ003816,-0.0441120363937045,EXP_DEnsembleModel_Alpha158_csi300_custom_step0_s_20260526_16,1dc51bb22151419380848657bd3cceb0,0.061,,,
3936,2026-05-26,SZ301269,-0.4883326292037964,EXP_XGBModel_Alpha158_csi300_custom_step0_s_20260526_16,3949b644f365432e8a00a748c14f7d9b,0.076,,,
3937,2026-05-26,SH688472,0.053309910063765995,EXP_LGBModel_Alpha158_csi300_custom_step0_s_20260526_18,4c86723b64594837b5f55ecc90964330,0.065,,,
3938,2026-05-26,SH688303,0.013327491230483053,EXP_LGBModel_Alpha158_csi300_custom_step0_s_20260526_18,4c86723b64594837b5f55ecc90964330,0.065,,,
3939,2026-05-26,SH601211,-0.0020694279631037365,EXP_LGBModel_Alpha158_csi300_custom_step0_s_20260526_18,2b93e8145a0545ac8dde521f781444f1,0.025,,,
3940,2026-05-26,SH601225,-0.0020694279631037365,EXP_LGBModel_Alpha158_csi300_custom_step0_s_20260526_18,2b93e8145a0545ac8dde521f781444f1,0.025,,,
3941,2026-05-26,SH601229,-0.003676457043257307,EXP_LGBModel_Alpha158_csi300_custom_step0_s_20260526_18,2b93e8145a0545ac8dde521f781444f1,0.025,,,
3942,2026-05-26,SH601236,-0.003676457043257307,EXP_LGBModel_Alpha158_csi300_custom_step0_s_20260526_18,2b93e8145a0545ac8dde521f781444f1,0.025,,,
3943,2026-05-26,SH601238,-0.0040780563902731645,EXP_LGBModel_Alpha158_csi300_custom_step0_s_20260526_18,2b93e8145a0545ac8dde521f781444f1,0.025,,,
3944,2026-05-26,SH601288,-0.003676457043257307,EXP_LGBModel_Alpha158_csi300_custom_step0_s_20260526_18,2b93e8145a0545ac8dde521f781444f1,0.025,,,
3945,2026-05-26,SH601298,0.0026789176191413066,EXP_LGBModel_Alpha158_csi300_custom_step0_s_20260526_18,2b93e8145a0545ac8dde521f781444f1,0.025,,,
3946,2026-05-26,SH601318,-0.003676457043257307,EXP_LGBModel_Alpha158_csi300_custom_step0_s_20260526_18,2b93e8145a0545ac8dde521f781444f1,0.025,,,
3947,2026-05-26,SH601319,-0.0040780563902731645,EXP_LGBModel_Alpha158_csi300_custom_step0_s_20260526_18,2b93e8145a0545ac8dde521f781444f1,0.025,,,
3948,2026-05-26,SH601328,-0.0006629120054916311,EXP_LGBModel_Alpha158_csi300_custom_step0_s_20260526_18,2b93e8145a0545ac8dde521f781444f1,0.025,,,
3949,2026-05-26,SH601336,-0.0020694279631037365,EXP_LGBModel_Alpha158_csi300_custom_step0_s_20260526_18,2b93e8145a0545ac8dde521f781444f1,0.025,,,
3950,2026-05-26,SH601360,-0.0020694279631037365,EXP_LGBModel_Alpha158_csi300_custom_step0_s_20260526_18,2b93e8145a0545ac8dde521f781444f1,0.025,,,
3951,2026-05-26,SH601377,-0.00273233943480006,EXP_LGBModel_Alpha158_csi300_custom_step0_s_20260526_18,2b93e8145a0545ac8dde521f781444f1,0.025,,,
3952,2026-05-26,SH601390,-0.0040780563902731645,EXP_LGBModel_Alpha158_csi300_custom_step0_s_20260526_18,2b93e8145a0545ac8dde521f781444f1,0.025,,,
3953,2026-05-26,SH601398,0.004845898383460539,EXP_LGBModel_Alpha158_csi300_custom_step0_s_20260526_18,2b93e8145a0545ac8dde521f781444f1,0.025,,,
3954,2026-05-26,SH601456,-0.0040780563902731645,EXP_LGBModel_Alpha158_csi300_custom_step0_s_20260526_18,2b93e8145a0545ac8dde521f781444f1,0.025,,,
3955,2026-05-26,SH601600,-0.0020086289609647355,EXP_LGBModel_Alpha158_csi300_custom_step0_s_20260526_18,2b93e8145a0545ac8dde521f781444f1,0.025,,,
3956,2026-05-26,SH601788,-5.337953078876236e-10,EXP_LGBModel_Alpha158_csi300_custom_step0_s_20260526_18,2b93e8145a0545ac8dde521f781444f1,0.025,,,
3957,2026-05-26,SH601766,-0.0020086289609647355,EXP_LGBModel_Alpha158_csi300_custom_step0_s_20260526_18,2b93e8145a0545ac8dde521f781444f1,0.025,,,
3958,2026-05-26,SH601728,-0.0040780563902731645,EXP_LGBModel_Alpha158_csi300_custom_step0_s_20260526_18,2b93e8145a0545ac8dde521f781444f1,0.025,,,
3959,2026-05-26,SH601698,-5.337953078876236e-10,EXP_LGBModel_Alpha158_csi300_custom_step0_s_20260526_18,2b93e8145a0545ac8dde521f781444f1,0.025,,,
3960,2026-05-26,SH601689,-0.0020694279631037365,EXP_LGBModel_Alpha158_csi300_custom_step0_s_20260526_18,2b93e8145a0545ac8dde521f781444f1,0.025,,,
3961,2026-05-26,SH601688,-0.0020694279631037365,EXP_LGBModel_Alpha158_csi300_custom_step0_s_20260526_18,2b93e8145a0545ac8dde521f781444f1,0.025,,,
3962,2026-05-26,SH601186,-5.337953078876236e-10,EXP_LGBModel_Alpha158_csi300_custom_step0_s_20260526_18,2b93e8145a0545ac8dde521f781444f1,0.025,,,
3963,2026-05-26,SH601669,-0.0040780563902731645,EXP_LGBModel_Alpha158_csi300_custom_step0_s_20260526_18,2b93e8145a0545ac8dde521f781444f1,0.025,,,
3964,2026-05-26,SH601658,0.0015040687588276007,EXP_LGBModel_Alpha158_csi300_custom_step0_s_20260526_18,2b93e8145a0545ac8dde521f781444f1,0.025,,,
3965,2026-05-26,SH601633,-0.0020086289609647355,EXP_LGBModel_Alpha158_csi300_custom_step0_s_20260526_18,2b93e8145a0545ac8dde521f781444f1,0.025,,,
3966,2026-05-26,SH601628,-0.0040780563902731645,EXP_LGBModel_Alpha158_csi300_custom_step0_s_20260526_18,2b93e8145a0545ac8dde521f781444f1,0.025,,,
3967,2026-05-26,SH601618,-0.0020694279631037365,EXP_LGBModel_Alpha158_csi300_custom_step0_s_20260526_18,2b93e8145a0545ac8dde521f781444f1,0.025,,,
3968,2026-05-26,SH601607,-5.337953078876236e-10,EXP_LGBModel_Alpha158_csi300_custom_step0_s_20260526_18,2b93e8145a0545ac8dde521f781444f1,0.025,,,
3969,2026-05-26,SH601601,-0.0020694279631037365,EXP_LGBModel_Alpha158_csi300_custom_step0_s_20260526_18,2b93e8145a0545ac8dde521f781444f1,0.025,,,
3970,2026-05-26,SH601668,-5.337953078876236e-10,EXP_LGBModel_Alpha158_csi300_custom_step0_s_20260526_18,2b93e8145a0545ac8dde521f781444f1,0.025,,,
3971,2026-05-26,SH601800,-0.0020086289609647355,EXP_LGBModel_Alpha158_csi300_custom_step0_s_20260526_18,2b93e8145a0545ac8dde521f781444f1,0.025,,,
3972,2026-05-26,SH601169,-5.337953078876236e-10,EXP_LGBModel_Alpha158_csi300_custom_step0_s_20260526_18,2b93e8145a0545ac8dde521f781444f1,0.025,,,
3973,2026-05-26,SH601138,-0.0040780563902731645,EXP_LGBModel_Alpha158_csi300_custom_step0_s_20260526_18,2b93e8145a0545ac8dde521f781444f1,0.025,,,
3974,2026-05-26,SH600845,-0.0040780563902731645,EXP_LGBModel_Alpha158_csi300_custom_step0_s_20260526_18,2b93e8145a0545ac8dde521f781444f1,0.025,,,
3975,2026-05-26,SH600875,-0.0020086289609647355,EXP_LGBModel_Alpha158_csi300_custom_step0_s_20260526_18,2b93e8145a0545ac8dde521f781444f1,0.025,,,
3976,2026-05-26,SH600886,0.0009129647671774657,EXP_LGBModel_Alpha158_csi300_custom_step0_s_20260526_18,2b93e8145a0545ac8dde521f781444f1,0.025,,,
3977,2026-05-26,SH600887,-0.003676457043257307,EXP_LGBModel_Alpha158_csi300_custom_step0_s_20260526_18,2b93e8145a0545ac8dde521f781444f1,0.025,,,
3978,2026-05-26,SH600893,-0.0040780563902731645,EXP_LGBModel_Alpha158_csi300_custom_step0_s_20260526_18,2b93e8145a0545ac8dde521f781444f1,0.025,,,
3979,2026-05-26,SH600900,-5.337953078876236e-10,EXP_LGBModel_Alpha158_csi300_custom_step0_s_20260526_18,2b93e8145a0545ac8dde521f781444f1,0.025,,,
3980,2026-05-26,SH600905,0.002166980230523924,EXP_LGBModel_Alpha158_csi300_custom_step0_s_20260526_18,2b93e8145a0545ac8dde521f781444f1,0.025,,,
3981,2026-05-26,SH600918,-0.0020694279631037365,EXP_LGBModel_Alpha158_csi300_custom_step0_s_20260526_18,2b93e8145a0545ac8dde521f781444f1,0.025,,,
3982,2026-05-26,SH600919,-5.337953078876236e-10,EXP_LGBModel_Alpha158_csi300_custom_step0_s_20260526_18,2b93e8145a0545ac8dde521f781444f1,0.025,,,
3983,2026-05-26,SH600926,-5.337953078876236e-10,EXP_LGBModel_Alpha158_csi300_custom_step0_s_20260526_18,2b93e8145a0545ac8dde521f781444f1,0.025,,,
3984,2026-05-26,SH600930,-0.0016678286160878796,EXP_LGBModel_Alpha158_csi300_custom_step0_s_20260526_18,2b93e8145a0545ac8dde521f781444f1,0.025,,,
3985,2026-05-26,SH600938,-0.003676457043257307,EXP_LGBModel_Alpha158_csi300_custom_step0_s_20260526_18,2b93e8145a0545ac8dde521f781444f1,0.025,,,
3986,2026-05-26,SH600941,-0.0016678286160878796,EXP_LGBModel_Alpha158_csi300_custom_step0_s_20260526_18,2b93e8145a0545ac8dde521f781444f1,0.025,,,
3987,2026-05-26,SH600958,-0.0040780563902731645,EXP_LGBModel_Alpha158_csi300_custom_step0_s_20260526_18,2b93e8145a0545ac8dde521f781444f1,0.025,,,
3988,2026-05-26,SH600989,-5.337953078876236e-10,EXP_LGBModel_Alpha158_csi300_custom_step0_s_20260526_18,2b93e8145a0545ac8dde521f781444f1,0.025,,,
3989,2026-05-26,SH600999,0.0009129647671774657,EXP_LGBModel_Alpha158_csi300_custom_step0_s_20260526_18,2b93e8145a0545ac8dde521f781444f1,0.025,,,
3990,2026-05-26,SH601006,-0.00273233943480006,EXP_LGBModel_Alpha158_csi300_custom_step0_s_20260526_18,2b93e8145a0545ac8dde521f781444f1,0.025,,,
3991,2026-05-26,SH601136,-0.0020086289609647355,EXP_LGBModel_Alpha158_csi300_custom_step0_s_20260526_18,2b93e8145a0545ac8dde521f781444f1,0.025,,,
3992,2026-05-26,SH601127,-5.337953078876236e-10,EXP_LGBModel_Alpha158_csi300_custom_step0_s_20260526_18,2b93e8145a0545ac8dde521f781444f1,0.025,,,
3993,2026-05-26,SH601117,-0.0020694279631037365,EXP_LGBModel_Alpha158_csi300_custom_step0_s_20260526_18,2b93e8145a0545ac8dde521f781444f1,0.025,,,
3994,2026-05-26,SH601111,-0.0040780563902731645,EXP_LGBModel_Alpha158_csi300_custom_step0_s_20260526_18,2b93e8145a0545ac8dde521f781444f1,0.025,,,
3995,2026-05-26,SH601100,-0.0040780563902731645,EXP_LGBModel_Alpha158_csi300_custom_step0_s_20260526_18,2b93e8145a0545ac8dde521f781444f1,0.025,,,
3996,2026-05-26,SH601088,0.0026789176191413066,EXP_LGBModel_Alpha158_csi300_custom_step0_s_20260526_18,2b93e8145a0545ac8dde521f781444f1,0.025,,,
3997,2026-05-26,SH601166,0.0026789176191413066,EXP_LGBModel_Alpha158_csi300_custom_step0_s_20260526_18,2b93e8145a0545ac8dde521f781444f1,0.025,,,
3998,2026-05-26,SH601077,-0.00273233943480006,EXP_LGBModel_Alpha158_csi300_custom_step0_s_20260526_18,2b93e8145a0545ac8dde521f781444f1,0.025,,,
3999,2026-05-26,SH601059,0.0010263867087344986,EXP_LGBModel_Alpha158_csi300_custom_step0_s_20260526_18,2b93e8145a0545ac8dde521f781444f1,0.025,,,
4000,2026-05-26,SH601058,-0.0040780563902731645,EXP_LGBModel_Alpha158_csi300_custom_step0_s_20260526_18,2b93e8145a0545ac8dde521f781444f1,0.025,,,
4001,2026-05-26,SH601021,-0.0020086289609647355,EXP_LGBModel_Alpha158_csi300_custom_step0_s_20260526_18,2b93e8145a0545ac8dde521f781444f1,0.025,,,
4002,2026-05-26,SH601018,-0.0020694279631037365,EXP_LGBModel_Alpha158_csi300_custom_step0_s_20260526_18,2b93e8145a0545ac8dde521f781444f1,0.025,,,
4003,2026-05-26,SH601012,-5.337953078876236e-10,EXP_LGBModel_Alpha158_csi300_custom_step0_s_20260526_18,2b93e8145a0545ac8dde521f781444f1,0.025,,,
4004,2026-05-26,SH601009,-5.337953078876236e-10,EXP_LGBModel_Alpha158_csi300_custom_step0_s_20260526_18,2b93e8145a0545ac8dde521f781444f1,0.025,,,
4005,2026-05-26,SH601066,0.002636207187351084,EXP_LGBModel_Alpha158_csi300_custom_step0_s_20260526_18,2b93e8145a0545ac8dde521f781444f1,0.025,,,
4006,2026-05-26,SH600809,-5.337953078876236e-10,EXP_LGBModel_Alpha158_csi300_custom_step0_s_20260526_18,2b93e8145a0545ac8dde521f781444f1,0.025,,,
4007,2026-05-26,SH601808,-0.0020086289609647355,EXP_LGBModel_Alpha158_csi300_custom_step0_s_20260526_18,2b93e8145a0545ac8dde521f781444f1,0.025,,,
4008,2026-05-26,SH601818,0.0026789176191413066,EXP_LGBModel_Alpha158_csi300_custom_step0_s_20260526_18,2b93e8145a0545ac8dde521f781444f1,0.025,,,
4009,2026-05-26,SH688009,-0.0020086289609647355,EXP_LGBModel_Alpha158_csi300_custom_step0_s_20260526_18,2b93e8145a0545ac8dde521f781444f1,0.025,,,
4010,2026-05-26,SH688012,0.005361523646403669,EXP_LGBModel_Alpha158_csi300_custom_step0_s_20260526_18,2b93e8145a0545ac8dde521f781444f1,0.025,,,
4011,2026-05-26,SH688036,0.0009129647671774657,EXP_LGBModel_Alpha158_csi300_custom_step0_s_20260526_18,2b93e8145a0545ac8dde521f781444f1,0.025,,,
4012,2026-05-26,SH688041,-0.00028924835355646067,EXP_LGBModel_Alpha158_csi300_custom_step0_s_20260526_18,2b93e8145a0545ac8dde521f781444f1,0.025,,,
4013,2026-05-26,SH688047,0.005361523646403669,EXP_LGBModel_Alpha158_csi300_custom_step0_s_20260526_18,2b93e8145a0545ac8dde521f781444f1,0.025,,,
4014,2026-05-26,SH688082,-0.0038270250696058844,EXP_LGBModel_Alpha158_csi300_custom_step0_s_20260526_18,2b93e8145a0545ac8dde521f781444f1,0.025,,,
4015,2026-05-26,SH688111,-0.0040780563902731645,EXP_LGBModel_Alpha158_csi300_custom_step0_s_20260526_18,2b93e8145a0545ac8dde521f781444f1,0.025,,,
4016,2026-05-26,SH688126,0.005361523646403669,EXP_LGBModel_Alpha158_csi300_custom_step0_s_20260526_18,2b93e8145a0545ac8dde521f781444f1,0.025,,,
4017,2026-05-26,SH688169,-0.0040780563902731645,EXP_LGBModel_Alpha158_csi300_custom_step0_s_20260526_18,2b93e8145a0545ac8dde521f781444f1,0.025,,,
4018,2026-05-26,SH688187,-0.0020694279631037365,EXP_LGBModel_Alpha158_csi300_custom_step0_s_20260526_18,2b93e8145a0545ac8dde521f781444f1,0.025,,,
4019,2026-05-26,SH688223,-0.0020086289609647355,EXP_LGBModel_Alpha158_csi300_custom_step0_s_20260526_18,2b93e8145a0545ac8dde521f781444f1,0.025,,,
4020,2026-05-26,SH688256,-0.00028924835355646067,EXP_LGBModel_Alpha158_csi300_custom_step0_s_20260526_18,2b93e8145a0545ac8dde521f781444f1,0.025,,,
4021,2026-05-26,SH688271,-0.0020694279631037365,EXP_LGBModel_Alpha158_csi300_custom_step0_s_20260526_18,2b93e8145a0545ac8dde521f781444f1,0.025,,,
4022,2026-05-26,SH688303,-5.337953078876236e-10,EXP_LGBModel_Alpha158_csi300_custom_step0_s_20260526_18,2b93e8145a0545ac8dde521f781444f1,0.025,,,
4023,2026-05-26,SH688396,0.0032133140187566973,EXP_LGBModel_Alpha158_csi300_custom_step0_s_20260526_18,2b93e8145a0545ac8dde521f781444f1,0.025,,,
4024,2026-05-26,SH688472,-0.0040780563902731645,EXP_LGBModel_Alpha158_csi300_custom_step0_s_20260526_18,2b93e8145a0545ac8dde521f781444f1,0.025,,,
4025,2026-05-26,SH688506,0.012518445870805243,EXP_LGBModel_Alpha158_csi300_custom_step0_s_20260526_18,2b93e8145a0545ac8dde521f781444f1,0.025,,,
4026,2026-05-26,SZ000568,0.000609490189832878,EXP_LGBModel_Alpha158_csi300_custom_step0_s_20260526_18,2b93e8145a0545ac8dde521f781444f1,0.025,,,
4027,2026-05-26,SZ000538,-0.003676457043257307,EXP_LGBModel_Alpha158_csi300_custom_step0_s_20260526_18,2b93e8145a0545ac8dde521f781444f1,0.025,,,
4028,2026-05-26,SZ000425,-0.0040780563902731645,EXP_LGBModel_Alpha158_csi300_custom_step0_s_20260526_18,2b93e8145a0545ac8dde521f781444f1,0.025,,,
4029,2026-05-26,SZ000408,-0.0040780563902731645,EXP_LGBModel_Alpha158_csi300_custom_step0_s_20260526_18,2b93e8145a0545ac8dde521f781444f1,0.025,,,
4030,2026-05-26,SZ000338,-0.00214821016144228,EXP_LGBModel_Alpha158_csi300_custom_step0_s_20260526_18,2b93e8145a0545ac8dde521f781444f1,0.025,,,
4031,2026-05-26,SZ000333,0.002166980230523924,EXP_LGBModel_Alpha158_csi300_custom_step0_s_20260526_18,2b93e8145a0545ac8dde521f781444f1,0.025,,,
4032,2026-05-26,SH688008,0.005361523646403669,EXP_LGBModel_Alpha158_csi300_custom_step0_s_20260526_18,2b93e8145a0545ac8dde521f781444f1,0.025,,,
4033,2026-05-26,SZ000301,-0.0020086289609647355,EXP_LGBModel_Alpha158_csi300_custom_step0_s_20260526_18,2b93e8145a0545ac8dde521f781444f1,0.025,,,
4034,2026-05-26,SZ000157,-0.003676457043257307,EXP_LGBModel_Alpha158_csi300_custom_step0_s_20260526_18,2b93e8145a0545ac8dde521f781444f1,0.025,,,
4035,2026-05-26,SZ000100,0.0009129647671774657,EXP_LGBModel_Alpha158_csi300_custom_step0_s_20260526_18,2b93e8145a0545ac8dde521f781444f1,0.025,,,
4036,2026-05-26,SZ000063,-0.0040780563902731645,EXP_LGBModel_Alpha158_csi300_custom_step0_s_20260526_18,2b93e8145a0545ac8dde521f781444f1,0.025,,,
4037,2026-05-26,SZ000002,-5.337953078876236e-10,EXP_LGBModel_Alpha158_csi300_custom_step0_s_20260526_18,2b93e8145a0545ac8dde521f781444f1,0.025,,,
4038,2026-05-26,SZ000001,0.0015040687588276007,EXP_LGBModel_Alpha158_csi300_custom_step0_s_20260526_18,2b93e8145a0545ac8dde521f781444f1,0.025,,,
4039,2026-05-26,SH688981,-5.337953078876236e-10,EXP_LGBModel_Alpha158_csi300_custom_step0_s_20260526_18,2b93e8145a0545ac8dde521f781444f1,0.025,,,
4040,2026-05-26,SZ000166,-0.0040780563902731645,EXP_LGBModel_Alpha158_csi300_custom_step0_s_20260526_18,2b93e8145a0545ac8dde521f781444f1,0.025,,,
4041,2026-05-26,SH601816,-5.337953078876236e-10,EXP_LGBModel_Alpha158_csi300_custom_step0_s_20260526_18,2b93e8145a0545ac8dde521f781444f1,0.025,,,
4042,2026-05-26,SH605499,-0.0040780563902731645,EXP_LGBModel_Alpha158_csi300_custom_step0_s_20260526_18,2b93e8145a0545ac8dde521f781444f1,0.025,,,
4043,2026-05-26,SH603993,-0.0020694279631037365,EXP_LGBModel_Alpha158_csi300_custom_step0_s_20260526_18,2b93e8145a0545ac8dde521f781444f1,0.025,,,
4044,2026-05-26,SH601825,0.002166980230523924,EXP_LGBModel_Alpha158_csi300_custom_step0_s_20260526_18,2b93e8145a0545ac8dde521f781444f1,0.025,,,
4045,2026-05-26,SH601838,0.002166980230523924,EXP_LGBModel_Alpha158_csi300_custom_step0_s_20260526_18,2b93e8145a0545ac8dde521f781444f1,0.025,,,
4046,2026-05-26,SH601857,-0.0040780563902731645,EXP_LGBModel_Alpha158_csi300_custom_step0_s_20260526_18,2b93e8145a0545ac8dde521f781444f1,0.025,,,
4047,2026-05-26,SH601868,-0.0040780563902731645,EXP_LGBModel_Alpha158_csi300_custom_step0_s_20260526_18,2b93e8145a0545ac8dde521f781444f1,0.025,,,
4048,2026-05-26,SH601872,-0.0040780563902731645,EXP_LGBModel_Alpha158_csi300_custom_step0_s_20260526_18,2b93e8145a0545ac8dde521f781444f1,0.025,,,
4049,2026-05-26,SH601877,-0.0040780563902731645,EXP_LGBModel_Alpha158_csi300_custom_step0_s_20260526_18,2b93e8145a0545ac8dde521f781444f1,0.025,,,
4050,2026-05-26,SH601878,-0.00273233943480006,EXP_LGBModel_Alpha158_csi300_custom_step0_s_20260526_18,2b93e8145a0545ac8dde521f781444f1,0.025,,,
4051,2026-05-26,SH601881,-5.337953078876236e-10,EXP_LGBModel_Alpha158_csi300_custom_step0_s_20260526_18,2b93e8145a0545ac8dde521f781444f1,0.025,,,
4052,2026-05-26,SH601888,-0.0020086289609647355,EXP_LGBModel_Alpha158_csi300_custom_step0_s_20260526_18,2b93e8145a0545ac8dde521f781444f1,0.025,,,
4053,2026-05-26,SH601898,-5.337953078876236e-10,EXP_LGBModel_Alpha158_csi300_custom_step0_s_20260526_18,2b93e8145a0545ac8dde521f781444f1,0.025,,,
4054,2026-05-26,SH601899,-0.0040780563902731645,EXP_LGBModel_Alpha158_csi300_custom_step0_s_20260526_18,2b93e8145a0545ac8dde521f781444f1,0.025,,,
4055,2026-05-26,SH601901,-0.0011218229189124734,EXP_LGBModel_Alpha158_csi300_custom_step0_s_20260526_18,2b93e8145a0545ac8dde521f781444f1,0.025,,,
4056,2026-05-26,SH601916,0.002166980230523924,EXP_LGBModel_Alpha158_csi300_custom_step0_s_20260526_18,2b93e8145a0545ac8dde521f781444f1,0.025,,,
4057,2026-05-26,SH601919,0.00015835180335449636,EXP_LGBModel_Alpha158_csi300_custom_step0_s_20260526_18,2b93e8145a0545ac8dde521f781444f1,0.025,,,
4058,2026-05-26,SH601939,-0.0010956636599919619,EXP_LGBModel_Alpha158_csi300_custom_step0_s_20260526_18,2b93e8145a0545ac8dde521f781444f1,0.025,,,
4059,2026-05-26,SH601985,-0.003676457043257307,EXP_LGBModel_Alpha158_csi300_custom_step0_s_20260526_18,2b93e8145a0545ac8dde521f781444f1,0.025,,,
4060,2026-05-26,SH601988,0.0031933674730537306,EXP_LGBModel_Alpha158_csi300_custom_step0_s_20260526_18,2b93e8145a0545ac8dde521f781444f1,0.025,,,
4061,2026-05-26,SH603986,-0.00028924835355646067,EXP_LGBModel_Alpha158_csi300_custom_step0_s_20260526_18,2b93e8145a0545ac8dde521f781444f1,0.025,,,
4062,2026-05-26,SH603893,-0.0020086289609647355,EXP_LGBModel_Alpha158_csi300_custom_step0_s_20260526_18,2b93e8145a0545ac8dde521f781444f1,0.025,,,
4063,2026-05-26,SH603799,-5.337953078876236e-10,EXP_LGBModel_Alpha158_csi300_custom_step0_s_20260526_18,2b93e8145a0545ac8dde521f781444f1,0.025,,,
4064,2026-05-26,SH603501,-5.337953078876236e-10,EXP_LGBModel_Alpha158_csi300_custom_step0_s_20260526_18,2b93e8145a0545ac8dde521f781444f1,0.025,,,
4065,2026-05-26,SH603392,-5.337953078876236e-10,EXP_LGBModel_Alpha158_csi300_custom_step0_s_20260526_18,2b93e8145a0545ac8dde521f781444f1,0.025,,,
4066,2026-05-26,SH603369,0.00359188292011408,EXP_LGBModel_Alpha158_csi300_custom_step0_s_20260526_18,2b93e8145a0545ac8dde521f781444f1,0.025,,,
4067,2026-05-26,SH605117,-0.0040780563902731645,EXP_LGBModel_Alpha158_csi300_custom_step0_s_20260526_18,2b93e8145a0545ac8dde521f781444f1,0.025,,,
4068,2026-05-26,SH603296,-5.337953078876236e-10,EXP_LGBModel_Alpha158_csi300_custom_step0_s_20260526_18,2b93e8145a0545ac8dde521f781444f1,0.025,,,
4069,2026-05-26,SH603260,-0.0020694279631037365,EXP_LGBModel_Alpha158_csi300_custom_step0_s_20260526_18,2b93e8145a0545ac8dde521f781444f1,0.025,,,
4070,2026-05-26,SH603259,-0.0020694279631037365,EXP_LGBModel_Alpha158_csi300_custom_step0_s_20260526_18,2b93e8145a0545ac8dde521f781444f1,0.025,,,
4071,2026-05-26,SH603195,-0.00273233943480006,EXP_LGBModel_Alpha158_csi300_custom_step0_s_20260526_18,2b93e8145a0545ac8dde521f781444f1,0.025,,,
4072,2026-05-26,SH603019,-0.0040780563902731645,EXP_LGBModel_Alpha158_csi300_custom_step0_s_20260526_18,2b93e8145a0545ac8dde521f781444f1,0.025,,,
4073,2026-05-26,SH601998,-0.003676457043257307,EXP_LGBModel_Alpha158_csi300_custom_step0_s_20260526_18,2b93e8145a0545ac8dde521f781444f1,0.025,,,
4074,2026-05-26,SH601995,0.0010263867087344986,EXP_LGBModel_Alpha158_csi300_custom_step0_s_20260526_18,2b93e8145a0545ac8dde521f781444f1,0.025,,,
4075,2026-05-26,SH603288,-5.337953078876236e-10,EXP_LGBModel_Alpha158_csi300_custom_step0_s_20260526_18,2b93e8145a0545ac8dde521f781444f1,0.025,,,
4076,2026-05-26,SH600803,-0.0020086289609647355,EXP_LGBModel_Alpha158_csi300_custom_step0_s_20260526_18,2b93e8145a0545ac8dde521f781444f1,0.025,,,
4077,2026-05-26,SH600795,0.00015835180335449636,EXP_LGBModel_Alpha158_csi300_custom_step0_s_20260526_18,2b93e8145a0545ac8dde521f781444f1,0.025,,,
4078,2026-05-26,SH600760,-0.0040780563902731645,EXP_LGBModel_Alpha158_csi300_custom_step0_s_20260526_18,2b93e8145a0545ac8dde521f781444f1,0.025,,,
4079,2026-05-26,SZ002916,-0.0031001570379667427,EXP_LGBModel_Alpha158_csi300_custom_step0_s_20260526_18,bcec01a85def4399befa1080f47a5501,0.071,,,
4080,2026-05-26,SZ002920,-2.2085051107755295e-10,EXP_LGBModel_Alpha158_csi300_custom_step0_s_20260526_18,bcec01a85def4399befa1080f47a5501,0.071,,,
4081,2026-05-26,SZ002938,-0.0031001570379667427,EXP_LGBModel_Alpha158_csi300_custom_step0_s_20260526_18,bcec01a85def4399befa1080f47a5501,0.071,,,
4082,2026-05-26,SZ003816,-2.2085051107755295e-10,EXP_LGBModel_Alpha158_csi300_custom_step0_s_20260526_18,bcec01a85def4399befa1080f47a5501,0.071,,,
4083,2026-05-26,SZ300014,-0.002510205341039766,EXP_LGBModel_Alpha158_csi300_custom_step0_s_20260526_18,bcec01a85def4399befa1080f47a5501,0.071,,,
4084,2026-05-26,SZ300015,-0.002510205341039766,EXP_LGBModel_Alpha158_csi300_custom_step0_s_20260526_18,bcec01a85def4399befa1080f47a5501,0.071,,,
4085,2026-05-26,SZ300033,-2.2085051107755295e-10,EXP_LGBModel_Alpha158_csi300_custom_step0_s_20260526_18,bcec01a85def4399befa1080f47a5501,0.071,,,
4086,2026-05-26,SZ300059,-2.2085051107755295e-10,EXP_LGBModel_Alpha158_csi300_custom_step0_s_20260526_18,bcec01a85def4399befa1080f47a5501,0.071,,,
4087,2026-05-26,SZ300122,-0.002510205341039766,EXP_LGBModel_Alpha158_csi300_custom_step0_s_20260526_18,bcec01a85def4399befa1080f47a5501,0.071,,,
4088,2026-05-26,SZ300124,0.0008584396444169606,EXP_LGBModel_Alpha158_csi300_custom_step0_s_20260526_18,bcec01a85def4399befa1080f47a5501,0.071,,,
4089,2026-05-26,SZ300251,0.004202946846385987,EXP_LGBModel_Alpha158_csi300_custom_step0_s_20260526_18,bcec01a85def4399befa1080f47a5501,0.071,,,
4090,2026-05-26,SZ300274,-2.2085051107755295e-10,EXP_LGBModel_Alpha158_csi300_custom_step0_s_20260526_18,bcec01a85def4399befa1080f47a5501,0.071,,,
4091,2026-05-26,SZ300308,-2.2085051107755295e-10,EXP_LGBModel_Alpha158_csi300_custom_step0_s_20260526_18,bcec01a85def4399befa1080f47a5501,0.071,,,
4092,2026-05-26,SZ300316,0.004202946846385987,EXP_LGBModel_Alpha158_csi300_custom_step0_s_20260526_18,bcec01a85def4399befa1080f47a5501,0.071,,,
4093,2026-05-26,SZ300347,-2.2085051107755295e-10,EXP_LGBModel_Alpha158_csi300_custom_step0_s_20260526_18,bcec01a85def4399befa1080f47a5501,0.071,,,
4094,2026-05-26,SZ300394,0.0008584396444169606,EXP_LGBModel_Alpha158_csi300_custom_step0_s_20260526_18,bcec01a85def4399befa1080f47a5501,0.071,,,
4095,2026-05-26,SZ300408,-2.2085051107755295e-10,EXP_LGBModel_Alpha158_csi300_custom_step0_s_20260526_18,bcec01a85def4399befa1080f47a5501,0.071,,,
4096,2026-05-26,SZ300803,-0.0019471289871680422,EXP_LGBModel_Alpha158_csi300_custom_step0_s_20260526_18,bcec01a85def4399befa1080f47a5501,0.071,,,
4097,2026-05-26,SZ300782,0.004202946846385987,EXP_LGBModel_Alpha158_csi300_custom_step0_s_20260526_18,bcec01a85def4399befa1080f47a5501,0.071,,,
4098,2026-05-26,SZ300760,-0.002510205341039766,EXP_LGBModel_Alpha158_csi300_custom_step0_s_20260526_18,bcec01a85def4399befa1080f47a5501,0.071,,,
4099,2026-05-26,SZ300759,-0.002510205341039766,EXP_LGBModel_Alpha158_csi300_custom_step0_s_20260526_18,bcec01a85def4399befa1080f47a5501,0.071,,,
4100,2026-05-26,SZ300750,0.0008584396444169606,EXP_LGBModel_Alpha158_csi300_custom_step0_s_20260526_18,bcec01a85def4399befa1080f47a5501,0.071,,,
4101,2026-05-26,SZ300661,-2.2085051107755295e-10,EXP_LGBModel_Alpha158_csi300_custom_step0_s_20260526_18,bcec01a85def4399befa1080f47a5501,0.071,,,
4102,2026-05-26,SZ002736,-0.00017613532332779724,EXP_LGBModel_Alpha158_csi300_custom_step0_s_20260526_18,bcec01a85def4399befa1080f47a5501,0.071,,,
4103,2026-05-26,SZ300628,-0.002510205341039766,EXP_LGBModel_Alpha158_csi300_custom_step0_s_20260526_18,bcec01a85def4399befa1080f47a5501,0.071,,,
4104,2026-05-26,SZ300498,-2.2085051107755295e-10,EXP_LGBModel_Alpha158_csi300_custom_step0_s_20260526_18,bcec01a85def4399befa1080f47a5501,0.071,,,
4105,2026-05-26,SZ300476,0.0008584396444169606,EXP_LGBModel_Alpha158_csi300_custom_step0_s_20260526_18,bcec01a85def4399befa1080f47a5501,0.071,,,
4106,2026-05-26,SZ300442,-0.002510205341039766,EXP_LGBModel_Alpha158_csi300_custom_step0_s_20260526_18,bcec01a85def4399befa1080f47a5501,0.071,,,
4107,2026-05-26,SZ300433,0.004202946846385987,EXP_LGBModel_Alpha158_csi300_custom_step0_s_20260526_18,bcec01a85def4399befa1080f47a5501,0.071,,,
4108,2026-05-26,SZ300418,-0.002510205341039766,EXP_LGBModel_Alpha158_csi300_custom_step0_s_20260526_18,bcec01a85def4399befa1080f47a5501,0.071,,,
4109,2026-05-26,SZ300413,-0.00017613532332779724,EXP_LGBModel_Alpha158_csi300_custom_step0_s_20260526_18,bcec01a85def4399befa1080f47a5501,0.071,,,
4110,2026-05-26,SZ300502,-2.2085051107755295e-10,EXP_LGBModel_Alpha158_csi300_custom_step0_s_20260526_18,bcec01a85def4399befa1080f47a5501,0.071,,,
4111,2026-05-26,SZ300832,-0.002510205341039766,EXP_LGBModel_Alpha158_csi300_custom_step0_s_20260526_18,bcec01a85def4399befa1080f47a5501,0.071,,,
4112,2026-05-26,SZ002714,-0.002510205341039766,EXP_LGBModel_Alpha158_csi300_custom_step0_s_20260526_18,bcec01a85def4399befa1080f47a5501,0.071,,,
4113,2026-05-26,SZ002648,-0.00017613532332779724,EXP_LGBModel_Alpha158_csi300_custom_step0_s_20260526_18,bcec01a85def4399befa1080f47a5501,0.071,,,
4114,2026-05-26,SZ001965,-2.2085051107755295e-10,EXP_LGBModel_Alpha158_csi300_custom_step0_s_20260526_18,bcec01a85def4399befa1080f47a5501,0.071,,,
4115,2026-05-26,SZ001979,-0.002510205341039766,EXP_LGBModel_Alpha158_csi300_custom_step0_s_20260526_18,bcec01a85def4399befa1080f47a5501,0.071,,,
4116,2026-05-26,SZ002001,-0.00017613532332779724,EXP_LGBModel_Alpha158_csi300_custom_step0_s_20260526_18,bcec01a85def4399befa1080f47a5501,0.071,,,
4117,2026-05-26,SZ002027,-0.002510205341039766,EXP_LGBModel_Alpha158_csi300_custom_step0_s_20260526_18,bcec01a85def4399befa1080f47a5501,0.071,,,
4118,2026-05-26,SZ002028,-2.2085051107755295e-10,EXP_LGBModel_Alpha158_csi300_custom_step0_s_20260526_18,bcec01a85def4399befa1080f47a5501,0.071,,,
4119,2026-05-26,SZ002049,0.0008584396444169606,EXP_LGBModel_Alpha158_csi300_custom_step0_s_20260526_18,bcec01a85def4399befa1080f47a5501,0.071,,,
4120,2026-05-26,SZ002050,0.0008584396444169606,EXP_LGBModel_Alpha158_csi300_custom_step0_s_20260526_18,bcec01a85def4399befa1080f47a5501,0.071,,,
4121,2026-05-26,SZ002074,-0.00017613532332779724,EXP_LGBModel_Alpha158_csi300_custom_step0_s_20260526_18,bcec01a85def4399befa1080f47a5501,0.071,,,
4122,2026-05-26,SZ002142,-2.2085051107755295e-10,EXP_LGBModel_Alpha158_csi300_custom_step0_s_20260526_18,bcec01a85def4399befa1080f47a5501,0.071,,,
4123,2026-05-26,SZ002179,-0.002510205341039766,EXP_LGBModel_Alpha158_csi300_custom_step0_s_20260526_18,bcec01a85def4399befa1080f47a5501,0.071,,,
4124,2026-05-26,SZ002230,-2.2085051107755295e-10,EXP_LGBModel_Alpha158_csi300_custom_step0_s_20260526_18,bcec01a85def4399befa1080f47a5501,0.071,,,
4125,2026-05-26,SZ002236,0.002403640987939695,EXP_LGBModel_Alpha158_csi300_custom_step0_s_20260526_18,bcec01a85def4399befa1080f47a5501,0.071,,,
4126,2026-05-26,SZ002241,-2.2085051107755295e-10,EXP_LGBModel_Alpha158_csi300_custom_step0_s_20260526_18,bcec01a85def4399befa1080f47a5501,0.071,,,
4127,2026-05-26,SZ002252,-0.0019471289871680422,EXP_LGBModel_Alpha158_csi300_custom_step0_s_20260526_18,bcec01a85def4399befa1080f47a5501,0.071,,,
4128,2026-05-26,SZ002304,-0.002510205341039766,EXP_LGBModel_Alpha158_csi300_custom_step0_s_20260526_18,bcec01a85def4399befa1080f47a5501,0.071,,,
4129,2026-05-26,SZ002311,-2.2085051107755295e-10,EXP_LGBModel_Alpha158_csi300_custom_step0_s_20260526_18,bcec01a85def4399befa1080f47a5501,0.071,,,
4130,2026-05-26,SZ002352,0.002403640987939695,EXP_LGBModel_Alpha158_csi300_custom_step0_s_20260526_18,bcec01a85def4399befa1080f47a5501,0.071,,,
4131,2026-05-26,SZ002625,-2.2085051107755295e-10,EXP_LGBModel_Alpha158_csi300_custom_step0_s_20260526_18,bcec01a85def4399befa1080f47a5501,0.071,,,
4132,2026-05-26,SZ002601,-0.00017613532332779724,EXP_LGBModel_Alpha158_csi300_custom_step0_s_20260526_18,bcec01a85def4399befa1080f47a5501,0.071,,,
4133,2026-05-26,SZ002600,-0.002510205341039766,EXP_LGBModel_Alpha158_csi300_custom_step0_s_20260526_18,bcec01a85def4399befa1080f47a5501,0.071,,,
4134,2026-05-26,SZ002594,-0.002510205341039766,EXP_LGBModel_Alpha158_csi300_custom_step0_s_20260526_18,bcec01a85def4399befa1080f47a5501,0.071,,,
4135,2026-05-26,SZ002493,-0.002510205341039766,EXP_LGBModel_Alpha158_csi300_custom_step0_s_20260526_18,bcec01a85def4399befa1080f47a5501,0.071,,,
4136,2026-05-26,SZ002475,0.004202946846385987,EXP_LGBModel_Alpha158_csi300_custom_step0_s_20260526_18,bcec01a85def4399befa1080f47a5501,0.071,,,
4137,2026-05-26,SZ002709,0.004202946846385987,EXP_LGBModel_Alpha158_csi300_custom_step0_s_20260526_18,bcec01a85def4399befa1080f47a5501,0.071,,,
4138,2026-05-26,SZ002466,-2.2085051107755295e-10,EXP_LGBModel_Alpha158_csi300_custom_step0_s_20260526_18,bcec01a85def4399befa1080f47a5501,0.071,,,
4139,2026-05-26,SZ002460,-0.002510205341039766,EXP_LGBModel_Alpha158_csi300_custom_step0_s_20260526_18,bcec01a85def4399befa1080f47a5501,0.071,,,
4140,2026-05-26,SZ002459,-0.00017613532332779724,EXP_LGBModel_Alpha158_csi300_custom_step0_s_20260526_18,bcec01a85def4399befa1080f47a5501,0.071,,,
4141,2026-05-26,SZ002422,0.0008584396444169606,EXP_LGBModel_Alpha158_csi300_custom_step0_s_20260526_18,bcec01a85def4399befa1080f47a5501,0.071,,,
4142,2026-05-26,SZ002415,-0.002510205341039766,EXP_LGBModel_Alpha158_csi300_custom_step0_s_20260526_18,bcec01a85def4399befa1080f47a5501,0.071,,,
4143,2026-05-26,SZ002384,0.004202946846385987,EXP_LGBModel_Alpha158_csi300_custom_step0_s_20260526_18,bcec01a85def4399befa1080f47a5501,0.071,,,
4144,2026-05-26,SZ002371,-0.0031001570379667427,EXP_LGBModel_Alpha158_csi300_custom_step0_s_20260526_18,bcec01a85def4399befa1080f47a5501,0.071,,,
4145,2026-05-26,SZ002463,-2.2085051107755295e-10,EXP_LGBModel_Alpha158_csi300_custom_step0_s_20260526_18,bcec01a85def4399befa1080f47a5501,0.071,,,
4146,2026-05-26,SZ300866,-0.002510205341039766,EXP_LGBModel_Alpha158_csi300_custom_step0_s_20260526_18,bcec01a85def4399befa1080f47a5501,0.071,,,
4147,2026-05-26,SZ300896,-0.0019471289871680422,EXP_LGBModel_Alpha158_csi300_custom_step0_s_20260526_18,bcec01a85def4399befa1080f47a5501,0.071,,,
4148,2026-05-26,SZ300979,-2.2085051107755295e-10,EXP_LGBModel_Alpha158_csi300_custom_step0_s_20260526_18,bcec01a85def4399befa1080f47a5501,0.071,,,
4149,2026-05-26,SH600188,-0.0040780563902731645,EXP_LGBModel_Alpha158_csi300_custom_step0_s_20260526_18,2b93e8145a0545ac8dde521f781444f1,0.025,,,
4150,2026-05-26,SH600196,-0.0020086289609647355,EXP_LGBModel_Alpha158_csi300_custom_step0_s_20260526_18,2b93e8145a0545ac8dde521f781444f1,0.025,,,
4151,2026-05-26,SH600219,-5.337953078876236e-10,EXP_LGBModel_Alpha158_csi300_custom_step0_s_20260526_18,2b93e8145a0545ac8dde521f781444f1,0.025,,,
4152,2026-05-26,SH600233,-0.0020694279631037365,EXP_LGBModel_Alpha158_csi300_custom_step0_s_20260526_18,2b93e8145a0545ac8dde521f781444f1,0.025,,,
4153,2026-05-26,SH600276,-0.0040780563902731645,EXP_LGBModel_Alpha158_csi300_custom_step0_s_20260526_18,2b93e8145a0545ac8dde521f781444f1,0.025,,,
4154,2026-05-26,SH600309,-0.0020086289609647355,EXP_LGBModel_Alpha158_csi300_custom_step0_s_20260526_18,2b93e8145a0545ac8dde521f781444f1,0.025,,,
4155,2026-05-26,SH600346,0.012518445870805243,EXP_LGBModel_Alpha158_csi300_custom_step0_s_20260526_18,2b93e8145a0545ac8dde521f781444f1,0.025,,,
4156,2026-05-26,SH600362,-0.0020694279631037365,EXP_LGBModel_Alpha158_csi300_custom_step0_s_20260526_18,2b93e8145a0545ac8dde521f781444f1,0.025,,,
4157,2026-05-26,SH600372,-0.0040780563902731645,EXP_LGBModel_Alpha158_csi300_custom_step0_s_20260526_18,2b93e8145a0545ac8dde521f781444f1,0.025,,,
4158,2026-05-26,SH600377,0.004845898383460539,EXP_LGBModel_Alpha158_csi300_custom_step0_s_20260526_18,2b93e8145a0545ac8dde521f781444f1,0.025,,,
4159,2026-05-26,SH600406,-0.0040780563902731645,EXP_LGBModel_Alpha158_csi300_custom_step0_s_20260526_18,2b93e8145a0545ac8dde521f781444f1,0.025,,,
4160,2026-05-26,SH600415,-0.0040780563902731645,EXP_LGBModel_Alpha158_csi300_custom_step0_s_20260526_18,2b93e8145a0545ac8dde521f781444f1,0.025,,,
4161,2026-05-26,SH600426,0.005361523646403669,EXP_LGBModel_Alpha158_csi300_custom_step0_s_20260526_18,2b93e8145a0545ac8dde521f781444f1,0.025,,,
4162,2026-05-26,SH600436,-5.337953078876236e-10,EXP_LGBModel_Alpha158_csi300_custom_step0_s_20260526_18,2b93e8145a0545ac8dde521f781444f1,0.025,,,
4163,2026-05-26,SH600438,-0.0020086289609647355,EXP_LGBModel_Alpha158_csi300_custom_step0_s_20260526_18,2b93e8145a0545ac8dde521f781444f1,0.025,,,
4164,2026-05-26,SH600460,-5.337953078876236e-10,EXP_LGBModel_Alpha158_csi300_custom_step0_s_20260526_18,2b93e8145a0545ac8dde521f781444f1,0.025,,,
4165,2026-05-26,SH600482,-5.337953078876236e-10,EXP_LGBModel_Alpha158_csi300_custom_step0_s_20260526_18,2b93e8145a0545ac8dde521f781444f1,0.025,,,
4166,2026-05-26,SH600741,-0.0035377772498447315,EXP_LGBModel_Alpha158_csi300_custom_step0_s_20260526_18,2b93e8145a0545ac8dde521f781444f1,0.025,,,
4167,2026-05-26,SH600690,-0.003676457043257307,EXP_LGBModel_Alpha158_csi300_custom_step0_s_20260526_18,2b93e8145a0545ac8dde521f781444f1,0.025,,,
4168,2026-05-26,SH600674,0.0031933674730537306,EXP_LGBModel_Alpha158_csi300_custom_step0_s_20260526_18,2b93e8145a0545ac8dde521f781444f1,0.025,,,
4169,2026-05-26,SH600660,-5.337953078876236e-10,EXP_LGBModel_Alpha158_csi300_custom_step0_s_20260526_18,2b93e8145a0545ac8dde521f781444f1,0.025,,,
4170,2026-05-26,SH600600,-0.00273233943480006,EXP_LGBModel_Alpha158_csi300_custom_step0_s_20260526_18,2b93e8145a0545ac8dde521f781444f1,0.025,,,
4171,2026-05-26,SH600588,-0.0020694279631037365,EXP_LGBModel_Alpha158_csi300_custom_step0_s_20260526_18,2b93e8145a0545ac8dde521f781444f1,0.025,,,
4172,2026-05-26,SH600183,-0.00028924835355646067,EXP_LGBModel_Alpha158_csi300_custom_step0_s_20260526_18,2b93e8145a0545ac8dde521f781444f1,0.025,,,
4173,2026-05-26,SH600585,-0.003676457043257307,EXP_LGBModel_Alpha158_csi300_custom_step0_s_20260526_18,2b93e8145a0545ac8dde521f781444f1,0.025,,,
4174,2026-05-26,SH600570,-0.0020694279631037365,EXP_LGBModel_Alpha158_csi300_custom_step0_s_20260526_18,2b93e8145a0545ac8dde521f781444f1,0.025,,,
4175,2026-05-26,SH600547,-5.337953078876236e-10,EXP_LGBModel_Alpha158_csi300_custom_step0_s_20260526_18,2b93e8145a0545ac8dde521f781444f1,0.025,,,
4176,2026-05-26,SH600522,0.012518445870805243,EXP_LGBModel_Alpha158_csi300_custom_step0_s_20260526_18,2b93e8145a0545ac8dde521f781444f1,0.025,,,
4177,2026-05-26,SH600519,-0.0020086289609647355,EXP_LGBModel_Alpha158_csi300_custom_step0_s_20260526_18,2b93e8145a0545ac8dde521f781444f1,0.025,,,
4178,2026-05-26,SH600515,-0.0040780563902731645,EXP_LGBModel_Alpha158_csi300_custom_step0_s_20260526_18,2b93e8145a0545ac8dde521f781444f1,0.025,,,
4179,2026-05-26,SH600489,-0.0040780563902731645,EXP_LGBModel_Alpha158_csi300_custom_step0_s_20260526_18,2b93e8145a0545ac8dde521f781444f1,0.025,,,
4180,2026-05-26,SH600584,-0.00028924835355646067,EXP_LGBModel_Alpha158_csi300_custom_step0_s_20260526_18,2b93e8145a0545ac8dde521f781444f1,0.025,,,
4181,2026-05-26,SH600176,-5.337953078876236e-10,EXP_LGBModel_Alpha158_csi300_custom_step0_s_20260526_18,2b93e8145a0545ac8dde521f781444f1,0.025,,,
4182,2026-05-26,SH600161,-0.0016678286160878796,EXP_LGBModel_Alpha158_csi300_custom_step0_s_20260526_18,2b93e8145a0545ac8dde521f781444f1,0.025,,,
4183,2026-05-26,SH600160,-0.0020694279631037365,EXP_LGBModel_Alpha158_csi300_custom_step0_s_20260526_18,2b93e8145a0545ac8dde521f781444f1,0.025,,,
4184,2026-05-26,SH600025,0.0009129647671774657,EXP_LGBModel_Alpha158_csi300_custom_step0_s_20260526_18,2b93e8145a0545ac8dde521f781444f1,0.025,,,
4185,2026-05-26,SH600023,-0.0040780563902731645,EXP_LGBModel_Alpha158_csi300_custom_step0_s_20260526_18,2b93e8145a0545ac8dde521f781444f1,0.025,,,
4186,2026-05-26,SH600019,-0.0040780563902731645,EXP_LGBModel_Alpha158_csi300_custom_step0_s_20260526_18,2b93e8145a0545ac8dde521f781444f1,0.025,,,
4187,2026-05-26,SH600018,0.0031933674730537306,EXP_LGBModel_Alpha158_csi300_custom_step0_s_20260526_18,2b93e8145a0545ac8dde521f781444f1,0.025,,,
4188,2026-05-26,SH600016,-5.337953078876236e-10,EXP_LGBModel_Alpha158_csi300_custom_step0_s_20260526_18,2b93e8145a0545ac8dde521f781444f1,0.025,,,
4189,2026-05-26,SH600015,0.0015040687588276007,EXP_LGBModel_Alpha158_csi300_custom_step0_s_20260526_18,2b93e8145a0545ac8dde521f781444f1,0.025,,,
4190,2026-05-26,SH600026,-0.0020694279631037365,EXP_LGBModel_Alpha158_csi300_custom_step0_s_20260526_18,2b93e8145a0545ac8dde521f781444f1,0.025,,,
4191,2026-05-26,SH600011,-0.0040780563902731645,EXP_LGBModel_Alpha158_csi300_custom_step0_s_20260526_18,2b93e8145a0545ac8dde521f781444f1,0.025,,,
4192,2026-05-26,SH600009,-0.0020086289609647355,EXP_LGBModel_Alpha158_csi300_custom_step0_s_20260526_18,2b93e8145a0545ac8dde521f781444f1,0.025,,,
4193,2026-05-26,SH600000,-0.00273233943480006,EXP_LGBModel_Alpha158_csi300_custom_step0_s_20260526_18,2b93e8145a0545ac8dde521f781444f1,0.025,,,
4194,2026-05-26,SZ302132,-0.002510205341039766,EXP_LGBModel_Alpha158_csi300_custom_step0_s_20260526_18,bcec01a85def4399befa1080f47a5501,0.071,,,
4195,2026-05-26,SZ301269,-0.0031001570379667427,EXP_LGBModel_Alpha158_csi300_custom_step0_s_20260526_18,bcec01a85def4399befa1080f47a5501,0.071,,,
4196,2026-05-26,SZ301236,-0.002510205341039766,EXP_LGBModel_Alpha158_csi300_custom_step0_s_20260526_18,bcec01a85def4399befa1080f47a5501,0.071,,,
4197,2026-05-26,SZ300999,-0.002510205341039766,EXP_LGBModel_Alpha158_csi300_custom_step0_s_20260526_18,bcec01a85def4399befa1080f47a5501,0.071,,,
4198,2026-05-26,SH600010,-0.0020086289609647355,EXP_LGBModel_Alpha158_csi300_custom_step0_s_20260526_18,2b93e8145a0545ac8dde521f781444f1,0.025,,,
4199,2026-05-26,SZ000596,-0.0020694279631037365,EXP_LGBModel_Alpha158_csi300_custom_step0_s_20260526_18,2b93e8145a0545ac8dde521f781444f1,0.025,,,
4200,2026-05-26,SH600027,-0.0016678286160878796,EXP_LGBModel_Alpha158_csi300_custom_step0_s_20260526_18,2b93e8145a0545ac8dde521f781444f1,0.025,,,
4201,2026-05-26,SH600029,-0.0040780563902731645,EXP_LGBModel_Alpha158_csi300_custom_step0_s_20260526_18,2b93e8145a0545ac8dde521f781444f1,0.025,,,
4202,2026-05-26,SH600150,0.0032920962170952407,EXP_LGBModel_Alpha158_csi300_custom_step0_s_20260526_18,2b93e8145a0545ac8dde521f781444f1,0.025,,,
4203,2026-05-26,SH600115,-0.0040780563902731645,EXP_LGBModel_Alpha158_csi300_custom_step0_s_20260526_18,2b93e8145a0545ac8dde521f781444f1,0.025,,,
4204,2026-05-26,SH600111,-0.0040780563902731645,EXP_LGBModel_Alpha158_csi300_custom_step0_s_20260526_18,2b93e8145a0545ac8dde521f781444f1,0.025,,,
4205,2026-05-26,SH600104,-5.337953078876236e-10,EXP_LGBModel_Alpha158_csi300_custom_step0_s_20260526_18,2b93e8145a0545ac8dde521f781444f1,0.025,,,
4206,2026-05-26,SH600089,-0.003676457043257307,EXP_LGBModel_Alpha158_csi300_custom_step0_s_20260526_18,2b93e8145a0545ac8dde521f781444f1,0.025,,,
4207,2026-05-26,SH600085,-0.003676457043257307,EXP_LGBModel_Alpha158_csi300_custom_step0_s_20260526_18,2b93e8145a0545ac8dde521f781444f1,0.025,,,
4208,2026-05-26,SH600028,-0.0020086289609647355,EXP_LGBModel_Alpha158_csi300_custom_step0_s_20260526_18,2b93e8145a0545ac8dde521f781444f1,0.025,,,
4209,2026-05-26,SH600066,-0.0020694279631037365,EXP_LGBModel_Alpha158_csi300_custom_step0_s_20260526_18,2b93e8145a0545ac8dde521f781444f1,0.025,,,
4210,2026-05-26,SH600050,-0.003676457043257307,EXP_LGBModel_Alpha158_csi300_custom_step0_s_20260526_18,2b93e8145a0545ac8dde521f781444f1,0.025,,,
4211,2026-05-26,SH600048,-0.0020086289609647355,EXP_LGBModel_Alpha158_csi300_custom_step0_s_20260526_18,2b93e8145a0545ac8dde521f781444f1,0.025,,,
4212,2026-05-26,SH600039,-5.337953078876236e-10,EXP_LGBModel_Alpha158_csi300_custom_step0_s_20260526_18,2b93e8145a0545ac8dde521f781444f1,0.025,,,
4213,2026-05-26,SH600036,-0.0006629120054916311,EXP_LGBModel_Alpha158_csi300_custom_step0_s_20260526_18,2b93e8145a0545ac8dde521f781444f1,0.025,,,
4214,2026-05-26,SH600031,-0.0040780563902731645,EXP_LGBModel_Alpha158_csi300_custom_step0_s_20260526_18,2b93e8145a0545ac8dde521f781444f1,0.025,,,
4215,2026-05-26,SH600030,-0.00273233943480006,EXP_LGBModel_Alpha158_csi300_custom_step0_s_20260526_18,2b93e8145a0545ac8dde521f781444f1,0.025,,,
4216,2026-05-26,SH600061,-0.0040780563902731645,EXP_LGBModel_Alpha158_csi300_custom_step0_s_20260526_18,2b93e8145a0545ac8dde521f781444f1,0.025,,,
4217,2026-05-26,SZ000617,-5.337953078876236e-10,EXP_LGBModel_Alpha158_csi300_custom_step0_s_20260526_18,2b93e8145a0545ac8dde521f781444f1,0.025,,,
4218,2026-05-26,SZ000625,-0.0020086289609647355,EXP_LGBModel_Alpha158_csi300_custom_step0_s_20260526_18,2b93e8145a0545ac8dde521f781444f1,0.025,,,
4219,2026-05-26,SZ000630,-0.0040780563902731645,EXP_LGBModel_Alpha158_csi300_custom_step0_s_20260526_18,2b93e8145a0545ac8dde521f781444f1,0.025,,,
4220,2026-05-26,SH601006,-0.012682768148008863,EXP_LGBModel_Alpha158_csi300_custom_step0_s_20260526_18,4c86723b64594837b5f55ecc90964330,0.065,,,
4221,2026-05-26,SH601009,-0.04346811001910729,EXP_LGBModel_Alpha158_csi300_custom_step0_s_20260526_18,4c86723b64594837b5f55ecc90964330,0.065,,,
4222,2026-05-26,SH601012,0.012228265078917538,EXP_LGBModel_Alpha158_csi300_custom_step0_s_20260526_18,4c86723b64594837b5f55ecc90964330,0.065,,,
4223,2026-05-26,SH601018,-0.03059047139459914,EXP_LGBModel_Alpha158_csi300_custom_step0_s_20260526_18,4c86723b64594837b5f55ecc90964330,0.065,,,
4224,2026-05-26,SH601021,-0.00548308741949178,EXP_LGBModel_Alpha158_csi300_custom_step0_s_20260526_18,4c86723b64594837b5f55ecc90964330,0.065,,,
4225,2026-05-26,SH601058,-0.009609471124617214,EXP_LGBModel_Alpha158_csi300_custom_step0_s_20260526_18,4c86723b64594837b5f55ecc90964330,0.065,,,
4226,2026-05-26,SH601059,0.014433858399269285,EXP_LGBModel_Alpha158_csi300_custom_step0_s_20260526_18,4c86723b64594837b5f55ecc90964330,0.065,,,
4227,2026-05-26,SH601066,0.009151259144198558,EXP_LGBModel_Alpha158_csi300_custom_step0_s_20260526_18,4c86723b64594837b5f55ecc90964330,0.065,,,
4228,2026-05-26,SH601077,-0.008466925847729755,EXP_LGBModel_Alpha158_csi300_custom_step0_s_20260526_18,4c86723b64594837b5f55ecc90964330,0.065,,,
4229,2026-05-26,SH601088,-0.04172680286718449,EXP_LGBModel_Alpha158_csi300_custom_step0_s_20260526_18,4c86723b64594837b5f55ecc90964330,0.065,,,
4230,2026-05-26,SH601100,0.0429760916361577,EXP_LGBModel_Alpha158_csi300_custom_step0_s_20260526_18,4c86723b64594837b5f55ecc90964330,0.065,,,
4231,2026-05-26,SH601111,-0.0025600374382078826,EXP_LGBModel_Alpha158_csi300_custom_step0_s_20260526_18,4c86723b64594837b5f55ecc90964330,0.065,,,
4232,2026-05-26,SH601117,-0.010293189701945246,EXP_LGBModel_Alpha158_csi300_custom_step0_s_20260526_18,4c86723b64594837b5f55ecc90964330,0.065,,,
4233,2026-05-26,SH601127,-0.0065334613361324595,EXP_LGBModel_Alpha158_csi300_custom_step0_s_20260526_18,4c86723b64594837b5f55ecc90964330,0.065,,,
4234,2026-05-26,SH601136,-0.020360362039789668,EXP_LGBModel_Alpha158_csi300_custom_step0_s_20260526_18,4c86723b64594837b5f55ecc90964330,0.065,,,
4235,2026-05-26,SH601138,0.06769998744158091,EXP_LGBModel_Alpha158_csi300_custom_step0_s_20260526_18,4c86723b64594837b5f55ecc90964330,0.065,,,
4236,2026-05-26,SH601166,-0.03897438007631493,EXP_LGBModel_Alpha158_csi300_custom_step0_s_20260526_18,4c86723b64594837b5f55ecc90964330,0.065,,,
4237,2026-05-26,SH601360,0.0004944571255454389,EXP_LGBModel_Alpha158_csi300_custom_step0_s_20260526_18,4c86723b64594837b5f55ecc90964330,0.065,,,
4238,2026-05-26,SH601336,-0.006557792167142807,EXP_LGBModel_Alpha158_csi300_custom_step0_s_20260526_18,4c86723b64594837b5f55ecc90964330,0.065,,,
4239,2026-05-26,SH601328,-0.023912734186784627,EXP_LGBModel_Alpha158_csi300_custom_step0_s_20260526_18,4c86723b64594837b5f55ecc90964330,0.065,,,
4240,2026-05-26,SH601319,-0.015033450930751301,EXP_LGBModel_Alpha158_csi300_custom_step0_s_20260526_18,4c86723b64594837b5f55ecc90964330,0.065,,,
4241,2026-05-26,SH601318,-0.01890596287100287,EXP_LGBModel_Alpha158_csi300_custom_step0_s_20260526_18,4c86723b64594837b5f55ecc90964330,0.065,,,
4242,2026-05-26,SH601298,-0.018968075060493642,EXP_LGBModel_Alpha158_csi300_custom_step0_s_20260526_18,4c86723b64594837b5f55ecc90964330,0.065,,,
4243,2026-05-26,SH600999,0.00044041219327829164,EXP_LGBModel_Alpha158_csi300_custom_step0_s_20260526_18,4c86723b64594837b5f55ecc90964330,0.065,,,
4244,2026-05-26,SH601288,-0.027441248024364647,EXP_LGBModel_Alpha158_csi300_custom_step0_s_20260526_18,4c86723b64594837b5f55ecc90964330,0.065,,,
4245,2026-05-26,SH601236,-0.023469748075091317,EXP_LGBModel_Alpha158_csi300_custom_step0_s_20260526_18,4c86723b64594837b5f55ecc90964330,0.065,,,
4246,2026-05-26,SH601229,-0.04109253903002868,EXP_LGBModel_Alpha158_csi300_custom_step0_s_20260526_18,4c86723b64594837b5f55ecc90964330,0.065,,,
4247,2026-05-26,SH601225,-0.022228618802622793,EXP_LGBModel_Alpha158_csi300_custom_step0_s_20260526_18,4c86723b64594837b5f55ecc90964330,0.065,,,
4248,2026-05-26,SH601211,-0.025041040500629108,EXP_LGBModel_Alpha158_csi300_custom_step0_s_20260526_18,4c86723b64594837b5f55ecc90964330,0.065,,,
4249,2026-05-26,SH601186,-0.0332149472226883,EXP_LGBModel_Alpha158_csi300_custom_step0_s_20260526_18,4c86723b64594837b5f55ecc90964330,0.065,,,
4250,2026-05-26,SH601169,-0.0471261847041392,EXP_LGBModel_Alpha158_csi300_custom_step0_s_20260526_18,4c86723b64594837b5f55ecc90964330,0.065,,,
4251,2026-05-26,SH601238,-0.00856831041896655,EXP_LGBModel_Alpha158_csi300_custom_step0_s_20260526_18,4c86723b64594837b5f55ecc90964330,0.065,,,
4252,2026-05-26,SH601377,-0.021361915126517115,EXP_LGBModel_Alpha158_csi300_custom_step0_s_20260526_18,4c86723b64594837b5f55ecc90964330,0.065,,,
4253,2026-05-26,SH600989,0.016352513604768824,EXP_LGBModel_Alpha158_csi300_custom_step0_s_20260526_18,4c86723b64594837b5f55ecc90964330,0.065,,,
4254,2026-05-26,SH600941,0.03205795210831135,EXP_LGBModel_Alpha158_csi300_custom_step0_s_20260526_18,4c86723b64594837b5f55ecc90964330,0.065,,,
4255,2026-05-26,SH600482,-0.001078312190945122,EXP_LGBModel_Alpha158_csi300_custom_step0_s_20260526_18,4c86723b64594837b5f55ecc90964330,0.065,,,
4256,2026-05-26,SH600489,-0.01506390585464291,EXP_LGBModel_Alpha158_csi300_custom_step0_s_20260526_18,4c86723b64594837b5f55ecc90964330,0.065,,,
4257,2026-05-26,SH600515,-0.006942837580564745,EXP_LGBModel_Alpha158_csi300_custom_step0_s_20260526_18,4c86723b64594837b5f55ecc90964330,0.065,,,
4258,2026-05-26,SH600519,-0.04007712758664478,EXP_LGBModel_Alpha158_csi300_custom_step0_s_20260526_18,4c86723b64594837b5f55ecc90964330,0.065,,,
4259,2026-05-26,SH600522,0.09831448328258742,EXP_LGBModel_Alpha158_csi300_custom_step0_s_20260526_18,4c86723b64594837b5f55ecc90964330,0.065,,,
4260,2026-05-26,SH600547,-0.0005813786940602195,EXP_LGBModel_Alpha158_csi300_custom_step0_s_20260526_18,4c86723b64594837b5f55ecc90964330,0.065,,,
4261,2026-05-26,SH600570,-0.017410632352698508,EXP_LGBModel_Alpha158_csi300_custom_step0_s_20260526_18,4c86723b64594837b5f55ecc90964330,0.065,,,
4262,2026-05-26,SH600584,-0.00013713105303427573,EXP_LGBModel_Alpha158_csi300_custom_step0_s_20260526_18,4c86723b64594837b5f55ecc90964330,0.065,,,
4263,2026-05-26,SH600585,-0.014582652393835665,EXP_LGBModel_Alpha158_csi300_custom_step0_s_20260526_18,4c86723b64594837b5f55ecc90964330,0.065,,,
4264,2026-05-26,SH600588,0.012228265078917538,EXP_LGBModel_Alpha158_csi300_custom_step0_s_20260526_18,4c86723b64594837b5f55ecc90964330,0.065,,,
4265,2026-05-26,SH600600,-0.017640213025203744,EXP_LGBModel_Alpha158_csi300_custom_step0_s_20260526_18,4c86723b64594837b5f55ecc90964330,0.065,,,
4266,2026-05-26,SH600660,-0.04048148759280859,EXP_LGBModel_Alpha158_csi300_custom_step0_s_20260526_18,4c86723b64594837b5f55ecc90964330,0.065,,,
4267,2026-05-26,SH600674,0.029303291571659767,EXP_LGBModel_Alpha158_csi300_custom_step0_s_20260526_18,4c86723b64594837b5f55ecc90964330,0.065,,,
4268,2026-05-26,SH600690,-0.021962418888728106,EXP_LGBModel_Alpha158_csi300_custom_step0_s_20260526_18,4c86723b64594837b5f55ecc90964330,0.065,,,
4269,2026-05-26,SH600741,0.007315237837051802,EXP_LGBModel_Alpha158_csi300_custom_step0_s_20260526_18,4c86723b64594837b5f55ecc90964330,0.065,,,
4270,2026-05-26,SH600760,0.011706128046669175,EXP_LGBModel_Alpha158_csi300_custom_step0_s_20260526_18,4c86723b64594837b5f55ecc90964330,0.065,,,
4271,2026-05-26,SH600795,-0.007884096710505495,EXP_LGBModel_Alpha158_csi300_custom_step0_s_20260526_18,4c86723b64594837b5f55ecc90964330,0.065,,,
4272,2026-05-26,SH600938,-9.46679202823309e-10,EXP_LGBModel_Alpha158_csi300_custom_step0_s_20260526_18,4c86723b64594837b5f55ecc90964330,0.065,,,
4273,2026-05-26,SH600930,0.003068447852275299,EXP_LGBModel_Alpha158_csi300_custom_step0_s_20260526_18,4c86723b64594837b5f55ecc90964330,0.065,,,
4274,2026-05-26,SH600926,-0.022811168785019407,EXP_LGBModel_Alpha158_csi300_custom_step0_s_20260526_18,4c86723b64594837b5f55ecc90964330,0.065,,,
4275,2026-05-26,SH600919,-0.02504756192139329,EXP_LGBModel_Alpha158_csi300_custom_step0_s_20260526_18,4c86723b64594837b5f55ecc90964330,0.065,,,
4276,2026-05-26,SH600918,-0.015951315991570333,EXP_LGBModel_Alpha158_csi300_custom_step0_s_20260526_18,4c86723b64594837b5f55ecc90964330,0.065,,,
4277,2026-05-26,SH600905,-0.021559579635715337,EXP_LGBModel_Alpha158_csi300_custom_step0_s_20260526_18,4c86723b64594837b5f55ecc90964330,0.065,,,
4278,2026-05-26,SH600958,0.02158500246212706,EXP_LGBModel_Alpha158_csi300_custom_step0_s_20260526_18,4c86723b64594837b5f55ecc90964330,0.065,,,
4279,2026-05-26,SH600900,-0.004227835945801448,EXP_LGBModel_Alpha158_csi300_custom_step0_s_20260526_18,4c86723b64594837b5f55ecc90964330,0.065,,,
4280,2026-05-26,SH600887,0.02313471492147687,EXP_LGBModel_Alpha158_csi300_custom_step0_s_20260526_18,4c86723b64594837b5f55ecc90964330,0.065,,,
4281,2026-05-26,SH600886,-0.01699263245709311,EXP_LGBModel_Alpha158_csi300_custom_step0_s_20260526_18,4c86723b64594837b5f55ecc90964330,0.065,,,
4282,2026-05-26,SH600875,0.0027450637678737974,EXP_LGBModel_Alpha158_csi300_custom_step0_s_20260526_18,4c86723b64594837b5f55ecc90964330,0.065,,,
4283,2026-05-26,SH600845,-0.002864310541188934,EXP_LGBModel_Alpha158_csi300_custom_step0_s_20260526_18,4c86723b64594837b5f55ecc90964330,0.065,,,
4284,2026-05-26,SH600809,-0.009600153847932138,EXP_LGBModel_Alpha158_csi300_custom_step0_s_20260526_18,4c86723b64594837b5f55ecc90964330,0.065,,,
4285,2026-05-26,SH600803,-9.46679202823309e-10,EXP_LGBModel_Alpha158_csi300_custom_step0_s_20260526_18,4c86723b64594837b5f55ecc90964330,0.065,,,
4286,2026-05-26,SH600893,-0.013099974982027616,EXP_LGBModel_Alpha158_csi300_custom_step0_s_20260526_18,4c86723b64594837b5f55ecc90964330,0.065,,,
4287,2026-05-26,SH601390,-0.023549570903396627,EXP_LGBModel_Alpha158_csi300_custom_step0_s_20260526_18,4c86723b64594837b5f55ecc90964330,0.065,,,
4288,2026-05-26,SH601398,-0.04054993738124683,EXP_LGBModel_Alpha158_csi300_custom_step0_s_20260526_18,4c86723b64594837b5f55ecc90964330,0.065,,,
4289,2026-05-26,SH601456,-0.02461297327429892,EXP_LGBModel_Alpha158_csi300_custom_step0_s_20260526_18,4c86723b64594837b5f55ecc90964330,0.065,,,
4290,2026-05-26,SH601995,0.021130289469501986,EXP_LGBModel_Alpha158_csi300_custom_step0_s_20260526_18,4c86723b64594837b5f55ecc90964330,0.065,,,
4291,2026-05-26,SH601998,-0.02002219555476484,EXP_LGBModel_Alpha158_csi300_custom_step0_s_20260526_18,4c86723b64594837b5f55ecc90964330,0.065,,,
4292,2026-05-26,SH603019,0.034706124403778314,EXP_LGBModel_Alpha158_csi300_custom_step0_s_20260526_18,4c86723b64594837b5f55ecc90964330,0.065,,,
4293,2026-05-26,SH603195,-9.46679202823309e-10,EXP_LGBModel_Alpha158_csi300_custom_step0_s_20260526_18,4c86723b64594837b5f55ecc90964330,0.065,,,
4294,2026-05-26,SH603259,-0.006485423222421921,EXP_LGBModel_Alpha158_csi300_custom_step0_s_20260526_18,4c86723b64594837b5f55ecc90964330,0.065,,,
4295,2026-05-26,SH603260,-0.010606442890703333,EXP_LGBModel_Alpha158_csi300_custom_step0_s_20260526_18,4c86723b64594837b5f55ecc90964330,0.065,,,
4296,2026-05-26,SH603288,-0.024106030662000004,EXP_LGBModel_Alpha158_csi300_custom_step0_s_20260526_18,4c86723b64594837b5f55ecc90964330,0.065,,,
4297,2026-05-26,SH603296,0.06456788286394882,EXP_LGBModel_Alpha158_csi300_custom_step0_s_20260526_18,4c86723b64594837b5f55ecc90964330,0.065,,,
4298,2026-05-26,SH603369,0.028111459745090696,EXP_LGBModel_Alpha158_csi300_custom_step0_s_20260526_18,4c86723b64594837b5f55ecc90964330,0.065,,,
4299,2026-05-26,SH603392,-0.004581233851334811,EXP_LGBModel_Alpha158_csi300_custom_step0_s_20260526_18,4c86723b64594837b5f55ecc90964330,0.065,,,
4300,2026-05-26,SH603501,0.02504836151745358,EXP_LGBModel_Alpha158_csi300_custom_step0_s_20260526_18,4c86723b64594837b5f55ecc90964330,0.065,,,
4301,2026-05-26,SH603799,-0.023771455110093417,EXP_LGBModel_Alpha158_csi300_custom_step0_s_20260526_18,4c86723b64594837b5f55ecc90964330,0.065,,,
4302,2026-05-26,SH603893,0.024199315935807257,EXP_LGBModel_Alpha158_csi300_custom_step0_s_20260526_18,4c86723b64594837b5f55ecc90964330,0.065,,,
4303,2026-05-26,SH603986,-0.0019559136161628457,EXP_LGBModel_Alpha158_csi300_custom_step0_s_20260526_18,4c86723b64594837b5f55ecc90964330,0.065,,,
4304,2026-05-26,SH603993,-0.0015536168092409066,EXP_LGBModel_Alpha158_csi300_custom_step0_s_20260526_18,4c86723b64594837b5f55ecc90964330,0.065,,,
4305,2026-05-26,SH605117,0.07347433044993376,EXP_LGBModel_Alpha158_csi300_custom_step0_s_20260526_18,4c86723b64594837b5f55ecc90964330,0.065,,,
4306,2026-05-26,SH605499,-0.006942837580564745,EXP_LGBModel_Alpha158_csi300_custom_step0_s_20260526_18,4c86723b64594837b5f55ecc90964330,0.065,,,
4307,2026-05-26,SH688271,-0.01421662385731607,EXP_LGBModel_Alpha158_csi300_custom_step0_s_20260526_18,4c86723b64594837b5f55ecc90964330,0.065,,,
4308,2026-05-26,SH688256,0.09613784436234032,EXP_LGBModel_Alpha158_csi300_custom_step0_s_20260526_18,4c86723b64594837b5f55ecc90964330,0.065,,,
4309,2026-05-26,SH688223,-0.01089045006377065,EXP_LGBModel_Alpha158_csi300_custom_step0_s_20260526_18,4c86723b64594837b5f55ecc90964330,0.065,,,
4310,2026-05-26,SH688187,-0.021704798617830423,EXP_LGBModel_Alpha158_csi300_custom_step0_s_20260526_18,4c86723b64594837b5f55ecc90964330,0.065,,,
4311,2026-05-26,SH688169,0.014311807160325225,EXP_LGBModel_Alpha158_csi300_custom_step0_s_20260526_18,4c86723b64594837b5f55ecc90964330,0.065,,,
4312,2026-05-26,SH688126,-0.010257021398078117,EXP_LGBModel_Alpha158_csi300_custom_step0_s_20260526_18,4c86723b64594837b5f55ecc90964330,0.065,,,
4313,2026-05-26,SH601988,-0.02175269331887571,EXP_LGBModel_Alpha158_csi300_custom_step0_s_20260526_18,4c86723b64594837b5f55ecc90964330,0.065,,,
4314,2026-05-26,SH688111,0.019082620389772355,EXP_LGBModel_Alpha158_csi300_custom_step0_s_20260526_18,4c86723b64594837b5f55ecc90964330,0.065,,,
4315,2026-05-26,SH688047,0.06462485231123331,EXP_LGBModel_Alpha158_csi300_custom_step0_s_20260526_18,4c86723b64594837b5f55ecc90964330,0.065,,,
4316,2026-05-26,SH688041,0.00958683380612007,EXP_LGBModel_Alpha158_csi300_custom_step0_s_20260526_18,4c86723b64594837b5f55ecc90964330,0.065,,,
4317,2026-05-26,SH688036,0.0668963190236285,EXP_LGBModel_Alpha158_csi300_custom_step0_s_20260526_18,4c86723b64594837b5f55ecc90964330,0.065,,,
4318,2026-05-26,SH688012,0.0074462939558522295,EXP_LGBModel_Alpha158_csi300_custom_step0_s_20260526_18,4c86723b64594837b5f55ecc90964330,0.065,,,
4319,2026-05-26,SH688009,-0.02875401253537344,EXP_LGBModel_Alpha158_csi300_custom_step0_s_20260526_18,4c86723b64594837b5f55ecc90964330,0.065,,,
4320,2026-05-26,SH688008,0.12110481250967904,EXP_LGBModel_Alpha158_csi300_custom_step0_s_20260526_18,4c86723b64594837b5f55ecc90964330,0.065,,,
4321,2026-05-26,SH688082,0.015296277031283794,EXP_LGBModel_Alpha158_csi300_custom_step0_s_20260526_18,4c86723b64594837b5f55ecc90964330,0.065,,,
4322,2026-05-26,SH601985,-0.004512079512284313,EXP_LGBModel_Alpha158_csi300_custom_step0_s_20260526_18,4c86723b64594837b5f55ecc90964330,0.065,,,
4323,2026-05-26,SH601939,-0.001413987165698758,EXP_LGBModel_Alpha158_csi300_custom_step0_s_20260526_18,4c86723b64594837b5f55ecc90964330,0.065,,,
4324,2026-05-26,SH601919,-0.023071302203489547,EXP_LGBModel_Alpha158_csi300_custom_step0_s_20260526_18,4c86723b64594837b5f55ecc90964330,0.065,,,
4325,2026-05-26,SH601766,-0.03326014630737226,EXP_LGBModel_Alpha158_csi300_custom_step0_s_20260526_18,4c86723b64594837b5f55ecc90964330,0.065,,,
4326,2026-05-26,SH601728,-0.0014625073623037634,EXP_LGBModel_Alpha158_csi300_custom_step0_s_20260526_18,4c86723b64594837b5f55ecc90964330,0.065,,,
4327,2026-05-26,SH601698,0.01452686072061458,EXP_LGBModel_Alpha158_csi300_custom_step0_s_20260526_18,4c86723b64594837b5f55ecc90964330,0.065,,,
4328,2026-05-26,SH601689,0.07528339794721978,EXP_LGBModel_Alpha158_csi300_custom_step0_s_20260526_18,4c86723b64594837b5f55ecc90964330,0.065,,,
4329,2026-05-26,SH601688,-0.013980202916439262,EXP_LGBModel_Alpha158_csi300_custom_step0_s_20260526_18,4c86723b64594837b5f55ecc90964330,0.065,,,
4330,2026-05-26,SH601669,-0.013851430608633822,EXP_LGBModel_Alpha158_csi300_custom_step0_s_20260526_18,4c86723b64594837b5f55ecc90964330,0.065,,,
4331,2026-05-26,SH601788,-0.016382957425943284,EXP_LGBModel_Alpha158_csi300_custom_step0_s_20260526_18,4c86723b64594837b5f55ecc90964330,0.065,,,
4332,2026-05-26,SH601668,-0.027274915039758155,EXP_LGBModel_Alpha158_csi300_custom_step0_s_20260526_18,4c86723b64594837b5f55ecc90964330,0.065,,,
4333,2026-05-26,SH601633,0.0027450637678737974,EXP_LGBModel_Alpha158_csi300_custom_step0_s_20260526_18,4c86723b64594837b5f55ecc90964330,0.065,,,
4334,2026-05-26,SH601628,0.006101242952940093,EXP_LGBModel_Alpha158_csi300_custom_step0_s_20260526_18,4c86723b64594837b5f55ecc90964330,0.065,,,
4335,2026-05-26,SH601618,-0.027898788498808728,EXP_LGBModel_Alpha158_csi300_custom_step0_s_20260526_18,4c86723b64594837b5f55ecc90964330,0.065,,,
4336,2026-05-26,SH601607,-0.026469243470051324,EXP_LGBModel_Alpha158_csi300_custom_step0_s_20260526_18,4c86723b64594837b5f55ecc90964330,0.065,,,
4337,2026-05-26,SH601601,0.006101242952940093,EXP_LGBModel_Alpha158_csi300_custom_step0_s_20260526_18,4c86723b64594837b5f55ecc90964330,0.065,,,
4338,2026-05-26,SH601600,0.005322402286844966,EXP_LGBModel_Alpha158_csi300_custom_step0_s_20260526_18,4c86723b64594837b5f55ecc90964330,0.065,,,
4339,2026-05-26,SH601658,-0.04860213521021637,EXP_LGBModel_Alpha158_csi300_custom_step0_s_20260526_18,4c86723b64594837b5f55ecc90964330,0.065,,,
4340,2026-05-26,SH600460,0.026301335075068967,EXP_LGBModel_Alpha158_csi300_custom_step0_s_20260526_18,4c86723b64594837b5f55ecc90964330,0.065,,,
4341,2026-05-26,SH601800,-0.0008777942117953511,EXP_LGBModel_Alpha158_csi300_custom_step0_s_20260526_18,4c86723b64594837b5f55ecc90964330,0.065,,,
4342,2026-05-26,SH601816,-0.02640292337293352,EXP_LGBModel_Alpha158_csi300_custom_step0_s_20260526_18,4c86723b64594837b5f55ecc90964330,0.065,,,
4343,2026-05-26,SH601916,-0.007922903900839152,EXP_LGBModel_Alpha158_csi300_custom_step0_s_20260526_18,4c86723b64594837b5f55ecc90964330,0.065,,,
4344,2026-05-26,SH601901,-0.03891151759557818,EXP_LGBModel_Alpha158_csi300_custom_step0_s_20260526_18,4c86723b64594837b5f55ecc90964330,0.065,,,
4345,2026-05-26,SH601899,-0.02022512717590309,EXP_LGBModel_Alpha158_csi300_custom_step0_s_20260526_18,4c86723b64594837b5f55ecc90964330,0.065,,,
4346,2026-05-26,SH601898,0.012228265078917538,EXP_LGBModel_Alpha158_csi300_custom_step0_s_20260526_18,4c86723b64594837b5f55ecc90964330,0.065,,,
4347,2026-05-26,SH601888,0.0313502045381904,EXP_LGBModel_Alpha158_csi300_custom_step0_s_20260526_18,4c86723b64594837b5f55ecc90964330,0.065,,,
4348,2026-05-26,SH601881,-0.005251260093950291,EXP_LGBModel_Alpha158_csi300_custom_step0_s_20260526_18,4c86723b64594837b5f55ecc90964330,0.065,,,
4349,2026-05-26,SH601808,0.0053301615155423076,EXP_LGBModel_Alpha158_csi300_custom_step0_s_20260526_18,4c86723b64594837b5f55ecc90964330,0.065,,,
4350,2026-05-26,SH601878,-0.010486032029879654,EXP_LGBModel_Alpha158_csi300_custom_step0_s_20260526_18,4c86723b64594837b5f55ecc90964330,0.065,,,
4351,2026-05-26,SH601872,0.00692974030494057,EXP_LGBModel_Alpha158_csi300_custom_step0_s_20260526_18,4c86723b64594837b5f55ecc90964330,0.065,,,
4352,2026-05-26,SH601868,0.000516729370852234,EXP_LGBModel_Alpha158_csi300_custom_step0_s_20260526_18,4c86723b64594837b5f55ecc90964330,0.065,,,
4353,2026-05-26,SH601857,-9.46679202823309e-10,EXP_LGBModel_Alpha158_csi300_custom_step0_s_20260526_18,4c86723b64594837b5f55ecc90964330,0.065,,,
4354,2026-05-26,SH601838,0.015392125315197253,EXP_LGBModel_Alpha158_csi300_custom_step0_s_20260526_18,4c86723b64594837b5f55ecc90964330,0.065,,,
4355,2026-05-26,SH601825,-0.04556754627006486,EXP_LGBModel_Alpha158_csi300_custom_step0_s_20260526_18,4c86723b64594837b5f55ecc90964330,0.065,,,
4356,2026-05-26,SH601818,-0.022824102804548458,EXP_LGBModel_Alpha158_csi300_custom_step0_s_20260526_18,4c86723b64594837b5f55ecc90964330,0.065,,,
4357,2026-05-26,SH601877,0.005865604910020066,EXP_LGBModel_Alpha158_csi300_custom_step0_s_20260526_18,4c86723b64594837b5f55ecc90964330,0.065,,,
4358,2026-05-26,SH688396,0.10102591600945363,EXP_LGBModel_Alpha158_csi300_custom_step0_s_20260526_18,4c86723b64594837b5f55ecc90964330,0.065,,,
4359,2026-05-26,SH600438,0.018164306983427147,EXP_LGBModel_Alpha158_csi300_custom_step0_s_20260526_18,4c86723b64594837b5f55ecc90964330,0.065,,,
4360,2026-05-26,SH600426,0.03928747279957397,EXP_LGBModel_Alpha158_csi300_custom_step0_s_20260526_18,4c86723b64594837b5f55ecc90964330,0.065,,,
4361,2026-05-26,SZ002352,-5.337953078876236e-10,EXP_LGBModel_Alpha158_csi300_custom_step0_s_20260526_18,2b93e8145a0545ac8dde521f781444f1,0.025,,,
4362,2026-05-26,SZ002371,-5.337953078876236e-10,EXP_LGBModel_Alpha158_csi300_custom_step0_s_20260526_18,2b93e8145a0545ac8dde521f781444f1,0.025,,,
4363,2026-05-26,SZ002384,0.005361523646403669,EXP_LGBModel_Alpha158_csi300_custom_step0_s_20260526_18,2b93e8145a0545ac8dde521f781444f1,0.025,,,
4364,2026-05-26,SZ002415,-0.0020694279631037365,EXP_LGBModel_Alpha158_csi300_custom_step0_s_20260526_18,2b93e8145a0545ac8dde521f781444f1,0.025,,,
4365,2026-05-26,SZ002422,-0.0010956636599919619,EXP_LGBModel_Alpha158_csi300_custom_step0_s_20260526_18,2b93e8145a0545ac8dde521f781444f1,0.025,,,
4366,2026-05-26,SZ002459,-0.0020694279631037365,EXP_LGBModel_Alpha158_csi300_custom_step0_s_20260526_18,2b93e8145a0545ac8dde521f781444f1,0.025,,,
4367,2026-05-26,SZ002460,-0.0020086289609647355,EXP_LGBModel_Alpha158_csi300_custom_step0_s_20260526_18,2b93e8145a0545ac8dde521f781444f1,0.025,,,
4368,2026-05-26,SZ002463,-0.0041568385886117075,EXP_LGBModel_Alpha158_csi300_custom_step0_s_20260526_18,2b93e8145a0545ac8dde521f781444f1,0.025,,,
4369,2026-05-26,SZ002466,0.005361523646403669,EXP_LGBModel_Alpha158_csi300_custom_step0_s_20260526_18,2b93e8145a0545ac8dde521f781444f1,0.025,,,
4370,2026-05-26,SZ002475,0.0032920962170952407,EXP_LGBModel_Alpha158_csi300_custom_step0_s_20260526_18,2b93e8145a0545ac8dde521f781444f1,0.025,,,
4371,2026-05-26,SZ002493,-0.0040780563902731645,EXP_LGBModel_Alpha158_csi300_custom_step0_s_20260526_18,2b93e8145a0545ac8dde521f781444f1,0.025,,,
4372,2026-05-26,SZ002594,-0.0040780563902731645,EXP_LGBModel_Alpha158_csi300_custom_step0_s_20260526_18,2b93e8145a0545ac8dde521f781444f1,0.025,,,
4373,2026-05-26,SZ002600,-0.0020694279631037365,EXP_LGBModel_Alpha158_csi300_custom_step0_s_20260526_18,2b93e8145a0545ac8dde521f781444f1,0.025,,,
4374,2026-05-26,SZ002601,-0.0020694279631037365,EXP_LGBModel_Alpha158_csi300_custom_step0_s_20260526_18,2b93e8145a0545ac8dde521f781444f1,0.025,,,
4375,2026-05-26,SZ002625,-0.0040780563902731645,EXP_LGBModel_Alpha158_csi300_custom_step0_s_20260526_18,2b93e8145a0545ac8dde521f781444f1,0.025,,,
4376,2026-05-26,SZ002648,-5.337953078876236e-10,EXP_LGBModel_Alpha158_csi300_custom_step0_s_20260526_18,2b93e8145a0545ac8dde521f781444f1,0.025,,,
4377,2026-05-26,SZ002709,0.012518445870805243,EXP_LGBModel_Alpha158_csi300_custom_step0_s_20260526_18,2b93e8145a0545ac8dde521f781444f1,0.025,,,
4378,2026-05-26,SZ300274,-0.0010956636599919619,EXP_LGBModel_Alpha158_csi300_custom_step0_s_20260526_18,2b93e8145a0545ac8dde521f781444f1,0.025,,,
4379,2026-05-26,SZ300251,0.005361523646403669,EXP_LGBModel_Alpha158_csi300_custom_step0_s_20260526_18,2b93e8145a0545ac8dde521f781444f1,0.025,,,
4380,2026-05-26,SZ300124,-0.00214821016144228,EXP_LGBModel_Alpha158_csi300_custom_step0_s_20260526_18,2b93e8145a0545ac8dde521f781444f1,0.025,,,
4381,2026-05-26,SZ300122,-5.337953078876236e-10,EXP_LGBModel_Alpha158_csi300_custom_step0_s_20260526_18,2b93e8145a0545ac8dde521f781444f1,0.025,,,
4382,2026-05-26,SZ300059,-0.0040780563902731645,EXP_LGBModel_Alpha158_csi300_custom_step0_s_20260526_18,2b93e8145a0545ac8dde521f781444f1,0.025,,,
4383,2026-05-26,SZ300033,-0.0040780563902731645,EXP_LGBModel_Alpha158_csi300_custom_step0_s_20260526_18,2b93e8145a0545ac8dde521f781444f1,0.025,,,
4384,2026-05-26,SZ002311,-0.0040780563902731645,EXP_LGBModel_Alpha158_csi300_custom_step0_s_20260526_18,2b93e8145a0545ac8dde521f781444f1,0.025,,,
4385,2026-05-26,SZ300015,-5.337953078876236e-10,EXP_LGBModel_Alpha158_csi300_custom_step0_s_20260526_18,2b93e8145a0545ac8dde521f781444f1,0.025,,,
4386,2026-05-26,SZ003816,-0.0040780563902731645,EXP_LGBModel_Alpha158_csi300_custom_step0_s_20260526_18,2b93e8145a0545ac8dde521f781444f1,0.025,,,
4387,2026-05-26,SZ002938,-5.337953078876236e-10,EXP_LGBModel_Alpha158_csi300_custom_step0_s_20260526_18,2b93e8145a0545ac8dde521f781444f1,0.025,,,
4388,2026-05-26,SZ002920,-0.00214821016144228,EXP_LGBModel_Alpha158_csi300_custom_step0_s_20260526_18,2b93e8145a0545ac8dde521f781444f1,0.025,,,
4389,2026-05-26,SZ002916,-5.337953078876236e-10,EXP_LGBModel_Alpha158_csi300_custom_step0_s_20260526_18,2b93e8145a0545ac8dde521f781444f1,0.025,,,
4390,2026-05-26,SZ002736,-5.337953078876236e-10,EXP_LGBModel_Alpha158_csi300_custom_step0_s_20260526_18,2b93e8145a0545ac8dde521f781444f1,0.025,,,
4391,2026-05-26,SZ002714,-0.0020086289609647355,EXP_LGBModel_Alpha158_csi300_custom_step0_s_20260526_18,2b93e8145a0545ac8dde521f781444f1,0.025,,,
4392,2026-05-26,SZ300014,-0.0040780563902731645,EXP_LGBModel_Alpha158_csi300_custom_step0_s_20260526_18,2b93e8145a0545ac8dde521f781444f1,0.025,,,
4393,2026-05-26,SZ300308,-0.00028924835355646067,EXP_LGBModel_Alpha158_csi300_custom_step0_s_20260526_18,2b93e8145a0545ac8dde521f781444f1,0.025,,,
4394,2026-05-26,SZ002304,-0.0040780563902731645,EXP_LGBModel_Alpha158_csi300_custom_step0_s_20260526_18,2b93e8145a0545ac8dde521f781444f1,0.025,,,
4395,2026-05-26,SZ002241,0.0009129647671774657,EXP_LGBModel_Alpha158_csi300_custom_step0_s_20260526_18,2b93e8145a0545ac8dde521f781444f1,0.025,,,
4396,2026-05-26,SZ000651,-0.0020086289609647355,EXP_LGBModel_Alpha158_csi300_custom_step0_s_20260526_18,2b93e8145a0545ac8dde521f781444f1,0.025,,,
4397,2026-05-26,SZ000661,-0.0020086289609647355,EXP_LGBModel_Alpha158_csi300_custom_step0_s_20260526_18,2b93e8145a0545ac8dde521f781444f1,0.025,,,
4398,2026-05-26,SZ000708,-0.0040780563902731645,EXP_LGBModel_Alpha158_csi300_custom_step0_s_20260526_18,2b93e8145a0545ac8dde521f781444f1,0.025,,,
4399,2026-05-26,SZ000725,-5.337953078876236e-10,EXP_LGBModel_Alpha158_csi300_custom_step0_s_20260526_18,2b93e8145a0545ac8dde521f781444f1,0.025,,,
4400,2026-05-26,SZ000768,-0.0040780563902731645,EXP_LGBModel_Alpha158_csi300_custom_step0_s_20260526_18,2b93e8145a0545ac8dde521f781444f1,0.025,,,
4401,2026-05-26,SZ000776,-0.0040780563902731645,EXP_LGBModel_Alpha158_csi300_custom_step0_s_20260526_18,2b93e8145a0545ac8dde521f781444f1,0.025,,,
4402,2026-05-26,SZ000786,-0.0040780563902731645,EXP_LGBModel_Alpha158_csi300_custom_step0_s_20260526_18,2b93e8145a0545ac8dde521f781444f1,0.025,,,
4403,2026-05-26,SZ000792,-5.337953078876236e-10,EXP_LGBModel_Alpha158_csi300_custom_step0_s_20260526_18,2b93e8145a0545ac8dde521f781444f1,0.025,,,
4404,2026-05-26,SZ000807,-5.337953078876236e-10,EXP_LGBModel_Alpha158_csi300_custom_step0_s_20260526_18,2b93e8145a0545ac8dde521f781444f1,0.025,,,
4405,2026-05-26,SZ000858,-5.337953078876236e-10,EXP_LGBModel_Alpha158_csi300_custom_step0_s_20260526_18,2b93e8145a0545ac8dde521f781444f1,0.025,,,
4406,2026-05-26,SZ000876,-5.337953078876236e-10,EXP_LGBModel_Alpha158_csi300_custom_step0_s_20260526_18,2b93e8145a0545ac8dde521f781444f1,0.025,,,
4407,2026-05-26,SZ000895,-5.337953078876236e-10,EXP_LGBModel_Alpha158_csi300_custom_step0_s_20260526_18,2b93e8145a0545ac8dde521f781444f1,0.025,,,
4408,2026-05-26,SZ000938,-0.0040780563902731645,EXP_LGBModel_Alpha158_csi300_custom_step0_s_20260526_18,2b93e8145a0545ac8dde521f781444f1,0.025,,,
4409,2026-05-26,SZ000963,-5.337953078876236e-10,EXP_LGBModel_Alpha158_csi300_custom_step0_s_20260526_18,2b93e8145a0545ac8dde521f781444f1,0.025,,,
4410,2026-05-26,SZ000975,-5.337953078876236e-10,EXP_LGBModel_Alpha158_csi300_custom_step0_s_20260526_18,2b93e8145a0545ac8dde521f781444f1,0.025,,,
4411,2026-05-26,SZ000977,-0.0040780563902731645,EXP_LGBModel_Alpha158_csi300_custom_step0_s_20260526_18,2b93e8145a0545ac8dde521f781444f1,0.025,,,
4412,2026-05-26,SZ000983,-0.0020694279631037365,EXP_LGBModel_Alpha158_csi300_custom_step0_s_20260526_18,2b93e8145a0545ac8dde521f781444f1,0.025,,,
4413,2026-05-26,SZ002236,0.000609490189832878,EXP_LGBModel_Alpha158_csi300_custom_step0_s_20260526_18,2b93e8145a0545ac8dde521f781444f1,0.025,,,
4414,2026-05-26,SZ002230,-0.00214821016144228,EXP_LGBModel_Alpha158_csi300_custom_step0_s_20260526_18,2b93e8145a0545ac8dde521f781444f1,0.025,,,
4415,2026-05-26,SZ002179,-0.0040780563902731645,EXP_LGBModel_Alpha158_csi300_custom_step0_s_20260526_18,2b93e8145a0545ac8dde521f781444f1,0.025,,,
4416,2026-05-26,SZ002142,0.0015040687588276007,EXP_LGBModel_Alpha158_csi300_custom_step0_s_20260526_18,2b93e8145a0545ac8dde521f781444f1,0.025,,,
4417,2026-05-26,SZ002074,-0.0020086289609647355,EXP_LGBModel_Alpha158_csi300_custom_step0_s_20260526_18,2b93e8145a0545ac8dde521f781444f1,0.025,,,
4418,2026-05-26,SZ002050,-5.337953078876236e-10,EXP_LGBModel_Alpha158_csi300_custom_step0_s_20260526_18,2b93e8145a0545ac8dde521f781444f1,0.025,,,
4419,2026-05-26,SZ002252,-0.0040780563902731645,EXP_LGBModel_Alpha158_csi300_custom_step0_s_20260526_18,2b93e8145a0545ac8dde521f781444f1,0.025,,,
4420,2026-05-26,SZ002049,-5.337953078876236e-10,EXP_LGBModel_Alpha158_csi300_custom_step0_s_20260526_18,2b93e8145a0545ac8dde521f781444f1,0.025,,,
4421,2026-05-26,SZ002027,-0.0020086289609647355,EXP_LGBModel_Alpha158_csi300_custom_step0_s_20260526_18,2b93e8145a0545ac8dde521f781444f1,0.025,,,
4422,2026-05-26,SZ002001,-0.0020086289609647355,EXP_LGBModel_Alpha158_csi300_custom_step0_s_20260526_18,2b93e8145a0545ac8dde521f781444f1,0.025,,,
4423,2026-05-26,SZ001979,-0.0020694279631037365,EXP_LGBModel_Alpha158_csi300_custom_step0_s_20260526_18,2b93e8145a0545ac8dde521f781444f1,0.025,,,
4424,2026-05-26,SZ001965,0.0010263867087344986,EXP_LGBModel_Alpha158_csi300_custom_step0_s_20260526_18,2b93e8145a0545ac8dde521f781444f1,0.025,,,
4425,2026-05-26,SZ001391,-5.337953078876236e-10,EXP_LGBModel_Alpha158_csi300_custom_step0_s_20260526_18,2b93e8145a0545ac8dde521f781444f1,0.025,,,
4426,2026-05-26,SZ000999,-5.337953078876236e-10,EXP_LGBModel_Alpha158_csi300_custom_step0_s_20260526_18,2b93e8145a0545ac8dde521f781444f1,0.025,,,
4427,2026-05-26,SZ002028,-0.0040780563902731645,EXP_LGBModel_Alpha158_csi300_custom_step0_s_20260526_18,2b93e8145a0545ac8dde521f781444f1,0.025,,,
4428,2026-05-26,SZ300316,0.012518445870805243,EXP_LGBModel_Alpha158_csi300_custom_step0_s_20260526_18,2b93e8145a0545ac8dde521f781444f1,0.025,,,
4429,2026-05-26,SZ300347,0.012518445870805243,EXP_LGBModel_Alpha158_csi300_custom_step0_s_20260526_18,2b93e8145a0545ac8dde521f781444f1,0.025,,,
4430,2026-05-26,SZ300394,-0.0020086289609647355,EXP_LGBModel_Alpha158_csi300_custom_step0_s_20260526_18,2b93e8145a0545ac8dde521f781444f1,0.025,,,
4431,2026-05-26,SH600029,-0.014115201231740026,EXP_LGBModel_Alpha158_csi300_custom_step0_s_20260526_18,4c86723b64594837b5f55ecc90964330,0.065,,,
4432,2026-05-26,SH600030,0.0033889154273284545,EXP_LGBModel_Alpha158_csi300_custom_step0_s_20260526_18,4c86723b64594837b5f55ecc90964330,0.065,,,
4433,2026-05-26,SH600031,0.004326883196646918,EXP_LGBModel_Alpha158_csi300_custom_step0_s_20260526_18,4c86723b64594837b5f55ecc90964330,0.065,,,
4434,2026-05-26,SH600036,-0.022202814225533555,EXP_LGBModel_Alpha158_csi300_custom_step0_s_20260526_18,4c86723b64594837b5f55ecc90964330,0.065,,,
4435,2026-05-26,SH600039,-9.46679202823309e-10,EXP_LGBModel_Alpha158_csi300_custom_step0_s_20260526_18,4c86723b64594837b5f55ecc90964330,0.065,,,
4436,2026-05-26,SH600048,-0.0076304957451429735,EXP_LGBModel_Alpha158_csi300_custom_step0_s_20260526_18,4c86723b64594837b5f55ecc90964330,0.065,,,
4437,2026-05-26,SH600050,-0.00045244875339095145,EXP_LGBModel_Alpha158_csi300_custom_step0_s_20260526_18,4c86723b64594837b5f55ecc90964330,0.065,,,
4438,2026-05-26,SH600061,-0.020540344379981205,EXP_LGBModel_Alpha158_csi300_custom_step0_s_20260526_18,4c86723b64594837b5f55ecc90964330,0.065,,,
4439,2026-05-26,SH600066,-0.00031921861770126646,EXP_LGBModel_Alpha158_csi300_custom_step0_s_20260526_18,4c86723b64594837b5f55ecc90964330,0.065,,,
4440,2026-05-26,SH600085,-0.019924238082447778,EXP_LGBModel_Alpha158_csi300_custom_step0_s_20260526_18,4c86723b64594837b5f55ecc90964330,0.065,,,
4441,2026-05-26,SH600089,-0.03738783149013255,EXP_LGBModel_Alpha158_csi300_custom_step0_s_20260526_18,4c86723b64594837b5f55ecc90964330,0.065,,,
4442,2026-05-26,SH600104,-0.020218602326917808,EXP_LGBModel_Alpha158_csi300_custom_step0_s_20260526_18,4c86723b64594837b5f55ecc90964330,0.065,,,
4443,2026-05-26,SH600111,0.005014920756287635,EXP_LGBModel_Alpha158_csi300_custom_step0_s_20260526_18,4c86723b64594837b5f55ecc90964330,0.065,,,
4444,2026-05-26,SH600115,-0.011501393543440715,EXP_LGBModel_Alpha158_csi300_custom_step0_s_20260526_18,4c86723b64594837b5f55ecc90964330,0.065,,,
4445,2026-05-26,SH600150,0.017214099802065237,EXP_LGBModel_Alpha158_csi300_custom_step0_s_20260526_18,4c86723b64594837b5f55ecc90964330,0.065,,,
4446,2026-05-26,SH600160,0.013431715793218743,EXP_LGBModel_Alpha158_csi300_custom_step0_s_20260526_18,4c86723b64594837b5f55ecc90964330,0.065,,,
4447,2026-05-26,SH600161,-0.020129107989231888,EXP_LGBModel_Alpha158_csi300_custom_step0_s_20260526_18,4c86723b64594837b5f55ecc90964330,0.065,,,
4448,2026-05-26,SH600415,-0.010839727819732565,EXP_LGBModel_Alpha158_csi300_custom_step0_s_20260526_18,4c86723b64594837b5f55ecc90964330,0.065,,,
4449,2026-05-26,SH600406,-0.037069113898532936,EXP_LGBModel_Alpha158_csi300_custom_step0_s_20260526_18,4c86723b64594837b5f55ecc90964330,0.065,,,
4450,2026-05-26,SH600377,0.01879044196695293,EXP_LGBModel_Alpha158_csi300_custom_step0_s_20260526_18,4c86723b64594837b5f55ecc90964330,0.065,,,
4451,2026-05-26,SH600372,0.0028107510989803224,EXP_LGBModel_Alpha158_csi300_custom_step0_s_20260526_18,4c86723b64594837b5f55ecc90964330,0.065,,,
4452,2026-05-26,SH600362,-0.010335452818943505,EXP_LGBModel_Alpha158_csi300_custom_step0_s_20260526_18,4c86723b64594837b5f55ecc90964330,0.065,,,
4453,2026-05-26,SH600346,0.025319661082506745,EXP_LGBModel_Alpha158_csi300_custom_step0_s_20260526_18,4c86723b64594837b5f55ecc90964330,0.065,,,
4454,2026-05-26,SH600028,0.001095548009305215,EXP_LGBModel_Alpha158_csi300_custom_step0_s_20260526_18,4c86723b64594837b5f55ecc90964330,0.065,,,
4455,2026-05-26,SH600309,-0.01600362887294434,EXP_LGBModel_Alpha158_csi300_custom_step0_s_20260526_18,4c86723b64594837b5f55ecc90964330,0.065,,,
4456,2026-05-26,SH600233,-0.0028672337192846556,EXP_LGBModel_Alpha158_csi300_custom_step0_s_20260526_18,4c86723b64594837b5f55ecc90964330,0.065,,,
4457,2026-05-26,SH600219,0.0002989795062641198,EXP_LGBModel_Alpha158_csi300_custom_step0_s_20260526_18,4c86723b64594837b5f55ecc90964330,0.065,,,
4458,2026-05-26,SH600196,-0.017980727298101185,EXP_LGBModel_Alpha158_csi300_custom_step0_s_20260526_18,4c86723b64594837b5f55ecc90964330,0.065,,,
4459,2026-05-26,SH600188,0.045765922164161296,EXP_LGBModel_Alpha158_csi300_custom_step0_s_20260526_18,4c86723b64594837b5f55ecc90964330,0.065,,,
4460,2026-05-26,SH600183,0.005462585280268783,EXP_LGBModel_Alpha158_csi300_custom_step0_s_20260526_18,4c86723b64594837b5f55ecc90964330,0.065,,,
4461,2026-05-26,SH600176,0.06786878694806475,EXP_LGBModel_Alpha158_csi300_custom_step0_s_20260526_18,4c86723b64594837b5f55ecc90964330,0.065,,,
4462,2026-05-26,SH600276,0.0025880968962332805,EXP_LGBModel_Alpha158_csi300_custom_step0_s_20260526_18,4c86723b64594837b5f55ecc90964330,0.065,,,
4463,2026-05-26,SH600027,0.043480351760861194,EXP_LGBModel_Alpha158_csi300_custom_step0_s_20260526_18,4c86723b64594837b5f55ecc90964330,0.065,,,
4464,2026-05-26,SH600026,0.008298456985303742,EXP_LGBModel_Alpha158_csi300_custom_step0_s_20260526_18,4c86723b64594837b5f55ecc90964330,0.065,,,
4465,2026-05-26,SH600025,-0.02437411328182646,EXP_LGBModel_Alpha158_csi300_custom_step0_s_20260526_18,4c86723b64594837b5f55ecc90964330,0.065,,,
4466,2026-05-26,SZ300782,0.012518445870805243,EXP_LGBModel_Alpha158_csi300_custom_step0_s_20260526_18,2b93e8145a0545ac8dde521f781444f1,0.025,,,
4467,2026-05-26,SZ300760,-0.003676457043257307,EXP_LGBModel_Alpha158_csi300_custom_step0_s_20260526_18,2b93e8145a0545ac8dde521f781444f1,0.025,,,
4468,2026-05-26,SZ300759,-0.0020086289609647355,EXP_LGBModel_Alpha158_csi300_custom_step0_s_20260526_18,2b93e8145a0545ac8dde521f781444f1,0.025,,,
4469,2026-05-26,SZ300750,-0.003676457043257307,EXP_LGBModel_Alpha158_csi300_custom_step0_s_20260526_18,2b93e8145a0545ac8dde521f781444f1,0.025,,,
4470,2026-05-26,SZ300661,0.005361523646403669,EXP_LGBModel_Alpha158_csi300_custom_step0_s_20260526_18,2b93e8145a0545ac8dde521f781444f1,0.025,,,
4471,2026-05-26,SZ300628,-0.0040780563902731645,EXP_LGBModel_Alpha158_csi300_custom_step0_s_20260526_18,2b93e8145a0545ac8dde521f781444f1,0.025,,,
4472,2026-05-26,SZ300803,-0.0020694279631037365,EXP_LGBModel_Alpha158_csi300_custom_step0_s_20260526_18,2b93e8145a0545ac8dde521f781444f1,0.025,,,
4473,2026-05-26,SZ300502,-0.0041568385886117075,EXP_LGBModel_Alpha158_csi300_custom_step0_s_20260526_18,2b93e8145a0545ac8dde521f781444f1,0.025,,,
4474,2026-05-26,SZ300476,-0.0041568385886117075,EXP_LGBModel_Alpha158_csi300_custom_step0_s_20260526_18,2b93e8145a0545ac8dde521f781444f1,0.025,,,
4475,2026-05-26,SZ300442,-0.0020086289609647355,EXP_LGBModel_Alpha158_csi300_custom_step0_s_20260526_18,2b93e8145a0545ac8dde521f781444f1,0.025,,,
4476,2026-05-26,SZ300433,-0.0035377772498447315,EXP_LGBModel_Alpha158_csi300_custom_step0_s_20260526_18,2b93e8145a0545ac8dde521f781444f1,0.025,,,
4477,2026-05-26,SZ300418,-5.337953078876236e-10,EXP_LGBModel_Alpha158_csi300_custom_step0_s_20260526_18,2b93e8145a0545ac8dde521f781444f1,0.025,,,
4478,2026-05-26,SZ300413,-5.337953078876236e-10,EXP_LGBModel_Alpha158_csi300_custom_step0_s_20260526_18,2b93e8145a0545ac8dde521f781444f1,0.025,,,
4479,2026-05-26,SZ300408,-0.0035377772498447315,EXP_LGBModel_Alpha158_csi300_custom_step0_s_20260526_18,2b93e8145a0545ac8dde521f781444f1,0.025,,,
4480,2026-05-26,SZ300498,-5.337953078876236e-10,EXP_LGBModel_Alpha158_csi300_custom_step0_s_20260526_18,2b93e8145a0545ac8dde521f781444f1,0.025,,,
4481,2026-05-26,SH600436,0.008930839889961555,EXP_LGBModel_Alpha158_csi300_custom_step0_s_20260526_18,4c86723b64594837b5f55ecc90964330,0.065,,,
4482,2026-05-26,SZ300832,-0.0040780563902731645,EXP_LGBModel_Alpha158_csi300_custom_step0_s_20260526_18,2b93e8145a0545ac8dde521f781444f1,0.025,,,
4483,2026-05-26,SZ300896,-0.0020694279631037365,EXP_LGBModel_Alpha158_csi300_custom_step0_s_20260526_18,2b93e8145a0545ac8dde521f781444f1,0.025,,,
4484,2026-05-26,SH600023,0.010286822948871743,EXP_LGBModel_Alpha158_csi300_custom_step0_s_20260526_18,4c86723b64594837b5f55ecc90964330,0.065,,,
4485,2026-05-26,SH600019,-0.02449900928134935,EXP_LGBModel_Alpha158_csi300_custom_step0_s_20260526_18,4c86723b64594837b5f55ecc90964330,0.065,,,
4486,2026-05-26,SH600018,-0.013686638889677614,EXP_LGBModel_Alpha158_csi300_custom_step0_s_20260526_18,4c86723b64594837b5f55ecc90964330,0.065,,,
4487,2026-05-26,SH600016,-0.02573164789117034,EXP_LGBModel_Alpha158_csi300_custom_step0_s_20260526_18,4c86723b64594837b5f55ecc90964330,0.065,,,
4488,2026-05-26,SH600015,-0.05054564599456296,EXP_LGBModel_Alpha158_csi300_custom_step0_s_20260526_18,4c86723b64594837b5f55ecc90964330,0.065,,,
4489,2026-05-26,SH600011,0.036970598362730686,EXP_LGBModel_Alpha158_csi300_custom_step0_s_20260526_18,4c86723b64594837b5f55ecc90964330,0.065,,,
4490,2026-05-26,SZ300866,-0.0020086289609647355,EXP_LGBModel_Alpha158_csi300_custom_step0_s_20260526_18,2b93e8145a0545ac8dde521f781444f1,0.025,,,
4491,2026-05-26,SH600010,0.015689667925571502,EXP_LGBModel_Alpha158_csi300_custom_step0_s_20260526_18,4c86723b64594837b5f55ecc90964330,0.065,,,
4492,2026-05-26,SH600000,-0.016893333142456553,EXP_LGBModel_Alpha158_csi300_custom_step0_s_20260526_18,4c86723b64594837b5f55ecc90964330,0.065,,,
4493,2026-05-26,SZ302132,-0.0040780563902731645,EXP_LGBModel_Alpha158_csi300_custom_step0_s_20260526_18,2b93e8145a0545ac8dde521f781444f1,0.025,,,
4494,2026-05-26,SZ301269,-0.0035377772498447315,EXP_LGBModel_Alpha158_csi300_custom_step0_s_20260526_18,2b93e8145a0545ac8dde521f781444f1,0.025,,,
4495,2026-05-26,SZ301236,-0.0040780563902731645,EXP_LGBModel_Alpha158_csi300_custom_step0_s_20260526_18,2b93e8145a0545ac8dde521f781444f1,0.025,,,
4496,2026-05-26,SZ300999,-0.0040780563902731645,EXP_LGBModel_Alpha158_csi300_custom_step0_s_20260526_18,2b93e8145a0545ac8dde521f781444f1,0.025,,,
4497,2026-05-26,SZ300979,-0.003676457043257307,EXP_LGBModel_Alpha158_csi300_custom_step0_s_20260526_18,2b93e8145a0545ac8dde521f781444f1,0.025,,,
4498,2026-05-26,SH600009,-0.026262080473558526,EXP_LGBModel_Alpha158_csi300_custom_step0_s_20260526_18,4c86723b64594837b5f55ecc90964330,0.065,,,
4499,2026-05-26,SZ302132,-0.031070256605744362,EXP_XGBModel_Alpha158_csi300_custom_step0_s_20260526_16,3949b644f365432e8a00a748c14f7d9b,0.076,,,
